,Nation,Eng_Nation,Name,Club,Position,Age,FS_0,FS_1,FS_2,FS_3,FS_4,FS_5,FS_6,FS_7,FS_8,FS_9,FS_10,FS_11,FS_12,FS_13,FS_14,Position_Class
0,가나,Ghana,Lawrence Ati Zigi,FC St.Gallen 1879,GK,28,73,24,11,26,71,14,45,32,75,50,33,73.0,23.5,16.33,18,GK
1,가나,Ghana,Richard Ofori Antwi,,GK,31,71,38,28,56,65,20,39,30,72,58,47,70.0,42.0,22.33,18,GK
2,가나,Ghana,Joseph Tetteh Anang,St Patrick's Athletic FC,GK,25,67,10,13,57,57,13,34,39,55,50,32,67.0,53.5,11.33,6,GK
3,가나,Ghana,Khalid Abdul Mumin Suleman,Rayo Vallecano,CB,27,77,72,68,65,76,47,75,71,76,66,77,11.0,71.0,78.0,44,DF
4,가나,Ghana,Alexander Kwabena Baidoo Djiku,,CB,30,77,72,65,77,73,63,73,76,80,64,73,10.67,73.0,76.67,34,DF
5,가나,Ghana,Mohamed Salisu Abdul Karim,AS Monaco,CB,26,76,62,47,68,74,40,55,67,87,60,62,7.67,64.5,76.0,30,DF
6,가나,Ghana,Abdul Rahman Baba,PAOK,LB,30,76,76,74,71,74,71,74,81,77,70,80,11.0,69.5,71.67,69,DF
7,가나,Ghana,Joseph Aidoo,RC Celta,CB,29,75,58,35,63,73,34,66,65,86,50,72,10.0,59.5,73.33,18,DF
8,가나,Ghana,Alidu Seidu,Stade Rennais FC,CB,25,74,72,69,73,75,66,64,51,70,62,58,10.67,64.5,75.33,35,DF
9,가나,Ghana,Gideon Mensah,AJ Auxerre,LB,26,74,71,72,63,70,71,77,79,57,67,76,8.67,67.0,70.0,54,DF
10,가나,Ghana,Jeffrey Schlupp,Norwich City,LB,32,73,73,73,65,74,66,74,73,74,79,77,9.33,70.5,70.33,70,DF
11,가나,Ghana,Tariq Kwame Nii-Lante Lamptey,Fiorentina,RB,24,73,71,76,69,71,73,89,61,34,48,80,11.0,67.0,70.67,47,DF
12,가나,Ghana,Thomas Teye Partey,Villarreal CF,CDM,32,83,81,80,85,80,74,53,76,84,85,63,9.0,84.5,80.67,66,MF
13,가나,Ghana,Iñaki Williams Arthuer,Athletic Club,RM,31,83,80,83,78,83,78,93,88,84,86,94,12.33,70.5,42.67,82,MF
14,가나,Ghana,Antoine Serlom Semenyo,AFC Bournemouth,RM,25,80,81,82,79,79,74,78,84,79,81,82,10.67,71.5,36.33,83,MF
15,가나,Ghana,Joseph Martin Paintsil,LA Galaxy,LM,27,76,74,82,71,74,71,92,77,70,69,89,11.67,62.5,33.33,73,MF
16,가나,Ghana,Issahaku Abdul Fatawu,Leicester City,RM,21,76,77,78,71,73,77,87,69,59,84,80,8.33,73.5,45.33,69,MF
17,가나,Ghana,Ernest Nuamah Appiah,Olympique Lyonnais,RM,21,75,78,80,72,72,71,85,62,62,77,79,11.0,66.5,24.33,71,MF
18,가나,Ghana,Emanuel Quartsin Gyasi,Palermo FC,RM,31,74,72,75,67,76,70,81,84,65,66,78,8.67,65.0,49.33,65,MF
19,가나,Ghana,Elisha Owusu,AJ Auxerre,CDM,27,73,72,70,68,71,60,62,76,68,68,50,11.0,73.5,72.0,47,MF
20,가나,Ghana,Mohammed Kudus,Tottenham Hotspur,RW,24,80,83,88,80,77,70,91,73,76,81,88,7.67,72.0,57.33,76,FW
21,가나,Ghana,Osman Bukari,Austin FC,RW,26,72,72,77,69,66,60,87,73,63,67,83,9.0,58.0,38.33,67,FW
22,가나,Ghana,André Morgan Rami Ayew,,ST,35,72,74,72,74,73,72,52,44,67,75,52,10.67,71.0,54.0,72,FW
23,가나,Ghana,Emmanuel Okyere Boateng,Gaziantep FK,ST,29,72,67,70,67,70,63,91,78,70,77,91,13.67,56.0,34.67,71,FW
24,가나,Ghana,Caleb Ansah Ekuban,Genoa,ST,31,71,69,69,66,67,64,79,66,78,70,82,8.33,62.5,21.0,71,FW
25,가나,Ghana,Abdul-Aziz Yakubu,Qingdao West Coast FC,ST,26,71,68,67,68,71,43,83,76,81,74,83,12.0,53.0,14.67,71,FW
26,그리스,Greece,Konstantinos TzolakisΚωνσταντίνος Τζολάκης,Olympiacos FC,GK,22,79,41,26,61,73,12,53,43,68,56,56,79.67,51.5,12.0,10,GK
27,그리스,Greece,Vasilis Cornelius BarkasΒασίλειος Μπάρκας,FC Utrecht,GK,31,74,24,15,60,73,14,44,39,70,55,40,74.0,34.0,14.0,10,GK
28,그리스,Greece,Christos MandasΧρήστος Μανδάς,Lazio,GK,23,74,18,12,31,71,11,22,23,45,54,25,74.67,25.0,10.33,8,GK
29,그리스,Greece,Konstantinos KoulierakisΚωνσταντίνος Κουλιεράκης,VfL Wolfsburg,CB,21,77,70,62,66,73,42,71,76,78,75,68,9.67,70.0,77.0,24,DF
30,그리스,Greece,Panagiotis RetsosΠαναγιώτης Ρέτσος,Olympiacos FC,CB,26,77,77,54,73,79,57,67,68,80,66,71,9.0,73.5,75.33,28,DF
31,그리스,Greece,Konstantinos TsimikasΚωνσταντίνος Τσιμίκας,Roma,LB,29,77,75,75,71,74,81,79,69,69,72,78,10.33,73.5,75.0,48,DF
32,그리스,Greece,Konstantinos MavropanosΚωνσταντίνος Μαυροπάνος,West Ham United,CB,27,76,60,60,63,75,45,64,65,88,77,76,9.67,68.0,76.67,50,DF
33,그리스,Greece,Dimitris GiannoulisΔημήτριος Γιαννούλης,FC Augsburg,LB,29,76,72,74,65,73,72,79,90,56,68,86,11.67,69.0,70.67,48,DF
34,그리스,Greece,Georgios VagiannidisΓεώργιος Βαγιαννίδης,Sporting CP,RB,23,75,76,75,66,72,73,83,81,63,63,80,10.67,70.0,70.33,52,DF
35,그리스,Greece,Lazaros RotaΛάζαρος Ρότα,AEK Athens,RB,27,75,71,69,67,71,76,80,84,69,65,81,7.33,70.0,72.0,38,DF
36,그리스,Greece,Giorgos KyriakopoulosΓεώργιος Κυριακόπουλος,Panathinaikos FC,LB,29,74,73,71,69,70,77,65,80,68,81,64,12.0,68.0,73.0,54,DF
37,그리스,Greece,Pantelis ChatzidiakosΠαντελής Χατζηδιάκος,FC København,CB,28,73,68,62,69,72,64,69,72,77,68,67,9.67,71.0,72.67,46,DF
38,그리스,Greece,Konstantinos FortounisΚωνσταντίνος Φορτούνης,Al Khaleej,CAM,32,80,82,80,81,78,77,71,67,66,76,74,13.33,82.5,41.0,79,MF
39,그리스,Greece,Christos TzolisΧρήστος Τζόλης,Club Brugge KV,LM,23,80,81,84,78,77,72,85,85,63,78,72,10.33,76.0,36.67,78,MF
40,그리스,Greece,Giannis KonstanteliasΓιάννης Κωνσταντέλιας,PAOK,CAM,22,77,80,83,73,72,71,80,74,54,68,77,8.67,75.0,37.33,73,MF
41,그리스,Greece,Anastasios BakasetasΑναστάσιος Μπακασέτας,Panathinaikos FC,CAM,32,76,79,73,77,76,76,67,74,78,86,68,11.33,75.5,55.0,77,MF
42,그리스,Greece,Petros MantalosΠέτρος Μάνταλος,AEK Athens,CAM,33,75,77,75,79,72,75,72,67,63,67,71,10.0,79.0,52.0,66,MF
43,그리스,Greece,Christos ZafeirisΧρήστος Ζαφείρης,SK Slavia Praha,CM,22,75,78,78,76,76,69,82,82,74,74,74,11.67,74.0,66.67,67,MF
44,그리스,Greece,"Emmanouil ""Manolis"" SiopisΜανώλης Σιώπης",Panathinaikos FC,CDM,31,74,68,67,75,77,58,78,89,67,64,69,7.0,68.5,75.0,40,MF
45,그리스,Greece,Dimitrios PelkasΔημήτριος Πέλκας,PAOK,CAM,31,72,73,74,69,65,69,75,69,57,69,73,12.33,70.5,43.67,68,MF
46,그리스,Greece,Vangelis PavlidisΒαγγέλης Παυλίδης,SL Benfica,ST,26,82,82,81,77,83,62,81,87,82,83,77,13.33,73.5,42.33,84,FW
47,그리스,Greece,Fotis IoannidisΦώτης Ιωαννίδης,Sporting CP,ST,25,77,79,78,78,73,50,76,75,79,75,78,5.33,64.5,30.0,79,FW
48,그리스,Greece,Georgios GiakoumakisΓεώργιος Γιακουμάκης,PAOK,ST,30,75,73,62,70,76,36,68,69,85,78,75,9.67,58.0,23.67,77,FW
49,그리스,Greece,Anastasios DouvikasΑναστάσιος Δουβίκας,Como,ST,25,73,74,73,71,70,60,82,76,70,74,77,10.0,66.0,27.67,75,FW
50,그리스,Greece,Georgios MasourasΓεώργιος Μασούρας,Al Khaleej,ST,31,73,76,75,74,73,75,74,73,69,76,71,12.0,72.0,45.67,73,FW
51,그리스,Greece,Stefanos TzimasΣτέφανος Τζίμας,Brighton & Hove Albion,ST,19,72,71,69,68,67,34,79,69,76,72,74,10.67,58.0,26.0,72,FW
52,나이지리아,Nigeria,Maduka Emilio Okoye,Udinese,GK,25,74,18,14,37,70,15,23,34,75,51,26,75.0,42.0,16.0,6,GK
53,나이지리아,Nigeria,Joshua Oluwayemi,Wellington Phoenix,GK,24,60,28,18,34,60,14,36,21,52,43,35,60.0,33.0,9.0,5,GK
54,나이지리아,Nigeria,Hassan Sani,Al Ain,GK,18,52,18,9,25,42,13,22,15,56,39,20,50.33,26.0,12.33,7,GK
55,나이지리아,Nigeria,Temitayo Olufisayo Olaoluwa Aina,Nottingham Forest,RB,28,80,74,76,74,78,77,89,77,75,77,87,8.67,70.5,79.0,54,DF
56,나이지리아,Nigeria,Calvin Bassey Ughelumba,Fulham FC,CB,25,78,66,69,70,77,68,75,86,88,65,86,8.0,65.5,77.67,36,DF
57,나이지리아,Nigeria,Bright Osayi-Samuel,Birmingham City,RB,27,76,77,81,63,73,65,92,81,82,65,93,14.0,63.0,71.67,58,DF
58,나이지리아,Nigeria,Jordan Torunarigha,Hamburger SV,CB,27,75,66,60,71,66,56,79,72,89,42,84,7.0,72.5,73.0,42,DF
59,나이지리아,Nigeria,Igoh Ogbu,SK Slavia Praha,CB,25,75,63,54,61,71,42,72,71,88,45,79,9.33,65.5,72.33,40,DF
60,나이지리아,Nigeria,Felix Agu,SV Werder Bremen,LB,25,75,75,74,66,74,64,88,78,54,49,93,11.0,65.0,72.0,58,DF
61,나이지리아,Nigeria,Kevin John Ufuoma Akpoguma,TSG 1899 Hoffenheim,CB,30,74,73,73,60,76,65,76,65,80,70,76,11.0,65.0,74.0,45,DF
62,나이지리아,Nigeria,Gabriel Jeremiah Adedayo Osho,Cardiff City,CB,26,73,68,65,62,70,56,65,70,78,44,69,10.0,63.0,73.33,24,DF
63,나이지리아,Nigeria,Kingsley Osezele Ehizibue,Udinese,RB,30,73,70,70,66,68,70,87,77,72,70,89,11.67,67.0,66.33,54,DF
64,나이지리아,Nigeria,Alexander Chuka Iwobi,Fulham FC,LM,29,80,81,84,81,79,78,77,88,72,75,75,13.0,76.5,55.33,74,MF
65,나이지리아,Nigeria,Samuel Chimerenka Chukwueze,Fulham FC,RM,26,80,82,86,72,77,76,91,62,58,78,86,8.67,71.5,35.0,75,MF
66,나이지리아,Nigeria,Chidera Ejuke,Sevilla FC,LM,27,78,80,82,70,74,72,91,74,61,77,89,10.67,70.0,38.0,67,MF
67,나이지리아,Nigeria,Nathan Adewale Temitayo Tella,Bayer 04 Leverkusen,RM,25,78,79,82,73,66,74,85,78,52,80,81,9.0,69.5,42.0,77,MF
68,나이지리아,Nigeria,Raphael Onyedika Nwadike,Club Brugge KV,CDM,24,77,75,70,74,72,51,74,88,80,80,73,11.0,74.5,74.33,59,MF
69,나이지리아,Nigeria,Moses Daddy-Ajala Simon,Paris FC,LM,29,77,78,83,73,70,78,90,73,66,75,89,9.67,66.5,35.0,68,MF
70,나이지리아,Nigeria,Onyinye Wilfred Ndidi,Beşiktaş JK,CDM,28,76,74,72,75,76,72,61,80,78,75,66,11.0,74.0,74.0,61,MF
71,나이지리아,Nigeria,Ogochukwu Frank Onyeka,Brentford,CM,27,74,75,72,70,73,58,68,85,74,70,79,11.67,74.5,71.0,64,MF
72,나이지리아,Nigeria,Victor James Osimhen,Galatasaray SK,ST,26,87,84,80,80,88,62,91,81,91,86,92,9.67,63.0,34.33,88,FW
73,나이지리아,Nigeria,Ademola Olajade Alade Aylola Lookman,Atalanta,ST,27,84,88,89,80,86,66,90,73,63,86,83,11.0,71.0,25.67,87,FW
74,나이지리아,Nigeria,Victor Okoh Boniface,SV Werder Bremen,ST,24,81,82,84,78,78,48,65,55,90,91,69,11.0,67.5,31.67,82,FW
75,나이지리아,Nigeria,Toluwalase Emmanuel Arokodare,Wolverhampton Wanderers,ST,24,79,79,75,65,72,35,71,71,91,79,79,10.67,63.5,26.0,85,FW
76,나이지리아,Nigeria,Umar Sadiq Mesbah,Real Sociedad,ST,28,77,74,74,67,73,54,79,74,89,81,85,10.33,62.5,25.33,76,FW
77,나이지리아,Nigeria,Christantus Ugonna Uche Uche,Crystal Palace,ST,22,76,77,75,68,76,51,66,83,86,79,70,11.67,75.0,65.0,74,FW
78,남아프리카공화국,South Africa,Siyabonga Ngezana,FCSB,CB,27,73,60,57,70,70,30,75,80,83,45,75,11.0,62.5,74.67,40,DF
79,남아프리카공화국,South Africa,Gift Links,Aarhus Gymnastikforening,LB,26,72,70,73,67,66,72,89,79,61,61,85,9.67,66.5,64.67,56,DF
80,남아프리카공화국,South Africa,Bongokuhle Hlongwane,Minnesota United FC,RB,25,71,72,73,66,69,65,79,79,72,72,81,10.67,55.5,66.33,69,DF
81,남아프리카공화국,South Africa,Ime Okon,Hannover 96,CB,21,67,68,56,51,58,41,79,64,72,53,76,9.67,48.5,67.67,22,DF
82,남아프리카공화국,South Africa,Samukelo Kabini,Molde FK,LB,21,63,63,59,54,58,58,70,63,60,31,72,9.0,56.0,58.67,25,DF
83,남아프리카공화국,South Africa,Olwethu Makhanya,Philadelphia Union,CB,21,57,49,38,52,50,36,78,59,69,41,70,10.67,51.5,58.33,30,DF
84,남아프리카공화국,South Africa,Kobamelo Kodisang,AVS Futebol SAD,RM,25,68,68,67,60,64,62,83,54,48,64,84,12.0,59.5,26.67,70,MF
85,남아프리카공화국,South Africa,Moegamat Yusuf Maart,SV Ried,CM,29,67,71,66,62,60,47,75,66,45,63,72,13.67,72.5,58.67,47,MF
86,남아프리카공화국,South Africa,Luke Gareth Le Roux,Portsmouth,CM,25,66,67,63,62,65,51,73,80,65,59,53,14.0,67.0,60.0,60,MF
87,남아프리카공화국,South Africa,Sphephelo Sithole,CD Tondela,CDM,26,65,61,62,66,63,50,63,66,78,64,64,10.33,62.5,62.67,46,MF
88,남아프리카공화국,South Africa,Kgaogelo Chauke,Burton Albion,CM,22,61,61,63,56,61,52,74,69,59,59,69,10.67,61.5,56.33,55,MF
89,남아프리카공화국,South Africa,Lyle Brent Foster,Burnley,ST,24,72,71,69,68,68,62,79,71,76,76,82,8.67,58.0,33.33,74,FW
90,남아프리카공화국,South Africa,Shandre Miguel Campbell,Club Brugge KV,LW,19,65,70,71,54,58,57,83,37,64,62,77,8.67,56.0,22.33,60,FW
91,남아프리카공화국,South Africa,Mohau Nkota,Al Ettifaq,RW,20,64,61,68,46,57,56,92,67,40,71,90,10.0,52.0,20.67,58,FW
92,남아프리카공화국,South Africa,Antonio van Wyk,SV Ried,LW,23,62,62,58,56,55,58,78,56,55,59,75,8.33,55.5,28.0,61,FW
93,남아프리카공화국,South Africa,Elias Mokwana,Al Hazem FC,RW,25,51,53,58,47,31,47,61,43,44,63,61,12.67,38.5,22.0,54,FW
94,네덜란드,Netherlands,Jacobus Antonius Peter Cillessen,NEC Nijmegen,GK,36,79,32,12,61,79,17,56,40,67,53,50,78.67,41.5,13.67,10,GK
95,네덜란드,Netherlands,Marco Bizot,Aston Villa,GK,34,78,32,12,47,76,20,45,31,63,54,47,78.33,30.5,12.33,15,GK
96,네덜란드,Netherlands,Mark Flekken,Bayer 04 Leverkusen,GK,32,78,34,12,62,74,14,29,28,72,60,36,78.33,55.0,16.0,16,GK
97,네덜란드,Netherlands,Virgil van Dijk,Liverpool,CB,33,90,77,70,90,90,53,66,75,93,81,78,11.67,81.5,89.67,52,DF
98,네덜란드,Netherlands,Stefan de Vrij,Inter,CB,33,84,74,66,85,85,49,63,70,74,65,61,11.67,78.5,85.67,25,DF
99,네덜란드,Netherlands,Denzel Justus Morris Dumfries,Inter,RB,29,84,82,80,78,83,82,78,88,81,74,88,12.33,77.0,78.33,75,DF
100,네덜란드,Netherlands,Nathan Benjamin Aké,Manchester City,CB,30,83,79,73,79,84,63,73,64,76,64,71,12.0,77.5,84.0,48,DF
101,네덜란드,Netherlands,Jeremie Agyekum Frimpong,Liverpool,RB,24,83,83,85,76,84,82,95,85,47,62,93,13.0,70.5,74.67,66,DF
102,네덜란드,Netherlands,Matthijs de Ligt,Manchester United,CB,25,82,72,65,80,81,52,54,64,91,84,68,11.33,75.0,81.0,50,DF
103,네덜란드,Netherlands,Sven Adriaan Botman,Newcastle United,CB,25,82,74,63,76,80,43,48,66,89,65,63,10.67,76.0,83.0,24,DF
104,네덜란드,Netherlands,Micky van de Ven,Tottenham Hotspur,CB,24,82,75,73,81,82,58,84,69,85,59,95,8.33,75.0,83.33,43,DF
105,네덜란드,Netherlands,Jurriën David Norman Timber,Arsenal,RB,24,82,78,77,82,82,76,76,79,82,61,76,11.33,75.5,81.33,41,DF
106,네덜란드,Netherlands,Frenkie de Jong,FC Barcelona,CM,28,87,88,86,90,87,78,80,87,73,68,83,8.67,88.5,77.0,75,MF
107,네덜란드,Netherlands,Tijjani Martinus Jan Reijnders Lekatompessy,Manchester City,CM,26,86,88,84,84,85,73,83,92,69,85,75,9.67,85.5,76.67,78,MF
108,네덜란드,Netherlands,Ryan Jiro Gravenberch,Liverpool,CDM,23,85,87,88,88,84,74,76,85,80,79,76,11.67,84.0,80.0,78,MF
109,네덜란드,Netherlands,Xavier Quentin Shay Simons,Tottenham Hotspur,CAM,22,84,86,87,81,85,74,83,82,62,78,72,9.0,81.5,59.33,79,MF
110,네덜란드,Netherlands,Cody Mathès Gakpo,Liverpool,LM,26,84,85,86,83,83,83,85,76,75,88,82,9.67,78.0,40.33,81,MF
111,네덜란드,Netherlands,Teun Koopmeiners,Juventus,CAM,27,81,83,76,81,82,79,71,83,71,82,70,12.0,84.5,74.0,76,MF
112,네덜란드,Netherlands,Marten Elco de Roon,Atalanta,CM,34,81,81,77,83,78,70,53,90,73,79,67,12.67,84.5,83.0,70,MF
113,네덜란드,Netherlands,Jerdy Hendrikus Gerardus Bernardus Schouten,PSV,CDM,28,80,79,75,83,78,59,60,71,75,65,60,10.0,80.0,80.33,58,MF
114,네덜란드,Netherlands,Memphis Depay,,ST,31,81,84,85,80,81,77,78,74,82,85,80,10.0,76.0,24.67,82,FW
115,네덜란드,Netherlands,Noa Noëll Lang,Napoli,LW,26,80,84,84,83,82,69,84,78,60,74,76,12.33,72.5,47.0,80,FW
116,네덜란드,Netherlands,Steven Berghuis,Ajax,RW,33,78,81,75,79,74,83,74,74,64,82,69,10.33,81.5,36.67,76,FW
117,네덜란드,Netherlands,Luuk de Jong,FC Porto,ST,34,78,81,70,80,80,66,41,71,87,83,39,11.67,72.0,50.67,78,FW
118,네덜란드,Netherlands,Wout François Maria Weghorst,Ajax,ST,32,78,79,66,74,82,38,45,76,92,84,62,13.0,66.0,53.67,80,FW
119,네덜란드,Netherlands,Emmanuel Esseh Emegha,RC Strasbourg Alsace,ST,22,78,76,69,75,77,47,81,84,82,78,95,9.0,57.0,23.33,79,FW
120,노르웨이,Norway,Ørjan Håskjold Nyland,Sevilla FC,GK,34,76,23,21,39,73,12,47,33,70,58,48,75.0,32.0,13.33,11,GK
121,노르웨이,Norway,Mathias Lønne Dyngeland,SK Brann,GK,29,70,30,18,58,65,18,44,35,59,51,42,69.67,51.0,17.0,13,GK
122,노르웨이,Norway,Christian Kjetil Haug,Toulouse FC,GK,27,70,24,17,31,64,18,43,27,59,51,49,70.33,37.5,19.0,13,GK
123,노르웨이,Norway,Julian Ryerson,Borussia Dortmund,RB,27,79,76,76,74,77,79,77,83,80,73,72,7.0,72.5,79.33,62,DF
124,노르웨이,Norway,Andreas Schjølberg Hanche-Olsen,1. FSV Mainz 05,CB,28,75,60,62,76,74,58,68,68,81,51,72,9.33,64.5,73.67,35,DF
125,노르웨이,Norway,Jonas Svensson,Beşiktaş JK,RB,32,75,72,70,77,67,67,76,89,73,71,73,13.67,69.5,74.67,55,DF
126,노르웨이,Norway,Kristoffer Vassbakk Köpp Ajer,Brentford,RB,27,75,74,71,77,75,69,63,69,89,64,70,8.67,67.5,75.33,58,DF
127,노르웨이,Norway,Fredrik André Bjørkan,FK Bodø/Glimt,LB,26,74,71,73,67,70,68,81,91,70,58,81,10.0,65.0,68.0,53,DF
128,노르웨이,Norway,Jakob Glesnes,Philadelphia Union,CB,31,73,66,60,75,72,44,54,91,83,88,51,7.67,65.5,73.0,36,DF
129,노르웨이,Norway,Leo Skiri Østigård,Genoa,CB,25,73,61,58,58,71,48,63,65,82,52,58,9.0,58.5,70.33,33,DF
130,노르웨이,Norway,Torbjørn Lysaker Heggem,Bologna,CB,26,73,67,66,68,71,58,70,79,82,54,75,9.33,64.5,72.33,44,DF
131,노르웨이,Norway,David Møller Wolfe,Wolverhampton Wanderers,LB,23,73,70,68,66,71,71,77,82,76,59,79,9.67,64.5,68.0,52,DF
132,노르웨이,Norway,Martin Ødegaard,Arsenal,CM,26,87,88,87,87,88,86,68,88,55,82,68,10.67,89.0,65.67,79,MF
133,노르웨이,Norway,Fredrik Aursnes,SL Benfica,CM,29,80,82,78,82,83,76,73,92,78,74,75,11.0,79.5,77.0,71,MF
134,노르웨이,Norway,Sander Gard Bolin Berge,Fulham FC,CDM,27,79,78,75,78,77,66,54,81,89,78,55,10.67,79.0,74.67,63,MF
135,노르웨이,Norway,Patrick Berg,FK Bodø/Glimt,CDM,27,77,75,72,78,76,72,72,92,75,69,74,10.67,77.0,71.33,64,MF
136,노르웨이,Norway,Antonio Eromonsele Nordby Nusa,RB Leipzig,LM,20,76,80,81,68,70,67,92,73,59,83,86,10.33,66.0,45.67,73,MF
137,노르웨이,Norway,Mohamed Amine Elyounoussi,FC København,RM,30,76,79,78,76,74,69,76,86,66,74,76,10.67,68.5,59.33,74,MF
138,노르웨이,Norway,Kristian Thorstvedt,Sassuolo,CM,26,75,76,76,72,72,68,55,86,83,78,66,10.33,76.0,65.0,69,MF
139,노르웨이,Norway,Aron Leonard Dønnum,Toulouse FC,RM,27,75,76,77,71,73,69,84,85,72,69,80,7.67,68.0,48.0,68,MF
140,노르웨이,Norway,Erling Braut Håland,Manchester City,ST,24,90,82,79,86,93,58,79,76,93,94,92,8.33,71.5,38.0,94,FW
141,노르웨이,Norway,Alexander Sørloth,Atlético Madrid,ST,29,84,82,77,83,83,66,72,84,90,86,81,12.67,68.5,27.67,85,FW
142,노르웨이,Norway,Jørgen Strand Larsen,Wolverhampton Wanderers,ST,25,78,78,69,73,79,45,72,84,86,76,78,8.0,63.5,26.33,82,FW
143,노르웨이,Norway,Zlatko Hovland Tripić,Viking FK,RW,32,76,75,76,79,68,76,83,86,80,81,84,12.33,72.0,56.0,73,FW
144,노르웨이,Norway,Andreas Rædergård Schjelderup,SL Benfica,LW,21,75,79,81,74,73,69,83,77,50,72,77,13.0,67.5,35.67,70,FW
145,노르웨이,Norway,Jens Petter Hauge,FK Bodø/Glimt,LW,25,74,75,75,70,70,71,83,79,60,69,77,8.67,68.0,37.33,71,FW
146,대한민국,South Korea,Hyeon-woo Jo조현우 崔永宇,Ulsan HD FC,GK,33,75,18,12,63,72,11,52,29,33,47,50,76.33,25.5,21.0,18,GK
147,대한민국,South Korea,Chang-geun Lee이창근 李灿东,Daejeon Citizen,GK,31,74,24,16,60,66,14,45,22,60,50,46,74.0,29.0,15.67,19,GK
148,대한민국,South Korea,Bum-keun Song송범근,Jeonbuk Hyundai Motors,GK,27,74,19,15,58,71,12,24,22,40,50,27,74.67,20.0,16.0,17,GK
149,대한민국,South Korea,Min-jae Kim김민재 金敏在,FC Bayern München,CB,28,82,67,57,66,81,35,73,79,85,51,73,12.67,70.0,81.67,23,DF
150,대한민국,South Korea,Jin-seob Park박진섭,Jeonbuk Hyundai Motors,CB,29,71,66,59,56,67,48,68,82,90,66,72,9.33,67.5,67.33,47,DF
151,대한민국,South Korea,Seung-wook Park박승욱,Pohang Steelers,CB,28,71,66,60,61,68,60,73,83,84,52,78,9.67,71.0,68.0,34,DF
152,대한민국,South Korea,Young-gwon Kim김영권 金英权,Ulsan HD FC,CB,35,70,62,54,66,62,53,61,66,82,50,67,13.33,73.5,67.67,39,DF
153,대한민국,South Korea,Kyung-won Kwon권경원 权敬源,FC Anyang,CB,33,70,64,58,64,62,55,70,73,86,55,59,13.0,67.5,68.67,39,DF
154,대한민국,South Korea,Ji-su Park박지수 朴志洙,Wuhan Three Towns,CB,31,70,60,55,57,57,38,65,72,78,54,72,11.33,66.5,70.0,46,DF
155,대한민국,South Korea,Seung-hyun Jung정승현 郑承铉,Ulsan HD FC,CB,31,70,57,34,63,65,32,41,73,87,55,47,12.33,61.5,70.33,26,DF
156,대한민국,South Korea,Min-kwang Jeon전민광,Pohang Steelers,CB,32,70,59,53,59,65,47,77,80,84,61,74,10.0,62.5,67.33,45,DF
157,대한민국,South Korea,Myung-jae Lee이명재 李明载,Daejeon Citizen,LB,31,70,68,69,57,68,70,78,78,61,52,76,14.67,62.5,65.0,42,DF
158,대한민국,South Korea,Jae-sung Lee이재성 李在成,1. FSV Mainz 05,CAM,32,77,81,80,78,78,68,74,85,56,71,71,9.33,73.0,59.33,71,MF
159,대한민국,South Korea,In-beom Hwang황인범,Feyenoord,CM,28,77,76,76,77,78,65,64,86,58,78,61,8.0,79.0,60.33,67,MF
160,대한민국,South Korea,Dong-gyeong Lee이동경,Gimcheon Sangmu FC,CAM,27,75,76,75,62,74,73,75,90,71,77,79,7.0,73.0,58.67,73,MF
161,대한민국,South Korea,Hyeon-seok Hong홍현석,FC Nantes,CAM,26,73,75,75,74,72,73,77,74,59,70,67,12.0,72.5,68.33,72,MF
162,대한민국,South Korea,Woo-yeong Jeong정우영,1. FC Union Berlin,CAM,25,73,78,79,65,69,70,78,75,54,59,74,8.67,67.5,34.0,66,MF
163,대한민국,South Korea,Seung-ho Paik백승호,Birmingham City,CDM,28,72,72,73,70,69,61,72,89,73,74,63,10.0,72.0,66.0,63,MF
164,대한민국,South Korea,Bong-soo Kim김봉수,Daejeon Citizen,CDM,25,72,69,62,62,69,52,66,87,78,67,68,13.67,69.5,67.0,53,MF
165,대한민국,South Korea,Seung-beom Ko고승범 高承范,Ulsan HD FC,CM,31,71,73,65,72,74,63,72,93,74,62,74,11.67,70.0,67.0,57,MF
166,대한민국,South Korea,Heung-min Son손흥민 孙兴慜,Los Angeles FC,LW,32,85,85,84,86,85,81,85,87,69,88,83,9.0,77.5,37.33,84,FW
167,대한민국,South Korea,Kang-in Lee이강인,Paris Saint-Germain,RW,24,79,82,82,81,76,81,75,73,56,79,69,11.0,79.5,46.0,75,FW
168,대한민국,South Korea,Hee-chan Hwang황희찬 黄喜灿,Wolverhampton Wanderers,ST,29,75,74,76,79,75,68,86,66,68,77,76,12.33,69.5,33.33,76,FW
169,대한민국,South Korea,Min-kyu Joo주민규 朱文奎,Daejeon Citizen,ST,35,74,74,66,71,69,41,60,71,88,77,64,14.0,57.5,41.0,78,FW
170,대한민국,South Korea,Jin-woo Jeon전진우,Jeonbuk Hyundai Motors,RW,25,72,72,76,53,72,55,87,65,65,65,90,9.0,54.5,31.0,74,FW
171,대한민국,South Korea,Hyeon-gyu Oh오현규,KRC Genk,ST,24,71,69,65,55,72,48,72,74,84,75,82,10.33,52.5,42.67,73,FW
172,덴마크,Denmark,Frederik Riis Rønnow,1. FC Union Berlin,GK,32,80,12,13,31,76,14,48,32,67,52,45,80.0,27.5,13.0,9,GK
173,덴마크,Denmark,Kasper Peter Schmeichel,Celtic,GK,38,79,40,12,65,79,18,38,31,72,61,47,78.67,62.5,13.67,12,GK
174,덴마크,Denmark,Filip Jørgensen,Chelsea,GK,23,77,40,18,55,74,10,45,35,62,54,45,77.33,46.0,14.33,11,GK
175,덴마크,Denmark,Andreas Bødtker Christensen,FC Barcelona,CB,29,80,77,67,79,80,51,52,67,78,37,73,8.0,80.0,81.33,36,DF
176,덴마크,Denmark,Rasmus Nissen Kristensen,Eintracht Frankfurt,RB,27,79,75,72,74,81,77,66,84,78,75,72,8.67,69.5,77.67,60,DF
177,덴마크,Denmark,Joachim Christian Andersen,Fulham FC,CB,29,78,68,66,78,78,54,36,70,87,75,42,14.0,81.5,78.33,51,DF
178,덴마크,Denmark,Joakim Mæhle Pedersen,VfL Wolfsburg,LB,28,78,79,74,73,79,75,77,83,74,65,73,10.0,73.0,74.33,50,DF
179,덴마크,Denmark,Alexander Hartmann Bah,SL Benfica,RB,27,78,74,75,76,76,75,88,84,78,81,91,9.33,70.5,73.0,59,DF
180,덴마크,Denmark,Rasmus Schmidt Nicolaisen,Toulouse FC,CB,28,76,68,54,76,73,39,45,72,84,51,52,10.67,71.5,76.33,41,DF
181,덴마크,Denmark,Victor Enok Nelsson,Hellas Verona FC,CB,26,75,68,63,74,72,46,60,68,79,60,62,10.33,68.0,76.67,36,DF
182,덴마크,Denmark,Victor Bernth Kristiansen,Leicester City,LB,22,75,74,74,66,72,75,70,81,69,80,67,9.33,68.0,73.33,52,DF
183,덴마크,Denmark,Asger Strømgaard Sørensen,Sparta Praha,CB,29,74,67,58,67,76,47,39,66,85,68,71,11.67,68.5,74.0,38,DF
184,덴마크,Denmark,Morten Blom Due Hjulmand,Sporting CP,CDM,26,83,80,76,82,81,72,69,91,81,82,71,9.33,80.5,79.67,76,MF
185,덴마크,Denmark,Pierre-Emile Kordt Højbjerg,Olympique de Marseille,CDM,29,82,79,75,79,82,68,52,81,78,85,47,10.33,82.5,77.67,68,MF
186,덴마크,Denmark,Mikkel Krogh Damsgaard,Brentford,CAM,24,80,80,81,81,80,79,70,78,62,72,66,8.0,82.5,66.0,74,MF
187,덴마크,Denmark,Christian Thers Nørgaard,Arsenal,CDM,31,80,76,69,77,80,68,52,82,78,72,47,12.0,79.5,78.67,63,MF
188,덴마크,Denmark,Matthew Sean O'Riley,Olympique de Marseille,CAM,24,78,78,76,79,79,74,67,78,72,81,68,11.0,80.0,67.0,77,MF
189,덴마크,Denmark,Jens Dalsgaard Stage,SV Werder Bremen,CM,28,78,80,76,77,79,68,67,82,78,77,60,9.0,78.0,72.67,74,MF
190,덴마크,Denmark,Mathias Jensen,Brentford,CM,29,77,76,74,78,78,79,64,76,68,63,63,8.33,80.0,69.33,64,MF
191,덴마크,Denmark,Jens Odgaard,Bologna,CAM,26,76,76,76,70,78,67,74,79,75,80,73,9.0,72.5,38.33,78,MF
192,덴마크,Denmark,Mika Miles Biereth,AS Monaco,ST,22,78,75,70,77,78,57,69,73,79,78,79,10.33,63.5,26.67,83,FW
193,덴마크,Denmark,Jonas Older Wind,VfL Wolfsburg,ST,26,78,81,77,77,81,58,66,73,82,82,50,9.0,74.5,28.67,82,FW
194,덴마크,Denmark,Anders Laustrup Dreyer,San Diego FC,RW,27,77,76,76,78,71,76,84,80,60,84,73,9.33,74.5,41.0,76,FW
195,덴마크,Denmark,Andreas Skov Olsen,VfL Wolfsburg,RW,25,77,80,80,72,66,76,85,72,70,80,81,10.33,71.0,35.67,77,FW
196,덴마크,Denmark,Kasper Dolberg Rasmussen,Ajax,ST,27,77,77,72,74,72,50,67,70,82,80,77,7.67,65.0,23.67,81,FW
197,덴마크,Denmark,Rasmus Winther Højlund,Napoli,ST,22,76,73,75,72,73,38,84,70,82,84,86,11.0,61.0,26.33,77,FW
198,독일,Germany,Marc-André ter Stegen,FC Barcelona,GK,33,86,30,21,70,84,18,45,35,78,67,50,84.33,62.0,16.0,14,GK
199,독일,Germany,Manuel Peter Neuer,FC Bayern München,GK,39,84,44,30,67,83,15,29,43,80,68,35,82.67,63.5,12.67,13,GK
200,독일,Germany,Oliver Baumann,TSG 1899 Hoffenheim,GK,35,83,17,19,52,82,14,37,39,69,59,41,82.0,32.0,15.67,11,GK
201,독일,Germany,Jonathan Glao Tah,FC Bayern München,CB,29,87,70,60,79,85,39,53,76,91,60,71,11.33,73.0,87.0,32,DF
202,독일,Germany,Antonio Rüdiger,Real Madrid,CB,32,86,74,69,80,85,68,70,70,91,84,87,11.33,82.0,84.33,40,DF
203,독일,Germany,Nico Cedric Schlotterbeck,Borussia Dortmund,CB,25,85,71,74,78,84,70,77,74,85,81,72,11.67,82.0,86.33,51,DF
204,독일,Germany,Matthias Lukas Ginter,SC Freiburg,CB,31,82,75,61,77,84,68,54,57,83,79,56,10.0,76.0,84.67,54,DF
205,독일,Germany,Waldemar AntonРипцов-Антон Владимир Александрович,Borussia Dortmund,CB,28,82,70,64,80,82,52,64,79,85,60,73,12.33,76.0,83.33,42,DF
206,독일,Germany,Robin Leon Koch,Eintracht Frankfurt,CB,28,82,75,60,82,82,41,59,77,82,58,72,7.67,77.0,81.67,40,DF
207,독일,Germany,Emre Can,Borussia Dortmund,CB,31,82,75,73,83,79,63,67,76,86,85,85,12.67,75.5,83.33,71,DF
208,독일,Germany,David Raum,RB Leipzig,LB,27,82,79,79,78,78,88,86,89,75,64,86,9.67,77.5,77.0,59,DF
209,독일,Germany,Maximilian Mittelstädt,VfB Stuttgart,LB,28,82,77,77,76,80,87,79,84,67,74,83,13.0,76.5,78.0,56,DF
210,독일,Germany,Florian Richard Wirtz,Liverpool,CAM,22,89,92,90,86,88,87,82,87,59,78,79,10.0,89.0,52.33,84,MF
211,독일,Germany,Joshua Walter Kimmich,FC Bayern München,CDM,30,89,86,82,86,89,92,75,92,69,78,70,12.67,90.5,84.33,68,MF
212,독일,Germany,Jamal Musiala,FC Bayern München,CAM,22,88,85,94,83,89,70,85,73,61,80,75,8.33,83.0,63.67,86,MF
213,독일,Germany,Julian Brandt,Borussia Dortmund,CAM,29,83,85,84,85,82,78,67,85,72,82,79,9.33,84.0,39.0,77,MF
214,독일,Germany,Angelo Stiller,VfB Stuttgart,CDM,24,83,85,83,84,85,77,68,80,67,73,47,8.33,85.5,74.67,49,MF
215,독일,Germany,İlkay Gündoğan,Galatasaray SK,CM,34,83,84,81,84,84,77,54,67,66,81,54,9.67,85.0,74.0,79,MF
216,독일,Germany,Felix Kalu Nmecha,Borussia Dortmund,CDM,24,82,82,83,79,80,59,77,78,90,81,86,9.0,80.0,80.33,73,MF
217,독일,Germany,Mario Götze,Eintracht Frankfurt,CM,33,82,88,84,88,84,79,68,75,65,75,53,10.0,86.5,54.33,76,MF
218,독일,Germany,Jonathan Michael Burkardt,Eintracht Frankfurt,ST,24,82,81,82,76,83,62,82,78,76,83,83,11.33,67.0,38.67,86,FW
219,독일,Germany,Kai Lukas Havertz,Arsenal,ST,26,82,85,84,78,81,75,71,85,75,81,72,9.33,79.5,44.33,80,FW
220,독일,Germany,Tim Kleindienst,Borussia Mönchengladbach,ST,29,81,79,68,85,81,50,59,92,87,84,74,9.33,65.5,33.33,83,FW
221,독일,Germany,Deniz Undav,VfB Stuttgart,ST,28,80,83,78,82,80,67,67,70,80,84,65,11.0,72.0,30.33,83,FW
222,독일,Germany,Niclas Füllkrug,West Ham United,ST,32,79,77,74,79,80,65,53,55,86,86,60,12.33,68.0,39.0,81,FW
223,독일,Germany,Nick Woltemade,Newcastle United,ST,23,79,80,83,77,79,46,64,71,81,81,69,9.33,70.0,35.33,82,FW
224,멕시코,Mexico,Luis Ángel Malagón Velázquez,,GK,28,79,16,8,42,63,11,25,21,51,54,24,81.67,21.0,13.0,9,GK
225,멕시코,Mexico,Carlos Agustín Moreno Luna,,GK,27,72,16,14,26,55,12,35,25,79,55,40,72.67,23.0,11.0,8,GK
226,멕시코,Mexico,José Raúl Rangel Aguilar,,GK,25,72,18,7,33,55,12,32,29,55,56,31,74.33,28.5,11.67,6,GK
227,멕시코,Mexico,César Jasib Montes Castro,,CB,28,75,64,60,73,72,41,62,76,81,55,53,9.0,68.5,74.33,48,DF
228,멕시코,Mexico,Johan Felipe Vásquez Ibarra,Genoa,CB,26,75,68,53,69,76,62,59,80,67,38,62,10.33,62.5,76.0,32,DF
229,멕시코,Mexico,Jesús Daniel Gallardo Vasconcelos,,LB,30,75,74,76,68,67,75,84,88,71,75,82,10.67,69.5,69.67,69,DF
230,멕시코,Mexico,Julián Vicente Araujo Zúñiga,AFC Bournemouth,RB,23,74,69,68,68,70,70,86,73,69,50,80,13.67,64.5,72.0,25,DF
231,멕시코,Mexico,Jesús Gilberto Orozco Chiquete,,CB,23,73,50,33,55,53,33,64,70,72,47,66,10.67,67.5,75.33,25,DF
232,멕시코,Mexico,Jorge Eduardo Sánchez Ramos,,RB,27,73,68,70,66,70,64,84,84,75,67,84,9.67,64.0,68.67,44,DF
233,멕시코,Mexico,Juan José Sánchez Purata,,CB,27,72,64,50,59,68,37,51,54,81,58,54,11.33,61.5,71.0,44,DF
234,멕시코,Mexico,Mateo Chávez García,AZ Alkmaar,LB,21,72,70,71,63,67,69,81,80,58,59,83,8.67,63.5,68.0,41,DF
235,멕시코,Mexico,Rodrigo Jhossel Huescas Hurtado,FC København,RB,21,72,70,70,62,64,68,82,82,49,68,84,11.0,70.0,67.33,62,DF
236,멕시코,Mexico,Edson Omar Álvarez Velázquez,Fenerbahçe SK,CDM,27,78,76,72,76,77,64,64,72,80,74,65,6.67,77.0,77.33,57,MF
237,멕시코,Mexico,Erick Daniel Sánchez Ocegueda,,CM,25,78,74,72,72,70,68,73,82,69,83,74,10.33,81.0,74.33,72,MF
238,멕시코,Mexico,Roberto Carlos Alvarado Hernández,,RM,26,78,76,76,68,71,75,80,82,65,77,81,11.67,75.5,52.0,68,MF
239,멕시코,Mexico,Orbelín Pineda Alvarado,AEK Athens,CAM,29,77,80,81,70,78,73,82,84,58,76,81,11.67,73.0,67.67,73,MF
240,멕시코,Mexico,Carlos Alberto Rodríguez Gómez,,CAM,28,76,77,77,80,73,63,78,83,62,66,77,10.0,77.5,66.0,72,MF
241,멕시코,Mexico,Diego Lainez Leyva,,RM,25,76,82,81,74,67,75,83,67,42,71,78,10.0,69.5,56.67,64,MF
242,멕시코,Mexico,Marcel Alejandro Ruiz Suárez,,CM,24,75,77,74,68,69,64,74,82,64,72,74,9.67,78.5,66.33,60,MF
243,멕시코,Mexico,Érik Antonio Lira Méndez,,CDM,25,73,72,66,57,65,50,76,81,68,71,72,11.67,78.5,73.0,53,MF
244,멕시코,Mexico,Julián Andrés Quiñones Quiñones,Al Qadsiah FC,ST,28,80,78,82,67,72,58,89,87,89,80,88,9.33,71.5,33.0,83,FW
245,멕시코,Mexico,Santiago Tomás Giménez,AC Milan,ST,24,79,78,77,78,75,64,77,64,68,83,79,7.33,71.5,35.33,82,FW
246,멕시코,Mexico,Hirving Rodrigo Lozano Bahena,San Diego FC,LW,29,78,78,80,74,81,71,89,60,54,75,87,11.67,68.5,35.33,75,FW
247,멕시코,Mexico,Ernesto Alexis Vega Rojas,,LW,27,78,80,81,75,72,71,81,75,75,82,79,6.67,75.0,27.0,76,FW
248,멕시코,Mexico,Germán Berterame,,ST,26,78,74,77,76,71,75,80,79,75,80,75,12.67,59.5,27.67,83,FW
249,멕시코,Mexico,Raúl Alonso Jiménez Rodríguez,Fulham FC,ST,34,77,78,75,76,79,70,61,67,85,82,54,10.33,75.0,37.0,79,FW
250,모로코,Morocco,Yassine Bounouياسين بونو,Al Hilal,GK,34,82,12,20,57,76,15,38,43,69,57,37,82.67,41.5,17.67,14,GK
251,모로코,Morocco,Munir Mohand Mohamedi El Kajouiمنير مهند محمدي,,GK,36,74,31,19,50,67,21,49,43,77,51,47,74.0,31.5,18.0,19,GK
252,모로코,Morocco,Ahmed Reda Tagnaoutiأحمد رضى التغناوتي,,GK,29,70,20,19,40,70,16,37,32,71,50,40,69.0,22.5,12.33,8,GK
253,모로코,Morocco,Achraf Hakimi Mouhأشرف حكيمي,Paris Saint-Germain,RB,26,89,85,82,84,90,85,89,95,72,82,95,8.0,79.5,82.0,80,DF
254,모로코,Morocco,Nayef Aguerdنايف أكرد,Olympique de Marseille,CB,29,81,75,60,74,80,48,65,72,78,69,78,9.0,77.0,81.67,40,DF
255,모로코,Morocco,Noussair Mazraouiنصير مزراوي,Manchester United,RB,27,80,81,80,79,79,79,78,76,69,68,73,12.0,77.0,77.67,69,DF
256,모로코,Morocco,Romain Ghanem Paul Saïssرومان غانم بول سايس,,CB,35,79,73,62,78,78,54,55,74,83,67,60,9.33,78.0,78.67,55,DF
257,모로코,Morocco,Omar El Hilaliعمر الهلالي,RCD Espanyol,RB,21,77,71,68,63,73,70,85,80,73,55,85,12.33,70.0,74.67,35,DF
258,모로코,Morocco,Zakaria El Ouahdiزكريا الواحدي,KRC Genk,RB,23,76,75,77,72,76,73,81,91,63,69,67,9.0,68.5,72.33,67,DF
259,모로코,Morocco,Souffian El Karouani,FC Utrecht,LB,24,75,74,74,71,74,86,75,78,66,63,67,8.33,72.0,70.0,41,DF
260,모로코,Morocco,Adam Masinaأدم ماسينا,Torino,CB,31,74,72,68,72,71,72,55,53,68,63,68,9.0,69.5,76.0,30,DF
261,모로코,Morocco,Abdelkabir Abqarعبد الكبير أبقار,Getafe CF,CB,26,74,71,66,58,74,35,35,63,72,42,60,10.0,69.0,76.33,27,DF
262,모로코,Morocco,Brahim Abdelkader Díazابراهيم عبد القادر دياز,Real Madrid,RM,25,82,85,84,79,80,76,83,69,58,73,82,9.67,79.5,28.0,76,MF
263,모로코,Morocco,Ismael Saibari Ben El Basraإسماعيل صيباري,PSV,CAM,23,79,84,83,74,80,71,81,79,83,79,76,11.0,74.5,49.0,75,MF
264,모로코,Morocco,Sofyan Amrabatسفيان أمرابط,Real Betis Balompié,CDM,28,78,77,74,76,74,64,62,79,82,81,61,13.67,77.5,76.0,65,MF
265,모로코,Morocco,Soufiane Rahimiسفيان رحيمي,Al Ain,LM,29,78,75,79,74,75,72,87,81,62,71,84,10.0,70.0,33.0,79,MF
266,모로코,Morocco,Hakim Ziyechحكيم زياش,,RM,32,78,81,80,80,72,81,73,63,60,83,72,11.0,81.0,46.0,71,MF
267,모로코,Morocco,Neil El Aynaouiنييل العيناوي,Roma,CM,23,77,78,75,75,77,74,57,82,75,64,66,9.67,79.0,70.67,61,MF
268,모로코,Morocco,Abdessamad Ezzalzouliعبد الصمد الزلزولي,Real Betis Balompié,LM,23,77,80,84,70,73,72,87,70,57,73,87,9.33,68.5,28.33,70,MF
269,모로코,Morocco,Mourad Batnaمراد باتنا,Al Fateh,RM,35,77,78,79,78,77,77,71,75,84,81,72,9.67,73.0,31.0,75,MF
270,모로코,Morocco,Youssef En-Nesyriيوسف النصيري,Fenerbahçe SK,ST,28,82,79,76,75,84,60,73,80,80,83,83,11.67,67.0,28.33,83,FW
271,모로코,Morocco,Ayoub El Kaabiأيوب الكعبي,Olympiacos FC,ST,32,80,79,72,72,80,60,80,78,77,83,83,11.67,56.5,42.0,84,FW
272,모로코,Morocco,Abderrazak Hamdallahعبد الرزاق حمد الله,Al Shabab,ST,34,79,86,77,77,82,66,51,80,80,78,65,11.33,67.5,25.0,84,FW
273,모로코,Morocco,Amine Adliأمين عدلي,AFC Bournemouth,ST,25,78,82,83,71,76,66,87,64,67,79,82,10.0,69.0,39.0,79,FW
274,모로코,Morocco,Sofiane Diopسفيان داودا ديوب,OGC Nice,LW,25,76,80,81,74,71,76,80,74,37,72,74,10.67,72.0,53.0,68,FW
275,모로코,Morocco,Anass Zarouryأنس الزعروري,Panathinaikos FC,LW,24,74,75,76,72,70,71,86,73,57,80,82,9.0,66.0,22.33,67,FW
276,미국,United States,Matthew Charles Turner,New England Revolution,GK,31,74,24,16,59,71,13,38,35,64,50,42,73.67,26.5,11.0,15,GK
277,미국,United States,Zackary Thomas Steffen,Colorado Rapids,GK,30,73,31,15,57,66,14,54,39,69,53,52,73.0,52.0,12.33,9,GK
278,미국,United States,Stefan Frei,Seattle Sounders FC,GK,39,72,26,18,50,63,15,30,25,67,50,30,73.0,32.0,14.67,17,GK
279,미국,United States,Antonee Robinson,Fulham FC,LB,27,82,77,79,73,80,81,87,90,73,46,89,11.67,75.0,78.33,44,DF
280,미국,United States,Cameron Robert Carter-Vickers,Celtic,CB,27,79,76,65,79,80,37,79,74,90,65,78,13.0,73.0,77.0,24,DF
281,미국,United States,Sergiño Gianni Dest,PSV,RB,24,79,82,84,75,77,76,89,76,68,65,86,13.67,75.5,74.33,60,DF
282,미국,United States,Christopher Jeffrey Richards,Crystal Palace,CB,25,77,64,59,61,76,44,64,71,80,36,67,8.67,67.5,78.0,23,DF
283,미국,United States,Walker Dwain Zimmerman,Nashville SC,CB,32,75,64,48,75,75,39,50,77,87,57,60,10.67,68.5,72.0,52,DF
284,미국,United States,Auston Levi-Jesaiah Trusty,Celtic,CB,26,74,62,59,68,74,53,74,81,85,56,81,11.67,64.0,72.67,42,DF
285,미국,United States,Mark Alexander McKenzie,Toulouse FC,CB,26,74,66,59,69,72,25,78,75,80,34,82,10.0,70.0,74.33,37,DF
286,미국,United States,Joseph Michael Scally,Borussia Mönchengladbach,RB,22,74,68,68,60,69,54,80,85,74,51,85,10.67,63.5,72.33,49,DF
287,미국,United States,Miles Gordon Robinson,FC Cincinnati,CB,28,73,68,66,69,74,26,83,78,80,49,81,7.67,68.5,72.33,29,DF
288,미국,United States,Malik Leon Tillman,Bayer 04 Leverkusen,CAM,23,82,84,83,78,81,69,83,76,82,77,84,10.0,77.5,62.0,75,MF
289,미국,United States,João Lucas de Souza Cardoso,Atlético Madrid,CDM,23,81,82,77,75,77,65,74,77,77,74,71,9.67,81.5,79.33,63,MF
290,미국,United States,Tyler Shaan Adams,AFC Bournemouth,CDM,26,79,76,73,77,77,63,85,79,68,68,74,7.0,76.0,79.33,52,MF
291,미국,United States,Weston James Earl McKennie,Juventus,CM,26,78,78,78,78,77,78,75,81,77,76,78,9.0,77.5,78.33,68,MF
292,미국,United States,Timothy Tarpeh Weah,Olympique de Marseille,RM,25,77,78,77,74,75,75,86,70,59,79,88,12.0,73.5,69.0,74,MF
293,미국,United States,Alejandro Zendejas Saavedra,,RM,27,76,79,83,60,60,74,84,74,67,61,86,8.33,70.5,47.67,73,MF
294,미국,United States,Đorđe Aleksandar Mihailović,Toronto FC,CAM,26,75,75,73,73,76,77,74,85,61,75,71,13.67,74.5,55.0,74,MF
295,미국,United States,Francis Tanner James Tessmann,Olympique Lyonnais,CDM,23,75,74,71,74,73,58,51,79,84,79,62,8.33,76.5,71.0,55,MF
296,미국,United States,Christian Mate Pulišić,AC Milan,RW,26,84,86,86,83,85,80,90,76,57,81,86,12.67,78.0,47.33,85,FW
297,미국,United States,Folarin Jolaoluwa Jerry Balogun,AS Monaco,ST,23,77,77,78,77,76,58,82,65,73,79,85,11.0,63.0,16.33,79,FW
298,미국,United States,Ricardo Daniel Pepi,PSV,ST,22,76,73,72,68,72,47,74,77,74,79,72,10.33,65.0,39.33,83,FW
299,미국,United States,Joshua Thomas Sargent,Norwich City,ST,25,75,69,68,73,73,58,74,85,82,82,74,8.33,61.5,41.0,77,FW
300,미국,United States,Brian White,Vancouver Whitecaps FC,ST,29,75,73,65,68,77,44,75,78,81,78,78,8.0,50.0,37.33,79,FW
301,미국,United States,Kevin Alexander Paredes,VfL Wolfsburg,LW,22,73,76,79,57,71,68,85,48,34,64,80,9.0,66.0,60.67,65,FW
302,벨기에,Belgium,Thibaut Nicolas Marc Courtois,Real Madrid,GK,33,89,23,13,66,88,14,42,38,70,57,52,87.67,34.0,18.0,14,GK
303,벨기에,Belgium,Matz Willy Els Sels,Nottingham Forest,GK,33,83,33,19,62,80,16,37,26,67,59,35,82.67,50.5,14.33,16,GK
304,벨기에,Belgium,Koen Casteels,Al Qadsiah FC,GK,33,82,23,14,40,79,15,44,44,72,56,46,83.33,36.0,15.67,15,GK
305,벨기에,Belgium,Arthur Nicolas Theate,Eintracht Frankfurt,CB,25,80,75,70,77,80,68,66,82,82,70,68,9.33,76.5,79.67,23,DF
306,벨기에,Belgium,Maxim De Cuyper,Brighton & Hove Albion,LB,24,80,80,78,82,77,85,78,87,67,78,75,8.67,78.5,75.67,70,DF
307,벨기에,Belgium,Axel Laurent Angel Lambert Witsel,Girona FC,CB,36,77,78,75,83,78,68,30,35,80,64,31,7.33,80.0,77.67,62,DF
308,벨기에,Belgium,Matte Smets,KRC Genk,CB,21,76,76,59,70,75,54,64,80,73,52,65,9.67,80.0,78.33,25,DF
309,벨기에,Belgium,Brandon Mechele,Club Brugge KV,CB,32,76,59,49,78,68,42,46,80,80,63,51,12.0,72.0,79.33,38,DF
310,벨기에,Belgium,Thomas Andre A. Meunier,Lille OSC,RB,33,76,72,75,74,73,80,60,78,84,80,66,7.67,71.0,74.33,70,DF
311,벨기에,Belgium,Timothy Castagne,Fulham FC,RB,29,76,75,71,68,75,76,67,78,66,65,68,13.0,72.0,74.0,56,DF
312,벨기에,Belgium,Koni De Winter,AC Milan,CB,23,74,67,66,64,71,59,65,76,70,52,69,10.0,66.5,76.33,30,DF
313,벨기에,Belgium,Sebastiaan Bornauw,Leeds United,CB,26,74,58,52,67,70,57,66,53,81,61,71,10.67,67.5,73.0,44,DF
314,벨기에,Belgium,Kevin De Bruyne,Napoli,CM,34,87,89,85,87,89,93,65,66,74,90,66,12.67,92.5,63.33,78,MF
315,벨기에,Belgium,Youri Tielemans,Aston Villa,CM,28,85,86,79,88,85,80,51,87,69,85,57,10.67,87.5,77.0,77,MF
316,벨기에,Belgium,Charles De Ketelaere,Atalanta,CAM,24,82,86,85,73,77,76,71,78,68,82,70,9.0,81.5,52.67,78,MF
317,벨기에,Belgium,Dodi Lukébakio Ngandoli,SL Benfica,RM,27,82,84,86,80,80,78,86,72,69,85,87,10.67,72.5,28.0,82,MF
318,벨기에,Belgium,Hans Vanaken,Club Brugge KV,CAM,32,80,83,79,91,82,77,39,91,79,76,50,13.0,87.0,54.33,81,MF
319,벨기에,Belgium,Amadou Zeund Georges Ba Mvom Onana,Aston Villa,CDM,23,79,78,76,74,75,58,64,76,83,75,82,8.67,78.5,79.0,57,MF
320,벨기에,Belgium,Alexis Jesse Saelemaekers,AC Milan,RM,26,79,81,81,74,79,80,83,77,54,64,77,11.0,73.5,68.0,68,MF
321,벨기에,Belgium,Zeno Koen Debast,Sporting CP,CDM,21,78,78,76,73,77,77,66,81,73,68,73,5.67,79.0,77.0,51,MF
322,벨기에,Belgium,Romelu Menama Lukaku Bolingoli,Napoli,ST,32,84,80,76,82,84,68,71,74,94,86,86,8.33,75.0,35.0,84,FW
323,벨기에,Belgium,Leandro Trossard,Arsenal,LW,30,83,84,84,84,82,79,87,76,55,83,75,9.33,79.5,26.33,83,FW
324,벨기에,Belgium,Ikoma Loïs Openda,Juventus,ST,25,83,81,79,80,84,69,94,83,80,85,96,10.0,67.0,23.67,84,FW
325,벨기에,Belgium,Yannick Ferreira Carrasco,Al Shabab,LW,31,81,83,88,82,76,79,86,76,63,84,87,9.67,74.5,59.33,77,FW
326,벨기에,Belgium,Jérémy Doku,Manchester City,LW,23,80,81,91,75,75,70,95,63,73,77,88,10.67,72.5,31.67,72,FW
327,벨기에,Belgium,Saint-Cyr Johan Bakayoko,RB Leipzig,RW,22,78,81,83,71,73,73,87,70,68,69,83,7.33,65.0,28.67,74,FW
328,브라질,Brazil,Alisson Ramsés Becker,Liverpool,GK,32,89,42,27,66,87,17,60,32,78,65,49,88.33,59.0,16.67,13,GK
329,브라질,Brazil,Ederson Santana de Moraes,Fenerbahçe SK,GK,31,85,45,30,70,82,20,64,44,78,68,63,83.0,66.5,17.33,14,GK
330,브라질,Brazil,Lucas Luciano Mantela Patrício,Palmeiras,GK,25,82,23,17,48,76,13,35,44,85,64,34,79.0,23.5,17.0,15,GK
331,브라질,Brazil,Gabriel dos Santos Magalhães,Arsenal,CB,27,88,71,64,79,88,42,61,71,89,62,67,9.67,77.5,88.0,37,DF
332,브라질,Brazil,Marcos Aoás Corrêa,Paris Saint-Germain,CB,31,87,79,69,86,86,68,75,79,79,65,80,9.67,84.5,89.0,59,DF
333,브라질,Brazil,Gleison Bremer Silva Nascimento,Juventus,CB,28,85,68,62,78,78,46,78,65,84,68,86,8.0,72.0,86.0,49,DF
334,브라질,Brazil,Éder Gabriel Militão,Real Madrid,CB,27,84,72,70,76,83,69,80,85,79,62,83,12.67,77.0,84.33,48,DF
335,브라질,Brazil,Murillo Santiago Costa dos Santos,Nottingham Forest,CB,22,83,73,69,79,82,53,83,70,90,72,78,13.0,76.5,83.33,33,DF
336,브라질,Brazil,Roger Ibañez da Silva,Al Ahli SFC,CB,26,82,76,45,74,79,34,87,85,84,45,87,10.0,55.5,83.0,27,DF
337,브라질,Brazil,Carlos Augusto Zopalato Neves,Inter,LB,26,81,80,80,78,81,79,79,80,72,79,78,12.0,76.0,79.33,68,DF
338,브라질,Brazil,Welington Kauê Dano Nascimento,Atlético Mineiro,LB,25,81,78,77,82,80,82,78,89,68,55,80,10.0,74.5,76.0,51,DF
339,브라질,Brazil,Tony Josimar Abranjes Meneses,Internacional,CB,33,80,68,47,72,74,39,65,81,91,61,69,9.0,66.0,79.67,31,DF
340,브라질,Brazil,Raphael Dias Belloli,FC Barcelona,LM,28,89,88,88,85,87,86,90,91,65,83,91,10.0,82.5,47.0,87,MF
341,브라질,Brazil,Bruno Guimarães Rodrigues Moura,Newcastle United,CM,27,86,86,86,88,85,76,66,90,76,76,66,9.67,88.0,80.33,73,MF
342,브라질,Brazil,Matheus Santos Carneiro da Cunha,Manchester United,CAM,26,83,87,85,83,82,79,78,82,73,87,76,10.67,78.0,41.0,85,MF
343,브라질,Brazil,Ronaldo Jailson Cabrais Petri,Botafogo,CAM,29,83,83,85,81,84,83,90,88,68,82,87,13.33,82.5,30.67,74,MF
344,브라질,Brazil,Malcom Filipe Silva de Oliveira,Al Hilal,CAM,28,82,84,84,77,79,78,92,88,73,80,87,8.0,77.5,41.0,77,MF
345,브라질,Brazil,Fábio Henrique Tavares,Al Ittihad,CDM,31,82,82,78,86,77,76,45,83,78,81,59,9.67,83.5,81.0,63,MF
346,브라질,Brazil,Éderson José dos Santos Lourenço da Silva,Atalanta,CM,25,82,84,81,84,80,70,78,89,77,78,78,13.33,83.0,79.67,72,MF
347,브라질,Brazil,Joelinton Cassio Apolinário de Lira,Newcastle United,CM,28,82,83,83,83,85,73,69,89,90,84,78,11.67,81.5,80.0,75,MF
348,브라질,Brazil,Vinicius José Paixão de Oliveira Junior,Real Madrid,LW,24,89,90,93,83,85,81,95,84,65,81,95,7.33,80.0,25.0,88,FW
349,브라질,Brazil,Rodrygo Silva de Goes,Real Madrid,RW,24,85,87,88,85,83,79,89,81,59,76,87,7.33,76.0,29.33,83,FW
350,브라질,Brazil,Sávio Moreira de Oliveira,Manchester City,RW,21,82,85,87,85,79,83,89,73,45,70,85,10.0,75.5,30.67,74,FW
351,브라질,Brazil,Gabriel Teodoro Martinelli Silva,Arsenal,LW,24,81,82,85,79,78,77,92,82,63,77,89,7.33,71.0,43.67,79,FW
352,브라질,Brazil,David Neres Campos,Napoli,LW,28,81,85,86,85,80,74,87,69,59,79,85,11.0,73.5,43.67,76,FW
353,브라질,Brazil,Antony Matheus dos Santos,Real Betis Balompié,RW,25,81,83,82,78,78,80,85,75,61,83,83,10.0,75.5,37.67,77,FW
354,사우디아라비아,Saudi Arabia,Nawaf Dhahi Faisal Al Suwaiti Al Aqidiنواف العقيدي,Al Nassr,GK,25,72,30,12,45,69,15,46,29,64,50,49,71.67,37.5,10.33,7,GK
355,사우디아라비아,Saudi Arabia,Abdulquddus Atiah Mohammed Qawodعبدالقدوس عطيه محمد قاعود,Al Taawoun FC,GK,28,65,11,10,53,61,12,47,18,61,44,48,67.0,23.5,9.67,6,GK
356,사우디아라비아,Saudi Arabia,Mustafa Reda Malayekah,NEOM SC,GK,39,64,15,12,55,59,13,46,30,62,47,48,63.33,23.0,15.0,17,GK
357,사우디아라비아,Saudi Arabia,Saud Abdullah Abdul Hamidسعود عبدالحميد,RC Lens,RB,25,75,66,72,64,70,75,86,80,64,53,86,10.33,67.5,70.0,41,DF
358,사우디아라비아,Saudi Arabia,Hassan Mohammed Tambaktiحسان محمد تمبكتي,Al Hilal,CB,26,72,65,60,71,71,42,80,72,80,40,85,12.33,70.5,73.67,33,DF
359,사우디아라비아,Saudi Arabia,Sultan Abdullah Salem Al Ghannamسلطان بن عبد الله بن سالم الغنام,Al Nassr,RB,31,72,71,74,71,71,78,82,84,63,65,82,9.67,70.0,61.33,59,DF
360,사우디아라비아,Saudi Arabia,Ahmed Mohammed Sharahiliاحمد شراحيلي,Al Ittihad,CB,31,71,66,58,68,68,62,71,73,77,42,73,11.67,67.0,69.0,31,DF
361,사우디아라비아,Saudi Arabia,Hassan Kadesh Mahboobحسن كادش محبوب,Al Ittihad,LB,32,71,64,62,55,66,62,74,87,81,61,76,13.33,67.0,67.0,43,DF
362,사우디아라비아,Saudi Arabia,Ali Mohammed Ali Lajamiعلي محمد لاجامي,Al Hilal,CB,29,70,62,53,58,66,47,78,78,74,56,74,11.67,69.0,68.33,48,DF
363,사우디아라비아,Saudi Arabia,Abdulelah Ali Awadh Al Amriعبد الإله علي عوض العمري,Al Nassr,CB,28,70,40,47,50,65,50,63,76,80,49,73,10.67,58.0,67.67,20,DF
364,사우디아라비아,Saudi Arabia,Ali Hadi Mohammed Al Bulaihiعلي هادي محمد البليهي,Al Hilal,CB,35,70,50,34,56,66,30,34,77,83,43,46,12.33,53.0,68.33,49,DF
365,사우디아라비아,Saudi Arabia,Mohammed Ibrahim Mohammed Al Buraykمحمد البريك,NEOM SC,LB,32,70,74,68,68,65,75,66,75,63,64,75,8.67,71.5,64.67,54,DF
366,사우디아라비아,Saudi Arabia,Salem Al Dawsariسالم الدوسري,Al Hilal,LM,33,82,82,86,83,81,71,88,90,77,77,87,10.33,75.5,57.0,75,MF
367,사우디아라비아,Saudi Arabia,Musab Fahd Al Juwayrمصعب فهد الجوير,Al Qadsiah FC,CM,22,75,77,73,76,75,79,69,71,71,66,67,11.33,80.0,59.0,67,MF
368,사우디아라비아,Saudi Arabia,Firas Tariq Nasser Al Buraikanفراس طارق ناصر البريكان,Al Ahli SFC,LM,25,75,76,74,75,79,65,71,87,75,70,83,6.33,63.5,33.33,79,MF
369,사우디아라비아,Saudi Arabia,Mohamed Ibrahim Abdullah Kannoمحمد كنو,Al Hilal,CM,30,72,73,72,65,62,64,61,81,76,80,81,11.33,76.0,65.33,64,MF
370,사우디아라비아,Saudi Arabia,Abdulrahman Abdullah Ghareebعبد الرحمن غريب,Al Nassr,LM,28,70,69,74,64,67,63,86,73,57,64,82,10.0,61.5,21.67,64,MF
371,사우디아라비아,Saudi Arabia,Abdulrahman Ali Hassan Al Aboudعبد الرحمن علي حسان العبود,Al Ittihad,RM,30,70,70,74,58,62,59,89,65,60,65,88,12.0,59.5,42.33,68,MF
372,사우디아라비아,Saudi Arabia,Salman Al Farajسلمان الفرج,NEOM SC,CM,35,69,72,70,81,58,75,37,33,66,73,39,13.0,78.5,60.67,58,MF
373,사우디아라비아,Saudi Arabia,Saleh Al Jamaan Al Amriصالح جمعان العمري,Al Khaleej,LM,31,69,67,68,63,66,67,80,79,63,68,78,10.0,65.5,31.0,66,MF
374,사우디아라비아,Saudi Arabia,Saleh Khalid Mohammed Al Shehriصالح خالد الشهري,Al Ittihad,ST,31,69,64,64,65,72,38,67,60,81,66,66,11.67,52.5,26.0,71,FW
375,사우디아라비아,Saudi Arabia,Sultan Ahmed Mohammed Mandashسلطان مندش,Al Taawoun FC,RW,30,67,68,71,59,62,63,81,76,61,60,82,8.0,58.5,25.33,58,FW
376,사우디아라비아,Saudi Arabia,Abdullah Al Salemعبدالله السالم,Al Qadsiah FC,ST,32,67,72,64,65,63,46,68,74,82,70,63,13.33,62.5,51.0,69,FW
377,사우디아라비아,Saudi Arabia,Abdulfattah Mohamed Adamعبدالفتاح محمد آدم,Al Taawoun FC,ST,30,66,65,66,58,57,42,79,60,67,66,75,10.0,48.5,21.33,67,FW
378,사우디아라비아,Saudi Arabia,Ahmed Abdu Jaber,NEOM SC,ST,28,64,64,61,52,64,39,54,64,72,62,55,8.33,47.5,25.0,67,FW
379,사우디아라비아,Saudi Arabia,Abdullah Abdulrahman Al Hamdanعبدالله الحمدان,Al Hilal,ST,25,64,64,60,54,55,64,70,64,74,64,75,9.33,63.5,40.33,62,FW
380,세네갈,Senegal,Édouard Osoque Mendy,Al Ahli SFC,GK,33,80,31,18,57,80,10,33,36,72,56,36,79.33,54.0,11.33,5,GK
381,세네갈,Senegal,Yehvann Diouf,OGC Nice,GK,25,78,21,13,46,75,13,52,44,62,57,48,78.0,32.5,13.33,8,GK
382,세네갈,Senegal,Mory Diaw,Le Havre AC,GK,32,70,24,19,33,59,17,44,29,72,53,42,70.67,28.0,19.67,19,GK
383,세네갈,Senegal,Kalidou Koulibaly,Al Hilal,CB,34,82,70,69,75,81,50,61,74,89,67,84,8.33,67.5,81.67,43,DF
384,세네갈,Senegal,Moussa Niakhaté,Olympique Lyonnais,CB,29,77,64,65,75,76,63,55,75,83,49,78,8.0,68.5,77.33,49,DF
385,세네갈,Senegal,Abdoulaye Niakhate Ndiaye,Parma,CB,23,75,59,43,66,70,28,60,63,80,56,72,10.67,60.5,75.33,24,DF
386,세네갈,Senegal,El Hadji Malick Diouf,West Ham United,LB,20,75,74,76,70,72,75,78,78,80,73,82,12.0,69.5,69.0,67,DF
387,세네갈,Senegal,Ismail Joshua Jakobs,Galatasaray SK,LB,25,75,73,74,68,70,74,90,74,65,65,90,11.0,62.5,71.0,64,DF
388,세네갈,Senegal,Ousseynou Ba,Medipol Başakşehir FK,CB,29,74,66,44,55,64,34,68,72,83,45,69,10.67,58.5,73.33,26,DF
389,세네갈,Senegal,Arouna Sangante,Le Havre AC,CB,23,73,65,54,69,72,56,51,70,78,50,56,11.0,63.0,73.0,27,DF
390,세네갈,Senegal,Adama Boiro Boiro,Athletic Club,LB,23,73,71,70,57,68,69,76,76,75,70,75,10.33,66.0,70.0,57,DF
391,세네갈,Senegal,Ousmane Diao,FC Midtjylland,CB,21,72,67,64,67,68,49,74,80,83,69,80,11.33,68.0,69.0,57,DF
392,세네갈,Senegal,Sadio Mané,Al Nassr,LM,33,83,85,84,83,84,77,81,80,72,85,83,10.33,76.0,40.67,81,MF
393,세네갈,Senegal,Ismaïla Sarr,Crystal Palace,CAM,27,79,79,77,82,78,75,89,72,72,83,93,9.67,74.5,25.0,79,MF
394,세네갈,Senegal,Idrissa Gana Gueye,Everton,CDM,35,79,76,68,75,81,65,66,82,58,76,55,11.0,74.5,81.0,52,MF
395,세네갈,Senegal,Pape Matar Sarr,Tottenham Hotspur,CM,22,79,79,79,79,82,72,71,85,71,69,66,10.0,80.0,76.67,65,MF
396,세네갈,Senegal,Iliman Cheikh Baroy Ndiaye,Everton,LM,25,79,83,86,82,79,70,83,71,65,76,85,10.0,66.5,32.67,78,MF
397,세네갈,Senegal,Pape Alassane Gueye,Villarreal CF,CM,26,78,78,76,76,77,67,66,80,78,81,68,12.67,80.0,76.0,56,MF
398,세네갈,Senegal,Pathé Ismaël Ciss,Rayo Vallecano,CDM,31,77,72,62,65,76,52,64,87,88,73,62,13.33,74.5,75.0,55,MF
399,세네갈,Senegal,Mouhamadou Habib Diarra,Sunderland,CM,21,77,78,78,77,76,56,74,77,69,78,67,7.67,77.5,70.67,66,MF
400,세네갈,Senegal,Nicolas Jackson,FC Bayern München,ST,24,80,79,81,77,80,62,81,81,77,79,83,8.67,69.5,33.33,81,FW
401,세네갈,Senegal,Boulaye Dia,Lazio,ST,28,80,79,79,78,78,55,81,74,74,84,87,11.67,69.5,39.0,83,FW
402,세네갈,Senegal,Mame Baba Thiam,Eyüpspor,ST,32,75,75,73,71,69,65,72,66,77,76,76,13.33,62.5,22.67,77,FW
403,세네갈,Senegal,Habibou Mouhamadou Diallo,FC Metz,ST,30,72,71,67,61,66,51,69,71,81,76,73,13.33,58.5,15.67,70,FW
404,세네갈,Senegal,Cheikh Tidiane Sabaly,FC Metz,ST,26,72,73,74,68,69,66,84,66,49,73,88,13.67,67.0,22.33,75,FW
405,세네갈,Senegal,Cheikh Ahmadou Bamba Mbacké Dieng,FC Lorient,ST,25,71,68,68,69,69,62,79,60,65,83,78,11.0,55.0,27.33,69,FW
406,세르비아,Serbia,Mile SvilarМиле Свилар,Roma,GK,25,82,28,26,48,79,18,60,32,61,58,55,82.33,42.0,18.33,14,GK
407,세르비아,Serbia,Đorđe PetrovićЂорђе Петровић,AFC Bournemouth,GK,25,80,45,20,62,79,11,40,37,73,55,43,80.0,48.5,17.33,11,GK
408,세르비아,Serbia,Predrag RajkovićПредраг Рајковић,Al Ittihad,GK,29,80,18,8,32,73,13,33,26,66,57,22,80.33,36.5,10.33,9,GK
409,세르비아,Serbia,Nikola Milenković,Nottingham Forest,CB,27,83,70,60,78,83,66,62,77,90,60,53,9.67,70.0,84.0,38,DF
410,세르비아,Serbia,Nemanja GudeljНемања Гудељ,Sevilla FC,CB,33,77,76,66,78,78,74,44,79,87,89,48,11.33,80.0,75.67,62,DF
411,세르비아,Serbia,Strahinja PavlovićСтрахиња Павловић,AC Milan,CB,24,76,68,63,68,76,53,64,83,83,56,74,11.67,60.5,75.33,43,DF
412,세르비아,Serbia,Svetozar MarkovićСветозар Марковић,Viktoria Plzeň,CB,25,73,66,51,68,68,34,70,75,78,65,73,9.0,68.5,72.67,36,DF
413,세르비아,Serbia,Mihailo RistićМихаило Ристић,RC Celta,LB,29,73,75,74,67,69,74,72,77,66,84,73,8.67,66.0,68.33,58,DF
414,세르비아,Serbia,Rade DugalićРаде Дугалић,Shenzhen Peng City,CB,32,72,53,36,62,75,35,48,75,90,75,43,8.33,65.5,69.0,30,DF
415,세르비아,Serbia,Filip MladenovićФилип Mлaдeнoвић,Panathinaikos FC,LB,33,72,69,67,66,70,70,82,82,58,69,83,13.33,68.0,65.0,67,DF
416,세르비아,Serbia,Aleksa TerzićАлекса Терзић,FC Red Bull Salzburg,LB,25,72,73,70,61,67,72,84,75,59,45,80,10.0,60.0,69.33,46,DF
417,세르비아,Serbia,Kosta NedeljkovicКоста Недељковић,RB Leipzig,RB,19,72,71,69,64,67,69,82,70,64,45,80,10.67,64.5,67.67,42,DF
418,세르비아,Serbia,Sergej Milinković-SavićСергеј Милинковић-Савић,Al Hilal,CM,30,84,87,84,84,80,71,60,92,90,82,64,10.0,84.0,77.67,81,MF
419,세르비아,Serbia,Filip KostićФилип Костић,Juventus,LM,32,81,81,81,82,77,87,79,78,77,85,84,12.67,79.5,72.0,71,MF
420,세르비아,Serbia,Saša LukićСаша Лукић,Fulham FC,CDM,28,78,77,74,75,72,77,63,84,75,75,58,8.0,76.5,76.0,65,MF
421,세르비아,Serbia,Andrija ŽivkovićАндрија Живковић,PAOK,RM,28,78,81,82,78,74,75,84,74,58,78,80,7.0,72.0,56.0,74,MF
422,세르비아,Serbia,Nemanja MatićНемања Матић,Sassuolo,CDM,36,77,78,75,85,79,68,34,54,82,83,33,10.0,78.5,74.67,59,MF
423,세르비아,Serbia,Ivan IlićИван Илић,Torino,CM,24,76,81,78,72,72,72,69,65,66,81,66,11.67,80.0,69.67,69,MF
424,세르비아,Serbia,Filip DjuricicФилип Ђуричић,Panathinaikos FC,CAM,33,75,80,75,72,72,65,73,56,67,75,70,10.33,76.0,41.0,73,MF
425,세르비아,Serbia,Lazar SamardžićЛазар Самарџић,Atalanta,CM,23,75,81,80,70,72,64,75,59,64,77,64,12.33,78.5,60.33,72,MF
426,세르비아,Serbia,Dušan VlahovićДушан Влаховић,Juventus,ST,25,82,81,79,78,84,57,76,74,86,84,79,8.67,67.5,23.0,84,FW
427,세르비아,Serbia,Veljko BirmančevićВељко Бирманчевић,Sparta Praha,RW,27,76,78,80,80,75,74,81,73,57,70,76,11.67,71.5,36.33,72,FW
428,세르비아,Serbia,Luka JovićЛука Јовић,AEK Athens,ST,27,76,74,72,81,77,67,76,57,77,80,74,10.0,66.5,22.33,76,FW
429,세르비아,Serbia,Dejan JoveljićДејан Јовељић,Sporting Kansas City,ST,25,75,71,68,67,71,54,76,71,78,75,76,7.0,63.0,27.33,81,FW
430,세르비아,Serbia,Andrej IlićАндреј Илић,1. FC Union Berlin,ST,25,72,69,65,65,71,38,70,65,83,74,71,9.0,53.5,24.33,73,FW
431,세르비아,Serbia,Nikola ŠtulićНикола Штулић,Lecce,ST,23,72,70,65,68,72,58,41,63,76,77,64,10.0,54.5,19.67,80,FW
432,스웨덴,Sweden,Viktor Tobias Johansson,Stoke City,GK,26,74,11,13,32,70,11,42,27,54,53,38,75.0,37.0,10.33,6,GK
433,스웨덴,Sweden,Robin Patrick Olsen,Malmö FF,GK,35,73,18,11,45,68,20,31,37,75,55,40,73.67,41.0,16.67,11,GK
434,스웨덴,Sweden,Bo Kristoffer Nordfeldt,AIK,GK,36,72,24,14,50,74,11,51,32,73,54,48,70.33,39.5,15.0,13,GK
435,스웨덴,Sweden,Carl Anders Theodor Starfelt,RC Celta,CB,30,78,69,68,67,77,27,68,74,80,52,78,7.67,71.0,77.67,25,DF
436,스웨덴,Sweden,Isak Malcolm Kwaku Hien,Atalanta,CB,26,78,64,54,60,77,28,63,66,89,49,74,12.0,60.0,79.0,30,DF
437,스웨덴,Sweden,Daniel Svensson,Borussia Dortmund,LB,23,77,77,74,76,75,72,78,89,68,62,76,11.0,77.0,76.33,51,DF
438,스웨덴,Sweden,Gabriel Gudmundsson,Leeds United,LB,26,77,75,76,72,74,77,85,79,73,75,88,8.67,71.0,72.67,59,DF
439,스웨덴,Sweden,Victor Jörgen Nilsson Lindelöf,Aston Villa,CB,30,75,70,66,78,76,62,51,47,76,72,50,9.33,77.5,76.0,42,DF
440,스웨덴,Sweden,Emil Alfons Holm,Bologna,RB,25,74,74,74,64,72,74,80,78,82,71,85,7.0,67.0,68.0,57,DF
441,스웨덴,Sweden,Pontus Sven Gustav Jansson,Malmö FF,CB,34,73,65,58,75,72,29,45,71,89,68,66,7.33,60.5,72.0,36,DF
442,스웨덴,Sweden,Victor Eriksson,Hammarby Fotboll,CB,24,73,61,56,60,68,38,62,72,89,58,75,8.67,65.0,71.33,28,DF
443,스웨덴,Sweden,Emil Henry ­Kristoffer Krafth,Newcastle United,CB,30,73,73,69,72,74,70,53,55,72,70,53,9.67,72.5,75.0,56,DF
444,스웨덴,Sweden,Dejan KulusevskiДејан Кулушевски,Tottenham Hotspur,CM,25,83,86,88,85,87,84,77,91,80,78,72,9.67,82.0,62.0,82,MF
445,스웨덴,Sweden,Emil Peter Forsberg,New York Red Bulls,CAM,33,79,84,81,77,78,81,65,65,59,71,63,13.0,80.0,31.67,73,MF
446,스웨덴,Sweden,Hugo Emanuel Larsson,Eintracht Frankfurt,CM,21,78,80,75,85,79,47,72,83,74,74,81,11.33,80.0,68.67,77,MF
447,스웨덴,Sweden,Lucas Erik Holger Bergvall,Tottenham Hotspur,CM,19,77,77,78,80,76,68,77,78,70,66,73,8.67,79.0,72.0,63,MF
448,스웨덴,Sweden,Algot Sebastian Nanasi,RC Strasbourg Alsace,CAM,23,76,79,79,75,74,66,77,77,61,62,64,8.67,76.5,32.0,67,MF
449,스웨덴,Sweden,Mattias Olof Svanberg,VfL Wolfsburg,CM,26,76,79,76,75,77,68,77,76,75,74,70,9.0,76.5,67.67,68,MF
450,스웨덴,Sweden,Niclas Eliasson Santana,AEK Athens,RM,29,76,76,76,75,73,80,90,75,62,66,85,13.67,69.0,41.67,69,MF
451,스웨덴,Sweden,Jesper Karlström,Udinese,CDM,30,75,74,70,76,72,64,66,84,76,69,62,12.67,75.0,71.33,52,MF
452,스웨덴,Sweden,Alexander Isak,Liverpool,ST,25,88,87,88,88,87,68,86,82,79,91,80,8.33,69.5,32.67,91,FW
453,스웨덴,Sweden,Viktor Einar Gyökeres,Arsenal,ST,27,87,83,80,85,87,72,88,93,91,88,92,10.67,68.0,28.0,88,FW
454,스웨덴,Sweden,Anthony David Junior Elanga,Newcastle United,RW,23,81,81,83,79,79,80,93,75,72,72,91,10.33,71.0,36.33,77,FW
455,스웨덴,Sweden,Håkan Gustaf Nilsson,Club Brugge KV,ST,28,75,73,65,75,73,54,64,75,84,80,76,12.0,59.5,27.0,76,FW
456,스웨덴,Sweden,Williot Theo Swedberg,RC Celta,LW,21,74,76,76,73,71,67,75,78,56,66,73,8.33,73.5,56.33,72,FW
457,스웨덴,Sweden,Mikael Ishak,Lech Poznań,ST,32,74,71,65,75,72,57,68,81,91,78,72,12.0,65.0,50.0,75,FW
458,스위스,Switzerland,Yann Sommer,Inter,GK,36,87,30,22,54,83,13,48,45,68,64,54,86.33,42.0,14.33,13,GK
459,스위스,Switzerland,Gregor Kobel,Borussia Dortmund,GK,27,86,34,24,66,84,13,38,30,81,48,52,86.67,36.0,15.0,10,GK
460,스위스,Switzerland,Roman Bürki,St. Louis CITY SC,GK,34,77,23,12,64,75,15,44,40,78,45,50,77.0,30.5,14.67,8,GK
461,스위스,Switzerland,Fabian Lukas Schär,Newcastle United,CB,33,82,78,74,82,83,67,50,78,80,80,51,11.0,81.5,83.0,60,DF
462,스위스,Switzerland,Manuel Obafemi Akanji,Inter,CB,29,82,75,74,80,82,55,71,71,85,75,76,8.33,78.0,82.67,38,DF
463,스위스,Switzerland,Nico Elvedi,Borussia Mönchengladbach,CB,28,77,68,62,70,73,65,68,70,79,50,71,10.0,66.0,77.67,30,DF
464,스위스,Switzerland,Cédric Zesiger,FC Augsburg,CB,27,76,65,60,69,75,42,56,72,90,64,74,6.67,69.0,73.0,37,DF
465,스위스,Switzerland,Miro Max Maria Muheim,Hamburger SV,LB,27,75,74,74,69,69,74,77,86,68,75,70,8.67,73.5,72.33,62,DF
466,스위스,Switzerland,Ulisses Alexandre Garcia Lopes,Olympique de Marseille,LB,29,75,69,71,68,75,73,78,79,76,53,79,11.33,65.5,72.33,45,DF
467,스위스,Switzerland,Jordan Mvula Lotomba,Feyenoord,RB,26,75,73,71,65,74,72,78,77,70,58,73,11.33,65.5,72.0,44,DF
468,스위스,Switzerland,Bećir Omeragić,Montpellier HSC,CB,23,74,70,65,74,72,57,71,68,74,47,78,11.0,73.0,74.33,28,DF
469,스위스,Switzerland,Ricardo Iván Rodríguez Araya,Real Betis Balompié,LB,32,74,76,76,77,74,82,67,74,71,84,66,13.0,76.5,71.33,58,DF
470,스위스,Switzerland,Granit Xhaka,Sunderland,CDM,32,85,82,73,84,86,77,40,84,78,89,53,9.0,89.5,78.0,67,MF
471,스위스,Switzerland,Denis Lemi Zakaria Lako Lado,AS Monaco,CDM,28,82,80,78,82,80,68,72,80,87,80,86,12.0,80.5,80.33,64,MF
472,스위스,Switzerland,Remo Marco Freuler,Bologna,CDM,33,81,83,76,83,82,65,63,91,67,75,53,13.0,80.5,79.67,70,MF
473,스위스,Switzerland,Dan Assane Ndoye,Nottingham Forest,LM,24,79,81,83,74,75,76,86,81,65,75,92,12.33,67.0,63.67,74,MF
474,스위스,Switzerland,Xherdan Shaqiri,FC Basel 1893,CAM,33,78,83,80,80,68,79,69,73,80,87,66,11.67,79.5,39.67,79,MF
475,스위스,Switzerland,Ardon Jashari,AC Milan,CDM,22,77,75,70,76,74,68,77,91,80,76,74,8.67,78.0,72.0,64,MF
476,스위스,Switzerland,Mohameth Djibril Ibrahima Sow,Sevilla FC,CM,28,76,80,73,80,77,70,75,87,74,71,81,7.0,76.5,75.0,69,MF
477,스위스,Switzerland,Filip Ugrinić,Valencia CF,CM,26,75,76,75,71,69,72,76,90,87,82,78,9.67,75.5,69.67,70,MF
478,스위스,Switzerland,Breel Donald Embolo,Stade Rennais FC,ST,28,77,77,76,75,75,63,73,68,85,83,82,10.67,72.5,47.0,75,FW
479,스위스,Switzerland,Noah Arinzechukwu Okafor,Leeds United,ST,25,76,80,82,76,73,74,87,57,79,75,85,8.33,68.0,27.67,78,FW
480,스위스,Switzerland,Renato Steffen,FC Lugano,RW,33,75,75,73,76,70,76,84,75,59,74,82,10.0,72.0,50.33,70,FW
481,스위스,Switzerland,Mohamed Zeki Amdouni,Burnley,ST,24,75,78,77,72,76,60,70,72,73,79,72,11.33,70.5,43.33,76,FW
482,스위스,Switzerland,Steven Zuber,FC Zürich,ST,33,74,75,75,71,75,74,74,74,78,79,75,12.67,73.0,58.67,74,FW
483,스위스,Switzerland,Andi Avdi Zeqiri,Widzew Łódź,ST,26,72,75,75,64,71,63,73,78,77,76,61,14.0,53.5,17.33,76,FW
484,스페인,Spain,David Raya Martín,Arsenal,GK,29,87,43,19,68,84,12,64,31,38,65,59,86.0,64.5,18.33,19,GK
485,스페인,Spain,Unai Simón Mendibil,Athletic Club,GK,28,85,16,12,40,82,16,48,44,76,57,50,84.33,36.0,13.67,14,GK
486,스페인,Spain,David de Gea Quintana,Fiorentina,GK,34,85,32,18,45,85,17,47,30,38,53,45,85.33,39.5,16.67,13,GK
487,스페인,Spain,Íñigo Martínez Berridi,Al Nassr,CB,34,85,78,60,76,84,53,70,69,82,82,72,12.0,83.0,85.33,42,DF
488,스페인,Spain,Daniel Carvajal Ramos,Real Madrid,RB,33,85,84,78,83,83,84,81,84,74,68,80,12.33,79.0,82.33,56,DF
489,스페인,Spain,Daniel Vivian Moreno,Athletic Club,CB,25,84,76,70,72,84,46,76,77,83,62,81,9.0,77.0,83.67,52,DF
490,스페인,Spain,Marc Cucurella Saseta,Chelsea,LB,26,84,80,78,79,84,81,77,89,70,73,74,11.33,80.5,83.0,61,DF
491,스페인,Spain,Marcos Llorente Moreno,Atlético Madrid,RB,30,84,82,81,79,81,76,87,92,77,84,91,13.0,80.5,77.67,80,DF
492,스페인,Spain,Robin Le Normand,Atlético Madrid,CB,28,83,74,55,73,83,35,60,70,86,45,69,11.33,77.5,84.0,22,DF
493,스페인,Spain,Alejandro Balde Martínez,FC Barcelona,LB,21,83,81,80,64,80,82,90,77,68,55,91,9.33,77.0,79.0,51,DF
494,스페인,Spain,Dean Donny Huijsen,Real Madrid,CB,20,82,82,76,78,81,50,68,68,78,71,74,11.33,84.0,82.0,44,DF
495,스페인,Spain,Aymeric Jean Louis Gerard Alphonse Laporte,Athletic Club,CB,31,82,81,64,84,81,58,46,68,83,68,55,9.67,82.5,83.0,45,DF
496,스페인,Spain,Rodrigo Hernández Cascante,Manchester City,CDM,29,90,90,84,93,93,76,65,91,83,92,65,10.67,92.0,85.67,74,MF
497,스페인,Spain,Pedro González López,FC Barcelona,CM,22,89,91,91,90,87,76,79,90,73,68,76,9.33,89.0,79.33,77,MF
498,스페인,Spain,Lamine Yamal Nasraoui Ebanaلامين يامال نصراوي إبانا,FC Barcelona,RM,17,89,90,92,84,88,89,88,73,45,83,83,8.67,86.0,23.67,83,MF
499,스페인,Spain,Nicholas Williams Arthuer,Athletic Club,LM,22,86,85,88,78,82,83,94,81,61,78,92,11.67,78.0,29.67,79,MF
500,스페인,Spain,Daniel Olmo Carvajal,FC Barcelona,CAM,27,85,87,87,82,86,78,78,65,54,79,69,12.67,84.0,48.0,80,MF
501,스페인,Spain,Fabián Ruiz Peña,Paris Saint-Germain,CM,29,85,86,82,82,85,72,61,84,67,78,61,14.0,84.0,75.0,76,MF
502,스페인,Spain,Oihan Sancet Tirapu,Athletic Club,CAM,25,84,85,85,85,84,75,74,86,80,83,77,12.33,82.0,65.67,85,MF
503,스페인,Spain,Francisco Román Alarcón Suárez,Real Betis Balompié,CAM,33,84,86,86,87,80,84,67,67,55,78,65,10.33,84.5,57.0,80,MF
504,스페인,Spain,Ferran Torres García,FC Barcelona,LW,25,83,83,84,82,81,81,86,72,69,79,80,13.0,79.5,29.0,84,FW
505,스페인,Spain,Iago Aspas Juncal,RC Celta,RW,37,83,85,85,84,82,80,78,57,61,83,76,12.33,78.5,26.0,85,FW
506,스페인,Spain,Ayoze Pérez Gutiérrez,Villarreal CF,ST,31,83,83,84,81,83,80,87,70,60,81,86,11.33,79.5,54.67,86,FW
507,스페인,Spain,Mikel Oyarzabal Ugarte,Real Sociedad,ST,28,82,84,83,83,82,80,78,79,57,84,76,11.33,79.5,39.0,83,FW
508,스페인,Spain,Álvaro Borja Morata Martín,Como,ST,32,81,83,80,79,81,72,79,79,79,82,78,4.33,74.5,23.67,82,FW
509,스페인,Spain,Gerard Moreno Balagueró,Villarreal CF,ST,33,81,81,81,78,80,77,77,76,72,82,77,12.33,77.0,42.0,83,FW
510,슬로베니아,Slovenia,Jan Oblak,Atlético Madrid,GK,32,88,30,12,68,85,13,42,42,78,59,53,86.0,41.5,19.67,11,GK
511,슬로베니아,Slovenia,Vid Belec,APOEL FC,GK,35,73,23,13,70,70,11,52,20,59,52,42,73.33,31.5,13.33,10,GK
512,슬로베니아,Slovenia,Igor Vekič,Vejle Boldklub,GK,27,67,15,11,33,61,14,26,35,60,51,37,66.0,33.5,13.0,15,GK
513,슬로베니아,Slovenia,Jaka Bijol,Leeds United,CB,26,77,67,60,70,74,50,63,79,81,71,64,12.0,74.5,76.0,57,DF
514,슬로베니아,Slovenia,David Zec,Holstein Kiel,CB,25,71,59,56,65,68,37,56,68,78,51,73,12.0,60.0,68.0,33,DF
515,슬로베니아,Slovenia,Jure Balkovec,Fatih Karagümrük,LB,30,71,68,65,68,66,74,66,70,75,81,66,11.0,68.5,71.33,40,DF
516,슬로베니아,Slovenia,David Brekalo,Orlando City SC,CB,26,70,64,61,69,65,56,74,83,85,35,73,12.33,61.0,68.67,25,DF
517,슬로베니아,Slovenia,Erik Janža,Górnik Zabrze,LB,32,69,67,61,61,62,68,60,81,60,62,64,8.67,64.5,68.33,40,DF
518,슬로베니아,Slovenia,Petar Stojanović,Legia Warszawa,RB,29,69,66,63,60,62,65,76,83,58,68,77,8.33,62.5,63.33,41,DF
519,슬로베니아,Slovenia,Žan Zaletel,Viborg FF,CB,25,67,61,46,55,64,32,45,66,75,37,43,9.67,59.0,67.33,28,DF
520,슬로베니아,Slovenia,Dušan Stojinović,Jagiellonia Białystok,CB,24,67,62,55,61,66,32,63,70,79,48,62,11.33,61.5,66.0,22,DF
521,슬로베니아,Slovenia,Žan Rogelj,Wisła Płock,RB,25,67,66,66,63,63,67,80,80,59,54,73,12.67,63.5,61.0,51,DF
522,슬로베니아,Slovenia,Kevin Kampl,RB Leipzig,CM,34,77,81,80,79,80,72,72,69,47,72,61,11.67,82.0,64.0,62,MF
523,슬로베니아,Slovenia,Sandi Lovrić,Udinese,CM,27,75,76,74,72,76,66,62,75,61,69,62,10.33,77.5,70.67,67,MF
524,슬로베니아,Slovenia,Jon Gorenc Stankovič,SK Sturm Graz,CDM,29,74,72,64,76,70,41,41,84,84,59,37,8.0,67.0,75.33,44,MF
525,슬로베니아,Slovenia,Adam Gnezda Čerin,Panathinaikos FC,CM,25,74,79,71,70,74,67,74,83,66,65,72,12.0,75.0,65.0,64,MF
526,슬로베니아,Slovenia,Tomi Horvat,SK Sturm Graz,CM,26,73,75,77,70,73,72,72,79,68,70,77,12.67,73.0,52.0,70,MF
527,슬로베니아,Slovenia,Miha Zajc,Dinamo Zagreb,CM,31,72,74,72,72,67,72,64,76,61,75,60,10.0,74.5,63.33,68,MF
528,슬로베니아,Slovenia,David Tijanič,Al-Najma SC,CAM,27,71,73,74,57,62,65,82,73,64,73,73,9.0,70.5,46.33,68,MF
529,슬로베니아,Slovenia,Leo Štulac,Reggiana,CDM,30,68,72,67,67,62,65,69,67,58,71,68,13.67,71.5,63.0,52,MF
530,슬로베니아,Slovenia,Benjamin Šeško,Manchester United,ST,22,80,81,79,77,73,56,79,84,83,85,87,10.0,66.5,40.67,81,FW
531,슬로베니아,Slovenia,Andrés Vombergar,San Lorenzo de Almagro,ST,30,74,70,68,57,70,53,76,71,86,75,85,13.33,63.5,28.33,76,FW
532,슬로베니아,Slovenia,Žan Celar,Fortuna Düsseldorf,ST,26,69,67,66,66,65,53,76,74,77,73,73,10.33,59.5,22.33,70,FW
533,슬로베니아,Slovenia,Nik Prelec,Oxford United,ST,24,69,70,64,59,62,46,62,62,82,71,72,8.0,60.0,30.33,71,FW
534,슬로베니아,Slovenia,Blaž Kramer,Al Akhdoud Saudi Club,ST,29,68,65,62,63,58,45,71,41,84,72,75,12.67,55.5,31.0,70,FW
535,슬로베니아,Slovenia,Žan Vipotnik,Swansea City,ST,23,68,67,66,69,64,53,64,71,74,68,61,10.33,53.0,18.67,71,FW
536,아르헨티나,Argentina,Damián Emiliano Martínez Romero,Aston Villa,GK,32,85,43,24,69,81,22,55,40,78,62,57,84.33,60.0,21.67,16,GK
537,아르헨티나,Argentina,Gerónimo Rulli,Olympique de Marseille,GK,33,82,15,14,61,79,12,56,42,73,60,52,82.0,43.0,15.0,15,GK
538,아르헨티나,Argentina,Paulo Dino Gazzaniga Farias,Girona FC,GK,33,79,31,20,61,77,23,57,42,55,61,56,78.33,50.5,19.33,12,GK
539,아르헨티나,Argentina,Nicolás Hernán Gonzalo Otamendi,SL Benfica,CB,37,82,67,56,79,80,52,54,87,81,69,64,11.67,73.0,82.33,54,DF
540,아르헨티나,Argentina,Cristian Gabriel Romero,Tottenham Hotspur,CB,27,82,67,60,79,81,42,63,69,83,64,68,9.67,73.0,84.0,48,DF
541,아르헨티나,Argentina,Lisandro Martínez,Manchester United,CB,27,81,77,74,79,80,72,70,73,77,73,65,9.33,77.5,82.0,52,DF
542,아르헨티나,Argentina,Leonardo Julián Balerdi Rossa,Olympique de Marseille,CB,26,81,77,66,76,75,42,69,69,81,64,83,11.67,79.0,81.67,34,DF
543,아르헨티나,Argentina,Facundo Axel Medina,Olympique de Marseille,CB,26,79,76,71,79,80,64,67,78,81,45,79,13.0,77.5,79.67,44,DF
544,아르헨티나,Argentina,Juan Marcos Foyth,Villarreal CF,CB,27,79,75,69,68,78,73,67,68,77,56,68,10.33,74.0,80.0,43,DF
545,아르헨티나,Argentina,Nahuel Molina Lucero,Atlético Madrid,RB,27,79,76,75,74,76,78,79,85,63,70,84,9.0,72.5,76.0,67,DF
546,아르헨티나,Argentina,Marcos Nicolás Senesi Barón,AFC Bournemouth,CB,28,78,75,73,76,76,63,62,63,78,55,51,8.33,78.5,79.0,32,DF
547,아르헨티나,Argentina,Marcos Javier Acuña,River Plate,LB,33,78,82,81,77,77,84,79,80,81,74,74,11.67,73.5,70.67,63,DF
548,아르헨티나,Argentina,Alexis Mac Allister,Liverpool,CM,26,87,86,84,86,89,79,68,87,69,88,64,10.67,87.5,78.33,79,MF
549,아르헨티나,Argentina,Paulo Bruno Exequiel Dybala,Roma,CAM,31,86,88,87,89,86,82,84,76,63,84,76,6.0,81.5,37.67,85,MF
550,아르헨티나,Argentina,Exequiel Alejandro Palacios,Bayer 04 Leverkusen,CM,26,84,84,82,83,85,70,72,68,67,81,53,8.33,85.0,81.33,74,MF
551,아르헨티나,Argentina,Rodrigo Javier de Paul,Inter Miami,CM,31,84,85,84,81,81,78,74,88,79,82,76,11.33,84.5,77.0,75,MF
552,아르헨티나,Argentina,Enzo Jeremías Fernández,Chelsea,CM,24,84,85,80,82,86,79,68,85,67,82,68,8.67,88.5,73.0,72,MF
553,아르헨티나,Argentina,Giovani Lo Celso,Real Betis Balompié,CAM,29,82,85,85,82,80,81,67,67,69,83,68,13.0,82.0,68.33,82,MF
554,아르헨티나,Argentina,Giuliano Simeone Baldini,Atlético Madrid,RM,22,81,78,82,77,79,76,92,84,79,76,91,11.33,71.5,41.33,76,MF
555,아르헨티나,Argentina,Thiago Ezequiel Almada,Atlético Madrid,CAM,24,79,83,82,80,74,74,86,69,50,78,74,10.0,77.0,50.67,70,MF
556,아르헨티나,Argentina,Lautaro Javier Martínez,Inter,ST,27,88,84,81,88,92,68,83,86,80,87,80,10.67,75.0,46.67,93,FW
557,아르헨티나,Argentina,Julián Álvarez,Atlético Madrid,ST,25,87,88,87,86,88,77,86,85,72,88,85,9.0,80.5,53.67,88,FW
558,아르헨티나,Argentina,Lionel Andrés Messi Cuccitini,Inter Miami,RW,38,86,94,89,92,80,80,84,70,68,84,73,9.33,84.5,26.33,84,FW
559,아르헨티나,Argentina,Ángel Fabián Di María Hernández,Rosario Central,RW,37,82,89,85,84,76,81,72,65,57,82,73,11.0,83.0,42.0,76,FW
560,아르헨티나,Argentina,Mauro Emanuel Icardi Rivero,Galatasaray SK,ST,32,81,81,72,85,82,51,65,71,76,84,68,9.67,74.0,32.33,86,FW
561,아르헨티나,Argentina,Valentín Mariano José Castellanos Giménez,Lazio,ST,26,80,83,82,81,79,58,78,85,65,79,73,11.67,72.5,40.67,84,FW
562,알제리,Algeria,Rayan Aït Nouriريان آيت نوري,Manchester City,LB,24,81,84,87,80,80,80,85,80,65,61,84,13.67,75.5,78.33,50,DF
563,알제리,Algeria,Ramy Bensebainiرامي بن سبعيني,Borussia Dortmund,LB,30,79,82,78,74,75,73,72,77,78,70,73,9.0,72.0,80.0,72,DF
564,알제리,Algeria,Aïssa Mandiعيسى ماندي,Lille OSC,CB,33,75,71,64,74,75,69,59,60,78,52,55,13.0,75.5,74.67,41,DF
565,알제리,Algeria,Abdelkader Bedraneعبد القادر بدران,Damac FC,CB,33,72,64,46,63,68,42,51,77,80,49,67,13.0,71.5,71.33,24,DF
566,알제리,Algeria,Mehdi Emile Dorval,SSC Bari,LB,24,71,70,67,54,68,66,75,89,59,50,84,11.33,66.0,66.33,53,DF
567,알제리,Algeria,Ahmed Toubaأحمد توبة,Panathinaikos FC,CB,27,70,66,59,59,64,58,64,77,85,56,75,9.33,67.5,70.33,48,DF
568,알제리,Algeria,Jaouen Hadjamجوين حجام,BSC Young Boys,LB,22,69,67,71,62,60,61,77,74,74,61,80,8.33,57.0,69.0,52,DF
569,알제리,Algeria,Sohaib Naïr,En Avant Guingamp,CB,23,68,60,51,55,62,38,64,67,75,35,65,9.0,60.0,68.0,29,DF
570,알제리,Algeria,Yasser Larouciياسر لعروسي,ESTAC Troyes,LB,24,68,69,72,63,67,66,71,71,61,52,70,8.0,58.5,65.33,45,DF
571,알제리,Algeria,Riyad Mahrezرياض محرز,Al Ahli SFC,RM,34,84,89,87,81,81,81,81,79,60,82,76,10.67,78.0,33.67,80,MF
572,알제리,Algeria,Ismaël Bennacerاسماعيل بن ناصر,Dinamo Zagreb,CDM,27,80,82,83,83,80,78,79,78,69,82,73,13.33,83.0,77.33,67,MF
573,알제리,Algeria,Adem Zorganeآدم زورجان,Union Saint-Gilloise,CDM,25,78,78,75,77,76,76,59,90,83,79,49,11.67,79.0,71.0,67,MF
574,알제리,Algeria,Houssem Aouarحسام عوار,Al Ittihad,CAM,27,77,81,84,76,76,65,68,66,62,69,64,10.33,77.5,62.67,73,MF
575,알제리,Algeria,Nabil Bentalebنبيل بن طالب,Lille OSC,CDM,30,77,82,80,80,74,65,51,64,76,83,50,11.0,81.0,70.67,65,MF
576,알제리,Algeria,Hicham Boudaouiهشام بوداوي,OGC Nice,CM,25,77,78,77,75,77,68,74,93,67,70,73,9.33,76.5,74.33,68,MF
577,알제리,Algeria,Himad Abdelliحيماد عبدلي,Angers SCO,CAM,25,76,80,82,80,74,73,66,79,73,73,57,11.33,76.0,57.0,67,MF
578,알제리,Algeria,Ilan Kais Kebbal,Paris FC,RM,26,76,77,79,76,70,71,83,83,40,68,71,10.33,71.5,24.33,72,MF
579,알제리,Algeria,Mohamed El Amine Amouraمحمد الأمين عمورة,VfL Wolfsburg,ST,25,80,86,85,79,83,63,94,86,45,78,87,9.0,71.5,48.67,83,FW
580,알제리,Algeria,Amine Ferid Gouiri,Olympique de Marseille,ST,25,79,80,81,79,76,77,79,76,71,80,75,7.33,73.5,39.33,85,FW
581,알제리,Algeria,Mohamed Saïd Benrahmaمحمد سعيد بن رحمة,NEOM SC,LW,29,77,80,81,76,74,74,78,64,62,82,73,12.67,71.5,40.33,72,FW
582,알제리,Algeria,Anis Hadj Moussaأنيس حاج موسى,Feyenoord,RW,23,76,82,87,64,68,69,83,69,50,66,77,8.33,64.5,31.33,73,FW
583,알제리,Algeria,Badredine Bouananiبدر الدين بوعناني,VfB Stuttgart,RW,20,75,79,80,70,69,75,72,71,59,68,69,13.0,74.0,32.33,70,FW
584,알제리,Algeria,Rafik Guitane,GD Estoril Praia,RW,26,73,76,79,68,65,68,80,62,51,67,80,11.33,67.0,31.67,69,FW
585,앙골라,Angola,Ricardo Jorge Cecília Batista,Casa Pia,GK,38,71,21,16,41,68,17,39,24,70,51,37,70.33,35.0,15.0,12,GK
586,앙골라,Angola,Clinton Mukoni Mata Pedro Lourenço,Olympique Lyonnais,CB,32,77,73,74,77,78,65,74,84,75,76,83,10.0,71.5,77.0,53,DF
587,앙골라,Angola,David Mota Veiga Teixeira do Carmo,Real Oviedo,CB,25,76,63,45,70,71,40,54,73,91,55,63,13.0,73.0,75.33,30,DF
588,앙골라,Angola,Esmevânio Kialonda Gaspar,Lecce,CB,27,74,58,54,62,69,32,63,79,89,48,64,9.0,52.5,76.33,25,DF
589,앙골라,Angola,Jonathan Buatu Mananga,Gil Vicente FC,CB,31,69,62,52,67,66,51,58,79,82,64,54,10.33,61.0,69.0,32,DF
590,앙골라,Angola,Anderson-Lenda Lucoqui,FC Energie Cottbus,LB,27,66,65,68,58,61,64,79,63,66,59,75,10.33,61.5,61.67,35,DF
591,앙골라,Angola,Pedro Bondo Francisco,Famalicão,LB,20,66,65,67,51,70,67,78,71,64,37,79,9.67,50.0,59.67,42,DF
592,앙골라,Angola,Domingos José Gabriel Bandeira,Casa Pia,CB,21,59,35,29,40,55,35,56,60,67,48,64,10.33,33.5,64.67,23,DF
593,앙골라,Angola,Benson Manuel Hedilazio,Swansea City,RM,28,73,75,78,72,65,69,85,64,34,75,79,15.67,66.0,32.67,68,MF
594,앙골라,Angola,Nélson Conceição da Luz,Qingdao West Coast FC,RM,27,71,74,77,60,68,61,81,79,64,75,82,5.67,59.5,29.67,67,MF
595,앙골라,Angola,António Simão Muanza,Alanyaspor,CDM,21,69,75,73,60,62,42,64,69,70,67,67,8.33,71.5,64.33,40,MF
596,앙골라,Angola,Rui Manuel Muati Modesto,Udinese,RM,25,69,68,68,60,60,69,84,68,55,54,85,9.0,63.0,62.33,58,MF
597,앙골라,Angola,Benedito Mambuene Mukendi,Vitória SC,CM,23,68,70,68,55,64,51,67,70,62,61,67,10.67,67.0,68.33,55,MF
598,앙골라,Angola,Osvaldo Pedro Capemba,Radomiak Radom,LM,23,68,68,68,61,62,58,87,52,42,63,92,9.0,58.5,17.67,67,MF
599,앙골라,Angola,André Filipe Cunha Vidigal,Stoke City,LM,26,68,68,71,64,62,62,86,69,49,67,84,10.0,58.0,23.67,65,MF
600,앙골라,Angola,Aldaír Caputa Ferreira,FC Botoşani,CDM,27,67,66,62,67,64,57,72,84,59,73,73,12.0,66.5,64.0,59,MF
601,앙골라,Angola,Mbala N'Zola,Pisa,ST,28,75,76,74,76,73,52,83,62,92,78,87,13.33,65.5,24.0,74,FW
602,앙골라,Angola,Fábio Gonçalves Abreu,Beijing Guoan,ST,32,74,71,68,65,69,56,81,83,82,75,82,9.67,57.0,22.0,79,FW
603,앙골라,Angola,Ambrosini António Cabaça Salvador,AEK Athens,ST,22,72,71,71,66,80,60,93,70,66,68,93,9.33,61.0,35.0,71,FW
604,앙골라,Angola,Zito André Sebastião Luvumbo,Cagliari,ST,23,71,70,78,64,70,70,89,71,60,74,83,8.0,58.5,40.67,71,FW
605,앙골라,Angola,Lucas Eduardo Santos João,CD Nacional,ST,31,69,69,63,65,60,48,64,46,83,80,74,11.33,62.0,21.0,70,FW
606,앙골라,Angola,Valdemiro Pinto Domingos,CD Tondela,ST,22,67,64,60,52,65,41,74,65,74,74,68,8.67,46.5,17.67,69,FW
607,에콰도르,Ecuador,Hernán Ismael Galíndez,Huracán,GK,38,74,21,13,51,65,11,33,28,77,53,30,74.67,27.5,13.0,15,GK
608,에콰도르,Ecuador,Alexander Domínguez Carabalí,LDU Quito,GK,38,73,32,20,67,70,13,34,30,76,53,35,72.67,40.0,23.0,11,GK
609,에콰도르,Ecuador,Javier Nicolás Burrai,Talleres,GK,34,72,25,20,50,74,22,47,36,62,53,40,71.33,42.5,16.33,19,GK
610,에콰도르,Ecuador,Willian Joel Pacho Tenorio,Paris Saint-Germain,CB,23,86,69,52,81,85,46,74,78,89,46,84,10.67,73.0,85.67,30,DF
611,에콰도르,Ecuador,Piero Martín Hincapié Reyna,Arsenal,CB,23,83,74,70,76,82,55,80,85,77,50,88,8.0,76.0,85.33,41,DF
612,에콰도르,Ecuador,Pervis Josué Estupiñán Tenorio,AC Milan,LB,27,79,79,80,72,77,79,77,81,68,67,76,9.33,75.5,75.33,48,DF
613,에콰도르,Ecuador,Joel Leandro Ordóñez Guerrero,Club Brugge KV,CB,21,75,65,46,60,68,40,68,72,84,35,78,12.33,65.5,73.33,23,DF
614,에콰도르,Ecuador,Jhoanner Stalin Chávez Quintero,RC Lens,LB,23,72,72,73,70,69,70,85,75,64,71,85,12.33,65.0,66.67,58,DF
615,에콰도르,Ecuador,Leonel Enrique Quiñónez Padilla,LDU Quito,LB,31,71,67,67,66,64,73,76,79,70,77,75,11.0,68.5,66.0,55,DF
616,에콰도르,Ecuador,Luis David Cangá Sánchez,Universidad Católica del Ecuador,CB,30,70,60,38,61,66,44,63,80,82,72,55,14.67,63.5,68.67,63,DF
617,에콰도르,Ecuador,José Joel Carabalí Prado,Universitario de Deportes,LB,28,70,65,68,65,69,68,87,80,63,54,87,8.0,62.5,63.67,59,DF
618,에콰도르,Ecuador,Yaimar Abel Medina Ortiz,KRC Genk,LB,20,70,66,66,52,68,70,91,71,64,63,91,13.33,61.5,62.33,61,DF
619,에콰도르,Ecuador,Moisés Isaac Caicedo Corozo,Chelsea,CDM,23,87,83,79,83,84,65,76,90,77,75,66,12.33,84.5,85.33,57,MF
620,에콰도르,Ecuador,Ángelo Smit Preciado Quiñónez,Sparta Praha,RM,27,75,75,76,74,72,75,89,77,68,62,85,11.33,69.0,68.0,61,MF
621,에콰도르,Ecuador,Ray Kendry Páez Andrade,RC Strasbourg Alsace,CAM,18,73,74,75,72,69,61,77,70,49,68,81,10.33,71.0,39.0,70,MF
622,에콰도르,Ecuador,Júnior Nazareno Sornoza Moreira,Independiente del Valle,CAM,31,72,72,74,73,71,69,69,65,45,73,68,11.33,72.5,40.33,73,MF
623,에콰도르,Ecuador,Carlos Armando Gruezo Arboleda,LDU Quito,CDM,30,72,70,66,65,71,43,68,76,70,61,50,10.67,69.5,67.67,41,MF
624,에콰도르,Ecuador,José Adoni Cifuentes Charcopa,Toronto FC,CM,26,72,73,73,70,74,56,67,77,79,74,74,12.0,73.0,72.0,60,MF
625,에콰도르,Ecuador,Julio Joao Ortiz Landázuri,Portland Timbers,CDM,29,71,71,71,70,66,55,71,83,74,72,73,10.67,70.5,68.0,65,MF
626,에콰도르,Ecuador,Fernando Vicente Gaibor Orellana,Alianza Lima,CM,33,71,72,72,73,67,68,64,72,70,74,65,10.33,73.5,65.67,62,MF
627,에콰도르,Ecuador,Leonardo Campana Romero,New England Revolution,ST,25,72,69,62,66,70,34,65,71,78,70,65,10.0,50.0,24.33,78,FW
628,에콰도르,Ecuador,Byron Efraín Palacios Vélez,Universidad Católica del Ecuador,ST,30,71,65,65,66,65,50,74,66,71,74,76,9.67,58.0,27.33,76,FW
629,에콰도르,Ecuador,John Anthony Mercado Cuero,Sparta Praha,LW,23,70,73,73,62,55,62,87,72,61,66,86,8.67,59.0,33.0,64,FW
630,에콰도르,Ecuador,Carlos Jhon Garcés Acosta,Cienciano,ST,35,70,69,65,54,59,40,51,69,90,72,58,12.33,53.5,25.67,75,FW
631,에콰도르,Ecuador,John Yeboah Zamora,Venezia,ST,25,70,72,75,58,70,58,91,79,52,66,92,10.33,64.5,22.33,69,FW
632,에콰도르,Ecuador,Felipe Salvador Caicedo Corozo,Barcelona de Guayaquil,ST,36,69,68,63,71,66,59,55,35,85,79,59,8.33,65.0,39.0,68,FW
633,오스트리아,Austria,Alexander Schlager,FC Red Bull Salzburg,GK,29,73,23,13,33,69,20,46,24,55,52,47,73.67,21.5,19.33,14,GK
634,오스트리아,Austria,Patrick Pentz,Brøndby IF,GK,28,72,25,15,37,70,19,52,42,63,53,55,71.67,25.5,18.0,13,GK
635,오스트리아,Austria,Tobias Okiki Lawal,KRC Genk,GK,25,72,15,10,32,67,12,33,22,65,50,26,73.67,25.5,11.0,7,GK
636,오스트리아,Austria,David Olatukunbo Alaba,Real Madrid,CB,33,82,83,77,84,83,83,64,72,77,82,72,9.67,83.0,82.33,62,DF
637,오스트리아,Austria,Konrad Laimer,FC Bayern München,RB,28,82,75,74,79,84,76,82,79,69,74,82,11.33,79.5,82.0,69,DF
638,오스트리아,Austria,Kevin Danso,Tottenham Hotspur,CB,26,79,68,59,72,77,44,65,66,90,49,79,12.67,65.5,77.67,26,DF
639,오스트리아,Austria,Philipp Lienhart,SC Freiburg,CB,28,79,69,59,75,78,41,62,75,79,29,71,13.33,72.0,79.0,24,DF
640,오스트리아,Austria,Stefan Posch,Como,RB,28,79,75,65,70,76,73,71,70,75,63,78,6.67,72.0,79.67,52,DF
641,오스트리아,Austria,Marco Friedl,SV Werder Bremen,CB,27,77,71,68,73,76,63,67,75,77,48,82,8.0,72.5,80.0,39,DF
642,오스트리아,Austria,Phillipp Mwene,1. FSV Mainz 05,LB,31,76,73,75,70,75,76,83,88,66,62,73,9.33,68.5,72.67,52,DF
643,오스트리아,Austria,Gernot Trauner,Feyenoord,CB,33,75,65,63,76,69,57,46,64,89,68,62,8.0,71.5,75.33,50,DF
644,오스트리아,Austria,David Leopold Affengruber,Elche CF,CB,24,75,68,68,74,74,30,74,89,83,46,72,10.33,71.0,74.33,38,DF
645,오스트리아,Austria,Marcel Sabitzer,Borussia Dortmund,CDM,31,80,82,78,83,83,77,76,78,75,87,72,13.0,81.0,77.0,76,MF
646,오스트리아,Austria,Xaver Schlager,RB Leipzig,CDM,27,80,78,78,74,80,59,74,77,77,78,64,8.33,80.0,76.0,66,MF
647,오스트리아,Austria,Romano Christian Schmid,SV Werder Bremen,CAM,25,78,83,84,72,79,83,78,88,49,76,76,7.33,76.0,52.0,62,MF
648,오스트리아,Austria,Patrick Wimmer,VfL Wolfsburg,CAM,24,77,79,82,70,75,73,83,78,73,75,84,13.0,70.0,48.33,70,MF
649,오스트리아,Austria,Christoph Baumgartner,RB Leipzig,CAM,25,77,78,79,74,78,63,81,75,55,75,68,11.67,76.0,47.0,72,MF
650,오스트리아,Austria,Nicolas Seiwald,RB Leipzig,CDM,24,77,75,72,70,78,73,74,81,72,70,70,8.67,77.0,73.33,58,MF
651,오스트리아,Austria,Kevin Stöger,Borussia Mönchengladbach,CAM,31,76,78,76,72,77,79,60,68,63,74,50,12.33,81.5,63.67,69,MF
652,오스트리아,Austria,Valentino Lando Lazaro,Torino,RM,29,76,76,75,76,78,82,77,70,61,69,66,8.0,76.0,72.33,64,MF
653,오스트리아,Austria,Michael Gregoritsch,Brøndby IF,ST,31,75,74,68,73,80,62,36,71,86,83,37,10.67,65.5,38.0,78,FW
654,오스트리아,Austria,Saša Kalajdžić,LASK Linz,ST,27,74,75,74,74,78,59,51,41,82,74,49,12.0,69.0,44.0,77,FW
655,오스트리아,Austria,Karim Onisiwo,FC Red Bull Salzburg,ST,33,72,71,73,74,74,63,69,78,85,80,75,12.33,59.0,45.67,70,FW
656,오스트리아,Austria,Maximilian Entrup,LASK Linz,ST,27,72,70,64,70,67,42,72,74,74,74,74,9.67,56.5,22.67,74,FW
657,오스트리아,Austria,Chukwubuike Junior Adamu,SC Freiburg,ST,24,71,66,70,68,69,43,79,74,72,72,76,10.33,51.5,17.67,72,FW
658,오스트리아,Austria,Raul Florucz,Union Saint-Gilloise,RW,24,70,72,74,72,61,65,75,67,62,72,70,10.0,65.5,26.67,70,FW
659,온두라스,Honduras,Andy Ariel Nájar Rodríguez,Nashville SC,RB,32,72,75,75,69,71,73,70,59,66,63,72,12.0,69.0,71.0,62,DF
660,온두라스,Honduras,Joseph Yerimid Rosales Erazo,Minnesota United FC,LB,24,67,65,67,61,65,63,77,74,59,58,80,9.67,59.5,64.33,39,DF
661,온두라스,Honduras,Julián Martinez,Alverca,CB,21,65,68,54,45,67,50,63,56,55,45,64,11.67,52.5,67.0,24,DF
662,온두라스,Honduras,Kervin Fabián Arriaga Villanueva,Levante UD,CDM,27,73,65,59,64,68,52,58,81,84,68,64,9.33,68.5,70.0,41,MF
663,온두라스,Honduras,Bryan Josué Acosta Ramos,Nashville SC,CM,31,70,66,64,68,68,69,73,82,76,83,69,8.0,70.5,64.33,59,MF
664,온두라스,Honduras,Deybi Aldair Flores Flores,Al-Najma SC,CDM,29,67,60,60,60,62,55,77,72,74,60,77,12.67,62.5,67.33,37,MF
665,온두라스,Honduras,Rigoberto Manuel Rivas Vindel,Kocaelispor,RM,26,66,64,70,58,58,61,78,67,59,72,77,10.0,60.0,34.0,61,MF
666,온두라스,Honduras,David Antonio Ochoa Posas,Inter Miami,CM,21,64,70,72,59,58,52,69,66,53,48,67,8.67,64.0,64.0,50,MF
667,온두라스,Honduras,Romell Samir Quioto Robinson,Al-Najma SC,ST,33,73,70,73,68,70,69,74,60,80,74,86,12.0,66.0,14.33,72,FW
668,온두라스,Honduras,Luis Enrique Palma Oseguera,Lech Poznań,LW,25,71,71,73,74,66,73,73,64,61,78,76,9.33,73.0,28.0,69,FW
669,온두라스,Honduras,Exon Saturnino Arzú Suazo,Houston Dynamo,ST,21,56,55,62,50,52,34,75,34,70,53,70,10.0,44.0,17.33,60,FW
670,우루과이,Uruguay,Néstor Fernando Muslera Micol,Estudiantes de La Plata,GK,39,79,27,25,55,77,15,40,40,68,50,47,78.67,41.0,17.0,10,GK
671,우루과이,Uruguay,Franco Israel Wibmer,Torino,GK,25,75,24,18,44,64,11,30,23,80,53,32,77.67,33.5,10.0,6,GK
672,우루과이,Uruguay,Martín Nicolás Campaña Delgado,Peñarol,GK,36,74,31,18,54,71,21,42,28,79,54,50,73.0,40.0,20.33,16,GK
673,우루과이,Uruguay,José María Giménez de Vargas,Atlético Madrid,CB,30,83,70,55,75,78,47,68,71,85,73,77,11.33,73.5,85.67,37,DF
674,우루과이,Uruguay,Ronald Federico Araújo da Silva,FC Barcelona,CB,26,83,66,55,76,81,58,73,72,87,68,85,10.0,69.5,81.33,56,DF
675,우루과이,Uruguay,Sebastián Coates Nión,Club Nacional de Football,CB,34,79,65,64,77,70,20,61,75,91,50,59,15.0,70.5,81.0,55,DF
676,우루과이,Uruguay,Mathías Olivera Miramontes,Napoli,LB,27,78,76,73,68,79,76,69,78,67,56,71,14.0,71.0,77.0,50,DF
677,우루과이,Uruguay,Santiago Ignacio Bueno Sciutto,Wolverhampton Wanderers,CB,26,76,69,47,69,76,30,52,73,79,56,49,9.33,70.5,76.33,20,DF
678,우루과이,Uruguay,Leandro Daniel Cabrera Sasía,RCD Espanyol,CB,34,75,60,50,57,74,62,52,74,81,76,46,13.67,62.0,76.0,36,DF
679,우루과이,Uruguay,Pedro Gastón Álvarez Sosa,Al Qadsiah FC,CB,25,75,68,65,61,72,72,70,66,79,42,80,10.0,61.5,75.33,21,DF
680,우루과이,Uruguay,Gastón Nicolás Martirena Torres,Racing Club,RB,25,75,65,71,68,70,74,77,85,54,78,90,10.0,67.0,71.67,66,DF
681,우루과이,Uruguay,Álvaro Santiago Mouriño González,Villarreal CF,CB,23,74,66,61,65,69,37,65,71,80,55,69,10.0,68.5,74.0,32,DF
682,우루과이,Uruguay,Federico Santiago Valverde Dipetta,Real Madrid,CM,26,89,88,84,84,89,78,84,93,82,91,92,9.67,88.0,85.0,80,MF
683,우루과이,Uruguay,Lucas Sebastián Torreira di Pascua,Galatasaray SK,CDM,29,83,81,76,84,84,72,80,92,69,80,73,7.0,81.0,82.33,71,MF
684,우루과이,Uruguay,Rodrigo Bentancur Colmán,Tottenham Hotspur,CDM,28,80,81,81,82,78,74,63,72,70,71,65,11.33,81.0,78.33,68,MF
685,우루과이,Uruguay,Mauro Wilney Arambarri Rosa,Getafe CF,CM,29,80,79,78,74,79,64,75,84,76,83,57,9.67,79.5,80.33,82,MF
686,우루과이,Uruguay,Rodrigo Zalazar Martínez,Sporting Clube de Braga,CAM,25,79,81,75,78,75,74,77,84,68,88,82,8.0,80.5,66.0,80,MF
687,우루과이,Uruguay,Manuel Ugarte Ribeiro,Manchester United,CDM,24,79,76,77,79,78,62,62,70,74,67,62,9.0,78.0,78.67,65,MF
688,우루과이,Uruguay,Leonardo Cecilio Fernández López,Peñarol,CAM,26,78,76,78,68,72,73,78,68,64,88,78,11.0,78.5,47.0,80,MF
689,우루과이,Uruguay,Matías Vecino Falero,Lazio,CM,33,77,80,76,80,78,69,52,64,77,82,54,4.0,77.0,76.67,68,MF
690,우루과이,Uruguay,Darwin Gabriel Núñez Ribeiro,Al Hilal,ST,26,79,77,78,76,74,69,86,79,81,87,89,12.33,71.0,44.33,77,FW
691,우루과이,Uruguay,Luis Alberto Suárez Díaz,Inter Miami,ST,38,79,79,75,86,83,71,52,53,81,83,54,32.33,71.5,36.0,82,FW
692,우루과이,Uruguay,Cristhian Ricardo Stuani Curbelo,Girona FC,ST,38,77,73,70,78,74,68,58,51,87,80,64,13.33,69.0,45.33,79,FW
693,우루과이,Uruguay,Édinson Roberto Cavani Gómez,Boca Juniors,ST,38,76,75,70,81,82,65,50,57,74,80,53,11.67,62.0,44.0,80,FW
694,우루과이,Uruguay,Nicolás Federico López Alonso,Club Nacional de Football,ST,31,76,78,82,81,66,75,70,60,65,79,71,8.67,73.5,20.67,84,FW
695,우루과이,Uruguay,Miguel Ángel Merentiel Serrano,Boca Juniors,ST,29,76,73,73,75,77,26,80,81,83,75,80,7.33,62.0,33.33,79,FW
696,이란,Iran,Amir Abedzadehامیر عابدزاده,CD Castellón,GK,32,68,15,10,34,69,12,30,21,60,47,25,68.33,35.5,13.67,10,GK
697,이란,Iran,Seyed Majid Hosseiniمجید حسینی,Kayserispor,CB,29,68,51,42,66,63,28,52,74,75,46,60,10.33,62.0,68.0,22,DF
698,이란,Iran,Seyed Allahyar Sayyadmanesh Shiadehالهیار صیادمنش,KVC Westerlo,LM,24,74,75,75,60,66,73,85,79,78,73,88,10.67,68.0,47.0,73,MF
699,이란,Iran,Ali Gholizadehعلی قلی‌زاده,Lech Poznań,RM,29,71,70,72,69,65,68,74,74,62,69,69,10.67,68.5,47.33,68,MF
700,이란,Iran,Ali Karimiعلی کریمی,Kayserispor,CDM,31,67,72,66,67,67,58,64,69,74,64,48,6.67,67.0,62.67,60,MF
701,이란,Iran,Mehdi Taremiمهدی طارمی,Olympiacos FC,ST,32,78,80,78,84,76,70,77,65,77,75,72,10.67,72.0,34.67,80,FW
702,이집트,Egypt,Ahmed Elsayed Ali Elsayed Hegazyأحمد حجازي,NEOM SC,CB,34,75,60,53,60,72,21,34,54,90,27,33,10.67,70.0,73.67,30,DF
703,이집트,Egypt,Mohamed Abdelmonemمحمد عبد المنعم,OGC Nice,CB,26,74,62,58,74,68,56,63,63,77,56,62,11.33,72.5,74.0,34,DF
704,이집트,Egypt,Rami Hisham Abdel Aziz Rabia,Al Ain,CB,32,67,58,50,63,58,43,58,65,75,66,61,11.0,62.5,67.0,39,DF
705,이집트,Egypt,Omar Fayedعمر فايد,FC Arouca,CB,21,65,56,58,60,56,44,60,59,75,59,59,10.67,59.0,65.33,25,DF
706,이집트,Egypt,Mohamed Salah Hamed Ghalyمحمد صلاح,Liverpool,RM,33,91,90,90,93,94,86,88,88,75,83,89,13.0,84.5,40.67,94,MF
707,이집트,Egypt,Sonny Sharples-Ahmedسوني شاربلز,Bolton Wanderers,CM,20,52,54,52,50,53,49,68,52,49,49,66,10.33,54.0,47.33,44,MF
708,이집트,Egypt,Omar Khaled Mohamed Marmoush,Manchester City,ST,26,84,86,87,84,85,64,87,76,67,85,90,10.0,74.0,27.33,87,FW
709,이집트,Egypt,Mostafa Mohamed Ahmed Abdallaمصطفى محمد,FC Nantes,ST,27,73,70,65,64,67,52,68,71,86,81,72,11.33,57.0,30.33,72,FW
710,이집트,Egypt,Ahmed Hassan Mahgoubأحمد حسن محجوب,Al Ettifaq,ST,32,72,70,64,72,74,34,52,60,83,79,51,13.33,59.5,21.33,74,FW
711,이집트,Egypt,Karim Ashraf Ahmed,Al Akhdoud Saudi Club,ST,21,53,51,46,44,48,30,63,55,75,56,67,10.0,39.0,27.67,51,FW
712,이탈리아,Italy,Gianluigi Donnarumma,Manchester City,GK,26,89,30,28,54,87,12,50,41,75,53,55,89.0,35.0,17.0,12,GK
713,이탈리아,Italy,Marco Carnesecchi,Atalanta,GK,25,84,21,14,40,71,11,24,28,55,53,39,85.67,33.5,15.67,8,GK
714,이탈리아,Italy,Ivan Provedel,Lazio,GK,31,82,22,16,68,75,21,44,28,56,60,40,83.33,58.5,22.33,17,GK
715,이탈리아,Italy,Alessandro Bastoni,Inter,CB,26,87,82,74,85,89,72,71,81,81,59,77,11.33,83.0,87.0,39,DF
716,이탈리아,Italy,Federico Dimarco,Inter,LB,27,85,86,79,78,83,87,83,84,72,81,78,7.67,83.5,80.33,74,DF
717,이탈리아,Italy,Francesco Acerbi,Inter,CB,37,84,72,65,86,88,34,61,73,84,75,54,11.67,80.5,86.0,37,DF
718,이탈리아,Italy,Gianluca Mancini,Roma,CB,29,83,76,59,83,85,34,65,84,79,51,74,9.0,71.0,83.0,48,DF
719,이탈리아,Italy,Giovanni Di Lorenzo,Napoli,RB,31,83,78,76,74,80,79,83,90,74,75,85,8.33,74.0,79.33,72,DF
720,이탈리아,Italy,Alessandro Buongiorno,Napoli,CB,26,82,71,60,77,84,63,65,78,78,65,72,12.0,72.0,83.0,36,DF
721,이탈리아,Italy,Alessio Romagnoli,Lazio,CB,30,82,73,68,77,82,36,65,77,80,63,64,8.67,71.5,84.0,30,DF
722,이탈리아,Italy,Matteo Darmian,Inter,RB,35,81,79,72,79,83,74,68,75,64,69,74,8.33,77.5,82.0,60,DF
723,이탈리아,Italy,Federico Gatti,Juventus,CB,27,80,68,62,78,79,38,73,74,81,68,78,7.67,64.5,81.0,30,DF
724,이탈리아,Italy,Nicolò Barella,Inter,CM,28,87,87,84,88,91,79,82,89,66,80,78,12.0,88.0,81.67,77,MF
725,이탈리아,Italy,Sandro Tonali,Newcastle United,CDM,25,86,85,78,84,84,78,78,83,82,85,79,9.0,84.5,82.0,69,MF
726,이탈리아,Italy,Manuel Locatelli,Juventus,CDM,27,84,81,76,82,82,73,61,89,71,79,65,12.0,84.5,82.33,58,MF
727,이탈리아,Italy,Mattia Zaccagni,Lazio,LM,30,84,87,88,83,83,75,90,81,59,78,87,9.33,78.5,55.0,79,MF
728,이탈리아,Italy,Riccardo Orsolini,Bologna,RM,28,82,83,85,76,78,85,81,74,71,83,78,9.67,75.5,46.67,80,MF
729,이탈리아,Italy,Davide Frattesi,Inter,CM,25,81,83,82,81,83,67,84,80,64,76,80,8.67,81.5,73.0,79,MF
730,이탈리아,Italy,Federico Chiesa,Liverpool,RM,27,81,81,84,80,80,75,88,63,67,84,87,7.33,75.5,41.67,80,MF
731,이탈리아,Italy,Lorenzo Pellegrini,Roma,CAM,29,80,84,78,78,79,74,76,77,70,79,74,12.0,82.0,73.0,76,MF
732,이탈리아,Italy,Moise Bioty Kean,Fiorentina,ST,25,83,83,82,77,78,51,84,82,72,87,87,9.67,57.0,35.33,88,FW
733,이탈리아,Italy,Mateo Retegui,Al Qadsiah FC,ST,26,83,84,78,77,80,51,69,74,81,84,74,9.67,72.5,29.67,88,FW
734,이탈리아,Italy,Domenico Berardi,Sassuolo,RW,30,82,84,83,78,82,77,84,75,58,80,80,5.33,79.0,30.67,81,FW
735,이탈리아,Italy,Matteo Politano,Napoli,RW,31,81,83,82,80,82,80,81,78,39,78,79,10.0,79.0,58.0,78,FW
736,이탈리아,Italy,Gianluca Scamacca,Atalanta,ST,26,79,80,74,79,76,44,61,51,83,83,69,10.33,72.5,29.33,83,FW
737,이탈리아,Italy,Ciro Immobile,Bologna,ST,35,78,77,76,76,77,55,68,67,72,82,68,8.0,66.0,33.0,79,FW
738,일본,Japan,Zion Suzuki鈴木 彩艶,Parma,GK,22,74,11,14,39,67,12,55,23,78,53,58,74.0,22.0,12.33,6,GK
739,일본,Japan,Yohei Takaoka高丘 陽平,Vancouver Whitecaps FC,GK,29,72,15,11,21,69,13,42,18,61,50,33,71.33,23.5,14.67,9,GK
740,일본,Japan,Leo Brian Kokubo小久保 玲央 ブライアン,Sint-Truidense VV,GK,24,70,22,20,35,66,21,45,22,47,47,35,71.33,34.5,12.33,11,GK
741,일본,Japan,Hiroki Ito伊藤 洋輝,FC Bayern München,CB,26,78,77,69,76,82,68,74,59,77,78,74,11.0,78.5,79.33,48,DF
742,일본,Japan,Ko Itakura板倉 滉,Ajax,CB,28,77,74,75,76,76,34,77,76,75,67,74,11.67,75.5,78.33,60,DF
743,일본,Japan,Koki Machida町田 浩樹,TSG 1899 Hoffenheim,CB,27,76,68,48,62,73,47,72,77,88,63,83,9.33,70.0,73.67,34,DF
744,일본,Japan,Tsuyoshi Watanabe渡辺 剛,Feyenoord,CB,28,75,66,53,65,72,25,76,74,82,52,76,12.33,67.0,76.0,33,DF
745,일본,Japan,Seiya Maikuma毎熊 晟矢,AZ Alkmaar,RB,27,74,71,69,72,74,72,77,81,72,66,70,10.0,67.0,71.33,58,DF
746,일본,Japan,Yukinari Sugawara菅原 由勢,SV Werder Bremen,RB,25,74,72,71,70,71,76,75,75,67,65,75,9.33,72.5,71.0,48,DF
747,일본,Japan,Kota Takai高井 幸大,Tottenham Hotspur,CB,20,72,62,65,66,70,39,64,55,76,41,68,11.67,63.5,72.0,28,DF
748,일본,Japan,Miki Yamane山根 視来,LA Galaxy,RB,31,72,68,71,68,70,67,71,82,70,70,82,12.0,69.0,68.0,58,DF
749,일본,Japan,Hiroki Sekine関根 大輝,Stade de Reims,RB,22,71,59,56,53,68,63,74,80,69,42,68,9.33,53.0,71.0,26,DF
750,일본,Japan,Kaoru Mitoma三笘 薫,Brighton & Hove Albion,LM,28,82,88,87,84,77,77,88,75,60,69,87,11.0,72.5,57.0,79,MF
751,일본,Japan,Ritsu Doan堂安 律,Eintracht Frankfurt,RM,27,82,84,86,75,79,77,86,90,59,67,78,11.67,75.0,39.0,75,MF
752,일본,Japan,Takefusa Kubo久保 建英,Real Sociedad,RM,24,82,84,86,80,80,80,89,74,60,77,84,8.67,76.0,43.0,79,MF
753,일본,Japan,Wataru Endo遠藤 航,Liverpool,CDM,32,79,78,76,79,77,58,66,77,67,76,52,8.33,78.5,77.33,67,MF
754,일본,Japan,Kaishu Sano佐野 海舟,1. FSV Mainz 05,CDM,24,79,75,76,76,78,53,76,92,65,65,81,7.67,75.5,74.33,43,MF
755,일본,Japan,Hidemasa Morita守田 英正,Sporting CP,CM,30,79,81,80,79,79,70,67,83,77,72,68,7.0,80.0,75.0,75,MF
756,일본,Japan,Takumi Minamino南野 拓実,AS Monaco,LM,30,78,80,81,78,77,73,84,74,58,71,71,12.67,73.0,35.33,76,MF
757,일본,Japan,Daichi Kamada鎌田 大地,Crystal Palace,CM,28,77,79,77,74,79,74,74,75,55,65,68,7.67,78.0,63.0,74,MF
758,일본,Japan,Daizen Maeda前田 大然,Celtic,LW,27,79,71,73,76,85,69,94,95,67,78,91,8.67,65.5,62.67,82,FW
759,일본,Japan,Kyogo Furuhashi古橋 亨梧,Birmingham City,ST,30,75,76,69,77,79,61,86,85,51,79,83,11.67,67.5,46.67,74,FW
760,일본,Japan,Shuto Machino町野 修斗,Borussia Mönchengladbach,ST,25,75,76,77,67,69,58,74,80,75,82,91,9.0,68.0,34.0,74,FW
761,일본,Japan,Ayase Ueda上田 綺世,Feyenoord,ST,26,74,69,65,79,76,47,75,72,70,73,73,9.33,54.0,22.0,78,FW
762,일본,Japan,Ado Onaiwuオナイウ 阿道,1. FC Magdeburg,ST,29,72,71,69,66,69,61,80,65,72,72,77,9.67,63.0,35.0,73,FW
763,일본,Japan,Yuki Ohashi大橋 祐紀,Blackburn Rovers,ST,28,69,67,68,65,70,53,68,75,68,68,73,9.33,53.0,32.33,70,FW
764,잉글랜드,England,Jordan Lee Pickford,Everton,GK,31,84,42,20,65,82,17,57,40,72,66,47,84.0,60.0,17.67,19,GK
765,잉글랜드,England,Dean Bradley Henderson,Crystal Palace,GK,28,81,35,13,60,81,14,55,32,64,58,56,81.33,46.5,14.33,9,GK
766,잉글랜드,England,Nicholas David Pope,Newcastle United,GK,33,81,25,15,63,78,11,50,35,75,51,47,80.33,47.0,16.0,14,GK
767,잉글랜드,England,Trent John Alexander-Arnold,Real Madrid,RB,26,86,85,79,82,85,93,72,89,68,85,79,9.0,89.0,79.67,64,DF
768,잉글랜드,England,Benjamin William White,Arsenal,RB,27,83,79,74,81,84,77,68,78,77,53,71,6.33,79.5,83.0,30,DF
769,잉글랜드,England,Addji Keaninkin Marc-Israel Guéhi,Crystal Palace,CB,24,82,76,72,76,83,58,68,73,80,49,69,10.67,78.5,84.33,42,DF
770,잉글랜드,England,John Stones,Manchester City,CB,31,82,79,74,85,82,63,65,53,78,68,64,8.33,80.5,84.33,54,DF
771,잉글랜드,England,Ezri Konsa Ngoyo,Aston Villa,CB,27,82,78,73,81,84,65,72,79,78,69,78,12.0,75.0,83.33,55,DF
772,잉글랜드,England,Oluwafikayomi Oluwadamilola Tomori,AC Milan,CB,27,81,70,61,81,83,53,78,74,76,56,84,9.33,70.0,81.67,33,DF
773,잉글랜드,England,Reece James,Chelsea,RB,25,81,79,78,82,80,88,75,67,86,85,76,10.67,80.5,81.33,67,DF
774,잉글랜드,England,Levi Lemar Samuel Colwill,Chelsea,CB,22,80,77,70,79,78,65,66,77,79,60,73,13.0,75.5,80.67,38,DF
775,잉글랜드,England,Jacob Harry Maguire,Manchester United,CB,32,80,71,68,79,78,51,37,66,89,82,34,12.33,80.5,78.33,48,DF
776,잉글랜드,England,Jude Victor William Bellingham,Real Madrid,CAM,22,90,91,91,90,91,66,81,94,80,86,80,9.0,89.5,77.67,88,MF
777,잉글랜드,England,Cole Jermaine Palmer,Chelsea,CAM,23,87,89,87,89,88,85,76,83,60,85,75,11.67,86.5,46.67,82,MF
778,잉글랜드,England,Declan Rice,Arsenal,CDM,26,87,84,82,86,85,88,71,92,78,87,73,7.33,86.0,84.0,64,MF
779,잉글랜드,England,James Daniel Maddison,Tottenham Hotspur,CM,28,84,87,86,87,80,84,70,78,56,83,65,12.33,86.0,58.0,80,MF
780,잉글랜드,England,Eberechi Oluchi Eze,Arsenal,CAM,27,83,87,87,87,82,76,73,76,68,81,75,11.33,80.5,46.67,79,MF
781,잉글랜드,England,Jarrod Bowen,West Ham United,RM,28,83,82,82,80,84,80,78,83,66,80,74,10.33,76.5,42.33,84,MF
782,잉글랜드,England,Morgan Elliot Rogers,Aston Villa,CAM,22,82,84,86,85,82,75,74,83,80,76,79,10.67,80.0,63.0,80,MF
783,잉글랜드,England,Morgan Anthony Gibbs-White,Nottingham Forest,CAM,25,82,85,83,84,82,80,76,80,68,79,75,11.0,83.5,59.0,77,MF
784,잉글랜드,England,Harry Edward Kane,FC Bayern München,ST,31,89,87,80,92,94,80,62,76,86,91,66,11.0,82.5,42.67,93,FW
785,잉글랜드,England,Bukayo Saka,Arsenal,RW,23,88,88,89,82,88,90,87,86,68,79,81,9.67,81.0,60.67,84,FW
786,잉글랜드,England,Philip Walter Foden,Manchester City,RW,25,85,89,89,85,82,80,83,83,41,89,79,10.33,81.5,55.33,82,FW
787,잉글랜드,England,Oliver George Arthur Watkins,Aston Villa,ST,29,84,79,81,77,85,67,77,88,76,84,77,10.0,71.5,42.33,85,FW
788,잉글랜드,England,Anthony Michael Gordon,Newcastle United,LW,24,83,83,85,81,83,81,89,87,61,78,92,6.67,72.5,51.0,81,FW
789,잉글랜드,England,Jacob Kai Murphy,Newcastle United,RW,30,81,80,82,78,81,84,80,82,69,84,83,9.67,73.0,60.67,80,FW
790,체코,Czech Republic,Jindřich Staněk,SK Slavia Praha,GK,29,76,27,17,48,72,16,36,26,68,59,35,76.0,20.5,14.67,15,GK
791,체코,Czech Republic,Matěj Kovář,PSV,GK,25,75,35,22,63,67,15,26,28,55,59,37,75.33,46.5,12.0,9,GK
792,체코,Czech Republic,Martin Jedlička,Viktoria Plzeň,GK,27,75,22,11,38,71,11,33,22,62,53,37,74.67,43.0,12.0,6,GK
793,체코,Czech Republic,Ladislav Krejčí,Wolverhampton Wanderers,CB,26,78,72,69,75,75,56,68,79,85,78,75,9.67,74.5,75.0,62,DF
794,체코,Czech Republic,Tomáš Holeš,SK Slavia Praha,CB,32,76,70,65,73,74,73,74,77,81,72,74,9.0,70.0,75.0,52,DF
795,체코,Czech Republic,Filip Panák,Sparta Praha,CB,29,74,74,66,81,74,54,68,67,84,52,71,8.0,75.0,71.0,51,DF
796,체코,Czech Republic,David Zima,SK Slavia Praha,CB,24,74,63,60,73,73,36,72,71,78,61,80,8.33,62.5,75.33,30,DF
797,체코,Czech Republic,Martin Vitík,Bologna,CB,22,74,67,63,67,71,31,71,63,81,60,75,11.0,65.0,74.0,33,DF
798,체코,Czech Republic,Jan Bořil,SK Slavia Praha,CB,34,74,69,64,70,74,70,63,70,80,74,66,11.67,71.0,72.67,58,DF
799,체코,Czech Republic,Václav Jemelka,Viktoria Plzeň,CB,30,74,70,68,70,70,65,64,71,80,56,68,10.67,71.0,71.33,44,DF
800,체코,Czech Republic,Pavel Kadeřábek,Sparta Praha,RB,33,74,73,69,72,75,77,73,76,75,64,61,10.0,70.0,72.0,34,DF
801,체코,Czech Republic,Tomáš Vlček,SK Slavia Praha,CB,24,73,69,66,61,69,42,74,64,80,57,75,7.67,68.5,71.67,32,DF
802,체코,Czech Republic,Lukáš Provod,SK Slavia Praha,CAM,28,78,79,79,79,79,78,71,85,85,82,80,12.0,78.5,63.0,71,MF
803,체코,Czech Republic,Tomáš Souček,West Ham United,CDM,30,78,75,71,73,78,68,42,87,80,73,47,8.33,75.0,77.67,72,MF
804,체코,Czech Republic,Pavel Šulc,Olympique Lyonnais,CAM,24,77,77,78,78,77,74,72,85,54,66,70,12.0,75.5,40.0,78,MF
805,체코,Czech Republic,Václav Černý,Beşiktaş JK,RM,27,77,77,78,68,74,70,87,89,54,72,83,11.0,65.0,37.67,74,MF
806,체코,Czech Republic,Michal Sadílek,SK Slavia Praha,CDM,26,76,74,68,70,71,69,74,86,74,71,36,12.0,79.5,72.67,50,MF
807,체코,Czech Republic,Antonín Barák,Sampdoria,CM,30,75,77,75,78,74,75,70,78,73,80,68,12.33,76.5,64.0,71,MF
808,체코,Czech Republic,Pavel Bucha,FC Cincinnati,CM,27,75,76,76,75,75,72,76,81,64,71,67,10.33,75.0,68.33,68,MF
809,체코,Czech Republic,Matěj Šín,AZ Alkmaar,CAM,21,74,77,76,73,74,69,70,77,71,63,72,10.67,73.0,52.0,68,MF
810,체코,Czech Republic,Patrik Schick,Bayer 04 Leverkusen,ST,29,85,83,81,85,85,64,72,69,85,85,72,11.33,71.0,30.67,86,FW
811,체코,Czech Republic,Adam Hložek,TSG 1899 Hoffenheim,ST,22,77,78,78,76,75,69,78,77,83,84,78,10.67,71.5,26.0,77,FW
812,체코,Czech Republic,Tomáš Chorý,SK Slavia Praha,ST,30,75,72,66,74,75,44,47,75,95,77,65,9.0,62.0,28.0,76,FW
813,체코,Czech Republic,Vasil Kušej,SK Slavia Praha,LW,25,74,77,79,67,65,68,82,67,64,66,74,11.67,65.0,19.33,73,FW
814,체코,Czech Republic,Matěj Vydra,Viktoria Plzeň,ST,33,74,72,71,72,76,66,78,66,75,74,75,12.67,63.5,32.67,73,FW
815,체코,Czech Republic,Mojmír Chytil,SK Slavia Praha,ST,26,74,73,66,68,73,43,71,74,88,74,75,8.0,52.0,23.33,74,FW
816,칠레,Chile,Gabriel Arias Arroyo,Racing Club,GK,37,77,40,25,45,76,15,45,35,67,54,44,76.0,40.0,24.0,18,GK
817,칠레,Chile,Brayan Josué Cortés Fernández,Peñarol,GK,30,72,37,13,63,67,29,48,40,70,53,48,71.33,50.0,15.67,14,GK
818,칠레,Chile,Gabriel Jesús Castellón Velázquez,Universidad de Chile,GK,31,72,25,18,51,69,9,45,34,80,44,40,72.67,43.0,18.0,14,GK
819,칠레,Chile,Paulo César Díaz Huincales,River Plate,CB,30,76,70,70,79,73,70,71,81,76,70,74,14.33,76.0,75.33,51,DF
820,칠레,Chile,Guillermo Alfonso Maripán Loaysa,Torino,CB,31,76,63,49,75,70,41,32,65,84,58,33,11.67,71.0,76.67,39,DF
821,칠레,Chile,Gabriel Alonso Suazo Urbina,Sevilla FC,LB,27,74,72,70,74,74,70,67,82,71,67,69,11.67,69.0,73.0,60,DF
822,칠레,Chile,Sebastián Ignacio Vegas Orellana,Colo-Colo,CB,28,73,68,63,69,68,63,62,73,78,67,68,8.33,66.5,72.33,48,DF
823,칠레,Chile,Matías Ezequiel Catalán Echevarría,Talleres,CB,32,73,68,63,70,71,59,81,73,81,58,80,12.0,72.0,74.0,59,DF
824,칠레,Chile,Cristian Fernando Suárez Figueroa,CD Palestino,CB,38,72,63,57,71,72,62,58,71,71,45,76,10.0,68.5,73.0,40,DF
825,칠레,Chile,Matías Ezequiel Zaldivia,Universidad de Chile,CB,34,71,55,50,68,69,63,39,67,79,47,34,9.33,64.0,70.33,32,DF
826,칠레,Chile,Gary Alexis Medel Soto,Universidad Católica,CB,37,71,67,60,71,75,50,47,64,72,65,48,8.67,66.5,72.67,32,DF
827,칠레,Chile,Erwin Branco Ampuero Vera,Universidad Católica,CB,31,71,52,36,62,71,44,42,59,81,42,53,12.0,63.5,71.33,28,DF
828,칠레,Chile,Carlos Alonso Enrique Palacios Núñez,Boca Juniors,CAM,24,76,76,78,70,69,72,88,71,76,72,79,12.0,72.5,27.33,74,MF
829,칠레,Chile,Diego Alfonso Valdés Contreras,Vélez Sarsfield,CAM,31,75,78,77,74,70,67,74,70,74,77,73,8.0,74.5,52.0,67,MF
830,칠레,Chile,Charles Mariano Aránguiz Sandoval,Universidad de Chile,CM,36,74,78,71,73,69,75,34,61,63,78,34,12.0,78.0,64.0,65,MF
831,칠레,Chile,Benjamin Anthony Brereton Díaz,Derby County,LM,26,74,73,75,72,74,68,80,78,80,75,81,10.67,63.0,38.33,75,MF
832,칠레,Chile,Claudio Andrés Baeza Baeza,Vélez Sarsfield,CDM,31,73,73,70,68,71,65,67,82,72,71,65,11.33,71.0,69.0,66,MF
833,칠레,Chile,Arturo Erasmo Vidal Pardo,Colo-Colo,CM,38,73,75,68,74,72,74,52,62,73,80,50,3.33,73.5,73.33,64,MF
834,칠레,Chile,Marcelino Ignacio Núñez Espinoza,Ipswich Town,CM,25,73,73,72,77,73,68,63,81,65,81,62,11.0,74.5,64.33,63,MF
835,칠레,Chile,Joe Axel Abrigo Navarro,CD Palestino,CAM,30,72,74,74,70,64,60,79,41,46,63,78,8.33,72.0,43.33,66,MF
836,칠레,Chile,Alexis Alejandro Sánchez Sánchez,Sevilla FC,ST,36,76,82,80,80,76,76,71,51,58,76,65,11.67,77.0,41.33,78,FW
837,칠레,Chile,Fernando Matías Zampedri,Universidad Católica,ST,37,74,69,69,67,67,50,55,52,82,81,61,10.0,58.0,25.0,81,FW
838,칠레,Chile,Lucas Antonio Cepeda Barturen,Colo-Colo,LW,22,72,72,71,65,64,69,83,75,79,78,81,10.67,66.5,49.33,72,FW
839,칠레,Chile,Darío Esteban Osorio Osorio,FC Midtjylland,RW,21,72,70,77,64,67,69,77,71,64,73,83,8.0,66.5,41.0,70,FW
840,칠레,Chile,Pablo Mauricio Aránguiz Salazar,Unión Española,LW,28,71,74,74,67,59,62,83,70,45,69,78,13.67,69.0,35.33,64,FW
841,칠레,Chile,Felipe Andrés Mora Aliaga,Portland Timbers,ST,31,71,70,70,70,68,32,72,61,67,72,71,10.67,64.5,21.0,73,FW
842,카메룬,Cameroon,André Onana,Trabzonspor,GK,29,80,40,26,65,76,15,62,40,78,64,60,80.33,57.5,14.67,12,GK
843,카메룬,Cameroon,Simon Brady Ngapandouetnbu,Montpellier HSC,GK,22,66,19,13,28,47,21,28,26,55,47,15,68.67,23.0,17.0,7,GK
844,카메룬,Cameroon,Devis Rogers Epassy Mboka,Dinamo Bucureşti,GK,32,65,23,18,31,64,12,41,33,65,44,43,65.33,25.5,16.67,17,GK
845,카메룬,Cameroon,Flavien Enzo Thiedort Boyomo,CA Osasuna,CB,23,78,70,31,63,70,34,72,80,83,52,75,10.67,65.0,79.0,35,DF
846,카메룬,Cameroon,Harold Desty Moukoudi,AEK Athens,CB,27,76,64,55,75,68,36,45,76,93,50,53,12.0,67.0,74.33,31,DF
847,카메룬,Cameroon,Jackson Tchatchoua,Wolverhampton Wanderers,RB,24,74,73,76,64,65,75,87,88,73,67,91,8.67,62.0,67.67,56,DF
848,카메룬,Cameroon,Michael Ngadeu Ngadjui,Beijing Guoan,CB,34,73,58,50,60,65,42,51,73,91,63,71,7.0,72.5,71.33,34,DF
849,카메룬,Cameroon,Darlin Zidane Yongwa Ngameni,FC Lorient,LB,24,72,69,64,63,66,69,81,78,70,35,88,11.33,62.0,70.0,41,DF
850,카메룬,Cameroon,Duplexe Tchamba Bangou,Casa Pia,CB,26,71,62,51,53,59,38,65,72,80,40,72,9.0,57.5,69.33,32,DF
851,카메룬,Cameroon,Nouhou Tolo,Seattle Sounders FC,LB,28,71,59,58,61,67,60,84,83,76,54,84,9.33,53.5,70.0,28,DF
852,카메룬,Cameroon,Enzo Gianni Tchato Mbiayi,Montpellier HSC,RB,22,71,68,66,56,68,67,84,69,67,42,86,9.67,58.5,68.0,53,DF
853,카메룬,Cameroon,Joyskim Aurélien Dawa Tchakonte,FCSB,CB,29,70,45,43,60,67,41,77,81,83,67,79,11.33,55.5,69.67,50,DF
854,카메룬,Cameroon,André-Frank Zambo Anguissa,Napoli,CM,29,82,82,79,80,84,62,74,89,82,75,76,10.0,81.5,77.67,76,MF
855,카메룬,Cameroon,Carlos Noom Quomah Baleba,Brighton & Hove Albion,CDM,21,81,80,82,80,80,65,75,81,79,85,74,12.67,80.5,79.0,63,MF
856,카메룬,Cameroon,Yvan Neyou Noupa,Getafe CF,CM,28,75,78,78,75,72,67,56,78,64,64,67,12.33,75.5,73.67,64,MF
857,카메룬,Cameroon,Jules Olivier Ntcham,Samsunspor,CDM,29,73,76,74,76,69,68,70,77,76,82,75,6.67,75.5,66.33,68,MF
858,카메룬,Cameroon,Olivier Kemen,Medipol Başakşehir FK,CM,28,72,72,74,72,75,58,74,84,82,75,80,12.0,71.5,69.0,70,MF
859,카메룬,Cameroon,Nathan Ngoumou Minpole,Borussia Mönchengladbach,RM,25,72,72,73,67,69,64,83,70,67,77,94,10.67,63.5,35.33,69,MF
860,카메룬,Cameroon,Arthur Avom Ebong,FC Lorient,CM,20,71,78,72,71,66,59,71,81,63,58,69,12.33,71.5,66.0,52,MF
861,카메룬,Cameroon,Jean Emile Junior Onana Onana,Genoa,CM,25,71,74,73,72,67,59,53,64,83,77,54,10.0,73.5,68.33,61,MF
862,카메룬,Cameroon,Bryan Tetsadong Marceau Mbeumo,Manchester United,RW,25,85,84,83,83,81,84,90,85,71,83,87,11.33,74.5,43.67,87,FW
863,카메룬,Cameroon,Jean-Eric Maxim Choupo-Moting,New York Red Bulls,ST,36,75,77,79,75,73,67,45,55,81,78,72,10.33,67.5,29.0,75,FW
864,카메룬,Cameroon,Serge Patrick Njoh Soko,UD Almería,ST,27,73,69,73,60,68,66,91,79,81,75,90,10.67,58.5,33.33,75,FW
865,카메룬,Cameroon,Faris Pemi Moumbagna,Cremonese,ST,25,73,70,65,69,65,52,82,65,88,77,87,7.33,56.0,23.0,74,FW
866,카메룬,Cameroon,Daniel Namaso Edi-Mesumbe Loader,AJ Auxerre,ST,24,73,77,76,67,74,52,79,72,76,71,79,9.67,57.0,19.0,73,FW
867,카메룬,Cameroon,Ignatius Kpene Ganago,New England Revolution,ST,26,72,74,74,70,67,62,79,56,75,79,80,10.0,60.5,23.33,71,FW
868,카타르,Qatar,Meshaal Aissa Mohammed Barshamمشعل برشم,,GK,27,70,14,5,48,67,13,56,28,44,42,48,70.33,19.5,11.0,5,GK
869,카타르,Qatar,Saad Abdullah Mohammed Ebrahim Al Sheebسعد الشيب,,GK,35,65,20,17,15,63,11,50,37,50,48,44,64.67,15.5,12.67,12,GK
870,카타르,Qatar,Salah Zakaria Mohamed Mousa Hassanصلاح زكريا,,GK,26,64,16,13,36,66,12,21,23,65,42,31,63.33,18.0,10.33,5,GK
871,카타르,Qatar,Boualem Khoukhiبوعلام خوخي,,CB,34,71,61,48,68,66,39,56,77,79,77,63,10.0,65.0,70.67,49,DF
872,카타르,Qatar,Lucas Michel Mendesلوكاس منديز,,CB,34,70,68,50,65,67,52,52,67,72,66,53,11.0,67.0,70.33,59,DF
873,카타르,Qatar,Abdelkarim Hassan Al Haj Fadlalla,,LB,31,70,67,65,66,59,71,68,82,81,86,79,8.67,65.0,66.0,57,DF
874,카타르,Qatar,Bassam Hisham Ali Al Rawiبسام هشام الراوي,,RB,27,69,69,61,65,63,52,73,79,74,66,71,10.33,66.0,69.0,38,DF
875,카타르,Qatar,Tarek Salman Suleiman Odehطارق سلمان سليمان عودة,,CB,27,68,65,53,67,71,39,73,75,71,30,73,10.33,67.5,69.0,31,DF
876,카타르,Qatar,Homam Al Amin Mohamed Ahmedهمام الأمين,,LB,25,68,65,61,55,60,65,69,83,69,53,82,11.0,62.0,63.67,44,DF
877,카타르,Qatar,Pedro Miguel Carvalho Deus Correia,,RB,34,68,64,60,62,59,64,72,82,77,45,74,9.0,62.0,65.33,35,DF
878,카타르,Qatar,Jassem Gaber Elsayed Abdulsallamجاسم جابر عبد السلام,,CB,23,63,56,51,55,62,49,63,73,73,48,64,10.33,55.5,61.67,42,DF
879,카타르,Qatar,Abdullah Sirelkhatim Abdullah Yousefعبدالله يوسف,,RB,23,63,58,54,48,63,48,65,59,57,46,70,8.0,55.0,62.67,36,DF
880,카타르,Qatar,Akram Hassan Afif Yahya Afifأكرم عفيف,,LM,28,78,79,81,78,72,71,87,74,51,70,87,7.33,72.0,30.67,79,MF
881,카타르,Qatar,Guilherme dos Santos Torres,,CDM,34,77,75,68,74,76,62,71,79,76,82,68,10.33,76.0,73.0,58,MF
882,카타르,Qatar,Karim Boudiafكريم بوضياف,,CM,34,71,74,69,72,69,65,50,77,78,69,50,12.0,74.5,66.33,60,MF
883,카타르,Qatar,Hasan Khalid Hasan Al Haydosحسن الهيدوس,,RM,34,71,75,75,69,66,65,81,50,41,63,71,10.0,68.5,27.67,68,MF
884,카타르,Qatar,Abdulaziz Hatem Abdallah Mohammedعبد العزيز حاتم,,CM,34,70,71,66,71,68,70,57,77,71,74,61,11.0,72.0,60.0,64,MF
885,카타르,Qatar,Ahmed Fathi Mansi Abdoullaأحمد فتحي,,CDM,32,68,56,53,62,68,43,73,91,68,42,69,6.67,62.0,67.0,36,MF
886,카타르,Qatar,Assim Omer Al Haj Madiboعاصم ماديبو,,CDM,28,65,60,57,56,58,45,84,75,72,45,80,11.33,59.0,66.67,35,MF
887,카타르,Qatar,Mustafa Tarek Mashaalمصطفى طارق,,CM,24,64,66,51,57,61,41,68,66,58,52,66,11.67,66.0,59.33,45,MF
888,카타르,Qatar,Edmílson Junior Paulo da Silvaادميلسون جونيور,,LW,30,76,77,82,75,72,74,82,82,59,83,92,11.67,67.0,46.0,72,FW
889,카타르,Qatar,Almoez Ali Zainalabedeen Mohamed Abdullaالمعز علي,,ST,28,74,71,68,62,74,55,67,69,76,77,82,10.0,57.0,17.0,76,FW
890,카타르,Qatar,Ahmed Mohamed Hussein Kassim Al Ganehiاحمد الجانحى,,RW,24,67,69,69,58,66,59,71,56,48,64,73,9.67,61.0,23.67,65,FW
891,카타르,Qatar,Mohammed Muntariمحمد مونتاري,,ST,31,66,66,62,64,61,39,51,57,80,67,72,6.67,49.5,21.33,68,FW
892,카타르,Qatar,Yusuf Abdurisagيوسف عبد الرزاق,,RW,25,65,67,67,53,65,59,78,53,53,55,86,11.67,56.0,30.0,60,FW
893,카타르,Qatar,Ahmed Husham Ali Al Rawiأحمد الراوي,,ST,21,60,61,58,53,54,47,68,53,52,56,71,7.67,46.5,36.0,66,FW
894,캐나다,Canada,Milan BorjanMилaн Бopjaн,Al Riyadh,GK,37,78,23,28,60,74,15,49,42,81,57,42,76.67,43.0,21.67,15,GK
895,캐나다,Canada,Dayne Tristan St. Clair,Minnesota United FC,GK,28,73,19,9,39,72,14,27,26,57,45,26,73.67,21.0,10.0,5,GK
896,캐나다,Canada,Maxime Crépeau,Portland Timbers,GK,31,69,40,19,58,62,19,46,33,68,48,44,69.67,40.0,14.67,17,GK
897,캐나다,Canada,Alphonso Boyle Davies,FC Bayern München,LB,24,84,85,85,78,86,85,95,79,75,74,93,10.0,77.5,73.0,64,DF
898,캐나다,Canada,Alistair William Johnston,Celtic,RB,26,78,76,67,78,77,74,76,85,76,68,86,10.0,76.0,75.67,57,DF
899,캐나다,Canada,Moïse Bombito Lumpungu,OGC Nice,CB,25,76,69,65,74,69,51,92,64,81,50,93,8.67,64.5,75.67,55,DF
900,캐나다,Canada,Derek Austin Cornelius,Rangers FC,CB,27,74,61,52,65,70,34,61,70,91,76,71,8.67,65.0,68.67,27,DF
901,캐나다,Canada,Kamal Anthony Miller,Portland Timbers,CB,28,71,65,64,64,68,50,74,81,82,54,75,9.0,65.5,68.67,46,DF
902,캐나다,Canada,Niko Kristian Sigur,Hajduk Split,RB,21,70,72,72,75,75,63,69,81,56,74,72,11.67,72.5,63.67,54,DF
903,캐나다,Canada,Joel Robert Waterman,Chicago Fire,CB,29,68,58,49,54,69,39,34,68,78,59,50,9.33,72.0,66.67,45,DF
904,캐나다,Canada,Samuel Ayomide Adekugbe,Vancouver Whitecaps FC,LB,30,68,67,69,65,63,62,84,82,74,62,82,10.67,60.0,61.33,44,DF
905,캐나다,Canada,Kyle Anthony Hiebert,St. Louis CITY SC,CB,27,67,60,49,53,66,43,71,71,79,34,66,13.67,59.5,65.33,23,DF
906,캐나다,Canada,Stephen Antunes Eustáquio,FC Porto,CDM,28,77,77,71,76,75,72,67,79,70,72,65,8.0,77.5,73.67,64,MF
907,캐나다,Canada,Tajon Trevor Buchanan,Villarreal CF,RM,26,74,74,75,66,73,67,91,73,69,75,90,9.33,65.5,66.0,65,MF
908,캐나다,Canada,Ismaël Kenneth Jordan Koné,Sassuolo,CM,23,72,73,72,74,73,56,74,75,69,71,81,9.67,73.0,63.0,59,MF
909,캐나다,Canada,Liam Alan Millar,Hull City,LM,25,72,73,76,65,63,67,86,72,54,70,85,9.67,63.5,51.33,66,MF
910,캐나다,Canada,Richmond Mamah Laryea,Toronto FC,RM,30,72,71,76,75,66,65,79,81,65,70,83,10.67,65.5,65.67,60,MF
911,캐나다,Canada,Jonathan Osorio,Toronto FC,CM,33,71,71,72,76,70,56,53,78,61,74,48,12.0,74.0,59.33,66,MF
912,캐나다,Canada,Samuel Piette,CF Montréal,CDM,30,69,59,45,58,62,34,49,82,77,39,64,10.33,68.0,66.33,18,MF
913,캐나다,Canada,David Junior Wayne Hoilett,Hibernian,LM,35,69,71,72,68,66,72,75,64,66,70,69,10.33,61.5,58.33,65,MF
914,캐나다,Canada,Jonathan Christian David,Juventus,ST,25,82,81,80,81,84,67,79,90,77,79,83,7.0,72.5,25.67,85,FW
915,캐나다,Canada,Cyle Christopher Larin,Feyenoord,ST,30,77,73,74,65,76,69,66,72,88,80,74,10.33,65.0,22.0,78,FW
916,캐나다,Canada,Promise Oluwatobi Emmanuel David,Union Saint-Gilloise,ST,23,75,71,66,71,68,52,57,72,93,82,66,8.67,56.5,25.0,83,FW
917,캐나다,Canada,Thelonius Alston Bradley Bair,FC Lausanne-Sport,ST,25,71,68,65,65,69,43,73,65,93,70,76,10.67,51.5,23.33,71,FW
918,캐나다,Canada,Tanitoluwa Oluwatimikhin Oluwaseyi,Villarreal CF,ST,25,70,66,64,63,63,38,82,62,69,73,88,8.67,54.5,27.33,73,FW
919,캐나다,Canada,Iké Dominique Ugbo,Sheffield Wednesday,ST,26,69,68,67,68,70,57,73,61,77,67,76,11.67,54.0,23.33,71,FW
920,코스타리카,Costa Rica,Patrick Gilmar Sequeira Mejías,Casa Pia,GK,26,71,11,5,42,65,23,38,25,60,52,30,70.67,29.0,11.67,6,GK
921,코스타리카,Costa Rica,Kevin José Chamorro Rodríguez,Rio Ave FC,GK,25,69,13,11,34,64,11,33,23,60,46,30,69.67,21.5,10.33,5,GK
922,코스타리카,Costa Rica,Francisco Javier Calvo Quesada,Al Ettifaq,CB,32,68,62,64,61,66,59,63,77,74,55,63,8.67,64.0,66.0,41,DF
923,코스타리카,Costa Rica,Carlos Andrei Mora Montoya,Universitatea Craiova,RB,24,68,69,68,57,64,66,75,74,64,58,73,8.67,61.0,63.33,63,DF
924,코스타리카,Costa Rica,Julio César Cascante Solórzano,Austin FC,CB,31,67,59,53,57,65,21,56,57,77,40,58,6.0,62.0,64.67,45,DF
925,코스타리카,Costa Rica,Jeyland Yahir Mitchell Baltodano,SK Sturm Graz,CB,20,66,35,34,50,50,33,76,44,82,42,80,9.0,43.5,65.67,29,DF
926,코스타리카,Costa Rica,Brandon Aguilera Zamora,Rio Ave FC,CM,22,69,70,72,59,66,61,69,71,68,74,72,9.0,70.5,57.33,57,MF
927,코스타리카,Costa Rica,Randall Enrique Leal Arley,DC United,RM,28,68,69,70,67,65,68,73,70,50,74,70,12.0,65.5,42.33,62,MF
928,코스타리카,Costa Rica,Josimar Angelo Alcócer McCook,KVC Westerlo,LM,20,67,71,75,47,47,66,75,65,60,60,70,10.0,59.5,24.0,66,MF
929,코스타리카,Costa Rica,Ariel Daniel Lassiter Acuña,Portland Timbers,LM,30,66,65,66,60,60,60,81,74,59,71,81,10.0,53.5,35.33,64,MF
930,코스타리카,Costa Rica,Adrián Alonso Martínez Batista,New York City FC,ST,26,70,74,70,68,70,64,81,65,64,78,80,10.0,62.0,27.33,78,FW
931,코스타리카,Costa Rica,Kenneth Gerardo Vargas Vargas,Hearts,ST,23,65,66,67,54,57,47,81,71,52,66,83,9.33,50.5,17.33,70,FW
932,코스타리카,Costa Rica,Gino Vivi Quesada,LA Galaxy,LW,24,59,63,62,60,51,49,74,49,44,56,74,11.67,56.0,42.67,56,FW
933,코트디부아르,Ivory Coast,Yahia Fofana,Çaykur Rizespor,GK,24,76,12,7,22,69,11,40,33,77,53,43,77.0,19.5,12.0,5,GK
934,코트디부아르,Ivory Coast,Alban Lafont,Panathinaikos FC,GK,26,75,10,14,61,69,13,48,40,70,52,45,76.0,52.5,15.33,6,GK
935,코트디부아르,Ivory Coast,Mohamed Koné,Royal Charleroi Sporting Club,GK,23,68,13,14,30,63,13,27,28,60,48,37,67.33,19.0,10.0,7,GK
936,코트디부아르,Ivory Coast,Obite Evan Ndicka,Roma,CB,25,81,75,69,80,81,68,69,83,81,65,78,9.67,76.0,80.67,49,DF
937,코트디부아르,Ivory Coast,Odilon Kossounou Kouakou,Atalanta,CB,24,80,69,66,73,76,58,74,76,79,52,84,7.0,75.0,81.0,26,DF
938,코트디부아르,Ivory Coast,Ousmane Diomande,Sporting CP,CB,21,80,69,71,74,73,28,78,80,90,40,82,6.67,72.0,79.0,20,DF
939,코트디부아르,Ivory Coast,Wilfried Stephane Singo,Galatasaray SK,CB,24,80,74,74,75,79,73,72,79,85,81,87,10.33,72.5,79.33,55,DF
940,코트디부아르,Ivory Coast,Emmanuel Elysee Djedje Agbadou Badobre,Wolverhampton Wanderers,CB,28,79,66,69,78,79,48,69,68,90,61,89,10.67,75.0,78.0,51,DF
941,코트디부아르,Ivory Coast,Guéla Doué,RC Strasbourg Alsace,RB,22,77,76,72,75,77,71,65,76,79,62,77,11.33,74.0,74.33,41,DF
942,코트디부아르,Ivory Coast,Eric Bertrand Bailly,Real Oviedo,CB,31,74,67,65,76,70,49,58,45,79,55,69,10.33,64.5,74.0,33,DF
943,코트디부아르,Ivory Coast,Cédric Kipré,Ipswich Town,CB,28,74,61,52,68,71,39,64,76,94,53,71,10.0,56.5,71.67,31,DF
944,코트디부아르,Ivory Coast,Clément Akpa,AJ Auxerre,CB,23,74,70,64,72,73,64,71,67,74,42,69,8.33,59.0,74.33,42,DF
945,코트디부아르,Ivory Coast,Franck Yannick Kessié,Al Ahli SFC,CDM,28,80,80,77,83,77,66,77,92,87,84,79,10.33,76.5,78.67,75,MF
946,코트디부아르,Ivory Coast,Nicolas Pépé,Villarreal CF,RM,30,80,82,83,75,78,75,87,69,74,82,88,8.33,74.0,33.33,76,MF
947,코트디부아르,Ivory Coast,Amad Diallo Traoré,Manchester United,CAM,22,79,80,83,78,77,75,88,70,45,78,82,10.0,73.5,52.33,77,MF
948,코트디부아르,Ivory Coast,Evann Guessand,Aston Villa,RM,24,79,80,81,80,76,77,79,76,84,78,86,6.0,73.5,29.67,79,MF
949,코트디부아르,Ivory Coast,Ibrahim Sangaré,Nottingham Forest,CDM,27,77,74,74,75,75,66,62,66,87,80,54,6.67,75.5,77.0,59,MF
950,코트디부아르,Ivory Coast,Seko Mohamed Fofana,Stade Rennais FC,CM,30,77,77,78,76,75,62,67,76,82,83,68,10.0,76.0,72.0,72,MF
951,코트디부아르,Ivory Coast,Hamed Junior Traoré,Olympique de Marseille,LM,25,77,82,81,67,73,71,80,68,58,74,76,10.33,72.0,60.33,71,MF
952,코트디부아르,Ivory Coast,Jonathan Bamba,Chicago Fire,LM,29,77,77,78,74,75,75,84,76,63,77,83,10.67,70.5,36.67,71,MF
953,코트디부아르,Ivory Coast,Dazet Wilfried Armel Zaha,Charlotte FC,LW,32,77,80,80,80,73,72,81,69,72,82,83,12.0,72.5,36.33,73,FW
954,코트디부아르,Ivory Coast,Sébastien Romain Teddy Haller,FC Utrecht,ST,31,77,79,73,84,81,42,49,62,85,83,50,6.33,64.0,52.33,79,FW
955,코트디부아르,Ivory Coast,Jérémie Boga,OGC Nice,LW,28,76,81,82,74,68,72,90,66,64,77,80,15.0,71.5,35.33,65,FW
956,코트디부아르,Ivory Coast,Jean-Philippe Krasso,Paris FC,ST,27,74,76,74,72,73,57,65,69,83,72,65,9.67,63.5,16.0,75,FW
957,코트디부아르,Ivory Coast,Christian Michael Kouamé Kouakou,Fiorentina,ST,27,74,75,78,70,76,68,74,64,63,74,79,12.0,68.0,34.67,72,FW
958,코트디부아르,Ivory Coast,Emmanuel Delan Junior Latte Lath,Atlanta United,ST,26,73,71,71,68,70,63,92,78,64,73,91,6.67,66.0,37.67,74,FW
959,콜롬비아,Colombia,David Ospina Ramírez,Atlético Nacional,GK,36,76,32,12,57,65,11,55,19,49,58,50,77.0,42.5,12.0,10,GK
960,콜롬비아,Colombia,Álvaro David Montero Perales,Vélez Sarsfield,GK,30,75,24,16,41,70,20,42,45,77,54,44,75.33,34.5,20.33,18,GK
961,콜롬비아,Colombia,Devis Estiven Vásquez Llach,Roma,GK,27,72,15,12,40,70,14,36,19,68,53,40,72.33,26.0,12.33,8,GK
962,콜롬비아,Colombia,Davinson Sánchez Mina,Galatasaray SK,CB,29,82,75,72,69,78,36,80,84,90,66,84,10.0,76.0,82.0,59,DF
963,콜롬비아,Colombia,Daniel Muñoz Mejía,Crystal Palace,RB,29,81,77,76,76,80,77,76,88,74,77,74,6.67,74.5,79.67,72,DF
964,콜롬비아,Colombia,Johan Andrés Mojica Palacio,RCD Mallorca,LB,32,78,75,75,70,74,77,86,63,69,80,90,12.33,74.5,75.0,62,DF
965,콜롬비아,Colombia,Yerry Fernando Mina González,Cagliari,CB,30,77,60,56,73,69,43,33,68,91,65,34,10.33,60.0,77.0,44,DF
966,콜롬비아,Colombia,Jhon Janer Lucumí Bonilla,Bologna,CB,27,76,69,58,71,74,60,63,77,81,63,67,7.0,72.5,77.0,24,DF
967,콜롬비아,Colombia,Deiver Andrés Machado Mena,RC Lens,LB,31,76,75,76,74,75,75,83,74,76,80,84,12.0,68.5,71.67,66,DF
968,콜롬비아,Colombia,Yeimar Pastor Gómez Andrade,Seattle Sounders FC,CB,33,75,59,56,63,69,40,63,79,89,52,63,12.67,55.5,71.33,28,DF
969,콜롬비아,Colombia,William José Tesillo Gutiérrez,Atlético Nacional,CB,35,74,70,67,67,68,69,61,73,76,27,66,11.33,70.0,75.0,30,DF
970,콜롬비아,Colombia,Johan Sebastián Romaña Espitia,San Lorenzo de Almagro,CB,26,74,69,40,63,68,44,69,71,91,40,65,7.67,58.5,74.0,23,DF
971,콜롬비아,Colombia,Luis Fernando Díaz Marulanda,FC Bayern München,LM,28,85,87,89,82,83,76,88,87,69,85,88,12.67,74.5,42.0,83,MF
972,콜롬비아,Colombia,Richard Rios Montoya,SL Benfica,CM,25,79,83,82,80,83,74,83,88,79,78,80,8.33,79.0,74.67,67,MF
973,콜롬비아,Colombia,Juan Fernando Quintero Paniagua,River Plate,CAM,32,77,81,80,84,71,79,69,50,54,84,56,11.0,77.0,38.0,70,MF
974,콜롬비아,Colombia,Jefferson Andrés Lerma Solís,Crystal Palace,CDM,30,77,75,74,72,77,65,65,80,73,83,71,10.67,77.0,75.67,65,MF
975,콜롬비아,Colombia,Kevin Duván Castaño Gil,River Plate,CM,24,77,77,75,76,78,67,74,76,73,70,78,9.67,80.5,72.33,68,MF
976,콜롬비아,Colombia,Andrés Mateus Uribe Villa,Atlético Nacional,CM,34,76,77,74,77,72,69,73,70,74,78,72,12.33,77.5,73.33,73,MF
977,콜롬비아,Colombia,Jaminton Leandro Campaz,Rosario Central,LM,25,76,75,80,62,72,72,86,72,58,76,84,7.33,72.5,29.0,74,MF
978,콜롬비아,Colombia,Juan Guillermo Cuadrado Bello,Pisa,RM,37,76,79,79,73,71,77,78,57,57,77,76,6.67,75.0,76.67,68,MF
979,콜롬비아,Colombia,Duván Esteban Zapata Banguero,Torino,ST,34,82,80,79,82,78,47,72,65,90,88,76,7.67,65.5,30.0,84,FW
980,콜롬비아,Colombia,Jhon Jáder Durán Palacio,Fenerbahçe SK,ST,21,79,79,75,77,78,53,76,69,83,86,85,6.67,65.5,27.0,82,FW
981,콜롬비아,Colombia,Jhon Adolfo Arias Andrade,Wolverhampton Wanderers,RW,27,78,76,78,76,76,76,86,78,72,79,85,9.33,72.5,36.67,75,FW
982,콜롬비아,Colombia,Juan Camilo Hernández Suárez,Real Betis Balompié,ST,26,78,82,82,77,78,68,84,79,76,79,79,8.0,77.5,42.33,76,FW
983,콜롬비아,Colombia,Cristian Daniel Arango Duque,San Jose Earthquakes,ST,30,78,79,77,80,78,50,77,74,76,78,74,8.33,74.0,29.33,82,FW
984,콜롬비아,Colombia,Luis Javier Suárez Charris,Sporting CP,ST,27,77,73,76,68,77,66,82,79,76,82,83,7.67,62.5,30.67,77,FW
985,크로아티아,Croatia,Dominik Livaković,Girona FC,GK,30,80,28,19,64,81,13,57,32,75,53,54,81.0,55.0,21.67,12,GK
986,크로아티아,Croatia,Dominik Kotarski,FC København,GK,25,77,39,20,50,75,12,46,31,59,57,45,77.33,45.5,13.0,6,GK
987,크로아티아,Croatia,Kristijan Kahlina,Charlotte FC,GK,32,75,15,12,36,59,10,30,40,70,55,35,76.0,20.0,11.33,7,GK
988,크로아티아,Croatia,Joško Gvardiol,Manchester City,LB,23,84,80,78,81,85,73,77,81,80,81,79,8.33,78.5,84.33,68,DF
989,크로아티아,Croatia,Josip Šutalo,Ajax,CB,25,78,77,73,79,77,45,75,71,87,43,79,11.0,74.5,77.33,27,DF
990,크로아티아,Croatia,Josip Stanišić,FC Bayern München,CB,25,78,73,68,66,76,72,68,71,75,52,77,10.67,67.0,80.0,44,DF
991,크로아티아,Croatia,Josip Juranović,1. FC Union Berlin,RB,29,75,73,73,73,74,80,84,67,61,78,75,12.67,72.0,72.0,57,DF
992,크로아티아,Croatia,Tin Jedvaj,Panathinaikos FC,CB,29,74,65,62,66,68,62,73,67,79,65,67,12.33,65.0,73.33,51,DF
993,크로아티아,Croatia,Domagoj Vida,AEK Athens,CB,36,74,60,50,73,67,60,60,72,75,54,62,11.0,62.5,75.0,41,DF
994,크로아티아,Croatia,Duje Ćaleta-Car,Real Sociedad,CB,28,74,64,59,72,72,28,54,58,84,67,62,8.67,68.5,73.67,32,DF
995,크로아티아,Croatia,Marin Pongračić,Fiorentina,CB,27,74,64,59,69,71,27,56,63,82,40,65,6.33,65.0,74.33,21,DF
996,크로아티아,Croatia,Toni Borevković,Samsunspor,CB,28,73,61,43,58,68,31,38,75,85,40,51,11.33,63.5,74.0,26,DF
997,크로아티아,Croatia,Luka Modrić,AC Milan,CM,39,83,88,84,91,79,86,72,69,58,79,65,12.0,86.5,70.67,68,MF
998,크로아티아,Croatia,Mateo Kovačić,Manchester City,CM,31,83,85,84,84,84,73,70,77,68,81,64,7.67,85.0,77.0,68,MF
999,크로아티아,Croatia,Andrej Kramarić,TSG 1899 Hoffenheim,CAM,34,81,85,84,82,83,73,70,85,68,82,65,10.0,77.5,28.67,83,MF
1000,크로아티아,Croatia,Marcelo Brozović,Al Nassr,CDM,32,81,82,77,82,75,73,62,93,72,80,64,9.0,80.5,79.67,68,MF
1001,크로아티아,Croatia,Mario Pašalić,Atalanta,CM,30,80,86,83,77,74,68,68,83,72,78,69,12.67,81.5,64.67,80,MF
1002,크로아티아,Croatia,Nikola Vlašić,Torino,CAM,27,79,83,82,77,75,71,77,76,65,80,72,9.67,77.0,51.0,74,MF
1003,크로아티아,Croatia,Martin Baturina,Como,CAM,22,78,83,84,79,76,73,77,76,67,75,77,7.67,79.0,60.0,67,MF
1004,크로아티아,Croatia,Luka Sučić,Real Sociedad,CM,22,78,79,79,77,76,75,80,77,72,84,73,11.0,79.0,67.33,73,MF
1005,크로아티아,Croatia,Ante Budimir,CA Osasuna,ST,33,82,83,79,75,82,50,54,75,84,83,63,14.0,70.0,30.33,86,FW
1006,크로아티아,Croatia,Ivan Perišić,PSV,RW,36,81,83,78,84,80,84,74,76,75,85,76,7.0,79.5,67.33,78,FW
1007,크로아티아,Croatia,Marko Livaja,Hajduk Split,ST,31,79,85,76,85,80,69,60,73,86,88,65,14.0,78.0,36.33,84,FW
1008,크로아티아,Croatia,Bruno Petković,Kocaelispor,ST,30,76,84,78,81,66,66,66,65,90,82,70,11.67,79.5,37.0,74,FW
1009,크로아티아,Croatia,Petar Musa,FC Dallas,ST,27,76,74,70,76,77,49,81,76,86,79,83,10.33,62.5,35.33,78,FW
1010,크로아티아,Croatia,Franjo Ivanović,SL Benfica,ST,21,75,72,78,76,76,64,70,70,74,74,74,10.67,61.0,26.67,83,FW
1011,튀니지,Tunisia,Ali Abdiعلي العابدي,OGC Nice,LB,31,76,75,72,71,70,74,83,89,71,67,89,10.67,70.5,69.33,63,DF
1012,튀니지,Tunisia,Montassar Omar Talbiمنتصر الطالبي,FC Lorient,CB,27,73,65,48,65,67,27,54,64,81,46,58,11.0,50.5,74.33,23,DF
1013,튀니지,Tunisia,Yan Valeryيان فاليري,Sheffield Wednesday,RB,26,71,68,68,69,71,69,69,81,70,67,56,12.33,65.0,69.67,42,DF
1014,튀니지,Tunisia,Mortadha Ben Ouanesمرتضى بن وناس,Kasımpaşa SK,LB,30,69,69,68,71,63,69,73,70,63,65,72,13.0,67.5,67.33,59,DF
1015,튀니지,Tunisia,Dylan Daniel Mahmoud Bronn,Servette FC,CB,30,68,64,57,66,66,65,62,82,75,70,58,7.33,64.5,68.0,56,DF
1016,튀니지,Tunisia,Alaa Ghramعلاء غرام,Shakhtar Donetsk,CB,23,67,64,62,65,67,43,73,66,73,56,72,9.33,68.5,66.67,37,DF
1017,튀니지,Tunisia,Mohammed Amin Cherni,Göztepe SK,LB,23,66,55,63,49,64,65,79,86,66,31,70,12.67,57.5,61.0,32,DF
1018,튀니지,Tunisia,Rami Kaibرامي كعيب,Halmstads BK,LB,28,65,63,61,55,57,66,77,79,61,47,71,10.67,64.5,59.33,41,DF
1019,튀니지,Tunisia,Mohamed Dräger,Eintracht Braunschweig,RB,29,65,65,64,59,61,65,69,66,56,62,65,10.33,60.5,60.67,61,DF
1020,튀니지,Tunisia,Ellyes Joris Skhiriإلياس صخيري,Eintracht Frankfurt,CDM,30,80,74,75,80,83,67,65,83,69,75,64,14.33,79.5,78.0,76,MF
1021,튀니지,Tunisia,Hannibal Mejbriحنبعل المجبري,Burnley,CM,22,74,76,75,75,73,69,74,90,76,70,77,9.0,73.5,69.67,60,MF
1022,튀니지,Tunisia,Ismaël Gharbi Álvarez,FC Augsburg,LM,21,73,79,79,73,66,68,81,70,50,74,75,10.0,67.5,40.0,66,MF
1023,튀니지,Tunisia,Mohamed Elias Achouri,FC København,LM,26,72,74,76,66,68,67,86,66,58,67,85,14.0,63.0,31.67,64,MF
1024,튀니지,Tunisia,Saîf-Eddine Khaouiسيف الدين خاوي,Red Star FC,CAM,30,70,73,71,68,67,70,64,68,61,72,38,11.67,70.0,50.0,68,MF
1025,튀니지,Tunisia,Sebastian Tounektiسيباستيان توناكتي,Celtic,LM,22,69,70,68,66,61,64,79,75,60,62,77,8.0,61.0,23.67,64,MF
1026,튀니지,Tunisia,Hamza Rafiaحمزة رفيعة,Lecce,CM,26,68,74,75,63,67,61,65,67,57,74,55,11.0,67.0,43.33,62,MF
1027,튀니지,Tunisia,Idris El Mizouniادريس الميزوني,Leyton Orient,CM,24,68,65,65,67,66,50,68,85,65,66,61,10.33,68.5,63.0,55,MF
1028,튀니지,Tunisia,Elias Saadالياس سعد,FC Augsburg,LW,25,72,73,79,70,68,64,82,69,59,69,67,10.33,68.0,32.33,72,FW
1029,튀니지,Tunisia,Amor Yonas Layouniعمر يونس العيوني,BK Häcken,RW,32,72,71,71,70,67,64,91,78,80,73,93,11.33,62.5,39.33,74,FW
1030,튀니지,Tunisia,Louey Ben Farhat,Karlsruher SC,ST,18,64,70,72,60,67,54,84,60,38,64,83,11.67,64.0,35.33,65,FW
1031,튀니지,Tunisia,Adel Bettaieb,FC Argeș,ST,28,61,61,61,59,54,50,68,60,66,68,64,13.0,52.5,19.67,60,FW
1032,튀니지,Tunisia,Anisse Saidiأنيس السعيدي,San Diego FC,ST,17,48,48,37,40,49,25,57,53,40,46,50,10.67,32.0,15.67,58,FW
1033,파라과이,Paraguay,Carlos Miguel Coronel,New York Red Bulls,GK,28,72,29,17,50,70,16,39,41,72,55,39,71.67,53.5,17.0,10,GK
1034,파라과이,Paraguay,Juan Ángel Espínola González,Newell's Old Boys,GK,30,71,26,22,40,62,15,42,33,68,53,36,71.67,34.5,17.0,10,GK
1035,파라과이,Paraguay,Rodrigo Mario Morínigo Acosta,Libertad,GK,26,71,11,15,28,67,8,33,30,48,48,22,70.67,18.0,9.33,9,GK
1036,파라과이,Paraguay,Omar Federico Alderete Fernández,Sunderland,CB,28,78,69,70,68,75,58,56,71,81,74,63,11.67,68.0,78.0,55,DF
1037,파라과이,Paraguay,Diego Francisco Viera Ruiz Díaz,Libertad,CB,34,76,51,44,76,74,34,35,71,93,41,35,10.67,55.0,77.33,21,DF
1038,파라과이,Paraguay,Víctor Gustavo Velázquez Ramos,Cerro Porteño,CB,34,73,57,47,74,68,38,75,72,81,50,74,7.67,56.0,71.0,27,DF
1039,파라과이,Paraguay,Santiago Arzamendia Duarte,Estudiantes de La Plata,LB,27,73,74,71,69,69,70,86,74,76,73,81,11.33,66.5,68.67,67,DF
1040,파라과이,Paraguay,Gonzalo Agustín Sández,Rosario Central,LB,24,73,60,64,66,68,67,74,83,85,52,86,9.33,59.5,70.33,36,DF
1041,파라과이,Paraguay,Williams Ismael Riveros Ibáñez,Universitario de Deportes,CB,32,72,66,40,56,65,44,57,71,83,44,58,11.0,60.0,71.33,41,DF
1042,파라과이,Paraguay,Matías David Espinoza Acosta,Libertad,LB,27,72,68,58,62,69,73,75,85,70,50,77,11.33,61.5,66.0,45,DF
1043,파라과이,Paraguay,Saúl Savín Salcedo Zárate,Newell's Old Boys,CB,27,71,60,47,68,68,39,58,62,86,52,50,9.0,52.5,71.0,28,DF
1044,파라과이,Paraguay,Robert Samuel Rojas Chávez,Libertad,RB,29,71,62,63,71,68,61,80,73,75,66,80,11.0,68.0,67.33,53,DF
1045,파라과이,Paraguay,Alejandro Sebastián Romero Gamarra,Al Ain,CAM,30,79,81,79,73,74,79,82,70,59,70,80,10.0,80.0,57.67,75,MF
1046,파라과이,Paraguay,Richard Rafael Sánchez Guerrero,Racing Club,CM,29,75,78,74,70,75,68,76,83,75,80,77,8.67,77.0,72.0,60,MF
1047,파라과이,Paraguay,Adrián Andrés Cubas,Vancouver Whitecaps FC,CDM,29,74,72,64,74,74,59,70,86,31,56,68,9.67,72.0,74.67,40,MF
1048,파라과이,Paraguay,Julio César Enciso Espínola,RC Strasbourg Alsace,CAM,21,73,77,79,72,67,68,77,61,42,79,72,11.33,69.0,32.67,69,MF
1049,파라과이,Paraguay,Diego Alexander Gómez Amarilla,Brighton & Hove Albion,CM,22,73,76,76,74,73,63,70,70,75,70,68,7.0,74.5,71.33,65,MF
1050,파라과이,Paraguay,Matías Galarza Fonda,River Plate,CM,23,73,77,80,76,72,70,59,61,48,75,67,12.0,71.5,65.33,74,MF
1051,파라과이,Paraguay,Cecilio Andrés Domínguez Ruiz,Cerro Porteño,LM,30,73,73,76,70,66,69,80,68,71,72,78,12.0,68.0,40.0,73,MF
1052,파라과이,Paraguay,Álvaro Marcial Campuzano,Libertad,CDM,30,71,72,65,58,68,48,72,85,86,60,71,10.33,70.0,69.33,44,MF
1053,파라과이,Paraguay,Miguel Ángel Almirón Rejala,Atlanta United,RW,31,76,78,80,75,75,71,88,87,52,75,86,10.33,69.5,56.33,70,FW
1054,파라과이,Paraguay,Arnaldo Antonio Sanabria Ayala,Cremonese,ST,29,76,80,80,78,72,63,78,60,62,78,72,11.67,68.5,25.67,79,FW
1055,파라과이,Paraguay,Álex Adrián Arce Barrios,Independiente Rivadavia,ST,30,75,75,71,70,61,41,58,65,78,80,59,11.67,50.0,17.67,82,FW
1056,파라과이,Paraguay,Gabriel Ávalos Stumpfs,Independiente,ST,34,75,76,72,75,69,48,69,81,90,81,66,11.67,67.0,40.67,78,FW
1057,파라과이,Paraguay,Lorenzo Antonio Melgarejo Sanabria,Libertad,LW,34,74,75,75,75,66,70,78,68,65,84,83,10.0,69.0,55.0,76,FW
1058,파라과이,Paraguay,Matías Nicolás Rojas Romero,Portland Timbers,RW,29,74,78,79,73,69,73,63,67,69,87,75,9.0,75.5,55.0,73,FW
1059,포르투갈,Portugal,Diogo Meireles da Costa,FC Porto,GK,25,84,30,18,44,83,13,33,28,63,62,39,84.0,52.5,14.33,6,GK
1060,포르투갈,Portugal,Rui Tiago Dantas da Silva,Sporting CP,GK,31,81,24,18,49,73,13,31,27,76,58,30,82.33,29.5,18.0,20,GK
1061,포르투갈,Portugal,José Pedro Malheiro de Sá,Wolverhampton Wanderers,GK,32,77,19,17,45,75,18,52,34,75,53,53,76.67,45.0,16.0,15,GK
1062,포르투갈,Portugal,Rúben dos Santos Gato Alves Dias,Manchester City,CB,28,86,75,64,85,86,54,55,71,89,74,62,8.67,80.0,86.33,29,DF
1063,포르투갈,Portugal,Nuno Alexandre Tavares Mendes,Paris Saint-Germain,LB,23,86,82,81,82,83,81,94,83,73,80,95,11.33,76.0,81.33,61,DF
1064,포르투갈,Portugal,João Pedro Cavaco Cancelo,Al Hilal,RB,31,84,86,85,85,84,86,88,88,65,80,78,11.33,82.5,77.67,69,DF
1065,포르투갈,Portugal,Danilo Luís Hélio Pereira,Al Ittihad,CB,33,81,76,72,78,82,56,39,78,88,75,54,12.67,73.0,81.0,58,DF
1066,포르투갈,Portugal,Gonçalo Bernardo Inácio,Sporting CP,CB,23,81,75,72,77,76,52,79,82,82,67,76,7.67,83.0,81.0,23,DF
1067,포르투갈,Portugal,Raphaël Adelino José Guerreiro,FC Bayern München,LB,31,80,89,87,85,84,85,76,72,49,79,63,10.33,82.5,75.67,78,DF
1068,포르투갈,Portugal,Matheus Luiz Nunes,Manchester City,RB,26,79,80,79,75,78,73,78,79,74,77,91,12.67,79.5,74.33,69,DF
1069,포르투갈,Portugal,José Diogo Dalot Teixeira,Manchester United,RB,26,79,76,78,76,75,75,84,81,74,81,86,8.0,75.0,76.0,54,DF
1070,포르투갈,Portugal,António João Pereira de Albuquerque Tavares da Silva,SL Benfica,CB,21,78,73,69,77,75,45,78,83,83,60,81,8.67,76.5,79.33,31,DF
1071,포르투갈,Portugal,Vítor Machado Ferreira,Paris Saint-Germain,CM,25,89,88,91,88,88,78,75,87,59,77,69,7.33,89.5,74.0,80,MF
1072,포르투갈,Portugal,Bruno Miguel Borges Fernandes,Manchester United,CAM,30,87,87,82,85,90,85,68,95,61,86,66,11.33,90.0,66.33,80,MF
1073,포르투갈,Portugal,João Pedro Gonçalves Neves,Paris Saint-Germain,CM,20,85,86,83,85,83,67,77,92,78,78,71,11.33,86.0,82.0,69,MF
1074,포르투갈,Portugal,Rúben Diogo da Silva Neves,Al Hilal,CDM,28,84,84,74,88,85,85,58,80,74,86,57,11.33,88.0,79.67,66,MF
1075,포르투갈,Portugal,Bernardo Mota Veiga de Carvalho e Silva,Manchester City,CM,30,84,88,88,86,87,82,68,90,47,79,55,10.0,84.0,71.33,78,MF
1076,포르투갈,Portugal,Pedro António Pereira Gonçalves,Sporting CP,CAM,27,83,84,84,85,83,83,79,81,62,78,76,10.0,82.5,58.67,84,MF
1077,포르투갈,Portugal,João Maria Lobo Alves Palhinha Gonçalves,Tottenham Hotspur,CDM,29,83,76,75,84,79,60,54,79,86,81,58,9.33,77.0,84.67,66,MF
1078,포르투갈,Portugal,Otávio Edmilson da Silva Monteiro,Al Qadsiah FC,CAM,30,82,85,86,81,84,79,81,86,65,73,76,12.0,82.5,70.0,71,MF
1079,포르투갈,Portugal,Cristiano Ronaldo dos Santos Aveiro,Al Nassr,ST,40,85,85,77,91,82,78,73,77,80,91,78,10.67,73.0,26.67,88,FW
1080,포르투갈,Portugal,Rafael Alexandre da Conceição Leão,AC Milan,LW,26,84,86,87,83,83,84,93,75,79,80,93,10.0,76.5,22.33,82,FW
1081,포르투갈,Portugal,Gonçalo Matias Ramos,Paris Saint-Germain,ST,24,80,78,76,75,81,58,73,79,79,82,73,12.33,67.5,41.33,82,FW
1082,포르투갈,Portugal,Fábio Daniel Soares Silva,Borussia Dortmund,ST,22,79,81,79,76,78,45,79,83,77,79,83,9.0,72.5,28.67,80,FW
1083,포르투갈,Portugal,Armindo Tué Na Bangna,SL Benfica,LW,30,78,80,81,80,66,71,91,70,56,77,86,10.33,65.5,27.0,79,FW
1084,포르투갈,Portugal,João Pedro Neves Filipe,Celtic,LW,26,77,80,79,74,73,73,84,59,57,77,88,10.0,69.0,31.33,71,FW
1085,폴란드,Poland,Wojciech Tomasz Szczęsny,FC Barcelona,GK,35,84,22,11,65,80,12,49,45,65,56,46,83.33,58.5,15.0,12,GK
1086,폴란드,Poland,Kamil Mieczysław Grabara,VfL Wolfsburg,GK,26,79,35,20,56,66,18,42,38,71,55,42,80.67,48.5,20.67,15,GK
1087,폴란드,Poland,Łukasz Skorupski,Bologna,GK,34,79,23,18,58,76,19,51,31,58,51,51,80.0,30.5,15.67,11,GK
1088,폴란드,Poland,Matthew Stuart Cash,Aston Villa,RB,27,79,76,75,72,79,77,74,86,68,77,75,12.0,72.5,79.0,66,DF
1089,폴란드,Poland,Jakub Piotr Kiwior,FC Porto,CB,25,77,69,64,71,78,65,63,68,76,62,70,11.33,70.5,77.67,29,DF
1090,폴란드,Poland,Tomasz Karol Kędziora,PAOK,CB,31,75,66,64,69,73,67,74,75,77,56,77,11.67,70.0,74.33,38,DF
1091,폴란드,Poland,Przemysław Frankowski,Stade Rennais FC,RB,30,75,75,74,78,76,74,86,78,67,73,87,8.67,74.0,69.0,68,DF
1092,폴란드,Poland,Jan Kacper Bednarek,FC Porto,CB,29,74,66,50,57,71,44,48,65,81,25,38,9.0,63.5,72.0,19,DF
1093,폴란드,Poland,Mateusz Skrzypczak,Lech Poznań,CB,24,72,65,52,63,71,45,55,79,82,48,59,11.0,67.5,71.33,45,DF
1094,폴란드,Poland,Mateusz Wieteska,Kocaelispor,CB,28,72,65,56,67,67,38,55,64,75,46,59,13.33,60.5,72.33,36,DF
1095,폴란드,Poland,Krystian Bielik,West Bromwich Albion,CB,27,72,64,63,71,69,49,52,72,81,62,55,10.33,69.5,70.33,36,DF
1096,폴란드,Poland,Kamil Dawid Piątkowski,Legia Warszawa,CB,25,71,66,61,68,66,60,81,82,84,68,80,12.33,67.0,68.33,41,DF
1097,폴란드,Poland,Piotr Sebastian Zieliński,Inter,CM,31,80,84,82,82,81,73,78,65,56,79,75,9.67,82.5,72.0,74,MF
1098,폴란드,Poland,Sebastian Szymański,Fenerbahçe SK,CAM,26,78,78,74,76,77,78,81,84,57,79,76,12.33,78.5,61.0,76,MF
1099,폴란드,Poland,Nicola Zalewski,Atalanta,LM,23,76,78,79,72,72,75,80,75,49,72,85,11.0,70.5,64.67,58,MF
1100,폴란드,Poland,Jakub Piotr Moder,Feyenoord,CM,26,75,75,75,76,76,70,55,79,78,78,72,11.33,76.0,69.67,66,MF
1101,폴란드,Poland,Kamil Grosicki,Pogoń Szczecin,LM,37,74,74,72,74,68,72,81,80,65,70,81,13.67,72.0,28.0,68,MF
1102,폴란드,Poland,Jakub Kamiński,1. FC Köln,LM,23,74,77,79,63,63,69,86,74,54,64,83,9.0,66.0,50.0,68,MF
1103,폴란드,Poland,Damian Dawid Szymański,Legia Warszawa,CDM,30,73,68,65,68,70,56,68,79,78,68,71,13.0,70.0,73.67,62,MF
1104,폴란드,Poland,Bartosz Slisz,Atlanta United,CDM,26,73,74,68,73,71,54,71,91,67,52,71,9.0,73.5,67.33,56,MF
1105,폴란드,Poland,Robert Lewandowski,FC Barcelona,ST,36,88,88,84,87,89,76,73,76,89,89,74,11.0,77.0,32.0,92,FW
1106,폴란드,Poland,Arkadiusz Krystian Milik,Juventus,ST,31,79,83,76,84,78,63,48,45,76,84,52,10.0,69.5,33.67,83,FW
1107,폴란드,Poland,Krzysztof Piątek,,ST,30,78,77,73,70,76,51,67,71,76,79,75,9.67,58.5,30.33,83,FW
1108,폴란드,Poland,Adam Buksa,Udinese,ST,28,73,69,68,71,73,48,63,72,82,74,57,9.0,54.5,28.0,77,FW
1109,폴란드,Poland,Karol Grzegorz Świderski,Panathinaikos FC,ST,28,73,75,69,75,71,50,67,71,74,75,65,11.0,65.0,23.67,76,FW
1110,폴란드,Poland,Dawid Igor Kownacki,Hertha BSC,ST,28,72,72,73,71,68,54,76,69,68,77,71,11.67,66.5,26.0,73,FW
1111,프랑스,France,Mike Peterson Maignan,AC Milan,GK,29,87,40,30,68,85,18,65,39,83,64,62,85.33,62.5,20.33,15,GK
1112,프랑스,France,Lucas Chevalier,Paris Saint-Germain,GK,23,83,17,14,45,80,12,52,41,53,55,46,83.33,36.0,10.33,9,GK
1113,프랑스,France,Brice Lauriche Samba,Stade Rennais FC,GK,31,80,36,14,66,78,10,49,37,78,60,60,79.33,46.5,12.67,9,GK
1114,프랑스,France,William Alain André Gabriel Saliba,Arsenal,CB,24,87,77,74,82,86,58,76,72,88,60,78,8.67,78.5,88.0,35,DF
1115,프랑스,France,Jules Olivier Koundé,FC Barcelona,RB,26,87,81,78,82,86,78,85,87,85,48,83,12.67,78.5,85.67,47,DF
1116,프랑스,France,Ibrahima Konaté,Liverpool,CB,26,86,76,68,80,85,38,69,75,91,45,83,11.0,77.5,86.67,29,DF
1117,프랑스,France,Dayotchanculle Oswald Upamecano,FC Bayern München,CB,26,85,76,72,74,84,48,76,73,87,64,78,10.0,78.5,83.33,39,DF
1118,프랑스,France,Benjamin Pavard,Olympique de Marseille,CB,29,84,79,71,83,86,76,74,80,76,80,76,10.33,82.0,86.0,60,DF
1119,프랑스,France,Theo Bernard François Hernández,Al Hilal,LB,27,84,84,83,80,83,84,88,87,80,86,92,8.67,75.5,78.67,71,DF
1120,프랑스,France,Lucas François Bernard Hernández Pi,Paris Saint-Germain,CB,29,81,76,65,80,81,78,68,65,78,62,74,11.33,72.0,82.67,53,DF
1121,프랑스,France,Mohamed Simakan,Al Nassr,CB,25,81,71,67,76,78,60,74,79,83,61,78,11.33,72.0,80.67,39,DF
1122,프랑스,France,Ferland Sinna Mendy,Real Madrid,LB,30,81,74,74,76,80,74,84,85,84,69,85,8.67,76.0,78.33,63,DF
1123,프랑스,France,Michael Akpovie Olise,FC Bayern München,RM,23,86,86,88,84,86,79,83,85,57,78,73,9.67,82.5,50.33,83,MF
1124,프랑스,France,N'Golo Kanté,Al Ittihad,CDM,34,85,80,78,82,85,68,80,89,72,71,74,10.67,78.0,87.67,64,MF
1125,프랑스,France,Aurélien Djani Tchouameni,Real Madrid,CDM,25,84,81,78,82,82,68,73,83,82,78,70,9.33,84.5,81.33,65,MF
1126,프랑스,France,Moussa Diaby,Al Ittihad,RM,25,84,84,89,79,81,80,95,82,37,74,95,10.0,76.5,43.33,79,MF
1127,프랑스,France,Adrien Rabiot-Provost,AC Milan,CAM,30,83,84,81,85,84,78,75,94,82,83,86,10.33,82.5,75.0,79,MF
1128,프랑스,France,Boubacar Bernard Kamara,Aston Villa,CDM,25,83,80,73,85,81,64,62,81,79,67,65,8.33,80.5,83.33,47,MF
1129,프랑스,France,Eduardo Celmi Camavinga,Real Madrid,CM,22,83,86,84,84,82,77,81,84,79,75,80,12.0,85.0,79.67,64,MF
1130,프랑스,France,Kingsley Junior Coman,Al Nassr,LM,29,83,87,88,78,82,80,90,65,66,82,84,4.33,76.5,25.67,73,MF
1131,프랑스,France,Kylian Mbappé Lottin,Real Madrid,ST,26,91,93,92,88,91,78,97,83,77,91,97,10.0,80.5,30.67,92,FW
1132,프랑스,France,Masour Ousmane Dembélé,Paris Saint-Germain,ST,28,90,94,94,88,91,80,93,76,69,91,89,9.67,83.5,45.67,90,FW
1133,프랑스,France,Désiré Doué,Paris Saint-Germain,RW,20,85,89,91,89,85,74,85,80,77,86,82,9.0,77.5,54.67,78,FW
1134,프랑스,France,Marcus Lilian Thuram-Ulien,Inter,ST,27,85,81,85,78,84,76,84,83,79,84,88,11.67,75.0,44.67,85,FW
1135,프랑스,France,Karim Benzemaكريم بن زيما,Al Ittihad,ST,37,85,86,84,84,84,75,74,78,81,85,76,8.33,81.0,28.33,86,FW
1136,프랑스,France,Antoine Griezmann,Atlético Madrid,ST,34,85,90,86,88,87,82,80,77,70,85,75,13.67,84.5,57.33,86,FW
1137,호주,Australia,Mathew David Ryan,Levante UD,GK,33,78,32,18,64,75,25,52,35,64,60,52,77.33,48.0,19.67,15,GK
1138,호주,Australia,Paul David Izzo,Randers FC,GK,30,70,23,22,58,60,11,55,33,67,50,56,70.67,33.0,18.0,14,GK
1139,호주,Australia,Lawrence Andrew Kingsley Thomas,Western Sydney Wanderers,GK,33,68,22,18,52,65,14,34,32,70,52,40,67.67,41.5,18.0,14,GK
1140,호주,Australia,Cameron Robert Burgess,Swansea City,CB,29,73,67,45,69,68,40,43,65,86,45,52,10.33,68.0,73.33,38,DF
1141,호주,Australia,Harry James Souttar,Leicester City,CB,26,73,62,52,64,66,24,40,52,89,33,51,13.33,67.0,72.67,25,DF
1142,호주,Australia,Alexander Ian Grant,Sydney FC,CB,31,71,60,54,58,60,36,48,74,93,63,57,10.0,72.0,68.67,43,DF
1143,호주,Australia,Alessandro Circati,Parma,CB,21,71,58,42,55,71,42,54,74,80,52,63,9.67,64.0,71.33,24,DF
1144,호주,Australia,Kye Francis Rowles,DC United,CB,27,71,50,37,62,66,26,61,74,78,34,67,10.67,64.0,72.0,16,DF
1145,호주,Australia,Gianni Ryan Stensness,Viking FK,CB,26,69,66,56,62,65,45,63,83,82,51,71,8.67,66.0,65.67,39,DF
1146,호주,Australia,Kai Clifton Trewin,Melbourne City FC,CB,24,69,58,55,67,70,43,64,90,80,52,68,13.0,65.5,70.0,39,DF
1147,호주,Australia,Jordan Jacob Bos,Feyenoord,LB,22,69,64,67,64,66,58,83,84,81,66,90,6.0,59.5,61.0,55,DF
1148,호주,Australia,Nathaniel Caleb Atkinson,Melbourne City FC,RB,26,68,67,72,63,62,67,75,83,78,54,76,11.0,61.5,60.0,55,DF
1149,호주,Australia,Jackson Alexander Irvine,FC St. Pauli,CM,32,75,74,69,72,75,64,64,91,76,73,69,9.0,73.5,70.0,67,MF
1150,호주,Australia,Craig Alexander Goodwin,Adelaide United,LM,33,73,69,67,74,72,77,81,83,71,77,81,7.67,68.5,58.33,72,MF
1151,호주,Australia,Massimo Corey Luongo,Millwall FC,CDM,32,72,73,67,69,72,60,53,65,74,73,51,11.67,71.5,71.67,62,MF
1152,호주,Australia,Riley Patrick McGree,Middlesbrough,LM,26,72,71,72,74,71,67,80,77,74,68,76,11.0,67.0,62.0,66,MF
1153,호주,Australia,Cameron Peter Devlin,Hearts,CDM,27,71,68,65,73,69,56,73,90,61,52,64,10.67,68.0,69.33,52,MF
1154,호주,Australia,Nicolas Petar Milanović,Aberdeen,LM,23,71,72,74,59,62,58,86,91,70,63,89,9.67,57.5,33.33,74,MF
1155,호주,Australia,Aiden Connor O'Neill,New York City FC,CDM,26,70,67,66,69,68,54,74,79,77,67,78,10.33,70.0,66.67,59,MF
1156,호주,Australia,Mathew Allan Leckie,Melbourne City FC,CM,34,70,74,73,71,70,62,76,75,76,71,81,8.0,68.0,62.67,68,MF
1157,호주,Australia,Martin Callie Boyle,Hibernian,ST,32,71,73,74,68,72,67,91,74,50,75,87,12.0,64.5,40.67,73,FW
1158,호주,Australia,Anthony Charles Carter,Santa Clara,ST,30,70,69,65,59,71,35,64,66,83,78,66,10.67,50.5,19.33,73,FW
1159,호주,Australia,Brandon Joel Gaetano Borrello,Western Sydney Wanderers,ST,29,70,70,71,69,68,65,72,84,75,77,73,9.67,64.5,42.33,68,FW
1160,호주,Australia,Nicholas D'Agostino,Viking FK,ST,27,70,68,67,65,66,55,83,85,81,68,84,11.0,62.0,46.33,70,FW
1161,호주,Australia,Ryan Dale Williams,Bengaluru FC,RW,31,69,69,69,58,66,63,81,88,52,65,79,12.0,61.5,47.67,70,FW
1162,호주,Australia,Adam Jake Taggart,Perth Glory,ST,32,69,69,64,73,66,56,80,80,73,69,80,12.67,63.5,32.0,71,FW
