,home_team,away_team,home_win,year
2521,Albania,Andorra,1,2002
2532,Albania,Azerbaijan,1,2002
3171,Albania,Cyprus,-1,2002
3745,Albania,England,-1,2002
4277,Albania,Finland,-1,2002
970,Albania,Georgia,-1,2002
2301,Albania,Georgia,1,2002
196,Albania,Germany,-1,2002
4041,Albania,Germany,-1,2002
1580,Albania,Greece,-1,2002
3344,Albania,Greece,1,2002
984,Albania,Latvia,-1,2002
2220,Albania,Latvia,-1,2002
3425,Albania,Malta,1,2002
1713,Albania,North Macedonia,1,2002
675,Albania,Northern Ireland,1,2002
1940,Albania,Norway,-1,2002
1984,Albania,Slovenia,-1,2002
172,Albania,Ukraine,-1,2002
159,Alderney,Guernsey,-1,2002
1818,Alderney,Guernsey,-1,2002
3732,Alderney,Guernsey,-1,2002
1051,Alderney,Jersey,-1,2002
2683,Alderney,Jersey,-1,2002
3987,Algeria,Angola,1,2002
578,Algeria,Benin,1,2002
3424,Algeria,Bulgaria,-1,2002
2906,Algeria,Burkina Faso,1,2002
3244,Algeria,Burkina Faso,-1,2002
4400,Algeria,Burkina Faso,1,2002
3494,Algeria,Burundi,1,2002
2798,Algeria,Cape Verde,1,2002
4193,Algeria,Egypt,-1,2002
2488,Algeria,Gabon,1,2002
4472,Algeria,Ghana,-1,2002
971,Algeria,Guinea,-1,2002
2941,Algeria,Guinea,1,2002
724,Algeria,Kenya,-1,2002
1847,Algeria,Liberia,1,2002
1345,Algeria,Libya,1,2002
560,Algeria,Mali,1,2002
3898,Algeria,Morocco,-1,2002
3533,Algeria,Namibia,1,2002
3474,Algeria,Romania,1,2002
3475,Algeria,Romania,-1,2002
3013,Algeria,Senegal,-1,2002
3628,Algeria,Slovakia,-1,2002
899,Algeria,Togo,-1,2002
2023,Algeria,Uganda,1,2002
726,Algeria,Zambia,-1,2002
3802,American Samoa,Samoa,-1,2002
3006,American Samoa,Tonga,-1,2002
3813,American Samoa,Tonga,-1,2002
2439,Andalusia,Estonia,1,2002
3941,Andalusia,Iraq,1,2002
3482,Andalusia,Morocco,1,2002
4503,Andalusia,Tunisia,-1,2002
2302,Andorra,Armenia,-1,2002
1244,Andorra,Azerbaijan,-1,2002
2540,Andorra,Azerbaijan,-1,2002
2826,Andorra,Belarus,1,2002
1181,Andorra,Brazil,-1,2002
3217,Andorra,Cyprus,-1,2002
3294,Andorra,Estonia,-1,2002
1985,Andorra,France,-1,2002
1802,Andorra,Iceland,-1,2002
3700,Andorra,Netherlands,-1,2002
4278,Andorra,Portugal,-1,2002
3746,Andorra,Republic of Ireland,-1,2002
2246,Andorra,Russia,-1,2002
1499,Andorra,Ukraine,-1,2002
3325,Angola,Algeria,-1,2002
1353,Angola,Benin,1,2002
3734,Angola,Burkina Faso,1,2002
4087,Angola,Burundi,1,2002
402,Angola,Cameroon,-1,2002
3910,Angola,Cameroon,1,2002
3122,Angola,Equatorial Guinea,1,2002
2809,Angola,Eswatini,1,2002
1684,Angola,Gabon,1,2002
486,Angola,Ghana,1,2002
3488,Angola,Lesotho,1,2002
3541,Angola,Libya,1,2002
1745,Angola,Mauritius,-1,2002
4070,Angola,Mauritius,1,2002
993,Angola,Namibia,-1,2002
2279,Angola,Namibia,1,2002
2024,Angola,South Africa,-1,2002
227,Angola,Togo,1,2002
4210,Angola,Togo,-1,2002
1124,Angola,Zambia,-1,2002
3024,Angola,Zambia,1,2002
579,Angola,Zimbabwe,1,2002
1387,Angola,Zimbabwe,1,2002
4345,Angola,Zimbabwe,-1,2002
2630,Anguilla,Bahamas,-1,2002
3570,Anguilla,Montserrat,1,2002
2787,Antigua and Barbuda,Bermuda,-1,2002
3542,Antigua and Barbuda,British Virgin Islands,-1,2002
1017,Antigua and Barbuda,Dominica,-1,2002
1300,Antigua and Barbuda,Dominica,1,2002
1781,Antigua and Barbuda,Dominica,-1,2002
2853,Antigua and Barbuda,Dominica,1,2002
3656,Antigua and Barbuda,Dominican Republic,-1,2002
546,Antigua and Barbuda,Grenada,-1,2002
1096,Antigua and Barbuda,Grenada,1,2002
2988,Antigua and Barbuda,Guatemala,-1,2002
1317,Antigua and Barbuda,Haiti,-1,2002
552,Antigua and Barbuda,Jamaica,-1,2002
809,Antigua and Barbuda,Jamaica,-1,2002
1306,Antigua and Barbuda,Martinique,1,2002
3658,Antigua and Barbuda,Saint Kitts and Nevis,-1,2002
479,Antigua and Barbuda,Saint Lucia,-1,2002
487,Antigua and Barbuda,Saint Lucia,1,2002
1081,Antigua and Barbuda,Saint Lucia,-1,2002
3618,Antigua and Barbuda,Saint Lucia,-1,2002
2868,Antigua and Barbuda,Saint Vincent and the Grenadines,1,2002
2955,Argentina,Bolivia,1,2002
1133,Argentina,Bosnia and Herzegovina,1,2002
2221,Argentina,Brazil,1,2002
4305,Argentina,Brazil,1,2002
1046,Argentina,Bulgaria,1,2002
452,Argentina,Chile,1,2002
1143,Argentina,Chile,1,2002
2691,Argentina,Chile,1,2002
843,Argentina,Colombia,-1,2002
2090,Argentina,Colombia,-1,2002
2331,Argentina,Colombia,1,2002
4023,Argentina,Colombia,1,2002
1254,Argentina,Croatia,1,2002
297,Argentina,Ecuador,1,2002
432,Argentina,Ecuador,-1,2002
2068,Argentina,Ecuador,1,2002
3137,Argentina,Ecuador,1,2002
1269,Argentina,England,-1,2002
1234,Argentina,Jamaica,1,2002
1217,Argentina,Japan,1,2002
2040,Argentina,Lithuania,-1,2002
467,Argentina,Paraguay,-1,2002
3178,Argentina,Paraguay,-1,2002
403,Argentina,Peru,1,2002
4427,Argentina,Peru,1,2002
1021,Argentina,Serbia,1,2002
1156,Argentina,South Africa,1,2002
779,Argentina,Uruguay,-1,2002
3326,Argentina,Uruguay,1,2002
572,Argentina,Venezuela,1,2002
3747,Argentina,Venezuela,1,2002
650,Armenia,Albania,1,2002
1404,Armenia,Andorra,1,2002
3992,Armenia,Belarus,-1,2002
1598,Armenia,Estonia,1,2002
2247,Armenia,France,-1,2002
2827,Armenia,Georgia,-1,2002
1500,Armenia,Iceland,-1,2002
1360,Armenia,Lebanon,1,2002
2503,Armenia,Moldova,1,2002
298,Armenia,Northern Ireland,-1,2002
4362,Armenia,Norway,-1,2002
4042,Armenia,Poland,-1,2002
1803,Armenia,Russia,-1,2002
753,Armenia,Ukraine,-1,2002
1986,Armenia,Ukraine,-1,2002
3295,Armenia,Ukraine,-1,2002
3585,Armenia,Uzbekistan,1,2002
3701,Armenia,Wales,-1,2002
2715,Aruba,Barbados,-1,2002
130,Aruba,Curaçao,1,2002
1038,Aruba,Curaçao,-1,2002
1033,Aruba,French Guiana,1,2002
323,Aruba,Jamaica,-1,2002
2646,Aruba,Puerto Rico,1,2002
1041,Aruba,Suriname,-1,2002
3806,Australia,American Samoa,1,2002
880,Australia,Brazil,-1,2002
4069,Australia,Brazil,1,2002
2565,Australia,Bulgaria,-1,2002
964,Australia,Chile,-1,2002
1476,Australia,Cook Islands,1,2002
3033,Australia,Cook Islands,1,2002
1468,Australia,Fiji,1,2002
3814,Australia,Fiji,1,2002
3988,Australia,France,1,2002
4441,Australia,France,-1,2002
858,Australia,Iran,-1,2002
999,Australia,Japan,-1,2002
3288,Australia,Kuwait,1,2002
22,Australia,New Zealand,1,2002
545,Australia,New Zealand,1,2002
1491,Australia,New Zealand,-1,2002
3061,Australia,New Zealand,1,2002
4105,Australia,New Zealand,1,2002
33,Australia,Norway,1,2002
2982,Australia,Paraguay,-1,2002
3000,Australia,Paraguay,-1,2002
3010,Australia,Paraguay,1,2002
3822,Australia,Samoa,1,2002
2547,Australia,Slovakia,-1,2002
433,Australia,Solomon Islands,1,2002
468,Australia,Solomon Islands,1,2002
27,Australia,South Korea,1,2002
988,Australia,South Korea,1,2002
3296,Australia,South Korea,-1,2002
446,Australia,Tahiti,1,2002
474,Australia,Tahiti,1,2002
1485,Australia,Tahiti,1,2002
3803,Australia,Tonga,1,2002
4466,Australia,Uruguay,1,2002
3054,Australia,Vanuatu,1,2002
754,Austria,Belarus,1,2002
4306,Austria,Bosnia and Herzegovina,1,2002
2828,Austria,Croatia,-1,2002
2321,Austria,Cyprus,1,2002
299,Austria,Estonia,1,2002
1363,Austria,France,-1,2002
1064,Austria,Hungary,-1,2002
3215,Austria,Iran,1,2002
1405,Austria,Israel,-1,2002
3748,Austria,Israel,1,2002
1179,Austria,Liechtenstein,1,2002
3853,Austria,Liechtenstein,1,2002
1876,Austria,San Marino,1,2002
150,Austria,Slovenia,-1,2002
2222,Austria,Spain,-1,2002
3345,Austria,Spain,-1,2002
651,Austria,Sweden,1,2002
2692,Austria,Sweden,-1,2002
4238,Austria,Switzerland,-1,2002
1157,Austria,Tunisia,1,2002
4431,Austria,Turkey,-1,2002
1102,Austria,United States,-1,2002
120,Azerbaijan,Estonia,-1,2002
1604,Azerbaijan,Estonia,1,2002
1763,Azerbaijan,Estonia,-1,2002
197,Azerbaijan,Finland,-1,2002
1342,Azerbaijan,Georgia,1,2002
2956,Azerbaijan,Georgia,-1,2002
1501,Azerbaijan,Hungary,-1,2002
1941,Azerbaijan,Liechtenstein,1,2002
1255,Azerbaijan,Lithuania,1,2002
1060,Azerbaijan,Moldova,1,2002
3702,Azerbaijan,Moldova,-1,2002
3152,Azerbaijan,North Macedonia,-1,2002
4307,Azerbaijan,North Macedonia,-1,2002
652,Azerbaijan,Norway,-1,2002
2223,Azerbaijan,Portugal,-1,2002
1826,Azerbaijan,Romania,-1,2002
2303,Azerbaijan,Slovakia,-1,2002
4043,Azerbaijan,Slovakia,1,2002
3218,Azerbaijan,Sweden,-1,2002
3346,Azerbaijan,Turkey,-1,2002
158,Azerbaijan,Turkmenistan,1,2002
1120,Azerbaijan,Uzbekistan,1,2002
3595,Azerbaijan,Uzbekistan,-1,2002
2661,Bahamas,Anguilla,1,2002
2788,Bahamas,Haiti,-1,2002
4405,Bahamas,Haiti,-1,2002
1739,Bahamas,Turks and Caicos Islands,1,2002
1746,Bahamas,United States Virgin Islands,-1,2002
4103,Bahrain,Bosnia and Herzegovina,-1,2002
1554,Bahrain,Burkina Faso,1,2002
717,Bahrain,Chad,-1,2002
2726,Bahrain,Iran,1,2002
4406,Bahrain,Iran,1,2002
4268,Bahrain,Iraq,1,2002
253,Bahrain,Jordan,1,2002
2678,Bahrain,Jordan,-1,2002
3166,Bahrain,Jordan,-1,2002
2671,Bahrain,Kazakhstan,-1,2002
1565,Bahrain,Kuwait,-1,2002
3559,Bahrain,Kuwait,-1,2002
3566,Bahrain,Kyrgyzstan,1,2002
1450,Bahrain,Libya,-1,2002
2718,Bahrain,Maldives,1,2002
2775,Bahrain,Maldives,1,2002
131,Bahrain,Oman,1,2002
1574,Bahrain,Oman,-1,2002
3823,Bahrain,Oman,-1,2002
4483,Bahrain,Oman,-1,2002
1568,Bahrain,Qatar,-1,2002
2674,Bahrain,Qatar,1,2002
4359,Bahrain,Qatar,1,2002
1559,Bahrain,Saudi Arabia,-1,2002
4347,Bahrain,Saudi Arabia,-1,2002
3613,Bahrain,Singapore,1,2002
4108,Bahrain,Slovakia,1,2002
1487,Bahrain,Sudan,-1,2002
1458,Bahrain,Syria,1,2002
2780,Bahrain,Syria,-1,2002
4334,Bahrain,Thailand,-1,2002
245,Bahrain,United Arab Emirates,-1,2002
1556,Bahrain,United Arab Emirates,-1,2002
4111,Bahrain,Uzbekistan,-1,2002
3889,Bangladesh,Bhutan,1,2002
2860,Bangladesh,India,-1,2002
3156,Bangladesh,India,-1,2002
191,Bangladesh,Malaysia,-1,2002
2282,Bangladesh,Maldives,-1,2002
3604,Bangladesh,Mongolia,-1,2002
1892,Bangladesh,Nepal,1,2002
156,Bangladesh,Saudi Arabia,-1,2002
3513,Bangladesh,Serbia,-1,2002
2286,Bangladesh,Sri Lanka,1,2002
2869,Bangladesh,Sri Lanka,-1,2002
151,Bangladesh,Taiwan,-1,2002
2396,Bangladesh,Uzbekistan,-1,2002
3596,Bangladesh,Vietnam,-1,2002
1767,Barbados,Antigua and Barbuda,1,2002
2624,Barbados,Antigua and Barbuda,-1,2002
2789,Barbados,Aruba,1,2002
3793,Barbados,Aruba,1,2002
3123,Barbados,Costa Rica,1,2002
2894,Barbados,Cuba,-1,2002
1777,Barbados,Dominica,1,2002
198,Barbados,Grenada,-1,2002
2631,Barbados,Grenada,-1,2002
3774,Barbados,Grenada,1,2002
3327,Barbados,Guatemala,-1,2002
1764,Barbados,Guyana,1,2002
3946,Barbados,Jamaica,-1,2002
1030,Barbados,Saint Kitts and Nevis,1,2002
2578,Barbados,Saint Kitts and Nevis,1,2002
529,Barbados,Trinidad and Tobago,-1,2002
908,Barbados,Trinidad and Tobago,-1,2002
3067,Barbados,Trinidad and Tobago,-1,2002
3426,Barbados,United States,-1,2002
4507,Basque Country,Ghana,1,2002
3483,Basque Country,Morocco,1,2002
2443,Basque Country,Nigeria,1,2002
1663,Basque Country,Uruguay,1,2002
904,Basque Country,Yugoslavia,1,2002
3347,Belarus,Armenia,1,2002
676,Belarus,Austria,-1,2002
1406,Belarus,Denmark,-1,2002
591,Belarus,Israel,-1,2002
2304,Belarus,Italy,-1,2002
1205,Belarus,Lithuania,1,2002
3749,Belarus,Norway,1,2002
4308,Belarus,Poland,1,2002
2192,Belarus,Russia,-1,2002
404,Belarus,Scotland,-1,2002
619,Belarus,Sweden,-1,2002
1804,Belarus,Switzerland,-1,2002
4279,Belarus,Ukraine,-1,2002
2224,Belarus,Wales,-1,2002
3219,Belarus,Wales,1,2002
1805,Belgium,Bulgaria,-1,2002
1182,Belgium,Colombia,1,2002
3220,Belgium,Croatia,-1,2002
1710,Belgium,Czech Republic,-1,2002
4432,Belgium,Czech Republic,1,2002
1824,Belgium,Egypt,-1,2002
1168,Belgium,England,-1,2002
2193,Belgium,Finland,-1,2002
1158,Belgium,France,-1,2002
3007,Belgium,Italy,-1,2002
3993,Belgium,Latvia,1,2002
1231,Belgium,Mexico,-1,2002
2244,Belgium,Morocco,1,2002
2693,Belgium,Netherlands,-1,2002
1065,Belgium,Norway,-1,2002
1198,Belgium,Paraguay,1,2002
1926,Belgium,Peru,-1,2002
2597,Belgium,Portugal,-1,2002
837,Belgium,Republic of Ireland,1,2002
1103,Belgium,Romania,-1,2002
393,Belgium,San Marino,1,2002
3633,Belgium,San Marino,1,2002
4309,Belgium,Scotland,1,2002
1249,Belgium,South Korea,-1,2002
2985,Belgium,Sweden,1,2002
3034,Belgium,Turkey,-1,2002
1023,Belgium,United States,1,2002
755,Belgium,Wales,1,2002
4106,Belize,Cuba,1,2002
2790,Belize,El Salvador,-1,2002
2662,Belize,Guatemala,-1,2002
3845,Belize,Nicaragua,1,2002
3882,Belize,Nicaragua,1,2002
186,Belize,Panama,-1,2002
96,Benin,Algeria,-1,2002
1324,Benin,Angola,1,2002
3531,Benin,Cameroon,-1,2002
1305,Benin,Ghana,-1,2002
4416,Benin,Guinea-Bissau,-1,2002
561,Benin,Ivory Coast,-1,2002
4418,Benin,Mauritania,1,2002
3082,Benin,Namibia,1,2002
1338,Benin,Niger,-1,2002
2756,Benin,Senegal,-1,2002
24,Benin,Togo,-1,2002
2957,Benin,Togo,-1,2002
4508,Benin,Togo,-1,2002
1672,Bermuda,Antigua and Barbuda,1,2002
1674,Bermuda,Antigua and Barbuda,-1,2002
2810,Bermuda,Antigua and Barbuda,-1,2002
1898,Bermuda,Bahamas,1,2002
2663,Bermuda,British Virgin Islands,1,2002
2451,Bermuda,Canada,-1,2002
1903,Bermuda,Cayman Islands,1,2002
2272,Bermuda,Cayman Islands,1,2002
2274,Bermuda,Cayman Islands,1,2002
1907,Bermuda,Cuba,-1,2002
294,Bermuda,Saint Martin,1,2002
4104,Bermuda,Trinidad and Tobago,-1,2002
2570,Bhutan,Turkmenistan,-1,2002
199,Bolivia,Argentina,1,2002
3854,Bolivia,Argentina,-1,2002
514,Bolivia,Brazil,-1,2002
4420,Bolivia,Brazil,1,2002
64,Bolivia,Chile,-1,2002
1877,Bolivia,Chile,-1,2002
3138,Bolivia,Chile,1,2002
480,Bolivia,Colombia,1,2002
2829,Bolivia,Colombia,-1,2002
4189,Bolivia,Costa Rica,-1,2002
9,Bolivia,Ecuador,1,2002
4363,Bolivia,Ecuador,-1,2002
2125,Bolivia,Egypt,-1,2002
2632,Bolivia,Haiti,1,2002
160,Bolivia,Jamaica,1,2002
1756,Bolivia,Jamaica,-1,2002
2093,Bolivia,Japan,-1,2002
503,Bolivia,Mexico,1,2002
1765,Bolivia,Paraguay,-1,2002
2349,Bolivia,Paraguay,-1,2002
3153,Bolivia,Paraguay,-1,2002
457,Bolivia,Peru,1,2002
3328,Bolivia,Peru,1,2002
49,Bolivia,Slovakia,-1,2002
3008,Bolivia,Slovakia,-1,2002
1685,Bolivia,United States,-1,2002
471,Bolivia,Uruguay,1,2002
573,Bolivia,Uruguay,1,2002
3427,Bolivia,Uruguay,-1,2002
4160,Bolivia,Uruguay,-1,2002
441,Bolivia,Venezuela,1,2002
2215,Bolivia,Venezuela,-1,2002
4024,Bolivia,Venezuela,1,2002
3703,Bosnia and Herzegovina,Austria,-1,2002
3495,Bosnia and Herzegovina,Bangladesh,1,2002
3524,Bosnia and Herzegovina,Chile,1,2002
123,Bosnia and Herzegovina,China PR,-1,2002
1502,Bosnia and Herzegovina,Czech Republic,-1,2002
620,Bosnia and Herzegovina,Denmark,1,2002
1407,Bosnia and Herzegovina,Estonia,-1,2002
1364,Bosnia and Herzegovina,Faroe Islands,1,2002
200,Bosnia and Herzegovina,Greece,-1,2002
3634,Bosnia and Herzegovina,Hungary,-1,2002
113,Bosnia and Herzegovina,Indonesia,1,2002
4196,Bosnia and Herzegovina,Iran,-1,2002
4280,Bosnia and Herzegovina,Israel,-1,2002
4384,Bosnia and Herzegovina,Liechtenstein,1,2002
1942,Bosnia and Herzegovina,Lithuania,1,2002
4239,Bosnia and Herzegovina,Malta,1,2002
2694,Bosnia and Herzegovina,North Macedonia,1,2002
2225,Bosnia and Herzegovina,Scotland,-1,2002
3532,Bosnia and Herzegovina,Serbia,-1,2002
677,Bosnia and Herzegovina,Slovenia,1,2002
3221,Bosnia and Herzegovina,Spain,-1,2002
3179,Bosnia and Herzegovina,Turkey,1,2002
4114,Bosnia and Herzegovina,Uzbekistan,-1,2002
92,Bosnia and Herzegovina,Vietnam,1,2002
109,Bosnia and Herzegovina,Zimbabwe,-1,2002
87,Botswana,Eswatini,-1,2002
2664,Botswana,Eswatini,1,2002
3534,Botswana,Eswatini,-1,2002
3668,Botswana,Eswatini,1,2002
97,Botswana,Lesotho,-1,2002
2620,Botswana,Lesotho,1,2002
2958,Botswana,Lesotho,-1,2002
3543,Botswana,Lesotho,1,2002
4491,Botswana,Lesotho,1,2002
3074,Botswana,Madagascar,1,2002
121,Botswana,Malawi,-1,2002
3689,Botswana,Malawi,-1,2002
929,Botswana,Mozambique,-1,2002
1325,Botswana,Mozambique,-1,2002
1920,Botswana,Mozambique,-1,2002
2933,Botswana,Mozambique,1,2002
3675,Botswana,Mozambique,-1,2002
4488,Botswana,Namibia,1,2002
1733,Botswana,South Africa,-1,2002
2743,Botswana,Zambia,-1,2002
1121,Brazil,Argentina,-1,2002
2104,Brazil,Argentina,1,2002
2245,Brazil,Argentina,1,2002
3149,Brazil,Argentina,1,2002
896,Brazil,Australia,1,2002
3245,Brazil,Bolivia,1,2002
3985,Brazil,Cameroon,1,2002
201,Brazil,Chile,1,2002
1260,Brazil,Chile,1,2002
2095,Brazil,Chile,1,2002
4385,Brazil,Chile,1,2002
475,Brazil,Colombia,1,2002
3428,Brazil,Colombia,1,2002
447,Brazil,Costa Rica,1,2002
893,Brazil,Czech Republic,1,2002
1272,Brazil,Denmark,1,2002
678,Brazil,Ecuador,1,2002
1522,Brazil,Ecuador,1,2002
2830,Brazil,Ecuador,1,2002
23194,Brazil,France,-1,2002
2121,Brazil,Germany,1,2002
957,Brazil,Guatemala,-1,2002
4199,Brazil,Honduras,-1,2002
952,Brazil,Jamaica,-1,2002
1000,Brazil,Jamaica,1,2002
2041,Brazil,Latvia,1,2002
300,Brazil,Mexico,1,2002
463,Brazil,Mexico,1,2002
884,Brazil,Mexico,1,2002
2087,Brazil,Mexico,1,2002
4152,Brazil,Mexico,-1,2002
747,Brazil,Morocco,1,2002
1223,Brazil,Morocco,1,2002
1279,Brazil,Netherlands,-1,2002
1943,Brazil,Netherlands,-1,2002
1981,Brazil,Netherlands,1,2002
1240,Brazil,Norway,-1,2002
4232,Brazil,Panama,1,2002
488,Brazil,Paraguay,1,2002
4187,Brazil,Paraguay,1,2002
4240,Brazil,Paraguay,1,2002
507,Brazil,Peru,1,2002
3855,Brazil,Peru,-1,2002
4176,Brazil,Peru,1,2002
114,Brazil,Poland,1,2002
1581,Brazil,Russia,1,2002
2152,Brazil,Saudi Arabia,1,2002
1206,Brazil,Scotland,1,2002
1463,Brazil,Serbia,-1,2002
2134,Brazil,United States,1,2002
2116,Brazil,Uruguay,1,2002
3062,Brazil,Uruguay,-1,2002
2065,Brazil,Venezuela,1,2002
4447,Brazil,Venezuela,1,2002
832,Brazil,Wales,1,2002
221,British Virgin Islands,Anguilla,1,2002
2618,British Virgin Islands,Anguilla,-1,2002
2621,British Virgin Islands,Anguilla,1,2002
1747,British Virgin Islands,Antigua and Barbuda,-1,2002
2856,British Virgin Islands,Antigua and Barbuda,-1,2002
2633,British Virgin Islands,Bermuda,-1,2002
1784,British Virgin Islands,Dominican Republic,-1,2002
1702,British Virgin Islands,Montserrat,1,2002
1707,British Virgin Islands,Montserrat,1,2002
1788,British Virgin Islands,Puerto Rico,1,2002
3582,British Virgin Islands,Puerto Rico,-1,2002
2500,British Virgin Islands,Saint Lucia,-1,2002
1628,British Virgin Islands,Saint Vincent and the Grenadines,-1,2002
2854,British Virgin Islands,Sint Maarten,-1,2002
3704,British Virgin Islands,United States Virgin Islands,1,2002
1149,Brittany,Cameroon,-1,2002
740,Brunei,Cambodia,-1,2002
2158,Brunei,Cambodia,-1,2002
3927,Brunei,India,-1,2002
2183,Brunei,Indonesia,-1,2002
2172,Brunei,Malaysia,-1,2002
751,Brunei,Myanmar,-1,2002
2166,Brunei,Singapore,-1,2002
744,Brunei,Thailand,-1,2002
3815,Brunei,United Arab Emirates,-1,2002
3787,Brunei,Yemen,-1,2002
1193,Bulgaria,Algeria,1,2002
1562,Bulgaria,Algeria,-1,2002
3150,Bulgaria,Azerbaijan,1,2002
2695,Bulgaria,Belarus,1,2002
3180,Bulgaria,Belgium,-1,2002
202,Bulgaria,Cyprus,1,2002
3222,Bulgaria,Czech Republic,-1,2002
4310,Bulgaria,Denmark,-1,2002
1729,Bulgaria,Egypt,-1,2002
1987,Bulgaria,England,-1,2002
3705,Bulgaria,Iceland,1,2002
621,Bulgaria,Israel,1,2002
405,Bulgaria,Luxembourg,1,2002
2322,Bulgaria,Luxembourg,1,2002
3297,Bulgaria,Malta,1,2002
1104,Bulgaria,Morocco,1,2002
4241,Bulgaria,North Macedonia,1,2002
3750,Bulgaria,Northern Ireland,1,2002
1426,Bulgaria,Poland,-1,2002
679,Bulgaria,Russia,1,2002
1757,Bulgaria,Slovakia,1,2002
2536,Bulgaria,Slovakia,1,2002
1523,Bulgaria,Sweden,-1,2002
2831,Bulgaria,Ukraine,-1,2002
989,Burkina Faso,Algeria,1,2002
2461,Burkina Faso,Algeria,1,2002
4088,Burkina Faso,Algeria,1,2002
3498,Burkina Faso,Angola,1,2002
1852,Burkina Faso,Burundi,1,2002
3298,Burkina Faso,Burundi,1,2002
965,Burkina Faso,Cameroon,-1,2002
2452,Burkina Faso,Cameroon,-1,2002
1028,Burkina Faso,DR Congo,-1,2002
1024,Burkina Faso,Egypt,-1,2002
2811,Burkina Faso,Ethiopia,1,2002
1669,Burkina Faso,Gabon,1,2002
2447,Burkina Faso,Gabon,-1,2002
10,Burkina Faso,Guinea,-1,2002
1001,Burkina Faso,Guinea,1,2002
905,Burkina Faso,Ivory Coast,1,2002
1388,Burkina Faso,Ivory Coast,-1,2002
607,Burkina Faso,Kenya,-1,2002
3827,Burkina Faso,Malawi,1,2002
365,Burkina Faso,Mali,1,2002
916,Burkina Faso,Mali,-1,2002
1670,Burkina Faso,Mali,1,2002
1675,Burkina Faso,Mali,1,2002
3525,Burkina Faso,Mali,-1,2002
909,Burkina Faso,Mozambique,1,2002
912,Burkina Faso,Mozambique,1,2002
946,Burkina Faso,Namibia,1,2002
1301,Burkina Faso,Niger,1,2002
279,Burkina Faso,Nigeria,-1,2002
1391,Burkina Faso,Senegal,-1,2002
1966,Burkina Faso,Senegal,-1,2002
2474,Burkina Faso,Senegal,-1,2002
4119,Burkina Faso,South Africa,-1,2002
1376,Burkina Faso,Togo,-1,2002
2352,Burkina Faso,Togo,1,2002
2356,Burkina Faso,Togo,-1,2002
4492,Burkina Faso,Togo,-1,2002
1014,Burkina Faso,Tunisia,-1,2002
3614,Burkina Faso,Zimbabwe,-1,2002
3735,Burundi,Algeria,-1,2002
3246,Burundi,Angola,-1,2002
1748,Burundi,Burkina Faso,-1,2002
4025,Burundi,Burkina Faso,-1,2002
3113,Burundi,Djibouti,1,2002
4479,Burundi,Djibouti,1,2002
1653,Burundi,Senegal,1,2002
2130,Burundi,Somalia,1,2002
1326,Burundi,Tanzania,1,2002
2147,Burundi,Tanzania,1,2002
4475,Burundi,Tanzania,-1,2002
2126,Burundi,Uganda,-1,2002
1613,Cambodia,China PR,-1,2002
3911,Cambodia,China PR,-1,2002
2353,Cambodia,Hong Kong,-1,2002
280,Cambodia,Indonesia,-1,2002
2340,Cambodia,Indonesia,-1,2002
3892,Cambodia,Indonesia,-1,2002
3416,Cambodia,Laos,1,2002
2167,Cambodia,Malaysia,-1,2002
3820,Cambodia,Maldives,-1,2002
1078,Cambodia,Philippines,-1,2002
2182,Cambodia,Singapore,-1,2002
515,Cambodia,Uzbekistan,-1,2002
3410,Cambodia,Vietnam,-1,2002
261,Cambodia,Yemen,-1,2002
1002,Cameroon,Algeria,1,2002
2522,Cameroon,Algeria,1,2002
11,Cameroon,Angola,-1,2002
933,Cameroon,Angola,1,2002
3105,Cameroon,Angola,1,2002
1208,Cameroon,Austria,-1,2002
1144,Cameroon,Burkina Faso,1,2002
4037,Cameroon,Canada,1,2002
262,Cameroon,Congo,1,2002
1013,Cameroon,DR Congo,-1,2002
1967,Cameroon,Eritrea,1,2002
489,Cameroon,Gabon,-1,2002
990,Cameroon,Guinea,-1,2002
2484,Cameroon,Ivory Coast,1,2002
580,Cameroon,Kenya,-1,2002
3834,Cameroon,Libya,1,2002
1749,Cameroon,Mozambique,1,2002
36,Cameroon,Namibia,1,2002
597,Cameroon,Nigeria,-1,2002
2796,Cameroon,Somalia,1,2002
2812,Cameroon,Somalia,1,2002
281,Cameroon,Togo,1,2002
902,Cameroon,Togo,1,2002
2495,Cameroon,Togo,-1,2002
4120,Cameroon,Togo,1,2002
2541,Cameroon,Tunisia,1,2002
600,Cameroon,Zambia,-1,2002
3619,Cameroon,Zambia,1,2002
228,Cameroon,Zimbabwe,1,2002
3994,Canada,Brazil,-1,2002
2622,Canada,Colombia,1,2002
371,Canada,Costa Rica,1,2002
2296,Canada,Cuba,-1,2002
2989,Canada,Cuba,-1,2002
1968,Canada,Ecuador,-1,2002
229,Canada,El Salvador,-1,2002
2299,Canada,El Salvador,1,2002
1921,Canada,Guatemala,1,2002
1930,Canada,Guatemala,1,2002
2323,Canada,Haiti,1,2002
2924,Canada,Honduras,1,2002
611,Canada,Iran,-1,2002
1935,Canada,Iran,-1,2002
3883,Canada,Iran,1,2002
282,Canada,Jamaica,-1,2002
2219,Canada,Jamaica,1,2002
780,Canada,Mexico,-1,2002
3429,Canada,Mexico,-1,2002
1142,Canada,North Macedonia,1,2002
3342,Canada,Panama,1,2002
2100,Canada,Saudi Arabia,-1,2002
2566,Canada,South Korea,-1,2002
2909,Canada,Trinidad and Tobago,1,2002
3124,Canada,Trinidad and Tobago,-1,2002
828,Canada,United States,-1,2002
1665,Canary Islands,Latvia,1,2002
2757,Cape Verde,Algeria,-1,2002
3099,Cape Verde,Angola,-1,2002
2861,Cape Verde,Gambia,-1,2002
4421,Cape Verde,Gambia,-1,2002
2882,Cape Verde,Guinea,1,2002
1354,Cape Verde,Mali,-1,2002
865,Cape Verde,Mauritania,-1,2002
2876,Cape Verde,Senegal,-1,2002
2885,Cape Verde,Senegal,1,2002
2866,Cape Verde,Sierra Leone,1,2002
901,Catalonia,Bulgaria,-1,2002
4505,Catalonia,Chile,1,2002
3481,Catalonia,Lithuania,1,2002
1664,Catalonia,Nigeria,1,2002
2436,Catalonia,Yugoslavia,1,2002
1908,Cayman Islands,Bahamas,1,2002
2277,Cayman Islands,Bahamas,1,2002
1131,Cayman Islands,Bermuda,1,2002
3775,Cayman Islands,British Virgin Islands,-1,2002
1127,Cayman Islands,Cuba,-1,2002
2665,Cayman Islands,Cuba,-1,2002
1302,Cayman Islands,Haiti,-1,2002
2337,Cayman Islands,Jamaica,-1,2002
2523,Cayman Islands,Jamaica,-1,2002
2537,Cayman Islands,Jamaica,-1,2002
3209,Cayman Islands,Jamaica,-1,2002
3620,Cayman Islands,Trinidad and Tobago,-1,2002
3278,Cayman Islands,Turks and Caicos Islands,1,2002
2355,Central African Republic,Chad,1,2002
2377,Central African Republic,Congo,1,2002
3083,Central African Republic,DR Congo,-1,2002
2365,Central African Republic,São Tomé and Príncipe,1,2002
2742,Central African Republic,Zimbabwe,-1,2002
1327,Chad,Congo,-1,2002
2366,Chad,Equatorial Guinea,1,2002
2758,Chad,Liberia,-1,2002
3072,Chad,Libya,1,2002
2357,Chad,São Tomé and Príncipe,1,2002
680,Chile,Argentina,-1,2002
3430,Chile,Argentina,-1,2002
0,Chile,Armenia,1,2002
2538,Chile,Australia,1,2002
1225,Chile,Austria,-1,2002
3512,Chile,Bahrain,1,2002
844,Chile,Bolivia,1,2002
2025,Chile,Bolivia,1,2002
4236,Chile,Bolivia,-1,2002
3172,Chile,Brazil,1,2002
2548,Chile,Bulgaria,1,2002
1241,Chile,Cameroon,-1,2002
542,Chile,Colombia,1,2002
1105,Chile,Colombia,-1,2002
2105,Chile,Colombia,1,2002
3223,Chile,Colombia,-1,2002
1922,Chile,Costa Rica,1,2002
469,Chile,Ecuador,-1,2002
4448,Chile,Ecuador,-1,2002
4281,Chile,France,1,2002
825,Chile,Guatemala,1,2002
37,Chile,Honduras,1,2002
2675,Chile,Honduras,1,2002
3520,Chile,Iceland,1,2002
1122,Chile,Lithuania,1,2002
2066,Chile,Mexico,-1,2002
2114,Chile,Mexico,-1,2002
4197,Chile,Mexico,-1,2002
1190,Chile,Morocco,-1,2002
434,Chile,Paraguay,-1,2002
574,Chile,Paraguay,1,2002
3068,Chile,Paraguay,1,2002
2832,Chile,Peru,-1,2002
2567,Chile,Slovakia,-1,2002
1175,Chile,Tunisia,1,2002
2489,Chile,United States,-1,2002
1152,Chile,Uruguay,-1,2002
3846,Chile,Uruguay,-1,2002
3515,Chile,Uzbekistan,1,2002
295,Chile,Venezuela,1,2002
2088,Chile,Venezuela,1,2002
4169,Chile,Venezuela,1,2002
4303,Chile,Venezuela,-1,2002
3949,China PR,Cambodia,1,2002
3516,China PR,Egypt,-1,2002
98,China PR,Finland,1,2002
220,China PR,Ghana,-1,2002
2476,China PR,Guam,1,2002
1031,China PR,Hong Kong,1,2002
3375,China PR,Indonesia,1,2002
3928,China PR,Indonesia,1,2002
283,China PR,Iran,-1,2002
699,China PR,Iran,-1,2002
187,China PR,Iraq,-1,2002
3247,China PR,Iraq,1,2002
345,China PR,Japan,1,2002
3394,China PR,Japan,-1,2002
349,China PR,Kazakhstan,-1,2002
646,China PR,Kazakhstan,1,2002
833,China PR,Kuwait,1,2002
3382,China PR,Kuwait,-1,2002
1606,China PR,Lebanon,1,2002
3835,China PR,Maldives,1,2002
266,China PR,Myanmar,1,2002
2454,China PR,New Zealand,1,2002
4223,China PR,North Korea,-1,2002
4386,China PR,Oman,1,2002
2465,China PR,Philippines,1,2002
816,China PR,Qatar,-1,2002
3386,China PR,Qatar,1,2002
3577,China PR,Qatar,-1,2002
4397,China PR,Qatar,1,2002
728,China PR,Saudi Arabia,1,2002
3291,China PR,Saudi Arabia,-1,2002
2903,China PR,Serbia,-1,2002
88,China PR,Singapore,1,2002
269,China PR,South Korea,-1,2002
1036,China PR,South Korea,-1,2002
1601,China PR,South Korea,-1,2002
3155,China PR,South Korea,-1,2002
3399,China PR,South Korea,-1,2002
3586,China PR,Sweden,-1,2002
3599,China PR,Sweden,-1,2002
406,China PR,Tajikistan,-1,2002
1633,China PR,Tajikistan,1,2002
3224,China PR,Thailand,1,2002
4226,China PR,Trinidad and Tobago,1,2002
372,China PR,Turkmenistan,1,2002
4271,China PR,United Arab Emirates,1,2002
47,China PR,United States,1,2002
48,China PR,United States,-1,2002
4343,China PR,Uzbekistan,1,2002
490,China PR,Vietnam,1,2002
118,China PR,Zimbabwe,1,2002
65,Colombia,Argentina,-1,2002
3069,Colombia,Argentina,-1,2002
3635,Colombia,Australia,1,2002
622,Colombia,Bolivia,1,2002
3742,Colombia,Bolivia,1,2002
2687,Colombia,Brazil,-1,2002
4185,Colombia,Chile,1,2002
4422,Colombia,Chile,1,2002
464,Colombia,Costa Rica,1,2002
575,Colombia,Ecuador,1,2002
2098,Colombia,Ecuador,1,2002
4170,Colombia,Ecuador,1,2002
4311,Colombia,Ecuador,-1,2002
1256,Colombia,England,-1,2002
1711,Colombia,Germany,-1,2002
4204,Colombia,Honduras,1,2002
2549,Colombia,Jamaica,1,2002
4225,Colombia,Liberia,1,2002
4211,Colombia,Mexico,1,2002
1080,Colombia,Paraguay,-1,2002
3299,Colombia,Paraguay,-1,2002
301,Colombia,Peru,-1,2002
2015,Colombia,Peru,-1,2002
2598,Colombia,Peru,1,2002
4200,Colombia,Peru,1,2002
4262,Colombia,Peru,-1,2002
1066,Colombia,Serbia,-1,2002
55,Colombia,Slovakia,1,2002
1237,Colombia,Tunisia,1,2002
3173,Colombia,Uruguay,1,2002
681,Colombia,Venezuela,1,2002
2959,Colombia,Venezuela,1,2002
4150,Colombia,Venezuela,1,2002
2407,Congo,Burkina Faso,1,2002
1355,Congo,Chad,-1,2002
2360,Congo,Chad,-1,2002
407,Congo,DR Congo,1,2002
2416,Congo,DR Congo,-1,2002
3912,Congo,DR Congo,-1,2002
2358,Congo,Equatorial Guinea,1,2002
2813,Congo,Equatorial Guinea,1,2002
1750,Congo,Ivory Coast,1,2002
4177,Congo,Ivory Coast,-1,2002
3736,Congo,Liberia,-1,2002
3890,Congo,Madagascar,1,2002
1686,Congo,Mali,-1,2002
4026,Congo,Mauritius,-1,2002
2026,Congo,Namibia,1,2002
3125,Congo,Rwanda,1,2002
230,Congo,South Africa,1,2002
3248,Congo,South Africa,-1,2002
2363,Congo,São Tomé and Príncipe,1,2002
2412,Congo,Togo,1,2002
3544,Congo,Tunisia,-1,2002
1401,Cook Islands,American Samoa,1,2002
1394,Cook Islands,Samoa,1,2002
1438,Cook Islands,Tahiti,-1,2002
4076,Cook Islands,Tahiti,-1,2002
1408,Cook Islands,Tonga,-1,2002
4044,Cook Islands,Vanuatu,-1,2002
1134,Corsica,Cameroon,-1,2002
3249,Costa Rica,Barbados,1,2002
1785,Costa Rica,Belize,1,2002
3958,Costa Rica,Belize,1,2002
132,Costa Rica,Cameroon,1,2002
845,Costa Rica,Canada,1,2002
2554,Costa Rica,Canada,-1,2002
2505,Costa Rica,Chile,1,2002
1694,Costa Rica,Ecuador,-1,2002
272,Costa Rica,El Salvador,1,2002
603,Costa Rica,El Salvador,-1,2002
1819,Costa Rica,El Salvador,1,2002
4028,Costa Rica,El Salvador,-1,2002
1797,Costa Rica,Guatemala,1,2002
3174,Costa Rica,Guatemala,1,2002
3485,Costa Rica,Guatemala,1,2002
3972,Costa Rica,Guatemala,-1,2002
924,Costa Rica,Honduras,-1,2002
1793,Costa Rica,Honduras,-1,2002
1799,Costa Rica,Honduras,-1,2002
2440,Costa Rica,Honduras,-1,2002
3636,Costa Rica,Honduras,-1,2002
333,Costa Rica,Jamaica,1,2002
1740,Costa Rica,Jamaica,1,2002
4096,Costa Rica,Jamaica,1,2002
146,Costa Rica,Mexico,-1,2002
4387,Costa Rica,Mexico,-1,2002
257,Costa Rica,Nicaragua,1,2002
3075,Costa Rica,Panama,1,2002
2115,Costa Rica,Saudi Arabia,1,2002
51,Costa Rica,Slovakia,-1,2002
2403,Costa Rica,Slovakia,1,2002
2477,Costa Rica,Trinidad and Tobago,1,2002
2589,Costa Rica,Trinidad and Tobago,-1,2002
3733,Costa Rica,Trinidad and Tobago,1,2002
161,Costa Rica,United States,1,2002
3142,Costa Rica,United States,1,2002
4312,Costa Rica,United States,1,2002
84,Costa Rica,Venezuela,1,2002
3165,Costa Rica,Venezuela,-1,2002
1199,Croatia,Australia,1,2002
3637,Croatia,Austria,1,2002
4364,Croatia,Belgium,1,2002
653,Croatia,Bosnia and Herzegovina,1,2002
173,Croatia,Denmark,-1,2002
1714,Croatia,Denmark,-1,2002
2006,Croatia,Egypt,-1,2002
2917,Croatia,France,-1,2002
2696,Croatia,Germany,-1,2002
3856,Croatia,Greece,-1,2002
1183,Croatia,Iran,1,2002
1878,Croatia,Italy,-1,2002
3706,Croatia,Latvia,1,2002
2214,Croatia,Malta,1,2002
2011,Croatia,Mexico,1,2002
1524,Croatia,North Macedonia,1,2002
1106,Croatia,Poland,1,2002
2226,Croatia,Republic of Ireland,1,2002
3995,Croatia,San Marino,1,2002
3348,Croatia,Scotland,-1,2002
2305,Croatia,Serbia,-1,2002
203,Croatia,Slovenia,-1,2002
2599,Croatia,Spain,-1,2002
442,Croatia,Turkey,-1,2002
811,Croatia,Ukraine,1,2002
1904,Cuba,Bahamas,1,2002
2870,Cuba,Barbados,-1,2002
1128,Cuba,Bermuda,1,2002
803,Cuba,Cameroon,-1,2002
2960,Cuba,Canada,-1,2002
1899,Cuba,Cayman Islands,1,2002
2634,Cuba,Cayman Islands,1,2002
953,Cuba,Costa Rica,-1,2002
3776,Cuba,Dominica,1,2002
2324,Cuba,El Salvador,1,2002
1936,Cuba,Haiti,1,2002
2300,Cuba,Haiti,-1,2002
2910,Cuba,Haiti,-1,2002
2923,Cuba,Haiti,-1,2002
2002,Cuba,Jamaica,1,2002
4192,Cuba,Jamaica,-1,2002
2644,Cuba,Nicaragua,1,2002
4227,Cuba,Panama,1,2002
1982,Cuba,Saint Kitts and Nevis,1,2002
3782,Cuba,Saint Martin,1,2002
2719,Cuba,Suriname,1,2002
3935,Cuba,Suriname,1,2002
1307,Curaçao,Cayman Islands,-1,2002
1042,Curaçao,French Guiana,1,2002
1897,Curaçao,Grenada,-1,2002
1293,Curaçao,Haiti,-1,2002
1905,Curaçao,Suriname,-1,2002
2657,Curaçao,Trinidad and Tobago,-1,2002
1365,Cyprus,Albania,1,2002
3431,Cyprus,Andorra,1,2002
2513,Cyprus,Armenia,1,2002
1503,Cyprus,Austria,-1,2002
1697,Cyprus,Belgium,-1,2002
1783,Cyprus,Estonia,-1,2002
3751,Cyprus,Estonia,-1,2002
958,Cyprus,Finland,-1,2002
1703,Cyprus,Finland,1,2002
135,Cyprus,Greece,-1,2002
2676,Cyprus,Iran,-1,2002
2242,Cyprus,Israel,1,2002
72,Cyprus,Latvia,1,2002
80,Cyprus,Lithuania,1,2002
2506,Cyprus,Lithuania,1,2002
3626,Cyprus,Lithuania,-1,2002
756,Cyprus,Luxembourg,1,2002
3300,Cyprus,Netherlands,-1,2002
74,Cyprus,Poland,-1,2002
4313,Cyprus,Portugal,-1,2002
3707,Cyprus,Republic of Ireland,-1,2002
2194,Cyprus,Romania,-1,2002
2524,Cyprus,Romania,1,2002
174,Cyprus,Russia,-1,2002
1715,Cyprus,San Marino,1,2002
979,Cyprus,Slovenia,1,2002
1409,Cyprus,Spain,1,2002
3638,Cyprus,Ukraine,1,2002
2697,Czech Republic,Australia,1,2002
3857,Czech Republic,Belgium,-1,2002
4449,Czech Republic,Belgium,-1,2002
2248,Czech Republic,Bosnia and Herzegovina,1,2002
4365,Czech Republic,Bulgaria,1,2002
1366,Czech Republic,Denmark,1,2002
3752,Czech Republic,Denmark,-1,2002
1525,Czech Republic,Estonia,1,2002
623,Czech Republic,Faroe Islands,1,2002
2306,Czech Republic,Faroe Islands,1,2002
3014,Czech Republic,France,-1,2002
3301,Czech Republic,Iceland,1,2002
2833,Czech Republic,Israel,1,2002
1806,Czech Republic,Lithuania,1,2002
4314,Czech Republic,Malta,1,2002
4045,Czech Republic,Northern Ireland,1,2002
1148,Czech Republic,Paraguay,1,2002
136,Czech Republic,Poland,1,2002
1067,Czech Republic,Republic of Ireland,1,2002
1988,Czech Republic,Scotland,1,2002
204,Czech Republic,Serbia,-1,2002
757,Czech Republic,Slovakia,1,2002
3181,Czech Republic,Slovenia,-1,2002
4242,Czech Republic,South Korea,1,2002
2195,Czech Republic,Switzerland,1,2002
882,Czech Republic,Uruguay,-1,2002
897,Czech Republic,Uruguay,1,2002
2471,DR Congo,Algeria,-1,2002
3126,DR Congo,Central African Republic,1,2002
12,DR Congo,Congo,-1,2002
2341,DR Congo,Congo,-1,2002
3106,DR Congo,Congo,1,2002
2814,DR Congo,Djibouti,1,2002
2504,DR Congo,Gabon,-1,2002
3506,DR Congo,Ghana,1,2002
3669,DR Congo,Ivory Coast,-1,2002
1687,DR Congo,Kenya,1,2002
3343,DR Congo,Lesotho,-1,2002
1853,DR Congo,Madagascar,1,2002
3836,DR Congo,Madagascar,1,2002
284,DR Congo,South Africa,-1,2002
1025,DR Congo,South Africa,-1,2002
562,DR Congo,Tanzania,-1,2002
581,DR Congo,Togo,1,2002
978,DR Congo,Togo,1,2002
4178,DR Congo,Tunisia,-1,2002
508,DR Congo,Uganda,-1,2002
4411,DR Congo,Uganda,-1,2002
243,DR Congo,Zambia,-1,2002
2027,DR Congo,Zambia,-1,2002
4089,DR Congo,Zimbabwe,1,2002
1944,Denmark,Belarus,1,2002
2942,Denmark,Belgium,-1,2002
408,Denmark,Bosnia and Herzegovina,1,2002
3349,Denmark,Bulgaria,-1,2002
1194,Denmark,Cameroon,-1,2002
682,Denmark,Croatia,1,2002
3040,Denmark,Czech Republic,-1,2002
3996,Denmark,Czech Republic,1,2002
3432,Denmark,Germany,1,2002
4366,Denmark,Iceland,1,2002
2325,Denmark,Iran,-1,2002
2383,Denmark,Israel,1,2002
1807,Denmark,Italy,-1,2002
4046,Denmark,Malta,1,2002
2196,Denmark,Netherlands,-1,2002
4433,Denmark,Netherlands,-1,2002
4282,Denmark,Northern Ireland,-1,2002
1107,Denmark,Norway,-1,2002
302,Denmark,Slovenia,1,2002
3858,Denmark,Slovenia,1,2002
1879,Denmark,South Africa,-1,2002
2834,Denmark,Sweden,-1,2002
2227,Denmark,Switzerland,1,2002
1504,Denmark,Wales,-1,2002
3073,Djibouti,Burundi,-1,2002
3463,Djibouti,Burundi,-1,2002
2739,Djibouti,DR Congo,-1,2002
3456,Djibouti,Somalia,-1,2002
231,Dominica,Anguilla,1,2002
2584,Dominica,Antigua and Barbuda,1,2002
205,Dominica,British Virgin Islands,1,2002
1087,Dominica,British Virgin Islands,1,2002
1082,Dominica,Guadeloupe,-1,2002
2666,Dominica,Haiti,-1,2002
285,Dominica,Martinique,-1,2002
2273,Dominica,Saint Lucia,-1,2002
2430,Dominica,Saint Lucia,1,2002
2432,Dominica,Saint Lucia,1,2002
3688,Dominica,Saint Lucia,-1,2002
3690,Dominica,Saint Lucia,-1,2002
3794,Dominica,Saint Martin,-1,2002
3685,Dominica,Saint Vincent and the Grenadines,-1,2002
222,Dominica,Sint Maarten,1,2002
2857,Dominica,Sint Maarten,1,2002
2555,Dominican Republic,British Virgin Islands,1,2002
2635,Dominican Republic,Montserrat,1,2002
1048,Dominican Republic,Puerto Rico,1,2002
1794,Dominican Republic,Puerto Rico,1,2002
2791,Dominican Republic,Trinidad and Tobago,-1,2002
4243,Ecuador,Argentina,-1,2002
781,Ecuador,Bolivia,1,2002
3182,Ecuador,Bolivia,1,2002
3753,Ecuador,Brazil,1,2002
409,Ecuador,Chile,-1,2002
3329,Ecuador,Chile,1,2002
4151,Ecuador,Chile,-1,2002
3147,Ecuador,Colombia,-1,2002
1937,Ecuador,Guatemala,1,2002
2642,Ecuador,Honduras,-1,2002
1931,Ecuador,Iran,-1,2002
491,Ecuador,Mexico,-1,2002
3055,Ecuador,Panama,1,2002
624,Ecuador,Paraguay,1,2002
3847,Ecuador,Paraguay,1,2002
1730,Ecuador,Peru,-1,2002
3070,Ecuador,Peru,1,2002
59,Ecuador,Uruguay,1,2002
4423,Ecuador,Uruguay,-1,2002
2698,Ecuador,Venezuela,1,2002
4186,Ecuador,Venezuela,1,2002
895,Egypt,Algeria,-1,2002
903,Egypt,Algeria,-1,2002
3676,Egypt,Algeria,1,2002
2,Egypt,Belarus,1,2002
2501,Egypt,Burkina Faso,1,2002
900,Egypt,Cameroon,1,2002
3848,Egypt,Canada,1,2002
3692,Egypt,Estonia,-1,2002
582,Egypt,Ethiopia,1,2002
465,Egypt,Ghana,1,2002
867,Egypt,Ghana,1,2002
2364,Egypt,Ghana,-1,2002
3016,Egypt,Ghana,1,2002
1454,Egypt,Ivory Coast,-1,2002
3225,Egypt,Ivory Coast,1,2002
3207,Egypt,Kenya,1,2002
612,Egypt,Liberia,1,2002
3507,Egypt,Libya,1,2002
2772,Egypt,Mauritius,1,2002
2815,Egypt,Mauritius,1,2002
1732,Egypt,Mexico,-1,2002
2017,Egypt,Mexico,-1,2002
1008,Egypt,Morocco,-1,2002
3545,Egypt,Morocco,-1,2002
985,Egypt,Mozambique,1,2002
4161,Egypt,Namibia,1,2002
2101,Egypt,New Zealand,-1,2002
2111,Egypt,New Zealand,1,2002
3526,Egypt,North Korea,1,2002
1582,Egypt,Norway,-1,2002
2139,Egypt,Saudi Arabia,-1,2002
563,Egypt,Senegal,1,2002
2485,Egypt,Senegal,1,2002
3913,Egypt,Senegal,1,2002
453,Egypt,Serbia,-1,2002
931,Egypt,South Korea,-1,2002
943,Egypt,South Korea,-1,2002
2983,Egypt,South Korea,-1,2002
3884,Egypt,South Korea,-1,2002
4027,Egypt,Sudan,1,2002
890,Egypt,Togo,1,2002
2444,Egypt,Togo,1,2002
410,Egypt,Tunisia,-1,2002
2529,Egypt,Tunisia,-1,2002
3486,Egypt,United Arab Emirates,1,2002
2466,Egypt,Zambia,1,2002
3491,Egypt,Zambia,1,2002
2636,El Salvador,Belize,1,2002
972,El Salvador,Brazil,-1,2002
702,El Salvador,Canada,1,2002
654,El Salvador,Colombia,-1,2002
1923,El Salvador,Colombia,1,2002
324,El Salvador,Costa Rica,1,2002
362,El Salvador,Ecuador,-1,2002
4130,El Salvador,Ecuador,-1,2002
142,El Salvador,Guatemala,-1,2002
249,El Salvador,Guatemala,-1,2002
712,El Salvador,Guatemala,-1,2002
2135,El Salvador,Guatemala,-1,2002
2871,El Salvador,Guatemala,-1,2002
3101,El Salvador,Guatemala,-1,2002
3979,El Salvador,Guatemala,-1,2002
2297,El Salvador,Haiti,-1,2002
2688,El Salvador,Haiti,1,2002
3158,El Salvador,Haiti,-1,2002
4489,El Salvador,Haiti,-1,2002
1583,El Salvador,Honduras,-1,2002
3127,El Salvador,Honduras,-1,2002
829,El Salvador,Jamaica,-1,2002
3433,El Salvador,Jamaica,1,2002
411,El Salvador,Mexico,-1,2002
1578,El Salvador,Mexico,-1,2002
3076,El Salvador,Mexico,-1,2002
1795,El Salvador,Nicaragua,1,2002
3959,El Salvador,Nicaragua,1,2002
263,El Salvador,Panama,1,2002
2625,El Salvador,Panama,1,2002
3962,El Salvador,Panama,1,2002
3989,El Salvador,Panama,-1,2002
3141,El Salvador,Saint Vincent and the Grenadines,1,2002
925,El Salvador,Trinidad and Tobago,1,2002
516,El Salvador,United States,-1,2002
4315,England,Albania,1,2002
2600,England,Argentina,-1,2002
2326,England,Belgium,1,2002
431,England,Brazil,-1,2002
2911,England,Brazil,-1,2002
1505,England,Bulgaria,-1,2002
838,England,Cameroon,1,2002
991,England,Chile,-1,2002
1584,England,Czech Republic,1,2002
3708,England,Finland,1,2002
1716,England,France,-1,2002
303,England,Georgia,1,2002
3017,England,Germany,1,2002
3302,England,Germany,-1,2002
4367,England,Greece,-1,2002
66,England,Italy,-1,2002
380,England,Italy,1,2002
2228,England,Luxembourg,1,2002
175,England,Mexico,1,2002
3963,England,Mexico,1,2002
683,England,Moldova,1,2002
4244,England,Netherlands,-1,2002
1808,England,Poland,1,2002
1108,England,Portugal,1,2002
3037,England,Romania,-1,2002
1150,England,Saudi Arabia,-1,2002
2384,England,Scotland,-1,2002
355,England,South Africa,1,2002
3639,England,Spain,1,2002
1945,England,Sweden,-1,2002
4434,England,Sweden,-1,2002
1220,England,Tunisia,1,2002
2927,England,Ukraine,1,2002
3084,Equatorial Guinea,Angola,-1,2002
2361,Equatorial Guinea,Central African Republic,1,2002
2759,Equatorial Guinea,Congo,-1,2002
1328,Equatorial Guinea,Gabon,-1,2002
1680,Eritrea,Cameroon,-1,2002
2019,Eritrea,Mozambique,1,2002
2760,Eritrea,Nigeria,-1,2002
3396,Eritrea,Rwanda,-1,2002
3466,Eritrea,Rwanda,-1,2002
4486,Eritrea,Somalia,-1,2002
3114,Eritrea,Sudan,1,2002
492,Estonia,Andorra,1,2002
1238,Estonia,Andorra,1,2002
3183,Estonia,Andorra,1,2002
2197,Estonia,Armenia,1,2002
625,Estonia,Austria,-1,2002
381,Estonia,Azerbaijan,1,2002
1135,Estonia,Azerbaijan,-1,2002
2961,Estonia,Belarus,1,2002
2307,Estonia,Bosnia and Herzegovina,-1,2002
4245,Estonia,Cyprus,-1,2002
1946,Estonia,Czech Republic,-1,2002
1464,Estonia,Egypt,-1,2002
592,Estonia,Faroe Islands,-1,2002
1191,Estonia,Faroe Islands,1,2002
2601,Estonia,Finland,-1,2002
3921,Estonia,Finland,-1,2002
2990,Estonia,Georgia,1,2002
4450,Estonia,Kazakhstan,-1,2002
3434,Estonia,Kyrgyzstan,1,2002
346,Estonia,Latvia,-1,2002
555,Estonia,Latvia,-1,2002
1250,Estonia,Latvia,-1,2002
1263,Estonia,Lithuania,-1,2002
1989,Estonia,Lithuania,-1,2002
4132,Estonia,Lithuania,-1,2002
1129,Estonia,Mexico,-1,2002
1375,Estonia,Moldova,-1,2002
3997,Estonia,Netherlands,-1,2002
1679,Estonia,Norway,-1,2002
3250,Estonia,Portugal,-1,2002
4047,Estonia,Republic of Ireland,-1,2002
60,Estonia,Scotland,-1,2002
2249,Estonia,Scotland,-1,2002
412,Estonia,Sweden,-1,2002
1045,Eswatini,Angola,-1,2002
2770,Eswatini,Angola,-1,2002
3487,Eswatini,Angola,1,2002
915,Eswatini,Botswana,-1,2002
1912,Eswatini,Botswana,1,2002
2940,Eswatini,Botswana,-1,2002
1432,Eswatini,Ghana,-1,2002
3093,Eswatini,Kenya,1,2002
44,Eswatini,Lesotho,1,2002
1872,Eswatini,Lesotho,1,2002
2934,Eswatini,Lesotho,-1,2002
3492,Eswatini,Lesotho,-1,2002
1333,Eswatini,Madagascar,-1,2002
821,Eswatini,Mauritius,-1,2002
129,Eswatini,Mozambique,-1,2002
1910,Eswatini,Mozambique,1,2002
2970,Eswatini,Mozambique,-1,2002
1846,Eswatini,Namibia,-1,2002
3489,Eswatini,Namibia,1,2002
3583,Eswatini,Zambia,-1,2002
2119,Eswatini,Zimbabwe,-1,2002
2761,Ethiopia,Burkina Faso,1,2002
3469,Ethiopia,Burundi,1,2002
4494,Ethiopia,Burundi,-1,2002
2779,Ethiopia,DR Congo,-1,2002
3467,Ethiopia,Djibouti,1,2002
99,Ethiopia,Egypt,-1,2002
1696,Ethiopia,Kenya,-1,2002
564,Ethiopia,Morocco,-1,2002
3473,Ethiopia,Rwanda,-1,2002
2131,Ethiopia,Sudan,-1,2002
2637,Ethiopia,Sudan,1,2002
3085,Ethiopia,Zambia,1,2002
4468,Ethiopia,Zambia,-1,2002
2127,Ethiopia,Zanzibar,1,2002
4484,Ethiopia,Zanzibar,1,2002
23199,FR Yugoslavia,Iran,1,2002
1990,Faroe Islands,Bosnia and Herzegovina,-1,2002
655,Faroe Islands,Czech Republic,-1,2002
1427,Faroe Islands,Czech Republic,-1,2002
3184,Faroe Islands,Denmark,-1,2002
2229,Faroe Islands,Estonia,-1,2002
2496,Faroe Islands,Finland,-1,2002
2198,Faroe Islands,Iceland,-1,2002
2514,Faroe Islands,Iceland,-1,2002
2250,Faroe Islands,Lithuania,-1,2002
4283,Faroe Islands,Luxembourg,1,2002
413,Faroe Islands,Malta,1,2002
4316,Faroe Islands,Russia,-1,2002
1947,Faroe Islands,Scotland,-1,2002
4048,Faroe Islands,Serbia,-1,2002
3251,Faroe Islands,Slovenia,-1,2002
3998,Faroe Islands,Switzerland,-1,2002
3788,Fiji,American Samoa,1,2002
1481,Fiji,Cook Islands,1,2002
3565,Fiji,Malaysia,1,2002
3569,Fiji,Malaysia,1,2002
3574,Fiji,Malaysia,-1,2002
321,Fiji,New Caledonia,1,2002
1410,Fiji,New Caledonia,1,2002
2773,Fiji,New Caledonia,1,2002
394,Fiji,New Zealand,-1,2002
458,Fiji,Papua New Guinea,1,2002
1443,Fiji,Papua New Guinea,1,2002
2744,Fiji,Papua New Guinea,1,2002
81,Fiji,Solomon Islands,-1,2002
89,Fiji,Solomon Islands,1,2002
1446,Fiji,Solomon Islands,-1,2002
2784,Fiji,Solomon Islands,-1,2002
2776,Fiji,Vanuatu,1,2002
3226,Finland,Albania,1,2002
414,Finland,Azerbaijan,1,2002
4246,Finland,Belgium,1,2002
3350,Finland,England,-1,2002
1195,Finland,France,-1,2002
1159,Finland,Germany,-1,2002
2230,Finland,Germany,-1,2002
3999,Finland,Germany,-1,2002
4317,Finland,Greece,1,2002
758,Finland,Hungary,-1,2002
2507,Finland,Iceland,-1,2002
1411,Finland,Moldova,1,2002
2308,Finland,Northern Ireland,1,2002
626,Finland,Norway,-1,2002
3185,Finland,Norway,1,2002
1717,Finland,Poland,-1,2002
980,Finland,Slovakia,-1,2002
1948,Finland,Turkey,-1,2002
4368,France,Algeria,1,2002
1526,France,Andorra,1,2002
1827,France,Armenia,1,2002
379,France,Brazil,-1,2002
1285,France,Brazil,1,2002
4064,France,Brazil,1,2002
3289,France,Cameroon,-1,2002
1280,France,Croatia,1,2002
2367,France,Croatia,1,2002
1245,France,Denmark,1,2002
2991,France,Denmark,1,2002
4247,France,Denmark,1,2002
395,France,England,-1,2002
3227,France,England,-1,2002
3629,France,Germany,1,2002
2309,France,Iceland,1,2002
435,France,Italy,-1,2002
1273,France,Italy,-1,2002
3086,France,Italy,1,2002
2962,France,Japan,-1,2002
3709,France,Japan,1,2002
4029,France,Mexico,1,2002
1677,France,Morocco,1,2002
115,France,Netherlands,1,2002
1026,France,Norway,-1,2002
1264,France,Paraguay,1,2002
2602,France,Poland,1,2002
3063,France,Portugal,1,2002
3859,France,Portugal,1,2002
1949,France,Russia,-1,2002
1227,France,Saudi Arabia,1,2002
834,France,Scotland,1,2002
2835,France,Slovenia,1,2002
759,France,South Africa,1,2002
1210,France,South Africa,1,2002
934,France,Spain,1,2002
206,France,Sweden,1,2002
1809,France,Ukraine,-1,2002
528,Frøya,Gibraltar,-1,2002
532,Frøya,Greenland,1,2002
2052,Frøya,Greenland,-1,2002
524,Frøya,Guernsey,-1,2002
536,Frøya,Hitra,1,2002
1969,Gabon,Angola,1,2002
1734,Gabon,Burkina Faso,-1,2002
2413,Gabon,Burkina Faso,1,2002
2359,Gabon,Central African Republic,1,2002
2378,Gabon,Chad,1,2002
2368,Gabon,Congo,-1,2002
3048,Gabon,Congo,-1,2002
3056,Gabon,Congo,-1,2002
1356,Gabon,Equatorial Guinea,1,2002
2354,Gabon,Equatorial Guinea,1,2002
565,Gabon,Kenya,1,2002
3710,Gabon,Kenya,-1,2002
2799,Gabon,Madagascar,1,2002
3691,Gabon,Mali,1,2002
1492,Gabon,Mauritius,1,2002
232,Gabon,Morocco,-1,2002
3228,Gabon,Morocco,1,2002
583,Gabon,Namibia,-1,2002
2397,Gabon,Nigeria,-1,2002
1848,Gabon,South Africa,1,2002
2362,Gabon,São Tomé and Príncipe,1,2002
3115,Gabon,São Tomé and Príncipe,1,2002
188,Gabon,Togo,1,2002
2406,Gabon,Togo,-1,2002
2437,Gabon,Togo,1,2002
4000,Gabon,Tunisia,-1,2002
856,Gambia,Cape Verde,1,2002
872,Gambia,Guinea,-1,2002
3077,Gambia,Guinea,-1,2002
870,Gambia,Mali,-1,2002
861,Gambia,Mauritania,1,2002
2677,Gambia,Mauritania,-1,2002
2710,Gambia,Mauritania,-1,2002
2762,Gambia,Morocco,-1,2002
4395,Gambia,Morocco,-1,2002
866,Gambia,Senegal,-1,2002
2867,Gambia,Senegal,-1,2002
4030,Gambia,Senegal,-1,2002
2418,Gambia,Sierra Leone,-1,2002
2877,Gambia,Sierra Leone,-1,2002
921,Gambia,Zambia,-1,2002
1412,Georgia,Albania,1,2002
189,Georgia,Armenia,1,2002
2525,Georgia,Armenia,1,2002
3922,Georgia,Azerbaijan,1,2002
1585,Georgia,Estonia,1,2002
1950,Georgia,Greece,-1,2002
4284,Georgia,Hungary,1,2002
3849,Georgia,Israel,1,2002
684,Georgia,Italy,-1,2002
4001,Georgia,Italy,-1,2002
961,Georgia,Latvia,1,2002
2251,Georgia,Latvia,-1,2002
4318,Georgia,Lithuania,1,2002
396,Georgia,Moldova,1,2002
1880,Georgia,Norway,-1,2002
760,Georgia,Poland,1,2002
3754,Georgia,Romania,-1,2002
1171,Georgia,Russia,-1,2002
1810,Georgia,Slovenia,-1,2002
1792,Georgia,Ukraine,-1,2002
3590,Georgia,Ukraine,-1,2002
761,Germany,Albania,1,2002
3711,Germany,Albania,1,2002
685,Germany,Armenia,1,2002
1068,Germany,Brazil,-1,2002
1172,Germany,Colombia,1,2002
1274,Germany,Croatia,-1,2002
2943,Germany,Czech Republic,1,2002
4285,Germany,England,-1,2002
23198,Germany,FR Yugoslavia,-1,2002
1828,Germany,Finland,1,2002
4369,Germany,Finland,-1,2002
3229,Germany,Greece,1,2002
1251,Germany,Iran,1,2002
2976,Germany,Liechtenstein,1,2002
1196,Germany,Luxembourg,1,2002
1266,Germany,Mexico,1,2002
1938,Germany,Moldova,1,2002
1586,Germany,Netherlands,-1,2002
2136,Germany,New Zealand,1,2002
1109,Germany,Nigeria,1,2002
2252,Germany,Northern Ireland,1,2002
656,Germany,Portugal,-1,2002
1413,Germany,Romania,-1,2002
3001,Germany,Romania,-1,2002
1881,Germany,Scotland,-1,2002
1235,Germany,Serbia,-1,2002
3978,Germany,Slovakia,1,2002
839,Germany,South Africa,1,2002
3186,Germany,Spain,1,2002
2836,Germany,Switzerland,-1,2002
2310,Germany,Turkey,-1,2002
304,Germany,Ukraine,1,2002
4451,Germany,Ukraine,1,2002
1221,Germany,United States,1,2002
2464,Ghana,Cameroon,-1,2002
1004,Ghana,DR Congo,-1,2002
3737,Ghana,DR Congo,1,2002
286,Ghana,Gabon,1,2002
2497,Ghana,Ivory Coast,-1,2002
2174,Ghana,Jamaica,1,2002
4090,Ghana,Lesotho,1,2002
3546,Ghana,Liberia,-1,2002
13,Ghana,Morocco,-1,2002
919,Ghana,Mozambique,-1,2002
923,Ghana,Mozambique,1,2002
3677,Ghana,Nigeria,-1,2002
443,Ghana,Serbia,-1,2002
613,Ghana,Sierra Leone,-1,2002
3107,Ghana,Sierra Leone,1,2002
2526,Ghana,South Africa,-1,2002
4179,Ghana,Sudan,1,2002
2816,Ghana,Tanzania,1,2002
994,Ghana,Togo,-1,2002
2482,Ghana,Togo,1,2002
981,Ghana,Tunisia,1,2002
2457,Ghana,Tunisia,1,2002
3391,Ghana,Uganda,-1,2002
566,Ghana,Zimbabwe,1,2002
3332,Ghana,Zimbabwe,1,2002
2082,Gibraltar,Frøya,1,2002
530,Gibraltar,Greenland,1,2002
520,Gibraltar,Guernsey,-1,2002
2059,Gibraltar,Jersey,-1,2002
2999,Gibraltar,Monaco,1,2002
4166,Gibraltar,Rhodes,1,2002
4157,Gibraltar,Shetland,1,2002
2076,Gotland,Greenland,1,2002
2043,Gotland,Hitra,1,2002
2060,Gotland,Isle of Man,-1,2002
2050,Gotland,Shetland,1,2002
2075,Gotland,Åland Islands,-1,2002
2298,Greece,Albania,1,2002
4002,Greece,Albania,1,2002
2603,Greece,Austria,1,2002
1704,Greece,Belgium,1,2002
2385,Greece,Bulgaria,1,2002
305,Greece,Croatia,-1,2002
1768,Greece,Croatia,1,2002
617,Greece,Cyprus,1,2002
4452,Greece,Cyprus,-1,2002
762,Greece,Denmark,-1,2002
2199,Greece,El Salvador,1,2002
2213,Greece,El Salvador,1,2002
4049,Greece,England,-1,2002
2431,Greece,Estonia,-1,2002
4435,Greece,Estonia,1,2002
1698,Greece,Finland,1,2002
3303,Greece,Finland,1,2002
1527,Greece,Georgia,1,2002
3755,Greece,Germany,-1,2002
2426,Greece,Ghana,-1,2002
1991,Greece,Latvia,-1,2002
2428,Greece,Moldova,1,2002
2369,Greece,Nigeria,1,2002
1811,Greece,Norway,-1,2002
85,Greece,Portugal,-1,2002
2699,Greece,Romania,1,2002
1010,Greece,Russia,-1,2002
3640,Greece,Russia,-1,2002
3477,Greece,Serbia,-1,2002
3435,Greece,Slovakia,-1,2002
1428,Greece,Slovenia,-1,2002
1882,Greece,Switzerland,-1,2002
4155,Greenland,Falkland Islands,1,2002
2074,Greenland,Rhodes,-1,2002
4143,Greenland,Rhodes,-1,2002
2046,Greenland,Saare County,1,2002
4164,Greenland,Saare County,1,2002
4115,Greenland,Tibet,1,2002
1091,Grenada,Anguilla,1,2002
3783,Grenada,Aruba,1,2002
2658,Grenada,Barbados,-1,2002
3683,Grenada,Dominica,1,2002
1932,Grenada,Guadeloupe,1,2002
223,Grenada,Guyana,1,2002
4219,Grenada,Jamaica,1,2002
3686,Grenada,Saint Lucia,1,2002
1901,Grenada,Suriname,-1,2002
3535,Grenada,Trinidad and Tobago,-1,2002
3551,Grenada,Trinidad and Tobago,-1,2002
1778,Guadeloupe,Antigua and Barbuda,1,2002
1782,Guadeloupe,Barbados,1,2002
1085,Guadeloupe,British Virgin Islands,1,2002
1769,Guadeloupe,Dominica,1,2002
3804,Guadeloupe,Saint Lucia,-1,2002
3809,Guadeloupe,United States Virgin Islands,1,2002
341,Guam,China PR,-1,2002
338,Guam,Japan,-1,2002
1951,Guam,Micronesia,1,2002
2003,Guam,Micronesia,1,2002
348,Guam,Mongolia,-1,2002
1316,Guam,Northern Mariana Islands,1,2002
1334,Guam,Northern Mariana Islands,-1,2002
3025,Guatemala,Antigua and Barbuda,1,2002
2448,Guatemala,Armenia,-1,2002
3140,Guatemala,Barbados,1,2002
2890,Guatemala,Belize,-1,2002
3964,Guatemala,Belize,-1,2002
1761,Guatemala,Bolivia,-1,2002
1779,Guatemala,Bolivia,1,2002
1731,Guatemala,Chile,-1,2002
2519,Guatemala,Chile,1,2002
254,Guatemala,Costa Rica,-1,2002
287,Guatemala,Costa Rica,-1,2002
3436,Guatemala,Costa Rica,1,2002
3990,Guatemala,Costa Rica,1,2002
165,Guatemala,Ecuador,-1,2002
270,Guatemala,El Salvador,1,2002
947,Guatemala,El Salvador,-1,2002
1789,Guatemala,El Salvador,-1,2002
1800,Guatemala,El Salvador,1,2002
2720,Guatemala,El Salvador,-1,2002
3661,Guatemala,El Salvador,-1,2002
3094,Guatemala,Haiti,1,2002
273,Guatemala,Honduras,1,2002
1579,Guatemala,Honduras,-1,2002
1970,Guatemala,Iran,-1,2002
973,Guatemala,Jamaica,-1,2002
1766,Guatemala,Jamaica,-1,2002
1587,Guatemala,Mexico,-1,2002
264,Guatemala,Nicaragua,1,2002
1786,Guatemala,Nicaragua,1,2002
2478,Guatemala,Panama,-1,2002
4031,Guatemala,Panama,1,2002
1758,Guatemala,Paraguay,-1,2002
2333,Guatemala,Paraguay,-1,2002
2399,Guatemala,Slovakia,-1,2002
3128,Guatemala,United States,-1,2002
4144,Guernsey,Falkland Islands,1,2002
2072,Guernsey,Frøya,1,2002
527,Guernsey,Greenland,-1,2002
328,Guernsey,Jersey,1,2002
1896,Guernsey,Jersey,1,2002
3920,Guernsey,Jersey,1,2002
1600,Guernsey,Kernow,-1,2002
2083,Guernsey,Shetland,1,2002
2064,Guernsey,Ynys Môn,-1,2002
4168,Guernsey,Ynys Môn,-1,2002
415,Guinea,Burkina Faso,1,2002
3129,Guinea,Gambia,1,2002
868,Guinea,Guinea-Bissau,1,2002
2879,Guinea,Guinea-Bissau,1,2002
859,Guinea,Mali,-1,2002
2863,Guinea,Mali,1,2002
2886,Guinea,Mali,1,2002
2872,Guinea,Mauritania,-1,2002
1688,Guinea,Morocco,-1,2002
606,Guinea,Nigeria,1,2002
871,Guinea,Senegal,-1,2002
100,Guinea,Sierra Leone,1,2002
863,Guinea,Sierra Leone,1,2002
910,Guinea,Togo,1,2002
2028,Guinea,Togo,1,2002
38,Guinea,Tunisia,1,2002
2817,Guinea,Uganda,1,2002
2864,Guinea-Bissau,Mauritania,1,2002
4424,Guinea-Bissau,Mauritania,1,2002
2745,Guinea-Bissau,Togo,-1,2002
1097,Guyana,Anguilla,1,2002
233,Guyana,Barbados,-1,2002
1751,Guyana,Barbados,-1,2002
3795,Guyana,Cuba,-1,2002
3784,Guyana,Dominica,1,2002
86,Guyana,French Guiana,1,2002
101,Guyana,French Guiana,-1,2002
3777,Guyana,Saint Martin,1,2002
3160,Guyana,Trinidad and Tobago,-1,2002
2716,Haiti,Bahamas,1,2002
1796,Haiti,British Virgin Islands,1,2002
801,Haiti,Cuba,-1,2002
3950,Haiti,Cuba,-1,2002
2647,Haiti,Dominica,1,2002
1052,Haiti,Dominican Republic,1,2002
1790,Haiti,Dominican Republic,1,2002
3816,Haiti,Guadeloupe,1,2002
1916,Haiti,Honduras,-1,2002
3018,Haiti,Honduras,-1,2002
3205,Haiti,Honduras,-1,2002
796,Haiti,Jamaica,-1,2002
804,Haiti,Martinique,1,2002
3955,Haiti,Martinique,1,2002
3780,Haiti,Panama,-1,2002
3789,Haiti,Panama,-1,2002
2561,Haiti,Peru,-1,2002
1047,Haiti,Puerto Rico,1,2002
1787,Haiti,Puerto Rico,1,2002
1971,Haiti,Saint Kitts and Nevis,1,2002
3936,Haiti,Saint Kitts and Nevis,1,2002
3810,Haiti,Saint Lucia,1,2002
3942,Haiti,Suriname,-1,2002
2891,Haiti,Trinidad and Tobago,-1,2002
3805,Haiti,United States Virgin Islands,1,2002
2283,Haiti,Venezuela,1,2002
2051,Hitra,Isle of Man,-1,2002
526,Hitra,Isle of Wight,-1,2002
2071,Hitra,Saare County,1,2002
1791,Honduras,Belize,1,2002
4183,Honduras,Bolivia,1,2002
3695,Honduras,Chile,1,2002
2571,Honduras,Colombia,1,2002
271,Honduras,Costa Rica,-1,2002
4121,Honduras,Costa Rica,-1,2002
4162,Honduras,Costa Rica,-1,2002
4135,Honduras,Ecuador,-1,2002
258,Honduras,El Salvador,1,2002
288,Honduras,El Salvador,-1,2002
1798,Honduras,El Salvador,1,2002
2539,Honduras,El Salvador,1,2002
3230,Honduras,El Salvador,1,2002
3973,Honduras,El Salvador,-1,2002
1820,Honduras,Guatemala,-1,2002
2944,Honduras,Haiti,1,2002
3330,Honduras,Jamaica,1,2002
4319,Honduras,Jamaica,1,2002
4097,Honduras,Mexico,1,2002
2628,Honduras,Nicaragua,1,2002
3965,Honduras,Nicaragua,1,2002
255,Honduras,Panama,1,2002
2873,Honduras,Panama,1,2002
3960,Honduras,Panama,-1,2002
2585,Honduras,Peru,-1,2002
3662,Honduras,Peru,-1,2002
3177,Honduras,Saint Vincent and the Grenadines,1,2002
948,Honduras,Trinidad and Tobago,-1,2002
2386,Honduras,Trinidad and Tobago,1,2002
4388,Honduras,Trinidad and Tobago,-1,2002
3756,Honduras,United States,-1,2002
4190,Honduras,Uruguay,1,2002
2429,Honduras,Zambia,1,2002
2335,Hong Kong,Cambodia,1,2002
2825,Hong Kong,China PR,-1,2002
3476,Hong Kong,Estonia,-1,2002
2338,Hong Kong,Indonesia,-1,2002
3514,Hong Kong,Jordan,-1,2002
3666,Hong Kong,Malaysia,-1,2002
3697,Hong Kong,Malaysia,1,2002
2328,Hong Kong,Mauritius,1,2002
1607,Hong Kong,Oman,-1,2002
3659,Hong Kong,Palestine,-1,2002
3678,Hong Kong,Qatar,-1,2002
2542,Hong Kong,Singapore,-1,2002
3331,Hong Kong,Singapore,1,2002
93,Hong Kong,South Korea,-1,2002
1044,Hong Kong,South Korea,-1,2002
190,Hong Kong,Thailand,1,2002
1596,Hong Kong,Vietnam,-1,2002
207,Hungary,Australia,-1,2002
2604,Hungary,Australia,-1,2002
3187,Hungary,Austria,-1,2002
686,Hungary,Azerbaijan,1,2002
2253,Hungary,Azerbaijan,1,2002
1770,Hungary,Bosnia and Herzegovina,-1,2002
1883,Hungary,England,-1,2002
3860,Hungary,Finland,-1,2002
4050,Hungary,Georgia,1,2002
4248,Hungary,Germany,-1,2002
2945,Hungary,Israel,1,2002
3252,Hungary,Italy,-1,2002
1812,Hungary,Liechtenstein,1,2002
1160,Hungary,Lithuania,1,2002
3712,Hungary,Lithuania,-1,2002
593,Hungary,Malta,1,2002
2200,Hungary,Moldova,-1,2002
1110,Hungary,North Macedonia,-1,2002
4453,Hungary,North Macedonia,1,2002
416,Hungary,Norway,-1,2002
2700,Hungary,Poland,-1,2002
1429,Hungary,Portugal,-1,2002
1528,Hungary,Romania,-1,2002
4320,Hungary,Romania,-1,2002
2928,Hungary,Saudi Arabia,-1,2002
812,Hungary,Serbia,-1,2002
1992,Hungary,Slovakia,-1,2002
1367,Hungary,Slovenia,1,2002
627,Hungary,Switzerland,-1,2002
1588,Hungary,Switzerland,1,2002
2231,Iceland,Andorra,1,2002
1952,Iceland,Armenia,1,2002
4051,Iceland,Bulgaria,-1,2002
4286,Iceland,Czech Republic,1,2002
3231,Iceland,Denmark,-1,2002
584,Iceland,Faroe Islands,1,2002
1414,Iceland,France,-1,2002
1368,Iceland,Latvia,1,2002
763,Iceland,Liechtenstein,1,2002
436,Iceland,Lithuania,-1,2002
3154,Iceland,Malta,1,2002
4003,Iceland,Malta,1,2002
3351,Iceland,Northern Ireland,1,2002
576,Iceland,Norway,-1,2002
2498,Iceland,Norway,-1,2002
4249,Iceland,Poland,-1,2002
657,Iceland,Republic of Ireland,-1,2002
1529,Iceland,Russia,1,2002
1132,Iceland,Saudi Arabia,-1,2002
966,Iceland,Slovakia,-1,2002
959,Iceland,Slovenia,-1,2002
1200,Iceland,South Africa,-1,2002
3188,Iceland,Sweden,1,2002
2254,Iceland,Ukraine,-1,2002
667,India,Bangladesh,1,2002
1866,India,Bangladesh,-1,2002
1894,India,Bangladesh,1,2002
2292,India,Bangladesh,-1,2002
2414,India,Bangladesh,-1,2002
2284,India,Bhutan,1,2002
3951,India,Brunei,1,2002
195,India,China PR,-1,2002
246,India,China PR,-1,2002
241,India,Ghana,-1,2002
3499,India,Iceland,-1,2002
234,India,Iraq,-1,2002
244,India,Iraq,-1,2002
700,India,Maldives,1,2002
1893,India,Maldives,1,2002
2293,India,Maldives,1,2002
1624,India,Nepal,1,2002
1645,India,North Korea,-1,2002
696,India,Pakistan,1,2002
1873,India,Pakistan,1,2002
2280,India,Pakistan,1,2002
2865,India,Sri Lanka,-1,2002
3796,India,United Arab Emirates,1,2002
1577,India,Uzbekistan,-1,2002
1597,India,Uzbekistan,-1,2002
1638,India,Uzbekistan,-1,2002
2404,India,Uzbekistan,-1,2002
4110,India,Uzbekistan,-1,2002
3821,India,Yemen,-1,2002
235,Indonesia,Cambodia,1,2002
2150,Indonesia,Cambodia,1,2002
2394,Indonesia,Cambodia,1,2002
3837,Indonesia,Cambodia,1,2002
3974,Indonesia,China PR,-1,2002
2379,Indonesia,Hong Kong,1,2002
3216,Indonesia,Iraq,-1,2002
3253,Indonesia,Iraq,1,2002
738,Indonesia,Laos,1,2002
749,Indonesia,Malaysia,1,2002
2157,Indonesia,Malaysia,1,2002
3797,Indonesia,Maldives,1,2002
1385,Indonesia,Myanmar,1,2002
3211,Indonesia,Myanmar,1,2002
711,Indonesia,New Zealand,1,2002
784,Indonesia,Philippines,1,2002
1381,Indonesia,Philippines,1,2002
3408,Indonesia,Philippines,1,2002
793,Indonesia,Singapore,1,2002
2173,Indonesia,Singapore,-1,2002
2187,Indonesia,Singapore,-1,2002
3214,Indonesia,Taiwan,1,2002
703,Indonesia,Tanzania,1,2002
800,Indonesia,Thailand,-1,2002
1415,Indonesia,Thailand,-1,2002
373,Indonesia,Uzbekistan,-1,2002
110,Indonesia,Vietnam,1,2002
743,Indonesia,Vietnam,-1,2002
2185,Indonesia,Vietnam,-1,2002
250,Indonesia,Yemen,-1,2002
94,Indonesia,Zimbabwe,-1,2002
853,Iran,Australia,-1,2002
2763,Iran,Bahrain,1,2002
4340,Iran,Bahrain,-1,2002
4233,Iran,Bosnia and Herzegovina,1,2002
944,Iran,Chile,-1,2002
794,Iran,China PR,1,2002
1649,Iran,China PR,1,2002
1659,Iran,China PR,1,2002
3519,Iran,China PR,1,2002
2977,Iran,Egypt,-1,2002
3189,Iran,Georgia,1,2002
3465,Iran,Guam,1,2002
1099,Iran,Hungary,-1,2002
3380,Iran,Iraq,1,2002
4396,Iran,Iraq,1,2002
1111,Iran,Jamaica,1,2002
2900,Iran,Kazakhstan,1,2002
267,Iran,Kenya,1,2002
817,Iran,Kuwait,-1,2002
1090,Iran,Kuwait,-1,2002
1662,Iran,Kuwait,1,2002
429,Iran,Kyrgyzstan,1,2002
1627,Iran,Laos,1,2002
437,Iran,Maldives,1,2002
2781,Iran,Maldives,1,2002
935,Iran,Nigeria,-1,2002
2984,Iran,North Macedonia,1,2002
1634,Iran,Oman,-1,2002
4230,Iran,Oman,1,2002
729,Iran,Qatar,1,2002
4465,Iran,Republic of Ireland,1,2002
706,Iran,Saudi Arabia,-1,2002
4270,Iran,Saudi Arabia,1,2002
3387,Iran,South Korea,-1,2002
3850,Iran,South Korea,-1,2002
448,Iran,Syria,-1,2002
2777,Iran,Syria,-1,2002
2918,Iran,Syria,1,2002
2935,Iran,Syria,1,2002
3471,Iran,Tajikistan,1,2002
3372,Iran,Thailand,-1,2002
4360,Iran,Thailand,1,2002
4410,Iran,United Arab Emirates,1,2002
4352,Iraq,Bahrain,1,2002
2342,Iraq,Estonia,-1,2002
4335,Iraq,Iran,-1,2002
77,Iraq,Jordan,1,2002
389,Iraq,Kazakhstan,-1,2002
3824,Iraq,Kazakhstan,-1,2002
2175,Iraq,Kyrgyzstan,1,2002
2912,Iraq,Kyrgyzstan,1,2002
3811,Iraq,Macau,1,2002
3817,Iraq,Nepal,1,2002
3841,Iraq,Nepal,1,2002
2168,Iraq,Oman,1,2002
477,Iraq,Pakistan,1,2002
4361,Iraq,Saudi Arabia,-1,2002
2929,Iraq,Syria,-1,2002
3212,Iraq,Taiwan,1,2002
3365,Iraq,Thailand,1,2002
4264,Iraq,Thailand,1,2002
2346,Iraq,Turkmenistan,1,2002
3232,Iraq,Uzbekistan,1,2002
4140,Isle of Man,Falkland Islands,1,2002
4149,Isle of Man,Guernsey,-1,2002
2078,Isle of Man,Jersey,1,2002
4156,Isle of Man,Rhodes,-1,2002
2044,Isle of Man,Shetland,1,2002
4165,Isle of Man,Shetland,-1,2002
2045,Isle of Wight,Frøya,1,2002
2062,Isle of Wight,Greenland,1,2002
4139,Isle of Wight,Greenland,-1,2002
538,Isle of Wight,Guernsey,1,2002
4158,Isle of Wight,Guernsey,-1,2002
2085,Isle of Wight,Jersey,1,2002
4167,Isle of Wight,Jersey,-1,2002
2077,Isle of Wight,Ynys Môn,-1,2002
1092,Israel,Argentina,1,2002
1972,Israel,Austria,1,2002
4412,Israel,Austria,-1,2002
1712,Israel,Belarus,1,2002
3353,Israel,Bosnia and Herzegovina,1,2002
306,Israel,Cyprus,1,2002
1821,Israel,Cyprus,1,2002
2371,Israel,Denmark,-1,2002
1676,Israel,Estonia,1,2002
2701,Israel,Georgia,-1,2002
116,Israel,Germany,-1,2002
28,Israel,Greece,-1,2002
1741,Israel,Latvia,1,2002
3254,Israel,Liechtenstein,1,2002
3591,Israel,Moldova,1,2002
1678,Israel,Norway,-1,2002
1027,Israel,Poland,1,2002
2606,Israel,Russia,1,2002
2255,Israel,San Marino,1,2002
1666,Israel,Serbia,1,2002
1531,Israel,Spain,-1,2002
4052,Israel,Spain,-1,2002
137,Israel,Sweden,-1,2002
1011,Israel,Turkey,1,2002
3517,Israel,Uzbekistan,1,2002
3641,Italy,Argentina,-1,2002
1242,Italy,Austria,1,2002
1829,Italy,Belarus,-1,2002
2372,Italy,Belgium,-1,2002
417,Italy,Brazil,-1,2002
1226,Italy,Cameroon,1,2002
1209,Italy,Chile,-1,2002
2256,Italy,Denmark,-1,2002
765,Italy,England,-1,2002
3438,Italy,England,1,2002
23195,Italy,France,-1,2002
3354,Italy,Georgia,1,2002
4371,Italy,Hungary,1,2002
3757,Italy,Lithuania,1,2002
176,Italy,Moldova,1,2002
4321,Italy,Morocco,1,2002
29,Italy,Northern Ireland,1,2002
1261,Italy,Norway,1,2002
1719,Italy,Norway,-1,2002
1113,Italy,Paraguay,1,2002
307,Italy,Poland,1,2002
2838,Italy,Portugal,1,2002
3050,Italy,Romania,1,2002
3304,Italy,Romania,1,2002
840,Italy,Russia,1,2002
936,Italy,Slovakia,1,2002
3862,Italy,South Africa,1,2002
1589,Italy,Spain,-1,2002
2607,Italy,Sweden,1,2002
3035,Italy,Sweden,1,2002
1506,Italy,Switzerland,1,2002
1953,Italy,Wales,1,2002
493,Ivory Coast,Algeria,1,2002
1005,Ivory Coast,Angola,1,2002
39,Ivory Coast,Benin,1,2002
819,Ivory Coast,Burkina Faso,-1,2002
2441,Ivory Coast,Burkina Faso,1,2002
949,Ivory Coast,Cameroon,1,2002
1854,Ivory Coast,Congo,1,2002
3838,Ivory Coast,Congo,1,2002
4212,Ivory Coast,DR Congo,-1,2002
1015,Ivory Coast,Egypt,-1,2002
2449,Ivory Coast,Egypt,1,2002
4091,Ivory Coast,Egypt,-1,2002
2343,Ivory Coast,Gabon,-1,2002
5,Ivory Coast,Guinea,1,2002
3457,Ivory Coast,Libya,1,2002
4122,Ivory Coast,Madagascar,1,2002
585,Ivory Coast,Mali,1,2002
2029,Ivory Coast,Mali,-1,2002
938,Ivory Coast,Mozambique,1,2002
974,Ivory Coast,Namibia,1,2002
1689,Ivory Coast,Namibia,1,2002
3130,Ivory Coast,Niger,1,2002
2818,Ivory Coast,Rwanda,1,2002
330,Ivory Coast,Senegal,1,2002
3521,Ivory Coast,Sudan,1,2002
1668,Ivory Coast,Togo,1,2002
2472,Ivory Coast,Togo,-1,2002
3026,Ivory Coast,Tunisia,-1,2002
1314,Jamaica,Antigua and Barbuda,1,2002
3097,Jamaica,Barbados,1,2002
90,Jamaica,Bermuda,1,2002
102,Jamaica,Bermuda,1,2002
3547,Jamaica,Bulgaria,-1,2002
668,Jamaica,Canada,1,2002
1294,Jamaica,Cayman Islands,1,2002
594,Jamaica,Colombia,1,2002
2913,Jamaica,Colombia,-1,2002
704,Jamaica,Costa Rica,1,2002
1720,Jamaica,Costa Rica,-1,2002
4442,Jamaica,Costa Rica,-1,2002
1218,Jamaica,Croatia,-1,2002
517,Jamaica,Cuba,1,2002
3087,Jamaica,Cuba,-1,2002
4071,Jamaica,Cuba,1,2002
1303,Jamaica,Curaçao,1,2002
347,Jamaica,El Salvador,1,2002
982,Jamaica,El Salvador,1,2002
3190,Jamaica,El Salvador,1,2002
540,Jamaica,Grenada,-1,2002
567,Jamaica,Grenada,1,2002
1979,Jamaica,Grenada,1,2002
1954,Jamaica,Guadeloupe,1,2002
1308,Jamaica,Haiti,1,2002
2562,Jamaica,Honduras,-1,2002
3143,Jamaica,Honduras,1,2002
3863,Jamaica,Honduras,-1,2002
2971,Jamaica,Japan,-1,2002
4205,Jamaica,Martinique,-1,2002
846,Jamaica,Mexico,-1,2002
995,Jamaica,Mexico,-1,2002
4302,Jamaica,Mexico,-1,2002
2455,Jamaica,New Zealand,1,2002
1018,Jamaica,Nigeria,-1,2002
1100,Jamaica,North Macedonia,-1,2002
2887,Jamaica,Panama,-1,2002
1762,Jamaica,Paraguay,-1,2002
1830,Jamaica,Paraguay,1,2002
3242,Jamaica,Saint Vincent and the Grenadines,1,2002
1125,Jamaica,Saudi Arabia,-1,2002
2108,Jamaica,Saudi Arabia,1,2002
2112,Jamaica,Saudi Arabia,-1,2002
1909,Jamaica,South Africa,-1,2002
939,Jamaica,Sweden,-1,2002
644,Jamaica,Trinidad and Tobago,1,2002
3642,Jamaica,Trinidad and Tobago,1,2002
124,Jamaica,United States,-1,2002
2257,Jamaica,United States,-1,2002
4080,Jamaica,United States,-1,2002
67,Jamaica,Venezuela,-1,2002
4065,Japan,Australia,1,2002
4251,Japan,Australia,1,2002
1933,Japan,Belgium,-1,2002
3027,Japan,Bolivia,1,2002
605,Japan,Brazil,-1,2002
1831,Japan,Brazil,-1,2002
4038,Japan,Brazil,-1,2002
2572,Japan,Brunei,1,2002
4005,Japan,Cameroon,1,2002
3986,Japan,Canada,1,2002
1043,Japan,China PR,-1,2002
2653,Japan,China PR,-1,2002
418,Japan,Croatia,1,2002
1232,Japan,Croatia,-1,2002
1153,Japan,Czech Republic,-1,2002
1555,Japan,Egypt,1,2002
4072,Japan,France,-1,2002
1037,Japan,Hong Kong,1,2002
1617,Japan,India,1,2002
847,Japan,Iran,1,2002
2258,Japan,Iran,-1,2002
3389,Japan,Iraq,1,2002
4425,Japan,Italy,-1,2002
1257,Japan,Jamaica,-1,2002
827,Japan,Kazakhstan,1,2002
1640,Japan,Kuwait,1,2002
494,Japan,Macau,1,2002
1176,Japan,Mexico,-1,2002
2520,Japan,Mexico,-1,2002
340,Japan,Mongolia,1,2002
504,Japan,Nepal,1,2002
4389,Japan,Nigeria,-1,2002
509,Japan,Oman,-1,2002
1139,Japan,Paraguay,-1,2002
4123,Japan,Paraguay,1,2002
1973,Japan,Peru,-1,2002
3384,Japan,Qatar,-1,2002
3400,Japan,Saudi Arabia,1,2002
4357,Japan,Senegal,-1,2002
4133,Japan,Serbia,1,2002
2993,Japan,Slovakia,-1,2002
351,Japan,South Korea,-1,2002
725,Japan,South Korea,-1,2002
1032,Japan,South Korea,1,2002
1631,Japan,South Korea,-1,2002
3479,Japan,South Korea,-1,2002
71,Japan,Sweden,-1,2002
459,Japan,Turkey,1,2002
810,Japan,United Arab Emirates,-1,2002
1647,Japan,United Arab Emirates,-1,2002
3191,Japan,United Arab Emirates,1,2002
669,Japan,Uzbekistan,1,2002
3377,Japan,Uzbekistan,1,2002
519,Jersey,Frøya,1,2002
533,Jersey,Gibraltar,1,2002
4147,Jersey,Gibraltar,1,2002
523,Jersey,Greenland,1,2002
531,Jersey,Guernsey,1,2002
1126,Jersey,Guernsey,1,2002
2859,Jersey,Guernsey,1,2002
4138,Jersey,Orkney,1,2002
539,Jersey,Ynys Môn,1,2002
2042,Jersey,Åland Islands,1,2002
260,Jordan,Bahrain,1,2002
2648,Jordan,Bosnia and Herzegovina,-1,2002
2654,Jordan,Bosnia and Herzegovina,-1,2002
3643,Jordan,Bulgaria,-1,2002
3305,Jordan,China PR,-1,2002
3663,Jordan,Hungary,-1,2002
2930,Jordan,Iran,-1,2002
2048,Jordan,Iraq,-1,2002
2067,Jordan,Iraq,-1,2002
2904,Jordan,Iraq,-1,2002
2936,Jordan,Iraq,-1,2002
2711,Jordan,Kazakhstan,-1,2002
2897,Jordan,Kyrgyzstan,1,2002
53,Jordan,Lebanon,-1,2002
2643,Jordan,Lebanon,-1,2002
2884,Jordan,Lebanon,-1,2002
2914,Jordan,Lebanon,-1,2002
3548,Jordan,North Korea,1,2002
3552,Jordan,North Korea,-1,2002
1309,Jordan,Palestine,-1,2002
3285,Jordan,Saudi Arabia,1,2002
2113,Jordan,Syria,1,2002
2117,Jordan,Syria,1,2002
2651,Jordan,Syria,-1,2002
2656,Jordan,Syria,-1,2002
3896,Jordan,Taiwan,1,2002
3903,Jordan,Turkmenistan,-1,2002
242,Jordan,United Arab Emirates,-1,2002
3916,Jordan,Uzbekistan,-1,2002
339,Kazakhstan,Guam,1,2002
1611,Kazakhstan,Iran,-1,2002
518,Kazakhstan,Iraq,1,2002
3864,Kazakhstan,Iraq,-1,2002
342,Kazakhstan,Japan,-1,2002
732,Kazakhstan,Japan,-1,2002
1651,Kazakhstan,Lebanon,-1,2002
3818,Kazakhstan,Macau,1,2002
3842,Kazakhstan,Macau,1,2002
3828,Kazakhstan,Nepal,1,2002
334,Kazakhstan,Pakistan,1,2002
2734,Kazakhstan,Palestine,1,2002
2919,Kazakhstan,Palestine,1,2002
766,Kazakhstan,South Korea,-1,2002
2907,Kazakhstan,Syria,-1,2002
797,Kazakhstan,United Arab Emirates,1,2002
709,Kazakhstan,Uzbekistan,-1,2002
236,Kenya,Burkina Faso,1,2002
3009,Kenya,Burkina Faso,-1,2002
3282,Kenya,Burundi,1,2002
3287,Kenya,Burundi,-1,2002
1974,Kenya,DR Congo,-1,2002
1318,Kenya,Djibouti,1,2002
1346,Kenya,Djibouti,1,2002
4073,Kenya,Egypt,-1,2002
2137,Kenya,Eritrea,1,2002
4478,Kenya,Eritrea,1,2002
4493,Kenya,Eritrea,1,2002
3116,Kenya,Eswatini,1,2002
4497,Kenya,Ethiopia,-1,2002
3500,Kenya,Gabon,1,2002
289,Kenya,Guinea,1,2002
3284,Kenya,Lesotho,-1,2002
1488,Kenya,Madagascar,-1,2002
2800,Kenya,Malawi,-1,2002
4006,Kenya,Morocco,-1,2002
14,Kenya,Nigeria,-1,2002
3461,Kenya,Rwanda,-1,2002
1201,Kenya,Seychelles,-1,2002
4481,Kenya,Somalia,1,2002
2153,Kenya,Sudan,1,2002
3373,Kenya,Tanzania,1,2002
3255,Kenya,Tunisia,-1,2002
3397,Kenya,Uganda,-1,2002
3670,Kenya,Uganda,1,2002
4408,Kenya,Uganda,-1,2002
730,Kenya,Zambia,-1,2002
1752,Kenya,Zambia,-1,2002
3484,Kenya,Zambia,1,2002
2007,Kenya,Zanzibar,-1,2002
2595,Kernow,Guernsey,-1,2002
152,Kuwait,Bahrain,1,2002
3630,Kuwait,Bahrain,-1,2002
2563,Kuwait,Bhutan,1,2002
752,Kuwait,China PR,-1,2002
83,Kuwait,Egypt,1,2002
1667,Kuwait,Egypt,-1,2002
3597,Kuwait,Finland,1,2002
3368,Kuwait,Indonesia,-1,2002
247,Kuwait,Iran,-1,2002
720,Kuwait,Iran,-1,2002
1520,Kuwait,Iran,1,2002
1728,Kuwait,Iran,-1,2002
2515,Kuwait,Iran,-1,2002
3615,Kuwait,Kyrgyzstan,1,2002
331,Kuwait,Lebanon,1,2002
1442,Kuwait,Lebanon,-1,2002
2582,Kuwait,Nepal,1,2002
1451,Kuwait,North Korea,1,2002
4228,Kuwait,North Korea,-1,2002
805,Kuwait,Qatar,-1,2002
1560,Kuwait,Qatar,1,2002
4402,Kuwait,Qatar,-1,2002
795,Kuwait,Saudi Arabia,1,2002
1557,Kuwait,Saudi Arabia,-1,2002
3390,Kuwait,Saudi Arabia,-1,2002
387,Kuwait,Singapore,1,2002
3608,Kuwait,Singapore,1,2002
1470,Kuwait,Syria,1,2002
2499,Kuwait,Syria,1,2002
3518,Kuwait,Syria,1,2002
4506,Kuwait,Syria,-1,2002
4514,Kuwait,Syria,-1,2002
3283,Kuwait,Thailand,1,2002
4224,Kuwait,Trinidad and Tobago,-1,2002
2543,Kuwait,Turkmenistan,1,2002
1483,Kuwait,United Arab Emirates,1,2002
2573,Kuwait,Yemen,1,2002
360,Kuwait,Zambia,1,2002
3609,Kyrgyzstan,Bahrain,-1,2002
382,Kyrgyzstan,Iran,-1,2002
3575,Kyrgyzstan,Kuwait,-1,2002
2905,Kyrgyzstan,Lebanon,-1,2002
390,Kyrgyzstan,Maldives,1,2002
3631,Kyrgyzstan,Singapore,-1,2002
438,Kyrgyzstan,Syria,1,2002
1053,Laos,Brunei,1,2002
1620,Laos,Kazakhstan,-1,2002
789,Laos,Malaysia,1,2002
3411,Laos,Malaysia,-1,2002
2765,Laos,Mongolia,1,2002
2170,Laos,Myanmar,-1,2002
748,Laos,Philippines,1,2002
3947,Laos,Philippines,1,2002
2155,Laos,Thailand,-1,2002
3421,Laos,Vietnam,-1,2002
1885,Latvia,Albania,-1,2002
505,Latvia,Andorra,1,2002
1258,Latvia,Andorra,1,2002
419,Latvia,Austria,-1,2002
618,Latvia,Azerbaijan,-1,2002
308,Latvia,Belarus,1,2002
3192,Latvia,Belarus,-1,2002
3306,Latvia,Belgium,-1,2002
4053,Latvia,Croatia,-1,2002
659,Latvia,Estonia,1,2002
4131,Latvia,Estonia,1,2002
2946,Latvia,Finland,1,2002
1507,Latvia,Georgia,1,2002
1832,Latvia,Greece,-1,2002
1140,Latvia,Israel,-1,2002
75,Latvia,Lithuania,1,2002
1101,Latvia,Lithuania,-1,2002
2527,Latvia,Lithuania,-1,2002
4134,Latvia,Lithuania,1,2002
2311,Latvia,Norway,-1,2002
82,Latvia,Poland,-1,2002
4454,Latvia,Russia,-1,2002
3865,Latvia,San Marino,-1,2002
3243,Latvia,Scotland,-1,2002
1956,Latvia,Slovenia,-1,2002
4252,Latvia,Ukraine,-1,2002
15,Lebanon,Algeria,-1,2002
3778,Lebanon,Bahrain,-1,2002
1622,Lebanon,Cambodia,1,2002
40,Lebanon,Estonia,1,2002
3366,Lebanon,Iran,-1,2002
638,Lebanon,Iraq,-1,2002
2898,Lebanon,Iraq,-1,2002
3374,Lebanon,Iraq,-1,2002
3555,Lebanon,Iraq,-1,2002
50,Lebanon,Jordan,1,2002
56,Lebanon,Jordan,-1,2002
1298,Lebanon,Jordan,-1,2002
2608,Lebanon,Jordan,-1,2002
495,Lebanon,Kuwait,-1,2002
3057,Lebanon,Kuwait,1,2002
290,Lebanon,Libya,1,2002
2402,Lebanon,Malta,-1,2002
2574,Lebanon,North Korea,1,2002
3159,Lebanon,Oman,1,2002
3162,Lebanon,Oman,-1,2002
3929,Lebanon,Pakistan,1,2002
1290,Lebanon,Palestine,1,2002
3866,Lebanon,Philippines,1,2002
2895,Lebanon,Saudi Arabia,-1,2002
251,Lebanon,Singapore,-1,2002
3931,Lebanon,Sri Lanka,1,2002
1548,Lebanon,Sudan,-1,2002
1310,Lebanon,Syria,-1,2002
1545,Lebanon,Syria,-1,2002
3664,Lebanon,Syria,-1,2002
3381,Lebanon,Thailand,-1,2002
3937,Lebanon,Thailand,-1,2002
3269,Lebanon,United Arab Emirates,-1,2002
3270,Lebanon,United Arab Emirates,-1,2002
2091,Lesotho,Angola,-1,2002
3144,Lesotho,Angola,1,2002
918,Lesotho,Botswana,-1,2002
4033,Lesotho,DR Congo,-1,2002
891,Lesotho,Eswatini,-1,2002
906,Lesotho,Eswatini,-1,2002
2189,Lesotho,Eswatini,-1,2002
2590,Lesotho,Eswatini,1,2002
3679,Lesotho,Eswatini,1,2002
3952,Lesotho,Eswatini,1,2002
3256,Lesotho,Ghana,-1,2002
1329,Lesotho,Mauritius,-1,2002
1927,Lesotho,Mauritius,-1,2002
2937,Lesotho,Mozambique,-1,2002
3088,Lesotho,Mozambique,1,2002
3671,Lesotho,Mozambique,-1,2002
1708,Lesotho,Namibia,1,2002
2766,Lesotho,South Africa,-1,2002
125,Lesotho,Zambia,-1,2002
2994,Lesotho,Zambia,-1,2002
4107,Lesotho,Zambia,-1,2002
922,Lesotho,Zimbabwe,-1,2002
3168,Lesotho,Zimbabwe,-1,2002
3713,Lesotho,Zimbabwe,-1,2002
1753,Liberia,Algeria,-1,2002
932,Liberia,Burkina Faso,-1,2002
2819,Liberia,Chad,-1,2002
3508,Liberia,Congo,1,2002
496,Liberia,DR Congo,1,2002
237,Liberia,Egypt,1,2002
4124,Liberia,Ghana,-1,2002
3257,Liberia,Mauritius,1,2002
420,Liberia,Namibia,-1,2002
1357,Liberia,Niger,1,2002
3108,Liberia,Nigeria,1,2002
3621,Liberia,Sierra Leone,1,2002
4034,Liberia,South Africa,-1,2002
3839,Liberia,Sudan,1,2002
586,Liberia,Tanzania,1,2002
41,Liberia,Togo,-1,2002
2030,Liberia,Tunisia,1,2002
1690,Liberia,Uganda,1,2002
1319,Libya,Algeria,-1,2002
4113,Libya,Angola,-1,2002
710,Libya,Bahrain,1,2002
3028,Libya,Cameroon,-1,2002
3112,Libya,Chad,1,2002
3698,Libya,Egypt,1,2002
2435,Libya,Gabon,1,2002
4035,Libya,Ivory Coast,-1,2002
718,Libya,Jordan,-1,2002
1466,Libya,Jordan,-1,2002
2767,Libya,Mali,1,2002
1911,Libya,Senegal,1,2002
3271,Libya,Sudan,1,2002
2393,Libya,Togo,1,2002
2442,Libya,Togo,1,2002
3612,Libya,Togo,-1,2002
4206,Libya,Zambia,-1,2002
3307,Liechtenstein,Austria,-1,2002
1532,Liechtenstein,Azerbaijan,1,2002
2201,Liechtenstein,Bosnia and Herzegovina,-1,2002
3758,Liechtenstein,Bosnia and Herzegovina,-1,2002
2840,Liechtenstein,Faroe Islands,-1,2002
2232,Liechtenstein,Hungary,-1,2002
629,Liechtenstein,Iceland,-1,2002
4007,Liechtenstein,Israel,-1,2002
3644,Liechtenstein,Latvia,-1,2002
309,Liechtenstein,Lithuania,-1,2002
1833,Liechtenstein,Portugal,-1,2002
660,Liechtenstein,Romania,-1,2002
2312,Liechtenstein,Romania,-1,2002
1508,Liechtenstein,Slovakia,-1,2002
4322,Liechtenstein,Spain,-1,2002
1267,Lithuania,Andorra,1,2002
1369,Lithuania,Belarus,-1,2002
1533,Lithuania,Bosnia and Herzegovina,1,2002
2233,Lithuania,Czech Republic,-1,2002
554,Lithuania,Estonia,1,2002
1834,Lithuania,Estonia,-1,2002
1509,Lithuania,Faroe Islands,-1,2002
3308,Lithuania,Georgia,-1,2002
3355,Lithuania,Hungary,-1,2002
2079,Lithuania,Indonesia,-1,2002
4253,Lithuania,Israel,-1,2002
4288,Lithuania,Italy,-1,2002
558,Lithuania,Latvia,1,2002
2841,Lithuania,Latvia,1,2002
1358,Lithuania,Moldova,-1,2002
661,Lithuania,North Macedonia,1,2002
73,Lithuania,Poland,-1,2002
687,Lithuania,Republic of Ireland,-1,2002
208,Lithuania,Romania,-1,2002
3645,Lithuania,Romania,-1,2002
4054,Lithuania,Romania,-1,2002
1417,Lithuania,Scotland,-1,2002
1590,Luxembourg,Belgium,-1,2002
1835,Luxembourg,Bulgaria,-1,2002
1177,Luxembourg,Cameroon,-1,2002
670,Luxembourg,Cyprus,-1,2002
1534,Luxembourg,England,-1,2002
2842,Luxembourg,Estonia,-1,2002
3714,Luxembourg,Faroe Islands,-1,2002
3646,Luxembourg,Finland,-1,2002
4254,Luxembourg,Georgia,-1,2002
1771,Luxembourg,Iceland,-1,2002
192,Luxembourg,Israel,-1,2002
2609,Luxembourg,Northern Ireland,-1,2002
1994,Luxembourg,Poland,-1,2002
4055,Luxembourg,Russia,-1,2002
3258,Luxembourg,Serbia,-1,2002
3309,Luxembourg,Slovenia,-1,2002
2979,Luxembourg,Spain,-1,2002
2259,Luxembourg,Sweden,-1,2002
4323,Luxembourg,Switzerland,-1,2002
2556,Macau,Brunei,1,2002
2921,Macau,Hong Kong,-1,2002
3829,Macau,Iraq,-1,2002
166,Macau,Japan,-1,2002
2591,Macau,Japan,-1,2002
510,Macau,Nepal,1,2002
3867,Macau,Nepal,-1,2002
506,Macau,Oman,-1,2002
2575,Macau,Singapore,-1,2002
3117,Madagascar,Botswana,1,2002
1336,Madagascar,Comoros,1,2002
4213,Madagascar,Congo,1,2002
1754,Madagascar,DR Congo,1,2002
3019,Madagascar,DR Congo,1,2002
1378,Madagascar,Eswatini,-1,2002
2746,Madagascar,Gabon,1,2002
3549,Madagascar,Ivory Coast,-1,2002
2031,Madagascar,Kenya,-1,2002
1343,Madagascar,Mauritius,1,2002
3038,Madagascar,Mauritius,-1,2002
3051,Madagascar,Mauritius,1,2002
4467,Madagascar,Mayotte,1,2002
3715,Madagascar,Namibia,-1,2002
3310,Madagascar,Nigeria,-1,2002
1341,Madagascar,Seychelles,1,2002
3904,Madagascar,Tunisia,-1,2002
1691,Madagascar,Zambia,-1,2002
4081,Madagascar,Zambia,-1,2002
1869,Malawi,Angola,-1,2002
2892,Malawi,Angola,-1,2002
547,Malawi,Botswana,-1,2002
3020,Malawi,Burkina Faso,-1,2002
4125,Malawi,Eswatini,-1,2002
2747,Malawi,Kenya,1,2002
2419,Malawi,Libya,-1,2002
481,Malawi,Mauritius,1,2002
95,Malawi,Mozambique,1,2002
248,Malawi,Mozambique,-1,2002
1277,Malawi,Mozambique,1,2002
1281,Malawi,Mozambique,-1,2002
1283,Malawi,Mozambique,-1,2002
2785,Malawi,Mozambique,1,2002
1347,Malawi,Namibia,-1,2002
1917,Malawi,Namibia,-1,2002
3100,Malawi,Namibia,-1,2002
2421,Malawi,Rwanda,-1,2002
2424,Malawi,Rwanda,-1,2002
2427,Malawi,Rwanda,-1,2002
3622,Malawi,South Africa,-1,2002
4194,Malawi,South Africa,1,2002
601,Malawi,Tanzania,-1,2002
2096,Malawi,Uganda,-1,2002
3118,Malawi,Uganda,-1,2002
35,Malawi,Zambia,-1,2002
914,Malawi,Zambia,-1,2002
907,Malawi,Zimbabwe,1,2002
911,Malawi,Zimbabwe,-1,2002
1287,Malawi,Zimbabwe,1,2002
1291,Malawi,Zimbabwe,-1,2002
4207,Malawi,Zimbabwe,-1,2002
4272,Malawi,Zimbabwe,-1,2002
4101,Malaysia,Bahrain,-1,2002
147,Malaysia,Bangladesh,1,2002
119,Malaysia,Bosnia and Herzegovina,-1,2002
4109,Malaysia,Bosnia and Herzegovina,-1,2002
3369,Malaysia,Cambodia,1,2002
3378,Malaysia,Cambodia,-1,2002
3413,Malaysia,Cambodia,1,2002
111,Malaysia,China PR,-1,2002
91,Malaysia,Finland,1,2002
1383,Malaysia,Laos,-1,2002
2568,Malaysia,Maldives,1,2002
2580,Malaysia,Maldives,1,2002
3161,Malaysia,Myanmar,1,2002
3163,Malaysia,Myanmar,-1,2002
2069,Malaysia,New Zealand,1,2002
2089,Malaysia,New Zealand,-1,2002
3169,Malaysia,New Zealand,-1,2002
3204,Malaysia,New Zealand,-1,2002
2685,Malaysia,North Korea,-1,2002
2735,Malaysia,North Korea,-1,2002
3175,Malaysia,Oman,1,2002
3738,Malaysia,Palestine,1,2002
742,Malaysia,Philippines,1,2002
153,Malaysia,Saudi Arabia,-1,2002
4191,Malaysia,Saudi Arabia,-1,2002
103,Malaysia,Singapore,-1,2002
1379,Malaysia,Singapore,-1,2002
2438,Malaysia,Singapore,1,2002
3422,Malaysia,Singapore,1,2002
4102,Malaysia,Slovakia,-1,2002
3388,Malaysia,Sri Lanka,1,2002
3392,Malaysia,Sri Lanka,1,2002
157,Malaysia,Taiwan,1,2002
2679,Malaysia,Taiwan,1,2002
2727,Malaysia,Taiwan,-1,2002
2702,Malaysia,Thailand,1,2002
649,Maldives,Bangladesh,-1,2002
2862,Maldives,Bangladesh,-1,2002
3773,Maldives,Cambodia,1,2002
3891,Maldives,China PR,-1,2002
674,Maldives,India,-1,2002
2878,Maldives,India,1,2002
3914,Maldives,Indonesia,-1,2002
378,Maldives,Iran,-1,2002
2712,Maldives,Iran,-1,2002
449,Maldives,Kyrgyzstan,-1,2002
1895,Maldives,Nepal,1,2002
1625,Maldives,Qatar,-1,2002
2858,Maldives,Sri Lanka,-1,2002
2881,Maldives,Sri Lanka,-1,2002
430,Maldives,Syria,-1,2002
42,Mali,Algeria,1,2002
497,Mali,Benin,1,2002
4426,Mali,Benin,-1,2002
1472,Mali,Burkina Faso,1,2002
1845,Mali,Burkina Faso,1,2002
2797,Mali,Burkina Faso,1,2002
4504,Mali,Burkina Faso,1,2002
1330,Mali,Cape Verde,1,2002
1975,Mali,Congo,1,2002
4430,Mali,Gambia,-1,2002
1616,Mali,Ghana,-1,2002
4500,Mali,Ghana,-1,2002
3522,Mali,Guinea,-1,2002
864,Mali,Guinea-Bissau,1,2002
2874,Mali,Guinea-Bissau,1,2002
4419,Mali,Guinea-Bissau,1,2002
4443,Mali,Guinea-Bissau,1,2002
104,Mali,Ivory Coast,-1,2002
1493,Mali,Ivory Coast,-1,2002
4473,Mali,Ivory Coast,-1,2002
3798,Mali,Liberia,1,2002
2820,Mali,Libya,1,2002
836,Mali,Mauritania,1,2002
2880,Mali,Mauritania,-1,2002
4417,Mali,Mauritania,1,2002
4399,Mali,Morocco,1,2002
1855,Mali,Namibia,1,2002
873,Mali,Senegal,1,2002
1929,Mali,Senegal,-1,2002
869,Mali,Sierra Leone,-1,2002
954,Mali,Tunisia,-1,2002
962,Malta,Albania,-1,2002
2544,Malta,Albania,-1,2002
2533,Malta,Andorra,-1,2002
2528,Malta,Azerbaijan,1,2002
1693,Malta,Bosnia and Herzegovina,1,2002
4290,Malta,Bulgaria,-1,2002
4455,Malta,Canada,1,2002
1510,Malta,Croatia,-1,2002
713,Malta,Czech Republic,-1,2002
3356,Malta,Czech Republic,-1,2002
3716,Malta,Denmark,-1,2002
2947,Malta,England,-1,2002
310,Malta,Faroe Islands,-1,2002
1070,Malta,Finland,-1,2002
986,Malta,Georgia,-1,2002
1395,Malta,Germany,-1,2002
154,Malta,Hungary,-1,2002
1886,Malta,Iceland,-1,2002
3868,Malta,Iceland,-1,2002
975,Malta,Latvia,1,2002
1772,Malta,Moldova,-1,2002
1591,Malta,North Macedonia,-1,2002
2689,Malta,Northern Ireland,-1,2002
4372,Malta,Northern Ireland,-1,2002
1699,Malta,Poland,-1,2002
2462,Malta,Qatar,1,2002
2261,Malta,Republic of Ireland,-1,2002
375,Malta,Scotland,-1,2002
768,Malta,Serbia,-1,2002
1721,Malta,Serbia,-1,2002
193,Malta,Slovakia,-1,2002
2922,Malta,South Africa,-1,2002
3648,Malta,Sweden,-1,2002
1185,Malta,Wales,-1,2002
1058,Martinique,Barbados,1,2002
3938,Martinique,Barbados,1,2002
3785,Martinique,British Virgin Islands,1,2002
802,Martinique,Cameroon,1,2002
3799,Martinique,Cayman Islands,-1,2002
3961,Martinique,Cuba,1,2002
325,Martinique,Dominica,1,2002
1295,Martinique,Dominica,1,2002
1700,Martinique,French Guiana,1,2002
3760,Martinique,Guadeloupe,1,2002
3932,Martinique,Jamaica,-1,2002
1863,Martinique,Saint Kitts and Nevis,1,2002
139,Martinique,Saint Lucia,1,2002
3610,Martinique,Saint Lucia,1,2002
541,Martinique,Trinidad and Tobago,1,2002
886,Martinique,Trinidad and Tobago,1,2002
892,Martinique,Trinidad and Tobago,1,2002
3790,Mauritania,Cape Verde,-1,2002
857,Mauritania,Senegal,-1,2002
2741,Mauritania,Tunisia,-1,2002
1849,Mauritius,Angola,-1,2002
3333,Mauritius,Congo,-1,2002
2032,Mauritius,Gabon,-1,2002
1377,Mauritius,Lesotho,1,2002
4082,Mauritius,Liberia,-1,2002
568,Mauritius,Mozambique,-1,2002
3800,Mauritius,Namibia,1,2002
1351,Mauritius,Seychelles,-1,2002
1681,Mauritius,South Africa,-1,2002
3501,Mauritius,South Africa,-1,2002
3131,Mauritius,Tanzania,1,2002
105,Mauritius,Zambia,-1,2002
1722,Mexico,Argentina,-1,2002
1995,Mexico,Argentina,-1,2002
3480,Mexico,Argentina,-1,2002
876,Mexico,Australia,-1,2002
3981,Mexico,Australia,-1,2002
1775,Mexico,Bolivia,1,2002
2140,Mexico,Bolivia,1,2002
3279,Mexico,Bolivia,1,2002
2110,Mexico,Brazil,-1,2002
2165,Mexico,Brazil,1,2002
3665,Mexico,Brazil,-1,2002
3530,Mexico,Bulgaria,-1,2002
126,Mexico,Canada,1,2002
2592,Mexico,Canada,-1,2002
3176,Mexico,Canada,1,2002
3807,Mexico,Chile,1,2002
450,Mexico,Colombia,1,2002
2336,Mexico,Colombia,-1,2002
3556,Mexico,Colombia,-1,2002
476,Mexico,Costa Rica,-1,2002
830,Mexico,Costa Rica,-1,2002
4083,Mexico,Costa Rica,-1,2002
2534,Mexico,Czech Republic,-1,2002
52,Mexico,Ecuador,1,2002
1859,Mexico,Ecuador,-1,2002
2339,Mexico,Ecuador,-1,2002
3272,Mexico,Ecuador,1,2002
2132,Mexico,Egypt,-1,2002
736,Mexico,El Salvador,1,2002
4414,Mexico,El Salvador,1,2002
2581,Mexico,Guatemala,-1,2002
967,Mexico,Honduras,1,2002
4444,Mexico,Honduras,1,2002
2450,Mexico,Iran,1,2002
252,Mexico,Jamaica,1,2002
3739,Mexico,Jamaica,1,2002
4269,Mexico,Liberia,1,2002
1022,Mexico,Netherlands,-1,2002
3259,Mexico,Panama,1,2002
1055,Mexico,Paraguay,-1,2002
2332,Mexico,Paraguay,-1,2002
30,Mexico,Peru,-1,2002
511,Mexico,Peru,1,2002
1093,Mexico,Peru,1,2002
2102,Mexico,Peru,-1,2002
2963,Mexico,Republic of Ireland,-1,2002
2128,Mexico,Saudi Arabia,1,2002
2980,Mexico,South Africa,1,2002
2557,Mexico,Trinidad and Tobago,1,2002
3334,Mexico,Trinidad and Tobago,1,2002
4324,Mexico,Trinidad and Tobago,1,2002
820,Mexico,United States,-1,2002
2154,Mexico,United States,1,2002
4126,Mexico,United States,1,2002
4203,Mexico,Uruguay,1,2002
2097,Mexico,Venezuela,1,2002
3098,Mexico,Venezuela,1,2002
2107,Micronesia,Northern Mariana Islands,1,2002
4291,Moldova,Azerbaijan,1,2002
3869,Moldova,Estonia,-1,2002
1996,Moldova,Finland,-1,2002
714,Moldova,Georgia,-1,2002
1535,Moldova,Germany,-1,2002
2516,Moldova,Lithuania,1,2002
3193,Moldova,Malta,1,2002
3357,Moldova,North Macedonia,-1,2002
1836,Moldova,Northern Ireland,-1,2002
741,Moldova,Poland,-1,2002
2964,Moldova,Russia,-1,2002
3311,Moldova,Slovakia,-1,2002
3761,Moldova,Sweden,-1,2002
2262,Moldova,Turkey,-1,2002
4373,Moldova,Turkey,-1,2002
4171,Monaco,Tibet,1,2002
3587,Mongolia,Bangladesh,-1,2002
337,Mongolia,China PR,-1,2002
344,Mongolia,Kazakhstan,-1,2002
1610,Mongolia,Kuwait,-1,2002
1626,Mongolia,Uzbekistan,-1,2002
3578,Mongolia,Vietnam,-1,2002
2667,Montserrat,Dominican Republic,-1,2002
3109,Morocco,Algeria,1,2002
920,Morocco,Angola,1,2002
2475,Morocco,Congo,1,2002
482,Morocco,Egypt,1,2002
4116,Morocco,Egypt,1,2002
1162,Morocco,England,-1,2002
366,Morocco,Ethiopia,1,2002
1169,Morocco,France,-1,2002
2972,Morocco,France,-1,2002
608,Morocco,Gabon,1,2002
4084,Morocco,Gabon,-1,2002
2801,Morocco,Gambia,1,2002
401,Morocco,Ghana,1,2002
1976,Morocco,Guinea,1,2002
2965,Morocco,Jamaica,1,2002
3335,Morocco,Kenya,1,2002
3462,Morocco,Libya,-1,2002
997,Morocco,Mozambique,1,2002
3830,Morocco,Namibia,1,2002
960,Morocco,Niger,1,2002
1207,Morocco,Norway,-1,2002
587,Morocco,Senegal,1,2002
1396,Morocco,Senegal,1,2002
2433,Morocco,Senegal,-1,2002
3616,Morocco,Senegal,-1,2002
1019,Morocco,South Africa,-1,2002
3571,Morocco,South Korea,-1,2002
854,Morocco,Togo,1,2002
1856,Morocco,Togo,-1,2002
2458,Morocco,Trinidad and Tobago,1,2002
3717,Morocco,Tunisia,1,2002
2387,Morocco,United States,1,2002
4456,Morocco,Zambia,1,2002
1289,Mozambique,Angola,-1,2002
1348,Mozambique,Botswana,1,2002
1857,Mozambique,Cameroon,-1,2002
1494,Mozambique,Eritrea,1,2002
898,Mozambique,Lesotho,-1,2002
3132,Mozambique,Lesotho,1,2002
3840,Mozambique,Lesotho,1,2002
588,Mozambique,Malawi,1,2002
43,Mozambique,Mauritius,1,2002
577,Mozambique,Namibia,-1,2002
2191,Mozambique,Nigeria,-1,2002
3893,Mozambique,South Africa,-1,2002
2821,Mozambique,Sudan,1,2002
460,Mozambique,Tanzania,1,2002
498,Mozambique,Zambia,-1,2002
25,Mozambique,Zimbabwe,-1,2002
1154,Mozambique,Zimbabwe,-1,2002
1049,Myanmar,Brunei,1,2002
790,Myanmar,Cambodia,-1,2002
3418,Myanmar,Indonesia,-1,2002
3213,Myanmar,Iraq,-1,2002
1054,Myanmar,Laos,1,2002
2738,Myanmar,Laos,1,2002
2732,Myanmar,Mongolia,1,2002
1392,Myanmar,Philippines,1,2002
2156,Myanmar,Philippines,1,2002
3412,Myanmar,Philippines,1,2002
2163,Myanmar,Vietnam,-1,2002
4117,Namibia,Algeria,-1,2002
1173,Namibia,Angola,-1,2002
2290,Namibia,Angola,-1,2002
3119,Namibia,Benin,1,2002
1489,Namibia,Congo,-1,2002
275,Namibia,Egypt,-1,2002
2382,Namibia,Egypt,-1,2002
3617,Namibia,Egypt,-1,2002
2216,Namibia,Eswatini,-1,2002
1958,Namibia,Ivory Coast,-1,2002
6,Namibia,Liberia,-1,2002
3502,Namibia,Madagascar,-1,2002
512,Namibia,Malawi,1,2002
1321,Namibia,Malawi,1,2002
1906,Namibia,Mali,-1,2002
3021,Namibia,Morocco,-1,2002
1447,Namibia,Mozambique,1,2002
4085,Namibia,Nigeria,-1,2002
4195,Namibia,Senegal,-1,2002
2802,Namibia,Seychelles,1,2002
927,Namibia,South Africa,1,2002
2148,Namibia,South Africa,-1,2002
238,Namibia,Tunisia,-1,2002
645,Namibia,Zambia,-1,2002
3336,Namibia,Zambia,-1,2002
148,Namibia,Zimbabwe,1,2002
2672,Namibia,Zimbabwe,1,2002
2294,Nepal,Bangladesh,-1,2002
2281,Nepal,Bhutan,1,2002
2550,Nepal,Bhutan,1,2002
2288,Nepal,India,-1,2002
168,Nepal,Japan,-1,2002
1608,Nepal,Japan,-1,2002
3812,Nepal,Kazakhstan,-1,2002
162,Nepal,Macau,-1,2002
3825,Nepal,Macau,1,2002
1874,Nepal,Maldives,-1,2002
2291,Nepal,Maldives,1,2002
499,Nepal,Oman,-1,2002
648,Nepal,Pakistan,-1,2002
2285,Nepal,Pakistan,1,2002
673,Nepal,Sri Lanka,-1,2002
2545,Nepal,Yemen,-1,2002
4374,Netherlands,Andorra,1,2002
1275,Netherlands,Argentina,1,2002
1837,Netherlands,Argentina,-1,2002
662,Netherlands,Belgium,1,2002
1214,Netherlands,Belgium,-1,2002
2234,Netherlands,Belgium,-1,2002
2314,Netherlands,Brazil,-1,2002
1163,Netherlands,Cameroon,-1,2002
1284,Netherlands,Croatia,-1,2002
3870,Netherlands,Cyprus,1,2002
2373,Netherlands,Czech Republic,-1,2002
2995,Netherlands,Czech Republic,1,2002
3015,Netherlands,Denmark,1,2002
4325,Netherlands,Estonia,1,2002
23196,Netherlands,FR Yugoslavia,1,2002
3041,Netherlands,France,1,2002
2611,Netherlands,Germany,1,2002
1521,Netherlands,Ghana,-1,2002
3071,Netherlands,Italy,-1,2002
1252,Netherlands,Mexico,-1,2002
1887,Netherlands,Morocco,-1,2002
1197,Netherlands,Nigeria,1,2002
1178,Netherlands,Paraguay,1,2002
1511,Netherlands,Peru,1,2002
2966,Netherlands,Poland,1,2002
3358,Netherlands,Portugal,-1,2002
3233,Netherlands,Republic of Ireland,-1,2002
2915,Netherlands,Romania,1,2002
177,Netherlands,San Marino,1,2002
2844,Netherlands,Scotland,-1,2002
1268,Netherlands,Serbia,1,2002
3058,Netherlands,Serbia,1,2002
1233,Netherlands,South Korea,1,2002
769,Netherlands,Turkey,-1,2002
3649,Netherlands,Turkey,-1,2002
2778,New Caledonia,Papua New Guinea,1,2002
2748,New Caledonia,Solomon Islands,1,2002
3002,New Caledonia,Vanuatu,1,2002
3011,New Caledonia,Vanuatu,1,2002
513,New Zealand,Australia,-1,2002
4098,New Zealand,Australia,-1,2002
2143,New Zealand,Brazil,-1,2002
955,New Zealand,Chile,-1,2002
4067,New Zealand,Cook Islands,1,2002
472,New Zealand,Fiji,1,2002
1486,New Zealand,Fiji,1,2002
31,New Zealand,Norway,-1,2002
3203,New Zealand,Oman,1,2002
439,New Zealand,Papua New Guinea,1,2002
2021,New Zealand,Poland,-1,2002
3059,New Zealand,Solomon Islands,1,2002
4077,New Zealand,Solomon Islands,1,2002
968,New Zealand,South Korea,-1,2002
2463,New Zealand,South Korea,-1,2002
2467,New Zealand,South Korea,-1,2002
1469,New Zealand,Tahiti,1,2002
4056,New Zealand,Tahiti,1,2002
2122,New Zealand,United States,-1,2002
1477,New Zealand,Vanuatu,1,2002
3042,New Zealand,Vanuatu,1,2002
4078,New Zealand,Vanuatu,1,2002
2792,Nicaragua,Honduras,-1,2002
2668,Nicaragua,Panama,-1,2002
1311,Niger,Ivory Coast,1,2002
3089,Niger,Ivory Coast,-1,2002
1331,Niger,Liberia,1,2002
942,Niger,Namibia,1,2002
1229,Nigeria,Bulgaria,1,2002
2558,Nigeria,Cameroon,-1,2002
2486,Nigeria,Congo,-1,2002
1265,Nigeria,Denmark,-1,2002
2803,Nigeria,Eritrea,1,2002
2217,Nigeria,Ghana,-1,2002
4214,Nigeria,Ghana,1,2002
225,Nigeria,Guinea,1,2002
398,Nigeria,Kenya,1,2002
3905,Nigeria,Liberia,1,2002
4009,Nigeria,Madagascar,1,2002
2967,Nigeria,Malawi,1,2002
2973,Nigeria,Malawi,1,2002
2511,Nigeria,Morocco,1,2002
3234,Nigeria,Namibia,1,2002
1246,Nigeria,Paraguay,-1,2002
2530,Nigeria,Senegal,1,2002
3022,Nigeria,Sierra Leone,1,2002
2546,Nigeria,South Africa,1,2002
3537,Nigeria,Sudan,1,2002
2468,Nigeria,Tunisia,1,2002
3503,Nigeria,Zambia,1,2002
1637,North Korea,Turkmenistan,-1,2002
1630,North Korea,Uzbekistan,-1,2002
2843,North Macedonia,Albania,1,2002
138,North Macedonia,Australia,-1,2002
3292,North Macedonia,Azerbaijan,1,2002
1184,North Macedonia,Bosnia and Herzegovina,-1,2002
1069,North Macedonia,Bulgaria,1,2002
1957,North Macedonia,Croatia,-1,2002
3647,North Macedonia,Czech Republic,-1,2002
1478,North Macedonia,Egypt,-1,2002
3439,North Macedonia,Hungary,-1,2002
397,North Macedonia,Iceland,1,2002
767,North Macedonia,Lithuania,-1,2002
1430,North Macedonia,Malta,1,2002
4008,North Macedonia,Moldova,-1,2002
4202,North Macedonia,Qatar,-1,2002
209,North Macedonia,Republic of Ireland,1,2002
2313,North Macedonia,Republic of Ireland,-1,2002
2260,North Macedonia,Serbia,-1,2002
2610,North Macedonia,Serbia,-1,2002
4390,North Macedonia,Slovakia,-1,2002
1095,North Macedonia,South Korea,-1,2002
4289,North Macedonia,Sweden,-1,2002
3759,North Macedonia,Turkey,-1,2002
61,Northern Ireland,Belgium,1,2002
4010,Northern Ireland,Bulgaria,-1,2002
1875,Northern Ireland,Canada,-1,2002
3718,Northern Ireland,Czech Republic,-1,2002
3312,Northern Ireland,Denmark,-1,2002
1512,Northern Ireland,Finland,1,2002
2202,Northern Ireland,France,-1,2002
630,Northern Ireland,Germany,-1,2002
1813,Northern Ireland,Germany,-1,2002
2845,Northern Ireland,Hungary,-1,2002
4326,Northern Ireland,Iceland,1,2002
3235,Northern Ireland,Malta,1,2002
1592,Northern Ireland,Moldova,-1,2002
3650,Northern Ireland,Norway,-1,2002
178,Northern Ireland,Portugal,-1,2002
3194,Northern Ireland,Serbia,-1,2002
1071,Northern Ireland,Slovakia,1,2002
1114,Northern Ireland,Switzerland,1,2002
2235,Northern Ireland,Turkey,-1,2002
1536,Norway,Albania,-1,2002
3236,Norway,Armenia,-1,2002
4057,Norway,Belarus,-1,2002
2846,Norway,Belgium,-1,2002
364,Norway,Brazil,1,2002
3871,Norway,Bulgaria,1,2002
746,Norway,Colombia,-1,2002
311,Norway,Finland,-1,2002
1928,Norway,Georgia,1,2002
2380,Norway,Germany,-1,2002
2236,Norway,Greece,1,2002
2948,Norway,Italy,1,2002
1915,Norway,Jamaica,1,2002
1431,Norway,Latvia,-1,2002
2203,Norway,Lithuania,1,2002
1146,Norway,Mexico,1,2002
3719,Norway,Poland,-1,2002
1370,Norway,Romania,-1,2002
1164,Norway,Saudi Arabia,1,2002
3029,Norway,Serbia,-1,2002
2916,Norway,Slovakia,1,2002
2263,Norway,Slovenia,1,2002
2517,Norway,Sweden,-1,2002
688,Norway,Switzerland,1,2002
4255,Norway,Turkey,-1,2002
3359,Norway,Ukraine,-1,2002
4327,Norway,Wales,1,2002
3459,Oman,Bahrain,1,2002
1549,Oman,Burkina Faso,1,2002
1551,Oman,Burkina Faso,-1,2002
1642,Oman,China PR,-1,2002
4274,Oman,China PR,-1,2002
3603,Oman,Finland,-1,2002
3607,Oman,Finland,-1,2002
1012,Oman,Germany,-1,2002
4215,Oman,Iraq,1,2002
163,Oman,Japan,-1,2002
2120,Oman,Kenya,-1,2002
1570,Oman,Kuwait,-1,2002
4471,Oman,Kuwait,-1,2002
2159,Oman,Kyrgyzstan,1,2002
3894,Oman,Laos,1,2002
3899,Oman,Laos,1,2002
169,Oman,Macau,1,2002
3623,Oman,Maldives,1,2002
3632,Oman,Maldives,1,2002
167,Oman,Nepal,1,2002
2034,Oman,New Zealand,1,2002
2038,Oman,New Zealand,-1,2002
4509,Oman,North Macedonia,1,2002
3917,Oman,Philippines,1,2002
3924,Oman,Philippines,1,2002
1558,Oman,Qatar,1,2002
4348,Oman,Qatar,-1,2002
1563,Oman,Saudi Arabia,-1,2002
1709,Oman,Slovenia,-1,2002
2612,Oman,Slovenia,-1,2002
3781,Oman,Sudan,-1,2002
3791,Oman,Sudan,-1,2002
1723,Oman,Switzerland,-1,2002
2586,Oman,Switzerland,-1,2002
1271,Oman,Syria,-1,2002
3967,Oman,Syria,1,2002
4499,Oman,Syria,1,2002
4501,Oman,Syria,1,2002
2596,Oman,United Arab Emirates,-1,2002
3743,Oman,United Arab Emirates,1,2002
4341,Oman,United Arab Emirates,-1,2002
4398,Oman,Uzbekistan,1,2002
3401,Oman,Yemen,1,2002
3404,Oman,Yemen,1,2002
1461,Oman,Zambia,1,2002
1467,Oman,Zambia,-1,2002
4163,Orkney,Falkland Islands,-1,2002
4142,Orkney,Gibraltar,-1,2002
1870,Pakistan,Bangladesh,-1,2002
2289,Pakistan,Bhutan,1,2002
354,Pakistan,Iraq,-1,2002
2736,Pakistan,Jordan,-1,2002
440,Pakistan,Kazakhstan,-1,2002
2749,Pakistan,Kazakhstan,-1,2002
3969,Pakistan,Lebanon,-1,2002
701,Pakistan,Sri Lanka,1,2002
3939,Pakistan,Sri Lanka,-1,2002
1322,Palau,Guam,-1,2002
3693,Palestine,Hong Kong,1,2002
2908,Palestine,Iran,-1,2002
391,Palestine,Jordan,-1,2002
2728,Palestine,Jordan,-1,2002
3680,Palestine,Malaysia,1,2002
2721,Palestine,Pakistan,1,2002
3667,Palestine,Qatar,-1,2002
1299,Palestine,Syria,-1,2002
164,Panama,Belize,-1,2002
3145,Panama,Canada,-1,2002
3982,Panama,Costa Rica,-1,2002
2420,Panama,Cuba,1,2002
4216,Panama,Cuba,-1,2002
3167,Panama,Ecuador,-1,2002
2576,Panama,El Salvador,1,2002
3687,Panama,El Salvador,1,2002
2459,Panama,Guatemala,1,2002
3611,Panama,Guatemala,-1,2002
3851,Panama,Haiti,1,2002
2722,Panama,Honduras,1,2002
3134,Panama,Mexico,-1,2002
2896,Panama,Nicaragua,1,2002
3975,Panama,Nicaragua,1,2002
2329,Panama,Trinidad and Tobago,-1,2002
4074,Panama,Trinidad and Tobago,-1,2002
483,Papua New Guinea,Fiji,-1,2002
1434,Papua New Guinea,New Caledonia,1,2002
367,Papua New Guinea,New Zealand,1,2002
2786,Papua New Guinea,Vanuatu,-1,2002
548,Paraguay,Argentina,-1,2002
4391,Paraguay,Argentina,-1,2002
3,Paraguay,Armenia,1,2002
689,Paraguay,Bolivia,1,2002
2055,Paraguay,Bolivia,-1,2002
4328,Paraguay,Bolivia,1,2002
3135,Paraguay,Brazil,1,2002
1211,Paraguay,Bulgaria,-1,2002
4011,Paraguay,Chile,1,2002
210,Paraguay,Colombia,1,2002
1867,Paraguay,Colombia,-1,2002
2039,Paraguay,Colombia,1,2002
4457,Paraguay,Colombia,-1,2002
3043,Paraguay,Costa Rica,1,2002
455,Paraguay,Ecuador,-1,2002
2949,Paraguay,Ecuador,1,2002
2080,Paraguay,Japan,1,2002
1888,Paraguay,Mexico,1,2002
4180,Paraguay,Mexico,-1,2002
68,Paraguay,Peru,1,2002
2094,Paraguay,Peru,1,2002
3440,Paraguay,Peru,1,2002
976,Paraguay,Poland,1,2002
4112,Paraguay,Serbia,1,2002
312,Paraguay,Uruguay,1,2002
2016,Paraguay,Uruguay,-1,2002
2103,Paraguay,Uruguay,-1,2002
2847,Paraguay,Uruguay,1,2002
782,Paraguay,Venezuela,1,2002
3237,Paraguay,Venezuela,1,2002
484,Peru,Argentina,1,2002
3260,Peru,Argentina,-1,2002
549,Peru,Bolivia,1,2002
2081,Peru,Bolivia,1,2002
4458,Peru,Bolivia,-1,2002
2968,Peru,Brazil,-1,2002
16,Peru,Chile,1,2002
783,Peru,Chile,-1,2002
3744,Peru,Chile,1,2002
640,Peru,Colombia,1,2002
3139,Peru,Colombia,-1,2002
211,Peru,Ecuador,-1,2002
1724,Peru,Ecuador,-1,2002
4012,Peru,Ecuador,-1,2002
2417,Peru,Honduras,-1,2002
2056,Peru,Japan,1,2002
4188,Peru,Mexico,1,2002
848,Peru,Paraguay,1,2002
2703,Peru,Paraguay,1,2002
4153,Peru,Paraguay,-1,2002
2388,Peru,Slovakia,1,2002
445,Peru,Uruguay,1,2002
690,Peru,Uruguay,1,2002
4304,Peru,Uruguay,-1,2002
473,Peru,Venezuela,1,2002
2037,Peru,Venezuela,1,2002
3195,Peru,Venezuela,1,2002
855,Philippines,Estonia,-1,2002
2490,Philippines,Guam,1,2002
2164,Philippines,Laos,-1,2002
3970,Philippines,Laos,-1,2002
2180,Philippines,Vietnam,-1,2002
1759,Poland,Armenia,1,2002
3762,Poland,Armenia,1,2002
3313,Poland,Belarus,1,2002
1939,Poland,Bulgaria,1,2002
4459,Poland,Cameroon,-1,2002
1889,Poland,Czech Republic,1,2002
368,Poland,England,-1,2002
2264,Poland,England,-1,2002
2848,Poland,Finland,-1,2002
456,Poland,Georgia,1,2002
663,Poland,Hungary,1,2002
3441,Poland,Iceland,1,2002
1361,Poland,Israel,1,2002
212,Poland,Italy,-1,2002
715,Poland,Lithuania,1,2002
1513,Poland,Luxembourg,1,2002
4292,Poland,Norway,1,2002
1165,Poland,Russia,1,2002
3872,Poland,Scotland,-1,2002
1072,Poland,Slovenia,1,2002
2204,Poland,Spain,-1,2002
1838,Poland,Sweden,-1,2002
4375,Poland,Ukraine,-1,2002
3360,Poland,Wales,-1,2002
399,Portugal,Albania,1,2002
2205,Portugal,Andorra,1,2002
3651,Portugal,Andorra,1,2002
4460,Portugal,Angola,1,2002
631,Portugal,Armenia,1,2002
1801,Portugal,Azerbaijan,1,2002
4058,Portugal,Cyprus,1,2002
2704,Portugal,Denmark,1,2002
3003,Portugal,England,1,2002
4376,Portugal,Estonia,1,2002
32,Portugal,France,-1,2002
3039,Portugal,Germany,1,2002
2315,Portugal,Hungary,1,2002
1593,Portugal,Israel,1,2002
3442,Portugal,Israel,1,2002
1997,Portugal,Liechtenstein,1,2002
3196,Portugal,Lithuania,1,2002
4256,Portugal,Moldova,1,2002
1371,Portugal,Mozambique,1,2002
1725,Portugal,Netherlands,-1,2002
3763,Portugal,Netherlands,-1,2002
770,Portugal,Northern Ireland,1,2002
3314,Portugal,Republic of Ireland,-1,2002
1514,Portugal,Romania,-1,2002
1959,Portugal,Slovakia,1,2002
2938,Portugal,Wales,1,2002
2659,Puerto Rico,Aruba,-1,2002
3560,Puerto Rico,British Virgin Islands,-1,2002
4234,Qatar,Bahrain,-1,2002
2473,Qatar,Bosnia and Herzegovina,1,2002
1546,Qatar,Burkina Faso,-1,2002
721,Qatar,China PR,-1,2002
4336,Qatar,China PR,-1,2002
3286,Qatar,Egypt,-1,2002
4510,Qatar,Egypt,-1,2002
3740,Qatar,Hong Kong,1,2002
826,Qatar,Iran,1,2002
3280,Qatar,Iran,-1,2002
4220,Qatar,Iran,1,2002
4342,Qatar,Iraq,-1,2002
1471,Qatar,Jordan,1,2002
2750,Qatar,Jordan,-1,2002
1643,Qatar,Kazakhstan,-1,2002
2723,Qatar,Kazakhstan,1,2002
707,Qatar,Kuwait,-1,2002
1657,Qatar,Kuwait,-1,2002
3273,Qatar,Kuwait,-1,2002
3496,Qatar,Kuwait,1,2002
1635,Qatar,Lebanon,1,2002
1462,Qatar,Libya,1,2002
3660,Qatar,Malaysia,1,2002
3694,Qatar,Malaysia,-1,2002
4263,Qatar,Oman,-1,2002
2729,Qatar,Pakistan,1,2002
2713,Qatar,Palestine,1,2002
3699,Qatar,Palestine,1,2002
835,Qatar,Saudi Arabia,-1,2002
1484,Qatar,Saudi Arabia,-1,2002
1573,Qatar,Saudi Arabia,-1,2002
1455,Qatar,Sudan,-1,2002
2645,Qatar,Sudan,1,2002
1618,Qatar,Tajikistan,1,2002
3293,Qatar,Thailand,-1,2002
3337,Qatar,Thailand,1,2002
1479,Qatar,United Arab Emirates,1,2002
1564,Qatar,United Arab Emirates,-1,2002
4358,Qatar,United Arab Emirates,-1,2002
3370,Qatar,Uzbekistan,-1,2002
4353,Qatar,Uzbekistan,-1,2002
2613,Qatar,Wales,-1,2002
3861,Republic of Ireland,Andorra,1,2002
1112,Republic of Ireland,Argentina,-1,2002
813,Republic of Ireland,Belgium,-1,2002
1416,Republic of Ireland,Croatia,1,2002
4250,Republic of Ireland,Croatia,-1,2002
4370,Republic of Ireland,Cyprus,1,2002
2605,Republic of Ireland,Czech Republic,1,2002
3352,Republic of Ireland,Estonia,1,2002
3437,Republic of Ireland,Finland,1,2002
2837,Republic of Ireland,Greece,-1,2002
4436,Republic of Ireland,Iran,1,2002
350,Republic of Ireland,Liechtenstein,1,2002
628,Republic of Ireland,Lithuania,-1,2002
1530,Republic of Ireland,Malta,1,2002
1151,Republic of Ireland,Mexico,-1,2002
4287,Republic of Ireland,Netherlands,1,2002
1993,Republic of Ireland,North Macedonia,1,2002
1924,Republic of Ireland,Northern Ireland,-1,2002
1718,Republic of Ireland,Paraguay,1,2002
4004,Republic of Ireland,Portugal,-1,2002
764,Republic of Ireland,Romania,-1,2002
2925,Republic of Ireland,Scotland,-1,2002
2218,Republic of Ireland,Serbia,1,2002
2992,Republic of Ireland,South Africa,1,2002
1884,Republic of Ireland,Sweden,1,2002
2370,Republic of Ireland,Turkey,-1,2002
2054,Rhodes,Guernsey,-1,2002
4148,Rhodes,Isle of Wight,-1,2002
2084,Rhodes,Åland Islands,1,2002
1998,Romania,Azerbaijan,1,2002
1890,Romania,Belgium,1,2002
1222,Romania,Colombia,1,2002
1270,Romania,Croatia,-1,2002
2849,Romania,Cyprus,1,2002
1239,Romania,England,1,2002
1760,Romania,Estonia,1,2002
2518,Romania,Georgia,-1,2002
4377,Romania,Georgia,-1,2002
1089,Romania,Greece,1,2002
2950,Romania,Greece,1,2002
3509,Romania,Hong Kong,1,2002
1960,Romania,Hungary,1,2002
4013,Romania,Hungary,1,2002
691,Romania,Iceland,1,2002
1056,Romania,Israel,-1,2002
1773,Romania,Israel,-1,2002
3720,Romania,Italy,-1,2002
3493,Romania,Jordan,-1,2002
2508,Romania,Latvia,1,2002
179,Romania,Liechtenstein,1,2002
1397,Romania,Liechtenstein,1,2002
3261,Romania,Lithuania,1,2002
1202,Romania,Moldova,1,2002
632,Romania,North Macedonia,1,2002
1186,Romania,Paraguay,1,2002
3197,Romania,Poland,-1,2002
2265,Romania,Portugal,-1,2002
3023,Romania,Portugal,-1,2002
313,Romania,Republic of Ireland,1,2002
3443,Romania,Serbia,1,2002
1814,Romania,Slovakia,-1,2002
3873,Romania,Slovakia,-1,2002
4461,Romania,Slovenia,-1,2002
1259,Romania,Tunisia,-1,2002
3627,Romania,Ukraine,1,2002
1839,Russia,Andorra,1,2002
2237,Russia,Armenia,1,2002
1913,Russia,Belarus,-1,2002
771,Russia,Bulgaria,1,2002
3764,Russia,Faroe Islands,1,2002
1073,Russia,France,1,2002
1515,Russia,France,-1,2002
4257,Russia,Greece,-1,2002
1999,Russia,Iceland,1,2002
421,Russia,Israel,1,2002
3198,Russia,Israel,1,2002
814,Russia,Italy,-1,2002
314,Russia,Luxembourg,1,2002
3361,Russia,Luxembourg,1,2002
54,Russia,Serbia,-1,2002
633,Russia,Serbia,-1,2002
4014,Russia,Serbia,-1,2002
2931,Russia,Slovakia,-1,2002
3721,Russia,Slovenia,-1,2002
58,Russia,Switzerland,1,2002
4378,Russia,Switzerland,1,2002
1115,Russia,Turkey,1,2002
2316,Russia,Ukraine,-1,2002
2850,Russia,United States,1,2002
2176,Rwanda,Burundi,-1,2002
3090,Rwanda,Congo,1,2002
2123,Rwanda,Djibouti,1,2002
4482,Rwanda,Eritrea,1,2002
4496,Rwanda,Ethiopia,-1,2002
2768,Rwanda,Ivory Coast,-1,2002
2160,Rwanda,Kenya,-1,2002
4490,Rwanda,Kenya,-1,2002
4474,Rwanda,Somalia,1,2002
1276,Rwanda,Tanzania,1,2002
1278,Rwanda,Tanzania,-1,2002
2138,Rwanda,Tanzania,-1,2002
1359,Rwanda,Uganda,-1,2002
2149,Rwanda,Uganda,1,2002
3095,Rwanda,Uganda,1,2002
4495,Rwanda,Uganda,1,2002
3403,Rwanda,Zimbabwe,1,2002
1352,Réunion,Madagascar,-1,2002
1335,Réunion,Mauritius,1,2002
1340,Réunion,Mauritius,1,2002
1344,Réunion,Seychelles,1,2002
2063,Saare County,Frøya,-1,2002
2053,Saare County,Isle of Wight,-1,2002
4154,Saare County,Orkney,1,2002
4141,Saare County,Shetland,-1,2002
1925,Saint Kitts and Nevis,Antigua and Barbuda,1,2002
1084,Saint Kitts and Nevis,British Virgin Islands,1,2002
734,Saint Kitts and Nevis,Cuba,-1,2002
3943,Saint Kitts and Nevis,Cuba,-1,2002
1086,Saint Kitts and Nevis,Dominica,-1,2002
3655,Saint Kitts and Nevis,Dominican Republic,1,2002
556,Saint Kitts and Nevis,Grenada,1,2002
1088,Saint Kitts and Nevis,Guadeloupe,1,2002
815,Saint Kitts and Nevis,Jamaica,-1,2002
4218,Saint Kitts and Nevis,Jamaica,-1,2002
550,Saint Kitts and Nevis,Martinique,1,2002
4208,Saint Kitts and Nevis,Martinique,1,2002
3908,Saint Kitts and Nevis,Puerto Rico,1,2002
1865,Saint Kitts and Nevis,Saint Lucia,1,2002
2510,Saint Kitts and Nevis,Saint Lucia,-1,2002
3606,Saint Kitts and Nevis,Saint Lucia,1,2002
2806,Saint Kitts and Nevis,Saint Vincent and the Grenadines,-1,2002
553,Saint Kitts and Nevis,Trinidad and Tobago,-1,2002
1166,Saint Kitts and Nevis,Trinidad and Tobago,1,2002
2660,Saint Kitts and Nevis,Turks and Caicos Islands,1,2002
2673,Saint Kitts and Nevis,Turks and Caicos Islands,1,2002
1727,Saint Lucia,Antigua and Barbuda,-1,2002
1057,Saint Lucia,Barbados,1,2002
2423,Saint Lucia,Dominica,1,2002
2425,Saint Lucia,Dominica,1,2002
1742,Saint Lucia,Grenada,-1,2002
807,Saint Lucia,Jamaica,-1,2002
1061,Saint Lucia,Martinique,-1,2002
1861,Saint Lucia,Martinique,1,2002
3696,Saint Lucia,Martinique,-1,2002
1034,Saint Lucia,Saint Kitts and Nevis,1,2002
143,Saint Lucia,Saint Vincent and the Grenadines,1,2002
1059,Saint Lucia,Saint Vincent and the Grenadines,1,2002
3684,Saint Lucia,Saint Vincent and the Grenadines,-1,2002
2638,Saint Lucia,Suriname,1,2002
3819,Saint Lucia,United States Virgin Islands,1,2002
3580,Saint Martin,Anguilla,1,2002
3568,Saint Martin,Montserrat,1,2002
2893,Saint Vincent and the Grenadines,Antigua and Barbuda,1,2002
2986,Saint Vincent and the Grenadines,Barbados,1,2002
3324,Saint Vincent and the Grenadines,El Salvador,-1,2002
1858,Saint Vincent and the Grenadines,Grenada,1,2002
3423,Saint Vincent and the Grenadines,Honduras,-1,2002
3121,Saint Vincent and the Grenadines,Jamaica,-1,2002
1039,Saint Vincent and the Grenadines,Saint Kitts and Nevis,1,2002
1862,Saint Vincent and the Grenadines,Saint Kitts and Nevis,-1,2002
2793,Saint Vincent and the Grenadines,Saint Kitts and Nevis,1,2002
1864,Saint Vincent and the Grenadines,Saint Lucia,-1,2002
3091,Saint Vincent and the Grenadines,Trinidad and Tobago,1,2002
2639,Saint Vincent and the Grenadines,United States Virgin Islands,1,2002
1439,Samoa,American Samoa,1,2002
3808,Samoa,Fiji,-1,2002
1435,Samoa,Tonga,1,2002
3792,Samoa,Tonga,-1,2002
1537,San Marino,Austria,-1,2002
4059,San Marino,Belgium,-1,2002
4329,San Marino,Croatia,-1,2002
1594,San Marino,Cyprus,-1,2002
1516,San Marino,Israel,-1,2002
3444,San Marino,Latvia,-1,2002
2851,San Marino,Moldova,-1,2002
315,San Marino,Netherlands,-1,2002
3315,San Marino,Scotland,-1,2002
1840,San Marino,Spain,-1,2002
692,San Marino,Turkey,-1,2002
885,Saudi Arabia,Australia,1,2002
4265,Saudi Arabia,Bahrain,-1,2002
170,Saudi Arabia,Bangladesh,1,2002
3579,Saudi Arabia,Bangladesh,1,2002
3600,Saudi Arabia,Bangladesh,1,2002
2133,Saudi Arabia,Bolivia,-1,2002
877,Saudi Arabia,Brazil,-1,2002
824,Saudi Arabia,China PR,-1,2002
1212,Saudi Arabia,Denmark,-1,2002
1020,Saudi Arabia,Germany,-1,2002
874,Saudi Arabia,Iceland,-1,2002
133,Saudi Arabia,Indonesia,1,2002
140,Saudi Arabia,Indonesia,1,2002
806,Saudi Arabia,Iran,1,2002
4354,Saudi Arabia,Iran,-1,2002
4275,Saudi Arabia,Iraq,1,2002
3371,Saudi Arabia,Japan,-1,2002
2018,Saudi Arabia,Jordan,1,2002
2035,Saudi Arabia,Jordan,1,2002
3316,Saudi Arabia,Kazakhstan,1,2002
705,Saudi Arabia,Kuwait,1,2002
1480,Saudi Arabia,Kuwait,1,2002
1473,Saudi Arabia,Lebanon,1,2002
180,Saudi Arabia,Malaysia,1,2002
719,Saudi Arabia,Mali,1,2002
881,Saudi Arabia,Mexico,-1,2002
1187,Saudi Arabia,Mexico,-1,2002
3572,Saudi Arabia,Mongolia,1,2002
3598,Saudi Arabia,Mongolia,1,2002
1141,Saudi Arabia,Namibia,1,2002
4201,Saudi Arabia,North Korea,1,2002
4221,Saudi Arabia,North Macedonia,-1,2002
772,Saudi Arabia,Qatar,1,2002
3379,Saudi Arabia,Qatar,-1,2002
4229,Saudi Arabia,Qatar,-1,2002
1457,Saudi Arabia,Senegal,1,2002
2287,Saudi Arabia,South Africa,-1,2002
1452,Saudi Arabia,Sudan,1,2002
127,Saudi Arabia,Syria,1,2002
3274,Saudi Arabia,Syria,1,2002
3277,Saudi Arabia,Syria,1,2002
3553,Saudi Arabia,Syria,1,2002
194,Saudi Arabia,Taiwan,1,2002
1445,Saudi Arabia,Tanzania,1,2002
4407,Saudi Arabia,Thailand,1,2002
1130,Saudi Arabia,Trinidad and Tobago,1,2002
3561,Saudi Arabia,Uganda,1,2002
1569,Saudi Arabia,United Arab Emirates,1,2002
3281,Saudi Arabia,United Arab Emirates,1,2002
4337,Saudi Arabia,United Arab Emirates,-1,2002
3385,Saudi Arabia,Uzbekistan,1,2002
3588,Saudi Arabia,Vietnam,1,2002
3605,Saudi Arabia,Vietnam,1,2002
4511,Saudi Arabia,Zimbabwe,-1,2002
3445,Scotland,Australia,-1,2002
213,Scotland,Austria,1,2002
671,Scotland,Belarus,1,2002
3722,Scotland,Belgium,-1,2002
2295,Scotland,Bosnia and Herzegovina,1,2002
4293,Scotland,Croatia,-1,2002
1841,Scotland,Czech Republic,-1,2002
1074,Scotland,Denmark,-1,2002
2374,Scotland,England,-1,2002
181,Scotland,Estonia,1,2002
1517,Scotland,Estonia,1,2002
1538,Scotland,Faroe Islands,1,2002
1116,Scotland,Finland,-1,2002
2705,Scotland,France,-1,2002
773,Scotland,Latvia,1,2002
4379,Scotland,Latvia,1,2002
2317,Scotland,Lithuania,1,2002
1243,Scotland,Morocco,-1,2002
1224,Scotland,Norway,-1,2002
3765,Scotland,San Marino,1,2002
361,Scotland,Wales,-1,2002
388,Senegal,Algeria,-1,2002
3831,Senegal,Algeria,1,2002
4512,Senegal,Algeria,1,2002
2822,Senegal,Benin,1,2002
1682,Senegal,Burkina Faso,-1,2002
4502,Senegal,Burkina Faso,-1,2002
2022,Senegal,Burundi,1,2002
2453,Senegal,Cameroon,-1,2002
862,Senegal,Cape Verde,1,2002
1296,Senegal,Cape Verde,1,2002
3110,Senegal,Egypt,-1,2002
2118,Senegal,Eritrea,1,2002
500,Senegal,Ethiopia,1,2002
2422,Senegal,Gambia,1,2002
1671,Senegal,Guinea,1,2002
1673,Senegal,Guinea,1,2002
2395,Senegal,Ivory Coast,1,2002
78,Senegal,Mali,-1,2002
851,Senegal,Mali,-1,2002
1312,Senegal,Mali,1,2002
2883,Senegal,Mali,-1,2002
3564,Senegal,Mali,1,2002
4172,Senegal,Morocco,1,2002
3672,Senegal,Namibia,1,2002
3275,Senegal,Togo,-1,2002
3723,Senegal,Uganda,1,2002
2969,Senegal,Zambia,-1,2002
2974,Senegal,Zambia,-1,2002
2179,Senegal,Zimbabwe,1,2002
3510,Serbia,Bosnia and Herzegovina,-1,2002
2690,Serbia,China PR,1,2002
2206,Serbia,Croatia,-1,2002
4258,Serbia,Faroe Islands,1,2002
841,Serbia,Hungary,1,2002
1219,Serbia,Iran,1,2002
1188,Serbia,Japan,1,2002
3527,Serbia,Japan,1,2002
4380,Serbia,Luxembourg,1,2002
1983,Serbia,Malta,1,2002
1170,Serbia,Nigeria,1,2002
2243,Serbia,North Macedonia,1,2002
1595,Serbia,Republic of Ireland,1,2002
3523,Serbia,Romania,1,2002
141,Serbia,Russia,-1,2002
3874,Serbia,Russia,-1,2002
422,Serbia,Slovakia,1,2002
3004,Serbia,Slovenia,-1,2002
4330,Serbia,Slovenia,-1,2002
1117,Serbia,South Korea,1,2002
316,Serbia,Spain,-1,2002
3044,Serbia,Spain,-1,2002
1398,Serbia,Switzerland,-1,2002
3724,Serbia,Switzerland,-1,2002
1339,Seychelles,Comoros,1,2002
1215,Seychelles,Kenya,-1,2002
2752,Seychelles,Namibia,-1,2002
3079,Seychelles,Zimbabwe,-1,2002
537,Shetland,Gibraltar,1,2002
2073,Shetland,Gibraltar,1,2002
535,Shetland,Hitra,1,2002
2061,Shetland,Hitra,1,2002
522,Shetland,Isle of Wight,-1,2002
7,Sierra Leone,Gabon,1,2002
4075,Sierra Leone,Gambia,-1,2002
226,Sierra Leone,Ghana,-1,2002
3906,Sierra Leone,Ghana,-1,2002
860,Sierra Leone,Guinea-Bissau,1,2002
4173,Sierra Leone,Liberia,-1,2002
276,Sierra Leone,Morocco,-1,2002
3832,Sierra Leone,Nigeria,1,2002
182,Sierra Leone,Senegal,1,2002
3673,Sierra Leone,Sudan,-1,2002
2804,Sierra Leone,São Tomé and Príncipe,1,2002
3206,Sierra Leone,Togo,1,2002
3576,Singapore,Bahrain,-1,2002
787,Singapore,Brunei,1,2002
2593,Singapore,Brunei,1,2002
750,Singapore,Cambodia,1,2002
1079,Singapore,Cambodia,1,2002
3406,Singapore,Cambodia,1,2002
112,Singapore,Finland,-1,2002
1399,Singapore,Indonesia,1,2002
3405,Singapore,Indonesia,1,2002
2559,Singapore,Japan,-1,2002
277,Singapore,Kuwait,-1,2002
3567,Singapore,Kuwait,-1,2002
3562,Singapore,Kyrgyzstan,-1,2002
1389,Singapore,Laos,1,2002
3414,Singapore,Laos,1,2002
356,Singapore,Lebanon,-1,2002
2151,Singapore,Malaysia,1,2002
2531,Singapore,Malaysia,1,2002
745,Singapore,Myanmar,-1,2002
2057,Singapore,New Zealand,-1,2002
3956,Singapore,New Zealand,1,2002
1063,Singapore,Philippines,1,2002
2939,Singapore,Qatar,-1,2002
4145,Singapore,Saudi Arabia,-1,2002
3398,Singapore,Sri Lanka,1,2002
791,Singapore,Thailand,-1,2002
3538,Singapore,Thailand,-1,2002
4235,Singapore,Thailand,-1,2002
1602,Singapore,United Arab Emirates,-1,2002
214,Sint Maarten,Anguilla,1,2002
239,Sint Maarten,British Virgin Islands,1,2002
1418,Slovakia,Azerbaijan,1,2002
3766,Slovakia,Azerbaijan,1,2002
4100,Slovakia,Bosnia and Herzegovina,-1,2002
1914,Slovakia,Bulgaria,1,2002
3199,Slovakia,Croatia,-1,2002
641,Slovakia,Czech Republic,1,2002
1372,Slovakia,Finland,-1,2002
1842,Slovakia,Hungary,-1,2002
296,Slovakia,Iceland,1,2002
4259,Slovakia,Iran,-1,2002
2207,Slovakia,Israel,1,2002
2266,Slovakia,Liechtenstein,1,2002
4331,Slovakia,Moldova,1,2002
3262,Slovakia,North Macedonia,1,2002
1571,Slovakia,Poland,-1,2002
1539,Slovakia,Portugal,-1,2002
2238,Slovakia,Romania,-1,2002
2901,Slovakia,Saudi Arabia,-1,2002
693,Slovakia,Serbia,-1,2002
1094,Slovakia,South Korea,-1,2002
716,Slovakia,Spain,-1,2002
3362,Slovakia,Sweden,-1,2002
595,Slovakia,Switzerland,1,2002
4294,Slovakia,Turkey,-1,2002
2208,Slovenia,Albania,1,2002
774,Slovenia,Croatia,-1,2002
1118,Slovenia,Czech Republic,-1,2002
4381,Slovenia,Faroe Islands,1,2002
1891,Slovenia,Finland,-1,2002
2239,Slovenia,Georgia,1,2002
664,Slovenia,Greece,-1,2002
2318,Slovenia,Greece,-1,2002
1540,Slovenia,Latvia,1,2002
4015,Slovenia,Luxembourg,1,2002
1518,Slovenia,Norway,-1,2002
3045,Slovenia,Norway,-1,2002
4260,Slovenia,Romania,-1,2002
4438,Slovenia,Romania,1,2002
4295,Slovenia,Russia,1,2002
2951,Slovenia,Saudi Arabia,1,2002
3767,Slovenia,Serbia,-1,2002
963,Slovenia,Slovakia,-1,2002
3030,Slovenia,Spain,-1,2002
1705,Slovenia,Switzerland,-1,2002
3363,Slovenia,Switzerland,-1,2002
2375,Slovenia,Ukraine,1,2002
3652,Slovenia,Uruguay,-1,2002
3049,Solomon Islands,Australia,-1,2002
3046,Solomon Islands,Cook Islands,1,2002
4039,Solomon Islands,Cook Islands,1,2002
1440,Solomon Islands,New Caledonia,1,2002
1419,Solomon Islands,Papua New Guinea,1,2002
1459,Solomon Islands,Papua New Guinea,1,2002
2782,Solomon Islands,Papua New Guinea,1,2002
461,Solomon Islands,Tahiti,1,2002
122,Solomon Islands,Tonga,1,2002
2774,Solomon Islands,Vanuatu,1,2002
3460,Somalia,Ethiopia,-1,2002
2141,Somalia,Uganda,-1,2002
2509,South Africa,Algeria,-1,2002
977,South Africa,Angola,-1,2002
1490,South Africa,Angola,1,2002
875,South Africa,Brazil,-1,2002
3539,South Africa,Burkina Faso,1,2002
609,South Africa,Congo,1,2002
4092,South Africa,Congo,-1,2002
878,South Africa,Czech Republic,-1,2002
2483,South Africa,DR Congo,1,2002
1228,South Africa,Denmark,-1,2002
1029,South Africa,Egypt,-1,2002
1658,South Africa,Egypt,1,2002
4439,South Africa,Egypt,1,2002
3031,South Africa,Eswatini,1,2002
3317,South Africa,France,-1,2002
1744,South Africa,Gabon,1,2002
2469,South Africa,Gabon,1,2002
992,South Africa,Ivory Coast,-1,2002
2805,South Africa,Lesotho,1,2002
3478,South Africa,Liberia,1,2002
4174,South Africa,Malawi,1,2002
1961,South Africa,Mauritius,1,2002
2855,South Africa,Mauritius,1,2002
3725,South Africa,Mauritius,1,2002
1006,South Africa,Namibia,1,2002
383,South Africa,Netherlands,-1,2002
1247,South Africa,Saudi Arabia,-1,2002
2276,South Africa,Saudi Arabia,1,2002
2408,South Africa,Sweden,1,2002
2551,South Africa,Tunisia,-1,2002
423,South Africa,Zambia,1,2002
1147,South Africa,Zambia,-1,2002
2013,South Africa,Zimbabwe,-1,2002
3157,South Africa,Zimbabwe,-1,2002
3907,South Africa,Zimbabwe,1,2002
4032,South Korea,Australia,1,2002
1955,South Korea,Belgium,-1,2002
604,South Korea,Brazil,-1,2002
1822,South Korea,Brazil,1,2002
3966,South Korea,Cameroon,-1,2002
643,South Korea,China PR,-1,2002
1192,South Korea,China PR,-1,2002
3367,South Korea,China PR,-1,2002
2579,South Korea,Costa Rica,-1,2002
2020,South Korea,Croatia,-1,2002
4437,South Korea,Croatia,1,2002
4446,South Korea,Croatia,-1,2002
1161,South Korea,Czech Republic,-1,2002
444,South Korea,Egypt,1,2002
2012,South Korea,Egypt,-1,2002
3980,South Korea,France,-1,2002
454,South Korea,Ghana,1,2002
363,South Korea,Hong Kong,1,2002
3383,South Korea,Indonesia,1,2002
1136,South Korea,Jamaica,1,2002
1145,South Korea,Jamaica,-1,2002
818,South Korea,Japan,-1,2002
1083,South Korea,Japan,1,2002
2839,South Korea,Japan,1,2002
658,South Korea,Kazakhstan,1,2002
1648,South Korea,Kuwait,1,2002
3376,South Korea,Kuwait,-1,2002
2733,South Korea,Laos,1,2002
1213,South Korea,Mexico,-1,2002
2005,South Korea,Mexico,-1,2002
3991,South Korea,Mexico,1,2002
2740,South Korea,Mongolia,1,2002
2764,South Korea,Myanmar,1,2002
34,South Korea,New Zealand,1,2002
4339,South Korea,Nigeria,-1,2002
4346,South Korea,Nigeria,1,2002
2978,South Korea,North Macedonia,1,2002
23,South Korea,Norway,1,2002
3529,South Korea,Norway,-1,2002
3536,South Korea,Paraguay,-1,2002
3395,South Korea,Saudi Arabia,-1,2002
4428,South Korea,Senegal,-1,2002
466,South Korea,Serbia,-1,2002
2920,South Korea,Serbia,-1,2002
2926,South Korea,Serbia,-1,2002
639,South Korea,Tajikistan,1,2002
374,South Korea,Thailand,-1,2002
1612,South Korea,Turkmenistan,-1,2002
733,South Korea,United Arab Emirates,1,2002
4476,South Korea,United States,1,2002
697,South Korea,Uzbekistan,1,2002
2389,Spain,Argentina,-1,2002
1815,Spain,Austria,1,2002
4296,Spain,Austria,1,2002
4016,Spain,Bosnia and Herzegovina,1,2002
2376,Spain,Brazil,-1,2002
1248,Spain,Bulgaria,1,2002
1900,Spain,Croatia,1,2002
2267,Spain,Cyprus,1,2002
424,Spain,Czech Republic,1,2002
775,Spain,Faroe Islands,1,2002
3060,Spain,France,-1,2002
3768,Spain,France,1,2002
2327,Spain,Israel,1,2002
3318,Spain,Israel,1,2002
2706,Spain,Italy,1,2002
3875,Spain,Japan,1,2002
3726,Spain,Liechtenstein,1,2002
69,Spain,Malta,1,2002
4462,Spain,Mexico,1,2002
3446,Spain,Netherlands,-1,2002
1216,Spain,Nigeria,-1,2002
1189,Spain,Northern Ireland,1,2002
3005,Spain,Norway,-1,2002
1230,Spain,Paraguay,-1,2002
2479,Spain,Poland,1,2002
852,Spain,Romania,-1,2002
1465,Spain,Russia,1,2002
1962,Spain,San Marino,1,2002
1075,Spain,Sweden,1,2002
2405,Sri Lanka,Bangladesh,-1,2002
3769,Sri Lanka,Cambodia,1,2002
2409,Sri Lanka,India,-1,2002
3976,Sri Lanka,Lebanon,-1,2002
694,Sri Lanka,Maldives,-1,2002
1576,Sri Lanka,Maldives,-1,2002
1868,Sri Lanka,Maldives,-1,2002
2278,Sri Lanka,Maldives,-1,2002
1871,Sri Lanka,Nepal,-1,2002
665,Sri Lanka,Pakistan,1,2002
3983,Sri Lanka,Pakistan,1,2002
2400,Sri Lanka,Uzbekistan,-1,2002
3338,Sudan,Egypt,-1,2002
3092,Sudan,Eritrea,1,2002
3624,Sudan,Ghana,1,2002
3741,Sudan,Ivory Coast,-1,2002
3032,Sudan,Liberia,1,2002
4093,Sudan,Libya,1,2002
2769,Sudan,Mozambique,1,2002
4127,Sudan,Nigeria,-1,2002
4217,Sudan,Sierra Leone,1,2002
1552,Sudan,Syria,-1,2002
2142,Sudan,Zanzibar,-1,2002
3779,Suriname,Aruba,1,2002
3786,Suriname,Barbados,-1,2002
2794,Suriname,Cuba,-1,2002
1035,Suriname,Curaçao,-1,2002
1040,Suriname,French Guiana,-1,2002
3801,Suriname,Grenada,1,2002
1737,Suriname,Guyana,1,2002
3953,Suriname,Saint Kitts and Nevis,-1,2002
2669,Suriname,Saint Lucia,1,2002
2209,Sweden,Austria,-1,2002
4392,Sweden,Azerbaijan,1,2002
2240,Sweden,Bulgaria,1,2002
1167,Sweden,Denmark,1,2002
1420,Sweden,England,1,2002
776,Sweden,Estonia,1,2002
3557,Sweden,Faroe Islands,-1,2002
3558,Sweden,Finland,-1,2002
1119,Sweden,France,-1,2002
1180,Sweden,Italy,1,2002
1919,Sweden,Jamaica,1,2002
695,Sweden,Latvia,1,2002
596,Sweden,Lithuania,1,2002
1816,Sweden,Luxembourg,1,2002
4060,Sweden,Moldova,1,2002
3727,Sweden,North Macedonia,1,2002
353,Sweden,Poland,-1,2002
2319,Sweden,Poland,1,2002
3592,Sweden,Qatar,-1,2002
1373,Sweden,Russia,1,2002
317,Sweden,Scotland,1,2002
4017,Sweden,Slovakia,1,2002
4261,Sweden,South Africa,1,2002
2952,Sweden,Spain,-1,2002
3012,Sweden,Turkey,-1,2002
3319,Sweden,Turkey,-1,2002
1774,Switzerland,Austria,-1,2002
777,Switzerland,Azerbaijan,1,2002
2268,Switzerland,Belarus,1,2002
1541,Switzerland,Denmark,-1,2002
1076,Switzerland,England,-1,2002
3320,Switzerland,Faroe Islands,1,2002
666,Switzerland,Finland,-1,2002
3200,Switzerland,Greece,-1,2002
318,Switzerland,Hungary,1,2002
2000,Switzerland,Italy,-1,2002
215,Switzerland,Latvia,1,2002
3770,Switzerland,Luxembourg,1,2002
2707,Switzerland,Norway,-1,2002
3653,Switzerland,Poland,-1,2002
3238,Switzerland,Russia,-1,2002
1203,Switzerland,Serbia,-1,2002
4297,Switzerland,Serbia,-1,2002
4061,Switzerland,Slovenia,-1,2002
3876,Switzerland,Sweden,-1,2002
1843,Switzerland,Wales,1,2002
2714,Syria,Bahrain,1,2002
3164,Syria,Bahrain,1,2002
392,Syria,Iran,-1,2002
2724,Syria,Iran,-1,2002
1292,Syria,Jordan,1,2002
2641,Syria,Jordan,-1,2002
3170,Syria,Jordan,1,2002
3918,Syria,Laos,1,2002
3925,Syria,Laos,1,2002
319,Syria,Libya,-1,2002
384,Syria,Maldives,1,2002
2730,Syria,Maldives,1,2002
2771,Syria,Maldives,1,2002
2535,Syria,North Korea,1,2002
2560,Syria,North Korea,-1,2002
1448,Syria,Oman,1,2002
1453,Syria,Oman,-1,2002
3944,Syria,Oman,-1,2002
2902,Syria,Palestine,1,2002
3895,Syria,Philippines,1,2002
3900,Syria,Philippines,1,2002
2381,São Tomé and Príncipe,Equatorial Guinea,1,2002
3078,São Tomé and Príncipe,Gabon,-1,2002
2751,São Tomé and Príncipe,Sierra Leone,1,2002
1332,São Tomé and Príncipe,Togo,-1,2002
1436,Tahiti,American Samoa,1,2002
1495,Tahiti,Fiji,-1,2002
3036,Tahiti,New Zealand,-1,2002
1421,Tahiti,Samoa,1,2002
485,Tahiti,Solomon Islands,-1,2002
4079,Tahiti,Solomon Islands,1,2002
1402,Tahiti,Tonga,1,2002
1482,Tahiti,Vanuatu,1,2002
3047,Tahiti,Vanuatu,-1,2002
171,Taiwan,Bangladesh,-1,2002
3881,Taiwan,Jordan,-1,2002
145,Taiwan,Saudi Arabia,-1,2002
3888,Taiwan,Turkmenistan,-1,2002
3909,Taiwan,Uzbekistan,-1,2002
335,Tajikistan,China PR,-1,2002
3468,Tajikistan,Guam,1,2002
1641,Tajikistan,Iran,-1,2002
2161,Tajikistan,Iraq,-1,2002
2169,Tajikistan,Kyrgyzstan,1,2002
1609,Tajikistan,Maldives,1,2002
1650,Tajikistan,Oman,-1,2002
2177,Tajikistan,Oman,1,2002
501,Tajikistan,Turkmenistan,1,2002
326,Tajikistan,Vietnam,1,2002
735,Tanzania,Algeria,-1,2002
183,Tanzania,Burkina Faso,1,2002
1349,Tanzania,Burundi,-1,2002
45,Tanzania,DR Congo,-1,2002
4409,Tanzania,DR Congo,-1,2002
2129,Tanzania,Djibouti,1,2002
4485,Tanzania,Djibouti,1,2002
2753,Tanzania,Ghana,-1,2002
727,Tanzania,Kenya,-1,2002
4413,Tanzania,Kenya,1,2002
106,Tanzania,Liberia,-1,2002
2680,Tanzania,Malawi,-1,2002
2684,Tanzania,Malawi,1,2002
3080,Tanzania,Mauritius,-1,2002
369,Tanzania,Namibia,-1,2002
502,Tanzania,Togo,1,2002
543,Tanzania,Zambia,-1,2002
722,Tanzania,Zambia,-1,2002
4401,Thailand,Bahrain,-1,2002
2614,Thailand,Brazil,-1,2002
786,Thailand,Cambodia,1,2002
1262,Thailand,China PR,-1,2002
1661,Thailand,China PR,-1,2002
3593,Thailand,China PR,-1,2002
930,Thailand,Egypt,-1,2002
2619,Thailand,Estonia,1,2002
2594,Thailand,Finland,-1,2002
2623,Thailand,Finland,1,2002
134,Thailand,Hong Kong,1,2002
1615,Thailand,Hong Kong,1,2002
1393,Thailand,Indonesia,1,2002
3415,Thailand,Indonesia,1,2002
3453,Thailand,Indonesia,1,2002
4298,Thailand,Iran,-1,2002
4349,Thailand,Iraq,-1,2002
57,Thailand,Japan,-1,2002
144,Thailand,Japan,1,2002
1636,Thailand,Kazakhstan,-1,2002
256,Thailand,Kuwait,1,2002
1660,Thailand,Kuwait,-1,2002
3528,Thailand,Kuwait,1,2002
3554,Thailand,Kyrgyzstan,1,2002
1644,Thailand,Lebanon,1,2002
3984,Thailand,Lebanon,-1,2002
2754,Thailand,Malaysia,1,2002
3451,Thailand,Malaysia,1,2002
739,Thailand,Myanmar,1,2002
1382,Thailand,Myanmar,-1,2002
2181,Thailand,Myanmar,1,2002
3409,Thailand,Myanmar,1,2002
1603,Thailand,Nepal,1,2002
2014,Thailand,New Zealand,-1,2002
1738,Thailand,North Korea,-1,2002
2681,Thailand,North Korea,-1,2002
2731,Thailand,North Korea,1,2002
352,Thailand,Northern Ireland,-1,2002
1623,Thailand,Oman,1,2002
4355,Thailand,Oman,1,2002
3933,Thailand,Pakistan,1,2002
3977,Thailand,Pakistan,1,2002
1386,Thailand,Philippines,1,2002
2145,Thailand,Philippines,1,2002
3419,Thailand,Philippines,1,2002
1652,Thailand,Qatar,-1,2002
2987,Thailand,Qatar,-1,2002
3589,Thailand,Qatar,-1,2002
3601,Thailand,Qatar,1,2002
4344,Thailand,Saudi Arabia,-1,2002
2184,Thailand,Singapore,1,2002
128,Thailand,South Korea,-1,2002
940,Thailand,South Korea,-1,2002
1655,Thailand,South Korea,1,2002
3930,Thailand,Sri Lanka,1,2002
3971,Thailand,Sri Lanka,1,2002
62,Thailand,Sweden,-1,2002
79,Thailand,Sweden,-1,2002
3581,Thailand,Sweden,-1,2002
2686,Thailand,Taiwan,1,2002
2737,Thailand,Taiwan,1,2002
1599,Thailand,Turkmenistan,-1,2002
1350,Thailand,Uzbekistan,1,2002
2124,Thailand,Uzbekistan,1,2002
2889,Thailand,Uzbekistan,1,2002
3263,Thailand,Uzbekistan,1,2002
792,Thailand,Vietnam,1,2002
2188,Thailand,Vietnam,1,2002
614,Togo,Angola,-1,2002
3681,Togo,Angola,-1,2002
1433,Togo,Benin,-1,2002
385,Togo,Burkina Faso,-1,2002
3490,Togo,Burkina Faso,-1,2002
4498,Togo,Burkina Faso,1,2002
3550,Togo,Cameroon,-1,2002
107,Togo,DR Congo,-1,2002
2460,Togo,Egypt,1,2002
4,Togo,Ghana,1,2002
1496,Togo,Guinea,1,2002
2823,Togo,Guinea-Bissau,1,2002
569,Togo,Liberia,1,2002
4181,Togo,Libya,1,2002
941,Togo,Mali,1,2002
950,Togo,Mali,-1,2002
1460,Togo,Mali,-1,2002
1755,Togo,Morocco,-1,2002
917,Togo,Mozambique,-1,2002
4094,Togo,Senegal,1,2002
3264,Togo,Sierra Leone,1,2002
1362,Togo,São Tomé and Príncipe,1,2002
3339,Togo,Uganda,1,2002
3915,Togo,Zambia,1,2002
425,Togo,Zimbabwe,1,2002
1400,Tonga,American Samoa,1,2002
2981,Tonga,Cook Islands,-1,2002
3826,Tonga,Fiji,-1,2002
76,Tonga,Solomon Islands,-1,2002
1297,Trinidad and Tobago,Antigua and Barbuda,1,2002
224,Trinidad and Tobago,Barbados,-1,2002
3934,Trinidad and Tobago,Barbados,1,2002
2446,Trinidad and Tobago,Canada,-1,2002
2617,Trinidad and Tobago,Canada,-1,2002
3265,Trinidad and Tobago,Canada,1,2002
2269,Trinidad and Tobago,Colombia,1,2002
4299,Trinidad and Tobago,Costa Rica,-1,2002
2008,Trinidad and Tobago,Cuba,1,2002
3096,Trinidad and Tobago,Cuba,1,2002
3957,Trinidad and Tobago,Cuba,1,2002
2629,Trinidad and Tobago,Curaçao,1,2002
1313,Trinidad and Tobago,Dominica,1,2002
2725,Trinidad and Tobago,Dominican Republic,1,2002
240,Trinidad and Tobago,Grenada,-1,2002
1963,Trinidad and Tobago,Grenada,1,2002
3923,Trinidad and Tobago,Grenada,1,2002
1980,Trinidad and Tobago,Guadeloupe,1,2002
2569,Trinidad and Tobago,Guatemala,1,2002
3728,Trinidad and Tobago,Guatemala,1,2002
216,Trinidad and Tobago,Guyana,1,2002
1315,Trinidad and Tobago,Haiti,1,2002
2004,Trinidad and Tobago,Haiti,1,2002
2875,Trinidad and Tobago,Haiti,1,2002
3968,Trinidad and Tobago,Haiti,1,2002
4086,Trinidad and Tobago,Honduras,-1,2002
322,Trinidad and Tobago,Jamaica,-1,2002
557,Trinidad and Tobago,Jamaica,-1,2002
913,Trinidad and Tobago,Jamaica,-1,2002
1320,Trinidad and Tobago,Jamaica,-1,2002
1823,Trinidad and Tobago,Jamaica,1,2002
1934,Trinidad and Tobago,Jamaica,1,2002
3102,Trinidad and Tobago,Jamaica,-1,2002
3940,Trinidad and Tobago,Jamaica,1,2002
4118,Trinidad and Tobago,Jamaica,-1,2002
1304,Trinidad and Tobago,Martinique,1,2002
3948,Trinidad and Tobago,Martinique,-1,2002
956,Trinidad and Tobago,Mexico,-1,2002
3146,Trinidad and Tobago,Mexico,1,2002
3877,Trinidad and Tobago,Mexico,-1,2002
3201,Trinidad and Tobago,Panama,1,2002
3447,Trinidad and Tobago,Panama,1,2002
570,Trinidad and Tobago,Saint Kitts and Nevis,1,2002
1902,Trinidad and Tobago,South Africa,1,2002
4445,Trinidad and Tobago,United States,-1,2002
1,Tunisia,Algeria,-1,2002
370,Tunisia,Algeria,-1,2002
1977,Tunisia,Algeria,1,2002
3064,Tunisia,Algeria,-1,2002
823,Tunisia,Bosnia and Herzegovina,1,2002
2512,Tunisia,Congo,1,2002
4128,Tunisia,Congo,1,2002
996,Tunisia,DR Congo,1,2002
3625,Tunisia,DR Congo,1,2002
17,Tunisia,Egypt,1,2002
3321,Tunisia,Gabon,1,2002
1123,Tunisia,Georgia,-1,2002
2434,Tunisia,Ghana,1,2002
571,Tunisia,Guinea,1,2002
945,Tunisia,Guinea,1,2002
3954,Tunisia,Ivory Coast,-1,2002
4095,Tunisia,Kenya,1,2002
1572,Tunisia,Latvia,1,2002
291,Tunisia,Liberia,1,2002
1497,Tunisia,Liberia,1,2002
4513,Tunisia,Liberia,1,2002
3103,Tunisia,Madagascar,1,2002
544,Tunisia,Mali,1,2002
2807,Tunisia,Mauritania,1,2002
2491,Tunisia,Morocco,-1,2002
3504,Tunisia,Morocco,-1,2002
615,Tunisia,Namibia,1,2002
602,Tunisia,Nigeria,1,2002
2996,Tunisia,Senegal,1,2002
937,Tunisia,Serbia,-1,2002
1726,Tunisia,Sweden,-1,2002
3448,Tunisia,Switzerland,-1,2002
1007,Tunisia,Togo,1,2002
2445,Tunisia,Togo,1,2002
4470,Tunisia,Togo,1,2002
2334,Tunisia,United Arab Emirates,1,2002
1204,Tunisia,Wales,1,2002
598,Tunisia,Zambia,1,2002
2345,Tunisia,Zambia,1,2002
2348,Tunisia,Zambia,-1,2002
1567,Tunisia,Zimbabwe,-1,2002
926,Turkey,Albania,-1,2002
3878,Turkey,Albania,-1,2002
4463,Turkey,Austria,1,2002
4018,Turkey,Azerbaijan,1,2002
320,Turkey,Belgium,-1,2002
70,Turkey,Finland,-1,2002
1542,Turkey,Finland,-1,2002
3449,Turkey,France,-1,2002
1519,Turkey,Germany,1,2002
2997,Turkey,Italy,-1,2002
1817,Turkey,Moldova,1,2002
3239,Turkey,Moldova,1,2002
217,Turkey,Netherlands,1,2002
4062,Turkey,North Macedonia,-1,2002
1422,Turkey,Northern Ireland,1,2002
2615,Turkey,Norway,-1,2002
3052,Turkey,Portugal,-1,2002
2390,Turkey,Republic of Ireland,-1,2002
3729,Turkey,Slovakia,-1,2002
4332,Turkey,Sweden,-1,2002
634,Turkey,Wales,1,2002
274,Turkmenistan,Azerbaijan,1,2002
327,Turkmenistan,China PR,-1,2002
1656,Turkmenistan,China PR,-1,2002
2350,Turkmenistan,Estonia,-1,2002
1629,Turkmenistan,India,1,2002
3843,Turkmenistan,Jordan,1,2002
2564,Turkmenistan,Nepal,1,2002
3919,Turkmenistan,Taiwan,1,2002
357,Turkmenistan,Tajikistan,-1,2002
3897,Turkmenistan,Uzbekistan,-1,2002
336,Turkmenistan,Vietnam,1,2002
1605,Turkmenistan,Vietnam,1,2002
3458,Uganda,Burundi,1,2002
4487,Uganda,Burundi,-1,2002
3470,Uganda,Djibouti,1,2002
4477,Uganda,Djibouti,1,2002
3454,Uganda,Ethiopia,-1,2002
2755,Uganda,Guinea,-1,2002
1288,Uganda,Kenya,-1,2002
2795,Uganda,Kenya,-1,2002
1964,Uganda,Liberia,1,2002
2480,Uganda,Libya,1,2002
3081,Uganda,Malawi,1,2002
1323,Uganda,Rwanda,1,2002
3053,Uganda,Rwanda,1,2002
3472,Uganda,Rwanda,1,2002
3505,Uganda,Senegal,-1,2002
3464,Uganda,Somalia,1,2002
1282,Uganda,Tanzania,1,2002
4480,Uganda,Tanzania,-1,2002
4019,Uganda,Togo,-1,2002
1850,Uganda,Tunisia,-1,2002
1918,Uganda,Zambia,-1,2002
2036,Uganda,Zambia,-1,2002
635,Ukraine,Albania,1,2002
1965,Ukraine,Andorra,1,2002
329,Ukraine,Armenia,-1,2002
1543,Ukraine,Armenia,1,2002
4333,Ukraine,Armenia,1,2002
3730,Ukraine,Belarus,-1,2002
2210,Ukraine,Bulgaria,-1,2002
842,Ukraine,Croatia,-1,2002
2241,Ukraine,France,-1,2002
1374,Ukraine,Georgia,1,2002
400,Ukraine,Germany,-1,2002
4440,Ukraine,Germany,-1,2002
1844,Ukraine,Iceland,-1,2002
218,Ukraine,Northern Ireland,1,2002
4020,Ukraine,Norway,-1,2002
1286,Ukraine,Poland,-1,2002
3240,Ukraine,Poland,-1,2002
1423,Ukraine,Russia,1,2002
2391,Ukraine,Slovenia,-1,2002
4063,Ukraine,Wales,-1,2002
268,United Arab Emirates,Bahrain,1,2002
2401,United Arab Emirates,Bangladesh,1,2002
3901,United Arab Emirates,Brunei,1,2002
4351,United Arab Emirates,China PR,-1,2002
887,United Arab Emirates,Czech Republic,-1,2002
2347,United Arab Emirates,Estonia,-1,2002
3420,United Arab Emirates,Hong Kong,-1,2002
2398,United Arab Emirates,India,1,2002
3885,United Arab Emirates,India,1,2002
647,United Arab Emirates,Iran,1,2002
4415,United Arab Emirates,Iran,-1,2002
2351,United Arab Emirates,Iraq,-1,2002
4222,United Arab Emirates,Iraq,-1,2002
708,United Arab Emirates,Japan,-1,2002
278,United Arab Emirates,Jordan,1,2002
698,United Arab Emirates,Kazakhstan,1,2002
1575,United Arab Emirates,Kuwait,-1,2002
1632,United Arab Emirates,Kuwait,-1,2002
3322,United Arab Emirates,Kuwait,1,2002
155,United Arab Emirates,Lebanon,1,2002
1553,United Arab Emirates,Lebanon,1,2002
1456,United Arab Emirates,Libya,1,2002
3594,United Arab Emirates,Morocco,-1,2002
1614,United Arab Emirates,North Korea,-1,2002
184,United Arab Emirates,Norway,-1,2002
1561,United Arab Emirates,Oman,1,2002
4403,United Arab Emirates,Oman,-1,2002
4276,United Arab Emirates,Qatar,-1,2002
4231,United Arab Emirates,Saudi Arabia,-1,2002
2587,United Arab Emirates,Slovenia,-1,2002
883,United Arab Emirates,South Africa,1,2002
831,United Arab Emirates,South Korea,-1,2002
1639,United Arab Emirates,South Korea,-1,2002
3290,United Arab Emirates,South Korea,-1,2002
3584,United Arab Emirates,South Korea,-1,2002
2415,United Arab Emirates,Sri Lanka,1,2002
1474,United Arab Emirates,Sudan,1,2002
1547,United Arab Emirates,Sudan,1,2002
2616,United Arab Emirates,Switzerland,1,2002
1550,United Arab Emirates,Syria,1,2002
2344,United Arab Emirates,Turkmenistan,1,2002
879,United Arab Emirates,Uruguay,-1,2002
822,United Arab Emirates,Uzbekistan,-1,2002
2410,United Arab Emirates,Uzbekistan,-1,2002
4266,United Arab Emirates,Uzbekistan,1,2002
3945,United Arab Emirates,Yemen,1,2002
2009,United States,Argentina,1,2002
1566,United States,Australia,-1,2002
3202,United States,Barbados,1,2002
987,United States,Brazil,1,2002
3657,United States,Brazil,-1,2002
149,United States,Canada,1,2002
1736,United States,Chile,1,2002
3540,United States,China PR,1,2002
2588,United States,Colombia,-1,2002
3563,United States,Colombia,-1,2002
672,United States,Costa Rica,1,2002
969,United States,Costa Rica,1,2002
3364,United States,Costa Rica,-1,2002
3879,United States,Costa Rica,1,2002
951,United States,Cuba,1,2002
599,United States,Ecuador,-1,2002
4066,United States,Ecuador,-1,2002
850,United States,El Salvador,1,2002
23197,United States,FR Yugoslavia,-1,2002
1706,United States,Germany,1,2002
2144,United States,Germany,1,2002
1776,United States,Guatemala,1,2002
3267,United States,Guatemala,1,2002
2552,United States,Haiti,1,2002
4300,United States,Honduras,-1,2002
1236,United States,Iran,-1,2002
2456,United States,Iran,-1,2002
470,United States,Israel,1,2002
731,United States,Jamaica,-1,2002
4394,United States,Jamaica,1,2002
1155,United States,Kuwait,1,2002
26,United States,Mexico,-1,2002
265,United States,Mexico,-1,2002
1003,United States,Mexico,-1,2002
1780,United States,Mexico,-1,2002
2998,United States,Mexico,1,2002
3393,United States,Mexico,1,2002
3654,United States,Mexico,1,2002
1016,United States,Netherlands,-1,2002
1137,United States,North Macedonia,-1,2002
386,United States,Paraguay,-1,2002
1050,United States,Paraguay,-1,2002
21,United States,Peru,-1,2002
2577,United States,Peru,1,2002
2975,United States,Republic of Ireland,-1,2002
2162,United States,Saudi Arabia,1,2002
1174,United States,Scotland,-1,2002
1253,United States,Serbia,-1,2002
2954,United States,South Africa,1,2002
928,United States,Sweden,1,2002
4099,United States,Trinidad and Tobago,1,2002
2649,United States,Tunisia,-1,2002
1062,United States Virgin Islands,British Virgin Islands,1,2002
2487,United States Virgin Islands,Saint Lucia,-1,2002
2494,United States Virgin Islands,Saint Lucia,-1,2002
2670,United States Virgin Islands,Saint Vincent and the Grenadines,-1,2002
1743,United States Virgin Islands,Turks and Caicos Islands,-1,2002
18,Uruguay,Argentina,-1,2002
2099,Uruguay,Argentina,-1,2002
4464,Uruguay,Argentina,-1,2002
894,Uruguay,Australia,-1,2002
4469,Uruguay,Australia,1,2002
2708,Uruguay,Bolivia,1,2002
4129,Uruguay,Brazil,1,2002
636,Uruguay,Chile,1,2002
2109,Uruguay,Chile,-1,2002
2953,Uruguay,Chile,1,2002
426,Uruguay,Colombia,-1,2002
2070,Uruguay,Colombia,-1,2002
4393,Uruguay,Colombia,-1,2002
2211,Uruguay,Costa Rica,1,2002
4184,Uruguay,Costa Rica,-1,2002
4198,Uruguay,Costa Rica,1,2002
849,Uruguay,Ecuador,1,2002
2092,Uruguay,Ecuador,1,2002
2330,Uruguay,Ecuador,-1,2002
3266,Uruguay,Ecuador,1,2002
4209,Uruguay,Honduras,-1,2002
2392,Uruguay,Paraguay,-1,2002
3771,Uruguay,Paraguay,-1,2002
3151,Uruguay,Peru,-1,2002
888,Uruguay,South Africa,1,2002
219,Uruguay,Venezuela,1,2002
462,Uruguay,Venezuela,1,2002
2270,Uruguay,Venezuela,1,2002
3136,Uruguay,Venezuela,1,2002
2212,Uzbekistan,Azerbaijan,1,2002
3497,Uzbekistan,Bahrain,1,2002
358,Uzbekistan,Cambodia,1,2002
4404,Uzbekistan,China PR,1,2002
478,Uzbekistan,Indonesia,1,2002
1654,Uzbekistan,Iran,-1,2002
778,Uzbekistan,Japan,-1,2002
3886,Uzbekistan,Jordan,-1,2002
808,Uzbekistan,Kazakhstan,1,2002
1619,Uzbekistan,Kuwait,-1,2002
2106,Uzbekistan,Malaysia,1,2002
2626,Uzbekistan,Mongolia,1,2002
4338,Uzbekistan,Oman,1,2002
4273,Uzbekistan,Qatar,1,2002
798,Uzbekistan,South Korea,-1,2002
3844,Uzbekistan,Taiwan,1,2002
1646,Uzbekistan,Turkmenistan,-1,2002
3340,Uzbekistan,Turkmenistan,1,2002
3880,Uzbekistan,Turkmenistan,1,2002
723,Uzbekistan,United Arab Emirates,-1,2002
4350,Uzbekistan,United Arab Emirates,-1,2002
642,Uzbekistan,Yemen,1,2002
1437,Vanuatu,Fiji,-1,2002
1449,Vanuatu,New Caledonia,1,2002
2783,Vanuatu,New Caledonia,1,2002
1441,Vanuatu,Papua New Guinea,-1,2002
1444,Vanuatu,Solomon Islands,1,2002
3065,Vanuatu,Solomon Islands,-1,2002
4068,Vanuatu,Solomon Islands,-1,2002
4040,Vanuatu,Tahiti,-1,2002
1701,Venezuela,Argentina,-1,2002
2852,Venezuela,Argentina,-1,2002
427,Venezuela,Bolivia,-1,2002
2655,Venezuela,Bolivia,-1,2002
3066,Venezuela,Bolivia,1,2002
3341,Venezuela,Brazil,-1,2002
3148,Venezuela,Chile,-1,2002
1825,Venezuela,Colombia,-1,2002
1860,Venezuela,Colombia,-1,2002
3852,Venezuela,Colombia,-1,2002
551,Venezuela,Ecuador,-1,2002
2010,Venezuela,Ecuador,1,2002
3450,Venezuela,Ecuador,-1,2002
2932,Venezuela,Panama,1,2002
19,Venezuela,Paraguay,-1,2002
4429,Venezuela,Paraguay,1,2002
637,Venezuela,Peru,-1,2002
2033,Venezuela,Peru,1,2002
4382,Venezuela,Peru,1,2002
4237,Venezuela,Uruguay,1,2002
3573,Vietnam,Bangladesh,-1,2002
359,Vietnam,China PR,-1,2002
2492,Vietnam,China PR,-1,2002
2470,Vietnam,Guam,1,2002
3452,Vietnam,Indonesia,-1,2002
785,Vietnam,Laos,1,2002
1380,Vietnam,Laos,1,2002
2146,Vietnam,Laos,1,2002
737,Vietnam,Malaysia,-1,2002
1390,Vietnam,Malaysia,1,2002
3407,Vietnam,Malaysia,-1,2002
3455,Vietnam,Malaysia,-1,2002
3602,Vietnam,Mongolia,1,2002
788,Vietnam,Philippines,1,2002
2481,Vietnam,Philippines,1,2002
799,Vietnam,Singapore,1,2002
1384,Vietnam,Singapore,-1,2002
1424,Vietnam,Singapore,-1,2002
1695,Vietnam,Singapore,1,2002
3417,Vietnam,Singapore,1,2002
1621,Vietnam,South Korea,-1,2002
3208,Vietnam,Sri Lanka,-1,2002
376,Vietnam,Tajikistan,-1,2002
1403,Vietnam,Thailand,1,2002
2171,Vietnam,Thailand,-1,2002
428,Vietnam,Turkmenistan,-1,2002
117,Vietnam,Zimbabwe,-1,2002
4301,Wales,Armenia,-1,2002
1544,Wales,Belarus,1,2002
4383,Wales,Belarus,1,2002
185,Wales,Belgium,-1,2002
2899,Wales,Brazil,-1,2002
2001,Wales,Denmark,-1,2002
2709,Wales,Finland,-1,2002
1425,Wales,Italy,-1,2002
1077,Wales,Jamaica,-1,2002
3323,Wales,Norway,-1,2002
4021,Wales,Poland,-1,2002
63,Wales,Republic of Ireland,-1,2002
2320,Wales,Switzerland,-1,2002
3772,Wales,Ukraine,-1,2002
2583,Yemen,Bhutan,1,2002
3887,Yemen,Brunei,1,2002
343,Yemen,Cambodia,1,2002
3902,Yemen,India,-1,2002
451,Yemen,Indonesia,-1,2002
2553,Yemen,Turkmenistan,-1,2002
3926,Yemen,United Arab Emirates,1,2002
332,Yemen,Uzbekistan,-1,2002
521,Ynys Môn,Hitra,1,2002
2086,Ynys Môn,Isle of Man,1,2002
534,Ynys Môn,Isle of Wight,-1,2002
4159,Ynys Môn,Jersey,-1,2002
2047,Ynys Môn,Rhodes,-1,2002
4137,Ynys Môn,Saare County,1,2002
525,Ynys Môn,Shetland,1,2002
4146,Ynys Môn,Shetland,-1,2002
2186,Zambia,Angola,-1,2002
3833,Zambia,Angola,-1,2002
4267,Zambia,Angola,-1,2002
2682,Zambia,Botswana,1,2002
2808,Zambia,Botswana,1,2002
2493,Zambia,Burkina Faso,-1,2002
377,Zambia,Cameroon,1,2002
4175,Zambia,Cameroon,-1,2002
292,Zambia,Congo,1,2002
610,Zambia,DR Congo,1,2002
1498,Zambia,DR Congo,-1,2002
998,Zambia,Egypt,-1,2002
3120,Zambia,Ethiopia,1,2002
1851,Zambia,Kenya,1,2002
2717,Zambia,Kenya,1,2002
2627,Zambia,Lesotho,1,2002
3674,Zambia,Libya,1,2002
1978,Zambia,Madagascar,-1,2002
3241,Zambia,Madagascar,-1,2002
259,Zambia,Malawi,1,2002
559,Zambia,Malawi,1,2002
2650,Zambia,Malawi,-1,2002
2652,Zambia,Malawi,-1,2002
589,Zambia,Mauritius,1,2002
983,Zambia,Morocco,-1,2002
590,Zambia,Mozambique,1,2002
1009,Zambia,Mozambique,1,2002
1138,Zambia,Mozambique,1,2002
2178,Zambia,Mozambique,-1,2002
1337,Zambia,Namibia,-1,2002
4022,Zambia,Namibia,-1,2002
889,Zambia,Nigeria,-1,2002
3731,Zambia,Nigeria,-1,2002
3402,Zambia,Rwanda,-1,2002
2271,Zambia,Saudi Arabia,-1,2002
2275,Zambia,Saudi Arabia,-1,2002
2502,Zambia,Senegal,-1,2002
8,Zambia,South Africa,-1,2002
3104,Zambia,Togo,1,2002
3276,Zanzibar,Tanzania,-1,2002
108,Zimbabwe,Angola,1,2002
293,Zimbabwe,Angola,-1,2002
4356,Zimbabwe,Angola,-1,2002
4182,Zimbabwe,Burkina Faso,1,2002
616,Zimbabwe,Cameroon,-1,2002
2824,Zimbabwe,Central African Republic,1,2002
3268,Zimbabwe,DR Congo,1,2002
2058,Zimbabwe,Egypt,-1,2002
2190,Zimbabwe,Eritrea,1,2002
4136,Zimbabwe,Eswatini,1,2002
46,Zimbabwe,Ghana,-1,2002
4036,Zimbabwe,Ghana,-1,2002
2640,Zimbabwe,Lesotho,1,2002
3210,Zimbabwe,Lesotho,1,2002
3511,Zimbabwe,Lesotho,-1,2002
2411,Zimbabwe,Libya,1,2002
1683,Zimbabwe,Malawi,1,2002
1692,Zimbabwe,Malawi,1,2002
3682,Zimbabwe,Malawi,1,2002
1098,Zimbabwe,Namibia,1,2002
2888,Zimbabwe,Namibia,1,2002
3133,Zimbabwe,Seychelles,1,2002
3111,Zimbabwe,South Africa,-1,2002
20,Zimbabwe,Togo,1,2002
1475,Zimbabwe,Zambia,-1,2002
1735,Zimbabwe,Zambia,-1,2002
2049,Åland Islands,Gibraltar,1,2002
5287,Afghanistan,India,-1,2006
5292,Afghanistan,Pakistan,-1,2006
6170,Afghanistan,Turkmenistan,-1,2006
4688,Albania,Azerbaijan,1,2006
7765,Albania,Azerbaijan,1,2006
7020,Albania,Denmark,-1,2006
6096,Albania,Estonia,1,2006
4523,Albania,Finland,-1,2006
5918,Albania,Georgia,1,2006
7568,Albania,Georgia,1,2006
6914,Albania,Greece,1,2006
6413,Albania,Iceland,1,2006
7812,Albania,Kazakhstan,1,2006
4518,Albania,North Macedonia,-1,2006
5498,Albania,Republic of Ireland,-1,2006
5445,Albania,Russia,1,2006
6321,Albania,Sweden,1,2006
5067,Albania,Switzerland,-1,2006
7949,Albania,Turkey,-1,2006
7352,Albania,Ukraine,-1,2006
5320,Albania,Vietnam,1,2006
5748,Alderney,Greenland,-1,2006
5417,Alderney,Guernsey,-1,2006
7430,Alderney,Guernsey,-1,2006
4663,Alderney,Jersey,-1,2006
6381,Alderney,Jersey,-1,2006
6624,Algeria,Angola,-1,2006
5321,Algeria,Belgium,-1,2006
4541,Algeria,Benin,1,2006
5583,Algeria,Burkina Faso,-1,2006
5960,Algeria,Burkina Faso,-1,2006
6859,Algeria,Burkina Faso,-1,2006
7353,Algeria,Burkina Faso,1,2006
5065,Algeria,Chad,1,2006
6471,Algeria,China PR,-1,2006
4948,Algeria,DR Congo,-1,2006
6278,Algeria,Egypt,1,2006
5955,Algeria,Gabon,-1,2006
6945,Algeria,Gabon,-1,2006
6580,Algeria,Jordan,-1,2006
5525,Algeria,Madagascar,1,2006
6251,Algeria,Mali,-1,2006
7651,Algeria,Mali,-1,2006
5677,Algeria,Namibia,1,2006
6092,Algeria,Niger,1,2006
4562,Algeria,Nigeria,-1,2006
7848,Algeria,Nigeria,-1,2006
5877,Algeria,Qatar,1,2006
7480,Algeria,Rwanda,1,2006
7148,Algeria,Senegal,-1,2006
5053,Algeria,Uganda,-1,2006
6294,Algeria,Zimbabwe,-1,2006
7673,Algeria,Zimbabwe,-1,2006
4661,American Samoa,New Caledonia,-1,2006
4678,American Samoa,Papua New Guinea,-1,2006
6533,American Samoa,Papua New Guinea,-1,2006
4666,American Samoa,Tonga,-1,2006
6522,American Samoa,Vanuatu,-1,2006
5275,Andalusia,Chile,1,2006
8109,Andalusia,China PR,1,2006
6223,Andalusia,Latvia,1,2006
7308,Andalusia,Malta,-1,2006
4723,Andorra,Albania,1,2006
4838,Andorra,Armenia,-1,2006
7950,Andorra,Armenia,-1,2006
5068,Andorra,Belgium,-1,2006
5919,Andorra,Bulgaria,-1,2006
6465,Andorra,China PR,-1,2006
5883,Andorra,Croatia,-1,2006
7493,Andorra,Czech Republic,-1,2006
5533,Andorra,Estonia,-1,2006
7813,Andorra,Finland,-1,2006
5668,Andorra,Gabon,-1,2006
7149,Andorra,Netherlands,-1,2006
7074,Andorra,North Macedonia,1,2006
6960,Andorra,Romania,-1,2006
5446,Angola,Algeria,-1,2006
7603,Angola,Algeria,1,2006
6812,Angola,Botswana,-1,2006
7754,Angola,Botswana,-1,2006
7766,Angola,Cape Verde,1,2006
6117,Angola,Chad,1,2006
5835,Angola,DR Congo,-1,2006
4981,Angola,Gabon,1,2006
7849,Angola,Gabon,1,2006
5772,Angola,Malawi,1,2006
5910,Angola,Namibia,1,2006
6517,Angola,Namibia,1,2006
5035,Angola,Nigeria,-1,2006
6721,Angola,Nigeria,1,2006
6946,Angola,Rwanda,1,2006
7060,Angola,Zimbabwe,1,2006
7756,Angola,Zimbabwe,-1,2006
5158,Antigua and Barbuda,Curaçao,-1,2006
6322,Antigua and Barbuda,Curaçao,1,2006
4554,Antigua and Barbuda,Dominica,1,2006
8097,Antigua and Barbuda,Hungary,-1,2006
7133,Antigua and Barbuda,Saint Lucia,-1,2006
7315,Antigua and Barbuda,Trinidad and Tobago,1,2006
6097,Argentina,Bolivia,1,2006
6835,Argentina,Brazil,-1,2006
7615,Argentina,Brazil,1,2006
4689,Argentina,Cameroon,-1,2006
5884,Argentina,Chile,-1,2006
6755,Argentina,Colombia,-1,2006
6821,Argentina,Colombia,1,2006
7494,Argentina,Colombia,1,2006
6408,Argentina,Ecuador,1,2006
6782,Argentina,Ecuador,1,2006
4839,Argentina,England,-1,2006
6791,Argentina,Mexico,-1,2006
4821,Argentina,Nigeria,1,2006
6642,Argentina,Paraguay,-1,2006
6759,Argentina,Peru,1,2006
7942,Argentina,Peru,1,2006
7656,Argentina,Tunisia,1,2006
5807,Argentina,Uruguay,-1,2006
5836,Argentina,Uruguay,1,2006
6803,Argentina,Uruguay,1,2006
7021,Argentina,Uruguay,1,2006
7150,Argentina,Venezuela,1,2006
7445,Armenia,Andorra,1,2006
7075,Armenia,Czech Republic,-1,2006
6961,Armenia,Finland,-1,2006
5885,Armenia,Greece,-1,2006
7814,Armenia,Netherlands,-1,2006
7569,Armenia,North Macedonia,-1,2006
5447,Armenia,Northern Ireland,1,2006
7151,Armenia,Romania,-1,2006
5992,Armenia,Spain,-1,2006
6472,Armenia,Turkmenistan,1,2006
5005,Armenia,Ukraine,-1,2006
4925,Aruba,Suriname,-1,2006
6375,Aruba,Suriname,-1,2006
7661,Australia,Argentina,-1,2006
4908,Australia,Fiji,1,2006
6604,Australia,Fiji,1,2006
7490,Australia,Indonesia,1,2006
7446,Australia,Iraq,1,2006
5911,Australia,Jamaica,1,2006
7943,Australia,Jamaica,1,2006
4903,Australia,New Caledonia,1,2006
6570,Australia,New Zealand,1,2006
7644,Australia,New Zealand,1,2006
7145,Australia,Norway,-1,2006
6643,Australia,Solomon Islands,-1,2006
7071,Australia,Solomon Islands,1,2006
7815,Australia,Solomon Islands,1,2006
6409,Australia,South Africa,1,2006
4910,Australia,Tahiti,1,2006
6589,Australia,Tahiti,1,2006
7680,Australia,Tunisia,-1,2006
6545,Australia,Turkey,-1,2006
6552,Australia,Turkey,-1,2006
8020,Australia,Uruguay,1,2006
4892,Australia,Vanuatu,1,2006
6620,Australia,Vanuatu,1,2006
6962,Austria,Azerbaijan,1,2006
5645,Austria,Belarus,1,2006
4724,Austria,Cameroon,-1,2006
5837,Austria,Costa Rica,1,2006
5993,Austria,Czech Republic,-1,2006
6915,Austria,England,-1,2006
6860,Austria,Germany,-1,2006
5429,Austria,Greece,-1,2006
7354,Austria,Latvia,-1,2006
6473,Austria,Luxembourg,1,2006
5006,Austria,Moldova,1,2006
5109,Austria,Netherlands,-1,2006
7951,Austria,Northern Ireland,1,2006
5159,Austria,Norway,-1,2006
7022,Austria,Poland,-1,2006
6554,Austria,Russia,-1,2006
7767,Austria,Scotland,-1,2006
4690,Austria,Slovakia,1,2006
7495,Austria,Wales,1,2006
7860,Azerbaijan,Austria,-1,2006
7152,Azerbaijan,Bulgaria,-1,2006
7076,Azerbaijan,England,-1,2006
5886,Azerbaijan,Finland,-1,2006
5007,Azerbaijan,Italy,-1,2006
7355,Azerbaijan,Moldova,-1,2006
7023,Azerbaijan,Northern Ireland,-1,2006
7570,Azerbaijan,Poland,-1,2006
5646,Azerbaijan,Serbia,1,2006
4950,Azerbaijan,Uzbekistan,1,2006
6565,Azerbaijan,Uzbekistan,1,2006
5160,Azerbaijan,Wales,-1,2006
6916,Azerbaijan,Wales,-1,2006
6401,Bahamas,Dominica,-1,2006
6406,Bahamas,Dominica,-1,2006
6220,Bahamas,Haiti,-1,2006
4529,Bahrain,Albania,1,2006
5230,Bahrain,China PR,-1,2006
6205,Bahrain,Egypt,-1,2006
4515,Bahrain,Finland,-1,2006
7221,Bahrain,Finland,-1,2006
6836,Bahrain,Indonesia,1,2006
7356,Bahrain,Iran,-1,2006
5187,Bahrain,Iraq,-1,2006
6067,Bahrain,Iraq,1,2006
6200,Bahrain,Iraq,-1,2006
7750,Bahrain,Iraq,-1,2006
6850,Bahrain,Japan,-1,2006
7563,Bahrain,Japan,-1,2006
5215,Bahrain,Jordan,-1,2006
6394,Bahrain,Jordan,-1,2006
6399,Bahrain,Jordan,-1,2006
6209,Bahrain,Kenya,1,2006
6902,Bahrain,Kuwait,-1,2006
7300,Bahrain,Kuwait,1,2006
6660,Bahrain,Kyrgyzstan,1,2006
7227,Bahrain,Latvia,-1,2006
5950,Bahrain,Lebanon,1,2006
7340,Bahrain,Lebanon,1,2006
6062,Bahrain,Malaysia,1,2006
6058,Bahrain,Myanmar,1,2006
7768,Bahrain,North Korea,-1,2006
4524,Bahrain,North Macedonia,-1,2006
7330,Bahrain,Norway,-1,2006
4599,Bahrain,Oman,-1,2006
8069,Bahrain,Oman,-1,2006
6909,Bahrain,Palestine,1,2006
7988,Bahrain,Panama,1,2006
6221,Bahrain,Qatar,-1,2006
6824,Bahrain,Qatar,-1,2006
6230,Bahrain,Saudi Arabia,-1,2006
7280,Bahrain,Saudi Arabia,1,2006
5222,Bahrain,Syria,-1,2006
5249,Bahrain,Syria,1,2006
6323,Bahrain,Syria,1,2006
8063,Bahrain,Syria,-1,2006
7153,Bahrain,Tajikistan,1,2006
8021,Bahrain,Trinidad and Tobago,-1,2006
7747,Bahrain,Turkmenistan,1,2006
7952,Bahrain,Uzbekistan,-1,2006
5256,Bahrain,Yemen,1,2006
6228,Bahrain,Yemen,1,2006
7243,Bahrain,Yemen,-1,2006
5294,Bangladesh,Bhutan,1,2006
8073,Bangladesh,Bhutan,1,2006
5297,Bangladesh,India,1,2006
8088,Bangladesh,India,-1,2006
8095,Bangladesh,India,-1,2006
5290,Bangladesh,Maldives,1,2006
5301,Bangladesh,Maldives,-1,2006
5285,Bangladesh,Nepal,1,2006
8080,Bangladesh,Nepal,1,2006
8099,Bangladesh,Pakistan,-1,2006
6172,Bangladesh,Tajikistan,-1,2006
7347,Barbados,Antigua and Barbuda,1,2006
6256,Barbados,Canada,-1,2006
7397,Barbados,Cuba,-1,2006
6384,Barbados,Dominica,1,2006
5304,Barbados,Finland,-1,2006
6246,Barbados,Grenada,1,2006
7327,Barbados,Grenada,1,2006
5149,Barbados,Guadeloupe,-1,2006
6319,Barbados,Guyana,-1,2006
7391,Barbados,Guyana,-1,2006
5144,Barbados,Jamaica,-1,2006
5288,Barbados,Jamaica,1,2006
7402,Barbados,Jamaica,-1,2006
5322,Barbados,Martinique,-1,2006
6581,Barbados,Northern Ireland,-1,2006
6683,Barbados,Saint Kitts and Nevis,-1,2006
5061,Barbados,Saint Lucia,1,2006
4920,Barbados,Trinidad and Tobago,-1,2006
7409,Barbados,Trinidad and Tobago,-1,2006
8107,Basque Country,Cameroon,-1,2006
7306,Basque Country,Honduras,1,2006
5277,Basque Country,North Macedonia,-1,2006
6222,Basque Country,Uruguay,1,2006
5069,Belarus,Austria,-1,2006
5887,Belarus,Czech Republic,-1,2006
6315,Belarus,Estonia,-1,2006
5838,Belarus,Iran,1,2006
7861,Belarus,Italy,-1,2006
6367,Belarus,Latvia,1,2006
7996,Belarus,Latvia,1,2006
6474,Belarus,Lithuania,1,2006
5448,Belarus,Moldova,1,2006
7024,Belarus,Moldova,1,2006
5599,Belarus,Netherlands,-1,2006
7953,Belarus,Norway,-1,2006
7616,Belarus,Scotland,-1,2006
7571,Belarus,Slovenia,-1,2006
4797,Belarus,Ukraine,1,2006
5499,Belarus,Uzbekistan,-1,2006
4770,Belgium,Algeria,-1,2006
5647,Belgium,Andorra,1,2006
7447,Belgium,Bosnia and Herzegovina,1,2006
5008,Belgium,Bulgaria,-1,2006
4812,Belgium,Costa Rica,1,2006
5920,Belgium,Croatia,1,2006
5994,Belgium,Estonia,1,2006
6324,Belgium,France,-1,2006
7769,Belgium,Greece,1,2006
6917,Belgium,Lithuania,-1,2006
5839,Belgium,Netherlands,-1,2006
4630,Belgium,Norway,1,2006
5534,Belgium,Poland,1,2006
4865,Belgium,Russia,1,2006
7862,Belgium,San Marino,1,2006
7154,Belgium,Serbia,-1,2006
4725,Belgium,Slovakia,-1,2006
7899,Belgium,Spain,-1,2006
6475,Belgium,Turkey,-1,2006
4691,Belize,Guyana,1,2006
7399,Belize,Honduras,-1,2006
4726,Belize,Nicaragua,1,2006
5956,Benin,Burkina Faso,-1,2006
6557,Benin,Burkina Faso,1,2006
7572,Benin,Cameroon,-1,2006
6773,Benin,Egypt,-1,2006
5418,Benin,Equatorial Guinea,1,2006
5961,Benin,Gabon,-1,2006
5356,Benin,Ghana,1,2006
7061,Benin,Ivory Coast,-1,2006
7944,Benin,Libya,1,2006
6118,Benin,Madagascar,1,2006
5393,Benin,Niger,-1,2006
5629,Benin,Sudan,1,2006
6722,Benin,Sudan,-1,2006
5036,Benin,Tanzania,1,2006
6542,Benin,Togo,-1,2006
5773,Benin,Zambia,1,2006
6217,Bermuda,Barbados,-1,2006
6231,Bermuda,Barbados,-1,2006
7211,Bermuda,British Virgin Islands,-1,2006
6723,Bermuda,El Salvador,-1,2006
6378,Bermuda,Montserrat,1,2006
6414,Bermuda,Nicaragua,1,2006
6460,Bermuda,Nicaragua,1,2006
6307,Bermuda,Trinidad and Tobago,-1,2006
6310,Bermuda,Trinidad and Tobago,-1,2006
5523,Bhutan,Guam,1,2006
6043,Bhutan,Indonesia,-1,2006
5528,Bhutan,Mongolia,-1,2006
4887,Bhutan,Montserrat,1,2006
5986,Bhutan,Yemen,-1,2006
7448,Bolivia,Argentina,-1,2006
7945,Bolivia,Brazil,-1,2006
6410,Bolivia,Chile,-1,2006
5921,Bolivia,Colombia,1,2006
7816,Bolivia,Ecuador,-1,2006
5995,Bolivia,Honduras,1,2006
5872,Bolivia,Panama,1,2006
6597,Bolivia,Paraguay,1,2006
7025,Bolivia,Peru,1,2006
7072,Bolivia,Uruguay,-1,2006
7491,Bolivia,Venezuela,1,2006
7817,Bosnia and Herzegovina,Belgium,1,2006
5996,Bosnia and Herzegovina,Denmark,-1,2006
6476,Bosnia and Herzegovina,Finland,1,2006
5066,Bosnia and Herzegovina,Germany,-1,2006
7496,Bosnia and Herzegovina,Lithuania,-1,2006
5449,Bosnia and Herzegovina,Luxembourg,1,2006
4692,Bosnia and Herzegovina,North Macedonia,-1,2006
5888,Bosnia and Herzegovina,Norway,1,2006
5009,Bosnia and Herzegovina,Romania,-1,2006
7900,Bosnia and Herzegovina,San Marino,1,2006
4951,Bosnia and Herzegovina,Serbia,-1,2006
7026,Bosnia and Herzegovina,Serbia,-1,2006
6963,Bosnia and Herzegovina,Spain,-1,2006
7753,Botswana,Angola,-1,2006
5760,Botswana,DR Congo,-1,2006
7691,Botswana,DR Congo,-1,2006
4658,Botswana,Eswatini,1,2006
5010,Botswana,Eswatini,-1,2006
7901,Botswana,Guinea,-1,2006
7027,Botswana,Kenya,1,2006
4983,Botswana,Lesotho,-1,2006
5394,Botswana,Lesotho,-1,2006
5997,Botswana,Lesotho,1,2006
5600,Botswana,Libya,-1,2006
5576,Botswana,Malawi,-1,2006
6710,Botswana,Malawi,1,2006
6762,Botswana,Morocco,-1,2006
4673,Botswana,Namibia,1,2006
4715,Botswana,South Africa,-1,2006
5643,Botswana,Trinidad and Tobago,-1,2006
7573,Botswana,Tunisia,-1,2006
5234,Botswana,Zambia,1,2006
7008,Botswana,Zambia,1,2006
7413,Botswana,Zambia,-1,2006
6202,Botswana,Zimbabwe,-1,2006
7528,Botswana,Zimbabwe,-1,2006
6605,Brazil,Argentina,1,2006
7689,Brazil,Argentina,1,2006
4873,Brazil,Belgium,1,2006
4601,Brazil,Bolivia,1,2006
6947,Brazil,Bolivia,1,2006
5675,Brazil,Cameroon,-1,2006
6784,Brazil,Chile,1,2006
7850,Brazil,Chile,1,2006
23192,Brazil,China,1,2006
4842,Brazil,China PR,1,2006
7077,Brazil,Colombia,-1,2006
6796,Brazil,Costa Rica,1,2006
5922,Brazil,Ecuador,1,2006
7658,Brazil,Greece,1,2006
7531,Brazil,Guatemala,1,2006
5805,Brazil,Honduras,1,2006
4660,Brazil,Iceland,1,2006
6030,Brazil,Jamaica,1,2006
4952,Brazil,Paraguay,-1,2006
6806,Brazil,Paraguay,-1,2006
7604,Brazil,Paraguay,1,2006
7481,Brazil,Peru,1,2006
4693,Brazil,Serbia,1,2006
4825,Brazil,Turkey,1,2006
4885,Brazil,Turkey,1,2006
5703,Brazil,Turkey,-1,2006
5682,Brazil,United States,1,2006
6144,Brazil,Uruguay,-1,2006
7954,Brazil,Venezuela,1,2006
4893,British Virgin Islands,Anguilla,1,2006
7205,British Virgin Islands,Cayman Islands,-1,2006
6272,British Virgin Islands,Dominica,-1,2006
6289,British Virgin Islands,Dominica,-1,2006
4912,British Virgin Islands,Saint Lucia,-1,2006
6372,British Virgin Islands,Saint Lucia,-1,2006
7249,British Virgin Islands,Trinidad and Tobago,-1,2006
6281,British Virgin Islands,United States Virgin Islands,1,2006
7006,British Virgin Islands,United States Virgin Islands,1,2006
5535,Bulgaria,Albania,1,2006
5110,Bulgaria,Andorra,1,2006
5601,Bulgaria,Belgium,-1,2006
6477,Bulgaria,Cameroon,1,2006
5070,Bulgaria,Croatia,1,2006
7574,Bulgaria,Croatia,-1,2006
6707,Bulgaria,Denmark,-1,2006
4694,Bulgaria,Ecuador,-1,2006
5889,Bulgaria,Estonia,1,2006
7997,Bulgaria,Georgia,1,2006
4953,Bulgaria,Germany,-1,2006
5323,Bulgaria,Hungary,1,2006
7902,Bulgaria,Hungary,1,2006
7863,Bulgaria,Iceland,1,2006
5840,Bulgaria,Lithuania,1,2006
7078,Bulgaria,Malta,1,2006
6415,Bulgaria,Russia,-1,2006
7357,Bulgaria,Serbia,-1,2006
7449,Bulgaria,Sweden,-1,2006
7770,Bulgaria,Turkey,1,2006
6684,Burkina Faso,Benin,1,2006
4525,Burkina Faso,Cameroon,-1,2006
7450,Burkina Faso,Cape Verde,-1,2006
5097,Burkina Faso,Central African Republic,1,2006
5683,Burkina Faso,Congo,1,2006
7662,Burkina Faso,DR Congo,1,2006
4595,Burkina Faso,Ghana,-1,2006
6625,Burkina Faso,Ghana,1,2006
6292,Burkina Faso,Kenya,-1,2006
6582,Burkina Faso,Libya,1,2006
6282,Burkina Faso,Mali,-1,2006
4580,Burkina Faso,Morocco,-1,2006
5602,Burkina Faso,Mozambique,1,2006
7818,Burkina Faso,South Africa,1,2006
6918,Burkina Faso,Uganda,1,2006
6066,Burkina Faso,Zimbabwe,-1,2006
5430,Burundi,Burkina Faso,-1,2006
5200,Burundi,Eritrea,-1,2006
8056,Burundi,Eritrea,-1,2006
6031,Burundi,Gabon,-1,2006
5479,Burundi,Ivory Coast,-1,2006
7257,Burundi,Rwanda,1,2006
5774,Burundi,South Africa,-1,2006
8047,Burundi,Tanzania,-1,2006
7281,Burundi,Zanzibar,1,2006
8050,Burundi,Zanzibar,-1,2006
5257,Cambodia,Philippines,1,2006
7269,Cambodia,Singapore,-1,2006
7946,Cambodia,Singapore,-1,2006
6263,Cameroon,Algeria,-1,2006
6644,Cameroon,Benin,1,2006
5705,Cameroon,Colombia,1,2006
4555,Cameroon,DR Congo,1,2006
4608,Cameroon,Egypt,1,2006
6295,Cameroon,Egypt,-1,2006
7903,Cameroon,Egypt,-1,2006
4813,Cameroon,England,-1,2006
4853,Cameroon,Germany,-1,2006
4577,Cameroon,Ivory Coast,1,2006
5317,Cameroon,Ivory Coast,-1,2006
6774,Cameroon,Ivory Coast,1,2006
7674,Cameroon,Libya,1,2006
5436,Cameroon,Madagascar,1,2006
6303,Cameroon,Nigeria,-1,2006
4834,Cameroon,Saudi Arabia,1,2006
7358,Cameroon,Senegal,1,2006
7482,Cameroon,Sudan,1,2006
4592,Cameroon,Togo,1,2006
5684,Cameroon,Turkey,1,2006
6279,Cameroon,Zimbabwe,1,2006
6685,Canada,Belize,1,2006
6700,Canada,Belize,1,2006
7079,Canada,Costa Rica,-1,2006
7695,Canada,Costa Rica,-1,2006
5803,Canada,Cuba,-1,2006
7713,Canada,Cuba,1,2006
4568,Canada,Ecuador,-1,2006
6861,Canada,Guatemala,-1,2006
6919,Canada,Honduras,-1,2006
7692,Canada,Honduras,-1,2006
4581,Canada,Martinique,-1,2006
4604,Canada,South Korea,1,2006
4788,Canary Islands,Venezuela,-1,2006
7028,Cape Verde,Burkina Faso,1,2006
6763,Cape Verde,DR Congo,-1,2006
6119,Cape Verde,Eswatini,1,2006
7904,Cape Verde,Ghana,-1,2006
5080,Cape Verde,Kenya,-1,2006
5685,Cape Verde,Mauritania,1,2006
6686,Cape Verde,Senegal,-1,2006
7575,Cape Verde,South Africa,-1,2006
5450,Cape Verde,Togo,1,2006
6711,Cape Verde,Uganda,1,2006
7307,Catalonia,Argentina,-1,2006
4796,Catalonia,Brazil,-1,2006
6556,Catalonia,Brazil,-1,2006
5278,Catalonia,China PR,1,2006
6225,Catalonia,Ecuador,1,2006
8108,Catalonia,Paraguay,-1,2006
7200,Cayman Islands,Bermuda,-1,2006
5190,Cayman Islands,Cuba,-1,2006
6373,Cayman Islands,Cuba,-1,2006
5193,Cayman Islands,Dominican Republic,1,2006
5201,Cayman Islands,Martinique,-1,2006
5153,Cayman Islands,Nicaragua,-1,2006
5775,Central African Republic,Burkina Faso,-1,2006
5630,Central African Republic,Congo,-1,2006
5048,Central African Republic,Mozambique,-1,2006
5776,Chad,Algeria,-1,2006
6032,Chad,Angola,1,2006
4926,Chad,Ethiopia,1,2006
5480,Chad,Namibia,1,2006
4931,Chad,Uganda,-1,2006
7685,Chechnya,Ambazonia,-1,2006
7080,Chile,Argentina,-1,2006
7576,Chile,Bolivia,1,2006
6645,Chile,Brazil,-1,2006
6948,Chile,Colombia,-1,2006
5536,Chile,Costa Rica,1,2006
7359,Chile,Ecuador,1,2006
7955,Chile,Ecuador,-1,2006
5226,Chile,Palestine,1,2006
6137,Chile,Paraguay,-1,2006
5481,Chile,Peru,1,2006
5915,Chile,Peru,1,2006
6478,Chile,Peru,-1,2006
7451,Chile,Uruguay,-1,2006
7617,Chile,Venezuela,1,2006
23193,China,Costa Rica,-1,2006
6809,China PR,Bahrain,-1,2006
5324,China PR,Brazil,-1,2006
5841,China PR,Chile,-1,2006
4828,China PR,Costa Rica,-1,2006
7675,China PR,Costa Rica,-1,2006
7682,China PR,Costa Rica,1,2006
5359,China PR,Estonia,1,2006
6296,China PR,Finland,1,2006
6299,China PR,Finland,1,2006
6195,China PR,Hong Kong,1,2006
7155,China PR,Hong Kong,1,2006
6598,China PR,Hungary,1,2006
6825,China PR,Indonesia,1,2006
6851,China PR,Iran,-1,2006
6845,China PR,Iraq,1,2006
6855,China PR,Japan,-1,2006
5223,China PR,Jordan,-1,2006
6325,China PR,Kuwait,1,2006
6764,China PR,Lebanon,1,2006
6661,China PR,Malaysia,1,2006
6388,China PR,Myanmar,1,2006
7751,China PR,North Korea,1,2006
6269,China PR,North Macedonia,-1,2006
6280,China PR,North Macedonia,1,2006
4809,China PR,Portugal,-1,2006
6837,China PR,Qatar,1,2006
8014,China PR,Serbia,-1,2006
4653,China PR,Slovenia,-1,2006
5216,China PR,Syria,1,2006
6792,China PR,United Arab Emirates,-1,2006
4777,China PR,Uruguay,-1,2006
6145,Colombia,Argentina,-1,2006
6788,Colombia,Bolivia,1,2006
7156,Colombia,Bolivia,1,2006
5812,Colombia,Brazil,-1,2006
5912,Colombia,Brazil,-1,2006
7905,Colombia,Chile,-1,2006
6810,Colombia,Costa Rica,1,2006
5631,Colombia,Ecuador,-1,2006
7618,Colombia,Ecuador,1,2006
7558,Colombia,England,-1,2006
5810,Colombia,Guatemala,-1,2006
5678,Colombia,New Zealand,1,2006
7693,Colombia,Panama,-1,2006
7740,Colombia,Panama,-1,2006
7029,Colombia,Paraguay,-1,2006
7577,Colombia,Peru,1,2006
5842,Colombia,Slovakia,-1,2006
7317,Colombia,South Korea,1,2006
7714,Colombia,Trinidad and Tobago,1,2006
5709,Colombia,Turkey,-1,2006
6646,Colombia,Uruguay,1,2006
6832,Colombia,Uruguay,-1,2006
6098,Colombia,Venezuela,-1,2006
5876,Comoros,Réunion,-1,2006
7403,Congo,Angola,-1,2006
5037,Congo,Burkina Faso,-1,2006
5566,Congo,Central African Republic,1,2006
4984,Congo,DR Congo,-1,2006
4991,Congo,Gabon,-1,2006
6724,Congo,Liberia,1,2006
6777,Congo,Mali,1,2006
5777,Congo,Mozambique,-1,2006
7605,Congo,Senegal,-1,2006
6033,Congo,Sierra Leone,1,2006
7906,Congo,Togo,-1,2006
7062,Congo,Zambia,-1,2006
6514,Cook Islands,Samoa,-1,2006
4861,Costa Rica,Brazil,-1,2006
5798,Costa Rica,Canada,-1,2006
6964,Costa Rica,Canada,1,2006
5633,Costa Rica,Chile,1,2006
6807,Costa Rica,Chile,1,2006
5913,Costa Rica,China PR,1,2006
4764,Costa Rica,Colombia,-1,2006
6726,Costa Rica,Cuba,-1,2006
7699,Costa Rica,Cuba,1,2006
5111,Costa Rica,Ecuador,-1,2006
7393,Costa Rica,Ecuador,-1,2006
5318,Costa Rica,El Salvador,1,2006
5813,Costa Rica,El Salvador,1,2006
7400,Costa Rica,El Salvador,1,2006
6146,Costa Rica,Finland,1,2006
5352,Costa Rica,Guatemala,-1,2006
7030,Costa Rica,Guatemala,1,2006
7619,Costa Rica,Guatemala,1,2006
4583,Costa Rica,Haiti,1,2006
7316,Costa Rica,Haiti,-1,2006
5368,Costa Rica,Honduras,1,2006
6863,Costa Rica,Honduras,-1,2006
7416,Costa Rica,Honduras,-1,2006
7360,Costa Rica,Mexico,-1,2006
5357,Costa Rica,Nicaragua,1,2006
6621,Costa Rica,Nicaragua,1,2006
7452,Costa Rica,Panama,1,2006
5451,Costa Rica,Paraguay,1,2006
6785,Costa Rica,Paraguay,-1,2006
4596,Costa Rica,South Korea,1,2006
4556,Costa Rica,Trinidad and Tobago,-1,2006
7864,Costa Rica,Trinidad and Tobago,1,2006
4846,Costa Rica,Turkey,-1,2006
7907,Costa Rica,United States,1,2006
5500,Croatia,Andorra,1,2006
5452,Croatia,Belgium,1,2006
4727,Croatia,Bosnia and Herzegovina,1,2006
7771,Croatia,Brazil,-1,2006
4631,Croatia,Bulgaria,-1,2006
5998,Croatia,Bulgaria,1,2006
7031,Croatia,Bulgaria,-1,2006
6740,Croatia,England,-1,2006
5012,Croatia,Estonia,-1,2006
6703,Croatia,France,-1,2006
6326,Croatia,Germany,-1,2006
6920,Croatia,Hungary,1,2006
7453,Croatia,Iceland,1,2006
6864,Croatia,Israel,1,2006
7497,Croatia,Malta,1,2006
4826,Croatia,Mexico,-1,2006
5314,Croatia,North Macedonia,-1,2006
5325,Croatia,Poland,-1,2006
6571,Croatia,Slovakia,1,2006
4695,Croatia,Slovenia,-1,2006
6099,Croatia,Slovenia,-1,2006
7908,Croatia,Sweden,1,2006
6416,Croatia,Turkey,-1,2006
4954,Croatia,Wales,-1,2006
5440,Cuba,Antigua and Barbuda,1,2006
6404,Cuba,Cayman Islands,1,2006
5808,Cuba,Costa Rica,-1,2006
6677,Cuba,Costa Rica,-1,2006
6543,Cuba,Grenada,-1,2006
4520,Cuba,Guatemala,-1,2006
4528,Cuba,Guatemala,-1,2006
7320,Cuba,Haiti,-1,2006
5396,Cuba,Jamaica,-1,2006
5398,Cuba,Jamaica,1,2006
7410,Cuba,Jamaica,-1,2006
6239,Cuba,Martinique,-1,2006
7250,Cuba,Martinique,1,2006
6387,Cuba,Panama,-1,2006
6391,Cuba,Panama,1,2006
6417,Curaçao,Antigua and Barbuda,1,2006
6273,Curaçao,Aruba,1,2006
6470,Curaçao,Dominican Republic,1,2006
4941,Curaçao,Guyana,1,2006
6678,Curaçao,Honduras,-1,2006
6253,Curaçao,Suriname,1,2006
6865,Cyprus,Albania,1,2006
7349,Cyprus,Austria,-1,2006
6327,Cyprus,Belarus,-1,2006
4632,Cyprus,Czech Republic,-1,2006
7032,Cyprus,Faroe Islands,-1,2006
7361,Cyprus,Finland,-1,2006
5013,Cyprus,France,-1,2006
7081,Cyprus,France,-1,2006
6364,Cyprus,Georgia,1,2006
5308,Cyprus,Greece,-1,2006
7757,Cyprus,Iraq,1,2006
5453,Cyprus,Israel,-1,2006
7157,Cyprus,Israel,-1,2006
6537,Cyprus,Jordan,-1,2006
7454,Cyprus,Jordan,1,2006
6368,Cyprus,Kazakhstan,1,2006
5161,Cyprus,Malta,1,2006
7909,Cyprus,Republic of Ireland,-1,2006
5326,Cyprus,Russia,-1,2006
5353,Cyprus,Slovakia,-1,2006
5999,Cyprus,Slovenia,-1,2006
4624,Cyprus,Switzerland,-1,2006
7865,Cyprus,Switzerland,-1,2006
8022,Cyprus,Wales,1,2006
7578,Czech Republic,Andorra,1,2006
7866,Czech Republic,Armenia,1,2006
5501,Czech Republic,Austria,1,2006
5112,Czech Republic,Belarus,1,2006
6606,Czech Republic,Bulgaria,1,2006
6100,Czech Republic,Canada,1,2006
6756,Czech Republic,Denmark,1,2006
6647,Czech Republic,Estonia,1,2006
7455,Czech Republic,Finland,1,2006
6866,Czech Republic,Greece,-1,2006
4625,Czech Republic,Hungary,1,2006
4789,Czech Republic,Italy,1,2006
6479,Czech Republic,Japan,-1,2006
6698,Czech Republic,Latvia,1,2006
5648,Czech Republic,Moldova,1,2006
5923,Czech Republic,Netherlands,1,2006
7910,Czech Republic,Netherlands,-1,2006
7620,Czech Republic,North Macedonia,1,2006
8023,Czech Republic,Norway,1,2006
7033,Czech Republic,Romania,1,2006
5003,Czech Republic,Serbia,1,2006
4955,Czech Republic,Slovakia,1,2006
5162,Czech Republic,Sweden,-1,2006
5537,Czech Republic,Turkey,1,2006
6548,DR Congo,Angola,-1,2006
5099,DR Congo,Botswana,1,2006
6725,DR Congo,Burkina Faso,1,2006
7851,DR Congo,Cape Verde,1,2006
5395,DR Congo,Congo,1,2006
5632,DR Congo,Eswatini,1,2006
7483,DR Congo,Ghana,-1,2006
6264,DR Congo,Guinea,-1,2006
7764,DR Congo,Guinea,1,2006
4593,DR Congo,Ivory Coast,1,2006
5690,DR Congo,Libya,1,2006
6862,DR Congo,Mali,-1,2006
6949,DR Congo,South Africa,1,2006
4582,DR Congo,Togo,-1,2006
7994,DR Congo,Tunisia,-1,2006
7606,DR Congo,Uganda,1,2006
7893,DR Congo,Zambia,-1,2006
8085,DR Congo,Zambia,-1,2006
7621,Denmark,Albania,1,2006
5502,Denmark,Bosnia and Herzegovina,-1,2006
4783,Denmark,Cameroon,1,2006
6626,Denmark,Croatia,-1,2006
4869,Denmark,England,-1,2006
7772,Denmark,England,1,2006
5843,Denmark,Finland,-1,2006
4854,Denmark,France,1,2006
7867,Denmark,Georgia,1,2006
7911,Denmark,Greece,1,2006
4728,Denmark,Israel,1,2006
6695,Denmark,Italy,-1,2006
7456,Denmark,Kazakhstan,1,2006
5071,Denmark,Luxembourg,1,2006
5603,Denmark,Norway,1,2006
5163,Denmark,Poland,1,2006
5924,Denmark,Romania,-1,2006
6480,Denmark,Scotland,1,2006
4835,Denmark,Senegal,-1,2006
6744,Denmark,Sweden,-1,2006
4814,Denmark,Tunisia,1,2006
7082,Denmark,Turkey,-1,2006
5538,Denmark,Ukraine,1,2006
6921,Denmark,Ukraine,-1,2006
8059,Djibouti,Ethiopia,-1,2006
8045,Djibouti,Somalia,-1,2006
8066,Djibouti,Sudan,-1,2006
8051,Djibouti,Uganda,-1,2006
7143,Dominica,French Guiana,-1,2006
6712,Dominica,Mexico,-1,2006
6284,Dominica,United States Virgin Islands,1,2006
6392,Dominican Republic,Anguilla,-1,2006
6395,Dominican Republic,Anguilla,1,2006
5202,Dominican Republic,Cuba,-1,2006
6687,Dominican Republic,Trinidad and Tobago,-1,2006
4944,Dominican Republic,United States Virgin Islands,1,2006
4946,Dominican Republic,United States Virgin Islands,1,2006
7579,Ecuador,Argentina,1,2006
6627,Ecuador,Bolivia,1,2006
7158,Ecuador,Brazil,1,2006
7063,Ecuador,Chile,1,2006
6607,Ecuador,Colombia,1,2006
5164,Ecuador,Costa Rica,-1,2006
4862,Ecuador,Croatia,1,2006
5315,Ecuador,Estonia,1,2006
5327,Ecuador,Estonia,1,2006
4537,Ecuador,Guatemala,1,2006
5844,Ecuador,Guatemala,1,2006
4557,Ecuador,Haiti,-1,2006
7647,Ecuador,Italy,-1,2006
7122,Ecuador,Jordan,-1,2006
7332,Ecuador,Panama,1,2006
7336,Ecuador,Panama,1,2006
7484,Ecuador,Paraguay,1,2006
7535,Ecuador,Paraguay,1,2006
5649,Ecuador,Peru,-1,2006
6147,Ecuador,Peru,-1,2006
8015,Ecuador,Poland,-1,2006
4807,Ecuador,Senegal,-1,2006
8104,Ecuador,Senegal,-1,2006
4762,Ecuador,Serbia,1,2006
4729,Ecuador,South Africa,-1,2006
8110,Ecuador,Uganda,-1,2006
7912,Ecuador,Uruguay,-1,2006
5890,Ecuador,Venezuela,1,2006
7773,Ecuador,Venezuela,1,2006
7362,Egypt,Belgium,1,2006
7852,Egypt,Benin,1,2006
7217,Egypt,Bulgaria,-1,2006
4533,Egypt,Burkina Faso,-1,2006
6254,Egypt,Burkina Faso,-1,2006
6950,Egypt,Cameroon,1,2006
6249,Egypt,DR Congo,-1,2006
5328,Egypt,Denmark,-1,2006
4939,Egypt,Ethiopia,1,2006
6572,Egypt,Gabon,1,2006
4516,Egypt,Ghana,1,2006
5260,Egypt,Ghana,-1,2006
6210,Egypt,Iraq,1,2006
6727,Egypt,Ivory Coast,-1,2006
4985,Egypt,Libya,-1,2006
7485,Egypt,Libya,1,2006
5679,Egypt,Madagascar,1,2006
4521,Egypt,Mali,-1,2006
5634,Egypt,Mauritius,1,2006
5408,Egypt,Qatar,1,2006
6240,Egypt,Rwanda,1,2006
4558,Egypt,Senegal,-1,2006
5988,Egypt,Senegal,1,2006
8111,Egypt,Senegal,1,2006
6101,Egypt,South Africa,1,2006
4978,Egypt,Sudan,1,2006
7607,Egypt,Sudan,1,2006
6138,Egypt,Sweden,1,2006
6418,Egypt,Trinidad and Tobago,1,2006
4578,Egypt,Tunisia,1,2006
8024,Egypt,Tunisia,-1,2006
4949,Egypt,Uganda,1,2006
7311,Egypt,Uganda,1,2006
8105,Egypt,Uganda,1,2006
7744,Egypt,United Arab Emirates,-1,2006
4602,Egypt,Zambia,1,2006
6553,Egypt,Zimbabwe,1,2006
6688,El Salvador,Bermuda,1,2006
6481,El Salvador,Colombia,-1,2006
5296,El Salvador,Guatemala,-1,2006
5300,El Salvador,Guatemala,-1,2006
5369,El Salvador,Guatemala,-1,2006
5792,El Salvador,Guatemala,-1,2006
6419,El Salvador,Guatemala,-1,2006
6813,El Salvador,Guatemala,-1,2006
6853,El Salvador,Guatemala,-1,2006
6523,El Salvador,Haiti,-1,2006
6852,El Salvador,Honduras,-1,2006
6965,El Salvador,Jamaica,-1,2006
5809,El Salvador,Martinique,1,2006
4549,El Salvador,Mexico,-1,2006
5778,El Salvador,Mexico,1,2006
5354,El Salvador,Nicaragua,1,2006
6274,El Salvador,Panama,-1,2006
6867,El Salvador,Panama,1,2006
7394,El Salvador,Panama,-1,2006
5739,El Salvador,Paraguay,-1,2006
7034,El Salvador,United States,-1,2006
7998,England,Argentina,1,2006
5329,England,Australia,-1,2006
7913,England,Austria,1,2006
7498,England,Azerbaijan,1,2006
4877,England,Brazil,-1,2006
5845,England,Croatia,1,2006
6120,England,Denmark,-1,2006
6628,England,Iceland,1,2006
4696,England,Italy,-1,2006
6599,England,Japan,-1,2006
5925,England,Liechtenstein,1,2006
7363,England,Netherlands,-1,2006
5113,England,North Macedonia,-1,2006
7457,England,Northern Ireland,1,2006
4730,England,Paraguay,1,2006
7956,England,Poland,1,2006
5014,England,Portugal,-1,2006
5592,England,Serbia,1,2006
5650,England,Slovakia,1,2006
4822,England,Sweden,-1,2006
6704,England,Switzerland,1,2006
5503,England,Turkey,1,2006
6868,England,Ukraine,1,2006
7035,England,Wales,1,2006
5635,Equatorial Guinea,Gabon,1,2006
5779,Equatorial Guinea,Morocco,-1,2006
5038,Equatorial Guinea,Sierra Leone,-1,2006
6087,Equatorial Guinea,São Tomé and Príncipe,1,2006
6000,Equatorial Guinea,Togo,1,2006
5482,Eritrea,Mali,-1,2006
5686,Eritrea,Seychelles,1,2006
5209,Eritrea,Sudan,1,2006
6121,Eritrea,Sudan,-1,2006
8064,Eritrea,Tanzania,-1,2006
8048,Eritrea,Zanzibar,-1,2006
5072,Eritrea,Zimbabwe,-1,2006
6482,Estonia,Albania,-1,2006
5604,Estonia,Andorra,1,2006
4889,Estonia,Azerbaijan,-1,2006
5114,Estonia,Belgium,-1,2006
7774,Estonia,Bosnia and Herzegovina,1,2006
5504,Estonia,Bulgaria,-1,2006
5454,Estonia,Canada,1,2006
5651,Estonia,Croatia,-1,2006
6583,Estonia,Denmark,-1,2006
5165,Estonia,Iceland,1,2006
5761,Estonia,Latvia,-1,2006
7819,Estonia,Latvia,1,2006
7580,Estonia,Liechtenstein,1,2006
5741,Estonia,Lithuania,-1,2006
6922,Estonia,Luxembourg,1,2006
4956,Estonia,Moldova,1,2006
6328,Estonia,Moldova,1,2006
5100,Estonia,New Zealand,1,2006
6676,Estonia,North Macedonia,-1,2006
6412,Estonia,Northern Ireland,-1,2006
7529,Estonia,Norway,-1,2006
5846,Estonia,Poland,-1,2006
7622,Estonia,Portugal,-1,2006
4697,Estonia,Russia,1,2006
7499,Estonia,Russia,-1,2006
4670,Estonia,Saudi Arabia,1,2006
6560,Estonia,Scotland,-1,2006
7458,Estonia,Slovakia,-1,2006
5700,Eswatini,Botswana,1,2006
5905,Eswatini,Botswana,-1,2006
6041,Eswatini,Cape Verde,-1,2006
5494,Eswatini,DR Congo,-1,2006
4664,Eswatini,Lesotho,1,2006
5062,Eswatini,Lesotho,-1,2006
5410,Eswatini,Lesotho,1,2006
5107,Eswatini,Libya,1,2006
5802,Eswatini,Madagascar,1,2006
4934,Eswatini,Mauritius,-1,2006
4937,Eswatini,Mauritius,-1,2006
4716,Eswatini,Mozambique,-1,2006
4717,Eswatini,Mozambique,-1,2006
4753,Eswatini,Namibia,1,2006
6758,Eswatini,Zimbabwe,-1,2006
7244,Ethiopia,Burundi,1,2006
7302,Ethiopia,Burundi,1,2006
5101,Ethiopia,Guinea,1,2006
7298,Ethiopia,Kenya,-1,2006
5483,Ethiopia,Liberia,1,2006
6034,Ethiopia,Malawi,-1,2006
5691,Ethiopia,Niger,1,2006
7270,Ethiopia,Rwanda,-1,2006
5217,Ethiopia,Somalia,-1,2006
8067,Ethiopia,Somalia,1,2006
8053,Ethiopia,Sudan,1,2006
7282,Ethiopia,Tanzania,1,2006
4922,Ethiopia,Uganda,-1,2006
8046,Ethiopia,Uganda,-1,2006
5205,Ethiopia,Zanzibar,-1,2006
7288,Ethiopia,Zanzibar,1,2006
7724,Falkland Islands,Isle of Man,-1,2006
7775,Faroe Islands,Cyprus,-1,2006
6966,Faroe Islands,France,-1,2006
5652,Faroe Islands,Germany,-1,2006
5847,Faroe Islands,Iceland,-1,2006
7868,Faroe Islands,Israel,-1,2006
5529,Faroe Islands,Kazakhstan,1,2006
5532,Faroe Islands,Kazakhstan,1,2006
4633,Faroe Islands,Liechtenstein,1,2006
4957,Faroe Islands,Liechtenstein,1,2006
5926,Faroe Islands,Lithuania,-1,2006
6374,Faroe Islands,Luxembourg,1,2006
6869,Faroe Islands,Malta,1,2006
4618,Faroe Islands,Poland,-1,2006
7623,Faroe Islands,Republic of Ireland,-1,2006
5015,Faroe Islands,Scotland,-1,2006
7581,Faroe Islands,Switzerland,-1,2006
6527,Fiji,American Samoa,1,2006
7755,Fiji,India,1,2006
7759,Fiji,India,1,2006
5762,Fiji,Kiribati,1,2006
4894,Fiji,New Caledonia,1,2006
5796,Fiji,New Caledonia,1,2006
6648,Fiji,New Zealand,-1,2006
6524,Fiji,Papua New Guinea,1,2006
5788,Fiji,Solomon Islands,1,2006
6622,Fiji,Solomon Islands,-1,2006
5793,Fiji,Tahiti,1,2006
5565,Fiji,Tuvalu,1,2006
5729,Fiji,Tuvalu,1,2006
4904,Fiji,Vanuatu,-1,2006
5719,Fiji,Vanuatu,-1,2006
6538,Fiji,Vanuatu,-1,2006
6590,Fiji,Vanuatu,1,2006
6923,Finland,Andorra,1,2006
7036,Finland,Armenia,1,2006
5073,Finland,Azerbaijan,1,2006
6001,Finland,Canada,1,2006
7957,Finland,Czech Republic,-1,2006
7562,Finland,Denmark,-1,2006
7999,Finland,Estonia,-1,2006
5539,Finland,Iceland,1,2006
5653,Finland,Italy,-1,2006
4805,Finland,Latvia,1,2006
7624,Finland,Netherlands,-1,2006
4530,Finland,North Macedonia,1,2006
7869,Finland,North Macedonia,1,2006
7228,Finland,Oman,-1,2006
4958,Finland,Republic of Ireland,-1,2006
7914,Finland,Romania,-1,2006
5605,Finland,Serbia,1,2006
4681,Finland,South Korea,-1,2006
6566,Finland,Sweden,-1,2006
5016,Finland,Wales,-1,2006
6567,France,Andorra,1,2006
4790,France,Belgium,-1,2006
6870,France,Bosnia and Herzegovina,-1,2006
6544,France,Brazil,-1,2006
5710,France,Cameroon,1,2006
5673,France,Colombia,1,2006
7991,France,Costa Rica,1,2006
5891,France,Cyprus,1,2006
7958,France,Cyprus,1,2006
5330,France,Czech Republic,-1,2006
5540,France,Egypt,1,2006
6689,France,England,1,2006
7820,France,Faroe Islands,1,2006
8000,France,Germany,-1,2006
6751,France,Greece,-1,2006
7559,France,Hungary,1,2006
6002,France,Israel,1,2006
6924,France,Israel,-1,2006
7776,France,Ivory Coast,1,2006
5680,France,Japan,1,2006
5455,France,Malta,1,2006
5692,France,New Zealand,1,2006
7159,France,Poland,-1,2006
7037,France,Republic of Ireland,-1,2006
4634,France,Romania,1,2006
4731,France,Russia,-1,2006
4698,France,Scotland,1,2006
4817,France,Senegal,-1,2006
5166,France,Serbia,1,2006
5074,France,Slovenia,1,2006
7364,France,Sweden,-1,2006
7459,France,Switzerland,-1,2006
5706,France,Turkey,1,2006
6649,France,Ukraine,1,2006
4836,France,Uruguay,-1,2006
7318,French Guiana,Jamaica,-1,2006
5132,French Guiana,Suriname,-1,2006
5133,French Guiana,Suriname,-1,2006
5714,Frøya,Jersey,-1,2006
5747,Frøya,Sark,1,2006
7915,Gabon,Algeria,-1,2006
5585,Gabon,Angola,-1,2006
6765,Gabon,Angola,-1,2006
7010,Gabon,Benin,1,2006
6079,Gabon,Burkina Faso,-1,2006
6102,Gabon,Burundi,1,2006
7436,Gabon,Congo,-1,2006
5456,Gabon,Equatorial Guinea,1,2006
5017,Gabon,Morocco,-1,2006
7038,Gabon,Nigeria,-1,2006
7663,Gabon,Rwanda,1,2006
5780,Gabon,Sierra Leone,1,2006
7560,Gabon,Zambia,-1,2006
6629,Gabon,Zimbabwe,-1,2006
8101,Galicia,Uruguay,1,2006
4992,Gambia,Guinea,1,2006
7645,Gambia,Guinea,-1,2006
5102,Gambia,Lesotho,1,2006
6035,Gambia,Liberia,1,2006
5586,Gambia,Mauritania,1,2006
4543,Gambia,Morocco,-1,2006
5360,Gambia,Nigeria,-1,2006
5484,Gambia,Senegal,-1,2006
4982,Gambia,Sierra Leone,1,2006
5892,Georgia,Albania,1,2006
6967,Georgia,Albania,1,2006
6369,Georgia,Armenia,-1,2006
7160,Georgia,Denmark,-1,2006
7460,Georgia,Greece,-1,2006
6561,Georgia,Israel,-1,2006
8025,Georgia,Jordan,1,2006
7916,Georgia,Kazakhstan,-1,2006
7365,Georgia,Lithuania,1,2006
5331,Georgia,Moldova,-1,2006
5457,Georgia,Republic of Ireland,-1,2006
5541,Georgia,Russia,1,2006
4699,Georgia,South Africa,1,2006
5505,Georgia,Switzerland,-1,2006
7500,Georgia,Turkey,-1,2006
7821,Georgia,Ukraine,-1,2006
4732,Germany,Argentina,-1,2006
7366,Germany,Argentina,-1,2006
7681,Germany,Argentina,-1,2006
7657,Germany,Australia,1,2006
4791,Germany,Austria,1,2006
6420,Germany,Belgium,1,2006
4888,Germany,Brazil,-1,2006
6968,Germany,Brazil,-1,2006
7686,Germany,Brazil,-1,2006
7161,Germany,Cameroon,1,2006
5591,Germany,Canada,1,2006
7959,Germany,China PR,1,2006
6746,Germany,Czech Republic,-1,2006
5115,Germany,Faroe Islands,1,2006
6103,Germany,France,-1,2006
6650,Germany,Hungary,-1,2006
6003,Germany,Iceland,1,2006
4635,Germany,Israel,1,2006
5848,Germany,Italy,-1,2006
4765,Germany,Kuwait,1,2006
5458,Germany,Lithuania,-1,2006
6562,Germany,Malta,1,2006
7690,Germany,Mexico,1,2006
5167,Germany,Netherlands,-1,2006
6699,Germany,Netherlands,-1,2006
4870,Germany,Paraguay,1,2006
4831,Germany,Republic of Ireland,-1,2006
7625,Germany,Russia,-1,2006
4818,Germany,Saudi Arabia,1,2006
5927,Germany,Scotland,1,2006
5542,Germany,Serbia,1,2006
7870,Germany,South Africa,1,2006
23188,Germany,South Korea,1,2006
7664,Germany,Tunisia,1,2006
4700,Germany,United States,1,2006
4878,Germany,United States,1,2006
6483,Ghana,Angola,-1,2006
5305,Ghana,Benin,1,2006
7608,Ghana,Burkina Faso,1,2006
6951,Ghana,Cape Verde,1,2006
7064,Ghana,DR Congo,-1,2006
5669,Ghana,Kenya,-1,2006
5063,Ghana,Lesotho,1,2006
5485,Ghana,Madagascar,-1,2006
5237,Ghana,Nigeria,-1,2006
5103,Ghana,Rwanda,1,2006
6122,Ghana,Somalia,1,2006
6148,Ghana,Somalia,1,2006
6728,Ghana,South Africa,1,2006
6696,Ghana,Togo,-1,2006
5693,Ghana,Uganda,-1,2006
7853,Ghana,Uganda,1,2006
5728,Gibraltar,Greenland,1,2006
4656,Gibraltar,Monaco,-1,2006
7545,Gibraltar,Monaco,1,2006
5717,Gibraltar,Sark,1,2006
5757,Gibraltar,Ynys Môn,-1,2006
5724,Gotland,Frøya,-1,2006
5755,Gotland,Greenland,1,2006
5749,Gotland,Saare County,1,2006
7501,Greece,Albania,1,2006
5116,Greece,Armenia,1,2006
6329,Greece,Bulgaria,1,2006
4775,Greece,Cyprus,1,2006
4733,Greece,Czech Republic,-1,2006
6761,Greece,Czech Republic,1,2006
7367,Greece,Denmark,1,2006
7960,Greece,Georgia,1,2006
8026,Greece,Hungary,1,2006
7676,Greece,Japan,-1,2006
7162,Greece,Kazakhstan,1,2006
7683,Greece,Mexico,-1,2006
6004,Greece,Northern Ireland,1,2006
5332,Greece,Norway,1,2006
5168,Greece,Republic of Ireland,-1,2006
5018,Greece,Spain,-1,2006
6701,Greece,Spain,-1,2006
4636,Greece,Sweden,-1,2006
6421,Greece,Switzerland,1,2006
6969,Greece,Turkey,-1,2006
5654,Greece,Ukraine,1,2006
7626,Greece,Ukraine,-1,2006
7726,Greenland,Guernsey,-1,2006
5738,Greenland,Sark,1,2006
7708,Greenland,Ynys Môn,-1,2006
5147,Grenada,Barbados,-1,2006
6285,Grenada,Barbados,-1,2006
4879,Grenada,British Virgin Islands,1,2006
5145,Grenada,Guadeloupe,-1,2006
6376,Grenada,Guyana,1,2006
4935,Grenada,Jamaica,-1,2006
5150,Grenada,Jamaica,-1,2006
7212,Grenada,Puerto Rico,1,2006
6608,Grenada,Saint Lucia,1,2006
4895,Grenada,Saint Martin,1,2006
6516,Grenada,Saint Vincent and the Grenadines,-1,2006
7201,Grenada,Suriname,-1,2006
4932,Grenada,Taiwan,1,2006
4534,Grenada,Trinidad and Tobago,-1,2006
6729,Grenada,United States,-1,2006
5486,Guadeloupe,Antigua and Barbuda,1,2006
5431,Guadeloupe,Cuba,-1,2006
7139,Guadeloupe,Dominica,1,2006
5401,Guadeloupe,French Guiana,-1,2006
5593,Guadeloupe,French Guiana,1,2006
7134,Guadeloupe,French Guiana,-1,2006
4898,Guadeloupe,Puerto Rico,1,2006
6257,Guadeloupe,Saint Lucia,1,2006
7421,Guam,Hong Kong,-1,2006
5385,Guam,Macau,-1,2006
5526,Guam,Mongolia,-1,2006
7426,Guam,North Korea,-1,2006
5386,Guam,Taiwan,-1,2006
7395,Guatemala,Belize,1,2006
7141,Guatemala,Bolivia,1,2006
7163,Guatemala,Canada,-1,2006
7322,Guatemala,Colombia,-1,2006
6952,Guatemala,Costa Rica,1,2006
7411,Guatemala,Costa Rica,-1,2006
7961,Guatemala,Costa Rica,1,2006
4571,Guatemala,El Salvador,-1,2006
6515,Guatemala,Haiti,1,2006
7392,Guatemala,Haiti,1,2006
5379,Guatemala,Honduras,1,2006
5694,Guatemala,Honduras,-1,2006
7083,Guatemala,Honduras,1,2006
7405,Guatemala,Honduras,-1,2006
5806,Guatemala,Jamaica,-1,2006
7530,Guatemala,Jamaica,-1,2006
7697,Guatemala,Jamaica,-1,2006
7895,Guatemala,Jamaica,-1,2006
7582,Guatemala,Mexico,-1,2006
5364,Guatemala,Nicaragua,1,2006
7401,Guatemala,Nicaragua,1,2006
6510,Guatemala,Panama,-1,2006
7417,Guatemala,Panama,1,2006
7777,Guatemala,Panama,1,2006
7328,Guatemala,Paraguay,-1,2006
5740,Guatemala,Peru,-1,2006
7721,Guatemala,South Africa,-1,2006
6730,Guatemala,Suriname,1,2006
6857,Guatemala,Trinidad and Tobago,1,2006
7461,Guatemala,Trinidad and Tobago,1,2006
7871,Guatemala,United States,-1,2006
5716,Guernsey,Alderney,1,2006
5759,Guernsey,Isle of Man,1,2006
5752,Guernsey,Isle of Wight,1,2006
5567,Guernsey,Jersey,-1,2006
7533,Guernsey,Jersey,-1,2006
5726,Guernsey,Orkney,1,2006
7707,Guernsey,Orkney,1,2006
7712,Guernsey,Western Isles,1,2006
7729,Guernsey,Ynys Môn,1,2006
6953,Guinea,Botswana,1,2006
6260,Guinea,Burkina Faso,1,2006
5781,Guinea,Ethiopia,1,2006
8039,Guinea,Guinea-Bissau,-1,2006
7609,Guinea,Kenya,1,2006
5039,Guinea,Liberia,1,2006
7854,Guinea,Malawi,1,2006
5333,Guinea,Mali,-1,2006
7368,Guinea,Mali,-1,2006
7065,Guinea,Morocco,-1,2006
6036,Guinea,Mozambique,1,2006
5487,Guinea,Niger,1,2006
8041,Guinea,Sierra Leone,1,2006
6731,Guinea,Tunisia,1,2006
5989,Guinea-Bissau,Mali,-1,2006
8040,Guinea-Bissau,Sierra Leone,-1,2006
4927,Guyana,Curaçao,1,2006
7894,Guyana,Dominica,1,2006
7897,Guyana,Dominica,1,2006
6386,Guyana,Grenada,-1,2006
5156,Haiti,Antigua and Barbuda,1,2006
6871,Haiti,Brazil,-1,2006
4547,Haiti,Canada,-1,2006
5873,Haiti,China PR,1,2006
7314,Haiti,Cuba,-1,2006
5186,Haiti,Curaçao,1,2006
6679,Haiti,Jamaica,-1,2006
5432,Haiti,Martinique,1,2006
6286,Haiti,Nicaragua,-1,2006
7252,Haiti,Saint Kitts and Nevis,1,2006
5826,Haiti,Trinidad and Tobago,1,2006
6330,Haiti,Turks and Caicos Islands,1,2006
7202,Haiti,United States Virgin Islands,1,2006
5310,Honduras,Argentina,-1,2006
7039,Honduras,Canada,-1,2006
5655,Honduras,Chile,-1,2006
5169,Honduras,Colombia,1,2006
5543,Honduras,Colombia,-1,2006
6331,Honduras,Colombia,-1,2006
7701,Honduras,Colombia,1,2006
7164,Honduras,Costa Rica,-1,2006
7736,Honduras,Costa Rica,1,2006
6713,Honduras,Curaçao,1,2006
6484,Honduras,Ecuador,-1,2006
5358,Honduras,El Salvador,-1,2006
5711,Honduras,El Salvador,-1,2006
6123,Honduras,Finland,-1,2006
6970,Honduras,Guatemala,-1,2006
5319,Honduras,Nicaragua,1,2006
7396,Honduras,Nicaragua,1,2006
6463,Honduras,Panama,-1,2006
6842,Honduras,Panama,-1,2006
7412,Honduras,Panama,1,2006
7715,Honduras,Panama,1,2006
5506,Honduras,Paraguay,-1,2006
5488,Hong Kong,Bangladesh,-1,2006
7369,Hong Kong,Brazil,-1,2006
6422,Hong Kong,China PR,-1,2006
5388,Hong Kong,Guam,1,2006
6971,Hong Kong,Kuwait,-1,2006
5425,Hong Kong,Laos,1,2006
5383,Hong Kong,Macau,1,2006
7554,Hong Kong,Macau,1,2006
7084,Hong Kong,Malaysia,1,2006
5387,Hong Kong,Mongolia,1,2006
7420,Hong Kong,Mongolia,1,2006
7224,Hong Kong,Myanmar,-1,2006
7431,Hong Kong,North Korea,-1,2006
6188,Hong Kong,South Korea,-1,2006
5373,Hong Kong,Taiwan,1,2006
6080,Hong Kong,Tajikistan,-1,2006
6084,Hong Kong,Thailand,1,2006
6149,Hong Kong,Uzbekistan,-1,2006
7778,Hungary,Argentina,-1,2006
6332,Hungary,Armenia,1,2006
4734,Hungary,Belarus,-1,2006
6485,Hungary,Brazil,-1,2006
7502,Hungary,Bulgaria,-1,2006
4763,Hungary,Croatia,-1,2006
7962,Hungary,Croatia,-1,2006
6150,Hungary,Estonia,-1,2006
7225,Hungary,Estonia,1,2006
6972,Hungary,Iceland,1,2006
6469,Hungary,Japan,1,2006
5606,Hungary,Latvia,1,2006
5544,Hungary,Luxembourg,1,2006
7822,Hungary,Malta,1,2006
5170,Hungary,Moldova,-1,2006
6005,Hungary,Poland,-1,2006
5117,Hungary,San Marino,1,2006
7341,Hungary,Saudi Arabia,-1,2006
7218,Hungary,Slovakia,-1,2006
4959,Hungary,Spain,-1,2006
5507,Hungary,Sweden,-1,2006
7872,Hungary,Sweden,-1,2006
4960,Iceland,Andorra,1,2006
6925,Iceland,Bulgaria,-1,2006
7823,Iceland,Croatia,-1,2006
5607,Iceland,Faroe Islands,1,2006
5893,Iceland,Germany,-1,2006
5019,Iceland,Hungary,-1,2006
7583,Iceland,Hungary,-1,2006
6872,Iceland,Italy,1,2006
6584,Iceland,Japan,-1,2006
5118,Iceland,Lithuania,1,2006
7627,Iceland,Malta,1,2006
5075,Iceland,Scotland,-1,2006
7779,Iceland,South Africa,1,2006
7085,Iceland,Sweden,-1,2006
8081,India,Bhutan,1,2006
4986,India,Jamaica,-1,2006
4993,India,Jamaica,-1,2006
6973,India,Japan,-1,2006
6899,India,Myanmar,1,2006
8074,India,Nepal,1,2006
5489,India,North Korea,-1,2006
6423,India,Oman,-1,2006
5283,India,Pakistan,-1,2006
6064,India,Rwanda,1,2006
6333,India,Singapore,1,2006
5293,India,Sri Lanka,-1,2006
6072,India,Zimbabwe,1,2006
5976,Indonesia,Bhutan,1,2006
5242,Indonesia,Cambodia,1,2006
7258,Indonesia,Cambodia,1,2006
6616,Indonesia,India,-1,2006
5272,Indonesia,Malaysia,1,2006
7304,Indonesia,Malaysia,-1,2006
5238,Indonesia,Myanmar,-1,2006
5264,Indonesia,Philippines,1,2006
7073,Indonesia,Saudi Arabia,-1,2006
7237,Indonesia,Singapore,-1,2006
7312,Indonesia,Singapore,-1,2006
6662,Indonesia,Sri Lanka,1,2006
5279,Indonesia,Thailand,-1,2006
7165,Indonesia,Turkmenistan,1,2006
5258,Indonesia,Vietnam,-1,2006
6045,Indonesia,Yemen,-1,2006
7555,Iran,Azerbaijan,1,2006
6854,Iran,Bahrain,1,2006
7628,Iran,Bahrain,1,2006
7342,Iran,Bosnia and Herzegovina,1,2006
7040,Iran,Germany,-1,2006
5829,Iran,Iraq,-1,2006
6747,Iran,Iraq,1,2006
7441,Iran,Japan,1,2006
5882,Iran,Jordan,1,2006
6663,Iran,Jordan,-1,2006
7166,Iran,Laos,1,2006
4998,Iran,Lebanon,1,2006
6173,Iran,Lebanon,1,2006
6705,Iran,Lebanon,1,2006
7809,Iran,Libya,1,2006
5049,Iran,Morocco,-1,2006
6037,Iran,New Zealand,1,2006
6088,Iran,North Korea,1,2006
7564,Iran,North Korea,1,2006
7284,Iran,Panama,1,2006
5051,Iran,Paraguay,-1,2006
6334,Iran,Qatar,1,2006
4610,Iran,Slovakia,-1,2006
6741,Iran,Syria,1,2006
6752,Iran,Syria,1,2006
6822,Iran,Thailand,1,2006
8016,Iran,Togo,1,2006
4657,Iran,Venezuela,1,2006
5978,Iraq,Bahrain,1,2006
5000,Iraq,Iran,-1,2006
6753,Iraq,Jordan,-1,2006
6206,Iraq,Kenya,1,2006
6059,Iraq,Malaysia,1,2006
6038,Iraq,Myanmar,1,2006
4535,Iraq,Oman,1,2006
7239,Iraq,Oman,-1,2006
6714,Iraq,Palestine,1,2006
7146,Iraq,Palestine,1,2006
8054,Iraq,Palestine,1,2006
8068,Iraq,Saudi Arabia,1,2006
8075,Iraq,Saudi Arabia,1,2006
4916,Iraq,Syria,1,2006
4919,Iraq,Syria,1,2006
6664,Iraq,Taiwan,1,2006
7276,Iraq,United Arab Emirates,-1,2006
5830,Iraq,Uruguay,-1,2006
6814,Iraq,Uzbekistan,-1,2006
7086,Iraq,Uzbekistan,-1,2006
7229,Iraq,Yemen,1,2006
5751,Isle of Man,Jersey,1,2006
5723,Isle of Man,Saare County,1,2006
7710,Isle of Man,Saare County,-1,2006
5737,Isle of Wight,Gibraltar,1,2006
5718,Isle of Wight,Greenland,-1,2006
5334,Israel,Armenia,1,2006
7371,Israel,Croatia,-1,2006
5546,Israel,Cyprus,1,2006
6974,Israel,Cyprus,1,2006
7917,Israel,Faroe Islands,1,2006
5508,Israel,France,-1,2006
7503,Israel,France,-1,2006
6411,Israel,Lithuania,1,2006
5928,Israel,Malta,-1,2006
5392,Israel,Moldova,-1,2006
6486,Israel,Moldova,-1,2006
7462,Israel,Republic of Ireland,-1,2006
5609,Israel,Slovenia,-1,2006
7041,Israel,Switzerland,-1,2006
6006,Italy,Azerbaijan,1,2006
7088,Italy,Belarus,1,2006
6745,Italy,Bulgaria,1,2006
4843,Italy,Croatia,-1,2006
6336,Italy,Czech Republic,-1,2006
4827,Italy,Ecuador,1,2006
5459,Italy,Finland,1,2006
7167,Italy,Finland,1,2006
7504,Italy,Iceland,-1,2006
7964,Italy,Moldova,1,2006
5594,Italy,Northern Ireland,1,2006
6927,Italy,Norway,1,2006
5335,Italy,Portugal,1,2006
6124,Italy,Romania,1,2006
7372,Italy,Russia,1,2006
7463,Italy,Scotland,1,2006
5076,Italy,Serbia,-1,2006
7629,Italy,Serbia,-1,2006
4961,Italy,Slovenia,-1,2006
7918,Italy,Slovenia,1,2006
6487,Italy,Spain,-1,2006
6708,Italy,Sweden,-1,2006
5171,Italy,Turkey,-1,2006
4638,Italy,United States,1,2006
4736,Italy,Uruguay,-1,2006
5895,Italy,Wales,1,2006
7486,Ivory Coast,Benin,1,2006
5636,Ivory Coast,Burundi,1,2006
7855,Ivory Coast,Cameroon,-1,2006
7350,Ivory Coast,DR Congo,-1,2006
7677,Ivory Coast,Egypt,1,2006
5050,Ivory Coast,Gambia,1,2006
6488,Ivory Coast,Guinea,1,2006
8027,Ivory Coast,Italy,-1,2006
6651,Ivory Coast,Libya,1,2006
4538,Ivory Coast,Nigeria,-1,2006
5040,Ivory Coast,South Africa,-1,2006
6954,Ivory Coast,Sudan,1,2006
5420,Jamaica,Barbados,1,2006
5800,Jamaica,Colombia,-1,2006
5782,Jamaica,Cuba,-1,2006
6125,Jamaica,El Salvador,1,2006
7089,Jamaica,El Salvador,-1,2006
7313,Jamaica,French Guiana,1,2006
5148,Jamaica,Guadeloupe,1,2006
7009,Jamaica,Guatemala,-1,2006
5490,Jamaica,Haiti,1,2006
6732,Jamaica,Haiti,1,2006
7213,Jamaica,Haiti,1,2006
6425,Jamaica,Honduras,-1,2006
7585,Jamaica,Honduras,-1,2006
5441,Jamaica,Martinique,-1,2006
4792,Jamaica,Nigeria,-1,2006
5578,Jamaica,Nigeria,1,2006
6928,Jamaica,Panama,-1,2006
5794,Jamaica,Paraguay,1,2006
5433,Jamaica,Saint Lucia,1,2006
7289,Jamaica,Saint Lucia,1,2006
7203,Jamaica,Saint Martin,1,2006
7702,Jamaica,South Africa,-1,2006
7398,Jamaica,Trinidad and Tobago,1,2006
5336,Jamaica,United States,-1,2006
6874,Jamaica,United States,-1,2006
7206,Jamaica,United States Virgin Islands,1,2006
6337,Jamaica,Uruguay,1,2006
6489,Jamaica,Venezuela,1,2006
8028,Japan,Angola,1,2006
5172,Japan,Argentina,-1,2006
5637,Japan,Argentina,-1,2006
6875,Japan,Argentina,-1,2006
7505,Japan,Bahrain,1,2006
4829,Japan,Belgium,-1,2006
7684,Japan,Brazil,-1,2006
6151,Japan,Cameroon,-1,2006
6189,Japan,China PR,1,2006
7748,Japan,China PR,-1,2006
5695,Japan,Colombia,-1,2006
4737,Japan,Costa Rica,-1,2006
7277,Japan,Germany,-1,2006
4756,Japan,Honduras,-1,2006
7874,Japan,Honduras,1,2006
6665,Japan,India,1,2006
6843,Japan,Iran,-1,2006
7781,Japan,Iran,1,2006
6311,Japan,Iraq,1,2006
5120,Japan,Jamaica,-1,2006
6847,Japan,Jordan,-1,2006
7337,Japan,Kazakhstan,1,2006
6300,Japan,Malaysia,1,2006
7659,Japan,Mexico,-1,2006
5849,Japan,Nigeria,1,2006
7373,Japan,North Korea,1,2006
6338,Japan,Oman,1,2006
6823,Japan,Oman,1,2006
5657,Japan,Paraguay,-1,2006
7539,Japan,Peru,-1,2006
4847,Japan,Russia,1,2006
5929,Japan,Senegal,-1,2006
6804,Japan,Serbia,1,2006
7168,Japan,Singapore,1,2006
4755,Japan,Slovakia,1,2006
6789,Japan,Slovakia,1,2006
5587,Japan,South Korea,-1,2006
6196,Japan,South Korea,-1,2006
4810,Japan,Sweden,-1,2006
7343,Japan,Syria,1,2006
4866,Japan,Tunisia,1,2006
4875,Japan,Turkey,-1,2006
4683,Japan,Ukraine,1,2006
7546,Japan,United Arab Emirates,-1,2006
5442,Japan,Uruguay,-1,2006
5735,Jersey,Gotland,-1,2006
4760,Jersey,Guernsey,1,2006
5571,Jersey,Guernsey,1,2006
6513,Jersey,Guernsey,1,2006
7536,Jersey,Guernsey,-1,2006
5758,Jersey,Isle of Wight,1,2006
5140,Jersey,Kernow,-1,2006
7119,Jersey,Kernow,-1,2006
5725,Jersey,Shetland,1,2006
7782,Jordan,Armenia,-1,2006
6876,Jordan,Azerbaijan,-1,2006
5276,Jordan,Bahrain,-1,2006
6312,Jordan,Indonesia,1,2006
4987,Jordan,Iran,1,2006
5962,Jordan,Iran,1,2006
6975,Jordan,Iran,-1,2006
5020,Jordan,Iraq,-1,2006
5867,Jordan,Iraq,1,2006
6742,Jordan,Iraq,1,2006
7630,Jordan,Iraq,-1,2006
4945,Jordan,Kenya,-1,2006
6829,Jordan,Kuwait,1,2006
6339,Jordan,Laos,1,2006
6050,Jordan,Lebanon,1,2006
6906,Jordan,Lebanon,-1,2006
5194,Jordan,Malaysia,1,2006
6140,Jordan,North Korea,1,2006
7335,Jordan,Norway,-1,2006
6426,Jordan,Qatar,1,2006
5197,Jordan,Singapore,1,2006
4947,Jordan,Sudan,-1,2006
5253,Jordan,Sudan,1,2006
5231,Jordan,Syria,1,2006
5951,Jordan,Syria,-1,2006
6748,Jordan,Syria,-1,2006
6840,Jordan,United Arab Emirates,-1,2006
7090,Kazakhstan,Albania,-1,2006
6365,Kazakhstan,Armenia,-1,2006
6490,Kazakhstan,Azerbaijan,-1,2006
7965,Kazakhstan,Denmark,-1,2006
4899,Kazakhstan,Estonia,-1,2006
7783,Kazakhstan,Georgia,-1,2006
7875,Kazakhstan,Greece,-1,2006
7631,Kazakhstan,Turkey,-1,2006
6976,Kazakhstan,Ukraine,-1,2006
7464,Kenya,Botswana,1,2006
5207,Kenya,Burundi,-1,2006
5763,Kenya,Cape Verde,1,2006
6201,Kenya,Egypt,-1,2006
5213,Kenya,Eritrea,1,2006
6183,Kenya,Eritrea,1,2006
7440,Kenya,Ghana,-1,2006
7169,Kenya,Guinea,1,2006
6929,Kenya,Malawi,1,2006
6267,Kenya,Mali,-1,2006
5460,Kenya,Mauritania,1,2006
7665,Kenya,Morocco,-1,2006
6193,Kenya,Rwanda,-1,2006
7427,Kenya,Rwanda,-1,2006
5136,Kenya,South Africa,-1,2006
7253,Kenya,Sudan,-1,2006
7303,Kenya,Sudan,-1,2006
4766,Kenya,Tanzania,1,2006
5421,Kenya,Tanzania,1,2006
6104,Kenya,Tanzania,1,2006
5021,Kenya,Togo,1,2006
5588,Kenya,Trinidad and Tobago,-1,2006
7824,Kenya,Tunisia,-1,2006
4936,Kenya,Uganda,-1,2006
5138,Kenya,Uganda,-1,2006
5402,Kenya,Uganda,-1,2006
6877,Kenya,Uganda,1,2006
7285,Kenya,Uganda,-1,2006
6028,Kernow,Jersey,1,2006
7984,Kernow,Jersey,1,2006
5789,Kiribati,Vanuatu,-1,2006
7434,Kuwait,Armenia,1,2006
4569,Kuwait,Bahrain,-1,2006
6243,Kuwait,Bahrain,-1,2006
7263,Kuwait,Bahrain,-1,2006
7092,Kuwait,China PR,1,2006
7547,Kuwait,Egypt,-1,2006
7428,Kuwait,Finland,-1,2006
6667,Kuwait,Hong Kong,1,2006
4526,Kuwait,Iceland,-1,2006
7132,Kuwait,India,-1,2006
4816,Kuwait,Iran,-1,2006
8043,Kuwait,Iraq,-1,2006
5265,Kuwait,Jordan,-1,2006
7135,Kuwait,Kyrgyzstan,1,2006
6207,Kuwait,Lebanon,1,2006
6211,Kuwait,Lebanon,-1,2006
7171,Kuwait,Malaysia,1,2006
7325,Kuwait,Norway,-1,2006
4550,Kuwait,Oman,-1,2006
6218,Kuwait,Oman,-1,2006
5269,Kuwait,Palestine,-1,2006
5974,Kuwait,Palestine,1,2006
5979,Kuwait,Palestine,1,2006
4585,Kuwait,Qatar,-1,2006
5946,Kuwait,Qatar,1,2006
6241,Kuwait,Qatar,-1,2006
6235,Kuwait,Saudi Arabia,-1,2006
7508,Kuwait,Saudi Arabia,-1,2006
5965,Kuwait,Singapore,1,2006
7633,Kuwait,South Korea,-1,2006
5246,Kuwait,Sudan,1,2006
6600,Kuwait,Syria,-1,2006
6617,Kuwait,Syria,-1,2006
7007,Kuwait,Syria,-1,2006
7333,Kuwait,Syria,1,2006
7232,Kuwait,Tajikistan,1,2006
4594,Kuwait,United Arab Emirates,1,2006
6226,Kuwait,United Arab Emirates,-1,2006
6820,Kuwait,United Arab Emirates,1,2006
7743,Kuwait,United Arab Emirates,-1,2006
7443,Kuwait,Uzbekistan,1,2006
6232,Kuwait,Yemen,1,2006
7283,Kuwait,Yemen,1,2006
4519,Kuwait,Zimbabwe,1,2006
5404,Kyrgyzstan,Afghanistan,-1,2006
6978,Kyrgyzstan,Bahrain,-1,2006
6185,Kyrgyzstan,Pakistan,1,2006
6428,Kyrgyzstan,Syria,-1,2006
6341,Kyrgyzstan,Tajikistan,-1,2006
5437,Laos,Bangladesh,1,2006
7245,Laos,Cambodia,1,2006
7233,Laos,Indonesia,-1,2006
6429,Laos,Iran,-1,2006
7093,Laos,Jordan,-1,2006
6979,Laos,Qatar,-1,2006
6175,Laos,Sri Lanka,-1,2006
4896,Latvia,Azerbaijan,-1,2006
6652,Latvia,Azerbaijan,-1,2006
4962,Latvia,Belarus,-1,2006
7094,Latvia,Estonia,-1,2006
7351,Latvia,Finland,-1,2006
6715,Latvia,Germany,-1,2006
5930,Latvia,Hungary,1,2006
6366,Latvia,Hungary,-1,2006
6492,Latvia,Iceland,-1,2006
7919,Latvia,Japan,-1,2006
4738,Latvia,Kazakhstan,1,2006
6342,Latvia,Kazakhstan,1,2006
6212,Latvia,Kuwait,-1,2006
7634,Latvia,Liechtenstein,1,2006
5337,Latvia,Lithuania,1,2006
5753,Latvia,Lithuania,1,2006
7509,Latvia,Luxembourg,1,2006
8112,Latvia,North Korea,1,2006
7222,Latvia,Oman,-1,2006
5896,Latvia,Poland,-1,2006
6930,Latvia,Portugal,-1,2006
7785,Latvia,Russia,-1,2006
5547,Latvia,San Marino,1,2006
7876,Latvia,Slovakia,-1,2006
5023,Latvia,Sweden,-1,2006
6105,Latvia,Turkey,1,2006
5850,Latvia,Uzbekistan,-1,2006
6878,Latvia,Wales,-1,2006
5270,Lebanon,Bahrain,-1,2006
6304,Lebanon,Bahrain,1,2006
6558,Lebanon,Bahrain,-1,2006
6152,Lebanon,Iran,-1,2006
4994,Lebanon,Jordan,-1,2006
6089,Lebanon,Jordan,-1,2006
7011,Lebanon,Kuwait,-1,2006
7012,Lebanon,Kuwait,-1,2006
6668,Lebanon,Maldives,1,2006
6075,Lebanon,North Korea,-1,2006
7095,Lebanon,South Korea,-1,2006
5866,Lebanon,Syria,1,2006
6400,Lebanon,Syria,-1,2006
7172,Lebanon,Vietnam,-1,2006
5267,Lebanon,Yemen,1,2006
5569,Lesotho,Botswana,-1,2006
6126,Lesotho,Botswana,-1,2006
6377,Lesotho,Botswana,-1,2006
7271,Lesotho,Botswana,-1,2006
5405,Lesotho,DR Congo,-1,2006
5579,Lesotho,Eswatini,1,2006
5973,Lesotho,Eswatini,1,2006
7561,Lesotho,Eswatini,-1,2006
5783,Lesotho,Gambia,1,2006
5572,Lesotho,Malawi,-1,2006
7648,Lesotho,Malawi,-1,2006
4720,Lesotho,Mozambique,-1,2006
7437,Lesotho,Namibia,-1,2006
5041,Lesotho,Senegal,-1,2006
5980,Lesotho,South Africa,-1,2006
4579,Liberia,Algeria,-1,2006
7678,Liberia,Congo,-1,2006
5639,Liberia,Ethiopia,1,2006
6127,Liberia,Gambia,1,2006
5687,Liberia,Guinea,-1,2006
6653,Liberia,Mali,1,2006
5079,Liberia,Niger,1,2006
4590,Liberia,Nigeria,-1,2006
7066,Liberia,Senegal,-1,2006
6775,Liberia,Togo,-1,2006
7896,Liberia,Zambia,-1,2006
5548,Libya,Argentina,-1,2006
6910,Libya,Benin,1,2006
5491,Libya,Botswana,-1,2006
6709,Libya,Cameroon,-1,2006
5338,Libya,Canada,-1,2006
5042,Libya,DR Congo,1,2006
8030,Libya,DR Congo,1,2006
7016,Libya,Egypt,1,2006
5764,Libya,Eswatini,1,2006
7565,Libya,Ivory Coast,-1,2006
6508,Libya,Jordan,1,2006
7123,Libya,Jordan,1,2006
6252,Libya,Kenya,1,2006
6259,Libya,Kenya,1,2006
7548,Libya,Malawi,-1,2006
7786,Libya,Nigeria,-1,2006
6402,Libya,Qatar,1,2006
7811,Libya,Sudan,-1,2006
6128,Libya,São Tomé and Príncipe,1,2006
4996,Libya,Togo,1,2006
6343,Libya,Ukraine,-1,2006
5462,Liechtenstein,England,-1,2006
6879,Liechtenstein,Estonia,-1,2006
6618,Liechtenstein,Greece,-1,2006
7173,Liechtenstein,Latvia,-1,2006
7877,Liechtenstein,Luxembourg,1,2006
5043,Liechtenstein,North Macedonia,-1,2006
8002,Liechtenstein,North Macedonia,-1,2006
4702,Liechtenstein,Northern Ireland,-1,2006
7042,Liechtenstein,Portugal,-1,2006
7465,Liechtenstein,Russia,-1,2006
5851,Liechtenstein,San Marino,-1,2006
5549,Liechtenstein,Saudi Arabia,1,2006
6007,Liechtenstein,Slovakia,-1,2006
7787,Liechtenstein,Slovakia,-1,2006
5897,Liechtenstein,Turkey,-1,2006
7788,Lithuania,Belarus,1,2006
7967,Lithuania,Belgium,-1,2006
7878,Lithuania,Bosnia and Herzegovina,-1,2006
5077,Lithuania,Faroe Islands,1,2006
5024,Lithuania,Germany,-1,2006
5659,Lithuania,Iceland,-1,2006
4963,Lithuania,Israel,-1,2006
4639,Lithuania,Jordan,-1,2006
7538,Lithuania,Latvia,1,2006
4615,Lithuania,Moldova,1,2006
6203,Lithuania,Poland,-1,2006
5550,Lithuania,Romania,-1,2006
6980,Lithuania,San Marino,1,2006
5509,Lithuania,Scotland,1,2006
7920,Lithuania,Serbia,-1,2006
7096,Lithuania,Spain,-1,2006
4640,Luxembourg,Albania,-1,2006
5931,Luxembourg,Bosnia and Herzegovina,-1,2006
6430,Luxembourg,Bosnia and Herzegovina,-1,2006
8031,Luxembourg,Canada,-1,2006
5174,Luxembourg,Cape Verde,-1,2006
5660,Luxembourg,Denmark,-1,2006
7968,Luxembourg,Estonia,-1,2006
5001,Luxembourg,Israel,-1,2006
4703,Luxembourg,Latvia,-1,2006
6981,Luxembourg,Latvia,-1,2006
4739,Luxembourg,Liechtenstein,-1,2006
7097,Luxembourg,Liechtenstein,-1,2006
5834,Luxembourg,Malta,-1,2006
6166,Luxembourg,Moldova,-1,2006
4964,Luxembourg,Morocco,-1,2006
5510,Luxembourg,Norway,-1,2006
7174,Luxembourg,Portugal,-1,2006
5121,Luxembourg,Romania,-1,2006
7043,Luxembourg,Russia,-1,2006
7635,Luxembourg,Slovakia,-1,2006
5375,Macau,Mongolia,1,2006
5412,Macau,Pakistan,-1,2006
5389,Macau,Taiwan,-1,2006
6176,Macau,Taiwan,-1,2006
6008,Madagascar,Benin,-1,2006
5011,Madagascar,Egypt,1,2006
5530,Madagascar,Mali,-1,2006
5376,Madagascar,Mauritius,1,2006
5784,Madagascar,Mauritius,-1,2006
7985,Madagascar,Mauritius,1,2006
4793,Malawi,Angola,1,2006
5081,Malawi,Angola,1,2006
4844,Malawi,Botswana,1,2006
4848,Malawi,Botswana,1,2006
7666,Malawi,Botswana,-1,2006
5377,Malawi,DR Congo,-1,2006
5380,Malawi,DR Congo,-1,2006
6779,Malawi,Eswatini,-1,2006
6786,Malawi,Eswatini,-1,2006
6106,Malawi,Ethiopia,-1,2006
6766,Malawi,Guinea,-1,2006
7921,Malawi,Kenya,1,2006
6631,Malawi,Morocco,-1,2006
5464,Malawi,Nigeria,-1,2006
5052,Malawi,South Africa,-1,2006
4757,Malawi,Tanzania,1,2006
7045,Malawi,Tunisia,-1,2006
4940,Malawi,Zambia,1,2006
5570,Malawi,Zambia,-1,2006
5831,Malawi,Zambia,-1,2006
4900,Malawi,Zimbabwe,1,2006
4905,Malawi,Zimbabwe,-1,2006
5966,Malawi,Zimbabwe,-1,2006
7418,Malawi,Zimbabwe,1,2006
7890,Malawi,Zimbabwe,1,2006
6039,Malaysia,Bahrain,-1,2006
4811,Malaysia,Brazil,-1,2006
5227,Malaysia,Cambodia,1,2006
6982,Malaysia,China PR,-1,2006
6345,Malaysia,Hong Kong,-1,2006
5963,Malaysia,Indonesia,-1,2006
6389,Malaysia,Indonesia,-1,2006
7310,Malaysia,Indonesia,-1,2006
5990,Malaysia,Iraq,-1,2006
6432,Malaysia,Kuwait,-1,2006
5261,Malaysia,Laos,-1,2006
5981,Malaysia,Myanmar,1,2006
7254,Malaysia,Myanmar,-1,2006
7319,Malaysia,Myanmar,1,2006
7240,Malaysia,Philippines,1,2006
4915,Malaysia,Singapore,-1,2006
6800,Malaysia,Singapore,1,2006
7636,Malaysia,Singapore,-1,2006
7264,Malaysia,Thailand,1,2006
7235,Malaysia,Timor-Leste,1,2006
8071,Maldives,Afghanistan,1,2006
5286,Maldives,Bhutan,1,2006
5413,Maldives,Brunei,-1,2006
8090,Maldives,India,-1,2006
6983,Maldives,Lebanon,-1,2006
6186,Maldives,Mongolia,1,2006
5426,Maldives,Myanmar,-1,2006
6907,Maldives,Oman,-1,2006
6911,Maldives,Oman,-1,2006
6433,Maldives,South Korea,-1,2006
7286,Maldives,Sri Lanka,-1,2006
8078,Maldives,Sri Lanka,1,2006
7098,Maldives,Vietnam,1,2006
4591,Mali,Algeria,1,2006
4612,Mali,Cameroon,-1,2006
7825,Mali,Congo,1,2006
5611,Mali,Eritrea,1,2006
6301,Mali,Guinea,1,2006
6093,Mali,Guinea-Bissau,1,2006
4551,Mali,Liberia,-1,2006
7610,Mali,Liberia,1,2006
5058,Mali,Mauritania,1,2006
5060,Mali,Mauritania,1,2006
6568,Mali,Morocco,-1,2006
4573,Mali,Nigeria,-1,2006
4616,Mali,Nigeria,-1,2006
6955,Mali,Senegal,-1,2006
5104,Mali,Seychelles,1,2006
4606,Mali,South Africa,1,2006
7487,Mali,Togo,-1,2006
4531,Mali,Zambia,-1,2006
6716,Mali,Zambia,-1,2006
5696,Mali,Zimbabwe,-1,2006
4704,Malta,Andorra,-1,2006
4741,Malta,Azerbaijan,1,2006
7969,Malta,Bulgaria,-1,2006
7879,Malta,Croatia,-1,2006
5612,Malta,Cyprus,-1,2006
6320,Malta,Estonia,1,2006
6434,Malta,Finland,-1,2006
5122,Malta,France,-1,2006
7176,Malta,Hungary,-1,2006
7046,Malta,Iceland,-1,2006
5082,Malta,Israel,-1,2006
4617,Malta,Jordan,1,2006
5339,Malta,Kazakhstan,-1,2006
4622,Malta,Lithuania,-1,2006
4641,Malta,Moldova,1,2006
6317,Malta,Moldova,-1,2006
7790,Malta,Northern Ireland,-1,2006
7376,Malta,Norway,-1,2006
6199,Malta,Poland,-1,2006
5551,Malta,Slovenia,-1,2006
6931,Malta,Sweden,-1,2006
4548,Martinique,Costa Rica,-1,2006
5195,Martinique,Cuba,-1,2006
7295,Martinique,Cuba,-1,2006
7136,Martinique,Dominica,1,2006
5191,Martinique,Dominican Republic,1,2006
5399,Martinique,French Guiana,1,2006
7140,Martinique,French Guiana,-1,2006
4517,Martinique,Guadeloupe,-1,2006
7144,Martinique,Guadeloupe,-1,2006
4522,Martinique,Haiti,-1,2006
5531,Martinique,Honduras,-1,2006
5141,Martinique,Saint Kitts and Nevis,1,2006
5064,Martinique,Saint Lucia,1,2006
5524,Martinique,Trinidad and Tobago,1,2006
5004,Mauritania,Cape Verde,-1,2006
5596,Mauritania,Kenya,-1,2006
5765,Mauritania,Togo,-1,2006
6094,Mauritania,Zimbabwe,1,2006
5880,Mauritius,Comoros,1,2006
5465,Mauritius,Egypt,-1,2006
4674,Mauritius,Madagascar,-1,2006
5083,Mauritius,Madagascar,-1,2006
5870,Mauritius,Madagascar,1,2006
7414,Mauritius,Madagascar,1,2006
4966,Mauritius,Réunion,-1,2006
5909,Mauritius,Réunion,1,2006
8094,Mauritius,Réunion,-1,2006
5055,Mauritius,Seychelles,1,2006
5875,Mauritius,Seychelles,-1,2006
6244,Mauritius,South Africa,1,2006
7419,Mauritius,South Africa,-1,2006
6129,Mauritius,Uganda,1,2006
5832,Mayotte,Réunion,-1,2006
4668,Mexico,Albania,1,2006
5311,Mexico,Argentina,-1,2006
7423,Mexico,Argentina,-1,2006
7687,Mexico,Argentina,-1,2006
4780,Mexico,Bolivia,1,2006
5409,Mexico,Bolivia,1,2006
5552,Mexico,Brazil,-1,2006
5801,Mexico,Brazil,1,2006
5823,Mexico,Brazil,1,2006
6815,Mexico,Brazil,-1,2006
7679,Mexico,Brazil,1,2006
4742,Mexico,Bulgaria,1,2006
8032,Mexico,Bulgaria,-1,2006
6346,Mexico,Chile,-1,2006
4767,Mexico,Colombia,1,2006
5340,Mexico,Colombia,-1,2006
7406,Mexico,Colombia,-1,2006
7738,Mexico,Colombia,-1,2006
5818,Mexico,Costa Rica,1,2006
6435,Mexico,Costa Rica,1,2006
7791,Mexico,Costa Rica,1,2006
6757,Mexico,Dominica,1,2006
4849,Mexico,Ecuador,1,2006
6382,Mexico,Ecuador,1,2006
6805,Mexico,Ecuador,1,2006
7126,Mexico,Ecuador,1,2006
4563,Mexico,Guatemala,1,2006
7137,Mexico,Guatemala,1,2006
7703,Mexico,Guatemala,1,2006
7922,Mexico,Guatemala,1,2006
5811,Mexico,Honduras,-1,2006
8091,Mexico,Hungary,1,2006
6153,Mexico,Iceland,-1,2006
4863,Mexico,Italy,-1,2006
5816,Mexico,Jamaica,1,2006
7722,Mexico,Jamaica,1,2006
7880,Mexico,Panama,1,2006
5434,Mexico,Paraguay,-1,2006
5853,Mexico,Peru,-1,2006
7532,Mexico,Poland,-1,2006
7177,Mexico,Saint Kitts and Nevis,1,2006
7014,Mexico,Saint Vincent and the Grenadines,1,2006
4642,Mexico,Serbia,-1,2006
4586,Mexico,South Korea,-1,2006
7334,Mexico,Sweden,-1,2006
7099,Mexico,Trinidad and Tobago,1,2006
7637,Mexico,Trinidad and Tobago,1,2006
4874,Mexico,United States,-1,2006
7488,Mexico,United States,1,2006
6046,Mexico,Uruguay,-1,2006
6783,Mexico,Uruguay,-1,2006
7987,Mexico,Uruguay,1,2006
5730,Micronesia,New Caledonia,-1,2006
5613,Moldova,Austria,1,2006
6436,Moldova,Azerbaijan,1,2006
5932,Moldova,Belarus,1,2006
7826,Moldova,Belarus,1,2006
5084,Moldova,Czech Republic,-1,2006
6880,Moldova,Georgia,1,2006
4705,Moldova,Hungary,-1,2006
6984,Moldova,Italy,-1,2006
4623,Moldova,Jordan,1,2006
5512,Moldova,Netherlands,-1,2006
7511,Moldova,Norway,-1,2006
7100,Moldova,Scotland,-1,2006
7881,Moldova,Slovenia,-1,2006
7537,Monaco,Occitania,-1,2006
5188,Monaco,Vatican City,-1,2006
5384,Mongolia,Guam,1,2006
7424,Mongolia,Guam,1,2006
6177,Mongolia,Maldives,-1,2006
7129,Montserrat,Antigua and Barbuda,-1,2006
6396,Montserrat,Bermuda,-1,2006
6305,Morocco,Algeria,1,2006
6437,Morocco,Angola,1,2006
6494,Morocco,Argentina,-1,2006
6287,Morocco,Benin,1,2006
7827,Morocco,Botswana,1,2006
6107,Morocco,Burkina Faso,1,2006
7178,Morocco,Burkina Faso,1,2006
8018,Morocco,Cameroon,-1,2006
5105,Morocco,Equatorial Guinea,1,2006
5681,Morocco,Gabon,1,2006
4564,Morocco,Ghana,-1,2006
4539,Morocco,Guinea,1,2006
7466,Morocco,Guinea,1,2006
5553,Morocco,Ivory Coast,-1,2006
7377,Morocco,Kenya,1,2006
7586,Morocco,Malawi,1,2006
5176,Morocco,Mali,-1,2006
6154,Morocco,Mali,-1,2006
6308,Morocco,Mali,1,2006
5059,Morocco,Niger,1,2006
5341,Morocco,Senegal,1,2006
5640,Morocco,Sierra Leone,1,2006
6297,Morocco,South Africa,-1,2006
6347,Morocco,Switzerland,1,2006
7792,Morocco,Togo,-1,2006
5933,Morocco,Trinidad and Tobago,1,2006
6932,Morocco,Tunisia,-1,2006
4884,Mozambique,Angola,-1,2006
7005,Mozambique,Angola,-1,2006
6559,Mozambique,Botswana,-1,2006
5492,Mozambique,Burkina Faso,1,2006
5697,Mozambique,Central African Republic,1,2006
5106,Mozambique,Congo,-1,2006
6082,Mozambique,Eswatini,1,2006
6464,Mozambique,Eswatini,1,2006
6591,Mozambique,Eswatini,-1,2006
6130,Mozambique,Guinea,-1,2006
5415,Mozambique,Lesotho,-1,2006
7688,Mozambique,Lesotho,1,2006
6466,Mozambique,Madagascar,1,2006
6690,Mozambique,Malawi,1,2006
7526,Mozambique,Zimbabwe,-1,2006
7891,Mozambique,Zimbabwe,1,2006
5987,Myanmar,Bahrain,-1,2006
5419,Myanmar,Brunei,1,2006
5250,Myanmar,Cambodia,1,2006
6063,Myanmar,Iraq,-1,2006
4782,Myanmar,Malaysia,-1,2006
4798,Myanmar,Malaysia,-1,2006
6068,Myanmar,Malaysia,1,2006
7305,Myanmar,Singapore,-1,2006
7275,Myanmar,Timor-Leste,1,2006
5263,Myanmar,Vietnam,-1,2006
5025,Namibia,Algeria,-1,2006
5953,Namibia,Angola,-1,2006
5400,Namibia,Botswana,-1,2006
6495,Namibia,Botswana,-1,2006
7527,Namibia,Botswana,-1,2006
5614,Namibia,Chad,1,2006
6108,Namibia,Rwanda,-1,2006
5407,Nepal,Afghanistan,1,2006
5291,Nepal,Bhutan,1,2006
8089,Nepal,Bhutan,1,2006
5411,Nepal,Kyrgyzstan,-1,2006
5295,Nepal,Maldives,-1,2006
5959,Nepal,Oman,-1,2006
6069,Nepal,South Korea,-1,2006
6060,Nepal,Vietnam,-1,2006
7882,Netherlands,Andorra,1,2006
5342,Netherlands,Argentina,1,2006
7512,Netherlands,Armenia,1,2006
5899,Netherlands,Austria,1,2006
5026,Netherlands,Belarus,1,2006
6574,Netherlands,Belgium,-1,2006
5466,Netherlands,Czech Republic,-1,2006
6717,Netherlands,Czech Republic,-1,2006
6985,Netherlands,Czech Republic,1,2006
4643,Netherlands,England,-1,2006
6601,Netherlands,Faroe Islands,1,2006
7101,Netherlands,Finland,1,2006
6438,Netherlands,France,-1,2006
7793,Netherlands,Germany,-1,2006
6496,Netherlands,Greece,1,2006
8003,Netherlands,Italy,-1,2006
6749,Netherlands,Latvia,1,2006
6912,Netherlands,Liechtenstein,1,2006
6009,Netherlands,Moldova,1,2006
7970,Netherlands,North Macedonia,-1,2006
5554,Netherlands,Portugal,-1,2006
6632,Netherlands,Republic of Ireland,-1,2006
7587,Netherlands,Romania,1,2006
6155,Netherlands,Scotland,1,2006
4706,Netherlands,Spain,1,2006
6348,Netherlands,United States,1,2006
6534,New Caledonia,Cook Islands,1,2006
4667,New Caledonia,Papua New Guinea,-1,2006
4675,New Caledonia,Tonga,1,2006
6539,New Caledonia,Tonga,1,2006
4909,New Caledonia,Vanuatu,-1,2006
5795,New Caledonia,Vanuatu,-1,2006
4913,New Zealand,Australia,1,2006
5674,New Zealand,Japan,-1,2006
4901,New Zealand,Papua New Guinea,1,2006
4906,New Zealand,Solomon Islands,1,2006
6592,New Zealand,Solomon Islands,1,2006
4890,New Zealand,Tahiti,1,2006
6623,New Zealand,Tahiti,1,2006
4911,New Zealand,Vanuatu,1,2006
6611,New Zealand,Vanuatu,-1,2006
7407,Nicaragua,Belize,1,2006
6509,Nicaragua,Bermuda,1,2006
6512,Nicaragua,Bermuda,1,2006
6379,Nicaragua,Haiti,-1,2006
6694,Nicaragua,Saint Vincent and the Grenadines,-1,2006
6010,Niger,Algeria,-1,2006
5273,Niger,Burkina Faso,-1,2006
5027,Niger,Ethiopia,1,2006
5615,Niger,Guinea,1,2006
5766,Niger,Liberia,1,2006
5280,Niger,Mali,-1,2006
6767,Nigeria,Algeria,1,2006
5688,Nigeria,Angola,-1,2006
7667,Nigeria,Angola,-1,2006
6298,Nigeria,Benin,1,2006
5661,Nigeria,Brazil,-1,2006
7124,Nigeria,Ecuador,-1,2006
5189,Nigeria,Egypt,-1,2006
4857,Nigeria,England,-1,2006
7467,Nigeria,Gabon,1,2006
4607,Nigeria,Ghana,1,2006
5584,Nigeria,Ghana,1,2006
5177,Nigeria,Jamaica,-1,2006
6593,Nigeria,Jamaica,1,2006
4758,Nigeria,Kenya,1,2006
5616,Nigeria,Malawi,1,2006
6313,Nigeria,Mali,1,2006
6270,Nigeria,Morocco,-1,2006
4687,Nigeria,Paraguay,-1,2006
6633,Nigeria,Rwanda,1,2006
4613,Nigeria,Senegal,-1,2006
6288,Nigeria,South Africa,1,2006
5820,Nigeria,Venezuela,1,2006
7923,Nigeria,Zimbabwe,1,2006
7442,North Korea,Bahrain,-1,2006
5423,North Korea,India,1,2006
6071,North Korea,Iran,-1,2006
7506,North Korea,Iran,-1,2006
7632,North Korea,Japan,-1,2006
7745,North Korea,Japan,1,2006
7344,North Korea,Kuwait,-1,2006
8102,North Korea,Latvia,-1,2006
5878,North Korea,Lebanon,-1,2006
7422,North Korea,Mongolia,1,2006
4619,North Korea,Qatar,-1,2006
5370,North Korea,Qatar,-1,2006
4626,North Korea,Singapore,1,2006
5365,North Korea,Sweden,-1,2006
5374,North Korea,Sweden,-1,2006
6977,North Korea,Thailand,1,2006
6427,North Korea,United Arab Emirates,-1,2006
7091,North Korea,Yemen,1,2006
5852,North Macedonia,Albania,1,2006
7375,North Macedonia,Andorra,-1,2006
6895,North Macedonia,Armenia,1,2006
6344,North Macedonia,Bosnia and Herzegovina,1,2006
6493,North Macedonia,Croatia,-1,2006
7175,North Macedonia,Czech Republic,-1,2006
5898,North Macedonia,England,-1,2006
4740,North Macedonia,Finland,1,2006
7789,North Macedonia,Finland,-1,2006
5175,North Macedonia,Israel,-1,2006
5610,North Macedonia,Liechtenstein,1,2006
4965,North Macedonia,Malta,1,2006
7044,North Macedonia,Netherlands,-1,2006
5355,North Macedonia,Poland,-1,2006
5511,North Macedonia,Portugal,-1,2006
7510,North Macedonia,Romania,-1,2006
5463,North Macedonia,Slovakia,-1,2006
5078,North Macedonia,Turkey,-1,2006
6431,North Macedonia,Ukraine,1,2006
5934,Northern Ireland,Armenia,-1,2006
7102,Northern Ireland,Austria,-1,2006
7828,Northern Ireland,Azerbaijan,1,2006
7378,Northern Ireland,Canada,-1,2006
4967,Northern Ireland,Cyprus,-1,2006
7883,Northern Ireland,England,1,2006
5343,Northern Ireland,Finland,-1,2006
7588,Northern Ireland,Germany,-1,2006
5513,Northern Ireland,Greece,-1,2006
6349,Northern Ireland,Norway,-1,2006
4644,Northern Ireland,Poland,-1,2006
6933,Northern Ireland,Poland,-1,2006
8019,Northern Ireland,Portugal,-1,2006
6497,Northern Ireland,Serbia,-1,2006
4743,Northern Ireland,Spain,-1,2006
5662,Northern Ireland,Spain,-1,2006
5123,Northern Ireland,Ukraine,-1,2006
7924,Northern Ireland,Wales,-1,2006
6986,Norway,Belarus,-1,2006
6881,Norway,Belgium,-1,2006
5124,Norway,Bosnia and Herzegovina,1,2006
7541,Norway,Costa Rica,1,2006
8004,Norway,Czech Republic,-1,2006
5028,Norway,Denmark,-1,2006
5574,Norway,Finland,1,2006
6265,Norway,Honduras,1,2006
4806,Norway,Iceland,-1,2006
7589,Norway,Italy,-1,2006
4771,Norway,Japan,1,2006
6011,Norway,Luxembourg,1,2006
7925,Norway,Moldova,1,2006
4968,Norway,Netherlands,-1,2006
5935,Norway,Portugal,-1,2006
5663,Norway,Romania,-1,2006
6498,Norway,Russia,1,2006
5854,Norway,Scotland,-1,2006
7884,Norway,Scotland,-1,2006
7103,Norway,Slovenia,1,2006
6156,Norway,Spain,-1,2006
4744,Norway,Sweden,-1,2006
7794,Norway,Switzerland,-1,2006
6564,Norway,Wales,-1,2006
7534,Occitania,Chechnya,1,2006
7390,Occitania,Monaco,-1,2006
8096,Occitania,Monaco,-1,2006
5936,Oman,Bahrain,1,2006
6233,Oman,Bahrain,-1,2006
7293,Oman,Bahrain,1,2006
6213,Oman,Estonia,1,2006
7179,Oman,India,-1,2006
6833,Oman,Iran,-1,2006
7015,Oman,Iraq,1,2006
7104,Oman,Japan,-1,2006
5982,Oman,Jordan,1,2006
6594,Oman,Maldives,1,2006
6619,Oman,Maldives,1,2006
6054,Oman,Nepal,1,2006
5307,Oman,Norway,-1,2006
4575,Oman,Qatar,-1,2006
6247,Oman,Qatar,1,2006
6237,Oman,Saudi Arabia,-1,2006
6669,Oman,Singapore,1,2006
6061,Oman,South Korea,1,2006
7986,Oman,Syria,-1,2006
8060,Oman,Syria,-1,2006
6844,Oman,Thailand,1,2006
5054,Oman,United Arab Emirates,1,2006
6229,Oman,United Arab Emirates,1,2006
7259,Oman,United Arab Emirates,1,2006
6070,Oman,Vietnam,1,2006
5736,Orkney,Alderney,1,2006
7731,Orkney,Falkland Islands,1,2006
5750,Orkney,Gibraltar,-1,2006
7711,Orkney,Greenland,-1,2006
5756,Orkney,Shetland,-1,2006
7719,Orkney,Ynys Môn,-1,2006
8079,Pakistan,Afghanistan,1,2006
8092,Pakistan,Bangladesh,-1,2006
8103,Pakistan,Bangladesh,-1,2006
5302,Pakistan,India,-1,2006
7652,Pakistan,India,-1,2006
7660,Pakistan,India,-1,2006
7668,Pakistan,India,1,2006
6178,Pakistan,Kyrgyzstan,-1,2006
5298,Pakistan,Maldives,-1,2006
8086,Pakistan,Maldives,-1,2006
5289,Pakistan,Sri Lanka,1,2006
8072,Pakistan,Sri Lanka,1,2006
4995,Palestine,Iraq,-1,2006
6439,Palestine,Iraq,-1,2006
5240,Palestine,Jordan,-1,2006
6706,Palestine,Jordan,-1,2006
6350,Palestine,Taiwan,1,2006
6987,Palestine,Uzbekistan,-1,2006
6499,Panama,Bermuda,1,2006
5381,Panama,Costa Rica,-1,2006
7408,Panama,Costa Rica,-1,2006
7829,Panama,Costa Rica,-1,2006
5708,Panama,Cuba,1,2006
5712,Panama,Cuba,1,2006
5316,Panama,El Salvador,-1,2006
7180,Panama,El Salvador,1,2006
5361,Panama,Guatemala,1,2006
6830,Panama,Guatemala,-1,2006
7379,Panama,Guatemala,-1,2006
5366,Panama,Honduras,-1,2006
7047,Panama,Jamaica,-1,2006
7513,Panama,Mexico,-1,2006
5372,Panama,Nicaragua,-1,2006
5855,Panama,Paraguay,-1,2006
6691,Panama,Saint Lucia,1,2006
7704,Panama,Trinidad and Tobago,-1,2006
7926,Panama,Trinidad and Tobago,-1,2006
6988,Panama,United States,-1,2006
7638,Panama,United States,-1,2006
5790,Papua New Guinea,Micronesia,1,2006
5720,Papua New Guinea,New Caledonia,-1,2006
4891,Papua New Guinea,Solomon Islands,-1,2006
5670,Papua New Guinea,Solomon Islands,-1,2006
4907,Papua New Guinea,Tahiti,-1,2006
4671,Papua New Guinea,Tonga,1,2006
5731,Papua New Guinea,Tonga,-1,2006
6518,Papua New Guinea,Vanuatu,-1,2006
7830,Paraguay,Argentina,1,2006
4645,Paraguay,Bolivia,-1,2006
7639,Paraguay,Bolivia,1,2006
6440,Paraguay,Brazil,-1,2006
6797,Paraguay,Chile,-1,2006
7514,Paraguay,Chile,1,2006
7971,Paraguay,Colombia,-1,2006
6109,Paraguay,Ecuador,1,2006
7795,Paraguay,El Salvador,1,2006
7105,Paraguay,Peru,-1,2006
4823,Paraguay,South Africa,-1,2006
7323,Paraguay,South Korea,-1,2006
7995,Paraguay,Togo,1,2006
5937,Paraguay,Uruguay,1,2006
6816,Paraguay,Uruguay,-1,2006
6956,Paraguay,Venezuela,1,2006
6811,Peru,Argentina,-1,2006
6934,Peru,Argentina,-1,2006
6780,Peru,Bolivia,-1,2006
7972,Peru,Bolivia,1,2006
6131,Peru,Brazil,-1,2006
5514,Peru,Chile,1,2006
7181,Peru,Chile,1,2006
7796,Peru,Chile,1,2006
6441,Peru,Colombia,-1,2006
6801,Peru,Colombia,-1,2006
7515,Peru,Ecuador,-1,2006
5868,Peru,Guatemala,-1,2006
5382,Peru,Haiti,1,2006
5555,Peru,Paraguay,-1,2006
5900,Peru,Paraguay,1,2006
7542,Peru,United Arab Emirates,-1,2006
5819,Peru,Uruguay,-1,2006
7614,Peru,Uruguay,-1,2006
5707,Peru,Venezuela,1,2006
6654,Peru,Venezuela,-1,2006
6790,Peru,Venezuela,1,2006
5243,Philippines,Myanmar,-1,2006
7236,Philippines,Myanmar,-1,2006
7265,Philippines,Timor-Leste,1,2006
7556,Poland,Albania,1,2006
7831,Poland,Austria,1,2006
7468,Poland,Azerbaijan,1,2006
7380,Poland,Belarus,-1,2006
4969,Poland,Belgium,-1,2006
6882,Poland,Denmark,-1,2006
6989,Poland,England,-1,2006
4794,Poland,Estonia,1,2006
8033,Poland,Estonia,1,2006
6370,Poland,Faroe Islands,1,2006
6575,Poland,Greece,1,2006
5467,Poland,Hungary,-1,2006
7898,Poland,Iceland,1,2006
7797,Poland,Israel,1,2006
6090,Poland,Italy,1,2006
4707,Poland,Japan,-1,2006
5597,Poland,Kazakhstan,1,2006
5085,Poland,Latvia,-1,2006
5125,Poland,New Zealand,1,2006
7516,Poland,Northern Ireland,1,2006
6500,Poland,Republic of Ireland,-1,2006
4745,Poland,Romania,-1,2006
5515,Poland,San Marino,1,2006
6132,Poland,Serbia,1,2006
7762,Poland,Serbia,1,2006
6351,Poland,Slovenia,1,2006
5938,Poland,Sweden,-1,2006
4868,Poland,United States,1,2006
6442,Poland,United States,-1,2006
7885,Poland,Wales,1,2006
6012,Portugal,Albania,1,2006
5644,Portugal,Bolivia,1,2006
4746,Portugal,Brazil,-1,2006
5468,Portugal,Brazil,1,2006
7469,Portugal,Canada,1,2006
8005,Portugal,Croatia,1,2006
7798,Portugal,Egypt,1,2006
6352,Portugal,England,-1,2006
6750,Portugal,England,-1,2006
6990,Portugal,Estonia,1,2006
4708,Portugal,Finland,-1,2006
6110,Portugal,Greece,-1,2006
6680,Portugal,Greece,-1,2006
6776,Portugal,Greece,-1,2006
6443,Portugal,Italy,-1,2006
5856,Portugal,Kazakhstan,1,2006
6157,Portugal,Kuwait,1,2006
7973,Portugal,Latvia,1,2006
7927,Portugal,Liechtenstein,1,2006
6634,Portugal,Lithuania,1,2006
6576,Portugal,Luxembourg,1,2006
7832,Portugal,Luxembourg,1,2006
6760,Portugal,Netherlands,1,2006
5598,Portugal,Paraguay,-1,2006
4851,Portugal,Poland,1,2006
6702,Portugal,Russia,1,2006
7106,Portugal,Russia,1,2006
5178,Portugal,Scotland,1,2006
7590,Portugal,Slovakia,1,2006
23190,Portugal,South Korea,-1,2006
5901,Portugal,Spain,-1,2006
6733,Portugal,Spain,1,2006
6501,Portugal,Sweden,-1,2006
5086,Portugal,Tunisia,-1,2006
4917,Puerto Rico,Guadeloupe,-1,2006
7989,Puerto Rico,Guadeloupe,-1,2006
7207,Puerto Rico,Suriname,-1,2006
8034,Qatar,Argentina,-1,2006
4545,Qatar,Bahrain,1,2006
6314,Qatar,Bahrain,1,2006
6817,Qatar,Indonesia,-1,2006
7107,Qatar,Iran,-1,2006
4540,Qatar,Iraq,-1,2006
5179,Qatar,Iraq,1,2006
6215,Qatar,Iraq,-1,2006
7260,Qatar,Iraq,-1,2006
7947,Qatar,Iraq,-1,2006
7182,Qatar,Jordan,1,2006
5954,Qatar,Kuwait,-1,2006
7294,Qatar,Kuwait,1,2006
6635,Qatar,Kyrgyzstan,-1,2006
6670,Qatar,Laos,1,2006
7223,Qatar,Lebanon,1,2006
7278,Qatar,Oman,1,2006
7301,Qatar,Oman,-1,2006
5957,Qatar,Palestine,-1,2006
5967,Qatar,Palestine,1,2006
4651,Qatar,Singapore,1,2006
4654,Qatar,Singapore,1,2006
6158,Qatar,Singapore,1,2006
5362,Qatar,Sweden,-1,2006
7017,Qatar,Syria,-1,2006
6595,Qatar,Turkmenistan,1,2006
7241,Qatar,United Arab Emirates,-1,2006
6236,Qatar,Yemen,1,2006
7231,Qatar,Yemen,1,2006
4527,Qatar,Zimbabwe,-1,2006
5608,Republic of Ireland,Albania,1,2006
5833,Republic of Ireland,Australia,1,2006
6335,Republic of Ireland,Brazil,-1,2006
6873,Republic of Ireland,Bulgaria,-1,2006
4819,Republic of Ireland,Cameroon,-1,2006
6139,Republic of Ireland,Canada,1,2006
7492,Republic of Ireland,China PR,1,2006
7147,Republic of Ireland,Croatia,1,2006
6926,Republic of Ireland,Cyprus,1,2006
6424,Republic of Ireland,Czech Republic,1,2006
4701,Republic of Ireland,Denmark,1,2006
7087,Republic of Ireland,Faroe Islands,1,2006
7873,Republic of Ireland,France,-1,2006
5656,Republic of Ireland,Georgia,1,2006
7584,Republic of Ireland,Israel,-1,2006
7780,Republic of Ireland,Italy,-1,2006
6609,Republic of Ireland,Jamaica,1,2006
4778,Republic of Ireland,Nigeria,-1,2006
6573,Republic of Ireland,Nigeria,-1,2006
5545,Republic of Ireland,Norway,1,2006
7370,Republic of Ireland,Portugal,1,2006
6563,Republic of Ireland,Romania,1,2006
4637,Republic of Ireland,Russia,1,2006
5894,Republic of Ireland,Russia,-1,2006
5119,Republic of Ireland,Switzerland,-1,2006
7963,Republic of Ireland,Switzerland,-1,2006
5916,Republic of Ireland,Turkey,-1,2006
4735,Republic of Ireland,United States,1,2006
7799,Romania,Andorra,1,2006
7640,Romania,Armenia,1,2006
5617,Romania,Bosnia and Herzegovina,1,2006
5180,Romania,Croatia,-1,2006
7833,Romania,Czech Republic,1,2006
5469,Romania,Denmark,-1,2006
6883,Romania,Finland,1,2006
6353,Romania,Georgia,1,2006
6502,Romania,Germany,1,2006
4970,Romania,Greece,-1,2006
8006,Romania,Ivory Coast,-1,2006
6013,Romania,Japan,-1,2006
5902,Romania,Luxembourg,1,2006
7470,Romania,Netherlands,-1,2006
8035,Romania,Nigeria,1,2006
6935,Romania,North Macedonia,1,2006
5087,Romania,Norway,-1,2006
5344,Romania,Slovakia,1,2006
7381,Romania,Slovakia,-1,2006
4709,Romania,Ukraine,1,2006
5126,Russia,Albania,1,2006
4784,Russia,Belarus,-1,2006
7183,Russia,Estonia,1,2006
6014,Russia,Georgia,1,2006
6734,Russia,Greece,1,2006
5857,Russia,Israel,-1,2006
7591,Russia,Latvia,1,2006
7834,Russia,Liechtenstein,1,2006
6884,Russia,Lithuania,1,2006
7928,Russia,Luxembourg,1,2006
7886,Russia,Portugal,-1,2006
5029,Russia,Republic of Ireland,1,2006
4799,Russia,Serbia,-1,2006
6936,Russia,Slovakia,-1,2006
4971,Russia,Sweden,-1,2006
5939,Russia,Switzerland,1,2006
4832,Russia,Tunisia,1,2006
6111,Russia,Wales,-1,2006
7048,Rwanda,Algeria,-1,2006
7929,Rwanda,Angola,-1,2006
5403,Rwanda,Burundi,1,2006
8065,Rwanda,Burundi,1,2006
6290,Rwanda,DR Congo,1,2006
8052,Rwanda,Eritrea,1,2006
5224,Rwanda,Ethiopia,1,2006
8082,Rwanda,Ethiopia,-1,2006
6718,Rwanda,Gabon,1,2006
5785,Rwanda,Ghana,1,2006
6275,Rwanda,Guinea,-1,2006
4979,Rwanda,Kenya,-1,2006
5947,Rwanda,Kenya,-1,2006
6040,Rwanda,Namibia,1,2006
7611,Rwanda,Nigeria,-1,2006
8070,Rwanda,Tanzania,1,2006
5235,Rwanda,Uganda,1,2006
5470,Rwanda,Uganda,-1,2006
6569,Rwanda,Uganda,-1,2006
8076,Rwanda,Uganda,1,2006
5416,Rwanda,Zambia,-1,2006
5424,Rwanda,Zambia,-1,2006
5198,Rwanda,Zanzibar,1,2006
6184,Rwanda,Zanzibar,-1,2006
7246,Rwanda,Zanzibar,1,2006
8044,Rwanda,Zanzibar,-1,2006
6074,Rwanda,Zimbabwe,-1,2006
6768,Rwanda,Zimbabwe,-1,2006
5871,Réunion,Comoros,1,2006
8098,Réunion,Mauritius,-1,2006
5881,Réunion,Seychelles,1,2006
5754,Saare County,Alderney,-1,2006
7717,Saare County,Falkland Islands,-1,2006
5713,Saare County,Ynys Môn,-1,2006
7705,Saare County,Åland Islands,1,2006
6397,Saint Kitts and Nevis,Antigua and Barbuda,-1,2006
7131,Saint Kitts and Nevis,Antigua and Barbuda,1,2006
4924,Saint Kitts and Nevis,Barbados,1,2006
6719,Saint Kitts and Nevis,Barbados,1,2006
6393,Saint Kitts and Nevis,British Virgin Islands,1,2006
4552,Saint Kitts and Nevis,Grenada,-1,2006
5824,Saint Kitts and Nevis,Haiti,1,2006
7272,Saint Kitts and Nevis,Haiti,-1,2006
7142,Saint Kitts and Nevis,Mexico,-1,2006
7127,Saint Kitts and Nevis,Montserrat,1,2006
6612,Saint Kitts and Nevis,Northern Ireland,-1,2006
5151,Saint Kitts and Nevis,Saint Lucia,1,2006
7130,Saint Kitts and Nevis,Saint Lucia,-1,2006
6549,Saint Kitts and Nevis,Saint Vincent and the Grenadines,1,2006
7110,Saint Kitts and Nevis,Saint Vincent and the Grenadines,-1,2006
4921,Saint Kitts and Nevis,Taiwan,1,2006
4928,Saint Kitts and Nevis,Trinidad and Tobago,1,2006
5827,Saint Kitts and Nevis,Trinidad and Tobago,-1,2006
6940,Saint Kitts and Nevis,Trinidad and Tobago,-1,2006
6451,Saint Kitts and Nevis,United States Virgin Islands,1,2006
5143,Saint Lucia,Antigua and Barbuda,1,2006
4929,Saint Lucia,British Virgin Islands,1,2006
6407,Saint Lucia,British Virgin Islands,1,2006
7120,Saint Lucia,Grenada,1,2006
5443,Saint Lucia,Haiti,1,2006
4942,Saint Lucia,Jamaica,-1,2006
7255,Saint Lucia,Jamaica,-1,2006
5142,Saint Lucia,Martinique,-1,2006
5493,Saint Lucia,Martinique,-1,2006
6735,Saint Lucia,Panama,-1,2006
6306,Saint Lucia,Saint Vincent and the Grenadines,-1,2006
4837,Saint Martin,Anguilla,1,2006
4882,Saint Martin,Anguilla,1,2006
4938,Saint Martin,Grenada,-1,2006
7208,Saint Martin,Haiti,-1,2006
6586,Saint Vincent and the Grenadines,Martinique,1,2006
7070,Saint Vincent and the Grenadines,Mexico,-1,2006
6739,Saint Vincent and the Grenadines,Nicaragua,1,2006
7004,Saint Vincent and the Grenadines,Saint Kitts and Nevis,1,2006
6398,Saint Vincent and the Grenadines,Saint Lucia,-1,2006
6896,Saint Vincent and the Grenadines,Trinidad and Tobago,-1,2006
4672,Samoa,American Samoa,1,2006
6519,Samoa,American Samoa,1,2006
6535,Samoa,Fiji,-1,2006
4679,Samoa,New Caledonia,-1,2006
4676,Samoa,Papua New Guinea,-1,2006
6540,Samoa,Papua New Guinea,-1,2006
4662,Samoa,Tonga,1,2006
6528,Samoa,Vanuatu,-1,2006
7517,San Marino,Belgium,-1,2006
7592,San Marino,Bosnia and Herzegovina,-1,2006
4803,San Marino,Estonia,-1,2006
5664,San Marino,Hungary,-1,2006
5181,San Marino,Latvia,-1,2006
6503,San Marino,Liechtenstein,1,2006
7184,San Marino,Lithuania,-1,2006
5030,San Marino,Poland,-1,2006
6937,San Marino,Serbia,-1,2006
7974,San Marino,Spain,-1,2006
5618,San Marino,Sweden,-1,2006
5727,Sark,Isle of Wight,-1,2006
6214,Saudi Arabia,Azerbaijan,1,2006
4559,Saudi Arabia,Bahrain,1,2006
5244,Saudi Arabia,Bahrain,1,2006
5282,Saudi Arabia,Bahrain,1,2006
7549,Saudi Arabia,Bahrain,-1,2006
5983,Saudi Arabia,Bhutan,1,2006
6047,Saudi Arabia,Bhutan,1,2006
4611,Saudi Arabia,Brazil,-1,2006
4646,Saudi Arabia,Denmark,-1,2006
7432,Saudi Arabia,Egypt,-1,2006
6208,Saudi Arabia,Estonia,-1,2006
7435,Saudi Arabia,Finland,-1,2006
8017,Saudi Arabia,Ghana,-1,2006
4532,Saudi Arabia,Iceland,1,2006
5991,Saudi Arabia,Indonesia,1,2006
6051,Saudi Arabia,Indonesia,1,2006
6354,Saudi Arabia,Indonesia,1,2006
6838,Saudi Arabia,Iraq,-1,2006
4544,Saudi Arabia,Kuwait,-1,2006
6908,Saudi Arabia,Kuwait,-1,2006
7247,Saudi Arabia,Kuwait,-1,2006
7566,Saudi Arabia,Kuwait,1,2006
5233,Saudi Arabia,Lebanon,-1,2006
5251,Saudi Arabia,Lebanon,1,2006
4589,Saudi Arabia,Oman,1,2006
8061,Saudi Arabia,Palestine,1,2006
4600,Saudi Arabia,Qatar,1,2006
6227,Saudi Arabia,Qatar,-1,2006
4855,Saudi Arabia,Republic of Ireland,-1,2006
4772,Saudi Arabia,Senegal,1,2006
4682,Saudi Arabia,South Africa,1,2006
7444,Saudi Arabia,South Korea,1,2006
7185,Saudi Arabia,Sri Lanka,1,2006
5972,Saudi Arabia,Syria,-1,2006
7013,Saudi Arabia,Syria,-1,2006
7331,Saudi Arabia,Tajikistan,1,2006
6671,Saudi Arabia,Turkmenistan,1,2006
6818,Saudi Arabia,Turkmenistan,-1,2006
7338,Saudi Arabia,Turkmenistan,1,2006
4576,Saudi Arabia,United Arab Emirates,1,2006
4710,Saudi Arabia,Uruguay,1,2006
7641,Saudi Arabia,Uzbekistan,1,2006
5977,Saudi Arabia,Yemen,1,2006
6044,Saudi Arabia,Yemen,1,2006
7266,Saudi Arabia,Yemen,1,2006
5556,Scotland,Austria,-1,2006
7930,Scotland,Belarus,-1,2006
5108,Scotland,Canada,1,2006
4972,Scotland,Denmark,-1,2006
5903,Scotland,Faroe Islands,1,2006
5619,Scotland,Germany,-1,2006
6885,Scotland,Hungary,-1,2006
5471,Scotland,Iceland,1,2006
7835,Scotland,Italy,-1,2006
6016,Scotland,Lithuania,1,2006
7593,Scotland,Moldova,1,2006
6112,Scotland,Netherlands,1,2006
5582,Scotland,New Zealand,-1,2006
4747,Scotland,Nigeria,-1,2006
7049,Scotland,Norway,-1,2006
5345,Scotland,Republic of Ireland,-1,2006
6444,Scotland,Romania,-1,2006
6991,Scotland,Slovenia,-1,2006
4801,Scotland,South Africa,-1,2006
7186,Scotland,Sweden,-1,2006
6585,Scotland,Trinidad and Tobago,1,2006
8007,Scotland,United States,-1,2006
4711,Senegal,Bolivia,1,2006
6268,Senegal,Burkina Faso,-1,2006
4620,Senegal,Cameroon,-1,2006
5589,Senegal,Cape Verde,1,2006
6636,Senegal,Congo,1,2006
4609,Senegal,DR Congo,1,2006
5620,Senegal,Gambia,1,2006
7800,Senegal,Ghana,-1,2006
6577,Senegal,Guinea,-1,2006
6113,Senegal,Ivory Coast,1,2006
6886,Senegal,Ivory Coast,-1,2006
6283,Senegal,Kenya,1,2006
5671,Senegal,Lesotho,1,2006
7471,Senegal,Liberia,1,2006
6293,Senegal,Mali,-1,2006
7931,Senegal,Mali,1,2006
5088,Senegal,Nigeria,-1,2006
6258,Senegal,South Africa,1,2006
7669,Senegal,Togo,-1,2006
4603,Senegal,Tunisia,-1,2006
4881,Senegal,Turkey,-1,2006
4856,Senegal,Uruguay,-1,2006
4584,Senegal,Zambia,1,2006
6769,Senegal,Zambia,1,2006
5346,Serbia,Azerbaijan,-1,2006
7594,Serbia,Belgium,-1,2006
7975,Serbia,Bosnia and Herzegovina,1,2006
5438,Serbia,Bulgaria,-1,2006
5127,Serbia,Finland,1,2006
5940,Serbia,Italy,-1,2006
4748,Serbia,Lithuania,1,2006
7836,Serbia,Lithuania,1,2006
6445,Serbia,Norway,-1,2006
7108,Serbia,San Marino,1,2006
6798,Serbia,Slovakia,1,2006
7518,Serbia,Spain,-1,2006
5858,Serbia,Wales,1,2006
5908,Seychelles,Comoros,1,2006
5044,Seychelles,Eritrea,1,2006
5869,Seychelles,Madagascar,-1,2006
5767,Seychelles,Mali,-1,2006
7415,Seychelles,South Africa,-1,2006
6017,Seychelles,Zambia,-1,2006
5621,Seychelles,Zimbabwe,1,2006
7706,Shetland,Falkland Islands,1,2006
5734,Shetland,Frøya,1,2006
5715,Shetland,Gotland,-1,2006
7735,Shetland,Guernsey,1,2006
7727,Shetland,Isle of Man,-1,2006
7723,Shetland,Saare County,-1,2006
7709,Shetland,Åland Islands,1,2006
6133,Sierra Leone,Congo,-1,2006
5698,Sierra Leone,Equatorial Guinea,1,2006
5089,Sierra Leone,Gabon,1,2006
7653,Sierra Leone,Gambia,1,2006
5134,Sierra Leone,Ghana,1,2006
7655,Sierra Leone,Guinea,1,2006
7646,Sierra Leone,Liberia,1,2006
5472,Sierra Leone,Morocco,-1,2006
5828,Singapore,Hong Kong,1,2006
7219,Singapore,Hong Kong,-1,2006
7109,Singapore,India,1,2006
5146,Singapore,Indonesia,-1,2006
6938,Singapore,Indonesia,1,2006
7321,Singapore,Indonesia,1,2006
6446,Singapore,Japan,-1,2006
5879,Singapore,Kuwait,-1,2006
5254,Singapore,Laos,1,2006
7261,Singapore,Laos,1,2006
5422,Singapore,Macau,1,2006
5247,Singapore,Malaysia,-1,2006
7595,Singapore,Malaysia,1,2006
4721,Singapore,Maldives,1,2006
5390,Singapore,Maldives,1,2006
7214,Singapore,Myanmar,1,2006
7309,Singapore,Myanmar,1,2006
4614,Singapore,North Korea,1,2006
6276,Singapore,Norway,-1,2006
5948,Singapore,Oman,-1,2006
6992,Singapore,Oman,-1,2006
5427,Singapore,Pakistan,1,2006
6055,Singapore,Palestine,1,2006
6065,Singapore,Palestine,-1,2006
5228,Singapore,Philippines,1,2006
6179,Singapore,Qatar,-1,2006
5262,Singapore,Thailand,-1,2006
7018,Singapore,United Arab Emirates,-1,2006
4804,Singapore,Uruguay,-1,2006
6447,Slovakia,Austria,-1,2006
5090,Slovakia,England,-1,2006
7932,Slovakia,Estonia,1,2006
7837,Slovakia,Germany,1,2006
5557,Slovakia,Greece,-1,2006
7050,Slovakia,Latvia,1,2006
5516,Slovakia,Liechtenstein,1,2006
6993,Slovakia,Liechtenstein,1,2006
6887,Slovakia,Luxembourg,1,2006
5941,Slovakia,North Macedonia,-1,2006
7519,Slovakia,Portugal,-1,2006
7976,Slovakia,Russia,-1,2006
7187,Slovakia,Slovenia,-1,2006
8036,Slovakia,Spain,-1,2006
5622,Slovakia,Turkey,-1,2006
5182,Slovakia,Ukraine,-1,2006
4773,Slovakia,Uzbekistan,1,2006
7520,Slovenia,Belarus,-1,2006
6159,Slovenia,Croatia,-1,2006
5517,Slovenia,Cyprus,1,2006
7382,Slovenia,Czech Republic,-1,2006
5942,Slovenia,France,-1,2006
7472,Slovenia,Germany,-1,2006
4785,Slovenia,Ghana,1,2006
4627,Slovenia,Honduras,-1,2006
5859,Slovenia,Hungary,1,2006
5904,Slovenia,Israel,1,2006
7051,Slovenia,Italy,1,2006
6448,Slovenia,Latvia,-1,2006
5031,Slovenia,Malta,1,2006
6939,Slovenia,Moldova,1,2006
7838,Slovenia,Norway,-1,2006
4858,Slovenia,Paraguay,-1,2006
7977,Slovenia,Scotland,-1,2006
6888,Slovenia,Serbia,-1,2006
5347,Slovenia,Switzerland,-1,2006
4749,Slovenia,Tunisia,1,2006
7052,Solomon Islands,Australia,-1,2006
7859,Solomon Islands,Australia,-1,2006
6525,Solomon Islands,Cook Islands,1,2006
5742,Solomon Islands,Kiribati,1,2006
6529,Solomon Islands,New Caledonia,1,2006
4902,Solomon Islands,Tahiti,-1,2006
6541,Solomon Islands,Tahiti,-1,2006
6520,Solomon Islands,Tonga,1,2006
5732,Solomon Islands,Vanuatu,-1,2006
7267,Somalia,Kenya,-1,2006
5208,Somalia,Rwanda,-1,2006
8049,Somalia,Sudan,-1,2006
5203,Somalia,Uganda,-1,2006
8055,Somalia,Uganda,-1,2006
4542,South Africa,Angola,1,2006
7383,South Africa,Australia,-1,2006
6271,South Africa,Benin,1,2006
4560,South Africa,Burkina Faso,-1,2006
6770,South Africa,Burkina Faso,1,2006
5098,South Africa,Burundi,1,2006
6637,South Africa,Cape Verde,1,2006
6018,South Africa,Costa Rica,1,2006
7933,South Africa,DR Congo,-1,2006
5575,South Africa,England,-1,2006
4980,South Africa,Eswatini,1,2006
4574,South Africa,Ghana,-1,2006
7670,South Africa,Ghana,-1,2006
5699,South Africa,Ivory Coast,1,2006
5558,South Africa,Jamaica,-1,2006
4768,South Africa,Madagascar,1,2006
4918,South Africa,Madagascar,-1,2006
5473,South Africa,Madagascar,1,2006
5056,South Africa,Malawi,1,2006
7698,South Africa,Mexico,1,2006
4597,South Africa,Morocco,1,2006
7188,South Africa,Nigeria,1,2006
7739,South Africa,Panama,-1,2006
5157,South Africa,Senegal,-1,2006
8008,South Africa,Senegal,-1,2006
4845,South Africa,Slovenia,1,2006
4859,South Africa,Spain,-1,2006
5672,South Africa,Trinidad and Tobago,1,2006
4808,South Africa,Turkey,1,2006
7473,South Africa,Uganda,1,2006
7758,South Africa,Zambia,-1,2006
5814,South Africa,Zimbabwe,-1,2006
5658,South Korea,Argentina,-1,2006
6793,South Korea,Bahrain,1,2006
5173,South Korea,Brazil,-1,2006
6141,South Korea,Bulgaria,-1,2006
7439,South Korea,Burkina Faso,1,2006
4754,South Korea,China PR,-1,2006
6192,South Korea,China PR,1,2006
7746,South Korea,China PR,-1,2006
5461,South Korea,Colombia,-1,2006
4752,South Korea,Costa Rica,1,2006
4572,South Korea,Cuba,-1,2006
7346,South Korea,Egypt,-1,2006
4802,South Korea,England,-1,2006
4815,South Korea,France,-1,2006
4883,South Korea,Germany,-1,2006
7290,South Korea,Germany,1,2006
6848,South Korea,Iran,-1,2006
7966,South Korea,Iran,1,2006
4876,South Korea,Italy,1,2006
5521,South Korea,Japan,-1,2006
7752,South Korea,Japan,-1,2006
6819,South Korea,Jordan,-1,2006
6841,South Korea,Kuwait,1,2006
7374,South Korea,Kuwait,1,2006
6340,South Korea,Lebanon,1,2006
7170,South Korea,Maldives,1,2006
5970,South Korea,Nepal,1,2006
5022,South Korea,North Korea,-1,2006
7749,South Korea,North Korea,-1,2006
7760,South Korea,North Korea,1,2006
5964,South Korea,Oman,1,2006
6316,South Korea,Oman,1,2006
6491,South Korea,Paraguay,-1,2006
4830,South Korea,Poland,1,2006
4867,South Korea,Portugal,1,2006
7784,South Korea,Saudi Arabia,-1,2006
4779,South Korea,Scotland,1,2006
8029,South Korea,Serbia,1,2006
4880,South Korea,Spain,-1,2006
8001,South Korea,Sweden,-1,2006
6808,South Korea,Trinidad and Tobago,-1,2006
4686,South Korea,Turkey,-1,2006
4886,South Korea,Turkey,-1,2006
6610,South Korea,Turkey,-1,2006
6630,South Korea,Turkey,1,2006
4850,South Korea,United States,-1,2006
5638,South Korea,Uruguay,-1,2006
7507,South Korea,Uzbekistan,1,2006
5958,South Korea,Vietnam,1,2006
6666,South Korea,Vietnam,1,2006
6638,Spain,Andorra,1,2006
5518,Spain,Armenia,1,2006
7053,Spain,Belgium,1,2006
7642,Spain,Bosnia and Herzegovina,-1,2006
5183,Spain,Bulgaria,1,2006
7839,Spain,Canada,1,2006
7474,Spain,China PR,1,2006
6449,Spain,Denmark,1,2006
5559,Spain,Ecuador,1,2006
7189,Spain,England,1,2006
5348,Spain,Germany,1,2006
5623,Spain,Greece,-1,2006
7596,Spain,Lithuania,1,2006
5091,Spain,Northern Ireland,1,2006
6114,Spain,Norway,1,2006
4840,Spain,Paraguay,1,2006
5128,Spain,Paraguay,-1,2006
6355,Spain,Peru,1,2006
4647,Spain,Portugal,-1,2006
4871,Spain,Republic of Ireland,-1,2006
6681,Spain,Russia,1,2006
7384,Spain,San Marino,1,2006
6913,Spain,Scotland,-1,2006
7887,Spain,Serbia,-1,2006
8009,Spain,Slovakia,1,2006
4824,Spain,Slovenia,1,2006
23189,Spain,South Korea,-1,2006
5943,Spain,Ukraine,1,2006
7801,Spain,Uruguay,1,2006
6889,Spain,Venezuela,1,2006
5284,Sri Lanka,Afghanistan,1,2006
8087,Sri Lanka,Afghanistan,-1,2006
6994,Sri Lanka,Indonesia,-1,2006
6187,Sri Lanka,Laos,1,2006
4718,Sri Lanka,Maldives,1,2006
4719,Sri Lanka,Maldives,-1,2006
4677,Sri Lanka,Pakistan,-1,2006
4680,Sri Lanka,Pakistan,-1,2006
4684,Sri Lanka,Pakistan,1,2006
4685,Sri Lanka,Pakistan,1,2006
6450,Sri Lanka,Saudi Arabia,-1,2006
5428,Sri Lanka,Taiwan,1,2006
5414,Sri Lanka,Timor-Leste,1,2006
7054,Sri Lanka,Turkmenistan,-1,2006
5192,Sri Lanka,Vietnam,-1,2006
5196,Sri Lanka,Vietnam,-1,2006
5204,Sri Lanka,Vietnam,-1,2006
5474,Sudan,Benin,1,2006
7802,Sudan,Benin,1,2006
5218,Sudan,Burundi,1,2006
7299,Sudan,Burundi,-1,2006
7055,Sudan,Cameroon,-1,2006
4923,Sudan,Chad,1,2006
7540,Sudan,Chad,1,2006
7550,Sudan,Chad,-1,2006
5391,Sudan,DR Congo,-1,2006
6655,Sudan,Egypt,-1,2006
6029,Sudan,Eritrea,1,2006
4933,Sudan,Ethiopia,1,2006
7429,Sudan,Ethiopia,1,2006
8042,Sudan,Ethiopia,-1,2006
7934,Sudan,Ivory Coast,-1,2006
5225,Sudan,Kenya,-1,2006
5577,Sudan,Kenya,-1,2006
6197,Sudan,Kenya,-1,2006
6771,Sudan,Libya,-1,2006
5266,Sudan,Palestine,-1,2006
6190,Sudan,Rwanda,1,2006
7287,Sudan,Somalia,1,2006
6467,Sudan,Syria,-1,2006
6468,Sudan,Syria,-1,2006
5786,Sudan,Tanzania,1,2006
4930,Sudan,Uganda,1,2006
6194,Sudan,Uganda,-1,2006
6546,Sudan,Uganda,1,2006
7268,Sudan,Uganda,1,2006
8062,Sudan,Uganda,-1,2006
5045,Sudan,Zambia,-1,2006
6555,Sudan,Zambia,-1,2006
6180,Sudan,Zanzibar,1,2006
4943,Suriname,Aruba,1,2006
6405,Suriname,Aruba,1,2006
6245,Suriname,Curaçao,-1,2006
7121,Suriname,French Guiana,-1,2006
6682,Suriname,Guatemala,-1,2006
4860,Sweden,Argentina,-1,2006
6697,Sweden,Bulgaria,1,2006
7840,Sweden,Bulgaria,1,2006
5560,Sweden,Croatia,-1,2006
6995,Sweden,Croatia,-1,2006
7803,Sweden,Czech Republic,1,2006
6452,Sweden,England,1,2006
5860,Sweden,Greece,-1,2006
5092,Sweden,Hungary,-1,2006
7056,Sweden,Hungary,1,2006
7978,Sweden,Iceland,1,2006
6019,Sweden,Latvia,-1,2006
7597,Sweden,Malta,1,2006
6754,Sweden,Netherlands,-1,2006
6890,Sweden,Netherlands,-1,2006
4841,Sweden,Nigeria,1,2006
6261,Sweden,Norway,-1,2006
7643,Sweden,Norway,-1,2006
4786,Sweden,Paraguay,-1,2006
5665,Sweden,Poland,1,2006
6639,Sweden,Poland,1,2006
5129,Sweden,Portugal,-1,2006
5906,Sweden,San Marino,1,2006
4872,Sweden,Senegal,-1,2006
7326,Sweden,South Korea,-1,2006
4712,Sweden,Switzerland,-1,2006
5666,Switzerland,Albania,1,2006
4973,Switzerland,Austria,1,2006
4776,Switzerland,Canada,-1,2006
6692,Switzerland,Croatia,-1,2006
7521,Switzerland,Cyprus,1,2006
6941,Switzerland,Faroe Islands,1,2006
5861,Switzerland,France,-1,2006
6743,Switzerland,France,-1,2006
7935,Switzerland,France,-1,2006
5046,Switzerland,Georgia,1,2006
6613,Switzerland,Germany,-1,2006
4648,Switzerland,Hungary,1,2006
7841,Switzerland,Israel,-1,2006
5561,Switzerland,Italy,-1,2006
6656,Switzerland,Liechtenstein,1,2006
6891,Switzerland,Northern Ireland,-1,2006
6020,Switzerland,Republic of Ireland,1,2006
6996,Switzerland,Republic of Ireland,-1,2006
5624,Switzerland,Russia,-1,2006
6504,Switzerland,Slovenia,1,2006
8010,Switzerland,Turkey,1,2006
7111,Syria,Bahrain,-1,2006
5032,Syria,Iran,-1,2006
4999,Syria,Iraq,-1,2006
8083,Syria,Iraq,-1,2006
5002,Syria,Jordan,-1,2006
7190,Syria,Kyrgyzstan,-1,2006
5259,Syria,Lebanon,1,2006
6720,Syria,Lebanon,1,2006
4988,Syria,Palestine,1,2006
6403,Syria,Palestine,-1,2006
5268,Syria,Saudi Arabia,-1,2006
6048,Syria,Sri Lanka,1,2006
6053,Syria,Sri Lanka,1,2006
6675,Syria,Tajikistan,1,2006
6174,Syria,Turkmenistan,-1,2006
6078,Syria,United Arab Emirates,-1,2006
8037,Syria,United Arab Emirates,-1,2006
5968,Syria,Yemen,1,2006
6015,São Tomé and Príncipe,Libya,-1,2006
6521,Tahiti,Cook Islands,1,2006
6578,Tahiti,Fiji,-1,2006
5721,Tahiti,Micronesia,1,2006
5768,Tahiti,New Caledonia,-1,2006
6526,Tahiti,New Caledonia,-1,2006
5743,Tahiti,Papua New Guinea,1,2006
6614,Tahiti,Solomon Islands,-1,2006
5791,Tahiti,Tonga,1,2006
6536,Tahiti,Tonga,1,2006
4914,Tahiti,Vanuatu,1,2006
5797,Tahiti,Vanuatu,-1,2006
6657,Tahiti,Vanuatu,1,2006
7003,Taiwan,Iraq,-1,2006
6171,Taiwan,Macau,1,2006
7118,Taiwan,Palestine,-1,2006
6459,Taiwan,Uzbekistan,-1,2006
7992,Tajikistan,Afghanistan,1,2006
6453,Tajikistan,Bahrain,-1,2006
6181,Tajikistan,Bangladesh,1,2006
6167,Tajikistan,Hong Kong,1,2006
7112,Tajikistan,Kyrgyzstan,1,2006
6997,Tajikistan,Syria,-1,2006
6135,Tajikistan,Uzbekistan,-1,2006
5701,Tanzania,Benin,-1,2006
5211,Tanzania,Burundi,1,2006
7273,Tanzania,Burundi,-1,2006
5219,Tanzania,Eritrea,-1,2006
4795,Tanzania,Kenya,-1,2006
5199,Tanzania,Kenya,1,2006
5236,Tanzania,Kenya,-1,2006
6021,Tanzania,Kenya,-1,2006
5229,Tanzania,Rwanda,1,2006
7291,Tanzania,Rwanda,-1,2006
5139,Tanzania,South Africa,-1,2006
5093,Tanzania,Sudan,-1,2006
5206,Tanzania,Sudan,-1,2006
5137,Tanzania,Uganda,-1,2006
5397,Tanzania,Uganda,-1,2006
5475,Tanzania,Zambia,-1,2006
4997,Tanzania,Zanzibar,-1,2006
7993,Tanzania,Zanzibar,1,2006
8057,Tanzania,Zanzibar,-1,2006
6778,Thailand,Bahrain,-1,2006
7220,Thailand,Estonia,-1,2006
7296,Thailand,Germany,-1,2006
6136,Thailand,Hong Kong,1,2006
6049,Thailand,India,1,2006
6834,Thailand,Japan,-1,2006
6787,Thailand,Jordan,-1,2006
7019,Thailand,Jordan,-1,2006
5248,Thailand,Laos,1,2006
8100,Thailand,Latvia,-1,2006
5255,Thailand,Malaysia,-1,2006
6897,Thailand,Malaysia,-1,2006
7242,Thailand,Myanmar,-1,2006
4652,Thailand,North Korea,-1,2006
4655,Thailand,North Korea,-1,2006
5363,Thailand,North Korea,-1,2006
6672,Thailand,North Korea,-1,2006
8106,Thailand,North Korea,-1,2006
7279,Thailand,Philippines,1,2006
4628,Thailand,Qatar,1,2006
5367,Thailand,Qatar,-1,2006
5378,Thailand,Qatar,1,2006
4621,Thailand,Singapore,1,2006
7226,Thailand,Slovakia,-1,2006
5371,Thailand,Sweden,-1,2006
6076,Thailand,Tajikistan,-1,2006
6160,Thailand,Tajikistan,1,2006
6794,Thailand,Trinidad and Tobago,1,2006
7113,Thailand,United Arab Emirates,1,2006
6168,Thailand,Uzbekistan,1,2006
5220,Thailand,Vietnam,1,2006
7191,Thailand,Yemen,-1,2006
7251,Timor-Leste,Thailand,-1,2006
5580,Togo,Benin,1,2006
6550,Togo,Benin,-1,2006
7557,Togo,Burkina Faso,1,2006
5641,Togo,Cape Verde,1,2006
6957,Togo,Congo,1,2006
6134,Togo,Equatorial Guinea,1,2006
4565,Togo,Ivory Coast,-1,2006
5702,Togo,Kenya,1,2006
7856,Togo,Liberia,1,2006
7067,Togo,Mali,1,2006
5094,Togo,Mauritania,1,2006
6736,Togo,Senegal,1,2006
7612,Togo,Zambia,1,2006
6530,Tonga,Cook Islands,1,2006
5769,Tonga,Micronesia,1,2006
5744,Tonga,New Caledonia,-1,2006
5435,Trinidad and Tobago,Antigua and Barbuda,1,2006
7324,Trinidad and Tobago,Azerbaijan,1,2006
7329,Trinidad and Tobago,Azerbaijan,1,2006
8011,Trinidad and Tobago,Bahrain,-1,2006
7543,Trinidad and Tobago,Bermuda,1,2006
7551,Trinidad and Tobago,Bermuda,1,2006
7292,Trinidad and Tobago,British Virgin Islands,1,2006
7522,Trinidad and Tobago,Costa Rica,-1,2006
5495,Trinidad and Tobago,Cuba,-1,2006
6161,Trinidad and Tobago,Cuba,1,2006
7404,Trinidad and Tobago,Cuba,-1,2006
6737,Trinidad and Tobago,Dominican Republic,1,2006
5309,Trinidad and Tobago,Finland,-1,2006
7209,Trinidad and Tobago,Grenada,1,2006
5444,Trinidad and Tobago,Guadeloupe,1,2006
7842,Trinidad and Tobago,Guatemala,1,2006
6380,Trinidad and Tobago,Guyana,1,2006
7339,Trinidad and Tobago,Haiti,1,2006
7345,Trinidad and Tobago,Haiti,1,2006
7348,Trinidad and Tobago,Haiti,-1,2006
5527,Trinidad and Tobago,Honduras,-1,2006
7694,Trinidad and Tobago,Honduras,-1,2006
6551,Trinidad and Tobago,Iraq,1,2006
4570,Trinidad and Tobago,Martinique,-1,2006
6998,Trinidad and Tobago,Mexico,-1,2006
7979,Trinidad and Tobago,Mexico,1,2006
6658,Trinidad and Tobago,Northern Ireland,-1,2006
7598,Trinidad and Tobago,Panama,1,2006
7204,Trinidad and Tobago,Puerto Rico,1,2006
5152,Trinidad and Tobago,Saint Kitts and Nevis,1,2006
7068,Trinidad and Tobago,Saint Kitts and Nevis,1,2006
5154,Trinidad and Tobago,Saint Lucia,-1,2006
7197,Trinidad and Tobago,Saint Vincent and the Grenadines,1,2006
7215,Trinidad and Tobago,Suriname,1,2006
7385,Trinidad and Tobago,United States,-1,2006
5745,Trinidad and Tobago,Venezuela,-1,2006
7552,Tunisia,Angola,1,2006
4852,Tunisia,Belgium,-1,2006
6250,Tunisia,Benin,1,2006
6255,Tunisia,Benin,1,2006
6640,Tunisia,Botswana,1,2006
4536,Tunisia,Cameroon,-1,2006
5496,Tunisia,Cameroon,1,2006
6277,Tunisia,DR Congo,1,2006
5184,Tunisia,Egypt,-1,2006
4974,Tunisia,France,-1,2006
5439,Tunisia,Ghana,-1,2006
5862,Tunisia,Guinea,-1,2006
6291,Tunisia,Guinea,-1,2006
7649,Tunisia,Guinea,1,2006
6587,Tunisia,Italy,-1,2006
5944,Tunisia,Ivory Coast,1,2006
6454,Tunisia,Ivory Coast,-1,2006
5984,Tunisia,Japan,-1,2006
7804,Tunisia,Kenya,1,2006
7475,Tunisia,Malawi,1,2006
6505,Tunisia,Mali,1,2006
6022,Tunisia,Morocco,-1,2006
6318,Tunisia,Morocco,1,2006
7936,Tunisia,Morocco,-1,2006
6309,Tunisia,Nigeria,-1,2006
4713,Tunisia,Norway,-1,2006
6262,Tunisia,Rwanda,1,2006
5562,Tunisia,Senegal,1,2006
6302,Tunisia,Senegal,1,2006
6162,Tunisia,South Africa,1,2006
6892,Tunisia,South Africa,-1,2006
4669,Tunisia,South Korea,-1,2006
5349,Tunisia,Sweden,1,2006
7476,Turkey,Albania,1,2006
6893,Turkey,Belarus,-1,2006
4750,Turkey,Chile,1,2006
23191,Turkey,China,1,2006
4864,Turkey,China PR,1,2006
7843,Turkey,Denmark,-1,2006
4629,Turkey,Ecuador,-1,2006
6023,Turkey,England,-1,2006
4975,Turkey,Georgia,1,2006
6942,Turkey,Georgia,-1,2006
7937,Turkey,Germany,1,2006
7599,Turkey,Greece,-1,2006
7057,Turkey,Kazakhstan,1,2006
6163,Turkey,Latvia,-1,2006
5130,Turkey,Liechtenstein,1,2006
5863,Turkey,Moldova,1,2006
5667,Turkey,North Macedonia,1,2006
5033,Turkey,Slovakia,1,2006
8038,Turkey,Switzerland,1,2006
5350,Turkey,Ukraine,-1,2006
7192,Turkey,Ukraine,-1,2006
5676,Turkey,United States,1,2006
6164,Turkmenistan,Afghanistan,1,2006
6455,Turkmenistan,Indonesia,1,2006
6827,Turkmenistan,Iraq,-1,2006
6999,Turkmenistan,Saudi Arabia,-1,2006
6083,Turkmenistan,Sri Lanka,1,2006
6091,Turkmenistan,Sri Lanka,1,2006
6356,Turkmenistan,Sri Lanka,1,2006
6056,Turkmenistan,United Arab Emirates,1,2006
6839,Turkmenistan,Uzbekistan,-1,2006
6371,Turks and Caicos Islands,Haiti,-1,2006
5722,Tuvalu,Kiribati,1,2006
5770,Tuvalu,Solomon Islands,-1,2006
5746,Tuvalu,Vanuatu,-1,2006
5303,Uganda,Algeria,-1,2006
7938,Uganda,Burkina Faso,-1,2006
7671,Uganda,Cape Verde,1,2006
6659,Uganda,DR Congo,1,2006
6182,Uganda,Eritrea,1,2006
5210,Uganda,Ethiopia,1,2006
5034,Uganda,Ghana,1,2006
6772,Uganda,Ghana,-1,2006
5232,Uganda,Kenya,-1,2006
6191,Uganda,Kenya,-1,2006
6856,Uganda,Kenya,-1,2006
5595,Uganda,Libya,1,2006
6024,Uganda,Mauritius,1,2006
5214,Uganda,Rwanda,1,2006
5625,Uganda,Rwanda,-1,2006
6198,Uganda,Rwanda,1,2006
6858,Uganda,Rwanda,-1,2006
7256,Uganda,Somalia,1,2006
7069,Uganda,South Africa,-1,2006
5573,Uganda,Sudan,-1,2006
5590,Uganda,Tanzania,1,2006
6086,Uganda,Tanzania,1,2006
4990,Uganda,Zambia,-1,2006
7939,Ukraine,Albania,-1,2006
5626,Ukraine,Armenia,1,2006
7523,Ukraine,Denmark,1,2006
4751,Ukraine,Georgia,1,2006
7114,Ukraine,Georgia,1,2006
5095,Ukraine,Greece,1,2006
7058,Ukraine,Greece,-1,2006
4976,Ukraine,Iran,-1,2006
7763,Ukraine,Israel,-1,2006
7980,Ukraine,Japan,1,2006
7600,Ukraine,Kazakhstan,1,2006
5519,Ukraine,Latvia,1,2006
6025,Ukraine,North Macedonia,-1,2006
5907,Ukraine,Northern Ireland,-1,2006
5864,Ukraine,Romania,-1,2006
4787,Ukraine,Serbia,1,2006
7805,Ukraine,Serbia,1,2006
6506,Ukraine,Slovakia,-1,2006
5476,Ukraine,Spain,-1,2006
7888,Ukraine,Turkey,-1,2006
6204,United Arab Emirates,Azerbaijan,-1,2006
4588,United Arab Emirates,Bahrain,-1,2006
6238,United Arab Emirates,Bahrain,-1,2006
6596,United Arab Emirates,Bahrain,-1,2006
7199,United Arab Emirates,Belarus,-1,2006
7889,United Arab Emirates,Benin,-1,2006
8012,United Arab Emirates,Brazil,-1,2006
5241,United Arab Emirates,Egypt,-1,2006
7138,United Arab Emirates,Jordan,1,2006
6216,United Arab Emirates,Kenya,-1,2006
7210,United Arab Emirates,Kuwait,-1,2006
7230,United Arab Emirates,Kuwait,-1,2006
8058,United Arab Emirates,Libya,-1,2006
7193,United Arab Emirates,North Korea,1,2006
5306,United Arab Emirates,Norway,-1,2006
4546,United Arab Emirates,Oman,1,2006
7948,United Arab Emirates,Oman,-1,2006
4561,United Arab Emirates,Qatar,-1,2006
6234,United Arab Emirates,Qatar,-1,2006
6219,United Arab Emirates,Saudi Arabia,-1,2006
6831,United Arab Emirates,South Korea,-1,2006
6142,United Arab Emirates,Sri Lanka,1,2006
6169,United Arab Emirates,Sri Lanka,1,2006
7386,United Arab Emirates,Switzerland,-1,2006
6095,United Arab Emirates,Syria,1,2006
6357,United Arab Emirates,Thailand,1,2006
6073,United Arab Emirates,Turkmenistan,-1,2006
6026,United Arab Emirates,Uzbekistan,-1,2006
6673,United Arab Emirates,Yemen,1,2006
5313,United States,Argentina,-1,2006
5817,United States,Brazil,-1,2006
5704,United States,Cameroon,-1,2006
4598,United States,Canada,-1,2006
5299,United States,Canada,1,2006
7700,United States,Canada,1,2006
7425,United States,Colombia,1,2006
4605,United States,Costa Rica,1,2006
5821,United States,Costa Rica,1,2006
7601,United States,Costa Rica,1,2006
7716,United States,Costa Rica,-1,2006
4566,United States,Cuba,1,2006
5815,United States,Cuba,1,2006
7696,United States,Cuba,1,2006
4665,United States,Ecuador,1,2006
4587,United States,El Salvador,1,2006
5155,United States,El Salvador,1,2006
5799,United States,El Salvador,1,2006
6943,United States,El Salvador,1,2006
7553,United States,England,-1,2006
6693,United States,Grenada,1,2006
7525,United States,Guatemala,1,2006
6385,United States,Haiti,-1,2006
4659,United States,Honduras,1,2006
6615,United States,Honduras,1,2006
7438,United States,Honduras,1,2006
7741,United States,Honduras,1,2006
4781,United States,Jamaica,1,2006
7195,United States,Jamaica,-1,2006
7737,United States,Jamaica,1,2006
5804,United States,Martinique,1,2006
5568,United States,Mexico,-1,2006
6507,United States,Mexico,1,2006
7844,United States,Mexico,1,2006
4800,United States,Netherlands,-1,2006
5642,United States,New Zealand,1,2006
7115,United States,Panama,1,2006
7742,United States,Panama,-1,2006
7982,United States,Panama,1,2006
5787,United States,Paraguay,1,2006
6799,United States,Poland,-1,2006
4833,United States,Portugal,1,2006
4553,United States,South Korea,1,2006
7806,United States,Trinidad and Tobago,1,2006
4769,United States,Uruguay,1,2006
5477,United States,Venezuela,1,2006
5581,United States,Wales,1,2006
6361,United States Virgin Islands,Saint Kitts and Nevis,-1,2006
7216,United States Virgin Islands,Saint Martin,-1,2006
7981,Uruguay,Argentina,1,2006
8013,Uruguay,Australia,1,2006
5914,Uruguay,Bolivia,1,2006
6826,Uruguay,Brazil,-1,2006
7524,Uruguay,Brazil,-1,2006
6115,Uruguay,Chile,1,2006
7857,Uruguay,Colombia,1,2006
4820,Uruguay,Denmark,-1,2006
6795,Uruguay,Ecuador,1,2006
6958,Uruguay,Ecuador,1,2006
5312,Uruguay,Iran,-1,2006
7194,Uruguay,Paraguay,1,2006
5825,Uruguay,Peru,1,2006
6602,Uruguay,Peru,-1,2006
4649,Uruguay,South Korea,1,2006
6456,Uruguay,Venezuela,-1,2006
6846,Uzbekistan,Bahrain,-1,2006
7940,Uzbekistan,Bahrain,-1,2006
5563,Uzbekistan,Belarus,-1,2006
6077,Uzbekistan,Hong Kong,1,2006
6358,Uzbekistan,Iraq,-1,2006
7807,Uzbekistan,Kuwait,1,2006
6674,Uzbekistan,Palestine,1,2006
6828,Uzbekistan,Saudi Arabia,1,2006
7387,Uzbekistan,Saudi Arabia,-1,2006
7567,Uzbekistan,South Korea,-1,2006
7196,Uzbekistan,Taiwan,1,2006
6085,Uzbekistan,Tajikistan,-1,2006
6081,Uzbekistan,Thailand,1,2006
6461,Vanuatu,Solomon Islands,-1,2006
6462,Vanuatu,Solomon Islands,-1,2006
6579,Vanuatu,Solomon Islands,-1,2006
5917,Venezuela,Argentina,-1,2006
6359,Venezuela,Australia,-1,2006
4977,Venezuela,Bolivia,1,2006
6143,Venezuela,Bolivia,1,2006
6802,Venezuela,Bolivia,-1,2006
7059,Venezuela,Brazil,-1,2006
6603,Venezuela,Chile,-1,2006
4761,Venezuela,Colombia,-1,2006
6781,Venezuela,Colombia,-1,2006
7477,Venezuela,Colombia,-1,2006
5135,Venezuela,Ecuador,1,2006
7117,Venezuela,Ecuador,1,2006
7388,Venezuela,Estonia,1,2006
7297,Venezuela,Guatemala,-1,2006
5865,Venezuela,Haiti,1,2006
5627,Venezuela,Honduras,1,2006
6383,Venezuela,Honduras,1,2006
5520,Venezuela,Jamaica,1,2006
7544,Venezuela,Panama,-1,2006
7941,Venezuela,Paraguay,-1,2006
7845,Venezuela,Peru,1,2006
5564,Venezuela,Trinidad and Tobago,1,2006
5185,Venezuela,Uruguay,1,2006
7602,Venezuela,Uruguay,-1,2006
5239,Vietnam,Cambodia,1,2006
7238,Vietnam,Cambodia,1,2006
6901,Vietnam,India,1,2006
7248,Vietnam,Indonesia,-1,2006
7274,Vietnam,Laos,1,2006
6457,Vietnam,Lebanon,-1,2006
5281,Vietnam,Malaysia,1,2006
6360,Vietnam,Maldives,1,2006
6898,Vietnam,Myanmar,1,2006
5969,Vietnam,Nepal,1,2006
5971,Vietnam,Oman,-1,2006
5252,Vietnam,Philippines,1,2006
7234,Vietnam,Singapore,-1,2006
6057,Vietnam,South Korea,1,2006
7000,Vietnam,South Korea,-1,2006
5274,Vietnam,Thailand,-1,2006
4650,Wales,Argentina,-1,2006
7478,Wales,Austria,-1,2006
5478,Wales,Azerbaijan,1,2006
7983,Wales,Azerbaijan,1,2006
5351,Wales,Bosnia and Herzegovina,-1,2006
6588,Wales,Canada,1,2006
4714,Wales,Czech Republic,-1,2006
7846,Wales,England,-1,2006
5945,Wales,Finland,-1,2006
4774,Wales,Germany,1,2006
7389,Wales,Hungary,1,2006
5131,Wales,Italy,1,2006
7001,Wales,Northern Ireland,-1,2006
7116,Wales,Poland,-1,2006
6165,Wales,Russia,-1,2006
6362,Wales,Scotland,1,2006
6027,Wales,Serbia,-1,2006
7808,Wales,Slovenia,-1,2006
7720,Western Isles,Greenland,-1,2006
7734,Western Isles,Isle of Man,1,2006
7730,Western Isles,Orkney,1,2006
6052,Yemen,Bhutan,1,2006
4722,Yemen,Ethiopia,-1,2006
5985,Yemen,Indonesia,-1,2006
6363,Yemen,North Korea,-1,2006
6224,Yemen,Oman,-1,2006
5271,Yemen,Saudi Arabia,-1,2006
6242,Yemen,Saudi Arabia,-1,2006
5949,Yemen,Sudan,1,2006
5952,Yemen,Sudan,-1,2006
5245,Yemen,Syria,-1,2006
6903,Yemen,Syria,-1,2006
6904,Yemen,Syria,1,2006
6458,Yemen,Thailand,-1,2006
6390,Yemen,Turkmenistan,-1,2006
6248,Yemen,United Arab Emirates,-1,2006
7002,Yemen,United Arab Emirates,1,2006
7128,Yemen,Zambia,-1,2006
5733,Ynys Môn,Isle of Man,-1,2006
7733,Ynys Môn,Saare County,1,2006
7725,Ynys Môn,Western Isles,-1,2006
7198,Zambia,Angola,-1,2006
5096,Zambia,Benin,-1,2006
7479,Zambia,Congo,1,2006
7892,Zambia,DR Congo,-1,2006
8093,Zambia,DR Congo,1,2006
7650,Zambia,Eswatini,1,2006
6944,Zambia,Liberia,1,2006
6547,Zambia,Malawi,-1,2006
7654,Zambia,Malawi,1,2006
7672,Zambia,Mali,1,2006
6849,Zambia,Mauritius,1,2006
4897,Zambia,Mozambique,1,2006
5822,Zambia,Mozambique,1,2006
6905,Zambia,Rwanda,1,2006
7847,Zambia,Senegal,-1,2006
6116,Zambia,Seychelles,-1,2006
5689,Zambia,Sudan,-1,2006
5628,Zambia,Tanzania,1,2006
6641,Zambia,Togo,1,2006
4567,Zambia,Tunisia,-1,2006
6511,Zambia,Zimbabwe,-1,2006
7761,Zambia,Zimbabwe,-1,2006
8077,Zanzibar,Ethiopia,-1,2006
5212,Zanzibar,Somalia,1,2006
7262,Zanzibar,Tanzania,1,2006
7990,Zanzibar,Tanzania,-1,2006
5221,Zanzibar,Uganda,-1,2006
8084,Zanzibar,Uganda,-1,2006
6738,Zimbabwe,Algeria,-1,2006
5522,Zimbabwe,Angola,1,2006
7489,Zimbabwe,Angola,1,2006
6894,Zimbabwe,Botswana,1,2006
7433,Zimbabwe,Botswana,-1,2006
6266,Zimbabwe,Egypt,-1,2006
5771,Zimbabwe,Eritrea,1,2006
4759,Zimbabwe,Eswatini,-1,2006
5874,Zimbabwe,Eswatini,1,2006
7613,Zimbabwe,Gabon,1,2006
4989,Zimbabwe,Lesotho,1,2006
5406,Zimbabwe,Malawi,-1,2006
5975,Zimbabwe,Malawi,1,2006
5047,Zimbabwe,Mali,1,2006
6042,Zimbabwe,Mauritania,1,2006
7810,Zimbabwe,Mozambique,-1,2006
6959,Zimbabwe,Nigeria,-1,2006
7858,Zimbabwe,Rwanda,1,2006
5497,Zimbabwe,Seychelles,1,2006
6900,Zimbabwe,Uganda,1,2006
5057,Zimbabwe,Zambia,-1,2006
6532,Zimbabwe,Zambia,-1,2006
7125,Zimbabwe,Zambia,-1,2006
7728,Åland Islands,Falkland Islands,1,2006
7732,Åland Islands,Greenland,1,2006
7718,Åland Islands,Isle of Man,-1,2006
6531,Åland Islands,Sealand,-1,2006
10362,Afghanistan,Bhutan,-1,2010
11949,Afghanistan,Nepal,-1,2010
9784,Afghanistan,Syria,-1,2010
8273,Afghanistan,Taiwan,-1,2010
10563,Afghanistan,Tajikistan,-1,2010
10559,Afghanistan,Turkmenistan,-1,2010
9812,Albania,Belarus,-1,2010
9737,Albania,Bulgaria,-1,2010
11551,Albania,Cyprus,1,2010
11670,Albania,Denmark,-1,2010
8259,Albania,Georgia,-1,2010
11404,Albania,Georgia,-1,2010
11205,Albania,Hungary,-1,2010
10589,Albania,Liechtenstein,1,2010
8219,Albania,Lithuania,-1,2010
9224,Albania,Luxembourg,1,2010
9511,Albania,Malta,1,2010
10725,Albania,Malta,1,2010
9646,Albania,Netherlands,-1,2010
9029,Albania,North Macedonia,-1,2010
10237,Albania,Poland,-1,2010
11356,Albania,Portugal,-1,2010
8631,Albania,Romania,-1,2010
9086,Albania,Slovenia,-1,2010
10661,Albania,Sweden,-1,2010
9081,Alderney,Guernsey,-1,2010
11198,Alderney,Guernsey,-1,2010
8258,Alderney,Jersey,-1,2010
10089,Alderney,Jersey,-1,2010
9276,Algeria,Argentina,-1,2010
11136,Algeria,Benin,1,2010
9512,Algeria,Brazil,-1,2010
8211,Algeria,Burkina Faso,-1,2010
8823,Algeria,Burkina Faso,-1,2010
9087,Algeria,Cape Verde,1,2010
10107,Algeria,DR Congo,-1,2010
11397,Algeria,Egypt,1,2010
11892,Algeria,Egypt,1,2010
8517,Algeria,Gabon,-1,2010
8708,Algeria,Gambia,1,2010
10466,Algeria,Gambia,1,2010
9331,Algeria,Guinea,-1,2010
10329,Algeria,Liberia,1,2010
9030,Algeria,Libya,1,2010
9856,Algeria,Mali,1,2010
10942,Algeria,Mali,-1,2010
11759,Algeria,Rwanda,1,2010
10657,Algeria,Senegal,1,2010
8405,Algeria,Sudan,1,2010
10590,Algeria,United Arab Emirates,1,2010
11552,Algeria,Uruguay,1,2010
11663,Algeria,Zambia,1,2010
9573,American Samoa,Vanuatu,-1,2010
9940,Andalusia,Zambia,1,2010
9031,Andorra,Armenia,-1,2010
10317,Andorra,Azerbaijan,-1,2010
10726,Andorra,Belarus,-1,2010
9647,Andorra,Croatia,-1,2010
11260,Andorra,Croatia,-1,2010
9150,Andorra,England,-1,2010
10662,Andorra,England,-1,2010
9813,Andorra,Estonia,-1,2010
9282,Andorra,Israel,-1,2010
11671,Andorra,Kazakhstan,-1,2010
10108,Andorra,Latvia,-1,2010
11137,Andorra,Lithuania,-1,2010
8762,Andorra,North Macedonia,-1,2010
9862,Andorra,Russia,-1,2010
11769,Andorra,Ukraine,-1,2010
10285,Angola,Benin,1,2010
11770,Angola,Cameroon,-1,2010
11203,Angola,Cape Verde,-1,2010
11672,Angola,Cape Verde,-1,2010
9179,Angola,Congo,-1,2010
11845,Angola,Congo,-1,2010
8141,Angola,DR Congo,-1,2010
9955,Angola,Egypt,-1,2010
9128,Angola,Eritrea,1,2010
11962,Angola,Estonia,-1,2010
9345,Angola,Eswatini,1,2010
11893,Angola,Ghana,-1,2010
9857,Angola,Guinea,-1,2010
9814,Angola,Ivory Coast,1,2010
8745,Angola,Kenya,1,2010
9484,Angola,Lesotho,1,2010
11138,Angola,Mali,-1,2010
8300,Angola,Mauritius,1,2010
11256,Angola,Morocco,-1,2010
11299,Angola,Namibia,-1,2010
10846,Angola,Niger,1,2010
8423,Angola,Portugal,-1,2010
11620,Angola,Senegal,-1,2010
8155,Angola,Togo,1,2010
8388,Angola,Turkey,-1,2010
10511,Angola,Uganda,-1,2010
10109,Anguilla,El Salvador,-1,2010
8684,Anguilla,Saint Kitts and Nevis,-1,2010
8680,Antigua and Barbuda,Anguilla,1,2010
10110,Antigua and Barbuda,Aruba,1,2010
8685,Antigua and Barbuda,Barbados,-1,2010
10454,Antigua and Barbuda,Cuba,-1,2010
8612,Antigua and Barbuda,Dominica,1,2010
11353,Antigua and Barbuda,French Guiana,-1,2010
8804,Antigua and Barbuda,Grenada,-1,2010
8909,Antigua and Barbuda,Guadeloupe,-1,2010
11011,Antigua and Barbuda,Guadeloupe,-1,2010
10770,Antigua and Barbuda,Guyana,1,2010
10925,Antigua and Barbuda,Guyana,1,2010
11348,Antigua and Barbuda,Guyana,1,2010
8688,Antigua and Barbuda,Saint Kitts and Nevis,1,2010
9903,Antigua and Barbuda,Saint Kitts and Nevis,1,2010
10363,Antigua and Barbuda,Saint Kitts and Nevis,1,2010
10202,Antigua and Barbuda,Saint Lucia,1,2010
10654,Antigua and Barbuda,Saint Martin,1,2010
10522,Arameans Suryoye,Provence,1,2010
8364,Argentina,Angola,1,2010
9815,Argentina,Bolivia,1,2010
8613,Argentina,Brazil,-1,2010
11621,Argentina,Brazil,-1,2010
9181,Argentina,Chile,-1,2010
9697,Argentina,Chile,1,2010
9413,Argentina,Colombia,1,2010
11357,Argentina,Colombia,1,2010
8220,Argentina,Croatia,-1,2010
10432,Argentina,Ecuador,-1,2010
11713,Argentina,Ghana,1,2010
8420,Argentina,Ivory Coast,1,2010
8466,Argentina,Mexico,1,2010
11323,Argentina,Panama,1,2010
9432,Argentina,Paraguay,1,2010
10663,Argentina,Paraguay,-1,2010
9444,Argentina,Peru,1,2010
11720,Argentina,Peru,1,2010
8438,Argentina,Serbia,1,2010
9392,Argentina,United States,1,2010
10793,Argentina,Uruguay,1,2010
11206,Argentina,Venezuela,1,2010
10022,Armenia,Belarus,1,2010
8632,Armenia,Belgium,-1,2010
11673,Armenia,Belgium,1,2010
11622,Armenia,Bosnia and Herzegovina,-1,2010
11207,Armenia,Estonia,-1,2010
8709,Armenia,Finland,-1,2010
10286,Armenia,Greece,-1,2010
10026,Armenia,Iceland,-1,2010
9863,Armenia,Kazakhstan,-1,2010
10111,Armenia,Kazakhstan,1,2010
11553,Armenia,Moldova,-1,2010
9283,Armenia,Poland,1,2010
9513,Armenia,Portugal,-1,2010
9698,Armenia,Serbia,-1,2010
11721,Armenia,Spain,-1,2010
10664,Armenia,Turkey,-1,2010
10027,Aruba,Antigua and Barbuda,-1,2010
9642,Australia,Argentina,-1,2010
8763,Australia,Bahrain,1,2010
11405,Australia,Bahrain,1,2010
10483,Australia,China PR,-1,2010
9019,Australia,Denmark,-1,2010
8818,Australia,Ghana,-1,2010
10213,Australia,Ghana,1,2010
8337,Australia,Greece,1,2010
10287,Australia,Iraq,1,2010
8426,Australia,Japan,1,2010
11434,Australia,Japan,1,2010
8524,Australia,Kuwait,1,2010
11181,Australia,Kuwait,-1,2010
8414,Australia,Liechtenstein,1,2010
11722,Australia,Netherlands,-1,2010
9816,Australia,Nigeria,1,2010
9445,Australia,Oman,-1,2010
11771,Australia,Oman,1,2010
8710,Australia,Paraguay,-1,2010
10028,Australia,Qatar,1,2010
10858,Australia,Qatar,1,2010
10587,Australia,South Africa,-1,2010
9225,Australia,Uruguay,-1,2010
11261,Australia,Uzbekistan,1,2010
11554,Austria,Cameroon,-1,2010
8221,Austria,Canada,-1,2010
9643,Austria,Chile,-1,2010
8579,Austria,Costa Rica,-1,2010
8327,Austria,Croatia,-1,2010
10364,Austria,Croatia,-1,2010
9514,Austria,Czech Republic,-1,2010
9808,Austria,England,-1,2010
11623,Austria,Faroe Islands,1,2010
10665,Austria,France,1,2010
10029,Austria,Germany,-1,2010
10452,Austria,Germany,-1,2010
9088,Austria,Ghana,-1,2010
8525,Austria,Hungary,-1,2010
9738,Austria,Ivory Coast,1,2010
9589,Austria,Japan,-1,2010
11723,Austria,Lithuania,1,2010
10260,Austria,Malta,1,2010
10112,Austria,Netherlands,-1,2010
10238,Austria,Nigeria,-1,2010
9226,Austria,Paraguay,-1,2010
10393,Austria,Poland,-1,2010
11262,Austria,Romania,1,2010
9217,Austria,Scotland,-1,2010
10859,Austria,Serbia,-1,2010
11894,Austria,Spain,-1,2010
11139,Austria,Sweden,-1,2010
8764,Austria,Switzerland,1,2010
8824,Austria,Trinidad and Tobago,1,2010
9864,Austria,Tunisia,-1,2010
10946,Austria,Turkey,-1,2010
8633,Austria,Venezuela,-1,2010
10947,Azerbaijan,Albania,-1,2010
9865,Azerbaijan,Belgium,-1,2010
11895,Azerbaijan,Czech Republic,1,2010
9151,Azerbaijan,Finland,1,2010
11624,Azerbaijan,Finland,-1,2010
9648,Azerbaijan,Georgia,-1,2010
11555,Azerbaijan,Germany,-1,2010
8634,Azerbaijan,Kazakhstan,-1,2010
10017,Azerbaijan,Kazakhstan,-1,2010
9079,Azerbaijan,Kyrgyzstan,1,2010
10727,Azerbaijan,Liechtenstein,-1,2010
9227,Azerbaijan,Poland,-1,2010
9699,Azerbaijan,Portugal,-1,2010
11772,Azerbaijan,Russia,-1,2010
9739,Azerbaijan,Serbia,-1,2010
11401,Azerbaijan,Spain,-1,2010
8291,Azerbaijan,Turkey,-1,2010
8212,Azerbaijan,Ukraine,-1,2010
9075,Azerbaijan,Uzbekistan,1,2010
11123,Azerbaijan,Uzbekistan,-1,2010
11358,Azerbaijan,Wales,-1,2010
8884,Bahamas,Bermuda,-1,2010
10113,Bahamas,British Virgin Islands,-1,2010
10168,Bahamas,British Virgin Islands,-1,2010
8580,Bahamas,Cayman Islands,1,2010
8194,Bahrain,Australia,-1,2010
10948,Bahrain,Australia,-1,2010
10860,Bahrain,Azerbaijan,-1,2010
10591,Bahrain,Burkina Faso,1,2010
11337,Bahrain,Congo,1,2010
10099,Bahrain,Iran,1,2010
11617,Bahrain,Iran,1,2010
8997,Bahrain,Iraq,-1,2010
11050,Bahrain,Iraq,1,2010
10114,Bahrain,Japan,1,2010
10666,Bahrain,Japan,-1,2010
11111,Bahrain,Japan,1,2010
8581,Bahrain,Jordan,-1,2010
9590,Bahrain,Jordan,-1,2010
11349,Bahrain,Jordan,1,2010
11610,Bahrain,Kenya,1,2010
8825,Bahrain,Kuwait,1,2010
9960,Bahrain,Kuwait,1,2010
11060,Bahrain,Kuwait,-1,2010
9733,Bahrain,Libya,1,2010
9777,Bahrain,Malaysia,1,2010
11724,Bahrain,New Zealand,-1,2010
10398,Bahrain,Oman,-1,2010
8186,Bahrain,Palestine,-1,2010
11263,Bahrain,Qatar,1,2010
11032,Bahrain,Saudi Arabia,1,2010
11625,Bahrain,Saudi Arabia,-1,2010
9685,Bahrain,Singapore,1,2010
9463,Bahrain,South Korea,1,2010
11127,Bahrain,South Korea,-1,2010
8159,Bahrain,Syria,-1,2010
9977,Bahrain,Syria,-1,2010
11040,Bahrain,Syria,-1,2010
10336,Bahrain,Thailand,-1,2010
11838,Bahrain,Togo,1,2010
11435,Bahrain,Uzbekistan,1,2010
9986,Bahrain,Yemen,1,2010
11896,Bahrain,Yemen,1,2010
11201,Bahrain,Zimbabwe,1,2010
10189,Bangladesh,Afghanistan,-1,2010
10330,Bangladesh,Afghanistan,-1,2010
10318,Bangladesh,Bhutan,-1,2010
11931,Bangladesh,Bhutan,1,2010
8266,Bangladesh,Cambodia,1,2010
9515,Bangladesh,Cambodia,-1,2010
11313,Bangladesh,Cambodia,1,2010
8274,Bangladesh,Guam,1,2010
8222,Bangladesh,Hong Kong,-1,2010
10938,Bangladesh,Indonesia,-1,2010
9559,Bangladesh,Kyrgyzstan,-1,2010
11317,Bangladesh,Macau,1,2010
10902,Bangladesh,Myanmar,-1,2010
11315,Bangladesh,Myanmar,-1,2010
11941,Bangladesh,Pakistan,-1,2010
8279,Bangladesh,Palestine,-1,2010
8526,Bangladesh,Qatar,-1,2010
11946,Bangladesh,Sri Lanka,1,2010
9500,Bangladesh,Syria,-1,2010
8289,Bangladesh,Tajikistan,-1,2010
9686,Bangladesh,Tajikistan,-1,2010
8765,Bangladesh,Uzbekistan,-1,2010
8689,Barbados,Anguilla,1,2010
9956,Barbados,Antigua and Barbuda,1,2010
8870,Barbados,Bahamas,1,2010
8891,Barbados,Bermuda,-1,2010
10115,Barbados,Dominica,1,2010
8805,Barbados,Grenada,-1,2010
11132,Barbados,Grenada,1,2010
9129,Barbados,Guatemala,-1,2010
8982,Barbados,Martinique,-1,2010
8681,Barbados,Saint Kitts and Nevis,-1,2010
10909,Barbados,Suriname,1,2010
10999,Barbados,Trinidad and Tobago,-1,2010
10484,Barbados,United States,-1,2010
9941,Basque Country,Catalonia,-1,2010
8948,Basque Country,Serbia,1,2010
8326,Basque Country,Wales,-1,2010
8582,Belarus,Albania,-1,2010
8527,Belarus,Andorra,1,2010
11359,Belarus,Andorra,1,2010
10592,Belarus,Argentina,-1,2010
9228,Belarus,Bulgaria,-1,2010
11556,Belarus,Croatia,-1,2010
10861,Belarus,England,-1,2010
10015,Belarus,Iceland,1,2010
9516,Belarus,Israel,1,2010
11725,Belarus,Kazakhstan,1,2010
9700,Belarus,Luxembourg,-1,2010
11406,Belarus,Moldova,-1,2010
9866,Belarus,Netherlands,1,2010
9594,Belarus,Romania,-1,2010
8766,Belarus,Slovenia,1,2010
10116,Belarus,Turkey,-1,2010
11674,Belarus,Ukraine,-1,2010
9740,Belgium,Armenia,1,2010
10794,Belgium,Armenia,1,2010
8767,Belgium,Azerbaijan,1,2010
11208,Belgium,Bosnia and Herzegovina,-1,2010
11330,Belgium,Chile,-1,2010
9032,Belgium,Czech Republic,-1,2010
10667,Belgium,Estonia,1,2010
9701,Belgium,Finland,-1,2010
11846,Belgium,Hungary,1,2010
8528,Belgium,Kazakhstan,-1,2010
10117,Belgium,Morocco,-1,2010
8826,Belgium,Poland,-1,2010
9229,Belgium,Portugal,-1,2010
11888,Belgium,Qatar,1,2010
8311,Belgium,Saudi Arabia,1,2010
9517,Belgium,Serbia,1,2010
11140,Belgium,Slovenia,1,2010
10862,Belgium,Spain,-1,2010
8331,Belgium,Turkey,-1,2010
11726,Belgium,Turkey,1,2010
9974,Belize,El Salvador,-1,2010
11103,Belize,El Salvador,-1,2010
10433,Belize,Mexico,-1,2010
10030,Belize,Saint Kitts and Nevis,1,2010
10714,Benin,Angola,1,2010
9073,Benin,Chad,-1,2010
9508,Benin,Gabon,-1,2010
11550,Benin,Gabon,-1,2010
11760,Benin,Ghana,1,2010
9264,Benin,Mali,-1,2010
11664,Benin,Mali,-1,2010
10485,Benin,Niger,1,2010
9961,Benin,Senegal,-1,2010
8746,Benin,Sierra Leone,1,2010
11398,Benin,Sudan,1,2010
9346,Benin,Togo,1,2010
10365,Benin,Uganda,1,2010
9817,Benin,United Arab Emirates,1,2010
10644,Bermuda,Antigua and Barbuda,-1,2010
10331,Bermuda,Barbados,1,2010
10381,Bermuda,Barbados,1,2010
9130,Bermuda,Canada,-1,2010
10018,Bermuda,Cayman Islands,-1,2010
8695,Bermuda,Dominican Republic,1,2010
8960,Bermuda,Haiti,-1,2010
9962,Bermuda,Puerto Rico,-1,2010
9965,Bermuda,Puerto Rico,-1,2010
9920,Bermuda,Saint Kitts and Nevis,-1,2010
9925,Bermuda,Saint Kitts and Nevis,1,2010
10486,Bermuda,Trinidad and Tobago,-1,2010
9438,Bermuda,Western Isles,-1,2010
9403,Bermuda,Ynys Môn,-1,2010
8281,Bhutan,Brunei,-1,2010
10197,Bhutan,Brunei,-1,2010
8276,Bhutan,Sri Lanka,-1,2010
9799,Bhutan,Tibet,1,2010
11308,Bhutan,Turkmenistan,-1,2010
11295,Bolivia,Argentina,1,2010
11765,Bolivia,Brazil,1,2010
10434,Bolivia,Chile,-1,2010
9741,Bolivia,Colombia,-1,2010
11675,Bolivia,Ecuador,-1,2010
8827,Bolivia,El Salvador,1,2010
10908,Bolivia,El Salvador,-1,2010
10593,Bolivia,Panama,1,2010
9365,Bolivia,Paraguay,-1,2010
10458,Bolivia,Paraguay,1,2010
10031,Bolivia,Peru,1,2010
10795,Bolivia,Peru,1,2010
9202,Bolivia,Republic of Ireland,-1,2010
9397,Bolivia,Uruguay,-1,2010
10855,Bolivia,Uruguay,-1,2010
11360,Bolivia,Venezuela,-1,2010
10863,Bosnia and Herzegovina,Armenia,1,2010
10288,Bosnia and Herzegovina,Azerbaijan,1,2010
11264,Bosnia and Herzegovina,Belgium,1,2010
10594,Bosnia and Herzegovina,Bulgaria,-1,2010
9518,Bosnia and Herzegovina,Croatia,-1,2010
10728,Bosnia and Herzegovina,Estonia,1,2010
8529,Bosnia and Herzegovina,France,-1,2010
8768,Bosnia and Herzegovina,Greece,-1,2010
8635,Bosnia and Herzegovina,Hungary,-1,2010
11557,Bosnia and Herzegovina,Iran,-1,2010
8213,Bosnia and Herzegovina,Japan,-1,2010
9284,Bosnia and Herzegovina,Malta,1,2010
9649,Bosnia and Herzegovina,Moldova,-1,2010
10118,Bosnia and Herzegovina,North Macedonia,-1,2010
9742,Bosnia and Herzegovina,Norway,-1,2010
11402,Bosnia and Herzegovina,Oman,1,2010
11897,Bosnia and Herzegovina,Portugal,-1,2010
11773,Bosnia and Herzegovina,Spain,-1,2010
9230,Bosnia and Herzegovina,Turkey,1,2010
11676,Bosnia and Herzegovina,Turkey,-1,2010
9487,Botswana,Angola,-1,2010
9131,Botswana,Burundi,1,2010
8711,Botswana,Egypt,-1,2010
8828,Botswana,Eswatini,1,2010
11812,Botswana,Eswatini,1,2010
11519,Botswana,Iran,-1,2010
10399,Botswana,Ivory Coast,-1,2010
8702,Botswana,Lesotho,1,2010
9209,Botswana,Libya,-1,2010
8319,Botswana,Madagascar,1,2010
10267,Botswana,Madagascar,-1,2010
9332,Botswana,Mauritania,1,2010
10075,Botswana,Mozambique,1,2010
10547,Botswana,Mozambique,-1,2010
10796,Botswana,Mozambique,-1,2010
9020,Botswana,Namibia,1,2010
9485,Botswana,Namibia,1,2010
11361,Botswana,New Zealand,-1,2010
8323,Botswana,South Africa,-1,2010
8315,Botswana,Zambia,-1,2010
9481,Botswana,Zambia,-1,2010
10119,Botswana,Zimbabwe,-1,2010
9464,Brazil,Argentina,1,2010
10463,Brazil,Argentina,-1,2010
8444,Brazil,Australia,1,2010
10729,Brazil,Bolivia,-1,2010
10268,Brazil,Canada,1,2010
9089,Brazil,Chile,1,2010
9405,Brazil,Chile,1,2010
11708,Brazil,Chile,1,2010
10864,Brazil,Colombia,-1,2010
8429,Brazil,Croatia,1,2010
8760,Brazil,Ecuador,1,2010
9424,Brazil,Ecuador,1,2010
9743,Brazil,Ecuador,1,2010
11432,Brazil,Egypt,1,2010
11847,Brazil,England,1,2010
8483,Brazil,France,-1,2010
8477,Brazil,Ghana,1,2010
9147,Brazil,Ghana,1,2010
11133,Brazil,Italy,1,2010
9388,Brazil,Mexico,-1,2010
8406,Brazil,New Zealand,1,2010
11407,Brazil,Paraguay,1,2010
11298,Brazil,Peru,1,2010
10949,Brazil,Portugal,1,2010
10120,Brazil,Sweden,1,2010
9867,Brazil,Uruguay,1,2010
10332,Brazil,Venezuela,-1,2010
11774,Brazil,Venezuela,-1,2010
10776,British Virgin Islands,Barbados,-1,2010
10092,British Virgin Islands,United States Virgin Islands,-1,2010
10093,British Virgin Islands,United States Virgin Islands,-1,2010
10207,Brittany,Congo,1,2010
8866,Brunei,Cambodia,-1,2010
8868,Brunei,Laos,-1,2010
8277,Brunei,Nepal,1,2010
11302,Brunei,Pakistan,-1,2010
10903,Brunei,Philippines,-1,2010
9152,Bulgaria,Albania,-1,2010
9285,Bulgaria,Belarus,1,2010
11265,Bulgaria,Cyprus,1,2010
10121,Bulgaria,Finland,1,2010
11775,Bulgaria,Georgia,1,2010
10797,Bulgaria,Italy,-1,2010
11558,Bulgaria,Latvia,1,2010
9650,Bulgaria,Luxembourg,1,2010
11626,Bulgaria,Montenegro,1,2010
8712,Bulgaria,Netherlands,-1,2010
11362,Bulgaria,Republic of Ireland,-1,2010
9818,Bulgaria,Romania,1,2010
8312,Bulgaria,Scotland,-1,2010
8636,Bulgaria,Slovenia,1,2010
9519,Bulgaria,Wales,-1,2010
10337,Burkina Faso,Burundi,1,2010
10218,Burkina Faso,Cape Verde,-1,2010
11209,Burkina Faso,Guinea,1,2010
11444,Burkina Faso,Ivory Coast,-1,2010
11848,Burkina Faso,Malawi,1,2010
9311,Burkina Faso,Mali,-1,2010
9090,Burkina Faso,Mozambique,-1,2010
8713,Burkina Faso,Senegal,1,2010
10470,Burkina Faso,Seychelles,1,2010
9333,Burkina Faso,Tanzania,-1,2010
11141,Burkina Faso,Togo,-1,2010
10668,Burkina Faso,Tunisia,-1,2010
9265,Burundi,Botswana,1,2010
10847,Burundi,Burkina Faso,-1,2010
9629,Burundi,Egypt,-1,2010
9927,Burundi,Eritrea,1,2010
11064,Burundi,Kenya,-1,2010
8747,Burundi,Mauritania,1,2010
10032,Burundi,Rwanda,-1,2010
10289,Burundi,Seychelles,1,2010
8924,Burundi,Sudan,-1,2010
9931,Burundi,Sudan,-1,2010
11058,Burundi,Sudan,1,2010
10435,Burundi,Tunisia,-1,2010
9933,Burundi,Uganda,-1,2010
11927,Burundi,Uganda,-1,2010
8903,Burundi,Zambia,1,2010
11922,Burundi,Zanzibar,-1,2010
10914,Cambodia,Brunei,1,2010
8282,Cambodia,Guam,1,2010
8819,Cambodia,Laos,-1,2010
10899,Cambodia,Laos,1,2010
10250,Cambodia,Macau,1,2010
10640,Cambodia,Myanmar,-1,2010
10234,Cambodia,Nepal,-1,2010
8275,Cambodia,Palestine,-1,2010
10910,Cambodia,Philippines,-1,2010
9562,Cambodia,Syria,-1,2010
8876,Cambodia,Timor-Leste,1,2010
10904,Cambodia,Timor-Leste,-1,2010
9694,Cambodia,Turkmenistan,-1,2010
8128,Cameroon,Angola,1,2010
10269,Cameroon,Cape Verde,1,2010
8156,Cameroon,DR Congo,1,2010
10076,Cameroon,Egypt,-1,2010
8714,Cameroon,Equatorial Guinea,1,2010
11677,Cameroon,Gabon,1,2010
8530,Cameroon,Guinea,-1,2010
11142,Cameroon,Guinea,1,2010
8168,Cameroon,Ivory Coast,-1,2010
9091,Cameroon,Liberia,1,2010
10798,Cameroon,Mauritius,1,2010
11392,Cameroon,Morocco,-1,2010
9347,Cameroon,Rwanda,1,2010
10003,Cameroon,Sudan,1,2010
10471,Cameroon,Tanzania,1,2010
8142,Cameroon,Togo,1,2010
11727,Cameroon,Togo,1,2010
9987,Cameroon,Zambia,1,2010
9651,Canada,Costa Rica,-1,2010
9312,Canada,Guadeloupe,-1,2010
9334,Canada,Guatemala,1,2010
10710,Canada,Honduras,-1,2010
11540,Canada,Honduras,-1,2010
8627,Canada,Jamaica,1,2010
10595,Canada,Jamaica,-1,2010
11510,Canada,Jamaica,1,2010
10865,Canada,Mexico,-1,2010
10467,Canada,Saint Vincent and the Grenadines,1,2010
9942,Canary Islands,Angola,1,2010
9231,Cape Verde,Algeria,-1,2010
10669,Cape Verde,Cameroon,-1,2010
11210,Cape Verde,Equatorial Guinea,1,2010
9335,Cape Verde,Gambia,-1,2010
9905,Cape Verde,Gambia,-1,2010
8715,Cape Verde,Guinea,1,2010
10487,Cape Verde,Mauritius,1,2010
10338,Cape Verde,Tanzania,1,2010
10228,Catalonia,Argentina,-1,2010
11957,Catalonia,Argentina,1,2010
8759,Catalonia,Basque Country,-1,2010
11039,Catalonia,Colombia,1,2010
8336,Catalonia,Costa Rica,1,2010
10650,Cayman Islands,Antigua and Barbuda,-1,2010
10169,Cayman Islands,Bermuda,-1,2010
10655,Cayman Islands,Bermuda,-1,2010
10930,Cayman Islands,Jamaica,-1,2010
11474,Cayman Islands,Jamaica,-1,2010
10853,Cayman Islands,Martinique,-1,2010
10645,Cayman Islands,Saint Martin,1,2010
8628,Cayman Islands,Turks and Caicos Islands,-1,2010
9630,Chad,Congo,-1,2010
10400,Chad,Congo,1,2010
10339,Chad,Mali,-1,2010
9092,Chad,South Africa,-1,2010
10730,Chad,Sudan,-1,2010
8614,Chad,Zambia,-1,2010
10866,Chile,Argentina,1,2010
11408,Chile,Bolivia,1,2010
9441,Chile,Brazil,-1,2010
10715,Chile,Brazil,-1,2010
8531,Chile,Colombia,-1,2010
10731,Chile,Colombia,1,2010
9153,Chile,Costa Rica,-1,2010
9191,Chile,Cuba,1,2010
9193,Chile,Cuba,1,2010
11776,Chile,Ecuador,1,2010
10319,Chile,Guatemala,1,2010
8365,Chile,Ivory Coast,-1,2010
8298,Chile,New Zealand,1,2010
8299,Chile,New Zealand,1,2010
10340,Chile,Panama,-1,2010
8829,Chile,Paraguay,1,2010
9868,Chile,Paraguay,-1,2010
11835,Chile,Paraguay,1,2010
8716,Chile,Peru,1,2010
9744,Chile,Peru,1,2010
11297,Chile,Uruguay,-1,2010
11627,Chile,Venezuela,-1,2010
9093,China PR,Australia,-1,2010
10122,China PR,Australia,-1,2010
11714,China PR,Botswana,1,2010
11331,China PR,Germany,-1,2010
8179,China PR,Honduras,-1,2010
9465,China PR,Iran,-1,2010
11343,China PR,Iran,1,2010
8830,China PR,Iraq,-1,2010
10401,China PR,Iraq,-1,2010
10080,China PR,Japan,-1,2010
10229,China PR,Jordan,1,2010
11963,China PR,Jordan,-1,2010
9033,China PR,Kazakhstan,1,2010
11547,China PR,Kyrgyzstan,1,2010
9968,China PR,Lebanon,-1,2010
11919,China PR,Lebanon,1,2010
9778,China PR,Myanmar,1,2010
10082,China PR,North Korea,1,2010
8195,China PR,Palestine,1,2010
11541,China PR,Palestine,1,2010
10341,China PR,Qatar,-1,2010
11352,China PR,Saudi Arabia,-1,2010
8532,China PR,Singapore,1,2010
10078,China PR,South Korea,-1,2010
9992,China PR,Syria,1,2010
10094,China PR,Thailand,-1,2010
9148,China PR,Uzbekistan,1,2010
11093,China PR,Vietnam,1,2010
9858,Colombia,Argentina,1,2010
11211,Colombia,Bolivia,1,2010
9727,Colombia,Brazil,-1,2010
11728,Colombia,Chile,-1,2010
8332,Colombia,Ecuador,-1,2010
9377,Colombia,Ecuador,1,2010
10596,Colombia,Ecuador,-1,2010
11628,Colombia,Ecuador,1,2010
11549,Colombia,El Salvador,1,2010
11143,Colombia,Haiti,1,2010
9266,Colombia,Montenegro,1,2010
8407,Colombia,Morocco,1,2010
10950,Colombia,Nigeria,1,2010
9154,Colombia,Paraguay,1,2010
9652,Colombia,Paraguay,1,2010
10799,Colombia,Paraguay,-1,2010
11409,Colombia,Peru,1,2010
9132,Colombia,Switzerland,1,2010
9433,Colombia,United States,1,2010
9034,Colombia,Uruguay,-1,2010
10670,Colombia,Uruguay,-1,2010
9819,Colombia,Venezuela,1,2010
10186,Colombia,Venezuela,1,2010
11559,Colombia,Venezuela,-1,2010
11809,Comoros,Botswana,-1,2010
10543,Comoros,Lesotho,-1,2010
9820,Comoros,Madagascar,-1,2010
10538,Comoros,Malawi,-1,2010
10533,Comoros,Namibia,-1,2010
9492,Comoros,Réunion,-1,2010
8748,Congo,Chad,1,2010
10488,Congo,Chad,1,2010
9214,Congo,DR Congo,1,2010
10716,Congo,Mali,1,2010
11767,Congo,North Korea,-1,2010
9348,Congo,South Africa,-1,2010
10366,Congo,Sudan,1,2010
9133,Congo,Zambia,-1,2010
9583,Cook Islands,Tahiti,-1,2010
9578,Cook Islands,Tuvalu,1,2010
11391,Corsica,Congo,-1,2010
9286,Costa Rica,Canada,-1,2010
11530,Costa Rica,Canada,-1,2010
9232,Costa Rica,Chile,1,2010
10598,Costa Rica,El Salvador,1,2010
11121,Costa Rica,El Salvador,1,2010
11266,Costa Rica,El Salvador,1,2010
11511,Costa Rica,El Salvador,-1,2010
10472,Costa Rica,Grenada,1,2010
9322,Costa Rica,Guadeloupe,1,2010
9745,Costa Rica,Haiti,-1,2010
10867,Costa Rica,Haiti,1,2010
9060,Costa Rica,Honduras,1,2010
9631,Costa Rica,Honduras,-1,2010
11144,Costa Rica,Honduras,1,2010
11545,Costa Rica,Mexico,-1,2010
11629,Costa Rica,Mexico,-1,2010
9094,Costa Rica,New Zealand,1,2010
8961,Costa Rica,Nicaragua,1,2010
9071,Costa Rica,Panama,-1,2010
11099,Costa Rica,Panama,1,2010
11124,Costa Rica,Panama,-1,2010
9521,Costa Rica,Peru,-1,2010
8450,Costa Rica,Poland,-1,2010
8178,Costa Rica,South Korea,1,2010
10711,Costa Rica,Suriname,1,2010
9957,Costa Rica,Sweden,-1,2010
9017,Costa Rica,Trinidad and Tobago,1,2010
11729,Costa Rica,Trinidad and Tobago,1,2010
11350,Costa Rica,United States,1,2010
11849,Costa Rica,Uruguay,-1,2010
11471,Costa Rica,Venezuela,1,2010
8717,Croatia,Andorra,1,2010
10868,Croatia,Andorra,1,2010
8458,Croatia,Australia,-1,2010
11630,Croatia,Belarus,1,2010
8769,Croatia,England,1,2010
10732,Croatia,England,-1,2010
9596,Croatia,Estonia,1,2010
10394,Croatia,Germany,1,2010
8355,Croatia,Iran,-1,2010
9702,Croatia,Israel,1,2010
10671,Croatia,Kazakhstan,1,2010
11850,Croatia,Liechtenstein,1,2010
10219,Croatia,Moldova,1,2010
10033,Croatia,Netherlands,-1,2010
9095,Croatia,North Macedonia,1,2010
9035,Croatia,Norway,1,2010
8395,Croatia,Poland,-1,2010
11718,Croatia,Qatar,1,2010
9287,Croatia,Russia,-1,2010
9734,Croatia,Slovakia,1,2010
10468,Croatia,Turkey,-1,2010
11363,Croatia,Ukraine,-1,2010
10490,Cuba,Antigua and Barbuda,1,2010
11003,Cuba,Antigua and Barbuda,1,2010
8629,Cuba,Bahamas,1,2010
10915,Cuba,Barbados,-1,2010
8637,Cuba,Cayman Islands,1,2010
10911,Cuba,Curaçao,1,2010
11019,Cuba,Grenada,-1,2010
8970,Cuba,Guadeloupe,-1,2010
9000,Cuba,Guadeloupe,1,2010
11021,Cuba,Guadeloupe,-1,2010
10869,Cuba,Guatemala,1,2010
8988,Cuba,Guyana,-1,2010
11012,Cuba,Haiti,-1,2010
9329,Cuba,Honduras,-1,2010
10342,Cuba,Saint Vincent and the Grenadines,1,2010
8811,Cuba,Suriname,1,2010
10919,Cuba,Suriname,1,2010
10599,Cuba,Trinidad and Tobago,-1,2010
8583,Cuba,Turks and Caicos Islands,1,2010
10672,Cuba,United States,-1,2010
10548,Curaçao,Aruba,-1,2010
10920,Curaçao,Barbados,-1,2010
11825,Curaçao,French Guiana,-1,2010
8638,Curaçao,Grenada,-1,2010
10557,Curaçao,Grenada,1,2010
8672,Curaçao,Guyana,-1,2010
10491,Curaçao,Haiti,-1,2010
10123,Curaçao,Nicaragua,1,2010
8674,Curaçao,Suriname,-1,2010
10208,Curaçao,Suriname,1,2010
10382,Curaçao,Venezuela,-1,2010
8223,Cyprus,Armenia,1,2010
9597,Cyprus,Armenia,1,2010
10951,Cyprus,Belarus,1,2010
9036,Cyprus,Bulgaria,-1,2010
11730,Cyprus,Bulgaria,1,2010
11334,Cyprus,Canada,-1,2010
9869,Cyprus,Czech Republic,-1,2010
11212,Cyprus,Georgia,1,2010
8831,Cyprus,Germany,-1,2010
9021,Cyprus,Hungary,1,2010
10673,Cyprus,Italy,-1,2010
11364,Cyprus,Montenegro,-1,2010
8718,Cyprus,Republic of Ireland,1,2010
11631,Cyprus,Republic of Ireland,-1,2010
9653,Cyprus,San Marino,1,2010
11134,Cyprus,Serbia,-1,2010
9096,Cyprus,Slovakia,-1,2010
11145,Cyprus,Slovakia,1,2010
8214,Cyprus,Slovenia,-1,2010
10034,Cyprus,Ukraine,-1,2010
9703,Cyprus,Wales,1,2010
11561,Czech Republic,Belgium,1,2010
8366,Czech Republic,Costa Rica,1,2010
9155,Czech Republic,Cyprus,1,2010
8832,Czech Republic,Denmark,-1,2010
9097,Czech Republic,Germany,-1,2010
8441,Czech Republic,Ghana,-1,2010
8459,Czech Republic,Italy,-1,2010
10239,Czech Republic,Lithuania,1,2010
11354,Czech Republic,Malta,1,2010
11777,Czech Republic,Northern Ireland,-1,2010
10035,Czech Republic,Poland,-1,2010
11731,Czech Republic,Poland,1,2010
10388,Czech Republic,Portugal,-1,2010
9654,Czech Republic,Republic of Ireland,1,2010
8719,Czech Republic,San Marino,1,2010
11678,Czech Republic,San Marino,1,2010
8339,Czech Republic,Saudi Arabia,1,2010
10261,Czech Republic,Scotland,1,2010
8533,Czech Republic,Serbia,-1,2010
9821,Czech Republic,Slovakia,1,2010
11267,Czech Republic,Slovakia,-1,2010
10870,Czech Republic,Slovenia,1,2010
8396,Czech Republic,Trinidad and Tobago,1,2010
8584,Czech Republic,Wales,1,2010
9520,DR Congo,Angola,1,2010
10489,DR Congo,Djibouti,1,2010
10717,DR Congo,Egypt,-1,2010
9187,DR Congo,Ethiopia,1,2010
9595,DR Congo,Libya,-1,2010
10367,DR Congo,Malawi,1,2010
8615,DR Congo,Namibia,1,2010
11560,DR Congo,Senegal,-1,2010
10597,DR Congo,Togo,1,2010
11268,Denmark,Albania,1,2010
11562,Denmark,Chile,-1,2010
10124,Denmark,Czech Republic,-1,2010
11778,Denmark,Hungary,-1,2010
9870,Denmark,Iceland,1,2010
9746,Denmark,Latvia,1,2010
9655,Denmark,Liechtenstein,1,2010
10800,Denmark,Malta,1,2010
8720,Denmark,Northern Ireland,-1,2010
8344,Denmark,Paraguay,-1,2010
8534,Denmark,Poland,1,2010
8577,Denmark,Portugal,1,2010
11632,Denmark,Portugal,-1,2010
9522,Denmark,Republic of Ireland,-1,2010
11851,Denmark,South Korea,-1,2010
9704,Denmark,Spain,-1,2010
10600,Denmark,Spain,-1,2010
9233,Denmark,Sweden,-1,2010
11732,Denmark,Sweden,1,2010
11898,Denmark,United States,1,2010
10952,Denmark,Wales,-1,2010
11046,Djibouti,Burundi,-1,2010
8936,Djibouti,Comoros,-1,2010
10395,Djibouti,DR Congo,-1,2010
10335,Djibouti,Egypt,-1,2010
9913,Djibouti,Eritrea,-1,2010
8904,Djibouti,Malawi,-1,2010
10658,Djibouti,Malawi,-1,2010
9918,Djibouti,Rwanda,-1,2010
9809,Djibouti,Somalia,1,2010
11033,Djibouti,Somalia,-1,2010
11051,Djibouti,Sudan,-1,2010
11932,Djibouti,Zambia,-1,2010
8677,Dominica,Barbados,-1,2010
10036,Dominica,Barbados,-1,2010
11936,Dominica,British Virgin Islands,1,2010
9966,Dominica,Guadeloupe,-1,2010
8682,Dominica,Martinique,-1,2010
8690,Dominica,Saint Martin,-1,2010
10575,Dominica,Suriname,-1,2010
8905,Dominican Republic,Antigua and Barbuda,1,2010
8896,Dominican Republic,Guadeloupe,-1,2010
10085,Dominican Republic,Haiti,-1,2010
10087,Dominican Republic,Haiti,-1,2010
11410,Ecuador,Argentina,1,2010
9523,Ecuador,Bolivia,1,2010
10674,Ecuador,Bolivia,1,2010
11251,Ecuador,Brazil,-1,2010
9389,Ecuador,Chile,-1,2010
10848,Ecuador,Chile,1,2010
10459,Ecuador,Colombia,-1,2010
8435,Ecuador,Costa Rica,1,2010
9598,Ecuador,El Salvador,1,2010
23187,Ecuador,Germany,-1,2010
10125,Ecuador,Haiti,1,2010
8143,Ecuador,Honduras,1,2010
11563,Ecuador,Jamaica,-1,2010
11296,Ecuador,Paraguay,-1,2010
8639,Ecuador,Peru,-1,2010
9267,Ecuador,Peru,-1,2010
9288,Ecuador,Peru,1,2010
9871,Ecuador,Peru,1,2010
9198,Ecuador,Republic of Ireland,-1,2010
8989,Ecuador,Sweden,1,2010
8998,Ecuador,Sweden,-1,2010
11733,Ecuador,Uruguay,-1,2010
9705,Ecuador,Venezuela,-1,2010
11852,Egypt,Algeria,1,2010
10023,Egypt,Angola,1,2010
10126,Egypt,Argentina,-1,2010
10953,Egypt,Benin,1,2010
9706,Egypt,Botswana,1,2010
8585,Egypt,Burundi,1,2010
9975,Egypt,Cameroon,1,2010
8166,Egypt,DR Congo,1,2010
10290,Egypt,DR Congo,1,2010
10849,Egypt,Djibouti,1,2010
11146,Egypt,Ghana,-1,2010
11564,Egypt,Guinea,-1,2010
11440,Egypt,Italy,1,2010
8153,Egypt,Ivory Coast,1,2010
8176,Egypt,Ivory Coast,-1,2010
11100,Egypt,Kenya,1,2010
8127,Egypt,Libya,1,2010
10492,Egypt,Malawi,1,2010
11960,Egypt,Malawi,-1,2010
9948,Egypt,Mali,1,2010
9134,Egypt,Mauritania,1,2010
11716,Egypt,Mauritius,1,2010
8139,Egypt,Morocco,-1,2010
9944,Egypt,Namibia,1,2010
11520,Egypt,Rwanda,1,2010
8171,Egypt,Senegal,1,2010
8119,Egypt,South Africa,-1,2010
8833,Egypt,South Africa,1,2010
9988,Egypt,Sudan,1,2010
9037,Egypt,Sweden,1,2010
11837,Egypt,Tanzania,1,2010
11452,Egypt,United States,-1,2010
8535,Egypt,Uruguay,-1,2010
10004,Egypt,Zambia,-1,2010
11253,Egypt,Zambia,-1,2010
8114,Egypt,Zimbabwe,1,2010
10037,El Salvador,Anguilla,1,2010
9058,El Salvador,Belize,1,2010
11524,El Salvador,Canada,-1,2010
10178,El Salvador,China PR,-1,2010
9069,El Salvador,Costa Rica,-1,2010
9707,El Salvador,Costa Rica,-1,2010
10954,El Salvador,Costa Rica,-1,2010
11679,El Salvador,Costa Rica,1,2010
11326,El Salvador,Ecuador,1,2010
9064,El Salvador,Guatemala,-1,2010
9072,El Salvador,Guatemala,-1,2010
10534,El Salvador,Guatemala,-1,2010
9180,El Salvador,Haiti,-1,2010
10712,El Salvador,Haiti,1,2010
9098,El Salvador,Honduras,-1,2010
9149,El Salvador,Honduras,-1,2010
9524,El Salvador,Honduras,1,2010
11779,El Salvador,Honduras,-1,2010
10545,El Salvador,Jamaica,-1,2010
11335,El Salvador,Jamaica,-1,2010
11531,El Salvador,Jamaica,-1,2010
11365,El Salvador,Mexico,1,2010
9061,El Salvador,Nicaragua,1,2010
11097,El Salvador,Nicaragua,-1,2010
8913,El Salvador,Panama,-1,2010
10493,El Salvador,Panama,1,2010
11130,El Salvador,Peru,1,2010
10871,El Salvador,Suriname,1,2010
9305,El Salvador,Trinidad and Tobago,1,2010
9747,El Salvador,Trinidad and Tobago,-1,2010
10585,El Salvador,Trinidad and Tobago,-1,2010
11147,El Salvador,Trinidad and Tobago,-1,2010
11213,El Salvador,United States,-1,2010
8586,England,Andorra,1,2010
11411,England,Andorra,1,2010
11780,England,Belarus,1,2010
9219,England,Brazil,-1,2010
9872,England,Croatia,-1,2010
11680,England,Croatia,1,2010
10601,England,Czech Republic,-1,2010
8470,England,Ecuador,1,2010
9708,England,Estonia,1,2010
9525,England,Germany,-1,2010
8536,England,Greece,1,2010
8367,England,Hungary,1,2010
9599,England,Israel,1,2010
8397,England,Jamaica,1,2010
10801,England,Kazakhstan,1,2010
8721,England,North Macedonia,-1,2010
8421,England,Paraguay,1,2010
8484,England,Portugal,-1,2010
9656,England,Russia,1,2010
11214,England,Slovakia,1,2010
11633,England,Slovenia,1,2010
9038,England,Spain,-1,2010
10038,England,Switzerland,1,2010
8436,England,Trinidad and Tobago,1,2010
11269,England,Ukraine,1,2010
10251,England,United States,1,2010
8224,England,Uruguay,1,2010
8263,Equatorial Guinea,Benin,1,2010
9632,Equatorial Guinea,Cameroon,1,2010
8616,Equatorial Guinea,Liberia,1,2010
9873,Equatorial Guinea,Niger,-1,2010
10436,Equatorial Guinea,Nigeria,-1,2010
9135,Equatorial Guinea,Rwanda,1,2010
10291,Equatorial Guinea,Sierra Leone,1,2010
10802,Equatorial Guinea,South Africa,-1,2010
9234,Eritrea,Angola,-1,2010
8722,Eritrea,Eswatini,-1,2010
9336,Eritrea,Kenya,1,2010
9197,Eritrea,Sudan,1,2010
9203,Eritrea,Sudan,-1,2010
9921,Eritrea,Uganda,1,2010
11853,Estonia,Albania,-1,2010
9526,Estonia,Andorra,1,2010
11270,Estonia,Armenia,1,2010
8834,Estonia,Belarus,1,2010
11781,Estonia,Belgium,1,2010
11734,Estonia,Bosnia and Herzegovina,-1,2010
11565,Estonia,Brazil,-1,2010
10127,Estonia,Canada,1,2010
9235,Estonia,Croatia,-1,2010
9289,Estonia,England,-1,2010
11366,Estonia,Equatorial Guinea,1,2010
10320,Estonia,Faroe Islands,1,2010
10240,Estonia,Georgia,-1,2010
8587,Estonia,Israel,-1,2010
11148,Estonia,Kazakhstan,-1,2010
10935,Estonia,Latvia,-1,2010
10270,Estonia,Lithuania,-1,2010
10993,Estonia,Lithuania,-1,2010
10602,Estonia,Malta,1,2010
10944,Estonia,Moldova,1,2010
9748,Estonia,Montenegro,-1,2010
8374,Estonia,New Zealand,-1,2010
8537,Estonia,North Macedonia,-1,2010
11412,Estonia,Portugal,-1,2010
9099,Estonia,Russia,-1,2010
10803,Estonia,Spain,-1,2010
10872,Estonia,Turkey,-1,2010
8625,Eswatini,Angola,-1,2010
10074,Eswatini,Botswana,-1,2010
11818,Eswatini,Comoros,1,2010
9639,Eswatini,Eritrea,-1,2010
9275,Eswatini,Kenya,-1,2010
8568,Eswatini,Lesotho,1,2010
9082,Eswatini,Lesotho,-1,2010
10077,Eswatini,Lesotho,-1,2010
10217,Eswatini,Lesotho,-1,2010
11443,Eswatini,Lesotho,-1,2010
11454,Eswatini,Lesotho,-1,2010
9213,Eswatini,Malawi,1,2010
9850,Eswatini,Malawi,-1,2010
9206,Eswatini,Mauritius,-1,2010
11810,Eswatini,Seychelles,1,2010
10378,Eswatini,Togo,1,2010
10446,Eswatini,Zambia,-1,2010
8473,Eswatini,Zimbabwe,-1,2010
9220,Ethiopia,DR Congo,1,2010
8910,Ethiopia,Djibouti,1,2010
11925,Ethiopia,Djibouti,1,2010
8703,Ethiopia,Eswatini,1,2010
8514,Ethiopia,Kenya,1,2010
8516,Ethiopia,Kenya,1,2010
8617,Ethiopia,Libya,1,2010
8917,Ethiopia,Malawi,1,2010
9600,Ethiopia,Namibia,-1,2010
9923,Ethiopia,Sudan,-1,2010
8900,Ethiopia,Tanzania,-1,2010
8495,Ethiopia,Yemen,1,2010
8922,Ethiopia,Zambia,-1,2010
11928,Ethiopia,Zambia,-1,2010
11505,Falkland Islands,Frøya,-1,2010
11487,Falkland Islands,Isle of Man,-1,2010
10804,Faroe Islands,Austria,-1,2010
9709,Faroe Islands,France,-1,2010
11566,Faroe Islands,France,-1,2010
8538,Faroe Islands,Georgia,-1,2010
9236,Faroe Islands,Italy,-1,2010
8723,Faroe Islands,Lithuania,-1,2010
11681,Faroe Islands,Lithuania,1,2010
10733,Faroe Islands,Romania,-1,2010
9290,Faroe Islands,Scotland,-1,2010
11413,Faroe Islands,Serbia,-1,2010
9100,Faroe Islands,Ukraine,-1,2010
9569,Fiji,Cook Islands,1,2010
9822,Fiji,New Caledonia,-1,2010
9749,Fiji,New Zealand,-1,2010
10955,Fiji,New Zealand,1,2010
9563,Fiji,Tuvalu,1,2010
9587,Fiji,Vanuatu,1,2010
10675,Fiji,Vanuatu,1,2010
8835,Finland,Armenia,1,2010
9823,Finland,Azerbaijan,1,2010
10805,Finland,Azerbaijan,1,2010
8225,Finland,Belarus,-1,2010
10305,Finland,Belarus,-1,2010
9291,Finland,Belgium,1,2010
10734,Finland,Germany,-1,2010
10603,Finland,Israel,1,2010
8215,Finland,Kazakhstan,-1,2010
9527,Finland,Kazakhstan,1,2010
11367,Finland,Liechtenstein,1,2010
8539,Finland,Northern Ireland,-1,2010
9657,Finland,Poland,-1,2010
8640,Finland,Portugal,-1,2010
11414,Finland,Russia,-1,2010
9237,Finland,Serbia,-1,2010
8144,Finland,South Korea,-1,2010
9750,Finland,Spain,-1,2010
10257,Finland,Turkey,-1,2010
11735,Finland,Wales,1,2010
9039,France,Argentina,-1,2010
11149,France,Argentina,-1,2010
9156,France,Austria,1,2010
11782,France,Austria,1,2010
8415,France,China PR,1,2010
10314,France,Colombia,1,2010
8375,France,Denmark,1,2010
10241,France,Ecuador,1,2010
10128,France,England,1,2010
8770,France,Faroe Islands,1,2010
11736,France,Faroe Islands,1,2010
9292,France,Georgia,1,2010
8836,France,Greece,1,2010
8641,France,Italy,1,2010
10455,France,Italy,-1,2010
9751,France,Lithuania,1,2010
11271,France,Lithuania,1,2010
8345,France,Mexico,1,2010
9810,France,Morocco,-1,2010
11345,France,Nigeria,-1,2010
10271,France,Paraguay,-1,2010
11899,France,Republic of Ireland,-1,2010
11634,France,Romania,-1,2010
9658,France,Scotland,-1,2010
10735,France,Serbia,1,2010
8226,France,Slovakia,-1,2010
8445,France,South Korea,-1,2010
8430,France,Switzerland,-1,2010
10856,France,Tunisia,1,2010
11355,France,Turkey,1,2010
9238,France,Ukraine,1,2010
10956,France,Uruguay,-1,2010
9807,French Guiana,Guadeloupe,-1,2010
11831,French Guiana,Guyana,-1,2010
10780,French Guiana,Mayotte,1,2010
10785,French Guiana,Réunion,-1,2010
11312,French Guiana,Suriname,-1,2010
11491,Frøya,Gibraltar,-1,2010
9429,Frøya,Gotland,-1,2010
11635,Gabon,Cameroon,-1,2010
10104,Gabon,DR Congo,-1,2010
10402,Gabon,Ghana,1,2010
10945,Gabon,Guinea,-1,2010
9601,Gabon,Ivory Coast,-1,2010
10514,Gabon,Lesotho,1,2010
10806,Gabon,Libya,1,2010
8588,Gabon,Madagascar,1,2010
10588,Gabon,Mali,1,2010
11737,Gabon,Morocco,1,2010
11368,Gabon,Togo,1,2010
9939,Galicia,Cameroon,-1,2010
8952,Galicia,Ecuador,-1,2010
11037,Galicia,Iran,1,2010
9633,Gambia,Algeria,1,2010
10403,Gambia,Algeria,1,2010
8618,Gambia,Cape Verde,1,2010
9101,Gambia,Guinea,-1,2010
10676,Gambia,Liberia,1,2010
10368,Gambia,Senegal,-1,2010
9936,Gambia,Sierra Leone,1,2010
10873,Georgia,Bulgaria,-1,2010
10807,Georgia,Cyprus,-1,2010
9157,Georgia,Faroe Islands,1,2010
8589,Georgia,France,-1,2010
8771,Georgia,Italy,-1,2010
11636,Georgia,Italy,-1,2010
10039,Georgia,Latvia,-1,2010
9874,Georgia,Lithuania,-1,2010
11369,Georgia,Moldova,-1,2010
11272,Georgia,Montenegro,-1,2010
8346,Georgia,New Zealand,-1,2010
8376,Georgia,Paraguay,-1,2010
10677,Georgia,Republic of Ireland,-1,2010
9752,Georgia,Scotland,1,2010
9040,Georgia,Turkey,1,2010
9602,Georgia,Ukraine,-1,2010
8837,Georgia,Uruguay,1,2010
8480,Germany,Argentina,-1,2010
11682,Germany,Azerbaijan,1,2010
10242,Germany,Belarus,-1,2010
10604,Germany,Belgium,1,2010
8389,Germany,Colombia,1,2010
8418,Germany,Costa Rica,1,2010
9824,Germany,Cyprus,1,2010
9753,Germany,Czech Republic,-1,2010
9158,Germany,Denmark,-1,2010
8451,Germany,Ecuador,1,2010
10957,Germany,England,-1,2010
11783,Germany,Finland,-1,2010
8724,Germany,Georgia,1,2010
8486,Germany,Italy,-1,2010
11900,Germany,Ivory Coast,-1,2010
8368,Germany,Japan,-1,2010
11215,Germany,Liechtenstein,1,2010
8347,Germany,Luxembourg,1,2010
11150,Germany,Norway,-1,2010
8432,Germany,Poland,1,2010
10369,Germany,Poland,1,2010
8490,Germany,Portugal,1,2010
8590,Germany,Republic of Ireland,1,2010
9659,Germany,Romania,1,2010
10808,Germany,Russia,1,2010
9239,Germany,San Marino,1,2010
10272,Germany,Serbia,1,2010
9293,Germany,Slovakia,1,2010
11637,Germany,South Africa,1,2010
10515,Germany,Spain,-1,2010
8467,Germany,Sweden,1,2010
8540,Germany,Sweden,1,2010
9041,Germany,Switzerland,1,2010
10512,Germany,Turkey,1,2010
8260,Germany,United States,1,2010
9875,Germany,Wales,-1,2010
10874,Germany,Wales,1,2010
9876,Ghana,Benin,1,2010
11254,Ghana,Benin,1,2010
10070,Ghana,Cameroon,-1,2010
10494,Ghana,Gabon,1,2010
9969,Ghana,Guinea,1,2010
10072,Ghana,Ivory Coast,1,2010
10809,Ghana,Lesotho,1,2010
10292,Ghana,Libya,1,2010
11885,Ghana,Mali,-1,2010
10129,Ghana,Mexico,-1,2010
9996,Ghana,Morocco,1,2010
9980,Ghana,Namibia,1,2010
10019,Ghana,Nigeria,1,2010
8149,Ghana,Senegal,1,2010
9509,Ghana,Senegal,-1,2010
8408,Ghana,South Korea,1,2010
11665,Ghana,Sudan,1,2010
8117,Ghana,Togo,-1,2010
8518,Ghana,Togo,1,2010
9846,Ghana,Togo,1,2010
10958,Ghana,Tunisia,-1,2010
11338,Ghana,Uganda,1,2010
8460,Ghana,United States,1,2010
11567,Ghana,Zambia,1,2010
8162,Ghana,Zimbabwe,-1,2010
9430,Gibraltar,Bermuda,1,2010
11482,Gibraltar,Guernsey,-1,2010
11512,Gibraltar,Isle of Wight,1,2010
9418,Gibraltar,Menorca,1,2010
8377,Gibraltar,Tibet,1,2010
11499,Gibraltar,Ynys Môn,-1,2010
11495,Gotland,Falkland Islands,1,2010
11507,Gotland,Greenland,1,2010
9421,Gotland,Western Isles,-1,2010
8216,Greece,Belarus,1,2010
9710,Greece,Bosnia and Herzegovina,1,2010
10204,Greece,Cyprus,1,2010
11151,Greece,Denmark,-1,2010
10040,Greece,Finland,1,2010
9240,Greece,Hungary,1,2010
11273,Greece,Israel,1,2010
10959,Greece,Italy,-1,2010
11738,Greece,Latvia,1,2010
11784,Greece,Luxembourg,1,2010
9825,Greece,Malta,1,2010
9294,Greece,Moldova,1,2010
10810,Greece,Moldova,1,2010
8725,Greece,Norway,1,2010
10404,Greece,Russia,-1,2010
8129,Greece,South Korea,-1,2010
9022,Greece,South Korea,-1,2010
9528,Greece,Spain,-1,2010
10460,Greece,Spain,-1,2010
10385,Greece,Sweden,-1,2010
10875,Greece,Switzerland,-1,2010
9102,Greece,Turkey,-1,2010
11854,Greece,Ukraine,-1,2010
8887,Greenland,Kyrgyzstan,-1,2010
11497,Greenland,Shetland,1,2010
8378,Greenland,Zanzibar,-1,2010
8881,Greenland,Zanzibar,-1,2010
11475,Grenada,Antigua and Barbuda,-1,2010
10550,Grenada,Aruba,1,2010
11007,Grenada,Barbados,1,2010
10876,Grenada,Cayman Islands,1,2010
10405,Grenada,Costa Rica,-1,2010
8675,Grenada,Guyana,-1,2010
10386,Grenada,Jamaica,1,2010
10130,Grenada,United States Virgin Islands,1,2010
10811,Guadeloupe,Cayman Islands,1,2010
11543,Guadeloupe,Costa Rica,-1,2010
10997,Guadeloupe,Cuba,-1,2010
8686,Guadeloupe,Dominica,1,2010
9195,Guadeloupe,Dominica,1,2010
9196,Guadeloupe,Dominica,-1,2010
10788,Guadeloupe,French Guiana,1,2010
10854,Guadeloupe,Grenada,1,2010
8980,Guadeloupe,Guyana,-1,2010
8993,Guadeloupe,Haiti,-1,2010
9295,Guadeloupe,Haiti,-1,2010
8691,Guadeloupe,Martinique,1,2010
10774,Guadeloupe,Martinique,-1,2010
10877,Guadeloupe,Martinique,1,2010
11528,Guadeloupe,Nicaragua,1,2010
8320,Guadeloupe,Saint Lucia,1,2010
8683,Guadeloupe,Saint Martin,1,2010
9103,Guadeloupe,Trinidad and Tobago,-1,2010
11191,Guam,Macau,-1,2010
11183,Guam,Mongolia,1,2010
9178,Guam,Northern Mariana Islands,1,2010
11187,Guam,Northern Mariana Islands,1,2010
9349,Guam,Taiwan,-1,2010
9062,Guatemala,Belize,1,2010
10569,Guatemala,Bolivia,1,2010
11496,Guatemala,Canada,-1,2010
11106,Guatemala,Costa Rica,-1,2010
10736,Guatemala,Cuba,1,2010
9313,Guatemala,El Salvador,1,2010
10262,Guatemala,El Salvador,-1,2010
8541,Guatemala,Haiti,-1,2010
10179,Guatemala,Haiti,1,2010
11086,Guatemala,Haiti,1,2010
8726,Guatemala,Honduras,-1,2010
9826,Guatemala,Honduras,-1,2010
9059,Guatemala,Nicaragua,1,2010
8642,Guatemala,Panama,-1,2010
10293,Guatemala,Panama,-1,2010
10406,Guatemala,Saint Lucia,1,2010
10812,Guatemala,Trinidad and Tobago,-1,2010
10605,Guatemala,United States,-1,2010
11500,Guernsey,Frøya,1,2010
9190,Guernsey,Jersey,-1,2010
11319,Guernsey,Jersey,-1,2010
11509,Guernsey,Jersey,-1,2010
8619,Guinea,Algeria,-1,2010
11761,Guinea,Burkina Faso,-1,2010
9634,Guinea,Cape Verde,1,2010
9268,Guinea,Gambia,-1,2010
10606,Guinea,Ivory Coast,-1,2010
11393,Guinea,Ivory Coast,-1,2010
10850,Guinea,Kenya,1,2010
11455,Guinea,Malawi,1,2010
9981,Guinea,Morocco,1,2010
9997,Guinea,Namibia,-1,2010
10495,Guinea,Namibia,1,2010
8167,Guinea,Senegal,-1,2010
9951,Guinea,Sudan,1,2010
8115,Guinea,Togo,1,2010
10294,Guinea,Zimbabwe,-1,2010
9907,Guinea-Bissau,Cape Verde,-1,2010
9827,Guinea-Bissau,Sierra Leone,-1,2010
9904,Guinea-Bissau,Sierra Leone,1,2010
8207,Guyana,Antigua and Barbuda,1,2010
8210,Guyana,Antigua and Barbuda,1,2010
8897,Guyana,Antigua and Barbuda,1,2010
10084,Guyana,Cuba,-1,2010
11828,Guyana,Curaçao,1,2010
10574,Guyana,Dominica,1,2010
8911,Guyana,Dominican Republic,1,2010
11394,Guyana,French Guiana,-1,2010
9970,Guyana,Grenada,-1,2010
8906,Guyana,Guadeloupe,1,2010
10923,Guyana,Saint Kitts and Nevis,-1,2010
8503,Guyana,Saint Lucia,1,2010
8504,Guyana,Saint Lucia,1,2010
10496,Guyana,Suriname,-1,2010
10578,Guyana,Suriname,-1,2010
8872,Găgăuzia,Greenland,-1,2010
8880,Găgăuzia,Kyrgyzstan,-1,2010
8888,Găgăuzia,Zanzibar,-1,2010
10998,Haiti,Antigua and Barbuda,-1,2010
8975,Haiti,Barbados,1,2010
8956,Haiti,Bermuda,1,2010
9323,Haiti,Canada,-1,2010
9199,Haiti,Chile,-1,2010
9314,Haiti,Costa Rica,-1,2010
10737,Haiti,Costa Rica,-1,2010
8799,Haiti,Cuba,-1,2010
8801,Haiti,Cuba,-1,2010
8806,Haiti,Cuba,-1,2010
10437,Haiti,Curaçao,-1,2010
8676,Haiti,Dominican Republic,1,2010
8678,Haiti,Dominican Republic,1,2010
9989,Haiti,El Salvador,-1,2010
9999,Haiti,El Salvador,-1,2010
10813,Haiti,El Salvador,-1,2010
11526,Haiti,Grenada,1,2010
11004,Haiti,Guadeloupe,-1,2010
8963,Haiti,Martinique,1,2010
11459,Haiti,Martinique,-1,2010
9104,Haiti,Panama,1,2010
11442,Haiti,Panama,-1,2010
8814,Haiti,Suriname,-1,2010
10607,Haiti,Suriname,-1,2010
11472,Haiti,Syria,-1,2010
10579,Haiti,Trinidad and Tobago,1,2010
10214,Honduras,Belize,1,2010
11098,Honduras,Belize,1,2010
10814,Honduras,Canada,1,2010
11088,Honduras,Chile,1,2010
10131,Honduras,Colombia,1,2010
11568,Honduras,Costa Rica,1,2010
9660,Honduras,Ecuador,1,2010
8643,Honduras,El Salvador,1,2010
11107,Honduras,El Salvador,1,2010
11125,Honduras,El Salvador,1,2010
11415,Honduras,El Salvador,1,2010
11533,Honduras,Grenada,1,2010
9350,Honduras,Guadeloupe,-1,2010
8761,Honduras,Guatemala,1,2010
9182,Honduras,Haiti,-1,2010
10343,Honduras,Haiti,1,2010
11517,Honduras,Haiti,1,2010
10738,Honduras,Jamaica,1,2010
11855,Honduras,Latvia,1,2010
9317,Honduras,Mexico,1,2010
10960,Honduras,Mexico,1,2010
11274,Honduras,Mexico,1,2010
11104,Honduras,Nicaragua,1,2010
9063,Honduras,Panama,-1,2010
9728,Honduras,Panama,1,2010
11122,Honduras,Panama,-1,2010
10041,Honduras,Paraguay,1,2010
11901,Honduras,Peru,-1,2010
10321,Honduras,Puerto Rico,1,2010
9241,Honduras,Trinidad and Tobago,1,2010
11638,Honduras,Trinidad and Tobago,1,2010
11739,Honduras,United States,-1,2010
11094,Hong Kong,Bahrain,-1,2010
8838,Hong Kong,Bangladesh,1,2010
8164,Hong Kong,Croatia,-1,2010
9369,Hong Kong,Guam,1,2010
11612,Hong Kong,Guam,1,2010
8188,Hong Kong,India,-1,2010
11079,Hong Kong,India,1,2010
11902,Hong Kong,Japan,-1,2010
9318,Hong Kong,Macau,1,2010
11608,Hong Kong,North Korea,-1,2010
8196,Hong Kong,Qatar,-1,2010
8184,Hong Kong,Singapore,-1,2010
8515,Hong Kong,Singapore,-1,2010
9362,Hong Kong,Taiwan,-1,2010
9786,Hong Kong,Timor-Leste,1,2010
9805,Hong Kong,Turkmenistan,-1,2010
8644,Hong Kong,Uzbekistan,-1,2010
10815,Hungary,Albania,1,2010
9603,Hungary,Bosnia and Herzegovina,1,2010
8839,Hungary,Canada,1,2010
10273,Hungary,Croatia,-1,2010
10678,Hungary,Denmark,-1,2010
9877,Hungary,Greece,-1,2010
10220,Hungary,Greece,1,2010
9529,Hungary,Italy,1,2010
9711,Hungary,Malta,1,2010
11275,Hungary,Malta,1,2010
9159,Hungary,Moldova,1,2010
10608,Hungary,Montenegro,-1,2010
8333,Hungary,New Zealand,1,2010
8591,Hungary,Norway,-1,2010
11683,Hungary,Portugal,-1,2010
11569,Hungary,Romania,-1,2010
10042,Hungary,Slovakia,-1,2010
10132,Hungary,Slovenia,-1,2010
11639,Hungary,Sweden,-1,2010
8727,Hungary,Turkey,-1,2010
10609,Iceland,Azerbaijan,-1,2010
9530,Iceland,Canada,-1,2010
8645,Iceland,Denmark,-1,2010
10095,Iceland,Faroe Islands,1,2010
11199,Iceland,Faroe Islands,-1,2010
11684,Iceland,Georgia,1,2010
9712,Iceland,Latvia,-1,2010
9242,Iceland,Liechtenstein,-1,2010
11370,Iceland,Netherlands,-1,2010
10878,Iceland,North Macedonia,1,2010
9661,Iceland,Northern Ireland,1,2010
11640,Iceland,Norway,-1,2010
10739,Iceland,Scotland,-1,2010
11570,Iceland,Slovakia,-1,2010
11768,Iceland,South Africa,1,2010
8519,Iceland,Spain,-1,2010
9604,Iceland,Spain,-1,2010
8772,Iceland,Sweden,-1,2010
8217,Iceland,Trinidad and Tobago,-1,2010
10252,Iceland,Wales,-1,2010
10551,India,Afghanistan,1,2010
9505,India,Bangladesh,1,2010
10389,India,Bhutan,1,2010
9499,India,Cambodia,1,2010
8773,India,Japan,-1,2010
9567,India,Kyrgyzstan,1,2010
11605,India,Kyrgyzstan,1,2010
9798,India,Lebanon,-1,2010
11602,India,Lebanon,-1,2010
10539,India,Malaysia,-1,2010
10407,India,Maldives,-1,2010
10570,India,Myanmar,1,2010
10315,India,Nepal,1,2010
10327,India,Pakistan,1,2010
8542,India,Saudi Arabia,-1,2010
11611,India,Sri Lanka,1,2010
9557,India,Syria,-1,2010
9574,India,Syria,1,2010
11615,India,Syria,-1,2010
11618,India,Syria,-1,2010
10221,India,Taiwan,1,2010
10243,India,Taiwan,-1,2010
10560,India,Tajikistan,-1,2010
10582,India,Tajikistan,1,2010
10564,India,Turkmenistan,1,2010
8227,India,Yemen,-1,2010
11112,Indonesia,Australia,-1,2010
9449,Indonesia,Bahrain,1,2010
10639,Indonesia,Cambodia,1,2010
11008,Indonesia,Cambodia,1,2010
9221,Indonesia,Hong Kong,1,2010
9370,Indonesia,Jamaica,1,2010
11903,Indonesia,Kuwait,-1,2010
8967,Indonesia,Laos,1,2010
10333,Indonesia,Malaysia,-1,2010
8567,Indonesia,Myanmar,-1,2010
10643,Indonesia,Myanmar,1,2010
11000,Indonesia,Myanmar,1,2010
9379,Indonesia,Oman,-1,2010
9460,Indonesia,Saudi Arabia,-1,2010
11016,Indonesia,Singapore,-1,2010
9471,Indonesia,South Korea,-1,2010
9801,Indonesia,Syria,-1,2010
11024,Indonesia,Thailand,-1,2010
10390,Indonesia,Vietnam,1,2010
10182,Indonesia,Yemen,1,2010
8454,Iran,Angola,-1,2010
10646,Iran,Azerbaijan,1,2010
9042,Iran,Belarus,-1,2010
8379,Iran,Bosnia and Herzegovina,1,2010
11028,Iran,China PR,1,2010
11068,Iran,China PR,1,2010
8228,Iran,Costa Rica,1,2010
10005,Iran,Costa Rica,-1,2010
11025,Iran,Ecuador,-1,2010
11842,Iran,Iceland,1,2010
8704,Iran,Iraq,1,2010
9337,Iran,Iraq,-1,2010
9414,Iran,Jamaica,1,2010
10586,Iran,Jordan,1,2010
11856,Iran,Jordan,1,2010
11189,Iran,Kenya,1,2010
10497,Iran,Kuwait,1,2010
10879,Iran,North Korea,1,2010
11904,Iran,North Macedonia,-1,2010
9366,Iran,Palestine,1,2010
10571,Iran,Palestine,1,2010
10580,Iran,Qatar,1,2010
11216,Iran,Saudi Arabia,-1,2010
11276,Iran,Senegal,-1,2010
11080,Iran,Singapore,1,2010
8840,Iran,South Korea,1,2010
9479,Iran,South Korea,-1,2010
11152,Iran,South Korea,-1,2010
8543,Iran,Syria,-1,2010
10043,Iran,Syria,-1,2010
10583,Iran,Syria,1,2010
8197,Iran,Taiwan,1,2010
8509,Iran,United Arab Emirates,1,2010
10306,Iran,United Arab Emirates,-1,2010
11416,Iran,United Arab Emirates,1,2010
9452,Iran,Uzbekistan,1,2010
10230,Iran,Zambia,1,2010
9457,Iraq,Australia,1,2010
10344,Iraq,Australia,1,2010
11886,Iraq,Azerbaijan,1,2010
8229,Iraq,China PR,1,2010
10044,Iraq,China PR,-1,2010
9380,Iraq,Iran,-1,2010
9982,Iraq,Jordan,-1,2010
11071,Iraq,Kuwait,-1,2010
11445,Iraq,New Zealand,-1,2010
9787,Iraq,Pakistan,-1,2010
8646,Iraq,Palestine,-1,2010
11532,Iraq,Palestine,1,2010
11539,Iraq,Palestine,1,2010
11403,Iraq,Poland,-1,2010
10498,Iraq,Qatar,-1,2010
9488,Iraq,Saudi Arabia,1,2010
8774,Iraq,Singapore,1,2010
9482,Iraq,South Korea,-1,2010
9415,Iraq,Uzbekistan,-1,2010
9477,Iraq,Vietnam,1,2010
10525,Iraqi Kurdistan,Arameans Suryoye,-1,2010
11504,Isle of Man,Gotland,1,2010
11515,Isle of Man,Guernsey,-1,2010
11494,Isle of Man,Western Isles,1,2010
11493,Isle of Wight,Saare County,1,2010
8647,Israel,Andorra,1,2010
9755,Israel,Belarus,1,2010
10133,Israel,Chile,1,2010
8842,Israel,Croatia,-1,2010
8231,Israel,Denmark,-1,2010
9106,Israel,England,-1,2010
9161,Israel,Estonia,1,2010
11218,Israel,Greece,-1,2010
11154,Israel,Hungary,1,2010
10962,Israel,Ivory Coast,-1,2010
11641,Israel,Latvia,-1,2010
11685,Israel,Luxembourg,1,2010
11741,Israel,Moldova,1,2010
9878,Israel,North Macedonia,1,2010
10046,Israel,Romania,1,2010
9828,Israel,Russia,1,2010
10679,Israel,Switzerland,-1,2010
9043,Israel,Ukraine,-1,2010
8474,Italy,Australia,1,2010
10610,Italy,Austria,-1,2010
10263,Italy,Belgium,1,2010
11453,Italy,Brazil,-1,2010
11686,Italy,Bulgaria,1,2010
8545,Italy,Croatia,-1,2010
11786,Italy,Cyprus,1,2010
9879,Italy,Faroe Islands,1,2010
8492,Italy,France,-1,2010
9605,Italy,France,-1,2010
9714,Italy,Georgia,1,2010
10740,Italy,Georgia,1,2010
8232,Italy,Germany,1,2010
8427,Italy,Ghana,1,2010
8592,Italy,Lithuania,-1,2010
10881,Italy,Montenegro,1,2010
11858,Italy,Netherlands,-1,2010
11417,Italy,New Zealand,1,2010
11371,Italy,Northern Ireland,1,2010
10047,Italy,Portugal,1,2010
11277,Italy,Republic of Ireland,-1,2010
10396,Italy,Romania,-1,2010
9162,Italy,Scotland,1,2010
9756,Italy,South Africa,1,2010
11905,Italy,Sweden,1,2010
8843,Italy,Turkey,-1,2010
8390,Italy,Ukraine,-1,2010
8481,Italy,Ukraine,1,2010
8728,Italy,Ukraine,1,2010
8442,Italy,United States,-1,2010
9984,Ivory Coast,Benin,1,2010
10499,Ivory Coast,Botswana,1,2010
11642,Ivory Coast,Burkina Faso,1,2010
11427,Ivory Coast,Cameroon,1,2010
9531,Ivory Coast,Egypt,-1,2010
10071,Ivory Coast,Egypt,-1,2010
8749,Ivory Coast,Gabon,1,2010
9023,Ivory Coast,Guinea,1,2010
10020,Ivory Coast,Guinea,1,2010
11859,Ivory Coast,Guinea,1,2010
8123,Ivory Coast,Jordan,1,2010
9269,Ivory Coast,Madagascar,1,2010
10816,Ivory Coast,Madagascar,1,2010
11250,Ivory Coast,Malawi,1,2010
10000,Ivory Coast,Mali,1,2010
10295,Ivory Coast,Mozambique,1,2010
10210,Ivory Coast,Paraguay,-1,2010
8546,Ivory Coast,Senegal,-1,2010
8455,Ivory Coast,Serbia,1,2010
8844,Ivory Coast,Sweden,1,2010
10134,Ivory Coast,Tunisia,-1,2010
10438,Jamaica,Bahamas,1,2010
10461,Jamaica,Bahamas,1,2010
10995,Jamaica,Barbados,1,2010
8750,Jamaica,Canada,1,2010
10963,Jamaica,Canada,1,2010
9277,Jamaica,Chile,-1,2010
10048,Jamaica,Costa Rica,-1,2010
11525,Jamaica,Costa Rica,-1,2010
9847,Jamaica,El Salvador,1,2010
8361,Jamaica,Ghana,-1,2010
11001,Jamaica,Grenada,1,2010
11022,Jamaica,Grenada,1,2010
11020,Jamaica,Guadeloupe,1,2010
9880,Jamaica,Guatemala,1,2010
8698,Jamaica,Haiti,1,2010
11324,Jamaica,Haiti,-1,2010
10882,Jamaica,Honduras,1,2010
10817,Jamaica,Mexico,1,2010
9146,Jamaica,Panama,-1,2010
11395,Jamaica,Panama,1,2010
8845,Jamaica,Peru,-1,2010
8692,Jamaica,Saint Lucia,1,2010
9085,Jamaica,Switzerland,-1,2010
10135,Jamaica,Trinidad and Tobago,-1,2010
11009,Jamaica,Trinidad and Tobago,-1,2010
9478,Japan,Australia,-1,2010
11155,Japan,Australia,-1,2010
10500,Japan,Bahrain,1,2010
11219,Japan,Bahrain,1,2010
11339,Japan,Belgium,1,2010
10006,Japan,Bosnia and Herzegovina,1,2010
8461,Japan,Brazil,-1,2010
8308,Japan,Bulgaria,-1,2010
9532,Japan,Cameroon,1,2010
9990,Japan,Chile,-1,2010
11327,Japan,Chile,1,2010
9278,Japan,Colombia,-1,2010
8446,Japan,Croatia,-1,2010
8265,Japan,Ecuador,1,2010
9757,Japan,Egypt,1,2010
8189,Japan,Finland,1,2010
11128,Japan,Finland,1,2010
8705,Japan,Ghana,-1,2010
11687,Japan,Ghana,1,2010
11719,Japan,Hong Kong,1,2010
8198,Japan,India,1,2010
10223,Japan,Ivory Coast,1,2010
8409,Japan,Malta,1,2010
9222,Japan,Montenegro,1,2010
10079,Japan,North Korea,-1,2010
10307,Japan,Oman,1,2010
10244,Japan,Paraguay,-1,2010
9107,Japan,Peru,1,2010
9448,Japan,Qatar,-1,2010
11418,Japan,Qatar,-1,2010
8846,Japan,Saudi Arabia,1,2010
9483,Japan,Saudi Arabia,-1,2010
8314,Japan,Scotland,-1,2010
11742,Japan,Scotland,1,2010
10083,Japan,South Korea,-1,2010
10939,Japan,Syria,1,2010
10049,Japan,Thailand,1,2010
11787,Japan,Togo,1,2010
8510,Japan,Trinidad and Tobago,1,2010
10791,Japan,United Arab Emirates,-1,2010
10611,Japan,Uruguay,-1,2010
10883,Japan,Uzbekistan,-1,2010
8547,Japan,Yemen,1,2010
11091,Japan,Yemen,1,2010
9409,Jersey,Gibraltar,-1,2010
10927,Jersey,Gibraltar,1,2010
9437,Jersey,Gotland,1,2010
8304,Jersey,Guernsey,1,2010
10190,Jersey,Guernsey,-1,2010
11502,Jersey,Isle of Wight,1,2010
11492,Jersey,Rhodes,1,2010
9428,Jersey,Åland Islands,1,2010
11031,Jordan,China PR,-1,2010
11328,Jordan,Congo,-1,2010
8706,Jordan,Iran,-1,2010
9375,Jordan,Iran,-1,2010
11920,Jordan,Iran,1,2010
8496,Jordan,Iraq,1,2010
8511,Jordan,Iraq,-1,2010
9308,Jordan,Iraq,-1,2010
9324,Jordan,Iraq,-1,2010
8181,Jordan,Kazakhstan,1,2010
9788,Jordan,Kyrgyzstan,1,2010
9367,Jordan,Lebanon,1,2010
9998,Jordan,Lebanon,1,2010
11643,Jordan,Malaysia,-1,2010
11688,Jordan,New Zealand,-1,2010
10050,Jordan,North Korea,-1,2010
8847,Jordan,Oman,1,2010
8199,Jordan,Pakistan,1,2010
10584,Jordan,Qatar,1,2010
10011,Jordan,Singapore,1,2010
10345,Jordan,South Korea,-1,2010
8136,Jordan,Sweden,-1,2010
8505,Jordan,Syria,1,2010
9359,Jordan,Syria,-1,2010
11081,Jordan,Thailand,-1,2010
10501,Jordan,Turkmenistan,1,2010
8548,Jordan,United Arab Emirates,-1,2010
11321,Jordan,Zimbabwe,1,2010
10612,Kazakhstan,Andorra,1,2010
9243,Kazakhstan,Armenia,-1,2010
9077,Kazakhstan,Azerbaijan,1,2010
9296,Kazakhstan,Azerbaijan,-1,2010
11278,Kazakhstan,Belarus,-1,2010
9662,Kazakhstan,Belgium,-1,2010
11788,Kazakhstan,Croatia,-1,2010
11372,Kazakhstan,England,-1,2010
8776,Kazakhstan,Finland,-1,2010
8233,Kazakhstan,Greece,-1,2010
8487,Kazakhstan,Kyrgyzstan,1,2010
9076,Kazakhstan,Kyrgyzstan,1,2010
10051,Kazakhstan,Moldova,-1,2010
8208,Kazakhstan,North Korea,-1,2010
8729,Kazakhstan,Poland,-1,2010
9758,Kazakhstan,Portugal,-1,2010
9108,Kazakhstan,Serbia,1,2010
8485,Kazakhstan,Tajikistan,1,2010
9606,Kazakhstan,Tajikistan,-1,2010
10741,Kazakhstan,Ukraine,-1,2010
9080,Kazakhstan,Uzbekistan,-1,2010
9607,Kenya,Angola,1,2010
9916,Kenya,Burundi,-1,2010
11059,Kenya,Djibouti,1,2010
11929,Kenya,Djibouti,1,2010
8593,Kenya,Eritrea,-1,2010
9136,Kenya,Eswatini,1,2010
11937,Kenya,Ethiopia,1,2010
10346,Kenya,Guinea,1,2010
11834,Kenya,Kuwait,-1,2010
11446,Kenya,Mozambique,1,2010
10680,Kenya,Namibia,1,2010
9210,Kenya,Nigeria,-1,2010
11860,Kenya,Nigeria,-1,2010
9319,Kenya,Rwanda,1,2010
9922,Kenya,Somalia,1,2010
11073,Kenya,Tanzania,1,2010
11220,Kenya,Tunisia,-1,2010
11943,Kenya,Uganda,-1,2010
11047,Kenya,Zambia,-1,2010
11921,Kenya,Zambia,-1,2010
10408,Kenya,Zimbabwe,1,2010
9127,Kernow,Guernsey,-1,2010
8297,Kosovo,Monaco,1,2010
8649,Kuwait,Australia,1,2010
11157,Kuwait,Azerbaijan,-1,2010
8235,Kuwait,Bahrain,-1,2010
11839,Kuwait,China PR,-1,2010
9325,Kuwait,Egypt,-1,2010
11861,Kuwait,Indonesia,1,2010
10137,Kuwait,Iran,-1,2010
11202,Kuwait,Iran,-1,2010
10100,Kuwait,Iraq,-1,2010
9952,Kuwait,Ivory Coast,-1,2010
8172,Kuwait,Jordan,1,2010
11743,Kuwait,Jordan,1,2010
9943,Kuwait,Lebanon,1,2010
11717,Kuwait,Libya,-1,2010
8778,Kuwait,Lithuania,1,2010
8994,Kuwait,Oman,-1,2010
11113,Kuwait,Oman,-1,2010
9279,Kuwait,Portugal,-1,2010
11082,Kuwait,Saudi Arabia,-1,2010
9983,Kuwait,Singapore,-1,2010
10370,Kuwait,Syria,1,2010
11102,Kuwait,Syria,-1,2010
11822,Kuwait,Syria,1,2010
8810,Kuwait,Taiwan,1,2010
11092,Kuwait,Turkmenistan,1,2010
10410,Kuwait,United Arab Emirates,-1,2010
11955,Kuwait,United Arab Emirates,-1,2010
11340,Kuwait,Vietnam,-1,2010
8983,Kuwait,Yemen,-1,2010
10191,Kyrgyzstan,Afghanistan,-1,2010
10192,Kyrgyzstan,Bangladesh,1,2010
9503,Kyrgyzstan,Cambodia,1,2010
8894,Kyrgyzstan,Crimea,-1,2010
9776,Kyrgyzstan,Jordan,1,2010
11609,Kyrgyzstan,Lebanon,-1,2010
8269,Kyrgyzstan,Pakistan,-1,2010
11255,Kyrgyzstan,Palestine,-1,2010
9078,Kyrgyzstan,Uzbekistan,-1,2010
8873,Kyrgyzstan,Zanzibar,-1,2010
8901,Kyrgyzstan,Zanzibar,-1,2010
10912,Laos,Brunei,1,2010
8865,Laos,Timor-Leste,1,2010
10916,Laos,Timor-Leste,1,2010
11158,Latvia,Armenia,-1,2010
9024,Latvia,Bulgaria,-1,2010
9297,Latvia,Denmark,-1,2010
10264,Latvia,Estonia,1,2010
10743,Latvia,Greece,-1,2010
9044,Latvia,Hungary,-1,2010
8730,Latvia,Iceland,1,2010
10885,Latvia,Israel,-1,2010
9829,Latvia,Liechtenstein,1,2010
10296,Latvia,Lithuania,1,2010
11280,Latvia,Luxembourg,1,2010
9533,Latvia,Moldova,-1,2010
11790,Latvia,Moldova,1,2010
9608,Latvia,Northern Ireland,1,2010
9245,Latvia,Spain,-1,2010
8595,Latvia,Sweden,-1,2010
11689,Latvia,Switzerland,-1,2010
11862,Lebanon,China PR,-1,2010
9687,Lebanon,India,1,2010
8200,Lebanon,Kuwait,-1,2010
10176,Lebanon,Maldives,1,2010
8938,Lebanon,Mauritania,-1,2010
11281,Lebanon,Namibia,-1,2010
10503,Lebanon,Singapore,-1,2010
8940,Lebanon,Somalia,1,2010
8946,Lebanon,Sudan,-1,2010
9338,Lebanon,Syria,-1,2010
11114,Lebanon,Syria,-1,2010
10053,Lebanon,Uzbekistan,-1,2010
8302,Lesotho,Angola,-1,2010
11282,Lesotho,Botswana,-1,2010
8294,Lesotho,Eswatini,1,2010
8295,Lesotho,Eswatini,-1,2010
9066,Lesotho,Eswatini,-1,2010
10718,Lesotho,Gabon,-1,2010
10371,Lesotho,Ghana,-1,2010
9534,Lesotho,Laos,1,2010
10439,Lesotho,Libya,-1,2010
10535,Lesotho,Malawi,-1,2010
8301,Lesotho,Mozambique,-1,2010
10073,Lesotho,Mozambique,-1,2010
9489,Lesotho,Namibia,-1,2010
10540,Lesotho,Namibia,-1,2010
9137,Lesotho,Niger,1,2010
8752,Lesotho,Nigeria,-1,2010
8309,Lesotho,South Africa,-1,2010
9364,Lesotho,Uganda,-1,2010
10819,Liberia,Algeria,-1,2010
9270,Liberia,Cameroon,-1,2010
9351,Liberia,Equatorial Guinea,-1,2010
10297,Liberia,Gambia,-1,2010
8753,Liberia,Rwanda,1,2010
10440,Liberia,Senegal,-1,2010
10187,Liberia,Sierra Leone,1,2010
8391,Libya,Belarus,-1,2010
10641,Libya,Chad,1,2010
8754,Libya,DR Congo,-1,2010
9352,Libya,Ethiopia,1,2010
10348,Libya,Gabon,1,2010
10660,Libya,Ghana,1,2010
8140,Libya,Ivory Coast,-1,2010
10469,Libya,Lesotho,1,2010
10245,Libya,Liberia,1,2010
9083,Libya,Mauritania,-1,2010
8154,Libya,Morocco,-1,2010
9138,Libya,Namibia,1,2010
10647,Libya,Niger,1,2010
10613,Libya,Senegal,-1,2010
8699,Libya,Sudan,1,2010
8549,Libya,Uganda,1,2010
8369,Libya,Uruguay,-1,2010
11159,Libya,Uruguay,-1,2010
10211,Libya,Zambia,-1,2010
8707,Liechtenstein,Austria,-1,2010
11744,Liechtenstein,Azerbaijan,-1,2010
8779,Liechtenstein,Denmark,-1,2010
11690,Liechtenstein,Finland,-1,2010
10681,Liechtenstein,Germany,-1,2010
9759,Liechtenstein,Iceland,1,2010
11160,Liechtenstein,Iceland,-1,2010
9163,Liechtenstein,Latvia,1,2010
9110,Liechtenstein,Northern Ireland,-1,2010
11573,Liechtenstein,Portugal,-1,2010
11283,Liechtenstein,Russia,-1,2010
9298,Liechtenstein,Spain,-1,2010
9715,Liechtenstein,Sweden,-1,2010
8550,Liechtenstein,Switzerland,-1,2010
8392,Liechtenstein,Togo,-1,2010
11791,Liechtenstein,Wales,-1,2010
10744,Lithuania,Austria,1,2010
10138,Lithuania,Azerbaijan,1,2010
9663,Lithuania,Faroe Islands,1,2010
10886,Lithuania,Faroe Islands,1,2010
9111,Lithuania,France,-1,2010
11223,Lithuania,France,-1,2010
9246,Lithuania,Georgia,1,2010
9299,Lithuania,Italy,-1,2010
9025,Lithuania,Mali,-1,2010
10614,Lithuania,Moldova,1,2010
11131,Lithuania,Poland,-1,2010
11374,Lithuania,Romania,-1,2010
10322,Lithuania,Russia,-1,2010
8650,Lithuania,Scotland,-1,2010
11792,Lithuania,Serbia,1,2010
9535,Lithuania,Turkmenistan,1,2010
9830,Lithuania,Ukraine,1,2010
9300,Luxembourg,Albania,-1,2010
9112,Luxembourg,Belarus,-1,2010
8236,Luxembourg,Belgium,-1,2010
10964,Luxembourg,Belgium,-1,2010
8780,Luxembourg,Bulgaria,-1,2010
10246,Luxembourg,Cape Verde,-1,2010
9045,Luxembourg,Gambia,1,2010
9536,Luxembourg,Georgia,-1,2010
10682,Luxembourg,Greece,-1,2010
11863,Luxembourg,Iceland,-1,2010
10820,Luxembourg,Israel,-1,2010
8651,Luxembourg,Latvia,-1,2010
11224,Luxembourg,Latvia,-1,2010
11574,Luxembourg,Lithuania,-1,2010
10887,Luxembourg,Moldova,-1,2010
8596,Luxembourg,Netherlands,-1,2010
10615,Luxembourg,North Macedonia,-1,2010
8398,Luxembourg,Portugal,-1,2010
9760,Luxembourg,Romania,-1,2010
9609,Luxembourg,Slovenia,-1,2010
11745,Luxembourg,Switzerland,-1,2010
8848,Luxembourg,Togo,-1,2010
8551,Luxembourg,Turkey,-1,2010
8417,Luxembourg,Ukraine,-1,2010
10139,Luxembourg,Wales,-1,2010
11316,Macau,Cambodia,-1,2010
8399,Macau,Hong Kong,-1,2010
10441,Macau,Hong Kong,-1,2010
10965,Macau,Hong Kong,-1,2010
8286,Macau,Kyrgyzstan,-1,2010
9353,Macau,Mongolia,-1,2010
11188,Macau,Mongolia,-1,2010
11303,Macau,Mongolia,1,2010
9371,Macau,North Korea,-1,2010
11184,Macau,Northern Mariana Islands,1,2010
8512,Macau,Taiwan,-1,2010
9732,Macau,Thailand,-1,2010
10719,Madagascar,Botswana,1,2010
9496,Madagascar,Comoros,1,2010
9729,Madagascar,Comoros,1,2010
9490,Madagascar,DR Congo,-1,2010
8324,Madagascar,Eswatini,-1,2010
10531,Madagascar,Eswatini,-1,2010
9354,Madagascar,Gabon,-1,2010
9139,Madagascar,Ivory Coast,-1,2010
10372,Madagascar,Ivory Coast,-1,2010
10541,Madagascar,Mauritius,1,2010
9475,Madagascar,Mayotte,-1,2010
9498,Madagascar,Mayotte,1,2010
11429,Madagascar,Mayotte,1,2010
10442,Madagascar,Mozambique,-1,2010
10552,Madagascar,Mozambique,-1,2010
9494,Madagascar,Réunion,-1,2010
9502,Madagascar,Réunion,-1,2010
9188,Madagascar,Seychelles,1,2010
10536,Madagascar,Seychelles,-1,2010
10565,Madagascar,Zambia,-1,2010
9185,Madagascar,Zimbabwe,-1,2010
8489,Malawi,Botswana,1,2010
8491,Malawi,Botswana,-1,2010
11376,Malawi,Burkina Faso,-1,2010
10821,Malawi,DR Congo,1,2010
10275,Malawi,Djibouti,1,2010
10411,Malawi,Egypt,1,2010
11523,Malawi,Eswatini,1,2010
11645,Malawi,Guinea,1,2010
11746,Malawi,Ivory Coast,-1,2010
9339,Malawi,Morocco,-1,2010
11820,Malawi,Mozambique,-1,2010
9440,Malawi,Namibia,-1,2010
10544,Malawi,Namibia,-1,2010
11341,Malawi,Rwanda,1,2010
9320,Malawi,Senegal,-1,2010
9204,Malawi,South Africa,-1,2010
8912,Malawi,Tanzania,-1,2010
8497,Malawi,Zambia,-1,2010
8468,Malawi,Zimbabwe,-1,2010
8731,Malawi,Zimbabwe,1,2010
10905,Malaysia,Afghanistan,1,2010
9790,Malaysia,Bahrain,-1,2010
9360,Malaysia,Cambodia,1,2010
9450,Malaysia,China PR,-1,2010
11600,Malaysia,China PR,-1,2010
8566,Malaysia,Indonesia,-1,2010
9472,Malaysia,Iran,-1,2010
9393,Malaysia,Jamaica,-1,2010
11576,Malaysia,Kenya,-1,2010
11005,Malaysia,Laos,1,2010
11710,Malaysia,Lesotho,1,2010
8571,Malaysia,Myanmar,-1,2010
8971,Malaysia,Myanmar,-1,2010
10913,Malaysia,Myanmar,1,2010
10888,Malaysia,Nepal,1,2010
10792,Malaysia,Pakistan,1,2010
8964,Malaysia,Philippines,1,2010
8400,Malaysia,Singapore,-1,2010
9001,Malaysia,Singapore,-1,2010
10994,Malaysia,Singapore,-1,2010
11964,Malaysia,Syria,1,2010
9372,Malaysia,United Arab Emirates,-1,2010
11095,Malaysia,United Arab Emirates,-1,2010
9461,Malaysia,Uzbekistan,-1,2010
11907,Malaysia,Uzbekistan,-1,2010
11013,Malaysia,Vietnam,-1,2010
11944,Maldives,Afghanistan,1,2010
11310,Maldives,Bhutan,1,2010
10349,Maldives,India,-1,2010
10180,Maldives,Lebanon,-1,2010
10328,Maldives,Nepal,1,2010
11938,Maldives,Nepal,-1,2010
10316,Maldives,Pakistan,1,2010
11309,Maldives,Philippines,1,2010
11952,Maldives,Sri Lanka,1,2010
11305,Maldives,Turkmenistan,-1,2010
9791,Maldives,Yemen,1,2010
9140,Mali,Benin,-1,2010
9971,Mali,Benin,1,2010
11456,Mali,Benin,1,2010
9538,Mali,Burkina Faso,1,2010
11577,Mali,Burkina Faso,1,2010
10822,Mali,Chad,1,2010
8820,Mali,Congo,1,2010
10298,Mali,Congo,1,2010
11399,Mali,Ghana,-1,2010
11965,Mali,Iran,1,2010
9355,Mali,Sierra Leone,1,2010
10504,Mali,Sudan,1,2010
11763,Mali,Sudan,1,2010
8755,Mali,Togo,1,2010
11162,Malta,Albania,-1,2010
11747,Malta,Angola,-1,2010
9665,Malta,Armenia,-1,2010
10016,Malta,Armenia,-1,2010
9046,Malta,Austria,-1,2010
10055,Malta,Belarus,-1,2010
8597,Malta,Bosnia and Herzegovina,-1,2010
11908,Malta,Bulgaria,-1,2010
11619,Malta,Cape Verde,-1,2010
11225,Malta,Denmark,-1,2010
8238,Malta,Georgia,-1,2010
11578,Malta,Georgia,1,2010
9164,Malta,Greece,-1,2010
8781,Malta,Hungary,1,2010
10889,Malta,Hungary,-1,2010
10024,Malta,Iceland,1,2010
10966,Malta,Iceland,-1,2010
10140,Malta,Liechtenstein,1,2010
8850,Malta,Lithuania,-1,2010
9762,Malta,Moldova,-1,2010
9881,Malta,Norway,-1,2010
10684,Malta,Portugal,-1,2010
11691,Malta,Sweden,-1,2010
9610,Malta,Turkey,-1,2010
10769,Martinique,Anguilla,1,2010
10008,Martinique,Canada,-1,2010
8815,Martinique,Cuba,-1,2010
10685,Martinique,French Guiana,1,2010
10823,Martinique,Grenada,-1,2010
8955,Martinique,Guadeloupe,1,2010
8812,Martinique,Haiti,1,2010
10789,Martinique,Réunion,-1,2010
8687,Martinique,Saint Martin,1,2010
8949,Martinique,Saint Vincent and the Grenadines,-1,2010
8953,Martinique,Saint Vincent and the Grenadines,-1,2010
8807,Martinique,Suriname,1,2010
9716,Mauritania,Burundi,1,2010
9271,Mauritania,Egypt,-1,2010
10350,Mauritania,Morocco,-1,2010
10686,Mauritania,Rwanda,-1,2010
10373,Mauritius,Cameroon,-1,2010
10443,Mauritius,Cape Verde,-1,2010
10537,Mauritius,Eswatini,-1,2010
9084,Mauritius,Ivory Coast,-1,2010
11815,Mauritius,Lesotho,-1,2010
10090,Mauritius,Madagascar,-1,2010
9493,Mauritius,Mayotte,-1,2010
9501,Mauritius,Mayotte,-1,2010
8303,Mauritius,Mozambique,-1,2010
9184,Mauritius,Réunion,-1,2010
9497,Mauritius,Réunion,-1,2010
9495,Mauritius,Seychelles,1,2010
9635,Mauritius,Seychelles,-1,2010
10532,Mauritius,Seychelles,-1,2010
9211,Mauritius,South Africa,-1,2010
9141,Mauritius,Sudan,-1,2010
8475,Mauritius,Tanzania,-1,2010
10687,Mauritius,Tanzania,-1,2010
8620,Mauritius,Tunisia,-1,2010
11535,Mayotte,Madagascar,-1,2010
10775,Mayotte,Réunion,-1,2010
11488,Menorca,Greenland,1,2010
9402,Menorca,Jersey,-1,2010
9435,Menorca,Saare County,1,2010
11513,Menorca,Western Isles,1,2010
9427,Menorca,Ynys Môn,1,2010
8439,Mexico,Angola,-1,2010
9454,Mexico,Argentina,-1,2010
10323,Mexico,Argentina,-1,2010
10473,Mexico,Belize,1,2010
11185,Mexico,Bolivia,1,2010
9666,Mexico,Brazil,-1,2010
10746,Mexico,Canada,1,2010
9425,Mexico,Chile,-1,2010
10771,Mexico,Chile,-1,2010
10177,Mexico,China PR,1,2010
9539,Mexico,Colombia,-1,2010
11715,Mexico,Colombia,-1,2010
9356,Mexico,Costa Rica,1,2010
11226,Mexico,Costa Rica,1,2010
9309,Mexico,Cuba,1,2010
8313,Mexico,DR Congo,1,2010
9165,Mexico,Ecuador,1,2010
9406,Mexico,Ecuador,1,2010
10936,Mexico,Ecuador,1,2010
11748,Mexico,El Salvador,1,2010
8239,Mexico,Ghana,1,2010
9373,Mexico,Guadeloupe,1,2010
11536,Mexico,Guadeloupe,1,2010
9763,Mexico,Guatemala,-1,2010
11476,Mexico,Guatemala,-1,2010
11544,Mexico,Haiti,1,2010
10616,Mexico,Honduras,1,2010
11692,Mexico,Honduras,1,2010
8424,Mexico,Iran,1,2010
9248,Mexico,Iran,1,2010
10713,Mexico,Jamaica,1,2010
9730,Mexico,Nigeria,-1,2010
8145,Mexico,Norway,1,2010
9330,Mexico,Panama,1,2010
9636,Mexico,Panama,1,2010
11529,Mexico,Panama,-1,2010
8264,Mexico,Paraguay,1,2010
9142,Mexico,Paraguay,1,2010
9280,Mexico,Paraguay,-1,2010
9446,Mexico,Paraguay,1,2010
10374,Mexico,Peru,1,2010
8185,Mexico,South Korea,-1,2010
11115,Mexico,Sweden,-1,2010
11421,Mexico,Trinidad and Tobago,1,2010
11579,Mexico,United States,1,2010
9462,Mexico,Uruguay,1,2010
8307,Mexico,Venezuela,1,2010
9074,Mexico,Venezuela,1,2010
11462,Mexico,Venezuela,1,2010
10253,Moldova,Armenia,-1,2010
8318,Moldova,Azerbaijan,-1,2010
8732,Moldova,Bosnia and Herzegovina,-1,2010
8598,Moldova,Greece,-1,2010
11693,Moldova,Greece,-1,2010
9832,Moldova,Hungary,1,2010
10747,Moldova,Israel,-1,2010
10688,Moldova,Latvia,-1,2010
8552,Moldova,Lithuania,1,2010
10967,Moldova,Lithuania,-1,2010
11646,Moldova,Luxembourg,-1,2010
9113,Moldova,Malta,-1,2010
9611,Moldova,Norway,-1,2010
11227,Moldova,Switzerland,-1,2010
9717,Moldova,Turkey,-1,2010
8878,Monaco,Ambazonia,1,2010
8191,Monaco,Chechnya,1,2010
11030,Monaco,Provence,-1,2010
9378,Mongolia,Guam,1,2010
11306,Mongolia,Macau,1,2010
9780,Mongolia,North Korea,-1,2010
11909,Montenegro,Belarus,1,2010
10689,Montenegro,Bulgaria,-1,2010
11694,Montenegro,Cyprus,-1,2010
11749,Montenegro,Georgia,1,2010
9114,Montenegro,Hungary,1,2010
11228,Montenegro,Italy,-1,2010
10247,Montenegro,Kazakhstan,1,2010
10968,Montenegro,North Macedonia,1,2010
10141,Montenegro,Norway,1,2010
10748,Montenegro,Republic of Ireland,-1,2010
9540,Montenegro,Slovenia,-1,2010
9667,Montenegro,Sweden,-1,2010
11580,Montenegro,Wales,1,2010
10142,Montserrat,Suriname,-1,2010
8124,Morocco,Angola,-1,2010
9963,Morocco,Angola,1,2010
10617,Morocco,Benin,1,2010
8553,Morocco,Burkina Faso,1,2010
11865,Morocco,Cameroon,-1,2010
11581,Morocco,Congo,-1,2010
11163,Morocco,Czech Republic,-1,2010
8116,Morocco,DR Congo,1,2010
8851,Morocco,Gabon,1,2010
11229,Morocco,Gabon,-1,2010
9612,Morocco,Ghana,-1,2010
8130,Morocco,Ivory Coast,-1,2010
8357,Morocco,Mali,-1,2010
10824,Morocco,Mauritania,1,2010
9764,Morocco,Namibia,1,2010
10474,Morocco,Rwanda,1,2010
9882,Morocco,Senegal,1,2010
11447,Morocco,Togo,-1,2010
9047,Morocco,Tunisia,-1,2010
9953,Morocco,Zambia,1,2010
10969,Morocco,Zambia,1,2010
8120,Morocco,Zimbabwe,1,2010
9249,Morocco,Zimbabwe,1,2010
10375,Mozambique,Botswana,-1,2010
9272,Mozambique,Burkina Faso,1,2010
8469,Mozambique,Eswatini,1,2010
10618,Mozambique,Eswatini,1,2010
11582,Mozambique,Eswatini,1,2010
10720,Mozambique,Ivory Coast,-1,2010
11666,Mozambique,Kenya,1,2010
10209,Mozambique,Lesotho,-1,2010
10505,Mozambique,Madagascar,1,2010
8471,Mozambique,Malawi,-1,2010
11164,Mozambique,Malawi,1,2010
11956,Mozambique,Malawi,-1,2010
11249,Mozambique,Nigeria,-1,2010
9357,Mozambique,Senegal,-1,2010
9186,Mozambique,Seychelles,1,2010
8756,Mozambique,Tanzania,-1,2010
11866,Mozambique,Tunisia,1,2010
9681,Mozambique,Zambia,-1,2010
11827,Mozambique,Zambia,-1,2010
9189,Mozambique,Zimbabwe,-1,2010
9506,Mozambique,Zimbabwe,-1,2010
10934,Myanmar,Bangladesh,-1,2010
11015,Myanmar,Cambodia,1,2010
11318,Myanmar,Cambodia,1,2010
9785,Myanmar,China PR,-1,2010
8573,Myanmar,Indonesia,1,2010
10940,Myanmar,Indonesia,1,2010
10992,Myanmar,Indonesia,1,2010
9561,Myanmar,Laos,1,2010
9504,Myanmar,Lesotho,1,2010
11314,Myanmar,Macau,1,2010
10943,Myanmar,Malaysia,1,2010
10556,Myanmar,Nepal,1,2010
10581,Myanmar,North Korea,-1,2010
8979,Myanmar,Philippines,-1,2010
10786,Myanmar,Turkmenistan,-1,2010
11195,Namibia,Botswana,-1,2010
9340,Namibia,DR Congo,-1,2010
11377,Namibia,DR Congo,1,2010
11647,Namibia,Eswatini,-1,2010
8733,Namibia,Ethiopia,1,2010
10412,Namibia,Guinea,-1,2010
10276,Namibia,Kenya,1,2010
9250,Namibia,Libya,1,2010
8499,Namibia,Malawi,1,2010
10143,Namibia,Malawi,-1,2010
9972,Namibia,Morocco,-1,2010
8498,Namibia,Seychelles,-1,2010
8554,Namibia,South Africa,-1,2010
9205,Namibia,Zambia,-1,2010
11821,Namibia,Zambia,-1,2010
10825,Namibia,Zimbabwe,1,2010
10900,Nepal,Afghanistan,-1,2010
8270,Nepal,Bhutan,1,2010
11230,Nepal,Kyrgyzstan,-1,2010
10224,Nepal,Macau,1,2010
10561,Nepal,North Korea,-1,2010
9792,Nepal,Oman,-1,2010
10105,Nepal,Pakistan,1,2010
10167,Nepal,Pakistan,-1,2010
11186,Nepal,Pakistan,1,2010
11204,Nepal,Palestine,-1,2010
10568,Nepal,Sri Lanka,1,2010
11190,Nepal,Sri Lanka,1,2010
8782,Netherlands,Albania,1,2010
8456,Netherlands,Argentina,-1,2010
8410,Netherlands,Australia,-1,2010
10690,Netherlands,Australia,-1,2010
8653,Netherlands,Belarus,1,2010
9613,Netherlands,Bulgaria,1,2010
8348,Netherlands,Cameroon,1,2010
10259,Netherlands,Denmark,-1,2010
8240,Netherlands,Ecuador,1,2010
8852,Netherlands,England,-1,2010
11583,Netherlands,England,-1,2010
10397,Netherlands,France,1,2010
10826,Netherlands,Iceland,1,2010
10383,Netherlands,Italy,1,2010
8440,Netherlands,Ivory Coast,1,2010
11648,Netherlands,Japan,1,2010
9833,Netherlands,Luxembourg,1,2010
8384,Netherlands,Mexico,1,2010
11284,Netherlands,North Macedonia,1,2010
11422,Netherlands,Norway,1,2010
11910,Netherlands,Paraguay,-1,2010
9115,Netherlands,Romania,-1,2010
10456,Netherlands,Romania,1,2010
9048,Netherlands,Russia,1,2010
10475,Netherlands,Russia,-1,2010
11231,Netherlands,Scotland,1,2010
9765,Netherlands,Slovenia,1,2010
10970,Netherlands,Sweden,1,2010
10225,Netherlands,Ukraine,1,2010
10299,Netherlands,Wales,1,2010
9575,New Caledonia,Cook Islands,1,2010
9584,New Caledonia,Fiji,-1,2010
9591,New Caledonia,Fiji,1,2010
9883,New Caledonia,Fiji,1,2010
10777,New Caledonia,Guadeloupe,-1,2010
10783,New Caledonia,Martinique,-1,2010
10787,New Caledonia,Mayotte,1,2010
10691,New Caledonia,New Zealand,-1,2010
9470,New Caledonia,Vanuatu,1,2010
9476,New Caledonia,Vanuatu,-1,2010
10476,New Caledonia,Vanuatu,1,2010
11867,New Zealand,Bahrain,1,2010
8192,New Zealand,Malaysia,1,2010
8206,New Zealand,Malaysia,1,2010
10749,New Zealand,New Caledonia,1,2010
11430,New Zealand,Spain,-1,2010
9884,New Zealand,Vanuatu,1,2010
9065,Nicaragua,Belize,1,2010
11108,Nicaragua,Belize,-1,2010
10056,Nicaragua,Curaçao,-1,2010
11120,Nicaragua,Guatemala,1,2010
9068,Nicaragua,Honduras,-1,2010
11521,Nicaragua,Mexico,-1,2010
10376,Niger,Angola,-1,2010
10413,Niger,Benin,-1,2010
9273,Niger,Lesotho,1,2010
9358,Niger,Nigeria,-1,2010
8757,Niger,Uganda,-1,2010
10721,Niger,Uganda,1,2010
10001,Nigeria,Benin,1,2010
10477,Nigeria,Equatorial Guinea,1,2010
8137,Nigeria,Ghana,1,2010
9026,Nigeria,Ghana,-1,2010
8173,Nigeria,Ivory Coast,-1,2010
9973,Nigeria,Ivory Coast,-1,2010
11165,Nigeria,Jamaica,-1,2010
11400,Nigeria,Kenya,1,2010
9614,Nigeria,Lesotho,1,2010
9985,Nigeria,Mali,-1,2010
11764,Nigeria,Mozambique,1,2010
8599,Nigeria,Niger,1,2010
8163,Nigeria,Senegal,1,2010
10827,Nigeria,Sierra Leone,1,2010
10300,Nigeria,South Africa,1,2010
9947,Nigeria,Sudan,1,2010
8169,Nigeria,Tunisia,-1,2010
11667,Nigeria,Tunisia,-1,2010
9116,Nigeria,Uganda,1,2010
8150,Nigeria,Zimbabwe,1,2010
11606,North Korea,Guam,1,2010
9381,North Korea,Hong Kong,1,2010
11373,North Korea,Iran,-1,2010
10409,North Korea,Jordan,1,2010
11101,North Korea,Lebanon,-1,2010
11935,North Korea,Macau,1,2010
11958,North Korea,Mali,1,2010
9363,North Korea,Mongolia,1,2010
9789,North Korea,Mongolia,1,2010
10567,North Korea,Myanmar,1,2010
11156,North Korea,Saudi Arabia,1,2010
10136,North Korea,South Korea,-1,2010
10742,North Korea,South Korea,-1,2010
10558,North Korea,Sri Lanka,1,2010
10572,North Korea,Tajikistan,-1,2010
10347,North Korea,Turkmenistan,1,2010
11221,North Korea,United Arab Emirates,1,2010
9937,North Korea,Uzbekistan,-1,2010
9761,North Macedonia,Andorra,1,2010
8237,North Macedonia,Bulgaria,-1,2010
11864,North Macedonia,Canada,1,2010
9831,North Macedonia,Croatia,1,2010
8356,North Macedonia,Ecuador,1,2010
8652,North Macedonia,England,-1,2010
9664,North Macedonia,Estonia,-1,2010
11420,North Macedonia,Iceland,1,2010
9247,North Macedonia,Israel,-1,2010
11161,North Macedonia,Moldova,-1,2010
10745,North Macedonia,Netherlands,-1,2010
9537,North Macedonia,Nigeria,-1,2010
11375,North Macedonia,Norway,-1,2010
10235,North Macedonia,Poland,-1,2010
11762,North Macedonia,Qatar,1,2010
8849,North Macedonia,Russia,-1,2010
10683,North Macedonia,Scotland,1,2010
10054,North Macedonia,Serbia,-1,2010
11575,North Macedonia,Spain,-1,2010
8875,Northern Cyprus,Crimea,1,2010
8902,Northern Cyprus,Crimea,1,2010
8385,Northern Cyprus,Gibraltar,1,2010
8362,Northern Cyprus,Greenland,1,2010
8151,Northern Cyprus,Kyrgyzstan,1,2010
8883,Northern Cyprus,Tajikistan,1,2010
8890,Northern Cyprus,Tibet,1,2010
8402,Northern Cyprus,Zanzibar,-1,2010
8895,Northern Cyprus,Zanzibar,1,2010
10057,Northern Ireland,Bulgaria,-1,2010
10750,Northern Ireland,Czech Republic,-1,2010
9834,Northern Ireland,Denmark,1,2010
8241,Northern Ireland,Estonia,1,2010
10144,Northern Ireland,Georgia,1,2010
10971,Northern Ireland,Hungary,-1,2010
8600,Northern Ireland,Iceland,-1,2010
11584,Northern Ireland,Israel,-1,2010
8783,Northern Ireland,Latvia,1,2010
9541,Northern Ireland,Liechtenstein,1,2010
11232,Northern Ireland,Poland,1,2010
10890,Northern Ireland,San Marino,1,2010
11868,Northern Ireland,Serbia,-1,2010
11695,Northern Ireland,Slovakia,-1,2010
11285,Northern Ireland,Slovenia,1,2010
8654,Northern Ireland,Spain,1,2010
9166,Northern Ireland,Sweden,1,2010
8325,Northern Ireland,Uruguay,-1,2010
9027,Northern Ireland,Wales,-1,2010
9143,Northern Mariana Islands,Guam,-1,2010
10183,Northern Mariana Islands,Guam,-1,2010
11192,Northern Mariana Islands,Mongolia,-1,2010
9542,Norway,Argentina,1,2010
9117,Norway,Bosnia and Herzegovina,-1,2010
8555,Norway,Brazil,-1,2010
11286,Norway,Finland,1,2010
9668,Norway,Greece,-1,2010
9301,Norway,Hungary,1,2010
10692,Norway,Iceland,-1,2010
9251,Norway,Malta,1,2010
8655,Norway,Moldova,1,2010
10891,Norway,Netherlands,-1,2010
11696,Norway,North Macedonia,1,2010
8335,Norway,Paraguay,-1,2010
10619,Norway,Republic of Ireland,-1,2010
11585,Norway,Scotland,1,2010
11750,Norway,South Africa,1,2010
8387,Norway,South Korea,-1,2010
9835,Norway,Turkey,-1,2010
10254,Norway,Uruguay,-1,2010
8892,Occitania,Ambazonia,1,2010
8898,Occitania,Ambazonia,1,2010
11469,Occitania,Gozo,1,2010
11460,Occitania,Iraqi Kurdistan,-1,2010
8886,Occitania,Monaco,-1,2010
10929,Occitania,Monaco,-1,2010
8879,Occitania,Sápmi,-1,2010
11869,Oman,Australia,-1,2010
8808,Oman,Bahrain,-1,2010
9009,Oman,Bahrain,1,2010
10058,Oman,Bahrain,-1,2010
11072,Oman,Bahrain,1,2010
11889,Oman,Brazil,-1,2010
11026,Oman,China PR,1,2010
11029,Oman,Ecuador,1,2010
11336,Oman,Egypt,-1,2010
11090,Oman,Indonesia,-1,2010
8180,Oman,Iraq,1,2010
9466,Oman,Iraq,-1,2010
11061,Oman,Iraq,1,2010
10351,Oman,Japan,-1,2010
8242,Oman,Jordan,1,2010
9914,Oman,Jordan,-1,2010
9885,Oman,Kenya,-1,2010
9900,Oman,Kenya,-1,2010
10009,Oman,Kuwait,-1,2010
11052,Oman,Kuwait,-1,2010
10184,Oman,Kyrgyzstan,1,2010
10181,Oman,Liberia,1,2010
9683,Oman,Maldives,1,2010
10693,Oman,Morocco,-1,2010
9688,Oman,Nepal,1,2010
9394,Oman,North Korea,-1,2010
8656,Oman,Pakistan,1,2010
10972,Oman,Paraguay,-1,2010
11083,Oman,Qatar,1,2010
9407,Oman,Saudi Arabia,-1,2010
11087,Oman,Saudi Arabia,-1,2010
11586,Oman,Saudi Arabia,1,2010
11233,Oman,Senegal,1,2010
8170,Oman,Singapore,1,2010
9993,Oman,Singapore,1,2010
8578,Oman,Syria,1,2010
10576,Oman,Syria,-1,2010
9926,Oman,Tajikistan,1,2010
10506,Oman,Thailand,1,2010
10203,Oman,Turkmenistan,1,2010
8784,Oman,United Arab Emirates,1,2010
10097,Oman,United Arab Emirates,-1,2010
10620,Oman,Uzbekistan,1,2010
9002,Oman,Yemen,1,2010
10188,Oman,Yemen,-1,2010
10751,Oman,Zimbabwe,1,2010
10526,Padania,Arameans Suryoye,1,2010
10529,Padania,Arameans Suryoye,1,2010
10523,Padania,Iraqi Kurdistan,1,2010
11464,Padania,Iraqi Kurdistan,1,2010
11473,Padania,Iraqi Kurdistan,1,2010
11457,Padania,Occitania,1,2010
11468,Padania,Sápmi,1,2010
11947,Pakistan,Bhutan,1,2010
10174,Pakistan,Guam,1,2010
9782,Pakistan,Iraq,-1,2010
8785,Pakistan,Jordan,-1,2010
8283,Pakistan,Macau,-1,2010
10352,Pakistan,Nepal,-1,2010
8556,Pakistan,Oman,-1,2010
8190,Pakistan,Palestine,-1,2010
10171,Pakistan,Sri Lanka,-1,2010
11300,Pakistan,Taiwan,-1,2010
8278,Pakistan,Tajikistan,-1,2010
8243,Pakistan,United Arab Emirates,-1,2010
8786,Palestine,China PR,-1,2010
8267,Palestine,Guam,1,2010
8564,Palestine,Iraq,-1,2010
9361,Palestine,Iraq,-1,2010
10918,Palestine,Jordan,-1,2010
8288,Palestine,Kyrgyzstan,-1,2010
10577,Palestine,Qatar,-1,2010
8244,Palestine,Singapore,1,2010
9689,Palestine,Singapore,-1,2010
8972,Panama,Armenia,-1,2010
10324,Panama,Canada,-1,2010
9192,Panama,Colombia,-1,2010
9067,Panama,Costa Rica,1,2010
9886,Panama,Costa Rica,-1,2010
9321,Panama,Cuba,-1,2010
8734,Panama,El Salvador,1,2010
10444,Panama,El Salvador,1,2010
11522,Panama,Guadeloupe,-1,2010
9070,Panama,Guatemala,1,2010
9543,Panama,Guatemala,1,2010
11109,Panama,Guatemala,1,2010
11257,Panama,Haiti,1,2010
9310,Panama,Honduras,1,2010
11477,Panama,Honduras,-1,2010
11537,Panama,Nicaragua,1,2010
8871,Panama,Peru,-1,2010
9014,Panama,Trinidad and Tobago,1,2010
11707,Paraguay,Argentina,1,2010
11649,Paraguay,Bolivia,1,2010
10445,Paraguay,Brazil,1,2010
11378,Paraguay,Chile,-1,2010
9395,Paraguay,Colombia,1,2010
11793,Paraguay,Colombia,-1,2010
9836,Paraguay,Ecuador,1,2010
10892,Paraguay,Peru,1,2010
11844,Paraguay,Qatar,-1,2010
8452,Paraguay,Trinidad and Tobago,1,2010
9766,Paraguay,Uruguay,1,2010
9544,Paraguay,Venezuela,-1,2010
10723,Paraguay,Venezuela,1,2010
10752,Peru,Argentina,-1,2010
9422,Peru,Bolivia,-1,2010
9669,Peru,Bolivia,1,2010
11794,Peru,Bolivia,1,2010
9848,Peru,Brazil,-1,2010
8787,Peru,Chile,-1,2010
11252,Peru,Chile,-1,2010
9615,Peru,Colombia,-1,2010
10414,Peru,Colombia,-1,2010
10145,Peru,Costa Rica,1,2010
11396,Peru,Ecuador,-1,2010
8557,Peru,Panama,-1,2010
9718,Peru,Paraguay,-1,2010
11166,Peru,Paraguay,-1,2010
11650,Peru,Uruguay,1,2010
10694,Peru,Venezuela,1,2010
8280,Philippines,Afghanistan,-1,2010
10199,Philippines,Bhutan,1,2010
11307,Philippines,Bhutan,1,2010
8877,Philippines,Brunei,1,2010
10195,Philippines,Brunei,1,2010
8867,Philippines,Cambodia,1,2010
8816,Philippines,Laos,-1,2010
10907,Philippines,Laos,-1,2010
10198,Philippines,Tajikistan,-1,2010
8821,Philippines,Timor-Leste,1,2010
10901,Philippines,Timor-Leste,1,2010
9167,Poland,Armenia,1,2010
9118,Poland,Azerbaijan,1,2010
9837,Poland,Belgium,1,2010
11911,Poland,Canada,1,2010
8370,Poland,Colombia,-1,2010
10453,Poland,Croatia,-1,2010
10828,Poland,Czech Republic,1,2010
10301,Poland,Denmark,-1,2010
8419,Poland,Ecuador,-1,2010
9016,Poland,Estonia,1,2010
10086,Poland,Estonia,1,2010
8316,Poland,Faroe Islands,1,2010
8601,Poland,Finland,-1,2010
11587,Poland,Greece,1,2010
9767,Poland,Hungary,-1,2010
9719,Poland,Kazakhstan,1,2010
8305,Poland,Lithuania,-1,2010
11651,Poland,Northern Ireland,-1,2010
8788,Poland,Portugal,1,2010
11870,Poland,Romania,-1,2010
11287,Poland,San Marino,1,2010
8657,Poland,Serbia,-1,2010
9049,Poland,Slovakia,-1,2010
11795,Poland,Slovakia,-1,2010
10695,Poland,Slovenia,-1,2010
8245,Poland,United States,-1,2010
10146,Poland,United States,-1,2010
10893,Portugal,Albania,-1,2010
9838,Portugal,Armenia,1,2010
8735,Portugal,Azerbaijan,1,2010
9119,Portugal,Belgium,1,2010
11871,Portugal,Bosnia and Herzegovina,1,2010
9028,Portugal,Brazil,1,2010
8349,Portugal,Cape Verde,1,2010
10753,Portugal,Denmark,-1,2010
10621,Portugal,Faroe Islands,1,2010
9887,Portugal,Finland,-1,2010
11167,Portugal,Finland,1,2010
8488,Portugal,France,-1,2010
10277,Portugal,Georgia,1,2010
10464,Portugal,Germany,-1,2010
10147,Portugal,Greece,-1,2010
11751,Portugal,Hungary,1,2010
8443,Portugal,Iran,1,2010
8853,Portugal,Kazakhstan,1,2010
11796,Portugal,Malta,1,2010
8457,Portugal,Mexico,1,2010
8472,Portugal,Netherlands,1,2010
9616,Portugal,Poland,-1,2010
9670,Portugal,Serbia,-1,2010
11258,Portugal,South Africa,1,2010
11234,Portugal,Sweden,-1,2010
10353,Portugal,Turkey,1,2010
11458,Provence,Gozo,1,2010
10520,Provence,Iraqi Kurdistan,-1,2010
11467,Provence,Iraqi Kurdistan,-1,2010
10519,Provence,Padania,-1,2010
11470,Provence,Sápmi,-1,2010
10148,Puerto Rico,Dominican Republic,1,2010
10415,Puerto Rico,Honduras,-1,2010
9991,Puerto Rico,Trinidad and Tobago,-1,2010
10416,Qatar,Australia,-1,2010
11379,Qatar,Australia,-1,2010
9005,Qatar,Bahrain,-1,2010
10088,Qatar,Bahrain,-1,2010
10754,Qatar,Bahrain,-1,2010
8658,Qatar,Bangladesh,1,2010
10308,Qatar,China PR,-1,2010
11797,Qatar,DR Congo,-1,2010
9811,Qatar,Georgia,-1,2010
8789,Qatar,Hong Kong,1,2010
9120,Qatar,Iran,-1,2010
9949,Qatar,Iran,-1,2010
10931,Qatar,Iran,-1,2010
11959,Qatar,Iran,1,2010
8990,Qatar,Iraq,-1,2010
9735,Qatar,Iraq,1,2010
10149,Qatar,Iraq,1,2010
11342,Qatar,Iraq,1,2010
9888,Qatar,Ivory Coast,-1,2010
10973,Qatar,Japan,-1,2010
10096,Qatar,Jordan,1,2010
10215,Qatar,Kuwait,-1,2010
11193,Qatar,Kuwait,1,2010
10248,Qatar,Lebanon,1,2010
8113,Qatar,Libya,1,2010
10642,Qatar,North Korea,1,2010
11966,Qatar,North Korea,-1,2010
8968,Qatar,Oman,-1,2010
9679,Qatar,Oman,-1,2010
11697,Qatar,Oman,-1,2010
11325,Qatar,Saudi Arabia,1,2010
9793,Qatar,Sri Lanka,1,2010
8182,Qatar,Tajikistan,1,2010
10622,Qatar,Tajikistan,1,2010
9385,Qatar,Turkmenistan,1,2010
9467,Qatar,United Arab Emirates,-1,2010
11065,Qatar,United Arab Emirates,-1,2010
8246,Qatar,Uzbekistan,1,2010
10696,Qatar,Uzbekistan,1,2010
11074,Qatar,Yemen,1,2010
11571,Republic of Ireland,Australia,-1,2010
10045,Republic of Ireland,Brazil,-1,2010
11217,Republic of Ireland,Bulgaria,-1,2010
8334,Republic of Ireland,Chile,-1,2010
10258,Republic of Ireland,Colombia,1,2010
9754,Republic of Ireland,Cyprus,-1,2010
10880,Republic of Ireland,Cyprus,1,2010
8775,Republic of Ireland,Czech Republic,-1,2010
11857,Republic of Ireland,France,-1,2010
11153,Republic of Ireland,Georgia,1,2010
9713,Republic of Ireland,Germany,-1,2010
11740,Republic of Ireland,Italy,-1,2010
11785,Republic of Ireland,Montenegro,-1,2010
8544,Republic of Ireland,Netherlands,-1,2010
11332,Republic of Ireland,Nigeria,-1,2010
10961,Republic of Ireland,Poland,-1,2010
8841,Republic of Ireland,San Marino,1,2010
10222,Republic of Ireland,Serbia,-1,2010
9160,Republic of Ireland,Slovakia,1,2010
11669,Republic of Ireland,South Africa,1,2010
8230,Republic of Ireland,Sweden,1,2010
9105,Republic of Ireland,Wales,1,2010
8363,Republic of St. Pauli,Gibraltar,-1,2010
8401,Republic of St. Pauli,Gibraltar,-1,2010
8373,Republic of St. Pauli,Tibet,1,2010
8386,Republic of St. Pauli,Zanzibar,-1,2010
9411,Rhodes,Frøya,1,2010
9439,Rhodes,Gibraltar,-1,2010
11484,Rhodes,Isle of Wight,1,2010
9404,Rhodes,Saare County,1,2010
11501,Rhodes,Saare County,1,2010
9431,Rhodes,Western Isles,1,2010
11514,Rhodes,Ynys Môn,1,2010
9307,Romani people,Ambazonia,1,2010
9889,Romania,Albania,1,2010
8218,Romania,Armenia,1,2010
11698,Romania,Austria,-1,2010
8736,Romania,Belarus,1,2010
8602,Romania,Bulgaria,-1,2010
8350,Romania,Colombia,-1,2010
11168,Romania,Croatia,-1,2010
8558,Romania,Cyprus,1,2010
11798,Romania,Faroe Islands,1,2010
10384,Romania,France,-1,2010
10829,Romania,France,-1,2010
10974,Romania,Georgia,1,2010
10623,Romania,Latvia,1,2010
10697,Romania,Lithuania,-1,2010
9168,Romania,Luxembourg,1,2010
9050,Romania,Moldova,1,2010
10278,Romania,Montenegro,1,2010
9720,Romania,Netherlands,1,2010
8341,Romania,Northern Ireland,1,2010
10150,Romania,Russia,1,2010
11235,Romania,Serbia,-1,2010
9302,Romania,Slovenia,1,2010
9545,Romania,Turkey,1,2010
8329,Romania,Uruguay,-1,2010
9252,Russia,Andorra,1,2010
11588,Russia,Argentina,-1,2010
11236,Russia,Azerbaijan,1,2010
8247,Russia,Brazil,-1,2010
8659,Russia,Croatia,-1,2010
9768,Russia,England,1,2010
8790,Russia,Estonia,1,2010
10894,Russia,Finland,1,2010
11752,Russia,Germany,-1,2010
8737,Russia,Israel,-1,2010
10216,Russia,Kazakhstan,1,2010
8559,Russia,Latvia,1,2010
11652,Russia,Liechtenstein,1,2010
10624,Russia,Netherlands,-1,2010
9617,Russia,North Macedonia,1,2010
9546,Russia,Poland,-1,2010
10255,Russia,Serbia,1,2010
11872,Russia,Slovenia,1,2010
10513,Russia,Spain,-1,2010
10462,Russia,Sweden,1,2010
10755,Russia,Wales,1,2010
11237,Rwanda,Algeria,-1,2010
9212,Rwanda,Burundi,1,2010
8621,Rwanda,Cameroon,-1,2010
11653,Rwanda,Egypt,-1,2010
9253,Rwanda,Equatorial Guinea,1,2010
9909,Rwanda,Eritrea,1,2010
11930,Rwanda,Eritrea,1,2010
9618,Rwanda,Liberia,1,2010
10279,Rwanda,Mauritania,1,2010
10417,Rwanda,Morocco,1,2010
11054,Rwanda,Somalia,1,2010
11923,Rwanda,Somalia,1,2010
11062,Rwanda,Tanzania,-1,2010
11589,Rwanda,Tanzania,-1,2010
8502,Rwanda,Uganda,-1,2010
8915,Rwanda,Uganda,-1,2010
8931,Rwanda,Uganda,-1,2010
9915,Rwanda,Uganda,-1,2010
8927,Rwanda,Zambia,-1,2010
11873,Rwanda,Zambia,-1,2010
9326,Réunion,Gabon,-1,2010
8935,Réunion,Mayotte,1,2010
9420,Saare County,Frøya,-1,2010
11485,Saare County,Jersey,-1,2010
9849,Saint Kitts and Nevis,Antigua and Barbuda,1,2010
10932,Saint Kitts and Nevis,Antigua and Barbuda,-1,2010
10779,Saint Kitts and Nevis,Barbados,-1,2010
10156,Saint Kitts and Nevis,Belize,-1,2010
10772,Saint Kitts and Nevis,British Virgin Islands,1,2010
11601,Saint Kitts and Nevis,Jamaica,-1,2010
8209,Saint Kitts and Nevis,Saint Martin,1,2010
11712,Saint Kitts and Nevis,Saint Vincent and the Grenadines,-1,2010
11538,Saint Kitts and Nevis,Trinidad and Tobago,-1,2010
10480,Saint Lucia,Guatemala,-1,2010
8696,Saint Lucia,Haiti,-1,2010
10157,Saint Lucia,Turks and Caicos Islands,1,2010
10652,Saint Martin,Bermuda,-1,2010
9806,Saint Martin,British Virgin Islands,-1,2010
10451,Saint Vincent and the Grenadines,Canada,-1,2010
8992,Saint Vincent and the Grenadines,Guadeloupe,-1,2010
9218,Saint Vincent and the Grenadines,Haiti,-1,2010
8803,Saint Vincent and the Grenadines,Martinique,-1,2010
11657,Saint Vincent and the Grenadines,Saint Kitts and Nevis,-1,2010
8700,Saint Vincent and the Grenadines,Saint Lucia,1,2010
9570,Samoa,American Samoa,1,2010
9585,Samoa,Solomon Islands,-1,2010
9576,Samoa,Tonga,1,2010
9564,Samoa,Vanuatu,-1,2010
8560,San Marino,Albania,-1,2010
9547,San Marino,Cyprus,-1,2010
9619,San Marino,Czech Republic,-1,2010
10975,San Marino,Czech Republic,-1,2010
8660,San Marino,Germany,-1,2010
11169,San Marino,Northern Ireland,-1,2010
10756,San Marino,Poland,-1,2010
9051,San Marino,Republic of Ireland,-1,2010
9890,San Marino,Slovakia,-1,2010
10830,San Marino,Slovakia,-1,2010
11799,San Marino,Slovenia,-1,2010
9769,San Marino,Wales,-1,2010
8513,Saudi Arabia,Bahrain,1,2010
8991,Saudi Arabia,Bahrain,1,2010
9473,Saudi Arabia,Bahrain,1,2010
10937,Saudi Arabia,Bahrain,1,2010
11699,Saudi Arabia,Bahrain,-1,2010
11874,Saudi Arabia,Belarus,-1,2010
9802,Saudi Arabia,Estonia,1,2010
8131,Saudi Arabia,Finland,-1,2010
8959,Saudi Arabia,Gambia,1,2010
9644,Saudi Arabia,Ghana,1,2010
8146,Saudi Arabia,Greece,-1,2010
8661,Saudi Arabia,India,1,2010
10698,Saudi Arabia,Iran,-1,2010
8257,Saudi Arabia,Iraq,-1,2010
9006,Saudi Arabia,Iraq,1,2010
11200,Saudi Arabia,Iraq,-1,2010
8622,Saudi Arabia,Japan,1,2010
8809,Saudi Arabia,Jordan,1,2010
10249,Saudi Arabia,Kuwait,1,2010
8152,Saudi Arabia,Lebanon,-1,2010
10309,Saudi Arabia,Lebanon,1,2010
10354,Saudi Arabia,Lebanon,1,2010
10010,Saudi Arabia,Luxembourg,1,2010
11616,Saudi Arabia,Malaysia,1,2010
9800,Saudi Arabia,Namibia,1,2010
9426,Saudi Arabia,North Korea,-1,2010
11437,Saudi Arabia,North Korea,-1,2010
10625,Saudi Arabia,Paraguay,-1,2010
8262,Saudi Arabia,Poland,-1,2010
8248,Saudi Arabia,Portugal,-1,2010
8999,Saudi Arabia,Qatar,-1,2010
10651,Saudi Arabia,Qatar,1,2010
11055,Saudi Arabia,Qatar,-1,2010
10059,Saudi Arabia,Singapore,1,2010
10976,Saudi Arabia,South Korea,-1,2010
8462,Saudi Arabia,Spain,-1,2010
8125,Saudi Arabia,Sweden,-1,2010
8183,Saudi Arabia,Syria,-1,2010
8962,Saudi Arabia,Syria,1,2010
10226,Saudi Arabia,Syria,1,2010
11035,Saudi Arabia,Syria,-1,2010
10928,Saudi Arabia,Thailand,1,2010
11129,Saudi Arabia,Thailand,1,2010
8317,Saudi Arabia,Togo,1,2010
8380,Saudi Arabia,Turkey,-1,2010
8447,Saudi Arabia,Ukraine,-1,2010
8572,Saudi Arabia,United Arab Emirates,1,2010
11288,Saudi Arabia,United Arab Emirates,1,2010
9480,Saudi Arabia,Uzbekistan,1,2010
10507,Saudi Arabia,Uzbekistan,1,2010
8791,Saudi Arabia,Yemen,1,2010
11066,Saudi Arabia,Yemen,1,2010
10977,Scotland,Argentina,-1,2010
10151,Scotland,Croatia,-1,2010
8603,Scotland,Faroe Islands,1,2010
8738,Scotland,France,1,2010
9121,Scotland,Georgia,1,2010
11289,Scotland,Iceland,1,2010
9839,Scotland,Italy,-1,2010
9620,Scotland,Lithuania,1,2010
11700,Scotland,Netherlands,-1,2010
11654,Scotland,North Macedonia,1,2010
10626,Scotland,Northern Ireland,-1,2010
10831,Scotland,Norway,-1,2010
9548,Scotland,South Africa,1,2010
8249,Scotland,Switzerland,-1,2010
9721,Scotland,Ukraine,1,2010
10280,Senegal,Algeria,1,2010
9994,Senegal,Angola,-1,2010
9052,Senegal,Benin,1,2010
9621,Senegal,Burkina Faso,1,2010
8121,Senegal,DR Congo,-1,2010
10832,Senegal,Gambia,-1,2010
9731,Senegal,Guinea,1,2010
10478,Senegal,Liberia,1,2010
9840,Senegal,Mali,1,2010
8604,Senegal,Mozambique,1,2010
9954,Senegal,Namibia,1,2010
8175,Senegal,Nigeria,-1,2010
8250,Senegal,Norway,1,2010
10012,Senegal,South Africa,-1,2010
9122,Senegal,Tanzania,1,2010
8792,Serbia,Armenia,1,2010
11380,Serbia,Austria,1,2010
8605,Serbia,Azerbaijan,1,2010
8739,Serbia,Belgium,1,2010
10978,Serbia,Bulgaria,1,2010
10699,Serbia,Faroe Islands,1,2010
9622,Serbia,Finland,-1,2010
11701,Serbia,France,-1,2010
9901,Serbia,Kazakhstan,1,2010
10833,Serbia,Lithuania,1,2010
8425,Serbia,Netherlands,-1,2010
8854,Serbia,Norway,-1,2010
9891,Serbia,Poland,-1,2010
11023,Serbia,Poland,-1,2010
9169,Serbia,Portugal,-1,2010
11753,Serbia,Romania,1,2010
11290,Serbia,Sweden,1,2010
11170,Serbia,Ukraine,-1,2010
8351,Serbia,Uruguay,-1,2010
11816,Seychelles,Botswana,-1,2010
10418,Seychelles,Burkina Faso,-1,2010
10700,Seychelles,Burundi,-1,2010
11813,Seychelles,Comoros,-1,2010
10542,Seychelles,Eswatini,-1,2010
8479,Seychelles,Mauritius,1,2010
8740,Seychelles,Mauritius,1,2010
9491,Seychelles,Mayotte,1,2010
9183,Seychelles,Réunion,1,2010
9341,Seychelles,Sudan,-1,2010
8482,Seychelles,Tanzania,1,2010
9123,Seychelles,Tunisia,-1,2010
10355,Seychelles,Tunisia,-1,2010
8500,Seychelles,Zambia,-1,2010
11481,Shetland,Menorca,-1,2010
11506,Shetland,Saare County,1,2010
9695,Sierra Leone,Benin,-1,2010
10701,Sierra Leone,Equatorial Guinea,1,2010
9770,Sierra Leone,Guinea-Bissau,1,2010
8623,Sierra Leone,Mali,-1,2010
10356,Sierra Leone,Nigeria,-1,2010
10419,Sierra Leone,South Africa,1,2010
9274,Sierra Leone,Togo,-1,2010
8930,Silesia,Poland,-1,2010
9398,Singapore,Australia,-1,2010
10101,Singapore,Australia,-1,2010
10256,Singapore,Bahrain,-1,2010
9558,Singapore,Bangladesh,1,2010
11002,Singapore,Cambodia,1,2010
8662,Singapore,China PR,-1,2010
11590,Singapore,China PR,-1,2010
8813,Singapore,Indonesia,-1,2010
8984,Singapore,Indonesia,-1,2010
11836,Singapore,Indonesia,1,2010
8201,Singapore,Iraq,1,2010
11116,Singapore,Jordan,1,2010
8941,Singapore,Kazakhstan,-1,2010
8976,Singapore,Laos,1,2010
10152,Singapore,Lebanon,1,2010
8381,Singapore,Malaysia,-1,2010
9010,Singapore,Malaysia,-1,2010
11010,Singapore,Myanmar,1,2010
11968,Singapore,Oman,-1,2010
8957,Singapore,Philippines,1,2010
9390,Singapore,Saudi Arabia,-1,2010
10420,Singapore,Saudi Arabia,-1,2010
9803,Singapore,Tajikistan,1,2010
9015,Singapore,Thailand,1,2010
11875,Singapore,Thailand,-1,2010
11817,Singapore,Turkmenistan,1,2010
9671,Singapore,United Arab Emirates,-1,2010
10310,Singapore,Uzbekistan,-1,2010
8950,Singapore,Vietnam,-1,2010
8969,Singapore,Vietnam,-1,2010
9507,Singapore,Zimbabwe,1,2010
8321,Slovakia,Belgium,-1,2010
8855,Slovakia,Bulgaria,1,2010
11890,Slovakia,Chile,-1,2010
8606,Slovakia,Cyprus,1,2010
8663,Slovakia,Czech Republic,-1,2010
11655,Slovakia,Czech Republic,-1,2010
9549,Slovakia,France,-1,2010
8793,Slovakia,Germany,-1,2010
10627,Slovakia,Greece,-1,2010
10153,Slovakia,Iceland,-1,2010
10979,Slovakia,Liechtenstein,1,2010
8520,Slovakia,Malta,1,2010
10702,Slovakia,Northern Ireland,1,2010
10895,Slovakia,Poland,1,2010
9623,Slovakia,Republic of Ireland,-1,2010
9722,Slovakia,San Marino,1,2010
11381,Slovakia,San Marino,1,2010
11754,Slovakia,Slovenia,-1,2010
11135,Slovakia,Ukraine,-1,2010
11876,Slovakia,United States,1,2010
9672,Slovakia,Wales,-1,2010
9723,Slovenia,Albania,-1,2010
9673,Slovenia,Belarus,1,2010
10980,Slovenia,Bosnia and Herzegovina,-1,2010
9892,Slovenia,Bulgaria,-1,2010
10628,Slovenia,Croatia,-1,2010
11238,Slovenia,Czech Republic,-1,2010
10060,Slovenia,Denmark,-1,2010
9053,Slovenia,Estonia,1,2010
8521,Slovenia,Israel,-1,2010
8411,Slovenia,Ivory Coast,-1,2010
8741,Slovenia,Luxembourg,1,2010
9170,Slovenia,Netherlands,-1,2010
10834,Slovenia,Northern Ireland,1,2010
11702,Slovenia,Poland,1,2010
8251,Slovenia,Romania,-1,2010
9254,Slovenia,Romania,-1,2010
11912,Slovenia,Russia,1,2010
11591,Slovenia,San Marino,1,2010
10757,Slovenia,Slovakia,1,2010
8382,Slovenia,Trinidad and Tobago,1,2010
9565,Solomon Islands,American Samoa,1,2010
9588,Solomon Islands,New Caledonia,-1,2010
9458,Solomon Islands,Papua New Guinea,1,2010
9571,Solomon Islands,Tonga,1,2010
9592,Solomon Islands,Vanuatu,-1,2010
10516,Solomon Islands,Vanuatu,-1,2010
9912,Somalia,Burundi,-1,2010
11939,Somalia,Eritrea,-1,2010
8947,Somalia,Mauritania,-1,2010
8907,Somalia,Rwanda,-1,2010
8916,Somalia,Sudan,-1,2010
11048,Somalia,Tanzania,1,2010
9978,South Africa,Angola,-1,2010
11824,South Africa,Angola,1,2010
9171,South Africa,Bolivia,-1,2010
9682,South Africa,Botswana,1,2010
9964,South Africa,Botswana,1,2010
11466,South Africa,Brazil,-1,2010
10981,South Africa,Cameroon,1,2010
9859,South Africa,Canada,1,2010
9255,South Africa,Chad,1,2010
11171,South Africa,Chile,-1,2010
8607,South Africa,Congo,-1,2010
10361,South Africa,Equatorial Guinea,1,2010
8322,South Africa,Eswatini,1,2010
10896,South Africa,Ghana,1,2010
8133,South Africa,Guinea,-1,2010
10724,South Africa,Guinea,-1,2010
11431,South Africa,Iraq,-1,2010
11891,South Africa,Jamaica,-1,2010
11877,South Africa,Japan,-1,2010
11711,South Africa,Madagascar,1,2010
10781,South Africa,Malawi,1,2010
9958,South Africa,Mozambique,1,2010
10566,South Africa,Mozambique,1,2010
11830,South Africa,Mozambique,-1,2010
10546,South Africa,Namibia,1,2010
11438,South Africa,New Zealand,1,2010
10703,South Africa,Nigeria,-1,2010
11239,South Africa,Norway,1,2010
10154,South Africa,Paraguay,1,2010
11382,South Africa,Poland,1,2010
11592,South Africa,Serbia,-1,2010
10479,South Africa,Sierra Leone,-1,2010
11448,South Africa,Spain,-1,2010
11478,South Africa,Spain,-1,2010
9841,South Africa,United States,-1,2010
9674,South Africa,Uruguay,-1,2010
9637,South Africa,Zambia,-1,2010
9783,South Africa,Zambia,-1,2010
10553,South Africa,Zambia,1,2010
11110,South Africa,Zambia,1,2010
10091,South Africa,Zimbabwe,1,2010
8234,South Korea,Angola,1,2010
11644,South Korea,Australia,1,2010
8340,South Korea,Bosnia and Herzegovina,1,2010
10007,South Korea,Chile,-1,2010
8157,South Korea,Croatia,1,2010
8751,South Korea,Ghana,-1,2010
8594,South Korea,Iran,-1,2010
11436,South Korea,Iran,-1,2010
9396,South Korea,Iraq,1,2010
11222,South Korea,Iraq,1,2010
9486,South Korea,Japan,-1,2010
10274,South Korea,Jordan,-1,2010
10659,South Korea,Jordan,1,2010
9244,South Korea,Netherlands,-1,2010
10081,South Korea,North Korea,-1,2010
10502,South Korea,North Korea,-1,2010
11279,South Korea,North Korea,1,2010
11572,South Korea,Paraguay,1,2010
9453,South Korea,Saudi Arabia,-1,2010
11419,South Korea,Saudi Arabia,-1,2010
8328,South Korea,Senegal,-1,2010
11789,South Korea,Senegal,1,2010
11906,South Korea,Serbia,-1,2010
8777,South Korea,Syria,-1,2010
8648,South Korea,Taiwan,1,2010
8431,South Korea,Togo,1,2010
10052,South Korea,Turkmenistan,1,2010
10884,South Korea,United Arab Emirates,1,2010
9109,South Korea,Uruguay,-1,2010
9434,South Korea,Uzbekistan,1,2010
10818,South Korea,Uzbekistan,1,2010
8794,Spain,Argentina,1,2010
11878,Spain,Argentina,1,2010
10758,Spain,Armenia,1,2010
11656,Spain,Belgium,1,2010
10704,Spain,Bosnia and Herzegovina,1,2010
10982,Spain,Chile,1,2010
8416,Spain,Croatia,1,2010
9124,Spain,Denmark,1,2010
8403,Spain,Egypt,1,2010
11172,Spain,England,1,2010
11703,Spain,Estonia,1,2010
8478,Spain,France,-1,2010
10061,Spain,France,1,2010
9172,Spain,Iceland,1,2010
11439,Spain,Iraq,1,2010
10155,Spain,Italy,1,2010
10508,Spain,Italy,-1,2010
8252,Spain,Ivory Coast,1,2010
9675,Spain,Latvia,1,2010
8608,Spain,Liechtenstein,1,2010
9893,Spain,Northern Ireland,1,2010
10281,Spain,Peru,1,2010
8856,Spain,Romania,-1,2010
8352,Spain,Russia,-1,2010
10387,Spain,Russia,1,2010
9842,Spain,Sweden,1,2010
8448,Spain,Tunisia,1,2010
11240,Spain,Turkey,1,2010
8433,Spain,Ukraine,1,2010
10325,Spain,United States,1,2010
11463,Spain,United States,-1,2010
10326,Sri Lanka,Afghanistan,-1,2010
10377,Sri Lanka,Bangladesh,1,2010
10334,Sri Lanka,Bhutan,1,2010
11942,Sri Lanka,Bhutan,1,2010
8271,Sri Lanka,Brunei,1,2010
11301,Sri Lanka,Brunei,1,2010
10170,Sri Lanka,Guam,1,2010
11614,Sri Lanka,Kyrgyzstan,-1,2010
11604,Sri Lanka,Lebanon,1,2010
10391,Sri Lanka,Maldives,-1,2010
11241,Sri Lanka,Maldives,-1,2010
10562,Sri Lanka,Myanmar,-1,2010
8284,Sri Lanka,Nepal,-1,2010
8292,Sri Lanka,Nepal,-1,2010
11304,Sri Lanka,Pakistan,-1,2010
11933,Sri Lanka,Pakistan,1,2010
9781,Sri Lanka,Qatar,-1,2010
8287,Sri Lanka,Taiwan,1,2010
8296,Sri Lanka,Tajikistan,-1,2010
11879,Sudan,Benin,-1,2010
10705,Sudan,Chad,-1,2010
10835,Sudan,Congo,1,2010
10629,Sudan,Egypt,1,2010
9902,Sudan,Eritrea,1,2010
9906,Sudan,Eritrea,1,2010
11449,Sudan,Ghana,-1,2010
11042,Sudan,Kenya,-1,2010
10158,Sudan,Liberia,-1,2010
9550,Sudan,Libya,1,2010
10421,Sudan,Mali,1,2010
11242,Sudan,Mali,-1,2010
8942,Sudan,Mauritania,1,2010
9256,Sudan,Mauritius,1,2010
8920,Sudan,Rwanda,-1,2010
9934,Sudan,Rwanda,-1,2010
8624,Sudan,Seychelles,1,2010
8939,Sudan,Somalia,1,2010
9638,Sudan,Tunisia,1,2010
8908,Sudan,Uganda,-1,2010
11182,Sudan,Uganda,-1,2010
9976,Sudan,Zambia,-1,2010
11067,Sudan,Zambia,1,2010
9910,Sudan,Zanzibar,-1,2010
10836,Suriname,Costa Rica,-1,2010
10917,Suriname,Curaçao,1,2010
11832,Suriname,Curaçao,-1,2010
10759,Suriname,El Salvador,-1,2010
10653,Suriname,French Guiana,1,2010
11829,Suriname,French Guiana,1,2010
8673,Suriname,Grenada,1,2010
8664,Suriname,Guyana,-1,2010
10422,Suriname,Guyana,1,2010
10983,Suriname,Haiti,-1,2010
11800,Sweden,Albania,1,2010
8393,Sweden,Chile,-1,2010
9624,Sweden,Denmark,-1,2010
11383,Sweden,Denmark,-1,2010
8453,Sweden,England,-1,2010
8338,Sweden,Finland,-1,2010
11593,Sweden,Finland,1,2010
10630,Sweden,France,-1,2010
10760,Sweden,Hungary,1,2010
9303,Sweden,Iceland,1,2010
9894,Sweden,Latvia,1,2010
8665,Sweden,Liechtenstein,1,2010
11423,Sweden,Malta,1,2010
9771,Sweden,Northern Ireland,-1,2010
8437,Sweden,Paraguay,1,2010
10837,Sweden,Portugal,-1,2010
10236,Sweden,Slovenia,1,2010
8742,Sweden,Spain,1,2010
10423,Sweden,Spain,-1,2010
10302,Sweden,Ukraine,-1,2010
9551,Sweden,United States,1,2010
9257,Switzerland,Argentina,-1,2010
9724,Switzerland,Austria,1,2010
8857,Switzerland,Brazil,-1,2010
11173,Switzerland,Bulgaria,-1,2010
9593,Switzerland,Chile,1,2010
8404,Switzerland,China PR,1,2010
8666,Switzerland,Costa Rica,1,2010
10631,Switzerland,Cyprus,1,2010
10357,Switzerland,Czech Republic,-1,2010
10984,Switzerland,Finland,1,2010
10159,Switzerland,Germany,-1,2010
11658,Switzerland,Greece,1,2010
11801,Switzerland,Israel,-1,2010
8383,Switzerland,Italy,-1,2010
11594,Switzerland,Italy,-1,2010
8353,Switzerland,Ivory Coast,-1,2010
9645,Switzerland,Japan,-1,2010
10838,Switzerland,Latvia,1,2010
10265,Switzerland,Liechtenstein,1,2010
10761,Switzerland,Luxembourg,-1,2010
11291,Switzerland,Moldova,1,2010
9552,Switzerland,Netherlands,1,2010
9860,Switzerland,Nigeria,-1,2010
11880,Switzerland,Norway,-1,2010
10447,Switzerland,Portugal,1,2010
10227,Switzerland,Slovakia,1,2010
8463,Switzerland,South Korea,1,2010
10392,Switzerland,Turkey,-1,2010
8476,Switzerland,Ukraine,-1,2010
9772,Switzerland,United States,-1,2010
8609,Switzerland,Venezuela,1,2010
9690,Syria,Afghanistan,1,2010
11084,Syria,China PR,1,2010
9851,Syria,Indonesia,1,2010
10424,Syria,Iran,-1,2010
8493,Syria,Iraq,-1,2010
8501,Syria,Iraq,-1,2010
9376,Syria,Iraq,-1,2010
10200,Syria,Iraq,1,2010
10573,Syria,Jordan,-1,2010
10311,Syria,Kuwait,1,2010
9510,Syria,Kyrgyzstan,1,2010
11603,Syria,Kyrgyzstan,1,2010
11613,Syria,Lebanon,1,2010
8507,Syria,Libya,1,2010
10193,Syria,Oman,1,2010
8174,Syria,Palestine,1,2010
9959,Syria,Qatar,-1,2010
11196,Syria,Qatar,-1,2010
8202,Syria,South Korea,-1,2010
11126,Syria,South Korea,-1,2010
11607,Syria,Sri Lanka,1,2010
8858,Syria,Taiwan,1,2010
11089,Syria,Turkmenistan,1,2010
10160,Syria,United Arab Emirates,-1,2010
11913,Syria,Vietnam,-1,2010
8885,Sápmi,Ambazonia,1,2010
10521,Sápmi,Arameans Suryoye,-1,2010
11465,Sápmi,Gozo,1,2010
10517,Sápmi,Iraqi Kurdistan,-1,2010
10528,Sápmi,Iraqi Kurdistan,1,2010
8893,Sápmi,Monaco,1,2010
8899,Sápmi,Monaco,1,2010
10524,Sápmi,Padania,-1,2010
10527,Sápmi,Provence,1,2010
11461,Sápmi,Provence,-1,2010
9579,Tahiti,Fiji,-1,2010
10782,Tahiti,Guadeloupe,-1,2010
10778,Tahiti,Martinique,-1,2010
9566,Tahiti,New Caledonia,-1,2010
10773,Tahiti,New Caledonia,-1,2010
10172,Taiwan,Guam,1,2010
10175,Taiwan,Sri Lanka,-1,2010
9797,Taiwan,Uzbekistan,-1,2010
9553,Tajikistan,Azerbaijan,-1,2010
9794,Tajikistan,Bangladesh,1,2010
10196,Tajikistan,Bhutan,1,2010
10201,Tajikistan,Brunei,1,2010
8889,Tajikistan,Crimea,-1,2010
8285,Tajikistan,Kyrgyzstan,-1,2010
8293,Tajikistan,Kyrgyzstan,1,2010
8272,Tajikistan,Macau,1,2010
9852,Tajikistan,Singapore,-1,2010
8869,Tanzania,Angola,-1,2010
8610,Tanzania,Burkina Faso,1,2010
9924,Tanzania,Burundi,-1,2010
11077,Tanzania,Burundi,1,2010
11934,Tanzania,Burundi,1,2010
10425,Tanzania,Cameroon,-1,2010
10839,Tanzania,Cape Verde,1,2010
8929,Tanzania,DR Congo,1,2010
11320,Tanzania,DR Congo,-1,2010
8918,Tanzania,Djibouti,1,2010
11948,Tanzania,Eritrea,1,2010
10632,Tanzania,Ghana,-1,2010
8697,Tanzania,Kenya,-1,2010
9908,Tanzania,Kenya,1,2010
10231,Tanzania,Malawi,-1,2010
10282,Tanzania,Mauritius,-1,2010
9625,Tanzania,Mozambique,-1,2010
10985,Tanzania,Mozambique,1,2010
11351,Tanzania,New Zealand,1,2010
8506,Tanzania,Rwanda,1,2010
8923,Tanzania,Rwanda,-1,2010
11951,Tanzania,Rwanda,-1,2010
9258,Tanzania,Senegal,-1,2010
9917,Tanzania,Somalia,1,2010
9928,Tanzania,Sudan,-1,2010
9580,Tanzania,Uganda,1,2010
9315,Tanzania,Zambia,-1,2010
9895,Tanzania,Zambia,1,2010
8268,Tanzania,Zanzibar,-1,2010
8569,Tanzania,Zanzibar,1,2010
11056,Tanzania,Zanzibar,1,2010
11174,Tanzania,Zimbabwe,-1,2010
9468,Thailand,Australia,-1,2010
10312,Thailand,Bahrain,-1,2010
9194,Thailand,China PR,1,2010
11117,Thailand,Iran,-1,2010
8187,Thailand,Iraq,1,2010
9442,Thailand,Iraq,-1,2010
10232,Thailand,Iraq,1,2010
10426,Thailand,Japan,-1,2010
8165,Thailand,Jordan,-1,2010
8951,Thailand,Kazakhstan,-1,2010
11014,Thailand,Laos,1,2010
11096,Thailand,Lebanon,1,2010
9691,Thailand,Macau,1,2010
8981,Thailand,Malaysia,1,2010
11017,Thailand,Malaysia,1,2010
8965,Thailand,Myanmar,-1,2010
10205,Thailand,Nepal,1,2010
9304,Thailand,Netherlands,-1,2010
11243,Thailand,New Zealand,1,2010
9938,Thailand,North Korea,1,2010
10921,Thailand,North Korea,1,2010
9455,Thailand,Oman,1,2010
10161,Thailand,Oman,-1,2010
8261,Thailand,Philippines,1,2010
8973,Thailand,Philippines,1,2010
9399,Thailand,Qatar,-1,2010
9416,Thailand,Qatar,1,2010
8944,Thailand,Singapore,1,2010
9018,Thailand,Singapore,-1,2010
11914,Thailand,Singapore,-1,2010
11840,Thailand,Syria,-1,2010
9684,Thailand,United Arab Emirates,-1,2010
9935,Thailand,Uzbekistan,1,2010
8943,Thailand,Vietnam,1,2010
8954,Thailand,Vietnam,1,2010
9012,Thailand,Vietnam,-1,2010
11006,Thailand,Vietnam,1,2010
11034,Thailand,Vietnam,-1,2010
9853,Thailand,Yemen,1,2010
11961,Thailand,Zimbabwe,1,2010
8882,Tibet,Crimea,-1,2010
8874,Tibet,Tajikistan,-1,2010
8817,Timor-Leste,Brunei,-1,2010
10906,Timor-Leste,Brunei,-1,2010
9779,Timor-Leste,Hong Kong,-1,2010
11595,Togo,Angola,-1,2010
8626,Togo,Benin,1,2010
9054,Togo,Cameroon,-1,2010
11244,Togo,Cameroon,1,2010
8132,Togo,DR Congo,-1,2010
10840,Togo,Eswatini,1,2010
8464,Togo,France,-1,2010
11881,Togo,Gabon,1,2010
10106,Togo,Guinea,-1,2010
9696,Togo,Mali,-1,2010
11668,Togo,Morocco,-1,2010
8574,Togo,Niger,-1,2010
10986,Togo,Rwanda,1,2010
9125,Togo,Sierra Leone,1,2010
8449,Togo,Switzerland,-1,2010
9554,Togo,Zambia,1,2010
10283,Togo,Zambia,1,2010
9581,Tonga,American Samoa,1,2010
11426,Tonga,Cook Islands,-1,2010
11428,Tonga,Cook Islands,-1,2010
9586,Tonga,Vanuatu,-1,2010
10924,Trinidad and Tobago,Antigua and Barbuda,1,2010
8966,Trinidad and Tobago,Barbados,-1,2010
10194,Trinidad and Tobago,Barbados,1,2010
10448,Trinidad and Tobago,Bermuda,-1,2010
11384,Trinidad and Tobago,Costa Rica,-1,2010
8995,Trinidad and Tobago,Cuba,1,2010
10987,Trinidad and Tobago,Cuba,1,2010
10530,Trinidad and Tobago,Curaçao,1,2010
10790,Trinidad and Tobago,Dominican Republic,1,2010
10098,Trinidad and Tobago,El Salvador,1,2010
11596,Trinidad and Tobago,El Salvador,1,2010
10303,Trinidad and Tobago,England,-1,2010
10185,Trinidad and Tobago,Grenada,1,2010
10996,Trinidad and Tobago,Grenada,-1,2010
10062,Trinidad and Tobago,Guadeloupe,-1,2010
9327,Trinidad and Tobago,Guatemala,-1,2010
10706,Trinidad and Tobago,Guatemala,-1,2010
10002,Trinidad and Tobago,Guyana,1,2010
10518,Trinidad and Tobago,Guyana,1,2010
10656,Trinidad and Tobago,Guyana,1,2010
10933,Trinidad and Tobago,Guyana,-1,2010
8985,Trinidad and Tobago,Haiti,1,2010
9003,Trinidad and Tobago,Haiti,-1,2010
9215,Trinidad and Tobago,Haiti,1,2010
10554,Trinidad and Tobago,Haiti,1,2010
11245,Trinidad and Tobago,Honduras,-1,2010
10358,Trinidad and Tobago,Jamaica,-1,2010
8977,Trinidad and Tobago,Martinique,1,2010
11802,Trinidad and Tobago,Mexico,-1,2010
8795,Trinidad and Tobago,Panama,1,2010
11194,Trinidad and Tobago,Panama,1,2010
8310,Trinidad and Tobago,Peru,-1,2010
10926,Trinidad and Tobago,Saint Kitts and Nevis,1,2010
8422,Trinidad and Tobago,Sweden,-1,2010
10897,Trinidad and Tobago,United States,1,2010
11704,Trinidad and Tobago,United States,-1,2010
10013,Tunisia,Angola,-1,2010
10633,Tunisia,Angola,-1,2010
8371,Tunisia,Belarus,1,2010
10304,Tunisia,Burkina Faso,-1,2010
10481,Tunisia,Burundi,1,2010
10025,Tunisia,Cameroon,-1,2010
8122,Tunisia,Ghana,1,2010
8160,Tunisia,Guinea,-1,2010
9555,Tunisia,Guinea,-1,2010
11597,Tunisia,Ivory Coast,-1,2010
11766,Tunisia,Kenya,1,2010
8118,Tunisia,Libya,1,2010
8859,Tunisia,Libya,1,2010
8561,Tunisia,Mali,-1,2010
9342,Tunisia,Mauritius,1,2010
11385,Tunisia,Mozambique,1,2010
9843,Tunisia,Namibia,1,2010
11175,Tunisia,Netherlands,-1,2010
11450,Tunisia,Nigeria,-1,2010
8434,Tunisia,Saudi Arabia,-1,2010
11803,Tunisia,Saudi Arabia,-1,2010
9979,Tunisia,Senegal,-1,2010
8253,Tunisia,Serbia,-1,2010
9259,Tunisia,Seychelles,1,2010
10841,Tunisia,Seychelles,1,2010
8147,Tunisia,South Africa,1,2010
9995,Tunisia,South Africa,1,2010
8743,Tunisia,Sudan,1,2010
11329,Tunisia,Sudan,1,2010
8394,Tunisia,Uruguay,-1,2010
8134,Tunisia,Zambia,1,2010
9945,Tunisia,Zambia,-1,2010
9946,Tunisia,Zambia,1,2010
11804,Turkey,Armenia,1,2010
11346,Turkey,Azerbaijan,1,2010
10762,Turkey,Belgium,-1,2010
9896,Turkey,Bosnia and Herzegovina,1,2010
10842,Turkey,Bosnia and Herzegovina,1,2010
9281,Turkey,Brazil,-1,2010
10634,Turkey,Chile,1,2010
8254,Turkey,Czech Republic,-1,2010
10449,Turkey,Czech Republic,1,2010
8358,Turkey,Estonia,-1,2010
11659,Turkey,Estonia,1,2010
8342,Turkey,Ghana,-1,2010
9773,Turkey,Greece,-1,2010
9676,Turkey,Hungary,1,2010
11176,Turkey,Ivory Coast,-1,2010
8667,Turkey,Malta,1,2010
8796,Turkey,Moldova,1,2010
8412,Turkey,North Macedonia,-1,2010
9173,Turkey,Norway,-1,2010
10206,Turkey,Slovakia,1,2010
11292,Turkey,Spain,-1,2010
10063,Turkey,Sweden,-1,2010
10233,Turkey,Uruguay,-1,2010
9795,Turkmenistan,Cambodia,1,2010
9854,Turkmenistan,Hong Kong,1,2010
10162,Turkmenistan,Jordan,-1,2010
10313,Turkmenistan,North Korea,-1,2010
11311,Turkmenistan,Philippines,1,2010
10427,Turkmenistan,South Korea,-1,2010
10555,Turkmenistan,Tajikistan,-1,2010
8668,Turks and Caicos Islands,Bahamas,-1,2010
10064,Turks and Caicos Islands,Saint Lucia,1,2010
9572,Tuvalu,New Caledonia,-1,2010
9577,Tuvalu,Tahiti,-1,2010
10428,Uganda,Angola,1,2010
10851,Uganda,Benin,1,2010
8508,Uganda,Botswana,-1,2010
8575,Uganda,Burkina Faso,-1,2010
11075,Uganda,Burundi,1,2010
9911,Uganda,Djibouti,1,2010
9929,Uganda,Kenya,-1,2010
11078,Uganda,Kenya,1,2010
8611,Uganda,Lesotho,1,2010
10163,Uganda,Libya,-1,2010
8925,Uganda,Malawi,-1,2010
11197,Uganda,Malawi,1,2010
9626,Uganda,Niger,1,2010
10284,Uganda,Niger,1,2010
9260,Uganda,Nigeria,1,2010
9932,Uganda,Rwanda,-1,2010
11044,Uganda,Rwanda,1,2010
11953,Uganda,Rwanda,1,2010
8921,Uganda,Somalia,1,2010
11063,Uganda,Somalia,1,2010
8928,Uganda,Sudan,-1,2010
9207,Uganda,Tanzania,-1,2010
11069,Uganda,Tanzania,1,2010
11924,Uganda,Tanzania,1,2010
11049,Uganda,Zanzibar,-1,2010
11940,Uganda,Zanzibar,-1,2010
11660,Ukraine,Andorra,1,2010
8522,Ukraine,Azerbaijan,1,2010
10707,Ukraine,Belarus,1,2010
8359,Ukraine,Costa Rica,1,2010
10843,Ukraine,Croatia,-1,2010
11755,Ukraine,England,1,2010
9774,Ukraine,Faroe Islands,1,2010
9897,Ukraine,France,-1,2010
8669,Ukraine,Georgia,1,2010
11915,Ukraine,Greece,-1,2010
9677,Ukraine,Italy,-1,2010
11424,Ukraine,Kazakhstan,1,2010
8413,Ukraine,Libya,1,2010
9174,Ukraine,Lithuania,1,2010
10988,Ukraine,Norway,1,2010
10635,Ukraine,Poland,1,2010
8797,Ukraine,Scotland,1,2010
10164,Ukraine,Serbia,1,2010
8465,Ukraine,Tunisia,1,2010
11598,Ukraine,Turkey,-1,2010
9556,Ukraine,Uzbekistan,1,2010
9391,United Arab Emirates,Bahrain,-1,2010
10648,United Arab Emirates,Bahrain,-1,2010
9950,United Arab Emirates,China PR,-1,2010
11887,United Arab Emirates,Czech Republic,-1,2010
11347,United Arab Emirates,Germany,-1,2010
10359,United Arab Emirates,Iran,-1,2010
10989,United Arab Emirates,Iran,-1,2010
10014,United Arab Emirates,Iraq,-1,2010
11036,United Arab Emirates,Iraq,-1,2010
11916,United Arab Emirates,Iraq,-1,2010
9459,United Arab Emirates,Japan,-1,2010
8670,United Arab Emirates,Jordan,-1,2010
11805,United Arab Emirates,Jordan,1,2010
9004,United Arab Emirates,Kuwait,1,2010
10065,United Arab Emirates,Kuwait,1,2010
11041,United Arab Emirates,Kuwait,-1,2010
9680,United Arab Emirates,Lebanon,-1,2010
9408,United Arab Emirates,North Korea,1,2010
10708,United Arab Emirates,North Korea,-1,2010
8203,United Arab Emirates,Oman,1,2010
8986,United Arab Emirates,Oman,-1,2010
9013,United Arab Emirates,Oman,1,2010
8860,United Arab Emirates,Pakistan,1,2010
11756,United Arab Emirates,Palestine,-1,2010
8926,United Arab Emirates,Poland,-1,2010
9011,United Arab Emirates,Saudi Arabia,1,2010
9382,United Arab Emirates,Saudi Arabia,-1,2010
10763,United Arab Emirates,Saudi Arabia,-1,2010
11076,United Arab Emirates,Saudi Arabia,-1,2010
8932,United Arab Emirates,Slovakia,-1,2010
8126,United Arab Emirates,South Korea,1,2010
11386,United Arab Emirates,South Korea,-1,2010
8306,United Arab Emirates,Syria,1,2010
10509,United Arab Emirates,Syria,-1,2010
9898,United Arab Emirates,Togo,-1,2010
9775,United Arab Emirates,Tunisia,-1,2010
11118,United Arab Emirates,Uzbekistan,-1,2010
9796,United Arab Emirates,Vietnam,1,2010
8996,United Arab Emirates,Yemen,1,2010
11057,United Arab Emirates,Yemen,1,2010
10379,United States,Argentina,-1,2010
10450,United States,Barbados,1,2010
9640,United States,Brazil,-1,2010
11441,United States,Brazil,-1,2010
11479,United States,Brazil,-1,2010
8135,United States,Canada,-1,2010
9374,United States,Canada,1,2010
9261,United States,China PR,1,2010
11807,United States,Costa Rica,-1,2010
10844,United States,Cuba,1,2010
8428,United States,Czech Republic,-1,2010
9144,United States,Ecuador,1,2010
9328,United States,El Salvador,1,2010
11661,United States,El Salvador,1,2010
11518,United States,Grenada,1,2010
8193,United States,Guatemala,1,2010
9175,United States,Guatemala,-1,2010
9306,United States,Guatemala,1,2010
10990,United States,Guatemala,1,2010
11534,United States,Haiti,-1,2010
11388,United States,Honduras,1,2010
11527,United States,Honduras,1,2010
11546,United States,Honduras,1,2010
11433,United States,Italy,-1,2010
8290,United States,Jamaica,-1,2010
8177,United States,Japan,1,2010
8360,United States,Latvia,1,2010
9055,United States,Mexico,1,2010
9383,United States,Mexico,1,2010
10067,United States,Mexico,-1,2010
11177,United States,Mexico,1,2010
11548,United States,Mexico,-1,2010
8330,United States,Morocco,-1,2010
8158,United States,Norway,1,2010
9343,United States,Panama,1,2010
11542,United States,Panama,1,2010
9417,United States,Paraguay,-1,2010
9967,United States,Sweden,1,2010
11105,United States,Sweden,1,2010
9316,United States,Trinidad and Tobago,1,2010
10765,United States,Trinidad and Tobago,1,2010
11293,United States,Trinidad and Tobago,1,2010
8343,United States,Venezuela,1,2010
8694,United States Virgin Islands,Bermuda,-1,2010
8701,United States Virgin Islands,Dominican Republic,-1,2010
11806,Uruguay,Argentina,-1,2010
9725,Uruguay,Bolivia,1,2010
9451,Uruguay,Brazil,-1,2010
11387,Uruguay,Brazil,-1,2010
9855,Uruguay,Chile,-1,2010
10066,Uruguay,Colombia,-1,2010
11706,Uruguay,Colombia,1,2010
11917,Uruguay,Costa Rica,-1,2010
10764,Uruguay,Ecuador,-1,2010
11246,Uruguay,Paraguay,1,2010
9386,Uruguay,Peru,-1,2010
10457,Uruguay,Peru,1,2010
8800,Uruguay,Venezuela,1,2010
10429,Uruguay,Venezuela,-1,2010
10766,Uzbekistan,Australia,-1,2010
9056,Uzbekistan,Azerbaijan,-1,2010
11178,Uzbekistan,Bahrain,-1,2010
8204,Uzbekistan,Bangladesh,1,2010
11344,Uzbekistan,Bosnia and Herzegovina,-1,2010
9474,Uzbekistan,China PR,1,2010
9899,Uzbekistan,Estonia,-1,2010
8562,Uzbekistan,Hong Kong,-1,2010
11662,Uzbekistan,Iran,-1,2010
11389,Uzbekistan,Japan,-1,2010
10102,Uzbekistan,Jordan,1,2010
10430,Uzbekistan,Lebanon,1,2010
11882,Uzbekistan,Malaysia,1,2010
10649,Uzbekistan,North Korea,-1,2010
8861,Uzbekistan,Qatar,1,2010
11247,Uzbekistan,Qatar,1,2010
10165,Uzbekistan,Saudi Arabia,1,2010
10360,Uzbekistan,Singapore,1,2010
9726,Uzbekistan,Taiwan,1,2010
10767,Vanuatu,Fiji,1,2010
10431,Vanuatu,New Caledonia,-1,2010
9844,Vanuatu,New Zealand,-1,2010
9582,Vanuatu,Solomon Islands,-1,2010
10991,Venezuela,Angola,-1,2010
9736,Venezuela,Argentina,-1,2010
9368,Venezuela,Basque Country,-1,2010
9387,Venezuela,Bolivia,-1,2010
9861,Venezuela,Bolivia,1,2010
10166,Venezuela,Bolivia,-1,2010
10852,Venezuela,Brazil,-1,2010
9223,Venezuela,Canada,-1,2010
9057,Venezuela,Chile,-1,2010
10465,Venezuela,Chile,-1,2010
8255,Venezuela,Colombia,-1,2010
11259,Venezuela,Colombia,1,2010
11322,Venezuela,Costa Rica,-1,2010
9126,Venezuela,Cuba,1,2010
10898,Venezuela,Ecuador,1,2010
10103,Venezuela,El Salvador,1,2010
8862,Venezuela,Guatemala,1,2010
11179,Venezuela,Guatemala,1,2010
10021,Venezuela,Haiti,1,2010
10068,Venezuela,Haiti,-1,2010
8563,Venezuela,Honduras,-1,2010
9200,Venezuela,Honduras,1,2010
10266,Venezuela,Honduras,-1,2010
9176,Venezuela,New Zealand,1,2010
9678,Venezuela,Panama,-1,2010
9627,Venezuela,Paraguay,1,2010
11757,Venezuela,Paraguay,-1,2010
9400,Venezuela,Peru,1,2010
11709,Venezuela,Peru,1,2010
8974,Venezuela,Sweden,1,2010
10636,Venezuela,Syria,1,2010
8693,Venezuela,Uruguay,1,2010
9423,Venezuela,Uruguay,-1,2010
9443,Venezuela,Uruguay,-1,2010
11425,Venezuela,Uruguay,-1,2010
9401,Vietnam,Bahrain,1,2010
8978,Vietnam,Indonesia,-1,2010
9384,Vietnam,Jamaica,1,2010
9469,Vietnam,Japan,-1,2010
8945,Vietnam,Kazakhstan,1,2010
8987,Vietnam,Laos,1,2010
11018,Vietnam,Laos,1,2010
11085,Vietnam,Lebanon,1,2010
10784,Vietnam,Myanmar,-1,2010
10922,Vietnam,North Korea,-1,2010
9456,Vietnam,Qatar,-1,2010
10857,Vietnam,Singapore,-1,2010
11027,Vietnam,Singapore,-1,2010
11819,Vietnam,Singapore,-1,2010
11883,Vietnam,Syria,-1,2010
9007,Vietnam,Thailand,-1,2010
10941,Vietnam,Thailand,-1,2010
11038,Vietnam,Thailand,-1,2010
11814,Vietnam,Turkmenistan,1,2010
9447,Vietnam,United Arab Emirates,1,2010
9692,Vietnam,United Arab Emirates,-1,2010
10709,Wales,Azerbaijan,1,2010
8630,Wales,Brazil,-1,2010
8523,Wales,Bulgaria,-1,2010
8798,Wales,Cyprus,1,2010
9262,Wales,Czech Republic,-1,2010
11333,Wales,Estonia,1,2010
11248,Wales,Finland,-1,2010
10637,Wales,Georgia,-1,2010
9628,Wales,Germany,-1,2010
11294,Wales,Germany,-1,2010
8822,Wales,Liechtenstein,1,2010
10845,Wales,Liechtenstein,1,2010
9208,Wales,New Zealand,-1,2010
10069,Wales,Norway,1,2010
8256,Wales,Paraguay,-1,2010
11180,Wales,Poland,-1,2010
9845,Wales,Republic of Ireland,-1,2010
11705,Wales,Russia,-1,2010
9177,Wales,San Marino,1,2010
11884,Wales,Scotland,1,2010
8744,Wales,Slovakia,-1,2010
8354,Wales,Trinidad and Tobago,1,2010
11503,Western Isles,Falkland Islands,1,2010
9412,Western Isles,Gotland,1,2010
11486,Western Isles,Gotland,1,2010
8934,Yemen,Comoros,1,2010
8937,Yemen,Djibouti,1,2010
8958,Yemen,Eritrea,1,2010
11119,Yemen,Hong Kong,1,2010
8863,Yemen,India,1,2010
8671,Yemen,Japan,-1,2010
8570,Yemen,Libya,-1,2010
8576,Yemen,Libya,-1,2010
9693,Yemen,Maldives,1,2010
8205,Yemen,Saudi Arabia,-1,2010
10212,Yemen,Sudan,-1,2010
11967,Yemen,Tajikistan,1,2010
10173,Yemen,Tanzania,1,2010
11841,Yemen,Tanzania,-1,2010
11843,Yemen,Tanzania,1,2010
9804,Yemen,Thailand,-1,2010
11483,Ynys Môn,Frøya,1,2010
11490,Ynys Môn,Guernsey,-1,2010
9419,Ynys Môn,Åland Islands,-1,2010
11451,Zambia,Algeria,-1,2010
8802,Zambia,Angola,1,2010
8565,Zambia,Botswana,1,2010
11053,Zambia,Burundi,-1,2010
9344,Zambia,Chad,-1,2010
9263,Zambia,Congo,1,2010
11043,Zambia,Djibouti,1,2010
11758,Zambia,Egypt,-1,2010
10482,Zambia,Eswatini,1,2010
8148,Zambia,Guinea,-1,2010
11918,Zambia,North Korea,1,2010
11390,Zambia,Rwanda,1,2010
8161,Zambia,South Africa,1,2010
8758,Zambia,South Africa,-1,2010
8933,Zambia,Sudan,-1,2010
10768,Zambia,Togo,1,2010
8919,Zambia,Zanzibar,1,2010
11945,Zambia,Zanzibar,-1,2010
8494,Zambia,Zimbabwe,-1,2010
10549,Zambia,Zimbabwe,-1,2010
8914,Zanzibar,Burundi,-1,2010
9919,Zanzibar,Ethiopia,1,2010
8372,Zanzibar,Northern Cyprus,-1,2010
9008,Zanzibar,Northern Cyprus,1,2010
9930,Zanzibar,Rwanda,-1,2010
11070,Zanzibar,Rwanda,-1,2010
11045,Zanzibar,Somalia,1,2010
11926,Zanzibar,Tanzania,-1,2010
11954,Zanzibar,Tanzania,1,2010
11950,Zanzibar,Uganda,-1,2010
8679,Zimbabwe,Angola,-1,2010
9560,Zimbabwe,Bangladesh,1,2010
10638,Zimbabwe,Botswana,1,2010
11823,Zimbabwe,Botswana,1,2010
9216,Zimbabwe,Burkina Faso,-1,2010
10722,Zimbabwe,Guinea,-1,2010
10510,Zimbabwe,Kenya,-1,2010
9201,Zimbabwe,Lesotho,-1,2010
11599,Zimbabwe,Lesotho,-1,2010
11811,Zimbabwe,Lesotho,-1,2010
9641,Zimbabwe,Malawi,1,2010
11808,Zimbabwe,Mauritius,1,2010
9145,Zimbabwe,Morocco,-1,2010
9568,Zimbabwe,Myanmar,-1,2010
8864,Zimbabwe,Namibia,1,2010
10380,Zimbabwe,Namibia,1,2010
8138,Zimbabwe,Senegal,-1,2010
11826,Zimbabwe,South Africa,-1,2010
11833,Zimbabwe,Zambia,1,2010
9410,Åland Islands,Bermuda,-1,2010
9436,Åland Islands,Frøya,1,2010
11480,Åland Islands,Greenland,1,2010
11508,Åland Islands,Isle of Man,1,2010
11516,Åland Islands,Jersey,-1,2010
11498,Åland Islands,Menorca,-1,2010
11489,Åland Islands,Shetland,1,2010
14629,Abkhazia,Artsakh,-1,2014
12974,Afghanistan,Bhutan,1,2014
15552,Afghanistan,Bhutan,1,2014
15565,Afghanistan,Maldives,-1,2014
13930,Afghanistan,Nepal,1,2014
15546,Afghanistan,Pakistan,1,2014
13250,Afghanistan,Palestine,-1,2014
15109,Afghanistan,Sri Lanka,1,2014
12208,Albania,Andorra,1,2014
15497,Albania,Armenia,1,2014
13754,Albania,Azerbaijan,-1,2014
12993,Albania,Belarus,1,2014
12535,Albania,Bosnia and Herzegovina,-1,2014
14790,Albania,Cameroon,-1,2014
14495,Albania,Cyprus,1,2014
13464,Albania,France,-1,2014
15051,Albania,Georgia,-1,2014
14655,Albania,Iceland,-1,2014
14172,Albania,Iran,1,2014
15212,Albania,Lithuania,1,2014
12443,Albania,Luxembourg,1,2014
14425,Albania,Moldova,-1,2014
13376,Albania,Montenegro,1,2014
12692,Albania,North Macedonia,-1,2014
12065,Albania,Northern Ireland,1,2014
15311,Albania,Norway,-1,2014
14136,Albania,Qatar,1,2014
13692,Albania,Romania,-1,2014
12906,Albania,Slovenia,-1,2014
14720,Albania,Slovenia,1,2014
15685,Albania,Switzerland,-1,2014
12325,Albania,Uzbekistan,1,2014
13259,Alderney,Falkland Islands,-1,2014
13230,Alderney,Gibraltar,-1,2014
12960,Alderney,Guernsey,-1,2014
14112,Alderney,Guernsey,-1,2014
12115,Alderney,Jersey,-1,2014
15129,Alderney,Jersey,-1,2014
14476,Alderney,Sealand,-1,2014
13245,Alderney,Ynys Môn,-1,2014
15213,Algeria,Benin,1,2014
14791,Algeria,Bosnia and Herzegovina,-1,2014
15283,Algeria,Burkina Faso,1,2014
15832,Algeria,Burkina Faso,1,2014
13687,Algeria,Central African Republic,1,2014
12031,Algeria,Egypt,-1,2014
12326,Algeria,Gabon,-1,2014
14362,Algeria,Gambia,1,2014
15498,Algeria,Guinea,-1,2014
15040,Algeria,Ivory Coast,-1,2014
14716,Algeria,Libya,1,2014
15634,Algeria,Mali,1,2014
15263,Algeria,Mauritania,1,2014
13024,Algeria,Morocco,1,2014
14152,Algeria,Niger,1,2014
14211,Algeria,Rwanda,1,2014
12066,Algeria,Serbia,-1,2014
12249,Algeria,Slovenia,-1,2014
12384,Algeria,Tanzania,-1,2014
15027,Algeria,Togo,-1,2014
13809,Algeria,Tunisia,1,2014
12229,Algeria,United Arab Emirates,1,2014
13882,American Samoa,Cook Islands,-1,2014
13459,American Samoa,Guam,-1,2014
13454,American Samoa,Solomon Islands,-1,2014
13879,American Samoa,Tonga,1,2014
13546,American Samoa,Vanuatu,-1,2014
13465,Andorra,Armenia,-1,2014
14721,Andorra,Estonia,-1,2014
14496,Andorra,Hungary,-1,2014
14792,Andorra,Iceland,-1,2014
12907,Andorra,Moldova,-1,2014
15635,Andorra,Netherlands,-1,2014
12536,Andorra,North Macedonia,-1,2014
13626,Andorra,Republic of Ireland,-1,2014
15686,Andorra,Romania,-1,2014
12385,Andorra,Russia,-1,2014
12994,Andorra,Slovakia,-1,2014
15146,Andorra,Turkey,-1,2014
12009,Angola,Algeria,-1,2014
14987,Angola,Botswana,1,2014
13936,Angola,Cameroon,-1,2014
14793,Angola,Congo,-1,2014
13445,Angola,DR Congo,-1,2014
11973,Angola,Gambia,-1,2014
14936,Angola,Gambia,-1,2014
12025,Angola,Ghana,-1,2014
12568,Angola,Guinea-Bissau,1,2014
13153,Angola,Kenya,1,2014
12067,Angola,Latvia,-1,2014
15463,Angola,Lesotho,-1,2014
15608,Angola,Liberia,1,2014
11999,Angola,Malawi,1,2014
11992,Angola,Mali,-1,2014
15001,Angola,Morocco,-1,2014
14426,Angola,Mozambique,1,2014
15480,Angola,Mozambique,-1,2014
13939,Angola,Namibia,-1,2014
14182,Angola,North Macedonia,-1,2014
14948,Angola,Rwanda,1,2014
15340,Angola,Senegal,-1,2014
13951,Angola,Sierra Leone,1,2014
13535,Angola,Uganda,1,2014
14235,Angola,Uganda,-1,2014
12327,Angola,Uruguay,-1,2014
13937,Angola,Zambia,1,2014
14131,Angola,Zambia,-1,2014
14712,Angola,Zimbabwe,1,2014
12489,Anguilla,British Virgin Islands,-1,2014
12321,Anguilla,Saint Martin,-1,2014
12531,Anguilla,Saint Martin,1,2014
13217,Anguilla,United States Virgin Islands,-1,2014
12684,Antigua and Barbuda,Cuba,-1,2014
13466,Antigua and Barbuda,Curaçao,1,2014
12682,Antigua and Barbuda,Dominica,-1,2014
14899,Antigua and Barbuda,Dominican Republic,-1,2014
13750,Antigua and Barbuda,Guadeloupe,-1,2014
14562,Antigua and Barbuda,Guatemala,-1,2014
12763,Antigua and Barbuda,Guyana,1,2014
13755,Antigua and Barbuda,Haiti,1,2014
14920,Antigua and Barbuda,Haiti,-1,2014
14340,Antigua and Barbuda,Jamaica,-1,2014
13616,Antigua and Barbuda,Martinique,1,2014
13619,Antigua and Barbuda,Martinique,-1,2014
12498,Antigua and Barbuda,Saint Lucia,1,2014
13453,Antigua and Barbuda,Saint Vincent and the Grenadines,-1,2014
12677,Antigua and Barbuda,Suriname,1,2014
12491,Antigua and Barbuda,Trinidad and Tobago,-1,2014
14023,Antigua and Barbuda,Trinidad and Tobago,-1,2014
14910,Antigua and Barbuda,Trinidad and Tobago,1,2014
14656,Antigua and Barbuda,United States,-1,2014
13693,Antigua and Barbuda,United States Virgin Islands,1,2014
13220,Argentina,Albania,1,2014
13266,Argentina,Bolivia,-1,2014
13756,Argentina,Bolivia,-1,2014
15829,Argentina,Bosnia and Herzegovina,1,2014
12693,Argentina,Brazil,1,2014
13611,Argentina,Brazil,-1,2014
14856,Argentina,Brazil,1,2014
12152,Argentina,Canada,1,2014
13627,Argentina,Chile,1,2014
13286,Argentina,Colombia,-1,2014
15312,Argentina,Colombia,-1,2014
12029,Argentina,Costa Rica,1,2014
13305,Argentina,Costa Rica,1,2014
13082,Argentina,Ecuador,-1,2014
14212,Argentina,Ecuador,1,2014
15788,Argentina,Ecuador,-1,2014
12311,Argentina,Germany,-1,2014
12128,Argentina,Haiti,1,2014
12039,Argentina,Jamaica,1,2014
12301,Argentina,Mexico,1,2014
12246,Argentina,Nigeria,1,2014
13553,Argentina,Nigeria,1,2014
13092,Argentina,Paraguay,1,2014
14497,Argentina,Paraguay,1,2014
15687,Argentina,Peru,1,2014
12908,Argentina,Portugal,1,2014
12261,Argentina,South Korea,1,2014
12444,Argentina,Spain,1,2014
13317,Argentina,Uruguay,-1,2014
14657,Argentina,Uruguay,1,2014
12956,Argentina,Venezuela,1,2014
13467,Argentina,Venezuela,1,2014
15147,Argentina,Venezuela,1,2014
12600,Armenia,Andorra,1,2014
12068,Armenia,Belarus,-1,2014
14427,Armenia,Belarus,-1,2014
15688,Armenia,Bulgaria,1,2014
14024,Armenia,Canada,1,2014
15214,Armenia,Czech Republic,-1,2014
15636,Armenia,Denmark,-1,2014
12909,Armenia,Georgia,-1,2014
14192,Armenia,Greece,-1,2014
12328,Armenia,Iran,-1,2014
14658,Armenia,Italy,-1,2014
14261,Armenia,Kazakhstan,1,2014
14794,Armenia,Lithuania,1,2014
15050,Armenia,Luxembourg,-1,2014
15313,Armenia,Malta,-1,2014
13628,Armenia,North Macedonia,1,2014
12386,Armenia,Republic of Ireland,-1,2014
12995,Armenia,Russia,-1,2014
14021,Armenia,Serbia,-1,2014
12537,Armenia,Slovakia,1,2014
12158,Armenia,Uzbekistan,1,2014
14772,Artsakh,Abkhazia,1,2014
12668,Aruba,Bonaire,-1,2014
15818,Aruba,Bonaire,-1,2014
14409,Aruba,Curaçao,1,2014
14620,Aruba,Dominican Republic,-1,2014
13291,Aruba,Saint Lucia,1,2014
14411,Aruba,Suriname,1,2014
12145,Aruba,Venezuela,-1,2014
12876,Australia,Bahrain,1,2014
15726,Australia,Canada,1,2014
15493,Australia,China PR,-1,2014
15833,Australia,Costa Rica,1,2014
12202,Australia,Denmark,1,2014
12069,Australia,Indonesia,1,2014
12889,Australia,Iraq,1,2014
15410,Australia,Iraq,1,2014
12898,Australia,Japan,-1,2014
14341,Australia,Japan,-1,2014
15360,Australia,Jordan,1,2014
13629,Australia,Malaysia,1,2014
12153,Australia,New Zealand,1,2014
13154,Australia,New Zealand,1,2014
13694,Australia,Oman,1,2014
15215,Australia,Oman,-1,2014
12569,Australia,Paraguay,1,2014
14025,Australia,Saudi Arabia,1,2014
12286,Australia,Serbia,1,2014
13174,Australia,Serbia,-1,2014
12857,Australia,South Korea,-1,2014
14911,Australia,Taiwan,1,2014
13468,Australia,Thailand,1,2014
12230,Australia,United States,-1,2014
12538,Austria,Azerbaijan,1,2014
12975,Austria,Belgium,-1,2014
12141,Austria,Croatia,-1,2014
12070,Austria,Denmark,1,2014
15148,Austria,Faroe Islands,1,2014
14026,Austria,Finland,1,2014
13118,Austria,Germany,-1,2014
14563,Austria,Germany,-1,2014
12694,Austria,Greece,-1,2014
15499,Austria,Greece,-1,2014
14795,Austria,Ivory Coast,-1,2014
12445,Austria,Kazakhstan,1,2014
14722,Austria,Kazakhstan,1,2014
13175,Austria,Latvia,1,2014
15637,Austria,Republic of Ireland,1,2014
14262,Austria,Romania,-1,2014
13377,Austria,Slovakia,-1,2014
15314,Austria,Sweden,1,2014
12329,Austria,Switzerland,-1,2014
13554,Austria,Turkey,-1,2014
14428,Austria,Turkey,1,2014
14196,Austria,Ukraine,1,2014
15834,Austria,United States,1,2014
14185,Azerbaijan,Andorra,-1,2014
13630,Azerbaijan,Austria,-1,2014
14429,Azerbaijan,Bahrain,1,2014
13469,Azerbaijan,Belgium,-1,2014
13176,Azerbaijan,Germany,-1,2014
12209,Azerbaijan,Honduras,-1,2014
12910,Azerbaijan,Hungary,-1,2014
14498,Azerbaijan,Israel,-1,2014
13555,Azerbaijan,Kazakhstan,1,2014
12330,Azerbaijan,Kuwait,-1,2014
15052,Azerbaijan,Liechtenstein,1,2014
15315,Azerbaijan,Luxembourg,-1,2014
15500,Azerbaijan,Malta,1,2014
12166,Azerbaijan,Moldova,-1,2014
12177,Azerbaijan,North Macedonia,-1,2014
13378,Azerbaijan,North Macedonia,-1,2014
15689,Azerbaijan,Northern Ireland,1,2014
15216,Azerbaijan,Portugal,-1,2014
15727,Azerbaijan,Russia,-1,2014
12601,Azerbaijan,Turkey,1,2014
13296,Bahamas,Turks and Caicos Islands,1,2014
14953,Bahrain,Burkina Faso,-1,2014
14955,Bahrain,Guinea,1,2014
11977,Bahrain,Hong Kong,1,2014
12858,Bahrain,India,1,2014
14027,Bahrain,Indonesia,1,2014
13757,Bahrain,Iran,-1,2014
12749,Bahrain,Iraq,-1,2014
14992,Bahrain,Iraq,-1,2014
15907,Bahrain,Iraq,-1,2014
12821,Bahrain,Jordan,1,2014
14787,Bahrain,Jordan,1,2014
12951,Bahrain,Kuwait,-1,2014
14280,Bahrain,Kuwait,-1,2014
14342,Bahrain,Kuwait,-1,2014
14996,Bahrain,Kuwait,-1,2014
15130,Bahrain,Lebanon,-1,2014
15780,Bahrain,Lebanon,1,2014
15789,Bahrain,Malaysia,1,2014
12833,Bahrain,North Korea,-1,2014
12507,Bahrain,Oman,1,2014
14962,Bahrain,Oman,-1,2014
13921,Bahrain,Palestine,-1,2014
14659,Bahrain,Philippines,-1,2014
13470,Bahrain,Qatar,-1,2014
14979,Bahrain,Qatar,1,2014
15149,Bahrain,Qatar,1,2014
14937,Bahrain,Saudi Arabia,1,2014
13444,Bahrain,Sudan,1,2014
13959,Bahrain,Sweden,-1,2014
12685,Bahrain,Syria,-1,2014
14942,Bahrain,Syria,-1,2014
12446,Bahrain,Togo,1,2014
12678,Bahrain,Uganda,-1,2014
14969,Bahrain,United Arab Emirates,-1,2014
12602,Bahrain,Uzbekistan,-1,2014
12818,Bahrain,Uzbekistan,-1,2014
14394,Bahrain,Yemen,-1,2014
14912,Bahrain,Yemen,1,2014
15835,Bahrain,Yemen,1,2014
15554,Bangladesh,India,-1,2014
13349,Bangladesh,Lebanon,1,2014
12047,Bangladesh,Myanmar,-1,2014
13912,Bangladesh,Nepal,-1,2014
15121,Bangladesh,Northern Mariana Islands,1,2014
13251,Bangladesh,Pakistan,1,2014
13902,Bangladesh,Pakistan,-1,2014
15560,Bangladesh,Pakistan,-1,2014
12976,Bangladesh,Philippines,-1,2014
14634,Barbados,Aruba,1,2014
12508,Barbados,Dominica,-1,2014
14621,Barbados,Dominica,1,2014
14626,Barbados,Dominican Republic,-1,2014
13102,Barbados,Guyana,-1,2014
13631,Barbados,Guyana,-1,2014
12532,Barbados,Saint Kitts and Nevis,-1,2014
13434,Barbados,Saint Lucia,1,2014
13556,Barbados,Trinidad and Tobago,-1,2014
14958,Basque Country,Bolivia,1,2014
15909,Basque Country,Peru,1,2014
13941,Basque Country,Tunisia,-1,2014
12825,Basque Country,Venezuela,1,2014
12603,Belarus,Albania,1,2014
15790,Belarus,Albania,-1,2014
13471,Belarus,Bosnia and Herzegovina,-1,2014
13379,Belarus,Bulgaria,1,2014
13038,Belarus,Canada,-1,2014
15361,Belarus,Finland,-1,2014
13119,Belarus,France,-1,2014
15638,Belarus,France,-1,2014
14723,Belarus,Georgia,1,2014
12173,Belarus,Honduras,-1,2014
15728,Belarus,Japan,1,2014
12911,Belarus,Kazakhstan,-1,2014
15566,Belarus,Kyrgyzstan,1,2014
13823,Belarus,Libya,-1,2014
14277,Belarus,Lithuania,-1,2014
13177,Belarus,Luxembourg,1,2014
15501,Belarus,Montenegro,-1,2014
13695,Belarus,Poland,-1,2014
12447,Belarus,Romania,-1,2014
12190,Belarus,South Korea,1,2014
14660,Belarus,Spain,-1,2014
12210,Belarus,Sweden,-1,2014
12604,Belgium,Austria,-1,2014
13039,Belgium,Azerbaijan,1,2014
12142,Belgium,Bulgaria,1,2014
15784,Belgium,Colombia,-1,2014
12071,Belgium,Croatia,-1,2014
14564,Belgium,Croatia,-1,2014
12912,Belgium,Finland,-1,2014
15502,Belgium,France,-1,2014
12387,Belgium,Germany,-1,2014
15836,Belgium,Japan,-1,2014
13632,Belgium,Kazakhstan,1,2014
14147,Belgium,Montenegro,-1,2014
14430,Belgium,Netherlands,1,2014
15217,Belgium,North Macedonia,1,2014
13758,Belgium,Romania,1,2014
14724,Belgium,Scotland,1,2014
15316,Belgium,Serbia,1,2014
15053,Belgium,Slovakia,1,2014
13120,Belgium,Turkey,-1,2014
13557,Belgium,United States,1,2014
15729,Belgium,Wales,-1,2014
12866,Belize,El Salvador,-1,2014
13633,Belize,Grenada,-1,2014
13558,Belize,Guatemala,-1,2014
15004,Belize,Guatemala,-1,2014
13321,Belize,Montserrat,1,2014
13808,Belize,Saint Vincent and the Grenadines,-1,2014
12484,Belize,Trinidad and Tobago,-1,2014
15187,Belize,Trinidad and Tobago,-1,2014
15352,Benin,Algeria,-1,2014
12432,Benin,Burundi,-1,2014
14375,Benin,Ethiopia,-1,2014
13155,Benin,Ivory Coast,-1,2014
11978,Benin,Libya,1,2014
14236,Benin,Mali,1,2014
12331,Benin,Niger,-1,2014
13688,Benin,Rwanda,-1,2014
15621,Benin,Rwanda,1,2014
13759,Bermuda,Barbados,1,2014
13818,Bermuda,Barbados,1,2014
15468,Bermuda,Falkland Islands,1,2014
15477,Bermuda,Frøya,1,2014
15464,Bermuda,Greenland,1,2014
15479,Bermuda,Greenland,1,2014
13696,Bermuda,Guyana,-1,2014
14499,Bermuda,Puerto Rico,-1,2014
13634,Bermuda,Trinidad and Tobago,1,2014
12967,Bhutan,Afghanistan,-1,2014
13926,Bhutan,Afghanistan,-1,2014
15557,Bhutan,Maldives,-1,2014
15218,Bolivia,Argentina,-1,2014
15252,Bolivia,Brazil,-1,2014
14213,Bolivia,Chile,-1,2014
12332,Bolivia,Colombia,-1,2014
13697,Bolivia,Colombia,-1,2014
13289,Bolivia,Costa Rica,-1,2014
14796,Bolivia,Costa Rica,-1,2014
14028,Bolivia,Cuba,1,2014
15639,Bolivia,Ecuador,-1,2014
14431,Bolivia,Guyana,1,2014
13235,Bolivia,Mexico,-1,2014
13380,Bolivia,Panama,-1,2014
13133,Bolivia,Paraguay,-1,2014
14300,Bolivia,Paraguay,1,2014
13547,Bolivia,Peru,-1,2014
14661,Bolivia,Peru,-1,2014
14725,Bolivia,Uruguay,1,2014
15317,Bolivia,Venezuela,-1,2014
13913,Bonaire,Aruba,-1,2014
14412,Bonaire,Curaçao,-1,2014
15785,Bonaire,Suriname,-1,2014
13178,Bosnia and Herzegovina,Albania,1,2014
13559,Bosnia and Herzegovina,Belarus,1,2014
14022,Bosnia and Herzegovina,Brazil,-1,2014
12448,Bosnia and Herzegovina,France,-1,2014
12072,Bosnia and Herzegovina,Ghana,1,2014
13381,Bosnia and Herzegovina,Greece,-1,2014
15150,Bosnia and Herzegovina,Greece,1,2014
14565,Bosnia and Herzegovina,Latvia,1,2014
15690,Bosnia and Herzegovina,Liechtenstein,1,2014
14726,Bosnia and Herzegovina,Lithuania,1,2014
13635,Bosnia and Herzegovina,Luxembourg,1,2014
12803,Bosnia and Herzegovina,Poland,-1,2014
13760,Bosnia and Herzegovina,Portugal,-1,2014
12322,Bosnia and Herzegovina,Qatar,-1,2014
12996,Bosnia and Herzegovina,Romania,1,2014
15567,Bosnia and Herzegovina,Slovakia,-1,2014
15503,Bosnia and Herzegovina,United States,-1,2014
15676,Botswana,Burkina Faso,1,2014
15388,Botswana,Central African Republic,1,2014
12316,Botswana,Chad,1,2014
12665,Botswana,Eswatini,1,2014
15436,Botswana,Eswatini,-1,2014
15341,Botswana,Ethiopia,1,2014
13982,Botswana,Guinea,-1,2014
13382,Botswana,Kenya,1,2014
14139,Botswana,Lesotho,1,2014
14415,Botswana,Lesotho,-1,2014
13156,Botswana,Malawi,-1,2014
15135,Botswana,Malawi,1,2014
15555,Botswana,Malawi,1,2014
13991,Botswana,Mali,-1,2014
14701,Botswana,Mali,-1,2014
12957,Botswana,Namibia,-1,2014
14301,Botswana,South Africa,-1,2014
12881,Botswana,Sweden,-1,2014
14432,Botswana,Tanzania,-1,2014
12414,Botswana,Togo,1,2014
12695,Botswana,Tunisia,1,2014
14477,Botswana,Uganda,-1,2014
15548,Botswana,Uganda,-1,2014
12320,Botswana,Zimbabwe,1,2014
13945,Botswana,Zimbabwe,-1,2014
14413,Botswana,Zimbabwe,1,2014
13615,Brazil,Argentina,1,2014
14302,Brazil,Argentina,-1,2014
14614,Brazil,Argentina,1,2014
15609,Brazil,Australia,1,2014
12303,Brazil,Chile,1,2014
15256,Brazil,Chile,-1,2014
15837,Brazil,Chile,1,2014
14559,Brazil,China PR,1,2014
14797,Brazil,Colombia,-1,2014
13309,Brazil,Ecuador,1,2014
13819,Brazil,Egypt,1,2014
15284,Brazil,England,-1,2014
15353,Brazil,France,1,2014
13548,Brazil,Ghana,1,2014
14651,Brazil,Iraq,1,2014
15420,Brazil,Italy,1,2014
12274,Brazil,Ivory Coast,1,2014
15389,Brazil,Japan,1,2014
15416,Brazil,Mexico,1,2014
13134,Brazil,Netherlands,-1,2014
12255,Brazil,North Korea,1,2014
13297,Brazil,Paraguay,-1,2014
13322,Brazil,Paraguay,-1,2014
15640,Brazil,Portugal,1,2014
13179,Brazil,Romania,1,2014
13025,Brazil,Scotland,1,2014
14500,Brazil,South Africa,1,2014
15429,Brazil,Spain,1,2014
12599,Brazil,Ukraine,1,2014
15425,Brazil,Uruguay,1,2014
13273,Brazil,Venezuela,-1,2014
15730,Brazil,Zambia,1,2014
14406,British Virgin Islands,Anguilla,1,2014
12646,British Virgin Islands,Dominica,-1,2014
14550,British Virgin Islands,Montserrat,-1,2014
14501,British Virgin Islands,Suriname,-1,2014
13301,British Virgin Islands,United States Virgin Islands,-1,2014
13117,Brittany,Equatorial Guinea,-1,2014
15271,Brittany,Mali,1,2014
12148,Brittany,Togo,1,2014
14652,Brunei,Laos,-1,2014
14698,Brunei,Timor-Leste,1,2014
14566,Bulgaria,Armenia,1,2014
14433,Bulgaria,Cyprus,1,2014
15731,Bulgaria,Czech Republic,-1,2014
14662,Bulgaria,Denmark,-1,2014
13472,Bulgaria,England,-1,2014
14502,Bulgaria,Italy,-1,2014
15151,Bulgaria,Malta,1,2014
12449,Bulgaria,Montenegro,-1,2014
12605,Bulgaria,Saudi Arabia,1,2014
12696,Bulgaria,Serbia,-1,2014
12997,Bulgaria,Switzerland,-1,2014
14183,Bulgaria,Turkey,-1,2014
14798,Bulgaria,Ukraine,-1,2014
13698,Bulgaria,Wales,-1,2014
15720,Burkina Faso,Algeria,1,2014
13964,Burkina Faso,Angola,-1,2014
14153,Burkina Faso,Benin,-1,2014
14719,Burkina Faso,Central African Republic,1,2014
12333,Burkina Faso,Congo,1,2014
14214,Burkina Faso,Congo,-1,2014
13517,Burkina Faso,Equatorial Guinea,1,2014
15022,Burkina Faso,Ethiopia,1,2014
12442,Burkina Faso,Gabon,-1,2014
15610,Burkina Faso,Gabon,1,2014
12570,Burkina Faso,Gambia,1,2014
12012,Burkina Faso,Ghana,-1,2014
15054,Burkina Faso,Ghana,-1,2014
12697,Burkina Faso,Guinea,1,2014
13761,Burkina Faso,Mali,-1,2014
12998,Burkina Faso,Namibia,1,2014
15188,Burkina Faso,Niger,1,2014
14422,Burkina Faso,Togo,1,2014
15048,Burkina Faso,Togo,1,2014
15037,Burkina Faso,Zambia,-1,2014
13536,Burundi,Benin,-1,2014
12571,Burundi,Ivory Coast,-1,2014
13824,Burundi,Lesotho,-1,2014
13157,Burundi,Rwanda,1,2014
12757,Burundi,Somalia,1,2014
13885,Burundi,Somalia,1,2014
14862,Burundi,Somalia,1,2014
15875,Burundi,Somalia,1,2014
13917,Burundi,Sudan,-1,2014
13900,Burundi,Uganda,1,2014
14890,Burundi,Zanzibar,-1,2014
14079,Burundi,Zimbabwe,1,2014
14648,Cambodia,Brunei,-1,2014
15838,Cambodia,Guam,-1,2014
12978,Cambodia,Kyrgyzstan,-1,2014
13252,Cambodia,Laos,1,2014
12913,Cambodia,Macau,1,2014
14487,Cambodia,Philippines,-1,2014
12969,Cambodia,Tajikistan,-1,2014
12656,Cambodia,Timor-Leste,1,2014
14645,Cambodia,Timor-Leste,-1,2014
14713,Cameroon,Cape Verde,1,2014
12572,Cameroon,DR Congo,-1,2014
14215,Cameroon,DR Congo,1,2014
12268,Cameroon,Denmark,-1,2014
11997,Cameroon,Gabon,-1,2014
14369,Cameroon,Guinea-Bissau,1,2014
15622,Cameroon,Libya,1,2014
14482,Cameroon,Maldives,1,2014
13518,Cameroon,Mauritius,1,2014
12290,Cameroon,Netherlands,-1,2014
13135,Cameroon,Senegal,-1,2014
13762,Cameroon,Sudan,1,2014
15189,Cameroon,Togo,1,2014
12019,Cameroon,Tunisia,-1,2014
15827,Cameroon,Tunisia,1,2014
12005,Cameroon,Zambia,1,2014
15210,Canada,Belarus,-1,2014
15269,Canada,Costa Rica,-1,2014
14663,Canada,Cuba,1,2014
13111,Canada,Ecuador,-1,2014
13201,Canada,Guadeloupe,1,2014
12450,Canada,Honduras,1,2014
14343,Canada,Honduras,-1,2014
15437,Canada,Martinique,-1,2014
15623,Canada,Mauritania,-1,2014
15641,Canada,Mauritania,-1,2014
13210,Canada,Panama,-1,2014
14503,Canada,Panama,1,2014
12415,Canada,Peru,-1,2014
13699,Canada,Puerto Rico,-1,2014
13825,Canada,Saint Kitts and Nevis,1,2014
13473,Canada,Saint Lucia,1,2014
14434,Canada,Trinidad and Tobago,1,2014
14237,Canada,United States,-1,2014
15031,Cape Verde,Angola,1,2014
12914,Cape Verde,Burkina Faso,1,2014
14543,Cape Verde,Cameroon,1,2014
15342,Cape Verde,Equatorial Guinea,1,2014
14799,Cape Verde,Ghana,-1,2014
12688,Cape Verde,Guinea-Bissau,1,2014
12999,Cape Verde,Liberia,1,2014
14371,Cape Verde,Madagascar,1,2014
12416,Cape Verde,Mali,1,2014
14973,Cape Verde,Nigeria,-1,2014
15390,Cape Verde,Sierra Leone,1,2014
14303,Cape Verde,Tunisia,-1,2014
13670,Cape Verde,Zimbabwe,1,2014
15912,Catalonia,Cape Verde,1,2014
12823,Catalonia,Honduras,1,2014
14961,Catalonia,Nigeria,-1,2014
13943,Catalonia,Tunisia,-1,2014
12528,Cayman Islands,Anguilla,1,2014
13820,Cayman Islands,Dominican Republic,-1,2014
13560,Cayman Islands,El Salvador,-1,2014
13636,Cayman Islands,Suriname,-1,2014
12587,Central African Republic,Algeria,1,2014
14216,Central African Republic,Botswana,1,2014
14548,Central African Republic,Burkina Faso,1,2014
14401,Central African Republic,Egypt,-1,2014
15611,Central African Republic,Ethiopia,-1,2014
13537,Central African Republic,Morocco,-1,2014
15343,Central African Republic,South Africa,-1,2014
13136,Central African Republic,Tanzania,1,2014
13000,Chad,Botswana,-1,2014
14173,Chad,Libya,-1,2014
13671,Chad,Malawi,-1,2014
14084,Chad,Malawi,1,2014
14186,Chad,Rwanda,-1,2014
13763,Chad,Tanzania,-1,2014
12307,Chad,Togo,-1,2014
12334,Chad,Tunisia,-1,2014
13916,Chagos Islands,Raetia,1,2014
14727,Chile,Argentina,-1,2014
15362,Chile,Bolivia,1,2014
14568,Chile,Colombia,-1,2014
15732,Chile,Ecuador,1,2014
15056,Chile,Egypt,1,2014
13216,Chile,Estonia,1,2014
14029,Chile,Ghana,-1,2014
15002,Chile,Haiti,1,2014
15504,Chile,Iraq,1,2014
12192,Chile,Israel,1,2014
13283,Chile,Mexico,1,2014
12191,Chile,Northern Ireland,1,2014
12013,Chile,Panama,1,2014
13826,Chile,Paraguay,1,2014
13938,Chile,Paraguay,1,2014
13306,Chile,Peru,1,2014
13700,Chile,Peru,1,2014
14108,Chile,Peru,1,2014
12294,Chile,Spain,-1,2014
12279,Chile,Switzerland,1,2014
12129,Chile,Trinidad and Tobago,1,2014
12698,Chile,Uruguay,1,2014
15219,Chile,Uruguay,1,2014
12120,Chile,Venezuela,-1,2014
13323,Chile,Venezuela,-1,2014
15569,Chile,Venezuela,1,2014
12167,Chile,Zambia,1,2014
12335,China PR,Bahrain,-1,2014
12809,China PR,Estonia,1,2014
14435,China PR,Ghana,-1,2014
13040,China PR,Honduras,1,2014
15791,China PR,Indonesia,1,2014
12388,China PR,Iran,-1,2014
13701,China PR,Iraq,-1,2014
15152,China PR,Iraq,1,2014
13383,China PR,Jamaica,1,2014
14030,China PR,Jordan,1,2014
14004,China PR,Kuwait,1,2014
13330,China PR,Laos,1,2014
12699,China PR,Latvia,1,2014
15642,China PR,Malaysia,1,2014
15363,China PR,Netherlands,-1,2014
12979,China PR,New Zealand,-1,2014
14800,China PR,New Zealand,-1,2014
13194,China PR,North Korea,1,2014
12814,China PR,North Macedonia,1,2014
12451,China PR,Paraguay,-1,2014
15839,China PR,Saudi Arabia,-1,2014
13474,China PR,Singapore,1,2014
15570,China PR,Singapore,1,2014
12040,China PR,South Korea,1,2014
11979,China PR,Syria,-1,2014
12539,China PR,Syria,1,2014
12298,China PR,Tajikistan,1,2014
15391,China PR,Thailand,-1,2014
13624,China PR,United Arab Emirates,1,2014
12606,China PR,Uruguay,-1,2014
12867,China PR,Uzbekistan,-1,2014
13158,China PR,Uzbekistan,1,2014
15309,China PR,Uzbekistan,-1,2014
14281,China PR,Vietnam,1,2014
13827,Colombia,Argentina,-1,2014
13302,Colombia,Bolivia,1,2014
15153,Colombia,Bolivia,1,2014
14728,Colombia,Cameroon,1,2014
13041,Colombia,Chile,-1,2014
15691,Colombia,Chile,-1,2014
13269,Colombia,Costa Rica,1,2014
12540,Colombia,Ecuador,1,2014
13001,Colombia,Ecuador,1,2014
15571,Colombia,Ecuador,1,2014
14664,Colombia,Paraguay,1,2014
12700,Colombia,Peru,-1,2014
13318,Colombia,Peru,-1,2014
15364,Colombia,Peru,1,2014
13225,Colombia,Senegal,1,2014
15505,Colombia,Serbia,1,2014
14504,Colombia,Uruguay,1,2014
13764,Colombia,Venezuela,-1,2014
13159,Comoros,Libya,-1,2014
13370,Comoros,Maldives,-1,2014
12573,Comoros,Mozambique,-1,2014
13765,Comoros,Mozambique,-1,2014
13538,Comoros,Zambia,-1,2014
15392,Congo,Burkina Faso,-1,2014
12588,Congo,Eswatini,1,2014
15190,Congo,Gabon,1,2014
13026,Congo,Ghana,-1,2014
14304,Congo,Niger,1,2014
13539,Congo,Sudan,-1,2014
13828,Congo,São Tomé and Príncipe,-1,2014
14078,Congo,Uganda,1,2014
13519,Cook Islands,Fiji,-1,2014
13460,Cook Islands,Kiribati,1,2014
12144,Corsica,Brittany,1,2014
13110,Corsica,Bulgaria,1,2014
12149,Corsica,Gabon,-1,2014
13042,Costa Rica,Argentina,-1,2014
14997,Costa Rica,Belize,1,2014
15456,Costa Rica,Belize,1,2014
13638,Costa Rica,Brazil,-1,2014
13002,Costa Rica,China PR,-1,2014
13160,Costa Rica,Cuba,1,2014
15445,Costa Rica,Cuba,1,2014
13384,Costa Rica,Ecuador,-1,2014
12607,Costa Rica,El Salvador,1,2014
13196,Costa Rica,El Salvador,-1,2014
14282,Costa Rica,El Salvador,-1,2014
15023,Costa Rica,El Salvador,1,2014
14148,Costa Rica,Guatemala,1,2014
15011,Costa Rica,Guatemala,-1,2014
14729,Costa Rica,Guyana,1,2014
12860,Costa Rica,Honduras,-1,2014
13213,Costa Rica,Honduras,-1,2014
14117,Costa Rica,Honduras,-1,2014
15032,Costa Rica,Honduras,1,2014
15318,Costa Rica,Honduras,1,2014
15220,Costa Rica,Jamaica,1,2014
14505,Costa Rica,Mexico,-1,2014
15733,Costa Rica,Mexico,1,2014
15005,Costa Rica,Nicaragua,1,2014
15411,Costa Rica,Panama,1,2014
14436,Costa Rica,Peru,-1,2014
13830,Costa Rica,Spain,-1,2014
15572,Costa Rica,United States,1,2014
15692,Croatia,Belgium,-1,2014
12916,Croatia,Czech Republic,1,2014
14149,Croatia,Estonia,1,2014
13121,Croatia,Georgia,1,2014
12452,Croatia,Greece,-1,2014
15840,Croatia,Iceland,1,2014
13561,Croatia,Israel,1,2014
13702,Croatia,Latvia,1,2014
12701,Croatia,Malta,1,2014
14506,Croatia,North Macedonia,1,2014
12608,Croatia,Norway,1,2014
15359,Croatia,Portugal,-1,2014
15319,Croatia,Scotland,-1,2014
15154,Croatia,Serbia,1,2014
15057,Croatia,South Korea,1,2014
14380,Croatia,Spain,-1,2014
14031,Croatia,Sweden,-1,2014
14437,Croatia,Switzerland,-1,2014
13831,Croatia,Turkey,-1,2014
12151,Croatia,Wales,1,2014
14730,Croatia,Wales,1,2014
15470,Cuba,Belize,1,2014
14283,Cuba,Canada,-1,2014
13934,Cuba,Costa Rica,-1,2014
12679,Cuba,Dominica,1,2014
12973,Cuba,El Salvador,-1,2014
14917,Cuba,French Guiana,1,2014
12769,Cuba,Grenada,-1,2014
12784,Cuba,Guadeloupe,-1,2014
14507,Cuba,Honduras,-1,2014
13197,Cuba,Mexico,-1,2014
13096,Cuba,Nicaragua,-1,2014
13099,Cuba,Nicaragua,1,2014
13043,Cuba,Panama,-1,2014
14731,Cuba,Panama,-1,2014
14802,Cuba,Suriname,1,2014
14939,Cuba,Trinidad and Tobago,1,2014
13639,Curaçao,Antigua and Barbuda,-1,2014
12666,Curaçao,Aruba,1,2014
15786,Curaçao,Aruba,1,2014
13903,Curaçao,Bonaire,-1,2014
12647,Curaçao,Guyana,-1,2014
14773,Curaçao,Guyana,-1,2014
13562,Curaçao,Haiti,-1,2014
12669,Curaçao,Suriname,-1,2014
15819,Curaçao,Suriname,-1,2014
13832,Curaçao,United States Virgin Islands,1,2014
15734,Cyprus,Albania,-1,2014
12336,Cyprus,Andorra,1,2014
13044,Cyprus,Bulgaria,-1,2014
13640,Cyprus,Denmark,-1,2014
14803,Cyprus,Finland,-1,2014
12073,Cyprus,Iceland,-1,2014
13003,Cyprus,Iceland,-1,2014
14569,Cyprus,Iceland,1,2014
13385,Cyprus,Moldova,1,2014
12541,Cyprus,Norway,-1,2014
14732,Cyprus,Norway,-1,2014
13475,Cyprus,Portugal,-1,2014
12917,Cyprus,Romania,-1,2014
13766,Cyprus,Scotland,-1,2014
14032,Cyprus,Serbia,-1,2014
15058,Cyprus,Serbia,-1,2014
15643,Cyprus,Slovenia,-1,2014
12900,Cyprus,Sweden,-1,2014
15191,Cyprus,Switzerland,-1,2014
15573,Czech Republic,Armenia,-1,2014
14733,Czech Republic,Bulgaria,-1,2014
15792,Czech Republic,Canada,1,2014
15155,Czech Republic,Denmark,-1,2014
14570,Czech Republic,Finland,-1,2014
14197,Czech Republic,Hungary,-1,2014
14154,Czech Republic,Israel,1,2014
15320,Czech Republic,Italy,-1,2014
12337,Czech Republic,Latvia,1,2014
13045,Czech Republic,Liechtenstein,1,2014
12453,Czech Republic,Lithuania,-1,2014
14665,Czech Republic,Malta,1,2014
13767,Czech Republic,Montenegro,1,2014
14386,Czech Republic,Portugal,-1,2014
12542,Czech Republic,Scotland,1,2014
14804,Czech Republic,Slovakia,1,2014
13641,Czech Republic,Spain,-1,2014
13563,Czech Republic,Ukraine,1,2014
14801,DR Congo,Burkina Faso,-1,2014
13637,DR Congo,Cameroon,-1,2014
15397,DR Congo,Cameroon,-1,2014
14558,DR Congo,Equatorial Guinea,1,2014
13829,DR Congo,Eswatini,1,2014
12915,DR Congo,Gabon,-1,2014
12840,DR Congo,Kenya,1,2014
12872,DR Congo,Kenya,1,2014
15199,DR Congo,Libya,-1,2014
15035,DR Congo,Mali,-1,2014
13027,DR Congo,Mauritius,1,2014
12146,DR Congo,Saudi Arabia,-1,2014
12433,DR Congo,Senegal,-1,2014
14378,DR Congo,Seychelles,1,2014
12848,DR Congo,Sudan,1,2014
14320,DR Congo,Togo,1,2014
12859,DR Congo,Uganda,-1,2014
14271,Darfur,Provence,-1,2014
15365,Denmark,Armenia,-1,2014
14217,Denmark,Australia,1,2014
14155,Denmark,Brazil,-1,2014
15221,Denmark,Bulgaria,-1,2014
12609,Denmark,Cyprus,1,2014
12702,Denmark,Czech Republic,-1,2014
14537,Denmark,Czech Republic,-1,2014
12918,Denmark,England,-1,2014
13833,Denmark,Finland,1,2014
15305,Denmark,Georgia,1,2014
12338,Denmark,Germany,-1,2014
14373,Denmark,Germany,-1,2014
12454,Denmark,Iceland,1,2014
15693,Denmark,Italy,-1,2014
12291,Denmark,Japan,-1,2014
15735,Denmark,Malta,1,2014
13564,Denmark,Norway,1,2014
15793,Denmark,Norway,1,2014
13703,Denmark,Portugal,1,2014
14355,Denmark,Portugal,-1,2014
14033,Denmark,Russia,-1,2014
12174,Denmark,Senegal,1,2014
14438,Denmark,Slovakia,-1,2014
13768,Denmark,Sweden,1,2014
13769,Djibouti,Namibia,-1,2014
14627,Dominica,Aruba,1,2014
13476,Dominica,Nicaragua,-1,2014
13642,Dominica,Panama,-1,2014
15880,Dominica,Saint Lucia,-1,2014
15883,Dominica,Saint Lucia,1,2014
12686,Dominica,Suriname,-1,2014
13292,Dominican Republic,Anguilla,1,2014
13303,Dominican Republic,Anguilla,1,2014
12645,Dominican Republic,British Virgin Islands,1,2014
13770,Dominican Republic,Cayman Islands,1,2014
15506,Dominican Republic,Costa Rica,-1,2014
13432,Dominican Republic,Curaçao,1,2014
13435,Dominican Republic,Curaçao,1,2014
12649,Dominican Republic,Dominica,-1,2014
14635,Dominican Republic,Dominica,1,2014
13643,Dominican Republic,El Salvador,-1,2014
14913,Dominican Republic,Haiti,-1,2014
15200,Dominican Republic,Haiti,1,2014
14777,Dominican Republic,Martinique,-1,2014
13565,Dominican Republic,Suriname,-1,2014
15366,Ecuador,Argentina,-1,2014
14508,Ecuador,Bolivia,1,2014
14439,Ecuador,Chile,1,2014
14666,Ecuador,Chile,1,2014
14321,Ecuador,Colombia,1,2014
13566,Ecuador,Costa Rica,1,2014
15140,Ecuador,El Salvador,1,2014
15272,Ecuador,Germany,-1,2014
13180,Ecuador,Greece,-1,2014
14034,Ecuador,Honduras,1,2014
13477,Ecuador,Jamaica,1,2014
15222,Ecuador,Paraguay,1,2014
13046,Ecuador,Peru,-1,2014
13834,Ecuador,Peru,1,2014
12610,Ecuador,Poland,-1,2014
15507,Ecuador,Spain,-1,2014
15694,Ecuador,Uruguay,1,2014
12703,Ecuador,Venezuela,1,2014
13644,Ecuador,Venezuela,1,2014
12704,Egypt,Australia,1,2014
12014,Egypt,Benin,1,2014
15294,Egypt,Botswana,-1,2014
12849,Egypt,Burundi,1,2014
12027,Egypt,Cameroon,1,2014
14134,Egypt,Cameroon,1,2014
14363,Egypt,Central African Republic,-1,2014
14115,Egypt,Chad,1,2014
14667,Egypt,Congo,1,2014
12339,Egypt,DR Congo,1,2014
14089,Egypt,DR Congo,-1,2014
15156,Egypt,Eswatini,1,2014
15841,Egypt,Ghana,1,2014
15644,Egypt,Guinea,1,2014
14121,Egypt,Iraq,-1,2014
12861,Egypt,Kenya,1,2014
14019,Egypt,Kenya,1,2014
11974,Egypt,Mali,1,2014
14120,Egypt,Mauritania,1,2014
12003,Egypt,Mozambique,1,2014
14198,Egypt,Mozambique,1,2014
13672,Egypt,Niger,1,2014
14035,Egypt,Niger,1,2014
11995,Egypt,Nigeria,1,2014
14119,Egypt,Nigeria,1,2014
12434,Egypt,Sierra Leone,-1,2014
13161,Egypt,South Africa,-1,2014
12835,Egypt,Tanzania,1,2014
14137,Egypt,Togo,1,2014
14734,Egypt,Tunisia,-1,2014
12841,Egypt,Uganda,1,2014
12873,Egypt,Uganda,1,2014
14113,Egypt,Uganda,1,2014
15508,Egypt,Uganda,1,2014
15677,Egypt,Uganda,1,2014
15787,Egypt,Zambia,1,2014
15223,Egypt,Zimbabwe,1,2014
15033,El Salvador,Belize,1,2014
13704,El Salvador,Cayman Islands,1,2014
14668,El Salvador,Costa Rica,-1,2014
13205,El Salvador,Cuba,1,2014
13478,El Salvador,Dominican Republic,1,2014
14036,El Salvador,Estonia,-1,2014
12074,El Salvador,Guatemala,-1,2014
12455,El Salvador,Guatemala,-1,2014
14420,El Salvador,Guatemala,1,2014
14509,El Salvador,Guyana,-1,2014
12919,El Salvador,Haiti,1,2014
15466,El Salvador,Haiti,1,2014
12417,El Salvador,Honduras,-1,2014
13103,El Salvador,Honduras,-1,2014
14218,El Salvador,Honduras,-1,2014
13047,El Salvador,Jamaica,-1,2014
14440,El Salvador,Jamaica,-1,2014
14344,El Salvador,Mexico,-1,2014
14156,El Salvador,Moldova,1,2014
14140,El Salvador,New Zealand,-1,2014
12862,El Salvador,Nicaragua,1,2014
15006,El Salvador,Panama,-1,2014
13835,El Salvador,Suriname,1,2014
15441,El Salvador,Trinidad and Tobago,-1,2014
13372,El Salvador,Venezuela,1,2014
12264,England,Algeria,-1,2014
14219,England,Belgium,1,2014
15059,England,Brazil,1,2014
12389,England,Bulgaria,1,2014
15794,England,Chile,-1,2014
12075,England,Egypt,1,2014
12705,England,France,-1,2014
15842,England,Germany,-1,2014
13048,England,Ghana,-1,2014
12340,England,Hungary,1,2014
14391,England,Italy,-1,2014
14441,England,Italy,1,2014
12154,England,Mexico,1,2014
15574,England,Moldova,1,2014
12611,England,Montenegro,-1,2014
15695,England,Montenegro,1,2014
14037,England,Netherlands,-1,2014
15736,England,Poland,1,2014
15273,England,Republic of Ireland,-1,2014
14669,England,San Marino,1,2014
15509,England,Scotland,1,2014
13810,England,Spain,1,2014
13836,England,Sweden,1,2014
13137,England,Switzerland,-1,2014
14571,England,Ukraine,-1,2014
12247,England,United States,-1,2014
13567,England,Wales,1,2014
12612,Equatorial Guinea,Botswana,-1,2014
13705,Equatorial Guinea,Cameroon,-1,2014
15201,Equatorial Guinea,Cape Verde,-1,2014
13605,Equatorial Guinea,Central African Republic,1,2014
14717,Equatorial Guinea,DR Congo,1,2014
13049,Equatorial Guinea,Gambia,1,2014
13386,Equatorial Guinea,Guinea-Bissau,-1,2014
13993,Equatorial Guinea,Ivory Coast,-1,2014
14442,Equatorial Guinea,Liberia,1,2014
13961,Equatorial Guinea,Libya,1,2014
15558,Equatorial Guinea,Libya,-1,2014
13771,Equatorial Guinea,Madagascar,1,2014
13973,Equatorial Guinea,Senegal,1,2014
14305,Equatorial Guinea,Sierra Leone,-1,2014
13944,Equatorial Guinea,South Africa,-1,2014
15820,Equatorial Guinea,Spain,-1,2014
15398,Equatorial Guinea,Tunisia,-1,2014
13984,Equatorial Guinea,Zambia,-1,2014
13772,Eritrea,Rwanda,-1,2014
14883,Eritrea,Rwanda,-1,2014
13430,Eritrea,Sudan,-1,2014
15886,Eritrea,Uganda,-1,2014
15224,Estonia,Andorra,1,2014
15795,Estonia,Azerbaijan,1,2014
13095,Estonia,Basque Country,-1,2014
15291,Estonia,Belarus,-1,2014
12168,Estonia,Croatia,-1,2014
12341,Estonia,Faroe Islands,1,2014
12147,Estonia,Finland,1,2014
14199,Estonia,Finland,-1,2014
14670,Estonia,Hungary,-1,2014
12390,Estonia,Italy,-1,2014
15367,Estonia,Kyrgyzstan,-1,2014
12269,Estonia,Latvia,-1,2014
15510,Estonia,Latvia,-1,2014
12706,Estonia,Liechtenstein,-1,2014
14238,Estonia,Lithuania,1,2014
15575,Estonia,Netherlands,-1,2014
13568,Estonia,Northern Ireland,1,2014
14443,Estonia,Poland,1,2014
13773,Estonia,Republic of Ireland,-1,2014
14510,Estonia,Romania,-1,2014
13050,Estonia,Serbia,-1,2014
12613,Estonia,Slovenia,-1,2014
15321,Estonia,Trinidad and Tobago,1,2014
15696,Estonia,Turkey,-1,2014
13706,Estonia,Ukraine,-1,2014
12980,Estonia,Uruguay,1,2014
12456,Estonia,Uzbekistan,-1,2014
13093,Eswatini,Botswana,-1,2014
13365,Eswatini,Botswana,-1,2014
14995,Eswatini,Burkina Faso,-1,2014
13682,Eswatini,Congo,-1,2014
13800,Eswatini,DR Congo,-1,2014
12440,Eswatini,Ghana,-1,2014
14789,Eswatini,Lesotho,-1,2014
13108,Eswatini,Malawi,-1,2014
15810,Eswatini,South Africa,-1,2014
13168,Eswatini,Sudan,-1,2014
12946,Eswatini,Zambia,-1,2014
14076,Ethiopia,Benin,-1,2014
15202,Ethiopia,Botswana,1,2014
14322,Ethiopia,Central African Republic,1,2014
12381,Ethiopia,Chad,1,2014
12435,Ethiopia,Guinea,-1,2014
12376,Ethiopia,Kenya,-1,2014
12778,Ethiopia,Kenya,1,2014
13898,Ethiopia,Kenya,-1,2014
13673,Ethiopia,Madagascar,1,2014
13621,Ethiopia,Malawi,-1,2014
13904,Ethiopia,Malawi,-1,2014
14959,Ethiopia,Niger,1,2014
13162,Ethiopia,Nigeria,-1,2014
15038,Ethiopia,Nigeria,-1,2014
15723,Ethiopia,Nigeria,-1,2014
13877,Ethiopia,Somalia,1,2014
15399,Ethiopia,South Africa,1,2014
14857,Ethiopia,South Sudan,1,2014
13104,Ethiopia,Sudan,-1,2014
13618,Ethiopia,Sudan,-1,2014
14715,Ethiopia,Sudan,1,2014
15264,Ethiopia,Sudan,1,2014
15896,Ethiopia,Sudan,-1,2014
14980,Ethiopia,Tanzania,1,2014
12805,Ethiopia,Uganda,-1,2014
15881,Ethiopia,Zanzibar,1,2014
15478,Falkland Islands,Frøya,1,2014
13248,Falkland Islands,Gotland,-1,2014
15476,Falkland Islands,Greenland,-1,2014
15737,Faroe Islands,Austria,-1,2014
13181,Faroe Islands,Estonia,1,2014
15645,Faroe Islands,Germany,-1,2014
13479,Faroe Islands,Italy,-1,2014
15697,Faroe Islands,Kazakhstan,-1,2014
12614,Faroe Islands,Northern Ireland,-1,2014
14735,Faroe Islands,Republic of Ireland,-1,2014
12391,Faroe Islands,Serbia,-1,2014
13122,Faroe Islands,Slovenia,-1,2014
14671,Faroe Islands,Sweden,-1,2014
13455,Fiji,Kiribati,1,2014
14220,Fiji,New Zealand,-1,2014
13427,Fiji,Samoa,1,2014
13429,Fiji,Samoa,1,2014
13446,Fiji,Tahiti,1,2014
13314,Fiji,Vanuatu,-1,2014
15322,Finland,Belarus,1,2014
12342,Finland,Belgium,1,2014
14511,Finland,France,-1,2014
14672,Finland,Georgia,-1,2014
12615,Finland,Hungary,-1,2014
14239,Finland,Latvia,-1,2014
13480,Finland,Moldova,1,2014
13569,Finland,Netherlands,-1,2014
12707,Finland,San Marino,1,2014
15511,Finland,Slovenia,1,2014
12010,Finland,South Korea,-1,2014
15576,Finland,Spain,-1,2014
13645,Finland,Sweden,-1,2014
14157,Finland,Turkey,1,2014
13646,France,Albania,1,2014
15698,France,Australia,1,2014
12392,France,Belarus,-1,2014
14572,France,Belarus,1,2014
13837,France,Belgium,-1,2014
13707,France,Bosnia and Herzegovina,-1,2014
12920,France,Brazil,1,2014
13387,France,Chile,-1,2014
12221,France,China PR,-1,2014
12169,France,Costa Rica,1,2014
13051,France,Croatia,-1,2014
14338,France,England,-1,2014
14263,France,Estonia,1,2014
15738,France,Finland,1,2014
15157,France,Georgia,1,2014
15060,France,Germany,-1,2014
14174,France,Iceland,1,2014
14673,France,Japan,-1,2014
12616,France,Luxembourg,1,2014
12262,France,Mexico,-1,2014
12574,France,Romania,1,2014
14193,France,Serbia,1,2014
23186,France,South Africa,-1,2014
12076,France,Spain,-1,2014
15225,France,Spain,-1,2014
15843,France,Ukraine,1,2014
13774,France,United States,1,2014
14444,France,Uruguay,-1,2014
14674,French Guiana,Anguilla,1,2014
14109,French Guiana,Guyana,1,2014
14111,French Guiana,Guyana,-1,2014
14613,French Guiana,Haiti,-1,2014
14847,French Guiana,Haiti,1,2014
14924,French Guiana,Martinique,-1,2014
12497,French Guiana,Mayotte,-1,2014
12516,French Guiana,Réunion,-1,2014
12506,French Guiana,Saint Pierre and Miquelon,1,2014
14631,French Guiana,Saint Pierre and Miquelon,1,2014
12486,French Guiana,Suriname,-1,2014
14306,French Guiana,Suriname,1,2014
14639,French Guiana,Tahiti,1,2014
14650,French Guiana,Trinidad and Tobago,-1,2014
15465,Frøya,Falkland Islands,-1,2014
13753,Gabon,Brazil,-1,2014
13946,Gabon,Burkina Faso,-1,2014
14307,Gabon,Burkina Faso,1,2014
15512,Gabon,Cape Verde,-1,2014
15344,Gabon,Congo,-1,2014
13647,Gabon,Equatorial Guinea,1,2014
13182,Gabon,Gambia,-1,2014
13388,Gabon,Guinea,-1,2014
13995,Gabon,Mali,-1,2014
13979,Gabon,Morocco,1,2014
11980,Gabon,Mozambique,1,2014
13570,Gabon,Niger,1,2014
13969,Gabon,Niger,1,2014
15393,Gabon,Niger,1,2014
14805,Gabon,Portugal,-1,2014
14573,Gabon,Saudi Arabia,1,2014
12708,Gabon,Senegal,-1,2014
13956,Gabon,Sudan,-1,2014
12143,Gabon,Togo,1,2014
14547,Gabon,Togo,-1,2014
12006,Gabon,Tunisia,-1,2014
13989,Gabon,Tunisia,1,2014
14976,Gabon,Tunisia,-1,2014
12020,Gabon,Zambia,-1,2014
15910,Galicia,Occitania,-1,2014
14080,Gambia,Algeria,-1,2014
13674,Gambia,Burkina Faso,-1,2014
13389,Gambia,DR Congo,1,2014
15345,Gambia,Ivory Coast,-1,2014
15108,Gambia,Mauritania,-1,2014
15111,Gambia,Mauritania,-1,2014
14221,Gambia,Morocco,-1,2014
12419,Gambia,Namibia,1,2014
15612,Gambia,Tanzania,1,2014
14038,Georgia,Albania,1,2014
14512,Georgia,Belarus,1,2014
12159,Georgia,Cameroon,-1,2014
13004,Georgia,Croatia,1,2014
14806,Georgia,Egypt,-1,2014
12077,Georgia,Estonia,1,2014
15646,Georgia,Finland,-1,2014
15577,Georgia,France,-1,2014
13708,Georgia,Greece,-1,2014
12457,Georgia,Israel,-1,2014
13481,Georgia,Latvia,-1,2014
12543,Georgia,Malta,1,2014
13775,Georgia,Moldova,1,2014
14574,Georgia,Spain,-1,2014
14146,Georgia,Turkey,-1,2014
12078,Germany,Argentina,-1,2014
14445,Germany,Argentina,-1,2014
12250,Germany,Australia,1,2014
13052,Germany,Australia,-1,2014
13482,Germany,Austria,1,2014
15578,Germany,Austria,1,2014
12458,Germany,Azerbaijan,1,2014
13709,Germany,Belgium,1,2014
12218,Germany,Bosnia and Herzegovina,1,2014
13390,Germany,Brazil,1,2014
12302,Germany,England,1,2014
14513,Germany,Faroe Islands,1,2014
14039,Germany,France,-1,2014
14387,Germany,Greece,1,2014
14194,Germany,Israel,1,2014
12921,Germany,Italy,-1,2014
14397,Germany,Italy,-1,2014
13005,Germany,Kazakhstan,1,2014
15226,Germany,Kazakhstan,1,2014
12134,Germany,Malta,1,2014
13838,Germany,Netherlands,1,2014
15513,Germany,Paraguay,-1,2014
14308,Germany,Portugal,1,2014
15699,Germany,Republic of Ireland,1,2014
12265,Germany,Serbia,-1,2014
12315,Germany,Spain,-1,2014
14736,Germany,Sweden,-1,2014
12544,Germany,Turkey,1,2014
13105,Germany,Uruguay,1,2014
12270,Ghana,Australia,-1,2014
13971,Ghana,Botswana,1,2014
15046,Ghana,Cape Verde,1,2014
13132,Ghana,Congo,1,2014
15007,Ghana,DR Congo,-1,2014
12034,Ghana,Egypt,-1,2014
14977,Ghana,Egypt,1,2014
15739,Ghana,Egypt,1,2014
13483,Ghana,Eswatini,1,2014
13839,Ghana,Gabon,1,2014
12287,Ghana,Germany,-1,2014
13992,Ghana,Guinea,-1,2014
15381,Ghana,Ivory Coast,1,2014
15384,Ghana,Ivory Coast,-1,2014
12231,Ghana,Latvia,1,2014
14200,Ghana,Lesotho,1,2014
11976,Ghana,Malawi,-1,2014
14540,Ghana,Malawi,1,2014
13983,Ghana,Mali,1,2014
13999,Ghana,Mali,-1,2014
15020,Ghana,Mali,1,2014
12032,Ghana,Nigeria,1,2014
13710,Ghana,Nigeria,-1,2014
12589,Ghana,Sudan,-1,2014
15203,Ghana,Sudan,1,2014
12901,Ghana,Togo,1,2014
13996,Ghana,Tunisia,1,2014
14988,Ghana,Tunisia,1,2014
15579,Ghana,Zambia,1,2014
12954,Gibraltar,Faroe Islands,1,2014
15844,Gibraltar,Slovakia,-1,2014
13239,Gibraltar,Ynys Môn,1,2014
13241,Gotland,Guernsey,-1,2014
13232,Gotland,Isle of Man,-1,2014
13261,Gotland,Ynys Môn,-1,2014
12216,Gozo,Occitania,-1,2014
12200,Gozo,Padania,-1,2014
12228,Gozo,Provence,1,2014
13953,Gozo,Raetia,1,2014
12282,Greece,Argentina,-1,2014
14040,Greece,Belgium,-1,2014
14675,Greece,Bosnia and Herzegovina,-1,2014
12922,Greece,Canada,1,2014
13648,Greece,Croatia,1,2014
14345,Greece,Czech Republic,-1,2014
12393,Greece,Georgia,-1,2014
12617,Greece,Israel,1,2014
12545,Greece,Latvia,1,2014
15647,Greece,Latvia,1,2014
15740,Greece,Liechtenstein,1,2014
14575,Greece,Lithuania,1,2014
13138,Greece,Malta,1,2014
12263,Greece,Nigeria,1,2014
12160,Greece,North Korea,-1,2014
12211,Greece,Paraguay,-1,2014
13053,Greece,Poland,-1,2014
13840,Greece,Romania,-1,2014
15796,Greece,Romania,1,2014
13776,Greece,Russia,-1,2014
14364,Greece,Russia,1,2014
12079,Greece,Senegal,-1,2014
15700,Greece,Slovakia,1,2014
14158,Greece,Slovenia,-1,2014
15061,Greece,Switzerland,-1,2014
15469,Greenland,Frøya,1,2014
13244,Greenland,Jersey,-1,2014
13236,Greenland,Menorca,-1,2014
13260,Greenland,Western Isles,1,2014
13097,Grenada,Antigua and Barbuda,-1,2014
13484,Grenada,Belize,-1,2014
12790,Grenada,Cuba,-1,2014
14807,Grenada,French Guiana,-1,2014
12660,Grenada,Guadeloupe,-1,2014
13841,Grenada,Guatemala,-1,2014
14005,Grenada,Guyana,-1,2014
13199,Grenada,Honduras,-1,2014
12193,Grenada,Martinique,-1,2014
12653,Grenada,Puerto Rico,1,2014
12657,Grenada,Saint Kitts and Nevis,1,2014
13073,Grenada,Saint Kitts and Nevis,-1,2014
13746,Grenada,Saint Vincent and the Grenadines,-1,2014
12758,Grenada,Trinidad and Tobago,1,2014
12773,Guadeloupe,Antigua and Barbuda,1,2014
14774,Guadeloupe,Dominican Republic,-1,2014
14623,Guadeloupe,French Guiana,1,2014
14127,Guadeloupe,Guyana,-1,2014
12764,Guadeloupe,Jamaica,-1,2014
12791,Guadeloupe,Jamaica,-1,2014
12519,Guadeloupe,Martinique,1,2014
14116,Guadeloupe,Martinique,-1,2014
14781,Guadeloupe,Martinique,-1,2014
14642,Guadeloupe,Mayotte,1,2014
12500,Guadeloupe,New Caledonia,-1,2014
12658,Guadeloupe,Puerto Rico,1,2014
14778,Guadeloupe,Puerto Rico,1,2014
12063,Guadeloupe,Saint Kitts and Nevis,1,2014
14616,Guadeloupe,Saint Pierre and Miquelon,1,2014
12512,Guadeloupe,Tahiti,-1,2014
14900,Guam,Australia,-1,2014
15116,Guam,India,-1,2014
14418,Guam,Macau,1,2014
14416,Guam,Northern Mariana Islands,1,2014
14858,Guam,Northern Mariana Islands,1,2014
13549,Guam,Tuvalu,-1,2014
13520,Guam,Vanuatu,-1,2014
14514,Guatemala,Antigua and Barbuda,1,2014
15385,Guatemala,Argentina,-1,2014
12575,Guatemala,Belize,1,2014
13711,Guatemala,Belize,1,2014
15368,Guatemala,Belize,-1,2014
13037,Guatemala,Bolivia,-1,2014
12868,Guatemala,Costa Rica,-1,2014
14201,Guatemala,Costa Rica,1,2014
13208,Guatemala,Grenada,1,2014
13777,Guatemala,Grenada,1,2014
12709,Guatemala,Guyana,1,2014
12618,Guatemala,Honduras,-1,2014
14676,Guatemala,Jamaica,1,2014
12418,Guatemala,Nicaragua,1,2014
14998,Guatemala,Nicaragua,-1,2014
15024,Guatemala,Panama,-1,2014
14123,Guatemala,Paraguay,-1,2014
14446,Guatemala,Paraguay,-1,2014
13516,Guatemala,Saint Vincent and the Grenadines,1,2014
14346,Guatemala,United States,-1,2014
13112,Guatemala,Venezuela,-1,2014
13233,Guernsey,Falkland Islands,1,2014
13247,Guernsey,Isle of Man,1,2014
13087,Guernsey,Jersey,-1,2014
15259,Guernsey,Jersey,1,2014
13265,Guernsey,Åland Islands,1,2014
13842,Guinea,Burkina Faso,-1,2014
14159,Guinea,Cameroon,-1,2014
14323,Guinea,Egypt,-1,2014
13540,Guinea,Ethiopia,1,2014
13163,Guinea,Madagascar,1,2014
15354,Guinea,Mozambique,1,2014
14556,Guinea,Niger,1,2014
12590,Guinea,Nigeria,1,2014
15400,Guinea,Zimbabwe,1,2014
13675,Guinea-Bissau,Angola,-1,2014
14083,Guinea-Bissau,Cameroon,-1,2014
12923,Guinea-Bissau,Gambia,1,2014
12420,Guinea-Bissau,Kenya,1,2014
13778,Guinea-Bissau,Togo,-1,2014
13006,Guinea-Bissau,Uganda,-1,2014
13089,Guyana,Barbados,1,2014
13090,Guyana,Barbados,1,2014
13485,Guyana,Barbados,1,2014
13571,Guyana,Bermuda,1,2014
14347,Guyana,Costa Rica,-1,2014
14576,Guyana,El Salvador,-1,2014
14852,Guyana,French Guiana,1,2014
12754,Guyana,Guadeloupe,-1,2014
14041,Guyana,Guatemala,-1,2014
13441,Guyana,India,1,2014
12774,Guyana,Jamaica,-1,2014
14677,Guyana,Mexico,-1,2014
12642,Guyana,Saint Lucia,1,2014
12509,Guyana,Trinidad and Tobago,-1,2014
13779,Guyana,Trinidad and Tobago,1,2014
13843,Haiti,Antigua and Barbuda,1,2014
14551,Haiti,Bermuda,1,2014
14931,Haiti,Cuba,-1,2014
13712,Haiti,Curaçao,-1,2014
12670,Haiti,Guyana,-1,2014
14808,Haiti,Guyana,1,2014
15442,Haiti,Honduras,-1,2014
14940,Haiti,Martinique,1,2014
14577,Haiti,Puerto Rico,1,2014
14515,Haiti,Saint Martin,1,2014
15346,Haiti,Spain,-1,2014
14901,Haiti,Trinidad and Tobago,-1,2014
13486,Haiti,United States Virgin Islands,1,2014
15025,Honduras,Belize,1,2014
15821,Honduras,Brazil,-1,2014
14737,Honduras,Canada,1,2014
12258,Honduras,Chile,-1,2014
13521,Honduras,Colombia,-1,2014
12892,Honduras,Costa Rica,1,2014
15486,Honduras,Costa Rica,1,2014
15701,Honduras,Costa Rica,1,2014
14578,Honduras,Cuba,1,2014
12924,Honduras,Ecuador,-1,2014
15845,Honduras,Ecuador,-1,2014
12884,Honduras,El Salvador,1,2014
14999,Honduras,El Salvador,-1,2014
15454,Honduras,El Salvador,1,2014
12877,Honduras,Guatemala,1,2014
13171,Honduras,Guatemala,-1,2014
15285,Honduras,Israel,-1,2014
13209,Honduras,Jamaica,-1,2014
13713,Honduras,Jamaica,1,2014
15369,Honduras,Jamaica,1,2014
13221,Honduras,Mexico,-1,2014
15158,Honduras,Mexico,-1,2014
14160,Honduras,New Zealand,-1,2014
12810,Honduras,Panama,1,2014
14284,Honduras,Panama,-1,2014
15648,Honduras,Panama,-1,2014
13572,Honduras,Paraguay,-1,2014
14809,Honduras,Peru,-1,2014
13821,Honduras,Serbia,1,2014
15467,Honduras,Trinidad and Tobago,-1,2014
15062,Honduras,United States,1,2014
12125,Honduras,Venezuela,-1,2014
13391,Honduras,Venezuela,1,2014
14891,Hong Kong,Australia,-1,2014
12042,Hong Kong,China PR,-1,2014
14884,Hong Kong,Guam,1,2014
13620,Hong Kong,Macau,1,2014
13123,Hong Kong,Malaysia,-1,2014
14738,Hong Kong,Malaysia,-1,2014
14914,Hong Kong,North Korea,-1,2014
12710,Hong Kong,Paraguay,-1,2014
13617,Hong Kong,Philippines,-1,2014
15295,Hong Kong,Philippines,-1,2014
13351,Hong Kong,Saudi Arabia,-1,2014
14202,Hong Kong,Singapore,1,2014
15649,Hong Kong,Singapore,1,2014
14042,Hong Kong,Taiwan,1,2014
14902,Hong Kong,Taiwan,1,2014
15741,Hong Kong,United Arab Emirates,-1,2014
15846,Hong Kong,Uzbekistan,-1,2014
14324,Hong Kong,Vietnam,-1,2014
15159,Hong Kong,Vietnam,1,2014
12080,Hong Kong,Yemen,-1,2014
15742,Hungary,Andorra,1,2014
15063,Hungary,Belarus,-1,2014
14043,Hungary,Bulgaria,-1,2014
15514,Hungary,Czech Republic,-1,2014
15650,Hungary,Estonia,1,2014
13714,Hungary,Finland,-1,2014
12178,Hungary,Germany,-1,2014
13392,Hungary,Iceland,1,2014
14447,Hungary,Israel,-1,2014
15310,Hungary,Kuwait,1,2014
13780,Hungary,Liechtenstein,1,2014
12711,Hungary,Lithuania,1,2014
12459,Hungary,Moldova,1,2014
12981,Hungary,Netherlands,-1,2014
14579,Hungary,Netherlands,-1,2014
14810,Hungary,Norway,-1,2014
14255,Hungary,Republic of Ireland,-1,2014
15160,Hungary,Romania,-1,2014
12081,Hungary,Russia,-1,2014
12546,Hungary,San Marino,1,2014
13487,Hungary,Sweden,1,2014
14739,Hungary,Turkey,1,2014
15651,Iceland,Albania,1,2014
12179,Iceland,Andorra,1,2014
15797,Iceland,Croatia,-1,2014
13573,Iceland,Cyprus,1,2014
15702,Iceland,Cyprus,1,2014
13139,Iceland,Denmark,-1,2014
12116,Iceland,Faroe Islands,1,2014
14448,Iceland,Faroe Islands,1,2014
15515,Iceland,Faroe Islands,1,2014
12343,Iceland,Liechtenstein,-1,2014
12394,Iceland,Norway,-1,2014
14516,Iceland,Norway,1,2014
12619,Iceland,Portugal,-1,2014
15064,Iceland,Russia,-1,2014
15323,Iceland,Slovenia,-1,2014
14740,Iceland,Switzerland,-1,2014
13908,India,Afghanistan,-1,2014
13935,India,Afghanistan,1,2014
12846,India,Australia,-1,2014
14020,India,Azerbaijan,-1,2014
13918,India,Bhutan,1,2014
14484,India,Cameroon,-1,2014
14485,India,Cameroon,-1,2014
12529,India,Hong Kong,-1,2014
12687,India,Kuwait,-1,2014
13815,India,Malaysia,-1,2014
13878,India,Malaysia,1,2014
13931,India,Maldives,1,2014
14475,India,Maldives,1,2014
12487,India,Namibia,1,2014
14481,India,Nepal,-1,2014
15847,India,Nepal,1,2014
15551,India,Pakistan,1,2014
15065,India,Palestine,-1,2014
15798,India,Philippines,-1,2014
13927,India,Sri Lanka,1,2014
14472,India,Syria,1,2014
12962,India,Taiwan,1,2014
15112,India,Taiwan,1,2014
14094,India,Tajikistan,-1,2014
12483,India,Thailand,-1,2014
13352,India,United Arab Emirates,-1,2014
12547,India,Vietnam,1,2014
12643,India,Yemen,-1,2014
13895,India,Zambia,-1,2014
13574,Indonesia,Bahrain,-1,2014
14849,Indonesia,Cameroon,-1,2014
15743,Indonesia,China PR,-1,2014
13844,Indonesia,Iran,-1,2014
15848,Indonesia,Iraq,-1,2014
15777,Indonesia,Kyrgyzstan,1,2014
12788,Indonesia,Laos,1,2014
14863,Indonesia,Laos,-1,2014
12775,Indonesia,Malaysia,1,2014
12824,Indonesia,Malaysia,1,2014
12620,Indonesia,Maldives,1,2014
15324,Indonesia,Netherlands,-1,2014
14560,Indonesia,North Korea,-1,2014
11981,Indonesia,Oman,-1,2014
13437,Indonesia,Palestine,1,2014
12807,Indonesia,Philippines,1,2014
12813,Indonesia,Philippines,1,2014
15516,Indonesia,Philippines,1,2014
13715,Indonesia,Qatar,-1,2014
13649,Indonesia,Saudi Arabia,-1,2014
15192,Indonesia,Saudi Arabia,-1,2014
14872,Indonesia,Singapore,1,2014
12746,Indonesia,Taiwan,1,2014
12796,Indonesia,Thailand,1,2014
12740,Indonesia,Timor-Leste,1,2014
14811,Indonesia,Timor-Leste,1,2014
13353,Indonesia,Turkmenistan,1,2014
12548,Indonesia,Uruguay,-1,2014
12829,Iran,Angola,1,2014
12501,Iran,Bahrain,1,2014
13716,Iran,Bahrain,1,2014
14925,Iran,Bahrain,-1,2014
12534,Iran,Brazil,-1,2014
13488,Iran,Indonesia,1,2014
12521,Iran,Iraq,1,2014
14008,Iran,Jordan,-1,2014
12527,Iran,Kuwait,-1,2014
15066,Iran,Lebanon,1,2014
15370,Iran,Lebanon,1,2014
13324,Iran,Madagascar,1,2014
13331,Iran,Maldives,1,2014
14122,Iran,Mauritania,1,2014
14125,Iran,Mozambique,1,2014
11969,Iran,North Korea,1,2014
12864,Iran,North Korea,1,2014
13623,Iran,Palestine,1,2014
14044,Iran,Qatar,-1,2014
14348,Iran,Qatar,-1,2014
12925,Iran,Russia,1,2014
14915,Iran,Saudi Arabia,-1,2014
12890,Iran,South Korea,-1,2014
14741,Iran,South Korea,1,2014
14785,Iran,Tajikistan,1,2014
12082,Iran,Thailand,1,2014
15744,Iran,Thailand,1,2014
14449,Iran,Tunisia,-1,2014
14812,Iran,Uzbekistan,-1,2014
14938,Iran,Yemen,1,2014
14742,Iraq,Australia,-1,2014
14179,Iraq,Botswana,-1,2014
12830,Iraq,China PR,-1,2014
13781,Iraq,China PR,1,2014
12681,Iraq,India,1,2014
15067,Iraq,Indonesia,1,2014
12850,Iraq,Iran,-1,2014
15371,Iraq,Japan,-1,2014
13489,Iraq,Jordan,-1,2014
14813,Iraq,Jordan,1,2014
14918,Iraq,Jordan,1,2014
12712,Iraq,Kuwait,-1,2014
13310,Iraq,Kuwait,-1,2014
14974,Iraq,Kuwait,1,2014
13751,Iraq,Lebanon,1,2014
14392,Iraq,Lebanon,1,2014
15267,Iraq,Liberia,-1,2014
12882,Iraq,North Korea,1,2014
12494,Iraq,Oman,1,2014
14349,Iraq,Oman,-1,2014
15913,Iraq,Oman,-1,2014
15745,Iraq,Saudi Arabia,-1,2014
14141,Iraq,Sierra Leone,1,2014
14045,Iraq,Singapore,1,2014
12811,Iraq,Syria,-1,2014
13253,Iraq,Syria,-1,2014
14929,Iraq,Syria,-1,2014
14946,Iraq,Syria,-1,2014
15227,Iraq,Syria,1,2014
14960,Iraq,Tunisia,-1,2014
12743,Iraq,United Arab Emirates,-1,2014
12504,Iraq,Yemen,1,2014
13332,Iraq,Yemen,1,2014
14982,Iraq,Yemen,1,2014
15678,Iraq,Yemen,1,2014
14319,Iraqi Kurdistan,Northern Cyprus,1,2014
12226,Iraqi Kurdistan,Occitania,1,2014
14274,Iraqi Kurdistan,Occitania,1,2014
12239,Iraqi Kurdistan,Padania,-1,2014
12217,Iraqi Kurdistan,Provence,1,2014
14298,Iraqi Kurdistan,Provence,1,2014
12201,Iraqi Kurdistan,Two Sicilies,1,2014
14258,Iraqi Kurdistan,Western Sahara,1,2014
13240,Isle of Man,Falkland Islands,1,2014
13262,Isle of Man,Menorca,-1,2014
13238,Isle of Wight,Alderney,1,2014
13246,Isle of Wight,Gibraltar,1,2014
13268,Isle of Wight,Guernsey,1,2014
13264,Isle of Wight,Jersey,1,2014
13231,Isle of Wight,Ynys Môn,1,2014
15613,Israel,Azerbaijan,-1,2014
14815,Israel,Belarus,-1,2014
12576,Israel,Croatia,-1,2014
15069,Israel,Finland,1,2014
13055,Israel,Georgia,1,2014
13491,Israel,Greece,-1,2014
12714,Israel,Iceland,1,2014
13394,Israel,Ivory Coast,-1,2014
13008,Israel,Latvia,1,2014
14743,Israel,Luxembourg,1,2014
12383,Israel,Malta,1,2014
15747,Israel,Northern Ireland,-1,2014
15161,Israel,Portugal,-1,2014
14581,Israel,Russia,-1,2014
12926,Israel,Serbia,-1,2014
14047,Israel,Ukraine,-1,2014
15517,Italy,Argentina,-1,2014
15748,Italy,Armenia,-1,2014
15141,Italy,Brazil,-1,2014
15581,Italy,Bulgaria,1,2014
12083,Italy,Cameroon,-1,2014
14357,Italy,Croatia,-1,2014
15652,Italy,Czech Republic,1,2014
14744,Italy,Denmark,1,2014
13124,Italy,Estonia,1,2014
12461,Italy,Faroe Islands,1,2014
14816,Italy,France,-1,2014
15800,Italy,Germany,-1,2014
15372,Italy,Haiti,-1,2014
12323,Italy,Ivory Coast,-1,2014
15417,Italy,Japan,1,2014
14582,Italy,Malta,1,2014
12219,Italy,Mexico,-1,2014
12275,Italy,New Zealand,-1,2014
15830,Italy,Nigeria,-1,2014
13718,Italy,Northern Ireland,1,2014
12252,Italy,Paraguay,-1,2014
13183,Italy,Republic of Ireland,-1,2014
14381,Italy,Republic of Ireland,1,2014
12715,Italy,Romania,-1,2014
14203,Italy,Russia,-1,2014
15278,Italy,San Marino,1,2014
12621,Italy,Serbia,1,2014
13575,Italy,Slovenia,1,2014
13395,Italy,Spain,1,2014
14048,Italy,United States,-1,2014
13846,Italy,Uruguay,-1,2014
12026,Ivory Coast,Algeria,-1,2014
13987,Ivory Coast,Angola,1,2014
13028,Ivory Coast,Benin,1,2014
11993,Ivory Coast,Burkina Faso,-1,2014
13977,Ivory Coast,Burkina Faso,1,2014
13689,Ivory Coast,Burundi,1,2014
14991,Ivory Coast,Egypt,1,2014
15193,Ivory Coast,Gambia,1,2014
12001,Ivory Coast,Ghana,1,2014
14049,Ivory Coast,Guinea,-1,2014
13957,Ivory Coast,Libya,1,2014
15614,Ivory Coast,Morocco,-1,2014
15049,Ivory Coast,Nigeria,-1,2014
12256,Ivory Coast,Portugal,-1,2014
12421,Ivory Coast,Rwanda,1,2014
14546,Ivory Coast,Senegal,1,2014
15721,Ivory Coast,Senegal,1,2014
12084,Ivory Coast,South Korea,-1,2014
13965,Ivory Coast,Sudan,1,2014
14222,Ivory Coast,Tanzania,1,2014
15012,Ivory Coast,Togo,1,2014
15028,Ivory Coast,Tunisia,1,2014
12755,Jamaica,Antigua and Barbuda,1,2014
14745,Jamaica,Antigua and Barbuda,1,2014
12035,Jamaica,Canada,1,2014
13576,Jamaica,Colombia,-1,2014
12436,Jamaica,Costa Rica,1,2014
12716,Jamaica,Costa Rica,-1,2014
14110,Jamaica,Costa Rica,-1,2014
15653,Jamaica,Costa Rica,-1,2014
14006,Jamaica,Cuba,1,2014
14011,Jamaica,Cuba,1,2014
14926,Jamaica,Cuba,-1,2014
14903,Jamaica,French Guiana,-1,2014
12785,Jamaica,Grenada,1,2014
13172,Jamaica,Grenada,1,2014
13200,Jamaica,Guatemala,1,2014
14285,Jamaica,Guatemala,1,2014
14132,Jamaica,Guyana,1,2014
15749,Jamaica,Honduras,-1,2014
14919,Jamaica,Martinique,-1,2014
15296,Jamaica,Mexico,-1,2014
14175,Jamaica,Panama,-1,2014
15162,Jamaica,Panama,-1,2014
12462,Jamaica,Peru,-1,2014
12591,Jamaica,Trinidad and Tobago,1,2014
15801,Jamaica,Trinidad and Tobago,-1,2014
14517,Jamaica,United States,1,2014
15326,Jamaica,United States,-1,2014
12982,Jamaica,Venezuela,-1,2014
12550,Japan,Argentina,1,2014
15297,Japan,Australia,-1,2014
15492,Japan,Australia,1,2014
14142,Japan,Azerbaijan,1,2014
12085,Japan,Bahrain,1,2014
14746,Japan,Brazil,-1,2014
15277,Japan,Bulgaria,-1,2014
12253,Japan,Cameroon,1,2014
15163,Japan,Canada,1,2014
12037,Japan,China PR,-1,2014
15487,Japan,China PR,-1,2014
13184,Japan,Czech Republic,-1,2014
12194,Japan,England,-1,2014
15654,Japan,Ghana,1,2014
12463,Japan,Guatemala,1,2014
15582,Japan,Guatemala,1,2014
12041,Japan,Hong Kong,1,2014
14012,Japan,Iceland,1,2014
14583,Japan,Iraq,1,2014
12222,Japan,Ivory Coast,-1,2014
12844,Japan,Jordan,-1,2014
14286,Japan,Jordan,1,2014
15070,Japan,Latvia,1,2014
15421,Japan,Mexico,-1,2014
13492,Japan,North Korea,1,2014
14240,Japan,Oman,1,2014
12422,Japan,Paraguay,1,2014
13113,Japan,Peru,-1,2014
12124,Japan,Serbia,-1,2014
12043,Japan,South Korea,-1,2014
12155,Japan,South Korea,-1,2014
12895,Japan,South Korea,-1,2014
13396,Japan,South Korea,1,2014
13719,Japan,Tajikistan,1,2014
14491,Japan,United Arab Emirates,1,2014
15518,Japan,Uruguay,-1,2014
14050,Japan,Uzbekistan,-1,2014
12036,Japan,Venezuela,-1,2014
14450,Japan,Venezuela,-1,2014
13650,Japan,Vietnam,1,2014
12131,Jersey,Guernsey,-1,2014
14129,Jersey,Guernsey,-1,2014
13229,Jersey,Menorca,1,2014
13237,Jersey,Rhodes,1,2014
13267,Jersey,Åland Islands,1,2014
14584,Jordan,Australia,1,2014
12058,Jordan,Azerbaijan,-1,2014
12492,Jordan,Bahrain,1,2014
15142,Jordan,Belarus,1,2014
13577,Jordan,China PR,1,2014
12689,Jordan,Cyprus,-1,2014
13447,Jordan,Indonesia,1,2014
15043,Jordan,Indonesia,1,2014
14488,Jordan,Iran,-1,2014
12488,Jordan,Iraq,1,2014
13319,Jordan,Iraq,-1,2014
13847,Jordan,Iraq,-1,2014
14241,Jordan,Iraq,-1,2014
15229,Jordan,Japan,1,2014
12514,Jordan,Kuwait,-1,2014
13009,Jordan,Kuwait,-1,2014
15680,Jordan,Kuwait,-1,2014
15906,Jordan,Lebanon,-1,2014
15268,Jordan,Libya,1,2014
15496,Jordan,Libya,1,2014
13333,Jordan,Nepal,1,2014
15776,Jordan,Nigeria,1,2014
13056,Jordan,North Korea,-1,2014
15412,Jordan,Oman,1,2014
15750,Jordan,Oman,-1,2014
12855,Jordan,Saudi Arabia,1,2014
13311,Jordan,Saudi Arabia,-1,2014
14162,Jordan,Sierra Leone,1,2014
12086,Jordan,Singapore,1,2014
13782,Jordan,Singapore,1,2014
15071,Jordan,Singapore,1,2014
12502,Jordan,Syria,-1,2014
12874,Jordan,Syria,1,2014
13285,Jordan,Syria,-1,2014
13438,Jordan,Tunisia,-1,2014
15782,Jordan,Uruguay,-1,2014
12831,Jordan,Uzbekistan,-1,2014
14421,Jordan,Uzbekistan,-1,2014
14451,Jordan,Uzbekistan,1,2014
15583,Jordan,Uzbekistan,-1,2014
13293,Jordan,Yemen,1,2014
15778,Jordan,Zambia,1,2014
13720,Kazakhstan,Austria,-1,2014
14679,Kazakhstan,Austria,-1,2014
13125,Kazakhstan,Azerbaijan,1,2014
12551,Kazakhstan,Belgium,-1,2014
15298,Kazakhstan,Bulgaria,-1,2014
15584,Kazakhstan,Faroe Islands,1,2014
15519,Kazakhstan,Georgia,1,2014
12622,Kazakhstan,Germany,-1,2014
15164,Kazakhstan,Germany,-1,2014
14204,Kazakhstan,Kyrgyzstan,1,2014
12087,Kazakhstan,Moldova,-1,2014
12345,Kazakhstan,Oman,1,2014
14518,Kazakhstan,Republic of Ireland,-1,2014
15655,Kazakhstan,Sweden,-1,2014
13397,Kazakhstan,Syria,-1,2014
12395,Kazakhstan,Turkey,-1,2014
13010,Kenya,Angola,1,2014
14408,Kenya,Botswana,1,2014
15450,Kenya,Botswana,-1,2014
11989,Kenya,Cameroon,-1,2014
15446,Kenya,Eswatini,1,2014
14879,Kenya,Ethiopia,1,2014
15872,Kenya,Ethiopia,-1,2014
13522,Kenya,Guinea-Bissau,1,2014
15443,Kenya,Lesotho,-1,2014
15072,Kenya,Libya,1,2014
13892,Kenya,Malawi,-1,2014
14223,Kenya,Malawi,-1,2014
14894,Kenya,Malawi,1,2014
15624,Kenya,Namibia,1,2014
15306,Kenya,Nigeria,-1,2014
15894,Kenya,Rwanda,1,2014
13848,Kenya,Seychelles,1,2014
14747,Kenya,South Africa,-1,2014
15882,Kenya,South Sudan,1,2014
12836,Kenya,Sudan,1,2014
13226,Kenya,Sudan,-1,2014
13909,Kenya,Sudan,-1,2014
15900,Kenya,Sudan,1,2014
15898,Kenya,Tanzania,1,2014
14081,Kenya,Togo,1,2014
12577,Kenya,Uganda,-1,2014
15888,Kenya,Zanzibar,1,2014
13523,Kiribati,Papua New Guinea,-1,2014
13550,Kiribati,Tahiti,-1,2014
11982,Kuwait,Australia,-1,2014
12059,Kuwait,Bahrain,1,2014
12552,Kuwait,Bahrain,-1,2014
13748,Kuwait,Bahrain,-1,2014
14818,Kuwait,Bahrain,-1,2014
15629,Kuwait,Bahrain,1,2014
12842,Kuwait,China PR,-1,2014
15231,Kuwait,Iran,-1,2014
12779,Kuwait,Iraq,-1,2014
13057,Kuwait,Iraq,1,2014
13783,Kuwait,Lebanon,-1,2014
14932,Kuwait,Lebanon,1,2014
15803,Kuwait,Lebanon,-1,2014
15779,Kuwait,Malaysia,1,2014
12817,Kuwait,North Korea,1,2014
12820,Kuwait,North Korea,-1,2014
13398,Kuwait,North Korea,-1,2014
15586,Kuwait,North Korea,1,2014
13287,Kuwait,Oman,-1,2014
14921,Kuwait,Oman,-1,2014
14393,Kuwait,Palestine,1,2014
14904,Kuwait,Palestine,1,2014
15143,Kuwait,Palestine,1,2014
13334,Kuwait,Philippines,1,2014
14748,Kuwait,Philippines,1,2014
12741,Kuwait,Qatar,1,2014
12792,Kuwait,Saudi Arabia,1,2014
13320,Kuwait,Saudi Arabia,1,2014
14983,Kuwait,Saudi Arabia,1,2014
13579,Kuwait,South Korea,-1,2014
12049,Kuwait,Syria,-1,2014
12396,Kuwait,Syria,1,2014
14654,Kuwait,Syria,-1,2014
15849,Kuwait,Thailand,1,2014
13850,Kuwait,United Arab Emirates,1,2014
13958,Kuwait,Uzbekistan,1,2014
12624,Kuwait,Vietnam,1,2014
12522,Kuwait,Yemen,-1,2014
14966,Kuwait,Yemen,1,2014
12827,Kuwait,Zambia,1,2014
15850,Kyrgyzstan,Azerbaijan,-1,2014
15131,Kyrgyzstan,Macau,1,2014
12050,Kyrgyzstan,North Korea,-1,2014
15136,Kyrgyzstan,Pakistan,1,2014
15144,Kyrgyzstan,Tajikistan,1,2014
15752,Kyrgyzstan,Tajikistan,-1,2014
13354,Kyrgyzstan,Uzbekistan,-1,2014
15123,Laos,Afghanistan,-1,2014
12654,Laos,Cambodia,-1,2014
13275,Laos,Cambodia,1,2014
14647,Laos,Cambodia,1,2014
13355,Laos,China PR,-1,2014
15113,Laos,Mongolia,-1,2014
12659,Laos,Philippines,-1,2014
14561,Laos,Philippines,1,2014
15327,Laos,Singapore,-1,2014
15117,Laos,Sri Lanka,1,2014
12952,Laos,Taiwan,-1,2014
12661,Laos,Timor-Leste,1,2014
14783,Laos,Turkmenistan,-1,2014
12927,Latvia,Bolivia,1,2014
15328,Latvia,Bosnia and Herzegovina,-1,2014
12397,Latvia,Croatia,-1,2014
13399,Latvia,Finland,-1,2014
12625,Latvia,Georgia,-1,2014
13580,Latvia,Greece,-1,2014
14519,Latvia,Greece,-1,2014
13140,Latvia,Israel,-1,2014
14052,Latvia,Kazakhstan,-1,2014
14749,Latvia,Liechtenstein,1,2014
14205,Latvia,Lithuania,1,2014
15587,Latvia,Lithuania,1,2014
13652,Latvia,Malta,1,2014
14138,Latvia,Poland,-1,2014
15753,Latvia,Slovakia,-1,2014
12021,Latvia,South Korea,-1,2014
14492,Lebanon,Australia,-1,2014
13335,Lebanon,Bangladesh,1,2014
14130,Lebanon,Egypt,-1,2014
14993,Lebanon,Gabon,-1,2014
14585,Lebanon,Iran,1,2014
15851,Lebanon,Iran,-1,2014
13966,Lebanon,Iraq,1,2014
15679,Lebanon,Iraq,-1,2014
14133,Lebanon,Jordan,-1,2014
13270,Lebanon,Kuwait,-1,2014
13723,Lebanon,Kuwait,-1,2014
15754,Lebanon,Kuwait,-1,2014
15911,Lebanon,Kuwait,-1,2014
13298,Lebanon,Oman,-1,2014
14922,Lebanon,Palestine,-1,2014
14242,Lebanon,Qatar,-1,2014
13851,Lebanon,South Korea,1,2014
15299,Lebanon,South Korea,-1,2014
14395,Lebanon,Sudan,-1,2014
13428,Lebanon,Syria,-1,2014
15588,Lebanon,Syria,1,2014
15165,Lebanon,Thailand,1,2014
13581,Lebanon,United Arab Emirates,1,2014
14287,Lebanon,Uzbekistan,-1,2014
11983,Lebanon,Vietnam,-1,2014
14750,Lebanon,Yemen,1,2014
15447,Lesotho,Botswana,-1,2014
13784,Lesotho,Burundi,1,2014
13752,Lesotho,DR Congo,-1,2014
13433,Lesotho,Eswatini,-1,2014
13439,Lesotho,Eswatini,-1,2014
14680,Lesotho,Eswatini,1,2014
14708,Lesotho,Eswatini,-1,2014
15451,Lesotho,Eswatini,1,2014
15401,Lesotho,Ghana,-1,2014
15287,Lesotho,South Africa,-1,2014
15482,Lesotho,South Africa,-1,2014
14326,Lesotho,Sudan,-1,2014
13968,Lesotho,São Tomé and Príncipe,-1,2014
15204,Lesotho,Zambia,-1,2014
13400,Liberia,Angola,-1,2014
14327,Liberia,Angola,-1,2014
13164,Liberia,Cape Verde,1,2014
13346,Liberia,Gambia,1,2014
14586,Liberia,Ghana,1,2014
14486,Liberia,Malawi,1,2014
13676,Liberia,Mali,-1,2014
14088,Liberia,Namibia,1,2014
13426,Liberia,Niger,-1,2014
14001,Liberia,Nigeria,-1,2014
14541,Liberia,Nigeria,-1,2014
15402,Liberia,Senegal,-1,2014
15205,Liberia,Uganda,1,2014
12437,Liberia,Zimbabwe,-1,2014
14557,Libya,Algeria,-1,2014
14399,Libya,Bahrain,1,2014
12928,Libya,Benin,1,2014
15427,Libya,Burkina Faso,1,2014
14328,Libya,Cameroon,1,2014
15521,Libya,Central African Republic,-1,2014
13036,Libya,Comoros,1,2014
15329,Libya,DR Congo,-1,2014
15549,Libya,Ghana,1,2014
12088,Libya,Mali,1,2014
15547,Libya,Mali,1,2014
15902,Libya,Mali,1,2014
15258,Libya,Mauritania,1,2014
13524,Libya,Mozambique,1,2014
12717,Libya,Niger,-1,2014
15804,Libya,Niger,-1,2014
14143,Libya,Rwanda,1,2014
13985,Libya,Senegal,1,2014
14478,Libya,Sudan,1,2014
15386,Libya,Togo,1,2014
15281,Libya,Uganda,1,2014
14389,Libya,Yemen,1,2014
12592,Libya,Zambia,1,2014
13974,Libya,Zambia,-1,2014
14423,Liechtenstein,Andorra,1,2014
14520,Liechtenstein,Bosnia and Herzegovina,-1,2014
15522,Liechtenstein,Croatia,-1,2014
12626,Liechtenstein,Czech Republic,-1,2014
15852,Liechtenstein,Estonia,-1,2014
15589,Liechtenstein,Greece,-1,2014
15166,Liechtenstein,Latvia,-1,2014
13127,Liechtenstein,Lithuania,1,2014
14681,Liechtenstein,Lithuania,-1,2014
14819,Liechtenstein,Malta,-1,2014
13677,Liechtenstein,Scotland,-1,2014
15330,Liechtenstein,Slovakia,-1,2014
12398,Liechtenstein,Spain,-1,2014
13401,Liechtenstein,Switzerland,-1,2014
13402,Lithuania,Armenia,1,2014
12347,Lithuania,Belarus,-1,2014
15755,Lithuania,Bosnia and Herzegovina,-1,2014
13724,Lithuania,Czech Republic,-1,2014
12276,Lithuania,Estonia,1,2014
15331,Lithuania,Greece,-1,2014
12266,Lithuania,Latvia,-1,2014
15703,Lithuania,Latvia,1,2014
13494,Lithuania,Liechtenstein,-1,2014
15657,Lithuania,Liechtenstein,1,2014
12984,Lithuania,Poland,1,2014
14184,Lithuania,Russia,-1,2014
12399,Lithuania,Scotland,-1,2014
14521,Lithuania,Slovakia,-1,2014
13058,Lithuania,Spain,-1,2014
13582,Luxembourg,Albania,1,2014
12718,Luxembourg,Algeria,-1,2014
12089,Luxembourg,Azerbaijan,-1,2014
15167,Luxembourg,Azerbaijan,-1,2014
12553,Luxembourg,Belarus,-1,2014
12400,Luxembourg,Bosnia and Herzegovina,-1,2014
12223,Luxembourg,Faroe Islands,-1,2014
15232,Luxembourg,Finland,-1,2014
12985,Luxembourg,France,-1,2014
14453,Luxembourg,Georgia,-1,2014
13128,Luxembourg,Hungary,-1,2014
14682,Luxembourg,Israel,-1,2014
15523,Luxembourg,Lithuania,1,2014
14224,Luxembourg,Malta,-1,2014
15828,Luxembourg,Montenegro,-1,2014
14053,Luxembourg,North Macedonia,1,2014
15658,Luxembourg,Northern Ireland,1,2014
14522,Luxembourg,Portugal,-1,2014
13495,Luxembourg,Romania,-1,2014
15704,Luxembourg,Russia,-1,2014
14820,Luxembourg,Scotland,-1,2014
12929,Luxembourg,Slovakia,1,2014
13852,Luxembourg,Switzerland,-1,2014
12953,Macau,Cambodia,1,2014
14640,Macau,Guam,-1,2014
15137,Macau,Tajikistan,-1,2014
13276,Macau,Vietnam,-1,2014
14087,Madagascar,Cape Verde,-1,2014
12382,Madagascar,Comoros,1,2014
13854,Madagascar,Equatorial Guinea,1,2014
12593,Madagascar,Ethiopia,-1,2014
13029,Madagascar,Guinea,-1,2014
12377,Madagascar,Mayotte,-1,2014
13368,Madagascar,Mayotte,-1,2014
13541,Madagascar,Nigeria,-1,2014
15339,Madrid,Andalusia,-1,2014
11994,Malawi,Algeria,1,2014
15472,Malawi,Angola,-1,2014
12348,Malawi,Botswana,-1,2014
12578,Malawi,Chad,1,2014
14370,Malawi,Chad,1,2014
14876,Malawi,Eritrea,1,2014
14702,Malawi,Ghana,-1,2014
12765,Malawi,Kenya,1,2014
15382,Malawi,Kenya,-1,2014
13288,Malawi,Namibia,-1,2014
15307,Malawi,Namibia,-1,2014
14309,Malawi,Nigeria,-1,2014
12719,Malawi,Rwanda,1,2014
13899,Malawi,Sudan,-1,2014
13012,Malawi,Togo,1,2014
13525,Malawi,Tunisia,-1,2014
12780,Malawi,Uganda,-1,2014
14405,Malawi,Zambia,1,2014
14885,Malawi,Zanzibar,1,2014
15265,Malawi,Zimbabwe,-1,2014
15756,Malaysia,Bahrain,-1,2014
14854,Malaysia,Bangladesh,-1,2014
12931,Malaysia,Hong Kong,1,2014
14822,Malaysia,Hong Kong,-1,2014
12819,Malaysia,Indonesia,1,2014
14886,Malaysia,Indonesia,1,2014
12797,Malaysia,Laos,1,2014
14873,Malaysia,Laos,1,2014
13214,Malaysia,Myanmar,1,2014
15233,Malaysia,Palestine,-1,2014
14206,Malaysia,Philippines,-1,2014
15853,Malaysia,Qatar,-1,2014
15132,Malaysia,Saudi Arabia,-1,2014
13356,Malaysia,Singapore,-1,2014
14351,Malaysia,Singapore,1,2014
14864,Malaysia,Singapore,-1,2014
14124,Malaysia,Sri Lanka,1,2014
13254,Malaysia,Taiwan,1,2014
14916,Malaysia,Thailand,-1,2014
12806,Malaysia,Vietnam,1,2014
14587,Malaysia,Vietnam,-1,2014
12061,Malaysia,Yemen,1,2014
15169,Malaysia,Yemen,1,2014
13922,Maldives,Bangladesh,1,2014
12963,Maldives,Cambodia,1,2014
13304,Maldives,India,-1,2014
15630,Maldives,India,-1,2014
13357,Maldives,Iran,-1,2014
12970,Maldives,Kyrgyzstan,1,2014
13367,Maldives,Mauritius,-1,2014
13905,Maldives,Nepal,-1,2014
14473,Maldives,Nepal,1,2014
13914,Maldives,Pakistan,-1,2014
15105,Maldives,Pakistan,-1,2014
15107,Maldives,Pakistan,1,2014
14100,Maldives,Palestine,-1,2014
13880,Maldives,Seychelles,1,2014
13883,Maldives,Seychelles,1,2014
15553,Maldives,Sri Lanka,1,2014
14480,Maldives,Syria,1,2014
12986,Maldives,Tajikistan,-1,2014
12000,Mali,Algeria,-1,2014
14329,Mali,Algeria,1,2014
15403,Mali,Benin,-1,2014
14539,Mali,Botswana,1,2014
13526,Mali,Cape Verde,1,2014
12720,Mali,DR Congo,1,2014
15102,Mali,Ghana,1,2014
12349,Mali,Guinea,-1,2014
13972,Mali,Guinea,1,2014
12903,Mali,Ivory Coast,-1,2014
13997,Mali,Ivory Coast,-1,2014
12579,Mali,Liberia,1,2014
12011,Mali,Malawi,1,2014
15008,Mali,Niger,1,2014
15075,Mali,Nigeria,-1,2014
15355,Mali,Rwanda,-1,2014
13013,Mali,Zimbabwe,1,2014
14523,Malta,Armenia,-1,2014
15660,Malta,Bulgaria,-1,2014
13403,Malta,Central African Republic,1,2014
13496,Malta,Croatia,-1,2014
15705,Malta,Czech Republic,-1,2014
15591,Malta,Denmark,-1,2014
15854,Malta,Faroe Islands,1,2014
12091,Malta,Finland,-1,2014
13584,Malta,Georgia,-1,2014
13014,Malta,Greece,-1,2014
13726,Malta,Israel,-1,2014
15234,Malta,Italy,-1,2014
12466,Malta,Latvia,-1,2014
14054,Malta,Liechtenstein,1,2014
12350,Malta,North Macedonia,-1,2014
15076,Malta,Northern Ireland,-1,2014
12932,Malta,Switzerland,-1,2014
14489,Martinique,British Virgin Islands,1,2014
12759,Martinique,Cuba,-1,2014
14905,Martinique,Cuba,1,2014
12750,Martinique,Grenada,-1,2014
14090,Martinique,Guadeloupe,-1,2014
14126,Martinique,Guyana,-1,2014
12118,Martinique,Haiti,-1,2014
14633,Martinique,Mayotte,1,2014
15460,Martinique,Mexico,-1,2014
14524,Martinique,Montserrat,1,2014
14619,Martinique,New Caledonia,1,2014
14775,Martinique,Puerto Rico,1,2014
14552,Martinique,Suriname,-1,2014
12499,Martinique,Tahiti,1,2014
14625,Martinique,Tahiti,-1,2014
12770,Martinique,Trinidad and Tobago,-1,2014
14934,Martinique,Trinidad and Tobago,-1,2014
12351,Mauritania,Palestine,-1,2014
12423,Mauritius,Cameroon,-1,2014
13374,Mauritius,Comoros,1,2014
13165,Mauritius,DR Congo,-1,2014
13690,Mauritius,Senegal,-1,2014
15449,Mauritius,Seychelles,1,2014
12524,Mayotte,Guadeloupe,-1,2014
13423,Mayotte,Mauritius,-1,2014
12505,Mayotte,Réunion,-1,2014
13373,Mayotte,Réunion,1,2014
12517,Mayotte,Saint Pierre and Miquelon,1,2014
12135,Mexico,Angola,1,2014
12055,Mexico,Bolivia,1,2014
12933,Mexico,Bosnia and Herzegovina,1,2014
14195,Mexico,Bosnia and Herzegovina,1,2014
13727,Mexico,Brazil,-1,2014
14243,Mexico,Brazil,1,2014
15452,Mexico,Canada,1,2014
12138,Mexico,Chile,1,2014
13542,Mexico,Chile,1,2014
12467,Mexico,Colombia,1,2014
14055,Mexico,Colombia,-1,2014
13206,Mexico,Costa Rica,1,2014
14588,Mexico,Costa Rica,1,2014
15374,Mexico,Costa Rica,-1,2014
12130,Mexico,Ecuador,-1,2014
12424,Mexico,Ecuador,-1,2014
13100,Mexico,Ecuador,-1,2014
13166,Mexico,El Salvador,1,2014
14752,Mexico,El Salvador,1,2014
12195,Mexico,Gambia,1,2014
13215,Mexico,Guatemala,1,2014
14288,Mexico,Guyana,1,2014
15592,Mexico,Honduras,-1,2014
12119,Mexico,Iceland,-1,2014
15404,Mexico,Italy,-1,2014
15525,Mexico,Ivory Coast,1,2014
15077,Mexico,Jamaica,-1,2014
12092,Mexico,New Zealand,1,2014
13114,Mexico,New Zealand,1,2014
15783,Mexico,New Zealand,1,2014
15279,Mexico,Nigeria,-1,2014
12114,Mexico,North Korea,1,2014
15438,Mexico,Panama,-1,2014
15706,Mexico,Panama,1,2014
13015,Mexico,Paraguay,1,2014
15253,Mexico,Peru,-1,2014
12132,Mexico,Senegal,1,2014
13785,Mexico,Serbia,1,2014
12352,Mexico,Spain,-1,2014
15483,Mexico,Trinidad and Tobago,1,2014
14455,Mexico,United States,-1,2014
15235,Mexico,United States,-1,2014
12283,Mexico,Uruguay,-1,2014
12628,Mexico,Venezuela,-1,2014
13059,Mexico,Venezuela,-1,2014
13202,Mexico,Venezuela,-1,2014
13975,Mexico,Venezuela,1,2014
14176,Mexico,Wales,1,2014
15526,Moldova,Andorra,-1,2014
14056,Moldova,Belarus,-1,2014
14525,Moldova,England,-1,2014
12401,Moldova,Finland,1,2014
12353,Moldova,Georgia,-1,2014
13585,Moldova,Hungary,-1,2014
15078,Moldova,Kazakhstan,-1,2014
15387,Moldova,Kyrgyzstan,1,2014
15831,Moldova,Lithuania,-1,2014
15170,Moldova,Montenegro,-1,2014
12554,Moldova,Netherlands,-1,2014
12899,Moldova,Poland,-1,2014
15332,Moldova,Poland,-1,2014
13728,Moldova,San Marino,1,2014
15707,Moldova,San Marino,1,2014
13129,Moldova,Sweden,-1,2014
14684,Moldova,Ukraine,-1,2014
12180,Moldova,United Arab Emirates,-1,2014
14337,Monaco,Raetia,-1,2014
13085,Monaco,Vatican City,1,2014
15422,Monaco,Vatican City,1,2014
15118,Mongolia,Afghanistan,-1,2014
13255,Mongolia,Myanmar,1,2014
12955,Mongolia,Philippines,1,2014
12162,Montenegro,Albania,-1,2014
12721,Montenegro,Azerbaijan,1,2014
13142,Montenegro,Bulgaria,-1,2014
13855,Montenegro,Czech Republic,-1,2014
13653,Montenegro,England,-1,2014
15236,Montenegro,England,-1,2014
14057,Montenegro,Iceland,1,2014
14456,Montenegro,Latvia,1,2014
15757,Montenegro,Moldova,-1,2014
12354,Montenegro,Northern Ireland,1,2014
14526,Montenegro,Poland,-1,2014
14823,Montenegro,San Marino,1,2014
12555,Montenegro,Switzerland,1,2014
15333,Montenegro,Ukraine,-1,2014
12987,Montenegro,Uzbekistan,1,2014
12402,Montenegro,Wales,1,2014
12556,Montserrat,Barbados,-1,2014
13212,Montserrat,Belize,-1,2014
14490,Montserrat,Suriname,-1,2014
13143,Morocco,Algeria,1,2014
14058,Morocco,Burkina Faso,1,2014
15527,Morocco,Burkina Faso,-1,2014
13816,Morocco,Cameroon,-1,2014
15016,Morocco,Cape Verde,-1,2014
12425,Morocco,Central African Republic,-1,2014
12355,Morocco,Equatorial Guinea,1,2014
15394,Morocco,Gambia,1,2014
14457,Morocco,Guinea,-1,2014
14310,Morocco,Ivory Coast,-1,2014
14705,Morocco,Mozambique,1,2014
12934,Morocco,Niger,1,2014
14150,Morocco,Senegal,-1,2014
15708,Morocco,South Africa,-1,2014
13691,Morocco,Tanzania,1,2014
15347,Morocco,Tanzania,1,2014
14824,Morocco,Togo,-1,2014
13970,Morocco,Tunisia,-1,2014
13786,Morocco,Uganda,-1,2014
11996,Mozambique,Benin,-1,2014
12093,Mozambique,Botswana,-1,2014
12935,Mozambique,Botswana,-1,2014
13678,Mozambique,Comoros,1,2014
13856,Mozambique,Comoros,1,2014
15405,Mozambique,Egypt,-1,2014
12356,Mozambique,Eswatini,1,2014
15206,Mozambique,Guinea,-1,2014
12438,Mozambique,Libya,-1,2014
14555,Mozambique,Morocco,1,2014
14163,Mozambique,Namibia,-1,2014
12242,Mozambique,Portugal,-1,2014
13083,Mozambique,Tanzania,1,2014
14379,Mozambique,Tanzania,-1,2014
13030,Mozambique,Zambia,-1,2014
12722,Mozambique,Zimbabwe,-1,2014
14330,Mozambique,Zimbabwe,-1,2014
12968,Myanmar,Bangladesh,-1,2014
14644,Myanmar,Brunei,1,2014
14653,Myanmar,Cambodia,1,2014
15110,Myanmar,Guam,1,2014
15568,Myanmar,Hong Kong,-1,2014
15122,Myanmar,India,1,2014
14699,Myanmar,Laos,-1,2014
13274,Myanmar,Mongolia,1,2014
13350,Myanmar,Oman,-1,2014
12977,Myanmar,Palestine,-1,2014
12799,Myanmar,Philippines,-1,2014
12961,Myanmar,Philippines,-1,2014
15055,Myanmar,Philippines,-1,2014
14567,Myanmar,Singapore,-1,2014
15293,Myanmar,Singapore,-1,2014
14646,Myanmar,Timor-Leste,1,2014
12117,Namibia,Botswana,-1,2014
13144,Namibia,Burkina Faso,-1,2014
13857,Namibia,Djibouti,1,2014
13527,Namibia,Gambia,1,2014
14311,Namibia,Kenya,1,2014
13747,Namibia,Lesotho,-1,2014
14372,Namibia,Liberia,-1,2014
12936,Namibia,Malawi,-1,2014
15194,Namibia,Malawi,-1,2014
15433,Namibia,Mauritius,1,2014
14984,Namibia,Morocco,-1,2014
15471,Namibia,Mozambique,-1,2014
15855,Namibia,Mozambique,-1,2014
15383,Namibia,Nigeria,-1,2014
14700,Namibia,Rwanda,-1,2014
15444,Namibia,Seychelles,1,2014
15266,Namibia,Zambia,-1,2014
13076,Nepal,Afghanistan,1,2014
15625,Nepal,Afghanistan,-1,2014
14615,Nepal,Bangladesh,-1,2014
15119,Nepal,Bangladesh,-1,2014
15550,Nepal,Bangladesh,1,2014
12958,Nepal,Bhutan,1,2014
12959,Nepal,Bhutan,1,2014
14479,Nepal,Cameroon,-1,2014
15561,Nepal,India,1,2014
13358,Nepal,Jordan,-1,2014
14096,Nepal,Maldives,-1,2014
13078,Nepal,North Korea,-1,2014
15114,Nepal,Northern Mariana Islands,1,2014
15079,Nepal,Pakistan,-1,2014
15103,Nepal,Pakistan,-1,2014
15556,Nepal,Pakistan,-1,2014
14092,Nepal,Palestine,-1,2014
15124,Nepal,Palestine,-1,2014
13081,Nepal,Sri Lanka,-1,2014
13256,Nepal,Timor-Leste,1,2014
13271,Nepal,Timor-Leste,1,2014
14101,Nepal,Turkmenistan,-1,2014
14685,Netherlands,Andorra,1,2014
12937,Netherlands,Austria,1,2014
12309,Netherlands,Brazil,1,2014
14164,Netherlands,Bulgaria,-1,2014
15856,Netherlands,Colombia,-1,2014
12254,Netherlands,Denmark,1,2014
14312,Netherlands,Denmark,-1,2014
15171,Netherlands,Estonia,1,2014
12468,Netherlands,Finland,1,2014
14356,Netherlands,Germany,-1,2014
14825,Netherlands,Germany,-1,2014
12203,Netherlands,Ghana,1,2014
12232,Netherlands,Hungary,1,2014
13060,Netherlands,Hungary,1,2014
15709,Netherlands,Hungary,1,2014
15080,Netherlands,Italy,-1,2014
12271,Netherlands,Japan,1,2014
15822,Netherlands,Japan,-1,2014
12170,Netherlands,Mexico,1,2014
13654,Netherlands,Moldova,1,2014
14225,Netherlands,Northern Ireland,1,2014
15237,Netherlands,Romania,1,2014
13497,Netherlands,San Marino,1,2014
12304,Netherlands,Slovakia,1,2014
14187,Netherlands,Slovakia,1,2014
12319,Netherlands,Spain,-1,2014
12629,Netherlands,Sweden,1,2014
13787,Netherlands,Switzerland,-1,2014
12723,Netherlands,Turkey,1,2014
14527,Netherlands,Turkey,1,2014
12094,Netherlands,United States,1,2014
13528,New Caledonia,American Samoa,1,2014
13456,New Caledonia,Guam,1,2014
12511,New Caledonia,Martinique,-1,2014
14624,New Caledonia,Mayotte,-1,2014
14528,New Caledonia,New Zealand,-1,2014
13084,New Caledonia,Réunion,-1,2014
13086,New Caledonia,Réunion,-1,2014
14264,New Caledonia,Samoa,1,2014
13551,New Caledonia,Solomon Islands,-1,2014
13608,New Caledonia,Solomon Islands,1,2014
14753,New Caledonia,Solomon Islands,1,2014
12520,New Caledonia,Tahiti,-1,2014
13606,New Caledonia,Tahiti,1,2014
14632,New Caledonia,Tahiti,-1,2014
15238,New Caledonia,Tahiti,1,2014
13461,New Caledonia,Tuvalu,1,2014
13448,New Caledonia,Vanuatu,1,2014
12580,New Zealand,Honduras,-1,2014
14059,New Zealand,Jamaica,-1,2014
15869,New Zealand,Mexico,-1,2014
14289,New Zealand,New Caledonia,-1,2014
15172,New Zealand,New Caledonia,1,2014
12630,New Zealand,Paraguay,-1,2014
12181,New Zealand,Serbia,1,2014
12257,New Zealand,Slovakia,-1,2014
14589,New Zealand,Solomon Islands,1,2014
14754,New Zealand,Tahiti,1,2014
12879,Nicaragua,Belize,-1,2014
15013,Nicaragua,Belize,-1,2014
13788,Nicaragua,Dominica,1,2014
12885,Nicaragua,Guatemala,-1,2014
13586,Nicaragua,Panama,-1,2014
14013,Nicaragua,Puerto Rico,1,2014
14018,Nicaragua,Puerto Rico,1,2014
12113,Niger,Benin,1,2014
13858,Niger,Botswana,-1,2014
15356,Niger,Burkina Faso,-1,2014
12272,Niger,Chad,-1,2014
15615,Niger,Congo,-1,2014
15021,Niger,DR Congo,-1,2014
12594,Niger,Egypt,1,2014
14244,Niger,Gabon,1,2014
15036,Niger,Ghana,-1,2014
14714,Niger,Guinea,1,2014
13990,Niger,Morocco,-1,2014
14458,Niger,Nigeria,-1,2014
14826,Niger,Senegal,-1,2014
13031,Niger,Sierra Leone,1,2014
13543,Niger,South Africa,1,2014
13404,Niger,Togo,-1,2014
14963,Niger,Togo,1,2014
13980,Niger,Tunisia,-1,2014
12033,Nigeria,Algeria,1,2014
13948,Nigeria,Angola,-1,2014
13115,Nigeria,Argentina,1,2014
12004,Nigeria,Benin,1,2014
13811,Nigeria,Botswana,-1,2014
15009,Nigeria,Burkina Faso,-1,2014
15104,Nigeria,Burkina Faso,1,2014
15661,Nigeria,Burkina Faso,1,2014
12196,Nigeria,Colombia,-1,2014
12095,Nigeria,DR Congo,1,2014
13032,Nigeria,Ethiopia,1,2014
15823,Nigeria,Ethiopia,1,2014
13679,Nigeria,Guinea,-1,2014
13061,Nigeria,Kenya,1,2014
15195,Nigeria,Kenya,-1,2014
14703,Nigeria,Liberia,1,2014
12439,Nigeria,Madagascar,1,2014
15616,Nigeria,Malawi,1,2014
12015,Nigeria,Mozambique,1,2014
14245,Nigeria,Namibia,1,2014
12240,Nigeria,North Korea,1,2014
14366,Nigeria,Rwanda,1,2014
12163,Nigeria,Saudi Arabia,-1,2014
12938,Nigeria,Sierra Leone,1,2014
12284,Nigeria,South Korea,-1,2014
15423,Nigeria,Spain,-1,2014
15418,Nigeria,Uruguay,-1,2014
13859,Nigeria,Zambia,1,2014
13080,North Korea,Afghanistan,1,2014
14896,North Korea,Australia,-1,2014
14892,North Korea,Guam,1,2014
14102,North Korea,India,1,2014
13011,North Korea,Iraq,1,2014
12295,North Korea,Ivory Coast,-1,2014
13849,North Korea,Japan,1,2014
14003,North Korea,Kuwait,-1,2014
15073,North Korea,Laos,1,2014
12054,North Korea,Myanmar,1,2014
14104,North Korea,Palestine,1,2014
14095,North Korea,Philippines,1,2014
13075,North Korea,Sri Lanka,1,2014
13578,North Korea,Tajikistan,1,2014
12046,North Korea,Turkmenistan,-1,2014
12851,North Korea,United Arab Emirates,-1,2014
13721,North Korea,Uzbekistan,-1,2014
13853,North Macedonia,Albania,-1,2014
13583,North Macedonia,Andorra,1,2014
12465,North Macedonia,Armenia,-1,2014
15168,North Macedonia,Belgium,-1,2014
15524,North Macedonia,Bulgaria,1,2014
12930,North Macedonia,Cameroon,-1,2014
14683,North Macedonia,Croatia,-1,2014
15074,North Macedonia,Denmark,1,2014
14454,North Macedonia,Lithuania,1,2014
12090,North Macedonia,Montenegro,1,2014
14933,North Macedonia,Poland,-1,2014
13141,North Macedonia,Republic of Ireland,-1,2014
12627,North Macedonia,Russia,-1,2014
15659,North Macedonia,Scotland,-1,2014
14751,North Macedonia,Serbia,1,2014
13725,North Macedonia,Slovakia,-1,2014
14821,North Macedonia,Slovenia,1,2014
15590,North Macedonia,Wales,1,2014
14260,Northern Cyprus,Darfur,1,2014
14827,Northern Ireland,Azerbaijan,-1,2014
13655,Northern Ireland,Estonia,-1,2014
13405,Northern Ireland,Faroe Islands,1,2014
14459,Northern Ireland,Finland,-1,2014
15239,Northern Ireland,Israel,-1,2014
12557,Northern Ireland,Italy,-1,2014
14590,Northern Ireland,Luxembourg,-1,2014
12724,Northern Ireland,Morocco,-1,2014
14060,Northern Ireland,Norway,-1,2014
15593,Northern Ireland,Portugal,-1,2014
15528,Northern Ireland,Russia,1,2014
13498,Northern Ireland,Serbia,-1,2014
13062,Northern Ireland,Slovenia,-1,2014
12171,Northern Ireland,Turkey,-1,2014
12273,Northern Mariana Islands,Guam,-1,2014
14417,Northern Mariana Islands,Macau,-1,2014
15120,Northern Mariana Islands,Palestine,-1,2014
15173,Norway,Albania,-1,2014
14226,Norway,Croatia,-1,2014
13729,Norway,Cyprus,1,2014
15594,Norway,Cyprus,1,2014
13406,Norway,Czech Republic,1,2014
13016,Norway,Denmark,-1,2014
14165,Norway,England,-1,2014
12357,Norway,France,1,2014
14460,Norway,Greece,-1,2014
13499,Norway,Iceland,1,2014
15758,Norway,Iceland,-1,2014
13186,Norway,Lithuania,1,2014
12182,Norway,Montenegro,1,2014
15375,Norway,North Macedonia,1,2014
12939,Norway,Poland,-1,2014
12469,Norway,Portugal,1,2014
15857,Norway,Scotland,-1,2014
14591,Norway,Slovenia,1,2014
15662,Norway,Switzerland,-1,2014
12212,Norway,Ukraine,-1,2014
15081,Norway,Ukraine,-1,2014
13942,Occitania,Cilento,1,2014
12123,Occitania,Monaco,1,2014
12206,Occitania,Padania,-1,2014
13101,Occitania,Romani people,1,2014
14114,Occitania,Sápmi,1,2014
14279,Occitania,Tamil Eelam,1,2014
12238,Occitania,Two Sicilies,1,2014
14317,Occitania,Western Sahara,1,2014
13789,Oman,Australia,1,2014
14290,Oman,Australia,-1,2014
12744,Oman,Bahrain,-1,2014
13407,Oman,Bahrain,-1,2014
14947,Oman,Bahrain,1,2014
15904,Oman,Bahrain,-1,2014
12725,Oman,Belarus,-1,2014
14944,Oman,Benin,1,2014
12631,Oman,Chile,-1,2014
15041,Oman,China PR,1,2014
13954,Oman,DR Congo,-1,2014
14461,Oman,Egypt,-1,2014
14788,Oman,Estonia,-1,2014
12558,Oman,Gabon,1,2014
15138,Oman,Haiti,1,2014
14009,Oman,India,1,2014
12515,Oman,Iran,-1,2014
15260,Oman,Iran,1,2014
12766,Oman,Iraq,-1,2014
14943,Oman,Iraq,-1,2014
15300,Oman,Iraq,1,2014
14828,Oman,Japan,-1,2014
14755,Oman,Jordan,1,2014
12096,Oman,Kuwait,-1,2014
13449,Oman,Kuwait,1,2014
14177,Oman,Lebanon,-1,2014
14906,Oman,Lebanon,-1,2014
15274,Oman,Lebanon,-1,2014
12403,Oman,Malaysia,1,2014
15681,Oman,Mauritania,-1,2014
13336,Oman,Myanmar,1,2014
14935,Oman,Palestine,1,2014
13500,Oman,Saudi Arabia,-1,2014
12016,Oman,Sweden,-1,2014
13315,Oman,Syria,-1,2014
15082,Oman,Syria,1,2014
14061,Oman,Thailand,1,2014
14956,Oman,Togo,-1,2014
13063,Oman,Tunisia,1,2014
14637,Oman,Yemen,1,2014
12227,Padania,Two Sicilies,1,2014
13277,Pakistan,Bangladesh,-1,2014
12971,Pakistan,India,-1,2014
15145,Pakistan,Macau,1,2014
13923,Pakistan,Nepal,-1,2014
13278,Palestine,Afghanistan,-1,2014
14062,Palestine,Azerbaijan,1,2014
14877,Palestine,Bahrain,-1,2014
12964,Palestine,Bangladesh,1,2014
15115,Palestine,Bangladesh,1,2014
12518,Palestine,Iraq,-1,2014
15908,Palestine,Saudi Arabia,-1,2014
14850,Palestine,Syria,-1,2014
14855,Palestine,Syria,1,2014
13359,Palestine,Thailand,-1,2014
14097,Palestine,Turkmenistan,-1,2014
13207,Palestine,Vatican City,1,2014
12863,Panama,Belize,1,2014
12988,Panama,Bolivia,1,2014
14592,Panama,Canada,1,2014
15461,Panama,Canada,-1,2014
12404,Panama,Costa Rica,-1,2014
12886,Panama,Costa Rica,-1,2014
13790,Panama,Costa Rica,1,2014
15083,Panama,Costa Rica,-1,2014
12662,Panama,Cuba,-1,2014
14352,Panama,Cuba,1,2014
15484,Panama,Cuba,1,2014
13860,Panama,Dominica,1,2014
12559,Panama,El Salvador,1,2014
12880,Panama,El Salvador,1,2014
12893,Panama,El Salvador,-1,2014
13218,Panama,El Salvador,-1,2014
13107,Panama,Grenada,1,2014
13187,Panama,Guadeloupe,1,2014
14978,Panama,Guatemala,1,2014
14989,Panama,Guatemala,1,2014
14135,Panama,Guyana,1,2014
12726,Panama,Honduras,1,2014
14686,Panama,Honduras,-1,2014
15014,Panama,Honduras,-1,2014
15240,Panama,Honduras,1,2014
14207,Panama,Jamaica,1,2014
15595,Panama,Jamaica,-1,2014
15453,Panama,Martinique,1,2014
15334,Panama,Mexico,-1,2014
15490,Panama,Mexico,1,2014
12869,Panama,Nicaragua,1,2014
13730,Panama,Nicaragua,1,2014
13501,Panama,Paraguay,-1,2014
12632,Panama,Peru,1,2014
15282,Panama,Peru,-1,2014
14829,Panama,Spain,-1,2014
12470,Panama,Trinidad and Tobago,1,2014
13976,Panama,United States,-1,2014
15759,Panama,United States,-1,2014
12358,Panama,Venezuela,1,2014
13450,Papua New Guinea,Cook Islands,1,2014
13552,Papua New Guinea,Fiji,-1,2014
14272,Papua New Guinea,Fiji,-1,2014
14256,Papua New Guinea,New Zealand,-1,2014
15663,Paraguay,Argentina,-1,2014
13188,Paraguay,Bolivia,-1,2014
15596,Paraguay,Bolivia,1,2014
13224,Paraguay,Chile,-1,2014
14002,Paraguay,Chile,1,2014
15335,Paraguay,Chile,-1,2014
15760,Paraguay,Colombia,-1,2014
12359,Paraguay,Costa Rica,1,2014
13279,Paraguay,Ecuador,-1,2014
13791,Paraguay,Ecuador,1,2014
14007,Paraguay,Guatemala,1,2014
14830,Paraguay,Guatemala,1,2014
12197,Paraguay,Ivory Coast,-1,2014
12305,Paraguay,Japan,-1,2014
12292,Paraguay,New Zealand,-1,2014
12136,Paraguay,North Korea,1,2014
14063,Paraguay,Panama,1,2014
14756,Paraguay,Peru,1,2014
13203,Paraguay,Romania,1,2014
12121,Paraguay,South Africa,-1,2014
12312,Paraguay,Spain,-1,2014
13731,Paraguay,Uruguay,-1,2014
13312,Paraguay,Venezuela,-1,2014
13329,Paraguay,Venezuela,-1,2014
14593,Paraguay,Venezuela,-1,2014
14594,Peru,Argentina,-1,2014
13502,Peru,Bolivia,-1,2014
15761,Peru,Bolivia,-1,2014
14118,Peru,Chile,-1,2014
15174,Peru,Chile,1,2014
14246,Peru,Colombia,-1,2014
12560,Peru,Costa Rica,1,2014
13145,Peru,Czech Republic,-1,2014
15336,Peru,Ecuador,1,2014
13294,Peru,Mexico,1,2014
14144,Peru,Nigeria,1,2014
12904,Peru,Panama,1,2014
13656,Peru,Paraguay,1,2014
13243,Peru,Senegal,1,2014
15241,Peru,Trinidad and Tobago,1,2014
13328,Peru,Uruguay,-1,2014
15597,Peru,Uruguay,-1,2014
13337,Peru,Venezuela,1,2014
14529,Peru,Venezuela,1,2014
12663,Philippines,Cambodia,-1,2014
15207,Philippines,Cambodia,1,2014
14353,Philippines,Guam,1,2014
14628,Philippines,Guam,1,2014
14098,Philippines,India,1,2014
14265,Philippines,Indonesia,-1,2014
13360,Philippines,Kuwait,-1,2014
12633,Philippines,Macau,1,2014
13622,Philippines,Macau,1,2014
14636,Philippines,Macau,1,2014
14064,Philippines,Malaysia,-1,2014
12940,Philippines,Mongolia,1,2014
14880,Philippines,Myanmar,1,2014
13732,Philippines,Nepal,1,2014
15762,Philippines,Pakistan,1,2014
12972,Philippines,Palestine,-1,2014
14106,Philippines,Palestine,1,2014
14846,Philippines,Singapore,1,2014
14907,Philippines,Singapore,-1,2014
13280,Philippines,Sri Lanka,1,2014
14641,Philippines,Taiwan,1,2014
15710,Philippines,Taiwan,-1,2014
15242,Philippines,Turkmenistan,1,2014
14227,Poland,Andorra,1,2014
13167,Poland,Argentina,1,2014
12471,Poland,Australia,-1,2014
12097,Poland,Bulgaria,1,2014
12360,Poland,Cameroon,-1,2014
14365,Poland,Czech Republic,-1,2014
15529,Poland,Denmark,1,2014
14770,Poland,England,-1,2014
12183,Poland,Finland,-1,2014
13198,Poland,France,-1,2014
13408,Poland,Georgia,1,2014
13587,Poland,Germany,-1,2014
14291,Poland,Greece,-1,2014
13861,Poland,Hungary,1,2014
13792,Poland,Italy,-1,2014
12727,Poland,Ivory Coast,1,2014
15301,Poland,Liechtenstein,1,2014
13503,Poland,Mexico,-1,2014
14595,Poland,Moldova,1,2014
15598,Poland,Montenegro,-1,2014
14065,Poland,Portugal,-1,2014
15858,Poland,Republic of Ireland,-1,2014
14354,Poland,Russia,-1,2014
15243,Poland,San Marino,1,2014
12022,Poland,Singapore,1,2014
14166,Poland,Slovakia,1,2014
15805,Poland,Slovakia,-1,2014
14687,Poland,South Africa,1,2014
12426,Poland,Ukraine,-1,2014
15175,Poland,Ukraine,-1,2014
14831,Poland,Uruguay,-1,2014
14596,Portugal,Azerbaijan,1,2014
13862,Portugal,Bosnia and Herzegovina,1,2014
12296,Portugal,Brazil,-1,2014
12204,Portugal,Cameroon,1,2014
12156,Portugal,Cape Verde,-1,2014
13017,Portugal,Chile,-1,2014
12098,Portugal,China PR,1,2014
12405,Portugal,Cyprus,-1,2014
12561,Portugal,Denmark,1,2014
15084,Portugal,Ecuador,-1,2014
13064,Portugal,Finland,1,2014
13657,Portugal,Iceland,1,2014
15711,Portugal,Israel,-1,2014
13409,Portugal,Luxembourg,1,2014
15763,Portugal,Luxembourg,1,2014
14374,Portugal,Netherlands,1,2014
15530,Portugal,Netherlands,-1,2014
12280,Portugal,North Korea,1,2014
14167,Portugal,North Macedonia,-1,2014
14757,Portugal,Northern Ireland,-1,2014
13146,Portugal,Norway,1,2014
14462,Portugal,Panama,1,2014
15337,Portugal,Russia,1,2014
12728,Portugal,Spain,1,2014
14396,Portugal,Spain,-1,2014
15806,Portugal,Sweden,1,2014
14228,Portugal,Turkey,-1,2014
15106,Provence,Monaco,1,2014
14276,Provence,Northern Cyprus,1,2014
12207,Provence,Two Sicilies,-1,2014
14318,Provence,Zanzibar,-1,2014
12525,Puerto Rico,Anguilla,1,2014
13588,Puerto Rico,Canada,-1,2014
12533,Puerto Rico,Cayman Islands,1,2014
14782,Puerto Rico,Dominican Republic,-1,2014
14208,Puerto Rico,Nicaragua,1,2014
14247,Puerto Rico,Nicaragua,-1,2014
12664,Puerto Rico,Saint Kitts and Nevis,-1,2014
13658,Puerto Rico,Saint Kitts and Nevis,-1,2014
13793,Puerto Rico,Saint Lucia,1,2014
13822,Puerto Rico,Saint Lucia,1,2014
12530,Puerto Rico,Saint Martin,1,2014
14553,Puerto Rico,Saint Martin,1,2014
14463,Puerto Rico,Spain,-1,2014
15275,Qatar,Azerbaijan,-1,2014
12406,Qatar,Bahrain,-1,2014
13863,Qatar,Bahrain,-1,2014
15903,Qatar,Bahrain,-1,2014
12853,Qatar,China PR,1,2014
12808,Qatar,Egypt,1,2014
14954,Qatar,Egypt,-1,2014
15126,Qatar,Egypt,1,2014
12815,Qatar,Estonia,1,2014
12738,Qatar,Haiti,-1,2014
13325,Qatar,India,-1,2014
13794,Qatar,Indonesia,1,2014
13589,Qatar,Iran,-1,2014
15302,Qatar,Iran,-1,2014
12634,Qatar,Iraq,-1,2014
13431,Qatar,Iraq,-1,2014
12887,Qatar,Japan,-1,2014
12870,Qatar,Kuwait,1,2014
15262,Qatar,Latvia,1,2014
14832,Qatar,Lebanon,1,2014
15044,Qatar,Lebanon,1,2014
15631,Qatar,Lebanon,-1,2014
15085,Qatar,Malaysia,1,2014
11970,Qatar,Mali,-1,2014
15562,Qatar,Mauritius,1,2014
12828,Qatar,North Korea,-1,2014
15376,Qatar,North Korea,-1,2014
12472,Qatar,Oman,-1,2014
13749,Qatar,Oman,-1,2014
14970,Qatar,Oman,1,2014
14180,Qatar,Palestine,-1,2014
15254,Qatar,Palestine,1,2014
15905,Qatar,Palestine,1,2014
13065,Qatar,Russia,-1,2014
12760,Qatar,Saudi Arabia,-1,2014
15914,Qatar,Saudi Arabia,1,2014
14292,Qatar,South Korea,-1,2014
14493,Qatar,Tajikistan,-1,2014
15133,Qatar,Thailand,1,2014
14964,Qatar,United Arab Emirates,-1,2014
12839,Qatar,Uzbekistan,-1,2014
14758,Qatar,Uzbekistan,-1,2014
13338,Qatar,Vietnam,1,2014
15682,Qatar,Vietnam,-1,2014
15724,Qatar,Yemen,1,2014
15434,Raetia,Alderney,1,2014
14270,Raetia,Tamil Eelam,1,2014
15439,Raetia,Tamil Eelam,-1,2014
12176,Republic of Ireland,Algeria,1,2014
12460,Republic of Ireland,Andorra,1,2014
12344,Republic of Ireland,Argentina,-1,2014
13717,Republic of Ireland,Armenia,1,2014
15228,Republic of Ireland,Austria,-1,2014
14161,Republic of Ireland,Bosnia and Herzegovina,1,2014
12064,Republic of Ireland,Brazil,-1,2014
13393,Republic of Ireland,Croatia,-1,2014
14325,Republic of Ireland,Croatia,-1,2014
14046,Republic of Ireland,Czech Republic,-1,2014
13845,Republic of Ireland,Estonia,-1,2014
15325,Republic of Ireland,Faroe Islands,1,2014
15286,Republic of Ireland,Georgia,1,2014
14678,Republic of Ireland,Germany,-1,2014
14814,Republic of Ireland,Greece,-1,2014
15746,Republic of Ireland,Kazakhstan,1,2014
15799,Republic of Ireland,Latvia,1,2014
13007,Republic of Ireland,North Macedonia,1,2014
13091,Republic of Ireland,Northern Ireland,1,2014
12713,Republic of Ireland,Norway,-1,2014
14580,Republic of Ireland,Oman,1,2014
12161,Republic of Ireland,Paraguay,1,2014
15068,Republic of Ireland,Poland,1,2014
12549,Republic of Ireland,Russia,-1,2014
13106,Republic of Ireland,Scotland,1,2014
13490,Republic of Ireland,Slovakia,-1,2014
15580,Republic of Ireland,Sweden,-1,2014
13054,Republic of Ireland,Uruguay,-1,2014
12902,Republic of Ireland,Wales,1,2014
13228,Rhodes,Greenland,1,2014
12407,Romania,Albania,-1,2014
14597,Romania,Andorra,1,2014
15086,Romania,Australia,1,2014
13659,Romania,Belarus,-1,2014
14833,Romania,Belgium,1,2014
13130,Romania,Bosnia and Herzegovina,1,2014
15764,Romania,Estonia,1,2014
13590,Romania,France,-1,2014
15859,Romania,Greece,-1,2014
12233,Romania,Honduras,1,2014
15599,Romania,Hungary,1,2014
12099,Romania,Israel,-1,2014
13066,Romania,Luxembourg,1,2014
14759,Romania,Netherlands,-1,2014
12213,Romania,North Macedonia,-1,2014
15531,Romania,Slovakia,-1,2014
15303,Romania,Trinidad and Tobago,1,2014
15664,Romania,Turkey,-1,2014
13981,Romania,Turkmenistan,1,2014
12905,Romania,Ukraine,-1,2014
14066,Romania,Uruguay,-1,2014
13733,Russia,Andorra,1,2014
13147,Russia,Armenia,1,2014
14760,Russia,Azerbaijan,1,2014
12729,Russia,Belgium,-1,2014
15211,Russia,Brazil,-1,2014
12361,Russia,Bulgaria,1,2014
13189,Russia,Cameroon,-1,2014
14293,Russia,Czech Republic,1,2014
15665,Russia,Israel,1,2014
14464,Russia,Ivory Coast,-1,2014
15600,Russia,Luxembourg,1,2014
13504,Russia,North Macedonia,1,2014
14530,Russia,Northern Ireland,1,2014
14688,Russia,Portugal,1,2014
13591,Russia,Republic of Ireland,-1,2014
13410,Russia,Serbia,1,2014
15807,Russia,Serbia,-1,2014
12473,Russia,Slovakia,-1,2014
15860,Russia,South Korea,1,2014
14834,Russia,United States,-1,2014
14151,Russia,Uruguay,-1,2014
15406,Rwanda,Algeria,-1,2014
12581,Rwanda,Benin,-1,2014
14331,Rwanda,Benin,-1,2014
13018,Rwanda,Burundi,1,2014
13906,Rwanda,Djibouti,1,2014
13864,Rwanda,Eritrea,1,2014
15892,Rwanda,Eritrea,1,2014
11988,Rwanda,Ivory Coast,-1,2014
13529,Rwanda,Ivory Coast,-1,2014
15139,Rwanda,Libya,-1,2014
14866,Rwanda,Malawi,1,2014
15532,Rwanda,Malawi,-1,2014
15208,Rwanda,Mali,-1,2014
14835,Rwanda,Namibia,-1,2014
14077,Rwanda,Nigeria,-1,2014
14893,Rwanda,Tanzania,-1,2014
13932,Rwanda,Uganda,-1,2014
15087,Rwanda,Uganda,-1,2014
12786,Rwanda,Zanzibar,-1,2014
13919,Rwanda,Zanzibar,1,2014
14878,Rwanda,Zanzibar,-1,2014
13896,Rwanda,Zimbabwe,1,2014
14617,Réunion,French Guiana,1,2014
14630,Réunion,Guadeloupe,1,2014
13371,Réunion,Madagascar,1,2014
12526,Réunion,Martinique,-1,2014
14643,Réunion,Martinique,-1,2014
13424,Réunion,Mayotte,1,2014
12496,Réunion,Saint Pierre and Miquelon,1,2014
14622,Réunion,Saint Pierre and Miquelon,1,2014
13263,Saare County,Gibraltar,-1,2014
13249,Saare County,Western Isles,1,2014
14549,Saint Barthélemy,Guadeloupe,-1,2014
12379,Saint Kitts and Nevis,Antigua and Barbuda,-1,2014
14091,Saint Kitts and Nevis,Antigua and Barbuda,1,2014
13798,Saint Kitts and Nevis,Canada,-1,2014
14710,Saint Kitts and Nevis,French Guiana,-1,2014
13034,Saint Kitts and Nevis,Grenada,-1,2014
12122,Saint Kitts and Nevis,Guadeloupe,1,2014
12655,Saint Kitts and Nevis,Guadeloupe,-1,2014
12596,Saint Kitts and Nevis,Montserrat,1,2014
13507,Saint Kitts and Nevis,Puerto Rico,-1,2014
13737,Saint Kitts and Nevis,Saint Lucia,-1,2014
13307,Saint Lucia,Aruba,1,2014
13663,Saint Lucia,Canada,-1,2014
12650,Saint Lucia,Curaçao,-1,2014
14771,Saint Lucia,Curaçao,1,2014
12378,Saint Lucia,Martinique,-1,2014
12380,Saint Lucia,Martinique,-1,2014
13599,Saint Lucia,Saint Kitts and Nevis,-1,2014
12485,Saint Lucia,Saint Vincent and the Grenadines,-1,2014
12495,Saint Lucia,Trinidad and Tobago,-1,2014
14603,Saint Martin,Bermuda,-1,2014
12493,Saint Martin,British Virgin Islands,1,2014
12523,Saint Martin,Cayman Islands,-1,2014
12313,Saint Martin,Saint Barthélemy,1,2014
14638,Saint Pierre and Miquelon,New Caledonia,-1,2014
13876,Saint Vincent and the Grenadines,Belize,-1,2014
14779,Saint Vincent and the Grenadines,Curaçao,1,2014
13610,Saint Vincent and the Grenadines,Dominica,1,2014
13612,Saint Vincent and the Grenadines,Grenada,1,2014
13669,Saint Vincent and the Grenadines,Guatemala,-1,2014
12565,Saint Vincent and the Grenadines,Saint Kitts and Nevis,-1,2014
15255,Saint Vincent and the Grenadines,Saint Lucia,-1,2014
13887,Samoa,American Samoa,1,2014
13881,Samoa,Cook Islands,1,2014
14209,Samoa,Tahiti,-1,2014
13884,Samoa,Tonga,-1,2014
15176,San Marino,England,-1,2014
13131,San Marino,Finland,-1,2014
13190,San Marino,Hungary,-1,2014
12941,San Marino,Liechtenstein,-1,2014
14424,San Marino,Malta,-1,2014
12635,San Marino,Moldova,-1,2014
14761,San Marino,Moldova,-1,2014
14598,San Marino,Montenegro,-1,2014
12408,San Marino,Netherlands,-1,2014
15666,San Marino,Poland,-1,2014
13411,San Marino,Romania,-1,2014
13592,San Marino,Sweden,-1,2014
15765,San Marino,Ukraine,-1,2014
12834,Saudi Arabia,Angola,-1,2014
14836,Saudi Arabia,Argentina,-1,2014
13593,Saudi Arabia,Australia,-1,2014
15088,Saudi Arabia,China PR,1,2014
14709,Saudi Arabia,Congo,1,2014
12636,Saudi Arabia,Gabon,1,2014
12730,Saudi Arabia,Ghana,-1,2014
13339,Saudi Arabia,Hong Kong,1,2014
12822,Saudi Arabia,Iraq,-1,2014
14404,Saudi Arabia,Iraq,-1,2014
14967,Saudi Arabia,Iraq,-1,2014
15808,Saudi Arabia,Iraq,1,2014
12875,Saudi Arabia,Japan,-1,2014
12747,Saudi Arabia,Kuwait,-1,2014
14388,Saudi Arabia,Kuwait,1,2014
14403,Saudi Arabia,Libya,-1,2014
14382,Saudi Arabia,Morocco,1,2014
15563,Saudi Arabia,New Zealand,-1,2014
13865,Saudi Arabia,Oman,-1,2014
14398,Saudi Arabia,Palestine,-1,2014
12845,Saudi Arabia,Syria,-1,2014
13796,Saudi Arabia,Thailand,1,2014
12362,Saudi Arabia,Togo,1,2014
15632,Saudi Arabia,Trinidad and Tobago,-1,2014
12690,Saudi Arabia,Uganda,-1,2014
12582,Saudi Arabia,Uzbekistan,1,2014
15428,Saugeais,Raetia,-1,2014
14465,Scotland,Australia,1,2014
15601,Scotland,Belgium,-1,2014
15766,Scotland,Croatia,1,2014
12100,Scotland,Czech Republic,1,2014
13530,Scotland,Czech Republic,-1,2014
13412,Scotland,Denmark,1,2014
15089,Scotland,Estonia,1,2014
12691,Scotland,Faroe Islands,1,2014
12474,Scotland,Liechtenstein,1,2014
13594,Scotland,Lithuania,1,2014
14599,Scotland,North Macedonia,-1,2014
12942,Scotland,Northern Ireland,1,2014
14538,Scotland,Serbia,-1,2014
12637,Scotland,Spain,-1,2014
15809,Scotland,United States,-1,2014
15177,Scotland,Wales,-1,2014
15127,Sealand,Alderney,1,2014
15440,Sealand,Alderney,-1,2014
14128,Sealand,Chagos Islands,-1,2014
15432,Sealand,Occitania,-1,2014
15431,Sealand,Tamil Eelam,-1,2014
15196,Senegal,Angola,-1,2014
13019,Senegal,Cameroon,1,2014
12363,Senegal,Cape Verde,1,2014
13531,Senegal,DR Congo,1,2014
12943,Senegal,Guinea,1,2014
14707,Senegal,Ivory Coast,-1,2014
15824,Senegal,Ivory Coast,-1,2014
14229,Senegal,Liberia,1,2014
15128,Senegal,Libya,-1,2014
12583,Senegal,Mauritius,1,2014
13413,Senegal,Morocco,-1,2014
13949,Senegal,Sudan,1,2014
15617,Senegal,Uganda,1,2014
13962,Senegal,Zambia,-1,2014
14689,Serbia,Belgium,-1,2014
12234,Serbia,Cameroon,1,2014
14837,Serbia,Chile,1,2014
15602,Serbia,Croatia,-1,2014
12562,Serbia,Estonia,-1,2014
13595,Serbia,Faroe Islands,1,2014
12251,Serbia,Ghana,-1,2014
12364,Serbia,Greece,-1,2014
13660,Serbia,Italy,-1,2014
15712,Serbia,Japan,1,2014
15767,Serbia,North Macedonia,1,2014
12989,Serbia,Northern Ireland,1,2014
12214,Serbia,Poland,-1,2014
14466,Serbia,Republic of Ireland,-1,2014
15244,Serbia,Scotland,1,2014
12475,Serbia,Slovenia,-1,2014
14600,Serbia,Wales,1,2014
13366,Seychelles,Comoros,-1,2014
14085,Seychelles,DR Congo,-1,2014
13797,Seychelles,Kenya,-1,2014
13375,Seychelles,Maldives,1,2014
15873,Seychelles,Maldives,1,2014
15877,Seychelles,Maldives,1,2014
13369,Seychelles,Mauritius,1,2014
13425,Seychelles,Mauritius,-1,2014
13422,Seychelles,Réunion,1,2014
14230,Sierra Leone,Cape Verde,1,2014
13532,Sierra Leone,Egypt,1,2014
15618,Sierra Leone,Equatorial Guinea,1,2014
13148,Sierra Leone,Niger,1,2014
12595,Sierra Leone,South Africa,-1,2014
14368,Sierra Leone,São Tomé and Príncipe,1,2014
14544,Sierra Leone,Tunisia,-1,2014
15348,Sierra Leone,Tunisia,-1,2014
14014,Singapore,Azerbaijan,-1,2014
15871,Singapore,Cambodia,1,2014
13866,Singapore,China PR,-1,2014
14467,Singapore,Hong Kong,1,2014
14762,Singapore,India,1,2014
11984,Singapore,Iran,-1,2014
13596,Singapore,Iraq,-1,2014
13734,Singapore,Jordan,-1,2014
12751,Singapore,Laos,1,2014
14887,Singapore,Laos,1,2014
15683,Singapore,Laos,1,2014
13340,Singapore,Malaysia,1,2014
14294,Singapore,Malaysia,-1,2014
12793,Singapore,Myanmar,1,2014
12671,Singapore,North Korea,-1,2014
15533,Singapore,Oman,-1,2014
14853,Singapore,Pakistan,1,2014
12781,Singapore,Philippines,-1,2014
13661,Singapore,Philippines,1,2014
14531,Singapore,Philippines,-1,2014
14927,Singapore,Philippines,1,2014
15768,Singapore,Syria,1,2014
13327,Singapore,Taiwan,1,2014
14945,Singapore,Thailand,1,2014
13149,Slovakia,Andorra,1,2014
13597,Slovakia,Armenia,-1,2014
12731,Slovakia,Bosnia and Herzegovina,-1,2014
15667,Slovakia,Bosnia and Herzegovina,-1,2014
12184,Slovakia,Cameroon,-1,2014
12235,Slovakia,Costa Rica,1,2014
12365,Slovakia,Croatia,-1,2014
13067,Slovakia,Denmark,-1,2014
14763,Slovakia,Greece,-1,2014
12293,Slovakia,Italy,1,2014
14690,Slovakia,Latvia,1,2014
14601,Slovakia,Liechtenstein,1,2014
15178,Slovakia,Lithuania,-1,2014
12409,Slovakia,North Macedonia,1,2014
12101,Slovakia,Norway,-1,2014
12277,Slovakia,Paraguay,-1,2014
12638,Slovakia,Republic of Ireland,-1,2014
13662,Slovakia,Russia,-1,2014
15245,Slovakia,Sweden,-1,2014
15603,Slovenia,Albania,1,2014
12366,Slovenia,Australia,1,2014
13414,Slovenia,Belgium,-1,2014
15090,Slovenia,Bosnia and Herzegovina,-1,2014
15861,Slovenia,Canada,1,2014
14691,Slovenia,Cyprus,1,2014
12288,Slovenia,England,-1,2014
13505,Slovenia,Estonia,-1,2014
12563,Slovenia,Faroe Islands,1,2014
12732,Slovenia,Georgia,-1,2014
15179,Slovenia,Iceland,-1,2014
12990,Slovenia,Italy,-1,2014
12224,Slovenia,New Zealand,1,2014
12410,Slovenia,Northern Ireland,-1,2014
15713,Slovenia,Norway,1,2014
12102,Slovenia,Qatar,1,2014
14468,Slovenia,Romania,1,2014
14067,Slovenia,Scotland,-1,2014
13735,Slovenia,Serbia,1,2014
14532,Slovenia,Switzerland,-1,2014
12267,Slovenia,United States,-1,2014
13867,Slovenia,United States,-1,2014
13607,Solomon Islands,Fiji,1,2014
14257,Solomon Islands,Fiji,-1,2014
13451,Solomon Islands,Guam,1,2014
14692,Solomon Islands,New Caledonia,-1,2014
14273,Solomon Islands,New Zealand,-1,2014
14332,Solomon Islands,New Zealand,-1,2014
15246,Solomon Islands,New Zealand,-1,2014
14231,Solomon Islands,Papua New Guinea,1,2014
14295,Solomon Islands,Tahiti,-1,2014
14533,Solomon Islands,Tahiti,1,2014
13533,Solomon Islands,Tuvalu,1,2014
13290,Solomon Islands,Vanuatu,1,2014
13299,Solomon Islands,Vanuatu,-1,2014
13812,Somalia,Ethiopia,-1,2014
14874,Somalia,Sudan,-1,2014
14888,Somalia,Tanzania,-1,2014
15884,Somalia,Tanzania,-1,2014
13893,Somalia,Uganda,-1,2014
15890,Somalia,Zambia,-1,2014
13901,Somalia,Zanzibar,-1,2014
14985,South Africa,Algeria,-1,2014
15017,South Africa,Angola,1,2014
15619,South Africa,Botswana,1,2014
12157,South Africa,Bulgaria,-1,2014
13415,South Africa,Burkina Faso,1,2014
15545,South Africa,Burkina Faso,1,2014
15003,South Africa,Cape Verde,-1,2014
15197,South Africa,Central African Republic,1,2014
12175,South Africa,Colombia,1,2014
12236,South Africa,Denmark,1,2014
13020,South Africa,Egypt,1,2014
14248,South Africa,Ethiopia,-1,2014
12285,South Africa,France,1,2014
14359,South Africa,Gabon,1,2014
12367,South Africa,Ghana,1,2014
12199,South Africa,Guatemala,1,2014
13813,South Africa,Ivory Coast,-1,2014
12127,South Africa,Jamaica,1,2014
12944,South Africa,Kenya,1,2014
14949,South Africa,Malawi,1,2014
15047,South Africa,Mali,-1,2014
12244,South Africa,Mexico,-1,2014
15034,South Africa,Morocco,-1,2014
14602,South Africa,Mozambique,1,2014
12103,South Africa,Namibia,-1,2014
15457,South Africa,Namibia,1,2014
12427,South Africa,Niger,1,2014
15534,South Africa,Nigeria,-1,2014
12126,South Africa,North Korea,-1,2014
14971,South Africa,Norway,-1,2014
14068,South Africa,Senegal,-1,2014
13680,South Africa,Sierra Leone,-1,2014
15862,South Africa,Spain,1,2014
12139,South Africa,Thailand,1,2014
12733,South Africa,United States,-1,2014
12259,South Africa,Uruguay,-1,2014
14838,South Africa,Zambia,-1,2014
12030,South Africa,Zimbabwe,1,2014
15668,South Africa,Zimbabwe,-1,2014
14817,South Korea,Australia,-1,2014
15481,South Korea,Australia,-1,2014
12847,South Korea,Bahrain,1,2014
15722,South Korea,Brazil,-1,2014
15489,South Korea,China PR,-1,2014
15656,South Korea,Croatia,-1,2014
12137,South Korea,Ecuador,1,2014
13185,South Korea,Ghana,1,2014
12248,South Korea,Greece,1,2014
15585,South Korea,Haiti,1,2014
12983,South Korea,Honduras,1,2014
12038,South Korea,Hong Kong,1,2014
12878,South Korea,India,1,2014
12464,South Korea,Iran,-1,2014
15413,South Korea,Iran,-1,2014
12623,South Korea,Japan,-1,2014
15494,South Korea,Japan,-1,2014
14051,South Korea,Kuwait,1,2014
13493,South Korea,Lebanon,1,2014
14350,South Korea,Lebanon,1,2014
15751,South Korea,Mali,1,2014
12346,South Korea,Nigeria,1,2014
15520,South Korea,Peru,-1,2014
13651,South Korea,Poland,-1,2014
15230,South Korea,Qatar,1,2014
13126,South Korea,Serbia,1,2014
15802,South Korea,Switzerland,1,2014
13722,South Korea,United Arab Emirates,1,2014
14017,South Korea,Uzbekistan,1,2014
15373,South Korea,Uzbekistan,1,2014
14452,South Korea,Zambia,1,2014
15889,South Sudan,Ethiopia,-1,2014
14868,South Sudan,Kenya,-1,2014
14407,South Sudan,Uganda,-1,2014
15714,Spain,Belarus,1,2014
13506,Spain,Chile,1,2014
15669,Spain,Chile,-1,2014
14249,Spain,China PR,1,2014
12945,Spain,Colombia,1,2014
12991,Spain,Czech Republic,1,2014
15180,Spain,Finland,-1,2014
14390,Spain,France,1,2014
14764,Spain,France,-1,2014
15769,Spain,Georgia,1,2014
12281,Spain,Honduras,1,2014
14333,Spain,Italy,-1,2014
14402,Spain,Italy,1,2014
15426,Spain,Italy,-1,2014
13598,Spain,Liechtenstein,1,2014
12564,Spain,Lithuania,1,2014
12243,Spain,Poland,1,2014
12306,Spain,Portugal,1,2014
14358,Spain,Republic of Ireland,1,2014
15377,Spain,Republic of Ireland,1,2014
12185,Spain,Saudi Arabia,1,2014
14534,Spain,Saudi Arabia,1,2014
13736,Spain,Scotland,1,2014
14168,Spain,Serbia,1,2014
12220,Spain,South Korea,1,2014
14188,Spain,South Korea,1,2014
12260,Spain,Switzerland,-1,2014
15419,Spain,Tahiti,1,2014
15091,Spain,Uruguay,1,2014
15407,Spain,Uruguay,1,2014
14069,Spain,Venezuela,1,2014
13079,Sri Lanka,Afghanistan,-1,2014
13920,Sri Lanka,Afghanistan,-1,2014
15559,Sri Lanka,Afghanistan,-1,2014
12051,Sri Lanka,Bangladesh,1,2014
13910,Sri Lanka,Bhutan,1,2014
15604,Sri Lanka,Bhutan,1,2014
15125,Sri Lanka,Mongolia,1,2014
12044,Sri Lanka,Myanmar,-1,2014
13257,Sri Lanka,Philippines,-1,2014
12048,Sri Lanka,Tajikistan,-1,2014
13033,Sri Lanka,Tajikistan,-1,2014
13068,Sri Lanka,Tajikistan,-1,2014
13978,Sudan,Angola,-1,2014
13988,Sudan,Burkina Faso,1,2014
14889,Sudan,Burundi,-1,2014
12428,Sudan,Congo,1,2014
15878,Sudan,Eritrea,1,2014
13035,Sudan,Eswatini,1,2014
13894,Sudan,Ethiopia,-1,2014
14545,Sudan,Ethiopia,1,2014
13681,Sudan,Ghana,-1,2014
15338,Sudan,Ghana,-1,2014
14400,Sudan,Iraq,-1,2014
15626,Sudan,Lesotho,-1,2014
12225,Sudan,Palestine,-1,2014
12776,Sudan,Rwanda,-1,2014
13928,Sudan,Rwanda,-1,2014
15887,Sudan,Rwanda,1,2014
15288,Sudan,Tanzania,-1,2014
12278,Sudan,Tunisia,-1,2014
13817,Sudan,Uganda,-1,2014
14232,Sudan,Zambia,-1,2014
13907,Suriname,Aruba,-1,2014
12667,Suriname,Bonaire,1,2014
14410,Suriname,Bonaire,1,2014
13508,Suriname,Cayman Islands,1,2014
12683,Suriname,Cuba,-1,2014
12644,Suriname,Curaçao,1,2014
13613,Suriname,Curaçao,1,2014
13614,Suriname,Curaçao,-1,2014
13915,Suriname,Curaçao,1,2014
13738,Suriname,Dominican Republic,-1,2014
13799,Suriname,El Salvador,-1,2014
12651,Suriname,Guyana,-1,2014
12648,Suriname,Saint Lucia,1,2014
15092,Sweden,Argentina,-1,2014
15715,Sweden,Austria,1,2014
12186,Sweden,Bosnia and Herzegovina,1,2014
14469,Sweden,Brazil,-1,2014
14494,Sweden,China PR,1,2014
14360,Sweden,England,-1,2014
14839,Sweden,England,1,2014
15378,Sweden,Faroe Islands,1,2014
13191,Sweden,Finland,1,2014
15029,Sweden,Finland,1,2014
14384,Sweden,France,1,2014
12734,Sweden,Germany,-1,2014
15770,Sweden,Germany,-1,2014
12411,Sweden,Hungary,1,2014
14189,Sweden,Iceland,1,2014
14604,Sweden,Kazakhstan,1,2014
13069,Sweden,Moldova,1,2014
13739,Sweden,Netherlands,1,2014
15018,Sweden,North Korea,-1,2014
15292,Sweden,North Macedonia,1,2014
15535,Sweden,Norway,1,2014
15863,Sweden,Portugal,-1,2014
15181,Sweden,Republic of Ireland,-1,2014
12476,Sweden,San Marino,1,2014
12368,Sweden,Scotland,1,2014
14266,Sweden,Serbia,1,2014
12947,Sweden,Ukraine,-1,2014
14605,Switzerland,Albania,1,2014
14070,Switzerland,Argentina,-1,2014
12412,Switzerland,Australia,-1,2014
15536,Switzerland,Brazil,1,2014
13600,Switzerland,Bulgaria,1,2014
12205,Switzerland,Costa Rica,-1,2014
15349,Switzerland,Cyprus,1,2014
12477,Switzerland,England,-1,2014
14169,Switzerland,Germany,1,2014
12297,Switzerland,Honduras,-1,2014
15605,Switzerland,Iceland,-1,2014
12237,Switzerland,Italy,-1,2014
13740,Switzerland,Montenegro,1,2014
14693,Switzerland,Norway,-1,2014
14190,Switzerland,Romania,-1,2014
15771,Switzerland,Slovenia,1,2014
12735,Switzerland,Ukraine,-1,2014
12104,Switzerland,Uruguay,-1,2014
12639,Switzerland,Wales,1,2014
14474,Syria,Cameroon,-1,2014
12816,Syria,Iraq,-1,2014
12856,Syria,Japan,-1,2014
14941,Syria,Jordan,1,2014
15544,Syria,Jordan,-1,2014
12510,Syria,Kuwait,-1,2014
12105,Syria,Lebanon,1,2014
14483,Syria,Nepal,1,2014
15864,Syria,Oman,-1,2014
15811,Syria,Singapore,1,2014
12826,Syria,South Korea,-1,2014
12023,Syria,Sweden,-1,2014
13341,Syria,Tajikistan,-1,2014
11971,Syria,Zimbabwe,1,2014
13795,São Tomé and Príncipe,Congo,-1,2014
13955,São Tomé and Príncipe,Lesotho,1,2014
14082,São Tomé and Príncipe,Sierra Leone,1,2014
13457,Tahiti,Cook Islands,1,2014
13609,Tahiti,Fiji,1,2014
14618,Tahiti,Mayotte,-1,2014
13074,Tahiti,New Caledonia,-1,2014
13077,Tahiti,New Caledonia,1,2014
14250,Tahiti,New Caledonia,1,2014
14334,Tahiti,New Caledonia,1,2014
14606,Tahiti,New Caledonia,-1,2014
14694,Tahiti,New Zealand,-1,2014
15409,Tahiti,Nigeria,-1,2014
13462,Tahiti,Papua New Guinea,-1,2014
15182,Tahiti,Solomon Islands,1,2014
14267,Tahiti,Vanuatu,1,2014
13282,Taiwan,Malaysia,1,2014
12736,Tajikistan,Afghanistan,1,2014
15304,Tajikistan,Afghanistan,1,2014
12045,Tajikistan,Bangladesh,-1,2014
15537,Tajikistan,India,1,2014
13801,Tajikistan,Japan,-1,2014
12965,Tajikistan,Kyrgyzstan,1,2014
12052,Tajikistan,Myanmar,1,2014
12062,Tajikistan,Myanmar,1,2014
14071,Tajikistan,North Korea,-1,2014
14099,Tajikistan,North Korea,-1,2014
15134,Tajikistan,Pakistan,1,2014
14103,Tajikistan,Philippines,-1,2014
13361,Tajikistan,Syria,1,2014
12056,Tajikistan,Turkmenistan,-1,2014
13509,Tajikistan,Uzbekistan,-1,2014
15435,Tamil Eelam,Occitania,-1,2014
14316,Tamil Eelam,Raetia,1,2014
14275,Tamil Eelam,Zanzibar,-1,2014
13534,Tanzania,Algeria,-1,2014
12241,Tanzania,Brazil,-1,2014
12843,Tanzania,Burundi,-1,2014
14875,Tanzania,Burundi,-1,2014
15891,Tanzania,Burundi,1,2014
15093,Tanzania,Cameroon,1,2014
13021,Tanzania,Central African Republic,1,2014
13868,Tanzania,Chad,-1,2014
14010,Tanzania,DR Congo,-1,2014
13897,Tanzania,Djibouti,1,2014
14335,Tanzania,Gambia,1,2014
11975,Tanzania,Ivory Coast,-1,2014
15408,Tanzania,Ivory Coast,-1,2014
12369,Tanzania,Kenya,-1,2014
12745,Tanzania,Kenya,1,2014
14840,Tanzania,Kenya,1,2014
13924,Tanzania,Malawi,1,2014
14170,Tanzania,Malawi,-1,2014
12584,Tanzania,Morocco,-1,2014
15209,Tanzania,Morocco,1,2014
14086,Tanzania,Mozambique,-1,2014
12948,Tanzania,Palestine,1,2014
12800,Tanzania,Rwanda,1,2014
13888,Tanzania,Rwanda,-1,2014
12771,Tanzania,Somalia,1,2014
13088,Tanzania,South Africa,-1,2014
12871,Tanzania,Sudan,-1,2014
13933,Tanzania,Sudan,-1,2014
14865,Tanzania,Sudan,1,2014
12106,Tanzania,Uganda,-1,2014
12804,Tanzania,Uganda,-1,2014
13929,Tanzania,Uganda,-1,2014
12756,Tanzania,Zambia,-1,2014
14950,Tanzania,Zambia,1,2014
15876,Tanzania,Zambia,-1,2014
15901,Tanzania,Zambia,-1,2014
14908,Tanzania,Zanzibar,-1,2014
13911,Tanzania,Zimbabwe,-1,2014
15865,Tanzania,Zimbabwe,-1,2014
13869,Thailand,Australia,-1,2014
15684,Thailand,Bahrain,1,2014
14851,Thailand,Bangladesh,1,2014
14841,Thailand,Bhutan,1,2014
15019,Thailand,Finland,-1,2014
12429,Thailand,India,1,2014
15812,Thailand,Iran,-1,2014
11985,Thailand,Jordan,-1,2014
13625,Thailand,Jordan,-1,2014
15094,Thailand,Kuwait,-1,2014
12777,Thailand,Laos,-1,2014
14612,Thailand,Laos,1,2014
12789,Thailand,Malaysia,-1,2014
14786,Thailand,Malaysia,1,2014
14930,Thailand,Malaysia,1,2014
14015,Thailand,Maldives,1,2014
13313,Thailand,Myanmar,1,2014
13316,Thailand,Myanmar,-1,2014
14869,Thailand,Myanmar,1,2014
15030,Thailand,North Korea,-1,2014
13960,Thailand,Norway,-1,2014
13601,Thailand,Oman,1,2014
13342,Thailand,Palestine,1,2014
14859,Thailand,Philippines,1,2014
12017,Thailand,Poland,-1,2014
13741,Thailand,Saudi Arabia,-1,2014
12007,Thailand,Singapore,1,2014
12370,Thailand,Singapore,1,2014
13442,Thailand,Singapore,-1,2014
14951,Thailand,Singapore,1,2014
14881,Thailand,Vietnam,1,2014
14649,Timor-Leste,Laos,1,2014
12652,Timor-Leste,Philippines,-1,2014
13544,Togo,Botswana,1,2014
15357,Togo,Cameroon,-1,2014
12737,Togo,Chad,-1,2014
15627,Togo,DR Congo,1,2014
14718,Togo,Gabon,1,2014
13870,Togo,Guinea-Bissau,1,2014
14377,Togo,Kenya,1,2014
14251,Togo,Libya,-1,2014
12317,Togo,Malawi,-1,2014
14990,Togo,Niger,1,2014
12597,Togo,Tunisia,-1,2014
15042,Togo,Tunisia,-1,2014
13889,Tonga,Cook Islands,1,2014
14711,Trinidad and Tobago,Anguilla,1,2014
13742,Trinidad and Tobago,Barbados,1,2014
13510,Trinidad and Tobago,Bermuda,1,2014
12752,Trinidad and Tobago,Cuba,-1,2014
14923,Trinidad and Tobago,Dominican Republic,1,2014
13967,Trinidad and Tobago,Finland,-1,2014
12672,Trinidad and Tobago,Guyana,1,2014
13871,Trinidad and Tobago,Guyana,1,2014
12674,Trinidad and Tobago,Haiti,1,2014
15455,Trinidad and Tobago,Haiti,-1,2014
13436,Trinidad and Tobago,India,1,2014
12371,Trinidad and Tobago,Jamaica,-1,2014
15866,Trinidad and Tobago,Jamaica,1,2014
15772,Trinidad and Tobago,New Zealand,-1,2014
15101,Trinidad and Tobago,Peru,-1,2014
14848,Trinidad and Tobago,Suriname,1,2014
15015,Tunisia,Algeria,1,2014
12308,Tunisia,Botswana,-1,2014
15725,Tunisia,Cameroon,-1,2014
15620,Tunisia,Cape Verde,1,2014
13109,Tunisia,Central African Republic,1,2014
13169,Tunisia,Chad,1,2014
15538,Tunisia,Congo,1,2014
14233,Tunisia,Equatorial Guinea,1,2014
14968,Tunisia,Ethiopia,-1,2014
12198,Tunisia,France,-1,2014
11990,Tunisia,Gambia,-1,2014
13950,Tunisia,Ivory Coast,-1,2014
12430,Tunisia,Malawi,-1,2014
13416,Tunisia,Mali,1,2014
14072,Tunisia,Peru,-1,2014
14178,Tunisia,Rwanda,1,2014
14706,Tunisia,Sierra Leone,-1,2014
15198,Tunisia,Sierra Leone,1,2014
13947,Tunisia,Sudan,1,2014
14842,Tunisia,Switzerland,-1,2014
13683,Tunisia,Togo,1,2014
15606,Turkey,Andorra,1,2014
13070,Turkey,Austria,1,2014
13743,Turkey,Azerbaijan,1,2014
15867,Turkey,Belarus,1,2014
12478,Turkey,Belgium,1,2014
13802,Turkey,Croatia,-1,2014
12150,Turkey,Czech Republic,1,2014
15095,Turkey,Czech Republic,-1,2014
14843,Turkey,Denmark,-1,2014
13417,Turkey,Estonia,1,2014
14607,Turkey,Estonia,1,2014
13664,Turkey,Germany,-1,2014
15539,Turkey,Ghana,-1,2014
12107,Turkey,Honduras,1,2014
15247,Turkey,Hungary,-1,2014
13511,Turkey,Kazakhstan,1,2014
15270,Turkey,Latvia,-1,2014
15773,Turkey,Netherlands,-1,2014
15813,Turkey,Northern Ireland,1,2014
12372,Turkey,Romania,1,2014
14695,Turkey,Romania,-1,2014
14073,Turkey,Slovakia,-1,2014
15280,Turkey,Slovenia,-1,2014
12949,Turkey,South Korea,-1,2014
14268,Turkey,Ukraine,1,2014
15183,Turkmenistan,Cambodia,1,2014
12992,Turkmenistan,India,-1,2014
13343,Turkmenistan,Indonesia,-1,2014
12053,Turkmenistan,Kyrgyzstan,1,2014
14093,Turkmenistan,Maldives,1,2014
12060,Turkmenistan,North Korea,-1,2014
14107,Turkmenistan,North Korea,-1,2014
12966,Turkmenistan,Pakistan,1,2014
14105,Turkmenistan,Philippines,1,2014
13272,Turks and Caicos Islands,Bahamas,-1,2014
13452,Tuvalu,American Samoa,1,2014
13440,Tuvalu,Samoa,1,2014
12431,Uganda,Angola,1,2014
15395,Uganda,Angola,1,2014
12837,Uganda,Burundi,1,2014
14367,Uganda,Congo,1,2014
12767,Uganda,Ethiopia,1,2014
14870,Uganda,Ethiopia,1,2014
14895,Uganda,Ethiopia,1,2014
13150,Uganda,Guinea-Bissau,1,2014
12794,Uganda,Kenya,1,2014
13684,Uganda,Kenya,-1,2014
14860,Uganda,Kenya,1,2014
14909,Uganda,Kenya,1,2014
15350,Uganda,Liberia,1,2014
15825,Uganda,Rwanda,-1,2014
15879,Uganda,Rwanda,1,2014
14313,Uganda,Senegal,-1,2014
14882,Uganda,South Sudan,1,2014
15893,Uganda,Sudan,1,2014
12852,Uganda,Tanzania,-1,2014
14897,Uganda,Tanzania,1,2014
15895,Uganda,Tanzania,-1,2014
12373,Uganda,Zambia,-1,2014
14704,Uganda,Zambia,1,2014
12801,Uganda,Zanzibar,-1,2014
13886,Uganda,Zanzibar,1,2014
13925,Uganda,Zimbabwe,1,2014
13872,Ukraine,Austria,1,2014
13665,Ukraine,Bulgaria,1,2014
15289,Ukraine,Cameroon,-1,2014
12566,Ukraine,Canada,-1,2014
12479,Ukraine,Chile,1,2014
14470,Ukraine,Czech Republic,-1,2014
14385,Ukraine,England,-1,2014
15670,Ukraine,England,-1,2014
14181,Ukraine,Estonia,1,2014
13173,Ukraine,France,-1,2014
14361,Ukraine,France,-1,2014
15814,Ukraine,France,1,2014
13803,Ukraine,Germany,-1,2014
15540,Ukraine,Israel,1,2014
13071,Ukraine,Italy,-1,2014
12164,Ukraine,Lithuania,1,2014
15248,Ukraine,Moldova,1,2014
14765,Ukraine,Montenegro,-1,2014
12374,Ukraine,Netherlands,-1,2014
15716,Ukraine,Poland,1,2014
12187,Ukraine,Romania,1,2014
15607,Ukraine,San Marino,1,2014
13418,Ukraine,Sweden,-1,2014
14339,Ukraine,Sweden,1,2014
13512,Ukraine,Uruguay,-1,2014
13116,Ukraine,Uzbekistan,1,2014
12640,United Arab Emirates,Angola,-1,2014
12838,United Arab Emirates,Australia,-1,2014
12768,United Arab Emirates,Bahrain,1,2014
14766,United Arab Emirates,Bahrain,1,2014
12585,United Arab Emirates,Chile,-1,2014
14844,United Arab Emirates,Estonia,1,2014
15815,United Arab Emirates,Hong Kong,1,2014
12739,United Arab Emirates,India,1,2014
13344,United Arab Emirates,India,1,2014
12883,United Arab Emirates,Iran,-1,2014
12865,United Arab Emirates,Iraq,-1,2014
15000,United Arab Emirates,Iraq,1,2014
12480,United Arab Emirates,Kuwait,1,2014
13513,United Arab Emirates,Kuwait,-1,2014
14608,United Arab Emirates,Kuwait,1,2014
14994,United Arab Emirates,Kuwait,1,2014
13326,United Arab Emirates,Lebanon,1,2014
14074,United Arab Emirates,Lebanon,1,2014
11986,United Arab Emirates,Malaysia,1,2014
15633,United Arab Emirates,New Zealand,1,2014
12753,United Arab Emirates,Oman,-1,2014
14981,United Arab Emirates,Oman,1,2014
14016,United Arab Emirates,Palestine,1,2014
15781,United Arab Emirates,Philippines,1,2014
13443,United Arab Emirates,Qatar,1,2014
12782,United Arab Emirates,Saudi Arabia,-1,2014
13804,United Arab Emirates,South Korea,-1,2014
12832,United Arab Emirates,Syria,1,2014
15564,United Arab Emirates,Trinidad and Tobago,-1,2014
13986,United Arab Emirates,Uzbekistan,1,2014
14696,United Arab Emirates,Uzbekistan,-1,2014
15184,United Arab Emirates,Uzbekistan,1,2014
15868,United Arab Emirates,Vietnam,1,2014
14952,United Arab Emirates,Yemen,1,2014
14957,United Arab Emirates,Yemen,1,2014
12289,United States,Algeria,1,2014
14296,United States,Antigua and Barbuda,1,2014
13022,United States,Argentina,-1,2014
15276,United States,Belgium,-1,2014
15448,United States,Belize,1,2014
12324,United States,Brazil,-1,2014
14191,United States,Brazil,-1,2014
13192,United States,Canada,1,2014
15039,United States,Canada,-1,2014
12891,United States,Chile,-1,2014
12641,United States,Colombia,-1,2014
13514,United States,Costa Rica,-1,2014
15186,United States,Costa Rica,1,2014
15473,United States,Costa Rica,1,2014
15458,United States,Cuba,1,2014
12165,United States,Czech Republic,-1,2014
13744,United States,Ecuador,-1,2014
12057,United States,El Salvador,1,2014
15488,United States,El Salvador,1,2014
15290,United States,Germany,1,2014
12300,United States,Ghana,-1,2014
13211,United States,Guadeloupe,1,2014
14767,United States,Guatemala,1,2014
12024,United States,Honduras,-1,2014
13685,United States,Honduras,1,2014
15414,United States,Honduras,1,2014
15491,United States,Honduras,1,2014
13219,United States,Jamaica,1,2014
14610,United States,Jamaica,1,2014
15717,United States,Jamaica,1,2014
13227,United States,Mexico,-1,2014
13419,United States,Mexico,-1,2014
15672,United States,Mexico,1,2014
13204,United States,Panama,-1,2014
13222,United States,Panama,1,2014
15379,United States,Panama,1,2014
15495,United States,Panama,1,2014
13072,United States,Paraguay,-1,2014
12586,United States,Poland,-1,2014
14171,United States,Scotland,1,2014
13151,United States,Spain,-1,2014
12188,United States,Turkey,1,2014
13963,United States,Venezuela,1,2014
13604,United States Virgin Islands,Antigua and Barbuda,-1,2014
13281,United States Virgin Islands,British Virgin Islands,1,2014
13807,United States Virgin Islands,Curaçao,-1,2014
13667,United States Virgin Islands,Haiti,-1,2014
15774,Uruguay,Argentina,1,2014
13666,Uruguay,Bolivia,1,2014
13295,Uruguay,Chile,-1,2014
13805,Uruguay,Chile,1,2014
15671,Uruguay,Colombia,1,2014
14609,Uruguay,Ecuador,-1,2014
13223,Uruguay,Estonia,1,2014
12245,Uruguay,France,-1,2014
15308,Uruguay,France,1,2014
12318,Uruguay,Germany,-1,2014
12310,Uruguay,Ghana,-1,2014
12172,Uruguay,Israel,1,2014
15430,Uruguay,Italy,-1,2014
15870,Uruguay,Jordan,-1,2014
13308,Uruguay,Mexico,1,2014
12314,Uruguay,Netherlands,-1,2014
13195,Uruguay,Netherlands,-1,2014
13347,Uruguay,Paraguay,1,2014
15185,Uruguay,Paraguay,-1,2014
13284,Uruguay,Peru,-1,2014
14336,Uruguay,Peru,1,2014
12299,Uruguay,South Korea,1,2014
15424,Uruguay,Tahiti,1,2014
14234,Uruguay,Venezuela,-1,2014
12896,Uzbekistan,Australia,-1,2014
15045,Uzbekistan,Azerbaijan,-1,2014
15096,Uzbekistan,Hong Kong,-1,2014
14252,Uzbekistan,Iran,-1,2014
13602,Uzbekistan,Japan,-1,2014
12888,Uzbekistan,Jordan,1,2014
15673,Uzbekistan,Jordan,-1,2014
12854,Uzbekistan,Kuwait,1,2014
14535,Uzbekistan,Kuwait,1,2014
13345,Uzbekistan,Kyrgyzstan,1,2014
15249,Uzbekistan,Lebanon,1,2014
13806,Uzbekistan,North Korea,1,2014
15415,Uzbekistan,Qatar,1,2014
12897,Uzbekistan,South Korea,-1,2014
14611,Uzbekistan,South Korea,-1,2014
13873,Uzbekistan,Tajikistan,1,2014
12108,Uzbekistan,United Arab Emirates,-1,2014
15775,Uzbekistan,Vietnam,1,2014
12894,Vanuatu,New Caledonia,-1,2014
14210,Vanuatu,New Caledonia,-1,2014
14253,Vanuatu,Samoa,1,2014
13348,Vanuatu,Solomon Islands,-1,2014
13364,Vanuatu,Solomon Islands,1,2014
13463,Vanuatu,Solomon Islands,1,2014
13458,Vanuatu,Tuvalu,1,2014
13745,Venezuela,Argentina,1,2014
13874,Venezuela,Bolivia,1,2014
15541,Venezuela,Bolivia,-1,2014
12189,Venezuela,Canada,-1,2014
14314,Venezuela,Chile,-1,2014
12413,Venezuela,Colombia,-1,2014
15250,Venezuela,Colombia,1,2014
12950,Venezuela,Costa Rica,-1,2014
13940,Venezuela,Costa Rica,-1,2014
12481,Venezuela,Ecuador,1,2014
13300,Venezuela,Ecuador,1,2014
14768,Venezuela,Ecuador,-1,2014
15261,Venezuela,El Salvador,1,2014
13603,Venezuela,Guinea,1,2014
14145,Venezuela,Moldova,1,2014
14845,Venezuela,Nigeria,-1,2014
12112,Venezuela,North Korea,1,2014
12109,Venezuela,Panama,-1,2014
15718,Venezuela,Paraguay,-1,2014
15674,Venezuela,Peru,1,2014
13193,Venezuela,Spain,-1,2014
15380,Venezuela,Uruguay,-1,2014
12008,Vietnam,China PR,-1,2014
14769,Vietnam,Indonesia,-1,2014
14780,Vietnam,Laos,1,2014
13258,Vietnam,Macau,1,2014
12812,Vietnam,Malaysia,-1,2014
14784,Vietnam,Malaysia,1,2014
12783,Vietnam,Myanmar,1,2014
14861,Vietnam,Myanmar,-1,2014
12503,Vietnam,North Korea,-1,2014
12675,Vietnam,North Korea,-1,2014
12795,Vietnam,Philippines,-1,2014
14871,Vietnam,Philippines,-1,2014
13362,Vietnam,Qatar,1,2014
12673,Vietnam,Singapore,-1,2014
12802,Vietnam,Singapore,1,2014
14776,Vietnam,Turkmenistan,-1,2014
15097,Vietnam,United Arab Emirates,-1,2014
15816,Vietnam,Uzbekistan,-1,2014
13420,Wales,Australia,-1,2014
15098,Wales,Austria,1,2014
14536,Wales,Belgium,-1,2014
14471,Wales,Bosnia and Herzegovina,-1,2014
12567,Wales,Bulgaria,-1,2014
14075,Wales,Costa Rica,-1,2014
15251,Wales,Croatia,-1,2014
13023,Wales,England,-1,2014
15826,Wales,Finland,-1,2014
12375,Wales,Luxembourg,1,2014
13515,Wales,Montenegro,1,2014
15719,Wales,North Macedonia,1,2014
13098,Wales,Northern Ireland,1,2014
13814,Wales,Norway,1,2014
15542,Wales,Republic of Ireland,-1,2014
13094,Wales,Scotland,-1,2014
14697,Wales,Scotland,1,2014
15675,Wales,Serbia,-1,2014
12110,Wales,Sweden,-1,2014
13668,Wales,Switzerland,1,2014
13242,Western Isles,Åland Islands,-1,2014
14278,Western Sahara,Darfur,1,2014
14269,Western Sahara,Occitania,-1,2014
14297,Western Sahara,Raetia,1,2014
12018,Yemen,Bahrain,1,2014
15099,Yemen,Bahrain,-1,2014
13363,Yemen,Iraq,-1,2014
11987,Yemen,Japan,-1,2014
12002,Yemen,Kenya,1,2014
12761,Yemen,Kuwait,-1,2014
12133,Yemen,Malawi,1,2014
12680,Yemen,North Korea,-1,2014
12140,Yemen,Oman,-1,2014
12513,Yemen,Palestine,1,2014
14383,Yemen,Palestine,-1,2014
12748,Yemen,Qatar,-1,2014
15817,Yemen,Qatar,-1,2014
12742,Yemen,Saudi Arabia,-1,2014
14928,Yemen,Saudi Arabia,-1,2014
14975,Yemen,Saudi Arabia,-1,2014
12482,Yemen,Syria,1,2014
11972,Yemen,Tajikistan,-1,2014
12676,Yemen,Uganda,-1,2014
12490,Yemen,Zambia,-1,2014
14965,Zambia,Angola,-1,2014
12772,Zambia,Burundi,-1,2014
15885,Zambia,Burundi,1,2014
15897,Zambia,Burundi,1,2014
12441,Zambia,Comoros,1,2014
12798,Zambia,Ethiopia,-1,2014
15010,Zambia,Ethiopia,-1,2014
13998,Zambia,Ghana,1,2014
14315,Zambia,Ghana,1,2014
14000,Zambia,Ivory Coast,-1,2014
15351,Zambia,Lesotho,1,2014
13686,Zambia,Libya,-1,2014
14972,Zambia,Morocco,-1,2014
13152,Zambia,Mozambique,1,2014
15462,Zambia,Mozambique,1,2014
13952,Zambia,Namibia,-1,2014
12028,Zambia,Nigeria,-1,2014
15026,Zambia,Nigeria,-1,2014
14986,Zambia,Norway,-1,2014
15543,Zambia,Senegal,-1,2014
12787,Zambia,Somalia,1,2014
15474,Zambia,South Africa,-1,2014
11991,Zambia,South Korea,1,2014
13994,Zambia,Sudan,1,2014
15396,Zambia,Sudan,-1,2014
15899,Zambia,Sudan,-1,2014
11998,Zambia,Tunisia,-1,2014
14542,Zambia,Uganda,1,2014
14419,Zambia,Zimbabwe,1,2014
15257,Zambia,Zimbabwe,1,2014
15485,Zambia,Zimbabwe,1,2014
13890,Zanzibar,Burundi,-1,2014
14867,Zanzibar,Eritrea,-1,2014
14898,Zanzibar,Kenya,-1,2014
14299,Zanzibar,Northern Cyprus,-1,2014
14259,Zanzibar,Raetia,1,2014
15874,Zanzibar,South Sudan,1,2014
12762,Zanzibar,Sudan,1,2014
14554,Zimbabwe,Angola,1,2014
15100,Zimbabwe,Botswana,1,2014
12215,Zimbabwe,Brazil,-1,2014
14376,Zimbabwe,Burundi,1,2014
12598,Zimbabwe,Cape Verde,-1,2014
13891,Zimbabwe,Djibouti,1,2014
15358,Zimbabwe,Egypt,-1,2014
14254,Zimbabwe,Guinea,-1,2014
14414,Zimbabwe,Lesotho,1,2014
15475,Zimbabwe,Lesotho,1,2014
13545,Zimbabwe,Liberia,1,2014
12111,Zimbabwe,Malawi,1,2014
15459,Zimbabwe,Malawi,-1,2014
13170,Zimbabwe,Mali,1,2014
15628,Zimbabwe,Mozambique,-1,2014
13875,Zimbabwe,South Africa,1,2014
13421,Zimbabwe,Zambia,1,2014
13234,Åland Islands,Saare County,-1,2014
18049,Abkhazia,Chagos Islands,1,2018
16999,Abkhazia,Donetsk PR,1,2018
18008,Abkhazia,Donetsk PR,-1,2018
19259,Abkhazia,Donetsk PR,-1,2018
16991,Abkhazia,Luhansk PR,1,2018
18145,Abkhazia,Northern Cyprus,1,2018
16141,Abkhazia,Occitania,-1,2018
16201,Abkhazia,Occitania,-1,2018
18170,Abkhazia,Panjab,-1,2018
16172,Abkhazia,South Ossetia,-1,2018
18968,Abkhazia,South Ossetia,1,2018
18088,Abkhazia,Sápmi,1,2018
18069,Abkhazia,Western Armenia,1,2018
17790,Afghanistan,Bangladesh,1,2018
17634,Afghanistan,Cambodia,1,2018
17441,Afghanistan,Japan,-1,2018
19439,Afghanistan,Jordan,-1,2018
16011,Afghanistan,Kyrgyzstan,-1,2018
16022,Afghanistan,Kyrgyzstan,1,2018
16061,Afghanistan,Laos,-1,2018
17798,Afghanistan,Maldives,1,2018
18971,Afghanistan,Maldives,1,2018
17936,Afghanistan,Singapore,1,2018
18809,Afghanistan,Singapore,1,2018
17800,Afghanistan,Sri Lanka,1,2018
17094,Afghanistan,Syria,-1,2018
16053,Afghanistan,Turkmenistan,1,2018
18876,Afghanistan,Vietnam,-1,2018
16934,Albania,Armenia,1,2018
18877,Albania,Bosnia and Herzegovina,-1,2018
16492,Albania,Denmark,-1,2018
17131,Albania,France,1,2018
17705,Albania,Georgia,-1,2018
18623,Albania,Israel,-1,2018
19429,Albania,Italy,-1,2018
19278,Albania,Liechtenstein,1,2018
15941,Albania,Malta,1,2018
18326,Albania,Morocco,-1,2018
18396,Albania,North Macedonia,1,2018
17430,Albania,Portugal,-1,2018
18035,Albania,Qatar,1,2018
16110,Albania,Romania,-1,2018
17488,Albania,Serbia,-1,2018
18507,Albania,Spain,-1,2018
18205,Albania,Switzerland,-1,2018
18100,Albania,Ukraine,-1,2018
17036,Alderney,Felvidék,-1,2018
16002,Alderney,Guernsey,-1,2018
18000,Alderney,Guernsey,-1,2018
16933,Alderney,Jersey,-1,2018
18858,Alderney,Jersey,-1,2018
19122,Alderney,Jersey,-1,2018
17257,Alderney,Western Isles,-1,2018
18508,Algeria,Cameroon,-1,2018
19539,Algeria,Central African Republic,1,2018
16640,Algeria,Ethiopia,1,2018
17878,Algeria,Ethiopia,1,2018
17521,Algeria,Guinea,-1,2018
18972,Algeria,Guinea,1,2018
18372,Algeria,Lesotho,1,2018
16567,Algeria,Malawi,1,2018
16430,Algeria,Mali,1,2018
18725,Algeria,Mauritania,1,2018
18732,Algeria,Mauritania,1,2018
19491,Algeria,Nigeria,1,2018
16258,Algeria,Russia,-1,2018
17577,Algeria,Senegal,1,2018
17132,Algeria,Seychelles,1,2018
15942,Algeria,Slovenia,1,2018
16805,Algeria,South Africa,1,2018
17707,Algeria,Tanzania,1,2018
19051,Algeria,Togo,1,2018
18756,Algeria,Tunisia,-1,2018
19315,Algeria,Zambia,-1,2018
18743,Algeria,Zimbabwe,-1,2018
17364,American Samoa,Cook Islands,1,2018
17538,Andorra,Belgium,-1,2018
16919,Andorra,Bosnia and Herzegovina,-1,2018
17116,Andorra,Cyprus,-1,2018
17055,Andorra,Equatorial Guinea,-1,2018
18845,Andorra,Faroe Islands,-1,2018
19006,Andorra,Hungary,1,2018
16005,Andorra,Indonesia,-1,2018
16532,Andorra,Israel,-1,2018
18406,Andorra,Latvia,-1,2018
15943,Andorra,Moldova,-1,2018
17928,Andorra,Moldova,-1,2018
19395,Andorra,Portugal,-1,2018
19223,Andorra,Qatar,-1,2018
17635,Andorra,Saint Kitts and Nevis,-1,2018
18524,Andorra,Switzerland,-1,2018
16414,Andorra,Wales,-1,2018
16312,Angola,Botswana,-1,2018
16431,Angola,Burkina Faso,-1,2018
17133,Angola,Central African Republic,1,2018
17624,Angola,DR Congo,1,2018
17937,Angola,DR Congo,-1,2018
16641,Angola,Gabon,-1,2018
16095,Angola,Iran,-1,2018
16568,Angola,Lesotho,1,2018
18228,Angola,Lesotho,-1,2018
18362,Angola,Madagascar,-1,2018
18239,Angola,Mauritius,-1,2018
16084,Angola,Morocco,1,2018
17622,Angola,Namibia,1,2018
17661,Angola,South Africa,-1,2018
19139,Angola,Tanzania,-1,2018
16935,Anguilla,Nicaragua,-1,2018
17900,Anguilla,Puerto Rico,-1,2018
17831,Antigua and Barbuda,Aruba,1,2018
16872,Antigua and Barbuda,British Virgin Islands,1,2018
16866,Antigua and Barbuda,Dominica,1,2018
18700,Antigua and Barbuda,Estonia,-1,2018
17379,Antigua and Barbuda,Guatemala,1,2018
16663,Antigua and Barbuda,Martinique,-1,2018
16450,Antigua and Barbuda,Saint Lucia,1,2018
17091,Antigua and Barbuda,Saint Lucia,-1,2018
17178,Antigua and Barbuda,Saint Lucia,1,2018
16858,Antigua and Barbuda,United States Virgin Islands,1,2018
16190,Arameans Suryoye,Ellan Vannin,-1,2018
16173,Arameans Suryoye,Occitania,-1,2018
16274,Argentina,Belgium,1,2018
17054,Argentina,Bolivia,1,2018
17384,Argentina,Bolivia,1,2018
17938,Argentina,Bolivia,1,2018
18229,Argentina,Bolivia,1,2018
16218,Argentina,Bosnia and Herzegovina,1,2018
16493,Argentina,Brazil,-1,2018
17662,Argentina,Brazil,-1,2018
19007,Argentina,Brazil,1,2018
18171,Argentina,Chile,1,2018
18285,Argentina,Chile,-1,2018
18810,Argentina,Chile,1,2018
17229,Argentina,Colombia,-1,2018
18663,Argentina,Colombia,1,2018
16606,Argentina,Croatia,1,2018
16965,Argentina,Ecuador,1,2018
17489,Argentina,Ecuador,-1,2018
16918,Argentina,El Salvador,1,2018
16237,Argentina,Iran,1,2018
17219,Argentina,Jamaica,1,2018
19540,Argentina,Nigeria,-1,2018
18202,Argentina,Panama,1,2018
17134,Argentina,Paraguay,-1,2018
17249,Argentina,Paraguay,1,2018
18535,Argentina,Paraguay,-1,2018
19360,Argentina,Peru,-1,2018
16191,Argentina,Slovenia,1,2018
16269,Argentina,Switzerland,1,2018
16161,Argentina,Trinidad and Tobago,1,2018
17183,Argentina,Uruguay,1,2018
18335,Argentina,Uruguay,1,2018
18249,Argentina,Venezuela,1,2018
19316,Argentina,Venezuela,-1,2018
17552,Armenia,Albania,-1,2018
16111,Armenia,Algeria,-1,2018
17879,Armenia,Belarus,-1,2018
19480,Armenia,Belarus,1,2018
19529,Armenia,Cyprus,1,2018
17431,Armenia,Denmark,-1,2018
19303,Armenia,Denmark,-1,2018
16544,Armenia,France,-1,2018
18859,Armenia,Kazakhstan,1,2018
18606,Armenia,Montenegro,1,2018
19361,Armenia,Poland,-1,2018
17135,Armenia,Portugal,-1,2018
18486,Armenia,Romania,-1,2018
18953,Armenia,Saint Kitts and Nevis,1,2018
16494,Armenia,Serbia,-1,2018
16075,Armenia,United Arab Emirates,1,2018
16160,Artsakh,County of Nice,-1,2018
17092,Aruba,Barbados,-1,2018
16126,Aruba,British Virgin Islands,1,2018
16149,Aruba,French Guiana,-1,2018
16006,Aruba,Guam,-1,2018
16008,Aruba,Guam,1,2018
17901,Aruba,Saint Kitts and Nevis,-1,2018
17472,Aruba,Saint Vincent and the Grenadines,1,2018
16096,Aruba,Turks and Caicos Islands,1,2018
17338,Australia,Bangladesh,1,2018
19072,Australia,Brazil,-1,2018
16817,Australia,China PR,1,2018
15944,Australia,Ecuador,-1,2018
19106,Australia,Germany,-1,2018
18121,Australia,Greece,1,2018
18179,Australia,Greece,-1,2018
19571,Australia,Honduras,1,2018
18336,Australia,Iraq,1,2018
18536,Australia,Japan,-1,2018
17939,Australia,Jordan,1,2018
16769,Australia,Kuwait,1,2018
17636,Australia,Kyrgyzstan,1,2018
16227,Australia,Netherlands,-1,2018
16783,Australia,Oman,1,2018
16402,Australia,Saudi Arabia,1,2018
18999,Australia,Saudi Arabia,1,2018
16068,Australia,South Africa,-1,2018
16796,Australia,South Korea,-1,2018
16842,Australia,South Korea,1,2018
16245,Australia,Spain,-1,2018
19440,Australia,Syria,1,2018
17844,Australia,Tajikistan,1,2018
19317,Australia,Thailand,1,2018
16833,Australia,United Arab Emirates,1,2018
18878,Australia,United Arab Emirates,1,2018
17902,Austria,Albania,1,2018
16966,Austria,Bosnia and Herzegovina,-1,2018
16682,Austria,Brazil,-1,2018
18879,Austria,Finland,-1,2018
19318,Austria,Georgia,-1,2018
18230,Austria,Hungary,-1,2018
16097,Austria,Iceland,-1,2018
17566,Austria,Liechtenstein,1,2018
18060,Austria,Malta,1,2018
17385,Austria,Moldova,1,2018
18826,Austria,Moldova,1,2018
16513,Austria,Montenegro,1,2018
18122,Austria,Netherlands,-1,2018
18624,Austria,Republic of Ireland,-1,2018
16642,Austria,Russia,1,2018
19381,Austria,Serbia,1,2018
18664,Austria,Slovakia,-1,2018
16403,Austria,Sweden,-1,2018
17708,Austria,Switzerland,-1,2018
17940,Austria,Turkey,-1,2018
15945,Austria,Uruguay,-1,2018
19541,Austria,Uruguay,1,2018
18448,Austria,Wales,-1,2018
18014,Azerbaijan,Andorra,-1,2018
16415,Azerbaijan,Bulgaria,-1,2018
18101,Azerbaijan,Canada,-1,2018
17339,Azerbaijan,Croatia,-1,2018
19362,Azerbaijan,Czech Republic,-1,2018
18860,Azerbaijan,Germany,-1,2018
17539,Azerbaijan,Italy,-1,2018
17903,Azerbaijan,Kazakhstan,-1,2018
16920,Azerbaijan,Malta,1,2018
17709,Azerbaijan,Moldova,1,2018
18036,Azerbaijan,North Macedonia,-1,2018
19024,Azerbaijan,Northern Ireland,-1,2018
16664,Azerbaijan,Norway,-1,2018
18487,Azerbaijan,Norway,1,2018
19304,Azerbaijan,San Marino,1,2018
16315,Azerbaijan,Uzbekistan,-1,2018
16889,Bahamas,Bermuda,-1,2018
16890,Bahrain,Colombia,-1,2018
16545,Bahrain,Iraq,-1,2018
19634,Bahrain,Iraq,-1,2018
15916,Bahrain,Jordan,-1,2018
16763,Bahrain,Jordan,1,2018
18373,Bahrain,Jordan,-1,2018
19231,Bahrain,Jordan,-1,2018
15920,Bahrain,Kuwait,-1,2018
19631,Bahrain,Kuwait,-1,2018
18665,Bahrain,Kyrgyzstan,-1,2018
17820,Bahrain,Lebanon,1,2018
16593,Bahrain,North Korea,-1,2018
17340,Bahrain,North Korea,-1,2018
17030,Bahrain,Oman,-1,2018
18973,Bahrain,Palestine,-1,2018
16955,Bahrain,Philippines,1,2018
17578,Bahrain,Philippines,1,2018
16709,Bahrain,Qatar,-1,2018
16759,Bahrain,Saudi Arabia,1,2018
16598,Bahrain,Singapore,1,2018
18337,Bahrain,Singapore,1,2018
18880,Bahrain,Singapore,-1,2018
19319,Bahrain,Taiwan,1,2018
18811,Bahrain,Tajikistan,-1,2018
16790,Bahrain,United Arab Emirates,-1,2018
17490,Bahrain,Uzbekistan,-1,2018
17845,Bahrain,Yemen,1,2018
17042,Bangladesh,Afghanistan,-1,2018
17710,Bangladesh,Australia,-1,2018
18407,Bangladesh,Bhutan,-1,2018
17442,Bangladesh,Jordan,-1,2018
17095,Bangladesh,Kyrgyzstan,-1,2018
17793,Bangladesh,Maldives,-1,2018
17787,Bangladesh,Nepal,1,2018
17814,Bangladesh,Nepal,-1,2018
17031,Bangladesh,Singapore,-1,2018
16588,Bangladesh,Sri Lanka,-1,2018
16590,Bangladesh,Sri Lanka,1,2018
16849,Bangladesh,Sri Lanka,1,2018
17805,Bangladesh,Sri Lanka,1,2018
17184,Bangladesh,Tajikistan,-1,2018
18180,Bangladesh,Tajikistan,-1,2018
18319,Barawa,Chagos Islands,-1,2018
18318,Barawa,Tamil Eelam,-1,2018
17152,Barbados,Aruba,-1,2018
17832,Barbados,Curaçao,1,2018
16514,Barbados,French Guiana,-1,2018
18861,Barbados,Martinique,1,2018
16992,Barbados,Saint Kitts and Nevis,-1,2018
19178,Barbados,Saint Lucia,-1,2018
16873,Barbados,United States Virgin Islands,-1,2018
16758,Basque Country,Catalonia,-1,2018
18720,Basque Country,Tunisia,1,2018
19008,Belarus,Bulgaria,1,2018
18408,Belarus,France,-1,2018
16956,Belarus,Gabon,-1,2018
16032,Belarus,Iran,-1,2018
17443,Belarus,Luxembourg,1,2018
18525,Belarus,Luxembourg,-1,2018
16683,Belarus,Mexico,1,2018
19396,Belarus,Netherlands,-1,2018
19069,Belarus,New Zealand,1,2018
17567,Belarus,North Macedonia,-1,2018
16515,Belarus,Slovakia,-1,2018
17153,Belarus,Spain,-1,2018
19293,Belarus,Sweden,-1,2018
16344,Belarus,Tajikistan,1,2018
16455,Belarus,Ukraine,-1,2018
16224,Belgium,Algeria,1,2018
16466,Belgium,Andorra,1,2018
16345,Belgium,Australia,1,2018
17341,Belgium,Bosnia and Herzegovina,1,2018
18472,Belgium,Bosnia and Herzegovina,1,2018
16921,Belgium,Cyprus,1,2018
19441,Belgium,Cyprus,1,2018
18962,Belgium,Czech Republic,1,2018
18643,Belgium,Estonia,1,2018
18073,Belgium,Finland,-1,2018
19235,Belgium,Gibraltar,1,2018
18846,Belgium,Greece,-1,2018
16607,Belgium,Iceland,1,2018
17579,Belgium,Israel,1,2018
17663,Belgium,Italy,1,2018
18221,Belgium,Italy,-1,2018
15946,Belgium,Ivory Coast,-1,2018
19542,Belgium,Japan,1,2018
16069,Belgium,Luxembourg,1,2018
19492,Belgium,Mexico,-1,2018
18149,Belgium,Norway,1,2018
18250,Belgium,Republic of Ireland,1,2018
16241,Belgium,Russia,1,2018
18338,Belgium,Spain,-1,2018
16192,Belgium,Tunisia,1,2018
16270,Belgium,United States,1,2018
16665,Belgium,Wales,-1,2018
17473,Belize,Canada,-1,2018
18744,Belize,Costa Rica,-1,2018
17176,Belize,Dominican Republic,1,2018
18488,Belize,Honduras,-1,2018
18763,Belize,Honduras,-1,2018
17637,Benin,Burkina Faso,1,2018
18931,Benin,Burkina Faso,-1,2018
18213,Benin,Equatorial Guinea,1,2018
19442,Benin,Gabon,1,2018
19052,Benin,Gambia,1,2018
16290,Benin,Malawi,1,2018
17412,Benin,Mali,-1,2018
17921,Benin,South Sudan,1,2018
16127,Benin,São Tomé and Príncipe,1,2018
19522,Benin,Tanzania,-1,2018
16936,Bermuda,Bahamas,1,2018
19476,Bermuda,Barbados,-1,2018
18764,Bermuda,Canada,-1,2018
17904,Bermuda,French Guiana,1,2018
16859,Bermuda,Grenada,1,2018
17182,Bermuda,Guatemala,-1,2018
17794,Bhutan,Afghanistan,-1,2018
17799,Bhutan,Bangladesh,-1,2018
18526,Bhutan,Bangladesh,1,2018
17185,Bhutan,China PR,-1,2018
17580,Bhutan,Hong Kong,-1,2018
18310,Bhutan,India,-1,2018
17491,Bhutan,Maldives,-1,2018
19073,Bhutan,Maldives,-1,2018
19543,Bhutan,Oman,-1,2018
19320,Bhutan,Palestine,-1,2018
17711,Bhutan,Qatar,-1,2018
16867,Bhutan,Sri Lanka,1,2018
18881,Bolivia,Argentina,1,2018
19363,Bolivia,Brazil,-1,2018
19321,Bolivia,Chile,1,2018
17846,Bolivia,Colombia,-1,2018
18537,Bolivia,Ecuador,-1,2018
16179,Bolivia,Greece,-1,2018
18984,Bolivia,Nicaragua,1,2018
18666,Bolivia,Paraguay,1,2018
17228,Bolivia,Peru,-1,2018
18339,Bolivia,Peru,-1,2018
17492,Bolivia,Uruguay,-1,2018
16684,Bolivia,Venezuela,1,2018
17638,Bolivia,Venezuela,1,2018
16383,Bonaire,Barbados,-1,2018
17410,Bosnia and Herzegovina,Andorra,1,2018
16533,Bosnia and Herzegovina,Belgium,-1,2018
19397,Bosnia and Herzegovina,Belgium,-1,2018
16416,Bosnia and Herzegovina,Cyprus,-1,2018
18527,Bosnia and Herzegovina,Cyprus,1,2018
18102,Bosnia and Herzegovina,Denmark,-1,2018
15947,Bosnia and Herzegovina,Egypt,-1,2018
18409,Bosnia and Herzegovina,Estonia,1,2018
18847,Bosnia and Herzegovina,Gibraltar,1,2018
19009,Bosnia and Herzegovina,Greece,-1,2018
16253,Bosnia and Herzegovina,Iran,1,2018
17117,Bosnia and Herzegovina,Israel,1,2018
16098,Bosnia and Herzegovina,Ivory Coast,1,2018
16346,Bosnia and Herzegovina,Liechtenstein,1,2018
17664,Bosnia and Herzegovina,Republic of Ireland,-1,2018
18037,Bosnia and Herzegovina,Spain,-1,2018
17540,Bosnia and Herzegovina,Wales,1,2018
18441,Botswana,Angola,-1,2018
16784,Botswana,Burkina Faso,-1,2018
17386,Botswana,Burkina Faso,1,2018
16128,Botswana,Burundi,1,2018
17922,Botswana,Comoros,1,2018
18270,Botswana,DR Congo,-1,2018
16467,Botswana,Egypt,-1,2018
17581,Botswana,Eritrea,1,2018
17480,Botswana,Ethiopia,-1,2018
16287,Botswana,Guinea-Bissau,1,2018
16283,Botswana,Lesotho,1,2018
16877,Botswana,Lesotho,1,2018
18007,Botswana,Lesotho,1,2018
17690,Botswana,Mali,1,2018
19050,Botswana,Mauritania,-1,2018
16937,Botswana,Mozambique,-1,2018
17025,Botswana,Mozambique,-1,2018
16432,Botswana,Senegal,-1,2018
15948,Botswana,South Sudan,1,2018
16620,Botswana,Tunisia,-1,2018
18123,Botswana,Uganda,-1,2018
19169,Botswana,Zambia,-1,2018
16447,Botswana,Zimbabwe,1,2018
18597,Brazil,Argentina,1,2018
18449,Brazil,Bolivia,1,2018
16246,Brazil,Cameroon,1,2018
16262,Brazil,Chile,-1,2018
16938,Brazil,Chile,1,2018
19443,Brazil,Chile,1,2018
16272,Brazil,Colombia,1,2018
16358,Brazil,Colombia,1,2018
17208,Brazil,Colombia,-1,2018
18410,Brazil,Colombia,1,2018
18777,Brazil,Colombia,1,2018
16210,Brazil,Croatia,1,2018
18125,Brazil,Ecuador,-1,2018
19236,Brazil,Ecuador,1,2018
16277,Brazil,Germany,-1,2018
18195,Brazil,Haiti,1,2018
17087,Brazil,Honduras,1,2018
16225,Brazil,Mexico,-1,2018
17066,Brazil,Mexico,1,2018
16280,Brazil,Netherlands,-1,2018
16150,Brazil,Panama,1,2018
17230,Brazil,Paraguay,-1,2018
18882,Brazil,Paraguay,1,2018
17154,Brazil,Peru,1,2018
17712,Brazil,Peru,1,2018
18214,Brazil,Peru,-1,2018
16180,Brazil,Serbia,1,2018
17880,Brazil,Uruguay,-1,2018
17223,Brazil,Venezuela,1,2018
17582,Brazil,Venezuela,1,2018
17905,British Virgin Islands,Dominica,-1,2018
16314,British Virgin Islands,Saint Martin,-1,2018
16151,British Virgin Islands,Turks and Caicos Islands,-1,2018
19588,Brunei,Kyrgyzstan,-1,2018
16582,Brunei,Myanmar,-1,2018
16868,Brunei,Taiwan,-1,2018
18565,Brunei,Timor-Leste,1,2018
18571,Brunei,Timor-Leste,1,2018
17583,Bulgaria,Azerbaijan,1,2018
15949,Bulgaria,Belarus,1,2018
18644,Bulgaria,Belarus,1,2018
16057,Bulgaria,Canada,-1,2018
16468,Bulgaria,Croatia,-1,2018
18181,Bulgaria,Denmark,-1,2018
19398,Bulgaria,France,-1,2018
16922,Bulgaria,Italy,-1,2018
18411,Bulgaria,Luxembourg,1,2018
16666,Bulgaria,Malta,-1,2018
18848,Bulgaria,Netherlands,1,2018
17342,Bulgaria,Norway,-1,2018
19530,Bulgaria,Saudi Arabia,1,2018
19237,Bulgaria,Sweden,1,2018
16710,Burkina Faso,Angola,-1,2018
19025,Burkina Faso,Angola,1,2018
17713,Burkina Faso,Benin,1,2018
18925,Burkina Faso,Benin,-1,2018
18374,Burkina Faso,Botswana,1,2018
17056,Burkina Faso,Cameroon,-1,2018
18739,Burkina Faso,Cameroon,-1,2018
19544,Burkina Faso,Cape Verde,1,2018
15950,Burkina Faso,Comoros,-1,2018
17136,Burkina Faso,Comoros,1,2018
18783,Burkina Faso,Egypt,-1,2018
16771,Burkina Faso,Eswatini,1,2018
16569,Burkina Faso,Gabon,-1,2018
16797,Burkina Faso,Gabon,-1,2018
18785,Burkina Faso,Ghana,1,2018
16368,Burkina Faso,Lesotho,1,2018
17522,Burkina Faso,Mali,-1,2018
18726,Burkina Faso,Mali,1,2018
19209,Burkina Faso,North Korea,-1,2018
16047,Burkina Faso,Senegal,-1,2018
19322,Burkina Faso,Senegal,-1,2018
18489,Burkina Faso,South Africa,-1,2018
18778,Burkina Faso,Tunisia,1,2018
17906,Burkina Faso,Uganda,1,2018
16033,Burundi,Botswana,-1,2018
17639,Burundi,DR Congo,-1,2018
18791,Burundi,Djibouti,1,2018
18793,Burundi,Djibouti,1,2018
19601,Burundi,Ethiopia,1,2018
17907,Burundi,Namibia,-1,2018
17387,Burundi,Niger,1,2018
15951,Burundi,Rwanda,-1,2018
18124,Burundi,Senegal,-1,2018
17585,Burundi,Seychelles,1,2018
19026,Burundi,South Sudan,1,2018
16384,Burundi,Tanzania,1,2018
19629,Burundi,Uganda,-1,2018
17758,Burundi,Zanzibar,1,2018
17187,Cambodia,Afghanistan,-1,2018
19074,Cambodia,Afghanistan,1,2018
17320,Cambodia,Bhutan,1,2018
16586,Cambodia,Brunei,1,2018
17620,Cambodia,Brunei,1,2018
18567,Cambodia,Brunei,1,2018
18450,Cambodia,Hong Kong,-1,2018
18798,Cambodia,India,-1,2018
19000,Cambodia,Indonesia,-1,2018
17715,Cambodia,Japan,-1,2018
19545,Cambodia,Jordan,-1,2018
17043,Cambodia,Laos,-1,2018
18566,Cambodia,Laos,1,2018
16860,Cambodia,Macau,1,2018
16584,Cambodia,Myanmar,-1,2018
17046,Cambodia,Myanmar,1,2018
19481,Cambodia,Myanmar,-1,2018
18740,Cambodia,Saudi Arabia,-1,2018
17096,Cambodia,Singapore,-1,2018
18304,Cambodia,Singapore,1,2018
18509,Cambodia,Sri Lanka,1,2018
17444,Cambodia,Syria,-1,2018
18182,Cambodia,Taiwan,1,2018
18038,Cambodia,Timor-Leste,1,2018
18569,Cambodia,Timor-Leste,1,2018
19323,Cambodia,Vietnam,-1,2018
19399,Cameroon,Algeria,1,2018
19109,Cameroon,Australia,-1,2018
23185,Cameroon,Brazil,-1,2018
19104,Cameroon,Chile,-1,2018
19075,Cameroon,Colombia,-1,2018
16228,Cameroon,Croatia,-1,2018
16643,Cameroon,DR Congo,1,2018
16768,Cameroon,DR Congo,-1,2018
18723,Cameroon,DR Congo,1,2018
18412,Cameroon,Gabon,1,2018
18363,Cameroon,Gambia,1,2018
18784,Cameroon,Ghana,1,2018
16826,Cameroon,Guinea,-1,2018
18884,Cameroon,Guinea,-1,2018
18754,Cameroon,Guinea-Bissau,1,2018
16433,Cameroon,Ivory Coast,1,2018
16836,Cameroon,Ivory Coast,-1,2018
17155,Cameroon,Mauritania,1,2018
16193,Cameroon,Moldova,1,2018
19027,Cameroon,Morocco,1,2018
17716,Cameroon,Niger,-1,2018
19305,Cameroon,Nigeria,-1,2018
16088,Cameroon,Paraguay,-1,2018
16495,Cameroon,Sierra Leone,-1,2018
16570,Cameroon,Sierra Leone,1,2018
16772,Cameroon,South Africa,-1,2018
17908,Cameroon,South Africa,-1,2018
18625,Cameroon,Zambia,-1,2018
18733,Cameroon,Zimbabwe,-1,2018
17380,Canada,Belize,1,2018
17287,Canada,Costa Rica,-1,2018
19076,Canada,Curaçao,1,2018
17205,Canada,Dominica,1,2018
18413,Canada,El Salvador,1,2018
16903,Canada,Guatemala,1,2018
17685,Canada,Honduras,1,2018
19204,Canada,Honduras,-1,2018
16793,Canada,Iceland,-1,2018
16806,Canada,Iceland,-1,2018
19279,Canada,Jamaica,1,2018
17881,Canada,Mexico,-1,2018
18183,Canada,Uzbekistan,1,2018
18626,Cape Verde,Burkina Faso,-1,2018
16773,Cape Verde,Congo,1,2018
16818,Cape Verde,DR Congo,-1,2018
17717,Cape Verde,Kenya,1,2018
18364,Cape Verde,Libya,-1,2018
17909,Cape Verde,Morocco,-1,2018
16571,Cape Verde,Mozambique,1,2018
16644,Cape Verde,Niger,1,2018
19400,Cape Verde,Senegal,-1,2018
19260,Cape Verde,South Africa,1,2018
17137,Cape Verde,São Tomé and Príncipe,1,2018
19053,Cape Verde,Uganda,-1,2018
16434,Cape Verde,Zambia,1,2018
16830,Cape Verde,Zambia,-1,2018
17796,Catalonia,Basque Country,-1,2018
18718,Catalonia,Tunisia,-1,2018
16954,Cayman Islands,Belize,-1,2018
18150,Central African Republic,Angola,1,2018
17411,Central African Republic,DR Congo,1,2018
18872,Central African Republic,Gambia,-1,2018
16034,Central African Republic,Guinea-Bissau,-1,2018
17929,Central African Republic,Madagascar,1,2018
19054,Central African Republic,Rwanda,1,2018
17691,Chad,Egypt,1,2018
16112,Chad,Malawi,1,2018
17541,Chad,Sierra Leone,1,2018
18119,Chagos Islands,Raetia,-1,2018
18098,Chagos Islands,Somaliland,-1,2018
18322,Chagos Islands,Tamil Eelam,-1,2018
18056,Chagos Islands,Western Armenia,-1,2018
17270,Chile,Argentina,-1,2018
17847,Chile,Argentina,-1,2018
16211,Chile,Australia,1,2018
19115,Chile,Australia,-1,2018
17214,Chile,Bolivia,1,2018
18203,Chile,Bolivia,1,2018
18414,Chile,Bolivia,1,2018
17494,Chile,Brazil,1,2018
18945,Chile,Burkina Faso,1,2018
17640,Chile,Colombia,-1,2018
15928,Chile,Costa Rica,1,2018
18735,Chile,Croatia,-1,2018
17097,Chile,Ecuador,1,2018
19365,Chile,Ecuador,1,2018
19174,Chile,Germany,-1,2018
16891,Chile,Iran,-1,2018
17180,Chile,Mexico,-1,2018
18231,Chile,Panama,1,2018
17388,Chile,Paraguay,1,2018
19238,Chile,Paraguay,-1,2018
16491,Chile,Peru,1,2018
17240,Chile,Peru,1,2018
18538,Chile,Peru,1,2018
16837,Chile,United States,1,2018
16685,Chile,Uruguay,-1,2018
17227,Chile,Uruguay,1,2018
18667,Chile,Uruguay,1,2018
18885,Chile,Venezuela,1,2018
17641,China PR,Bhutan,1,2018
19546,China PR,Colombia,-1,2018
18741,China PR,Croatia,-1,2018
16904,China PR,Haiti,-1,2018
16686,China PR,Honduras,-1,2018
17343,China PR,Hong Kong,-1,2018
18734,China PR,Iceland,-1,2018
18415,China PR,Iran,-1,2018
17317,China PR,Japan,-1,2018
16417,China PR,Jordan,-1,2018
18184,China PR,Kazakhstan,-1,2018
16347,China PR,Kuwait,1,2018
17445,China PR,Maldives,1,2018
17848,China PR,Maldives,1,2018
16264,China PR,Mali,-1,2018
16621,China PR,New Zealand,-1,2018
16801,China PR,North Korea,1,2018
17310,China PR,North Korea,1,2018
19627,China PR,North Korea,-1,2018
16229,China PR,North Macedonia,1,2018
16242,China PR,North Macedonia,-1,2018
16767,China PR,Oman,1,2018
16752,China PR,Palestine,-1,2018
16547,China PR,Paraguay,1,2018
18985,China PR,Philippines,1,2018
17941,China PR,Qatar,1,2018
18668,China PR,Qatar,-1,2018
19493,China PR,Serbia,-1,2018
17302,China PR,South Korea,-1,2018
18812,China PR,South Korea,1,2018
18451,China PR,Syria,-1,2018
16469,China PR,Thailand,1,2018
18104,China PR,Trinidad and Tobago,1,2018
16967,China PR,Tunisia,-1,2018
16787,China PR,Uzbekistan,1,2018
19239,China PR,Uzbekistan,1,2018
17718,Colombia,Argentina,-1,2018
18813,Colombia,Bolivia,1,2018
19324,Colombia,Brazil,-1,2018
18271,Colombia,Chile,-1,2018
18598,Colombia,Chile,-1,2018
17057,Colombia,Costa Rica,1,2018
18206,Colombia,Costa Rica,-1,2018
17942,Colombia,Ecuador,1,2018
16214,Colombia,Greece,1,2018
16231,Colombia,Ivory Coast,1,2018
16181,Colombia,Jordan,1,2018
18185,Colombia,Paraguay,1,2018
19366,Colombia,Paraguay,-1,2018
17224,Colombia,Peru,-1,2018
17478,Colombia,Peru,-1,2018
17495,Colombia,Peru,1,2018
16113,Colombia,Senegal,-1,2018
15952,Colombia,Tunisia,-1,2018
16263,Colombia,Uruguay,1,2018
18539,Colombia,Uruguay,-1,2018
17156,Colombia,Venezuela,-1,2018
18340,Colombia,Venezuela,1,2018
17849,Comoros,Botswana,1,2018
18151,Comoros,Burkina Faso,-1,2018
17665,Comoros,Ghana,-1,2018
16099,Comoros,Kenya,-1,2018
17483,Comoros,Lesotho,-1,2018
19506,Comoros,Madagascar,-1,2018
17306,Comoros,Mauritius,-1,2018
18827,Comoros,Mauritius,1,2018
17389,Comoros,Uganda,-1,2018
17586,Congo,Benin,1,2018
19477,Congo,Benin,-1,2018
16828,Congo,Burkina Faso,1,2018
16843,Congo,DR Congo,-1,2018
18510,Congo,Egypt,-1,2018
17719,Congo,Ethiopia,1,2018
17335,Congo,Ghana,-1,2018
19325,Congo,Ghana,-1,2018
18375,Congo,Guinea-Bissau,1,2018
17157,Congo,Kenya,-1,2018
16129,Congo,Namibia,1,2018
16645,Congo,Nigeria,-1,2018
16291,Congo,Rwanda,1,2018
18736,Congo,Senegal,-1,2018
16496,Congo,South Africa,-1,2018
16435,Congo,Sudan,1,2018
19523,Congo,Uganda,-1,2018
17923,Congo,Zambia,-1,2018
17336,Cook Islands,Samoa,1,2018
18024,Corsica,Basque Country,-1,2018
17029,Corsica,Burkina Faso,1,2018
18934,Corsica,Nigeria,-1,2018
17390,Costa Rica,Brazil,-1,2018
19198,Costa Rica,Canada,-1,2018
17281,Costa Rica,El Salvador,-1,2018
16249,Costa Rica,England,-1,2018
19205,Costa Rica,French Guiana,1,2018
16265,Costa Rica,Greece,-1,2018
17666,Costa Rica,Haiti,1,2018
19401,Costa Rica,Honduras,-1,2018
17274,Costa Rica,Jamaica,-1,2018
17943,Costa Rica,Jamaica,1,2018
16144,Costa Rica,Japan,-1,2018
19327,Costa Rica,Mexico,-1,2018
16329,Costa Rica,Nicaragua,1,2018
16385,Costa Rica,Panama,-1,2018
18416,Costa Rica,Panama,1,2018
19001,Costa Rica,Panama,-1,2018
19213,Costa Rica,Panama,1,2018
18126,Costa Rica,Paraguay,-1,2018
16182,Costa Rica,Republic of Ireland,-1,2018
15930,Costa Rica,South Korea,-1,2018
19077,Costa Rica,Trinidad and Tobago,1,2018
18669,Costa Rica,United States,1,2018
18026,Costa Rica,Venezuela,1,2018
16207,County of Nice,Ellan Vannin,-1,2018
17221,County of Nice,Ellan Vannin,1,2018
17226,County of Nice,Padania,-1,2018
16189,County of Nice,South Ossetia,1,2018
16183,Croatia,Australia,1,2018
16534,Croatia,Azerbaijan,1,2018
17542,Croatia,Bulgaria,1,2018
16348,Croatia,Cyprus,1,2018
19382,Croatia,Finland,-1,2018
17067,Croatia,Gibraltar,1,2018
19482,Croatia,Greece,1,2018
18627,Croatia,Iceland,1,2018
17833,Croatia,Israel,1,2018
17118,Croatia,Italy,-1,2018
19280,Croatia,Kosovo,1,2018
16114,Croatia,Mali,1,2018
16418,Croatia,Malta,1,2018
16247,Croatia,Mexico,-1,2018
18015,Croatia,Moldova,1,2018
16923,Croatia,Norway,1,2018
18279,Croatia,Portugal,-1,2018
18127,Croatia,San Marino,1,2018
18263,Croatia,Spain,1,2018
18397,Croatia,Turkey,-1,2018
18828,Croatia,Ukraine,1,2018
17830,Cuba,Bermuda,1,2018
17159,Cuba,Curaçao,-1,2018
16604,Cuba,French Guiana,-1,2018
16687,Cuba,Haiti,-1,2018
16007,Cuba,Indonesia,1,2018
18473,Cuba,United States,-1,2018
18444,Curaçao,Antigua and Barbuda,1,2018
16839,Curaçao,Aruba,-1,2018
16845,Curaçao,Bonaire,1,2018
16612,Curaçao,Cuba,-1,2018
17088,Curaçao,Cuba,-1,2018
17912,Curaçao,Dominican Republic,1,2018
17365,Curaçao,El Salvador,-1,2018
18799,Curaçao,El Salvador,-1,2018
16355,Curaçao,Grenada,1,2018
18074,Curaçao,Guyana,1,2018
19195,Curaçao,Jamaica,-1,2018
16451,Curaçao,Martinique,-1,2018
19210,Curaçao,Mexico,-1,2018
16905,Curaçao,Montserrat,1,2018
19101,Curaçao,Nicaragua,-1,2018
16605,Curaçao,Trinidad and Tobago,-1,2018
17047,Curaçao,Trinidad and Tobago,1,2018
18186,Curaçao,United States Virgin Islands,1,2018
16667,Cyprus,Andorra,1,2018
17413,Cyprus,Belgium,-1,2018
18417,Cyprus,Belgium,-1,2018
17587,Cyprus,Bosnia and Herzegovina,-1,2018
19240,Cyprus,Bosnia and Herzegovina,1,2018
18849,Cyprus,Estonia,-1,2018
18645,Cyprus,Gibraltar,1,2018
19402,Cyprus,Greece,-1,2018
16470,Cyprus,Israel,-1,2018
18800,Cyprus,Kazakhstan,1,2018
15953,Cyprus,Northern Ireland,-1,2018
17344,Cyprus,Wales,-1,2018
18327,Czech Republic,Armenia,1,2018
16152,Czech Republic,Austria,-1,2018
18540,Czech Republic,Azerbaijan,-1,2018
18245,Czech Republic,Croatia,-1,2018
18670,Czech Republic,Denmark,-1,2018
19261,Czech Republic,Germany,-1,2018
16668,Czech Republic,Iceland,1,2018
17345,Czech Republic,Kazakhstan,1,2018
16924,Czech Republic,Latvia,-1,2018
18801,Czech Republic,Lithuania,1,2018
18016,Czech Republic,Malta,1,2018
16419,Czech Republic,Netherlands,1,2018
18377,Czech Republic,Northern Ireland,-1,2018
15954,Czech Republic,Norway,-1,2018
18607,Czech Republic,Norway,1,2018
18075,Czech Republic,Russia,1,2018
19417,Czech Republic,San Marino,1,2018
17850,Czech Republic,Scotland,-1,2018
17667,Czech Republic,Serbia,1,2018
18152,Czech Republic,South Korea,-1,2018
17543,Czech Republic,Turkey,-1,2018
18264,Czech Republic,Turkey,-1,2018
16330,Czech Republic,United States,-1,2018
17910,DR Congo,Angola,1,2018
18963,DR Congo,Botswana,1,2018
17699,DR Congo,Burundi,1,2018
16369,DR Congo,Cameroon,-1,2018
17082,DR Congo,Cameroon,-1,2018
18376,DR Congo,Central African Republic,1,2018
19028,DR Congo,Congo,1,2018
18780,DR Congo,Ghana,-1,2018
19507,DR Congo,Guinea,1,2018
16497,DR Congo,Ivory Coast,-1,2018
16850,DR Congo,Ivory Coast,-1,2018
18442,DR Congo,Kenya,-1,2018
18490,DR Congo,Libya,1,2018
17158,DR Congo,Madagascar,1,2018
18748,DR Congo,Morocco,1,2018
18256,DR Congo,Mozambique,1,2018
16436,DR Congo,Sierra Leone,1,2018
16711,DR Congo,Sierra Leone,1,2018
16831,DR Congo,Tunisia,-1,2018
19326,DR Congo,Tunisia,-1,2018
17623,DR Congo,Zambia,1,2018
16176,Darfur,Artsakh,-1,2018
16142,Darfur,Padania,-1,2018
16147,Darfur,South Ossetia,-1,2018
17366,Denmark,Albania,-1,2018
16386,Denmark,Armenia,1,2018
18378,Denmark,Armenia,1,2018
17553,Denmark,France,-1,2018
18974,Denmark,Germany,-1,2018
17851,Denmark,Iceland,1,2018
18608,Denmark,Kazakhstan,1,2018
18328,Denmark,Liechtenstein,1,2018
17076,Denmark,Montenegro,1,2018
18541,Denmark,Montenegro,-1,2018
19262,Denmark,Poland,1,2018
16548,Denmark,Portugal,-1,2018
19508,Denmark,Republic of Ireland,-1,2018
19418,Denmark,Romania,-1,2018
17138,Denmark,Serbia,1,2018
16085,Denmark,Sweden,1,2018
17720,Denmark,Sweden,-1,2018
16331,Denmark,Turkey,-1,2018
16878,Denmark,United States,1,2018
17523,Djibouti,Eswatini,-1,2018
17852,Djibouti,Liberia,-1,2018
18802,Djibouti,South Sudan,1,2018
17770,Djibouti,Sudan,-1,2018
17367,Djibouti,Togo,-1,2018
18105,Djibouti,Tunisia,-1,2018
19164,Dominica,Barbados,1,2018
16901,Dominica,British Virgin Islands,1,2018
16939,Dominica,British Virgin Islands,-1,2018
17114,Dominica,Canada,-1,2018
16018,Dominica,Grenada,-1,2018
17944,Dominica,Martinique,-1,2018
16387,Dominica,Saint Lucia,-1,2018
19186,Dominica,Saint Vincent and the Grenadines,-1,2018
17945,Dominican Republic,Barbados,1,2018
17098,Dominican Republic,Belize,-1,2018
16995,Dominican Republic,Cayman Islands,1,2018
16879,Dominican Republic,Cuba,-1,2018
18187,Dominican Republic,French Guiana,1,2018
18491,Dominican Republic,Martinique,-1,2018
19509,Dominican Republic,Nicaragua,1,2018
18321,Dominican Republic,Puerto Rico,1,2018
17315,Donetsk PR,Luhansk PR,1,2018
18311,Donetsk PR,Luhansk PR,-1,2018
18307,Délvidék,Felvidék,-1,2018
18306,Délvidék,Székely Land,1,2018
19445,Ecuador,Argentina,-1,2018
17181,Ecuador,Bolivia,-1,2018
17589,Ecuador,Bolivia,1,2018
18341,Ecuador,Brazil,-1,2018
18452,Ecuador,Chile,1,2018
18886,Ecuador,Colombia,-1,2018
16162,Ecuador,England,-1,2018
16254,Ecuador,France,-1,2018
18215,Ecuador,Haiti,1,2018
17446,Ecuador,Honduras,1,2018
18788,Ecuador,Honduras,1,2018
17058,Ecuador,Panama,1,2018
17853,Ecuador,Paraguay,-1,2018
18196,Ecuador,Peru,-1,2018
19328,Ecuador,Peru,-1,2018
19219,Ecuador,Trinidad and Tobago,1,2018
17642,Ecuador,Uruguay,1,2018
18671,Ecuador,Venezuela,1,2018
19002,Ecuador,Venezuela,-1,2018
16572,Egypt,Botswana,1,2018
17825,Egypt,Burkina Faso,1,2018
18786,Egypt,Cameroon,-1,2018
17722,Egypt,Chad,1,2018
19419,Egypt,Congo,1,2018
16892,Egypt,Equatorial Guinea,1,2018
18646,Egypt,Ghana,1,2018
18774,Egypt,Ghana,1,2018
18323,Egypt,Guinea,-1,2018
17817,Egypt,Jordan,-1,2018
16324,Egypt,Kenya,1,2018
17818,Egypt,Libya,1,2018
18928,Egypt,Libya,1,2018
18964,Egypt,Libya,1,2018
17077,Egypt,Malawi,1,2018
18781,Egypt,Morocco,1,2018
17946,Egypt,Nigeria,1,2018
16646,Egypt,Senegal,-1,2018
17160,Egypt,Tanzania,1,2018
18887,Egypt,Togo,1,2018
16437,Egypt,Tunisia,-1,2018
18727,Egypt,Tunisia,1,2018
18761,Egypt,Uganda,1,2018
19329,Egypt,Uganda,1,2018
17554,Egypt,Zambia,1,2018
18076,El Salvador,Armenia,-1,2018
18750,El Salvador,Belize,1,2018
17275,El Salvador,Canada,-1,2018
19420,El Salvador,Canada,1,2018
17447,El Salvador,Curaçao,1,2018
19202,El Salvador,Curaçao,1,2018
16325,El Salvador,Dominican Republic,1,2018
19078,El Salvador,Ecuador,-1,2018
17590,El Salvador,Guatemala,-1,2018
17039,El Salvador,Honduras,-1,2018
17882,El Salvador,Honduras,-1,2018
18745,El Salvador,Honduras,-1,2018
18935,El Salvador,Honduras,-1,2018
16163,El Salvador,Ivory Coast,-1,2018
18353,El Salvador,Mexico,-1,2018
18765,El Salvador,Nicaragua,1,2018
18027,El Salvador,Peru,-1,2018
17206,El Salvador,Saint Kitts and Nevis,1,2018
16194,El Salvador,Spain,-1,2018
16143,Ellan Vannin,Artsakh,1,2018
16148,Ellan Vannin,County of Nice,1,2018
17038,Ellan Vannin,Felvidék,1,2018
17225,Ellan Vannin,Felvidék,-1,2018
18983,Ellan Vannin,Felvidék,1,2018
16174,Ellan Vannin,Iraqi Kurdistan,-1,2018
16009,Ellan Vannin,Monaco,1,2018
17037,Ellan Vannin,Panjab,1,2018
18997,Ellan Vannin,Székely Land,-1,2018
18017,England,Australia,1,2018
19547,England,Brazil,-1,2018
15955,England,Denmark,1,2018
17524,England,Estonia,1,2018
17723,England,France,1,2018
19494,England,Germany,-1,2018
18290,England,Iceland,-1,2018
16215,England,Italy,-1,2018
16906,England,Lithuania,1,2018
18862,England,Lithuania,1,2018
18492,England,Malta,1,2018
17947,England,Netherlands,-1,2018
16332,England,Norway,1,2018
16100,England,Peru,1,2018
18089,England,Portugal,1,2018
18207,England,Russia,-1,2018
16456,England,San Marino,1,2018
18609,England,Scotland,1,2018
19306,England,Slovakia,1,2018
16647,England,Slovenia,1,2018
19367,England,Slovenia,1,2018
18672,England,Spain,-1,2018
17448,England,Switzerland,1,2018
18009,England,Turkey,1,2018
18240,England,Wales,1,2018
17161,Equatorial Guinea,Benin,-1,2018
19294,Equatorial Guinea,Benin,-1,2018
16815,Equatorial Guinea,Burkina Faso,-1,2018
16798,Equatorial Guinea,Congo,-1,2018
16854,Equatorial Guinea,DR Congo,-1,2018
16829,Equatorial Guinea,Gabon,1,2018
16852,Equatorial Guinea,Ghana,-1,2018
17930,Equatorial Guinea,Mali,-1,2018
16130,Equatorial Guinea,Mauritania,1,2018
19430,Equatorial Guinea,Mauritius,1,2018
17700,Equatorial Guinea,Morocco,1,2018
18379,Equatorial Guinea,South Sudan,1,2018
16844,Equatorial Guinea,Tunisia,1,2018
17544,Eritrea,Botswana,-1,2018
18077,Estonia,Andorra,1,2018
19010,Estonia,Belgium,-1,2018
19446,Estonia,Bosnia and Herzegovina,-1,2018
18888,Estonia,Croatia,1,2018
19295,Estonia,Cyprus,1,2018
16517,Estonia,England,-1,2018
17630,Estonia,Georgia,1,2018
16070,Estonia,Gibraltar,-1,2018
18474,Estonia,Gibraltar,1,2018
18528,Estonia,Greece,-1,2018
16968,Estonia,Iceland,-1,2018
16688,Estonia,Jordan,1,2018
18128,Estonia,Latvia,-1,2018
17391,Estonia,Lithuania,1,2018
18329,Estonia,Malta,-1,2018
17854,Estonia,Norway,-1,2018
17724,Estonia,Saint Kitts and Nevis,1,2018
17162,Estonia,San Marino,1,2018
17948,Estonia,Serbia,-1,2018
16404,Estonia,Slovenia,1,2018
17568,Estonia,Switzerland,-1,2018
16195,Estonia,Tajikistan,1,2018
18281,Eswatini,DR Congo,1,2018
17619,Eswatini,Djibouti,1,2018
18163,Eswatini,Guinea,1,2018
18237,Eswatini,Madagascar,1,2018
17426,Eswatini,Malawi,-1,2018
17683,Eswatini,Nigeria,-1,2018
18226,Eswatini,Seychelles,1,2018
16035,Eswatini,Sierra Leone,-1,2018
16888,Eswatini,South Africa,-1,2018
16675,Eswatini,Tanzania,-1,2018
16578,Eswatini,Zimbabwe,-1,2018
17897,Eswatini,Zimbabwe,-1,2018
19177,Eswatini,Zimbabwe,-1,2018
16370,Ethiopia,Algeria,-1,2018
17949,Ethiopia,Algeria,-1,2018
17692,Ethiopia,Congo,-1,2018
17179,Ethiopia,Lesotho,1,2018
16712,Ethiopia,Malawi,-1,2018
16498,Ethiopia,Mali,-1,2018
17759,Ethiopia,Rwanda,-1,2018
18365,Ethiopia,Seychelles,1,2018
17766,Ethiopia,Somalia,1,2018
17782,Ethiopia,Sudan,-1,2018
17555,Ethiopia,São Tomé and Príncipe,1,2018
17774,Ethiopia,Tanzania,-1,2018
17776,Ethiopia,Tanzania,-1,2018
17780,Ethiopia,Uganda,-1,2018
18950,Ethiopia,Uganda,-1,2018
19612,Ethiopia,Uganda,-1,2018
17068,Ethiopia,Zambia,-1,2018
19156,Falkland Islands,Alderney,-1,2018
17236,Falkland Islands,Hitra,1,2018
19137,Falkland Islands,Isle of Man,-1,2018
17255,Falkland Islands,Shetland,-1,2018
17261,Falkland Islands,Western Isles,-1,2018
19296,Faroe Islands,Andorra,1,2018
16388,Faroe Islands,Finland,-1,2018
17139,Faroe Islands,Greece,1,2018
16549,Faroe Islands,Hungary,-1,2018
18418,Faroe Islands,Hungary,-1,2018
18106,Faroe Islands,Kosovo,-1,2018
19403,Faroe Islands,Latvia,-1,2018
17368,Faroe Islands,Northern Ireland,-1,2018
18529,Faroe Islands,Portugal,-1,2018
17556,Faroe Islands,Romania,-1,2018
19011,Faroe Islands,Switzerland,-1,2018
17216,Felvidék,County of Nice,-1,2018
18305,Felvidék,Kárpátalja,-1,2018
18970,Felvidék,Székely Land,1,2018
17322,Fiji,American Samoa,1,2018
19573,Fiji,Estonia,-1,2018
18286,Fiji,Malaysia,-1,2018
18986,Fiji,New Caledonia,-1,2018
19625,Fiji,New Caledonia,1,2018
18850,Fiji,New Zealand,-1,2018
18932,Fiji,Solomon Islands,-1,2018
18936,Fiji,Solomon Islands,1,2018
17319,Fiji,Tonga,1,2018
19616,Fiji,Tonga,1,2018
19578,Fiji,Tuvalu,1,2018
18129,Fiji,Vanuatu,-1,2018
18511,Finland,Croatia,-1,2018
16049,Finland,Czech Republic,-1,2018
16115,Finland,Estonia,1,2018
17083,Finland,Estonia,-1,2018
19483,Finland,Estonia,1,2018
17433,Finland,Faroe Islands,1,2018
16499,Finland,Greece,-1,2018
17140,Finland,Hungary,-1,2018
17811,Finland,Iceland,-1,2018
19281,Finland,Iceland,1,2018
18398,Finland,Kosovo,-1,2018
18987,Finland,Liechtenstein,-1,2018
16089,Finland,Lithuania,-1,2018
17557,Finland,Northern Ireland,-1,2018
16550,Finland,Romania,-1,2018
16807,Finland,Sweden,1,2018
19431,Finland,Turkey,-1,2018
19055,Finland,Ukraine,-1,2018
16622,France,Albania,-1,2018
18234,France,Albania,1,2018
17497,France,Armenia,1,2018
19447,France,Belarus,1,2018
17069,France,Belgium,-1,2018
16893,France,Brazil,-1,2018
18475,France,Bulgaria,1,2018
18053,France,Cameroon,1,2018
16940,France,Denmark,1,2018
19079,France,England,1,2018
16273,France,Germany,-1,2018
17668,France,Germany,1,2018
18301,France,Germany,1,2018
16219,France,Honduras,1,2018
18298,France,Iceland,1,2018
18673,France,Ivory Coast,-1,2018
16203,France,Jamaica,1,2018
19297,France,Luxembourg,-1,2018
15956,France,Netherlands,1,2018
19241,France,Netherlands,1,2018
16267,France,Nigeria,1,2018
16076,France,Norway,1,2018
16131,France,Paraguay,-1,2018
18946,France,Paraguay,1,2018
16500,France,Portugal,1,2018
18302,France,Portugal,-1,2018
18287,France,Republic of Ireland,1,2018
18204,France,Romania,1,2018
17950,France,Russia,1,2018
18130,France,Scotland,1,2018
17434,France,Serbia,1,2018
16349,France,Spain,1,2018
18889,France,Spain,-1,2018
16689,France,Sweden,1,2018
18610,France,Sweden,1,2018
18257,France,Switzerland,-1,2018
19495,France,Wales,1,2018
16094,Franconia,Raetia,1,2018
19102,French Guiana,Barbados,1,2018
18258,French Guiana,Bermuda,1,2018
16101,French Guiana,British Virgin Islands,1,2018
19188,French Guiana,Canada,-1,2018
17951,French Guiana,Cuba,1,2018
16389,French Guiana,Curaçao,-1,2018
16648,French Guiana,Curaçao,1,2018
16880,French Guiana,Honduras,1,2018
16471,French Guiana,Saint Kitts and Nevis,-1,2018
18493,French Guiana,Saint Kitts and Nevis,1,2018
16044,French Guiana,Suriname,-1,2018
16318,French Guiana,Suriname,-1,2018
17824,French Guiana,Suriname,-1,2018
19134,Frøya,Greenland,-1,2018
19144,Frøya,Western Isles,-1,2018
16371,Gabon,Angola,1,2018
19548,Gabon,Botswana,-1,2018
16501,Gabon,Burkina Faso,1,2018
18755,Gabon,Burkina Faso,-1,2018
18766,Gabon,Cameroon,-1,2018
18674,Gabon,Comoros,-1,2018
16816,Gabon,Congo,-1,2018
17569,Gabon,DR Congo,-1,2018
18742,Gabon,Guinea-Bissau,-1,2018
17163,Gabon,Ivory Coast,-1,2018
19282,Gabon,Ivory Coast,-1,2018
16713,Gabon,Lesotho,1,2018
16881,Gabon,Mali,1,2018
19510,Gabon,Mali,-1,2018
18028,Gabon,Mauritania,-1,2018
18494,Gabon,Morocco,-1,2018
17693,Gabon,Mozambique,1,2018
16300,Gabon,Rwanda,-1,2018
17883,Gabon,Sierra Leone,1,2018
17392,Gabon,Sudan,1,2018
18954,Gabon,Zambia,-1,2018
18006,Galicia,Venezuela,-1,2018
17417,Gambia,Cameroon,-1,2018
19170,Gambia,Guinea-Bissau,-1,2018
16907,Gambia,Mauritania,1,2018
17952,Gambia,Mauritania,-1,2018
17525,Gambia,Namibia,-1,2018
18131,Gambia,South Africa,-1,2018
18054,Gambia,Zambia,-1,2018
18399,Georgia,Austria,-1,2018
19531,Georgia,Belarus,-1,2018
19496,Georgia,Cyprus,1,2018
16941,Georgia,Germany,-1,2018
17498,Georgia,Gibraltar,1,2018
17953,Georgia,Kazakhstan,-1,2018
18890,Georgia,Latvia,1,2018
15957,Georgia,Liechtenstein,1,2018
16882,Georgia,Malta,1,2018
18628,Georgia,Moldova,-1,2018
16623,Georgia,Poland,-1,2018
16390,Georgia,Republic of Ireland,-1,2018
19283,Georgia,Republic of Ireland,-1,2018
18988,Georgia,Saint Kitts and Nevis,1,2018
16090,Georgia,Saudi Arabia,1,2018
17369,Georgia,Scotland,1,2018
18829,Georgia,Serbia,-1,2018
17084,Georgia,Ukraine,-1,2018
16153,Georgia,United Arab Emirates,-1,2018
19383,Georgia,Wales,-1,2018
16268,Germany,Algeria,1,2018
16282,Germany,Argentina,1,2018
16333,Germany,Argentina,-1,2018
16184,Germany,Armenia,1,2018
16883,Germany,Australia,-1,2018
19421,Germany,Azerbaijan,1,2018
16132,Germany,Cameroon,-1,2018
19116,Germany,Cameroon,1,2018
15958,Germany,Chile,1,2018
19110,Germany,Chile,-1,2018
18495,Germany,Czech Republic,1,2018
17913,Germany,England,-1,2018
18803,Germany,England,1,2018
18330,Germany,Finland,1,2018
19549,Germany,France,-1,2018
17558,Germany,Georgia,1,2018
16238,Germany,Ghana,-1,2018
16624,Germany,Gibraltar,1,2018
18132,Germany,Hungary,1,2018
17954,Germany,Italy,1,2018
18295,Germany,Italy,-1,2018
19153,Germany,Mexico,1,2018
18542,Germany,Northern Ireland,1,2018
19307,Germany,Norway,1,2018
16023,Germany,Poland,-1,2018
17370,Germany,Poland,1,2018
18241,Germany,Poland,-1,2018
16221,Germany,Portugal,1,2018
16551,Germany,Republic of Ireland,-1,2018
19029,Germany,San Marino,1,2018
16391,Germany,Scotland,1,2018
18039,Germany,Slovakia,-1,2018
18288,Germany,Slovakia,1,2018
18216,Germany,Ukraine,1,2018
17089,Germany,United States,-1,2018
16822,Ghana,Algeria,1,2018
18933,Ghana,Benin,-1,2018
17725,Ghana,Comoros,1,2018
19263,Ghana,Congo,-1,2018
19524,Ghana,Egypt,-1,2018
19056,Ghana,Ethiopia,1,2018
16573,Ghana,Guinea,1,2018
16846,Ghana,Guinea,1,2018
17021,Ghana,Madagascar,-1,2018
16969,Ghana,Mali,-1,2018
18762,Ghana,Mali,1,2018
17164,Ghana,Mauritius,1,2018
17855,Ghana,Mozambique,1,2018
18366,Ghana,Rwanda,-1,2018
16808,Ghana,Senegal,-1,2018
16925,Ghana,Senegal,-1,2018
16208,Ghana,South Korea,1,2018
16714,Ghana,Togo,1,2018
17078,Ghana,Togo,1,2018
16372,Ghana,Uganda,-1,2018
18476,Ghana,Uganda,-1,2018
18751,Ghana,Uganda,1,2018
16222,Ghana,United States,-1,2018
18530,Gibraltar,Belgium,-1,2018
19298,Gibraltar,Bosnia and Herzegovina,-1,2018
19012,Gibraltar,Cyprus,-1,2018
15959,Gibraltar,Estonia,-1,2018
19404,Gibraltar,Estonia,-1,2018
15938,Gibraltar,Faroe Islands,-1,2018
16552,Gibraltar,Georgia,-1,2018
17141,Gibraltar,Germany,-1,2018
17234,Gibraltar,Gotland,1,2018
18419,Gibraltar,Greece,-1,2018
17253,Gibraltar,Guernsey,-1,2018
17955,Gibraltar,Latvia,-1,2018
17834,Gibraltar,Liechtenstein,-1,2018
16164,Gibraltar,Malta,1,2018
16392,Gibraltar,Poland,-1,2018
17371,Gibraltar,Republic of Ireland,-1,2018
17559,Gibraltar,Scotland,-1,2018
17246,Gibraltar,Ynys Môn,-1,2018
17262,Gibraltar,Åland Islands,-1,2018
19123,Gotland,Frøya,1,2018
19143,Gotland,Greenland,-1,2018
19161,Gotland,Jersey,-1,2018
17260,Gotland,Saare County,-1,2018
19133,Gotland,Western Isles,1,2018
17252,Gotland,Ynys Môn,-1,2018
18586,Greece,Belarus,-1,2018
19299,Greece,Belgium,-1,2018
18647,Greece,Bosnia and Herzegovina,-1,2018
19525,Greece,Croatia,-1,2018
18477,Greece,Cyprus,1,2018
19242,Greece,Estonia,-1,2018
16625,Greece,Faroe Islands,-1,2018
17372,Greece,Finland,-1,2018
19448,Greece,Gibraltar,1,2018
17560,Greece,Hungary,1,2018
17956,Greece,Iceland,-1,2018
16250,Greece,Ivory Coast,1,2018
17856,Greece,Montenegro,1,2018
16154,Greece,Nigeria,-1,2018
16553,Greece,Northern Ireland,-1,2018
16393,Greece,Romania,-1,2018
16690,Greece,Serbia,-1,2018
15960,Greece,South Korea,-1,2018
19168,Greenland,Isle of Man,-1,2018
17232,Greenland,Menorca,-1,2018
19162,Greenland,Menorca,-1,2018
17251,Greenland,Saare County,1,2018
19187,Grenada,Barbados,-1,2018
19030,Grenada,Bermuda,-1,2018
16996,Grenada,Dominica,-1,2018
16334,Grenada,French Guiana,-1,2018
19405,Grenada,Guyana,1,2018
17373,Grenada,Haiti,-1,2018
19475,Grenada,Panama,-1,2018
17189,Grenada,Puerto Rico,1,2018
18078,Grenada,Puerto Rico,-1,2018
16017,Grenada,Saint Lucia,-1,2018
19179,Grenada,Saint Vincent and the Grenadines,1,2018
16518,Guadeloupe,Curaçao,-1,2018
18133,Guadeloupe,Dominica,1,2018
18930,Guadeloupe,Dominica,-1,2018
16013,Guadeloupe,French Guiana,1,2018
17821,Guadeloupe,Martinique,-1,2018
17835,Guadeloupe,Suriname,-1,2018
16715,Guam,Hong Kong,-1,2018
17190,Guam,India,1,2018
17726,Guam,Iran,-1,2018
16294,Guam,Macau,-1,2018
16296,Guam,Mongolia,1,2018
16669,Guam,North Korea,-1,2018
18587,Guam,North Korea,-1,2018
16298,Guam,Northern Mariana Islands,1,2018
17449,Guam,Oman,-1,2018
17099,Guam,Turkmenistan,1,2018
17474,Guatemala,Antigua and Barbuda,1,2018
18029,Guatemala,Armenia,-1,2018
17129,Guatemala,Bermuda,-1,2018
16317,Guatemala,Cuba,1,2018
17289,Guatemala,Cuba,-1,2018
17283,Guatemala,Mexico,-1,2018
16313,Guatemala,Nicaragua,1,2018
18439,Guatemala,Saint Vincent and the Grenadines,1,2018
17686,Guatemala,Trinidad and Tobago,-1,2018
17884,Guatemala,United States,1,2018
17245,Guernsey,Gotland,1,2018
17269,Guernsey,Isle of Man,1,2018
19163,Guernsey,Isle of Man,-1,2018
17002,Guernsey,Jersey,-1,2018
18929,Guernsey,Jersey,1,2018
19145,Guernsey,Saare County,-1,2018
19125,Guernsey,Åland Islands,-1,2018
17059,Guinea,Chad,1,2018
18648,Guinea,DR Congo,-1,2018
17119,Guinea,Eswatini,-1,2018
18830,Guinea,Gabon,-1,2018
16502,Guinea,Ghana,-1,2018
19243,Guinea,Libya,1,2018
17885,Guinea,Malawi,-1,2018
16838,Guinea,Mali,-1,2018
17701,Guinea,Namibia,1,2018
16356,Guinea,Togo,1,2018
19406,Guinea,Tunisia,-1,2018
16716,Guinea,Uganda,1,2018
18380,Guinea,Zimbabwe,1,2018
16301,Guinea-Bissau,Botswana,-1,2018
18767,Guinea-Bissau,Burkina Faso,-1,2018
16116,Guinea-Bissau,Central African Republic,1,2018
17393,Guinea-Bissau,Congo,-1,2018
19192,Guinea-Bissau,Gambia,-1,2018
17836,Guinea-Bissau,Kenya,1,2018
17591,Guinea-Bissau,Liberia,-1,2018
19031,Guinea-Bissau,Namibia,1,2018
18139,Guinea-Bissau,Zambia,1,2018
16335,Guyana,Dominica,-1,2018
16942,Guyana,Grenada,1,2018
18891,Guyana,Martinique,-1,2018
17177,Guyana,Saint Vincent and the Grenadines,-1,2018
17823,Guyana,Suriname,1,2018
16608,Haiti,Antigua and Barbuda,-1,2018
16420,Haiti,Chile,-1,2018
18354,Haiti,Costa Rica,-1,2018
16452,Haiti,French Guiana,-1,2018
18588,Haiti,French Guiana,-1,2018
17475,Haiti,Grenada,1,2018
17291,Haiti,Jamaica,-1,2018
17754,Haiti,Jamaica,-1,2018
17886,Haiti,Panama,-1,2018
18134,Haiti,Peru,-1,2018
16519,Haiti,Saint Kitts and Nevis,-1,2018
17259,Hitra,Alderney,1,2018
19148,Hitra,Falkland Islands,1,2018
17248,Hitra,Shetland,-1,2018
19158,Hitra,Western Isles,-1,2018
19138,Hitra,Ynys Môn,-1,2018
19497,Honduras,Australia,-1,2018
18355,Honduras,Canada,1,2018
18892,Honduras,Costa Rica,-1,2018
19189,Honduras,Costa Rica,-1,2018
17786,Honduras,Cuba,1,2018
16234,Honduras,Ecuador,-1,2018
17957,Honduras,El Salvador,1,2018
16196,Honduras,England,-1,2018
16943,Honduras,French Guiana,1,2018
19199,Honduras,French Guiana,-1,2018
17285,Honduras,Haiti,-1,2018
16133,Honduras,Israel,-1,2018
17258,Honduras,Mexico,-1,2018
17727,Honduras,Mexico,-1,2018
19449,Honduras,Mexico,1,2018
18314,Honduras,Nicaragua,1,2018
18738,Honduras,Nicaragua,1,2018
18794,Honduras,Nicaragua,1,2018
17279,Honduras,Panama,-1,2018
18611,Honduras,Panama,-1,2018
16255,Honduras,Switzerland,-1,2018
18675,Honduras,Trinidad and Tobago,1,2018
19330,Honduras,United States,-1,2018
16851,Honduras,Venezuela,-1,2018
16554,Hong Kong,Argentina,-1,2018
19484,Hong Kong,Bahrain,-1,2018
17100,Hong Kong,Bhutan,1,2018
18342,Hong Kong,Cambodia,1,2018
17728,Hong Kong,China PR,-1,2018
16926,Hong Kong,Guam,1,2018
18577,Hong Kong,Guam,1,2018
18989,Hong Kong,Jordan,-1,2018
19368,Hong Kong,Laos,1,2018
19550,Hong Kong,Lebanon,-1,2018
17694,Hong Kong,Macau,1,2018
19450,Hong Kong,Malaysia,1,2018
17191,Hong Kong,Maldives,1,2018
17625,Hong Kong,Myanmar,1,2018
18629,Hong Kong,North Korea,-1,2018
19080,Hong Kong,North Korea,-1,2018
17450,Hong Kong,Qatar,-1,2018
16472,Hong Kong,Singapore,1,2018
18543,Hong Kong,Singapore,1,2018
18589,Hong Kong,Taiwan,1,2018
16165,Hungary,Albania,1,2018
18649,Hungary,Andorra,1,2018
18289,Hungary,Belgium,-1,2018
19551,Hungary,Costa Rica,1,2018
17914,Hungary,Croatia,-1,2018
16054,Hungary,Denmark,-1,2018
17499,Hungary,Faroe Islands,1,2018
19451,Hungary,Faroe Islands,1,2018
15961,Hungary,Finland,-1,2018
16626,Hungary,Finland,1,2018
16944,Hungary,Greece,-1,2018
18005,Hungary,Ivory Coast,-1,2018
16197,Hungary,Kazakhstan,1,2018
19244,Hungary,Latvia,1,2018
17048,Hungary,Lithuania,1,2018
16394,Hungary,Northern Ireland,-1,2018
17702,Hungary,Norway,1,2018
18272,Hungary,Portugal,-1,2018
19300,Hungary,Portugal,-1,2018
17374,Hungary,Romania,-1,2018
16691,Hungary,Russia,-1,2018
18965,Hungary,Russia,-1,2018
18478,Hungary,Switzerland,-1,2018
18273,Iceland,Austria,1,2018
18746,Iceland,Chile,-1,2018
19057,Iceland,Croatia,1,2018
17120,Iceland,Czech Republic,1,2018
19478,Iceland,Czech Republic,-1,2018
16166,Iceland,Estonia,1,2018
18453,Iceland,Finland,1,2018
18251,Iceland,Hungary,-1,2018
17414,Iceland,Kazakhstan,-1,2018
19432,Iceland,Kosovo,1,2018
17545,Iceland,Latvia,-1,2018
18173,Iceland,Liechtenstein,1,2018
16535,Iceland,Netherlands,1,2018
15927,Iceland,Sweden,-1,2018
16421,Iceland,Turkey,1,2018
18512,Iceland,Turkey,1,2018
19331,Iceland,Ukraine,1,2018
17802,India,Afghanistan,1,2018
15962,India,Bangladesh,-1,2018
17643,India,Guam,1,2018
17451,India,Iran,-1,2018
19081,India,Kyrgyzstan,1,2018
18188,India,Laos,1,2018
19474,India,Macau,1,2018
17801,India,Maldives,1,2018
19224,India,Mauritius,1,2018
19552,India,Myanmar,-1,2018
16862,India,Nepal,1,2018
17331,India,Nepal,-1,2018
17797,India,Nepal,1,2018
18975,India,Nepal,1,2018
17101,India,Oman,-1,2018
16448,India,Palestine,-1,2018
18367,India,Puerto Rico,1,2018
19228,India,Saint Kitts and Nevis,-1,2018
17792,India,Sri Lanka,1,2018
17958,India,Turkmenistan,-1,2018
19579,Indonesia,Brunei,1,2018
16446,Indonesia,Cambodia,1,2018
16884,Indonesia,Cameroon,-1,2018
19284,Indonesia,Fiji,-1,2018
19575,Indonesia,Guyana,1,2018
19598,Indonesia,Kyrgyzstan,-1,2018
16740,Indonesia,Laos,1,2018
16444,Indonesia,Malaysia,1,2018
18420,Indonesia,Malaysia,1,2018
19589,Indonesia,Mongolia,1,2018
16957,Indonesia,Myanmar,1,2018
18797,Indonesia,Myanmar,-1,2018
16256,Indonesia,Nepal,1,2018
16239,Indonesia,Pakistan,1,2018
19082,Indonesia,Puerto Rico,-1,2018
16649,Indonesia,Syria,-1,2018
18714,Indonesia,Thailand,1,2018
18513,Indonesia,Vietnam,-1,2018
18710,Indonesia,Vietnam,1,2018
16422,Indonesia,Yemen,-1,2018
16777,Iran,Bahrain,1,2018
18893,Iran,China PR,1,2018
17346,Iran,Guam,1,2018
15963,Iran,Guinea,-1,2018
17857,Iran,India,1,2018
16764,Iran,Iraq,1,2018
16823,Iran,Iraq,-1,2018
18795,Iran,Iraq,-1,2018
17592,Iran,Japan,-1,2018
15940,Iran,Kuwait,1,2018
18189,Iran,Kyrgyzstan,1,2018
16223,Iran,Nigeria,-1,2018
17959,Iran,Oman,1,2018
19485,Iran,Panama,1,2018
18599,Iran,Papua New Guinea,1,2018
18343,Iran,Qatar,1,2018
16692,Iran,South Korea,1,2018
18544,Iran,South Korea,1,2018
19332,Iran,Syria,-1,2018
19369,Iran,Togo,1,2018
16204,Iran,Trinidad and Tobago,1,2018
17644,Iran,Turkmenistan,1,2018
16809,Iran,United Arab Emirates,1,2018
19070,Iran,Uzbekistan,1,2018
19532,Iran,Venezuela,1,2018
18814,Iraq,Australia,-1,2018
15964,Iraq,China PR,1,2018
16927,Iraq,DR Congo,1,2018
16970,Iraq,DR Congo,1,2018
16794,Iraq,Japan,-1,2018
19083,Iraq,Japan,-1,2018
18941,Iraq,Jordan,1,2018
19370,Iraq,Kenya,1,2018
16627,Iraq,Kuwait,-1,2018
16754,Iraq,Kuwait,-1,2018
15936,Iraq,North Korea,1,2018
18313,Iraq,North Korea,-1,2018
16679,Iraq,Oman,-1,2018
16811,Iraq,Palestine,1,2018
16350,Iraq,Peru,-1,2018
19639,Iraq,Qatar,1,2018
18421,Iraq,Saudi Arabia,-1,2018
18990,Iraq,South Korea,-1,2018
17828,Iraq,Syria,-1,2018
19230,Iraq,Syria,-1,2018
19533,Iraq,Syria,-1,2018
17347,Iraq,Taiwan,1,2018
17858,Iraq,Thailand,-1,2018
18545,Iraq,Thailand,1,2018
16840,Iraq,United Arab Emirates,-1,2018
19333,Iraq,United Arab Emirates,1,2018
17960,Iraq,Vietnam,1,2018
19643,Iraq,Yemen,1,2018
16140,Iraqi Kurdistan,Arameans Suryoye,-1,2018
18096,Iraqi Kurdistan,Padania,-1,2018
18050,Iraqi Kurdistan,Székely Land,1,2018
18118,Iraqi Kurdistan,Western Armenia,-1,2018
17241,Isle of Man,Alderney,1,2018
19127,Isle of Man,Hitra,1,2018
19147,Isle of Man,Ynys Môn,1,2018
17247,Isle of Wight,Falkland Islands,1,2018
17264,Isle of Wight,Greenland,-1,2018
17254,Isle of Wight,Hitra,1,2018
19059,Israel,Albania,-1,2018
17348,Israel,Andorra,1,2018
16971,Israel,Belgium,-1,2018
16670,Israel,Bosnia and Herzegovina,1,2018
17546,Israel,Cyprus,-1,2018
18400,Israel,Italy,-1,2018
18514,Israel,Liechtenstein,1,2018
18976,Israel,Moldova,-1,2018
19285,Israel,North Macedonia,-1,2018
15966,Israel,Slovakia,-1,2018
19433,Israel,Spain,-1,2018
16928,Israel,Wales,-1,2018
16694,Italy,Albania,1,2018
18832,Italy,Albania,1,2018
16473,Italy,Azerbaijan,1,2018
17415,Italy,Bulgaria,1,2018
16235,Italy,Costa Rica,-1,2018
16671,Italy,Croatia,-1,2018
16972,Italy,England,-1,2018
18174,Italy,Finland,1,2018
18344,Italy,France,-1,2018
18676,Italy,Germany,-1,2018
19335,Italy,Israel,1,2018
19060,Italy,Liechtenstein,1,2018
16167,Italy,Luxembourg,-1,2018
17349,Italy,Malta,1,2018
16351,Italy,Netherlands,1,2018
19385,Italy,North Macedonia,-1,2018
17593,Italy,Norway,1,2018
17192,Italy,Portugal,-1,2018
16117,Italy,Republic of Ireland,-1,2018
18274,Italy,Republic of Ireland,-1,2018
17729,Italy,Romania,-1,2018
18938,Italy,San Marino,1,2018
18040,Italy,Scotland,1,2018
17859,Italy,Spain,-1,2018
18291,Italy,Spain,1,2018
18455,Italy,Spain,-1,2018
18246,Italy,Sweden,1,2018
19534,Italy,Sweden,-1,2018
16251,Italy,Uruguay,-1,2018
18991,Italy,Uruguay,1,2018
16847,Ivory Coast,Algeria,1,2018
16894,Ivory Coast,Angola,1,2018
18939,Ivory Coast,Benin,-1,2018
16717,Ivory Coast,Cameroon,-1,2018
16574,Ivory Coast,DR Congo,-1,2018
18758,Ivory Coast,DR Congo,-1,2018
16946,Ivory Coast,Equatorial Guinea,-1,2018
18135,Ivory Coast,Gabon,1,2018
19336,Ivory Coast,Gabon,-1,2018
16855,Ivory Coast,Ghana,-1,2018
16812,Ivory Coast,Guinea,-1,2018
19032,Ivory Coast,Guinea,-1,2018
16216,Ivory Coast,Japan,1,2018
17730,Ivory Coast,Liberia,1,2018
16827,Ivory Coast,Mali,-1,2018
18496,Ivory Coast,Mali,1,2018
19511,Ivory Coast,Morocco,-1,2018
18873,Ivory Coast,Senegal,-1,2018
16373,Ivory Coast,Sierra Leone,1,2018
16628,Ivory Coast,Sierra Leone,1,2018
18368,Ivory Coast,Sierra Leone,-1,2018
17888,Ivory Coast,Sudan,1,2018
18728,Ivory Coast,Sweden,1,2018
18749,Ivory Coast,Togo,-1,2018
18737,Ivory Coast,Uganda,1,2018
18716,Ivory Coast,Zimbabwe,-1,2018
17282,Jamaica,Canada,1,2018
19215,Jamaica,Canada,1,2018
17889,Jamaica,Costa Rica,-1,2018
16958,Jamaica,Cuba,1,2018
19117,Jamaica,Curaçao,-1,2018
16168,Jamaica,Egypt,-1,2018
17288,Jamaica,El Salvador,1,2018
19211,Jamaica,El Salvador,-1,2018
19111,Jamaica,French Guiana,-1,2018
18422,Jamaica,Haiti,-1,2018
17298,Jamaica,Mexico,-1,2018
17381,Jamaica,Nicaragua,-1,2018
17687,Jamaica,Panama,-1,2018
16071,Jamaica,Serbia,-1,2018
18650,Jamaica,Suriname,1,2018
16695,Jamaica,Trinidad and Tobago,-1,2018
18153,Jamaica,Venezuela,-1,2018
17860,Japan,Afghanistan,1,2018
16696,Japan,Australia,1,2018
19245,Japan,Australia,1,2018
18190,Japan,Bosnia and Herzegovina,-1,2018
16555,Japan,Brazil,-1,2018
19498,Japan,Brazil,-1,2018
18107,Japan,Bulgaria,1,2018
17350,Japan,Cambodia,1,2018
19618,Japan,China PR,1,2018
16252,Japan,Colombia,-1,2018
16077,Japan,Cyprus,1,2018
16232,Japan,Greece,-1,2018
19452,Japan,Haiti,-1,2018
16629,Japan,Honduras,1,2018
17102,Japan,Iraq,1,2018
18456,Japan,Iraq,1,2018
16474,Japan,Jamaica,1,2018
16813,Japan,Jordan,1,2018
15967,Japan,New Zealand,1,2018
19386,Japan,New Zealand,1,2018
19606,Japan,North Korea,1,2018
18612,Japan,Oman,1,2018
16781,Japan,Palestine,1,2018
18677,Japan,Saudi Arabia,1,2018
17193,Japan,Singapore,-1,2018
17311,Japan,South Korea,-1,2018
19628,Japan,South Korea,-1,2018
17962,Japan,Syria,1,2018
18992,Japan,Syria,-1,2018
18895,Japan,Thailand,1,2018
16908,Japan,Tunisia,1,2018
16824,Japan,United Arab Emirates,-1,2018
18345,Japan,United Arab Emirates,-1,2018
16357,Japan,Uruguay,-1,2018
16973,Japan,Uzbekistan,1,2018
16423,Japan,Venezuela,-1,2018
16185,Japan,Zambia,1,2018
17239,Jersey,Alderney,1,2018
16021,Jersey,Guernsey,-1,2018
18003,Jersey,Guernsey,1,2018
17256,Jersey,Isle of Man,-1,2018
19131,Jersey,Menorca,-1,2018
18922,Jersey,Panjab,-1,2018
17242,Jersey,Western Isles,1,2018
17263,Jersey,Ynys Môn,1,2018
19337,Jordan,Afghanistan,1,2018
17501,Jordan,Australia,1,2018
17861,Jordan,Bangladesh,1,2018
18896,Jordan,Cambodia,1,2018
18775,Jordan,Georgia,1,2018
18815,Jordan,Hong Kong,1,2018
16782,Jordan,Iraq,-1,2018
17482,Jordan,Iraq,1,2018
18578,Jordan,Iraq,-1,2018
16475,Jordan,Kuwait,-1,2018
16536,Jordan,Kuwait,-1,2018
17049,Jordan,Kuwait,-1,2018
17351,Jordan,Kyrgyzstan,-1,2018
17032,Jordan,Lebanon,-1,2018
18678,Jordan,Lebanon,-1,2018
19636,Jordan,Libya,-1,2018
17631,Jordan,Malta,1,2018
18312,Jordan,Qatar,-1,2018
16630,Jordan,South Korea,-1,2018
15968,Jordan,Syria,1,2018
16895,Jordan,Syria,-1,2018
17594,Jordan,Tajikistan,1,2018
17194,Jordan,Trinidad and Tobago,1,2018
19422,Kazakhstan,Armenia,-1,2018
16994,Kazakhstan,Burkina Faso,-1,2018
16537,Kazakhstan,Czech Republic,-1,2018
19033,Kazakhstan,Denmark,-1,2018
16929,Kazakhstan,Iceland,-1,2018
16359,Kazakhstan,Kyrgyzstan,1,2018
16424,Kazakhstan,Latvia,-1,2018
15969,Kazakhstan,Lithuania,-1,2018
16857,Kazakhstan,Moldova,-1,2018
19264,Kazakhstan,Montenegro,-1,2018
17547,Kazakhstan,Netherlands,-1,2018
18381,Kazakhstan,Poland,-1,2018
18546,Kazakhstan,Romania,-1,2018
16311,Kazakhstan,Tajikistan,1,2018
17121,Kazakhstan,Turkey,-1,2018
16285,Kenya,Burundi,-1,2018
17767,Kenya,Burundi,-1,2018
19621,Kenya,Burundi,1,2018
17669,Kenya,Cape Verde,1,2018
16036,Kenya,Comoros,1,2018
18154,Kenya,Congo,1,2018
18863,Kenya,DR Congo,1,2018
17924,Kenya,Guinea-Bissau,-1,2018
16304,Kenya,Lesotho,-1,2018
18679,Kenya,Liberia,1,2018
19593,Kenya,Libya,-1,2018
19246,Kenya,Mauritania,-1,2018
17561,Kenya,Mauritius,-1,2018
18630,Kenya,Mozambique,1,2018
19583,Kenya,Rwanda,1,2018
17071,Kenya,South Sudan,1,2018
18062,Kenya,Sudan,-1,2018
18041,Kenya,Tanzania,-1,2018
19613,Kenya,Tanzania,1,2018
17760,Kenya,Uganda,1,2018
18816,Kenya,Uganda,-1,2018
17418,Kenya,Zambia,-1,2018
19607,Kenya,Zanzibar,-1,2018
19630,Kenya,Zanzibar,-1,2018
17670,Kosovo,Albania,-1,2018
18458,Kosovo,Croatia,-1,2018
17548,Kosovo,Equatorial Guinea,1,2018
19339,Kosovo,Finland,-1,2018
15970,Kosovo,Haiti,-1,2018
18833,Kosovo,Iceland,-1,2018
19535,Kosovo,Latvia,1,2018
16395,Kosovo,Oman,1,2018
16065,Kosovo,Senegal,-1,2018
16050,Kosovo,Turkey,-1,2018
19061,Kosovo,Turkey,-1,2018
19387,Kosovo,Ukraine,-1,2018
16024,Kuwait,Afghanistan,1,2018
16425,Kuwait,Bahrain,-1,2018
16959,Kuwait,Colombia,-1,2018
15915,Kuwait,Jordan,-1,2018
16025,Kuwait,Kyrgyzstan,-1,2018
17597,Kuwait,Lebanon,-1,2018
17353,Kuwait,Myanmar,1,2018
16726,Kuwait,Oman,-1,2018
19637,Kuwait,Oman,-1,2018
19632,Kuwait,Saudi Arabia,-1,2018
16785,Kuwait,South Korea,-1,2018
17503,Kuwait,South Korea,-1,2018
19641,Kuwait,United Arab Emirates,-1,2018
16594,Kuwait,Yemen,-1,2018
17196,Kyrgyzstan,Australia,-1,2018
17598,Kyrgyzstan,Bangladesh,1,2018
17732,Kyrgyzstan,Jordan,1,2018
18324,Kyrgyzstan,Kazakhstan,1,2018
18459,Kyrgyzstan,Lebanon,-1,2018
18898,Kyrgyzstan,Macau,1,2018
19580,Kyrgyzstan,Mongolia,1,2018
16058,Kyrgyzstan,Myanmar,1,2018
18423,Kyrgyzstan,Philippines,-1,2018
17504,Kyrgyzstan,Tajikistan,-1,2018
18547,Kyrgyzstan,Turkmenistan,1,2018
18981,Kárpátalja,Abkhazia,-1,2018
19021,Kárpátalja,Ellan Vannin,-1,2018
17027,Laos,Afghanistan,-1,2018
16557,Laos,Brunei,1,2018
18570,Laos,Brunei,1,2018
18660,Laos,Brunei,1,2018
16520,Laos,Cambodia,1,2018
17328,Laos,Cambodia,1,2018
18090,Laos,India,-1,2018
17452,Laos,Kuwait,-1,2018
17197,Laos,Lebanon,-1,2018
18580,Laos,Macau,-1,2018
17505,Laos,Malaysia,-1,2018
18548,Laos,Maldives,-1,2018
16587,Laos,Myanmar,-1,2018
17104,Laos,Myanmar,-1,2018
18042,Laos,Nepal,-1,2018
16055,Laos,Philippines,-1,2018
19577,Laos,Philippines,-1,2018
17733,Laos,South Korea,-1,2018
16585,Laos,Timor-Leste,1,2018
19584,Laos,Timor-Leste,1,2018
19454,Latvia,Andorra,1,2018
16337,Latvia,Armenia,1,2018
17416,Latvia,Czech Republic,-1,2018
16091,Latvia,Estonia,-1,2018
19071,Latvia,Estonia,-1,2018
18479,Latvia,Faroe Islands,-1,2018
18531,Latvia,Hungary,-1,2018
16477,Latvia,Iceland,-1,2018
17599,Latvia,Kazakhstan,-1,2018
16118,Latvia,Lithuania,1,2018
18079,Latvia,Lithuania,1,2018
18356,Latvia,Luxembourg,1,2018
17122,Latvia,Netherlands,-1,2018
19013,Latvia,Portugal,-1,2018
19301,Latvia,Switzerland,-1,2018
16538,Latvia,Turkey,-1,2018
18401,Lebanon,Afghanistan,1,2018
18549,Lebanon,Equatorial Guinea,-1,2018
18899,Lebanon,Hong Kong,1,2018
17321,Lebanon,Iraq,-1,2018
18332,Lebanon,Jordan,-1,2018
17105,Lebanon,Kuwait,-1,2018
17646,Lebanon,Laos,1,2018
17963,Lebanon,Myanmar,-1,2018
19455,Lebanon,North Korea,1,2018
15935,Lebanon,Pakistan,1,2018
17332,Lebanon,Palestine,-1,2018
18600,Lebanon,Palestine,-1,2018
17453,Lebanon,South Korea,-1,2018
17017,Lebanon,Syria,-1,2018
17419,Lesotho,Algeria,-1,2018
16478,Lesotho,Angola,-1,2018
16650,Lesotho,Burkina Faso,-1,2018
17600,Lesotho,Comoros,-1,2018
16000,Lesotho,Eswatini,-1,2018
16001,Lesotho,Eswatini,-1,2018
17010,Lesotho,Eswatini,-1,2018
18155,Lesotho,Ethiopia,-1,2018
16438,Lesotho,Gabon,-1,2018
16292,Lesotho,Kenya,1,2018
16134,Lesotho,Liberia,1,2018
17006,Lesotho,Madagascar,-1,2018
18956,Lesotho,Mauritania,1,2018
18217,Lesotho,Mauritius,1,2018
17964,Lesotho,Seychelles,1,2018
16997,Lesotho,South Africa,-1,2018
17000,Lesotho,South Africa,-1,2018
17015,Lesotho,Tanzania,1,2018
18265,Lesotho,Zambia,-1,2018
19184,Lesotho,Zimbabwe,-1,2018
17965,Liberia,Djibouti,1,2018
17506,Liberia,Guinea-Bissau,-1,2018
17671,Liberia,Ivory Coast,-1,2018
16037,Liberia,Lesotho,1,2018
18156,Liberia,Togo,-1,2018
17394,Liberia,Tunisia,1,2018
17420,Libya,Cape Verde,-1,2018
19407,Libya,DR Congo,-1,2018
19308,Libya,Guinea,1,2018
18108,Libya,Morocco,-1,2018
16038,Libya,Rwanda,-1,2018
17672,Libya,Rwanda,1,2018
18729,Libya,Senegal,-1,2018
19014,Libya,Seychelles,1,2018
17931,Libya,São Tomé and Príncipe,1,2018
19585,Libya,Tanzania,-1,2018
18834,Libya,Togo,-1,2018
18614,Libya,Tunisia,-1,2018
19614,Libya,Zanzibar,1,2018
18460,Liechtenstein,Albania,-1,2018
16910,Liechtenstein,Austria,-1,2018
16051,Liechtenstein,Belarus,-1,2018
17932,Liechtenstein,Faroe Islands,-1,2018
19388,Liechtenstein,Israel,-1,2018
18631,Liechtenstein,Italy,-1,2018
17165,Liechtenstein,Moldova,-1,2018
16457,Liechtenstein,Montenegro,-1,2018
18835,Liechtenstein,North Macedonia,-1,2018
17454,Liechtenstein,Russia,-1,2018
16975,Liechtenstein,San Marino,1,2018
19340,Liechtenstein,Spain,-1,2018
17526,Liechtenstein,Sweden,-1,2018
17570,Lithuania,England,-1,2018
19423,Lithuania,England,-1,2018
16458,Lithuania,Estonia,1,2018
18043,Lithuania,Estonia,1,2018
18550,Lithuania,Malta,1,2018
17455,Lithuania,San Marino,1,2018
19265,Lithuania,Scotland,-1,2018
19034,Lithuania,Slovakia,-1,2018
16521,Lithuania,Slovenia,-1,2018
18382,Lithuania,Slovenia,-1,2018
17166,Lithuania,Switzerland,-1,2018
16338,Lithuania,United Arab Emirates,-1,2018
17278,Luhansk PR,Donetsk PR,1,2018
17966,Luxembourg,Albania,-1,2018
18957,Luxembourg,Albania,1,2018
16406,Luxembourg,Belarus,-1,2018
19248,Luxembourg,Belarus,1,2018
17890,Luxembourg,Bosnia and Herzegovina,-1,2018
19456,Luxembourg,Bulgaria,-1,2018
15971,Luxembourg,Cape Verde,-1,2018
18900,Luxembourg,Cape Verde,-1,2018
18851,Luxembourg,France,-1,2018
17673,Luxembourg,Greece,1,2018
19486,Luxembourg,Hungary,1,2018
17085,Luxembourg,Moldova,-1,2018
18651,Luxembourg,Netherlands,-1,2018
18063,Luxembourg,Nigeria,-1,2018
17395,Luxembourg,North Macedonia,1,2018
17734,Luxembourg,Portugal,-1,2018
17571,Luxembourg,Slovakia,-1,2018
16522,Luxembourg,Spain,-1,2018
18480,Luxembourg,Sweden,-1,2018
16976,Luxembourg,Turkey,-1,2018
16651,Luxembourg,Ukraine,-1,2018
18632,Macau,Brunei,-1,2018
16869,Macau,Cambodia,-1,2018
19341,Macau,India,-1,2018
19555,Macau,Kyrgyzstan,-1,2018
19359,Macau,Laos,1,2018
16299,Macau,Mongolia,1,2018
18292,Macau,Mongolia,-1,2018
18572,Macau,Mongolia,1,2018
19084,Macau,Myanmar,-1,2018
16558,Macau,Singapore,-1,2018
17421,Madagascar,Angola,-1,2018
17033,Madagascar,Botswana,1,2018
17549,Madagascar,Central African Republic,1,2018
17601,Madagascar,Central African Republic,-1,2018
17863,Madagascar,Central African Republic,-1,2018
18157,Madagascar,DR Congo,-1,2018
17016,Madagascar,Eswatini,-1,2018
17674,Madagascar,Senegal,-1,2018
19129,Madagascar,Seychelles,1,2018
18864,Madagascar,São Tomé and Príncipe,1,2018
17011,Madagascar,Tanzania,1,2018
16039,Madagascar,Uganda,1,2018
18223,Madagascar,Zimbabwe,-1,2018
16504,Malawi,Algeria,-1,2018
18218,Malawi,Angola,1,2018
19154,Malawi,Angola,-1,2018
16302,Malawi,Benin,1,2018
16026,Malawi,Chad,1,2018
19035,Malawi,Comoros,1,2018
17768,Malawi,Djibouti,1,2018
18383,Malawi,Eswatini,1,2018
16439,Malawi,Ethiopia,1,2018
17968,Malawi,Guinea,-1,2018
18242,Malawi,Lesotho,-1,2018
19513,Malawi,Lesotho,-1,2018
16653,Malawi,Mali,1,2018
19140,Malawi,Mauritius,-1,2018
16276,Malawi,Mozambique,-1,2018
17562,Malawi,Tanzania,1,2018
19309,Malawi,Togo,1,2018
17271,Malawi,Uganda,1,2018
15973,Malawi,Zimbabwe,-1,2018
17143,Malawi,Zimbabwe,-1,2018
18551,Malaysia,Afghanistan,-1,2018
17329,Malaysia,Bangladesh,-1,2018
16445,Malaysia,Cambodia,1,2018
18699,Malaysia,Cambodia,1,2018
17060,Malaysia,Hong Kong,-1,2018
19343,Malaysia,Hong Kong,-1,2018
19085,Malaysia,Lebanon,-1,2018
17969,Malaysia,Macau,-1,2018
16730,Malaysia,Myanmar,-1,2018
19536,Malaysia,North Korea,-1,2018
17198,Malaysia,Palestine,-1,2018
18661,Malaysia,Papua New Guinea,1,2018
15939,Malaysia,Philippines,-1,2018
17457,Malaysia,Saudi Arabia,-1,2018
19225,Malaysia,Syria,-1,2018
16737,Malaysia,Thailand,-1,2018
16751,Malaysia,Thailand,1,2018
17106,Malaysia,Timor-Leste,1,2018
18092,Malaysia,Timor-Leste,1,2018
18175,Malaysia,Timor-Leste,1,2018
17736,Malaysia,United Arab Emirates,-1,2018
16746,Malaysia,Vietnam,-1,2018
18704,Malaysia,Vietnam,-1,2018
16092,Maldives,Afghanistan,-1,2018
18347,Maldives,Bangladesh,1,2018
17791,Maldives,Bhutan,1,2018
17970,Maldives,Bhutan,1,2018
17810,Maldives,Cambodia,1,2018
17648,Maldives,Hong Kong,-1,2018
16052,Maldives,Kyrgyzstan,1,2018
18424,Maldives,Laos,1,2018
17307,Maldives,Madagascar,-1,2018
17300,Maldives,Mayotte,-1,2018
16042,Maldives,Myanmar,-1,2018
17816,Maldives,Nepal,-1,2018
19457,Maldives,Oman,-1,2018
16059,Maldives,Palestine,-1,2018
18902,Maldives,Palestine,-1,2018
16078,Maldives,Philippines,-1,2018
17107,Maldives,Qatar,-1,2018
16896,Maldives,Tajikistan,-1,2018
18093,Maldives,Yemen,-1,2018
16718,Mali,Algeria,1,2018
18384,Mali,Benin,1,2018
17737,Mali,Botswana,1,2018
16814,Mali,Cameroon,-1,2018
18752,Mali,Egypt,-1,2018
17891,Mali,Equatorial Guinea,1,2018
16575,Mali,Ethiopia,-1,2018
18633,Mali,Gabon,-1,2018
19036,Mali,Gabon,1,2018
16066,Mali,Guinea,-1,2018
19389,Mali,Ivory Coast,-1,2018
16396,Mali,Malawi,1,2018
19344,Mali,Morocco,-1,2018
15974,Mali,Senegal,-1,2018
16789,Mali,South Africa,-1,2018
17144,Mali,South Sudan,1,2018
17422,Malta,Azerbaijan,-1,2018
17123,Malta,Bulgaria,-1,2018
17602,Malta,Croatia,-1,2018
19266,Malta,England,-1,2018
19526,Malta,Estonia,-1,2018
18681,Malta,Iceland,-1,2018
16539,Malta,Italy,-1,2018
17079,Malta,Lithuania,1,2018
19371,Malta,Lithuania,-1,2018
17864,Malta,Moldova,-1,2018
16479,Malta,Norway,-1,2018
18387,Malta,Scotland,-1,2018
18865,Malta,Slovakia,-1,2018
18615,Malta,Slovenia,-1,2018
18977,Malta,Ukraine,1,2018
17837,Martinique,British Virgin Islands,1,2018
19112,Martinique,Curaçao,-1,2018
19118,Martinique,French Guiana,-1,2018
17795,Martinique,Guadeloupe,1,2018
18080,Martinique,Guadeloupe,1,2018
18923,Martinique,Guadeloupe,1,2018
16631,Martinique,Haiti,-1,2018
19193,Martinique,Nicaragua,1,2018
18002,Martinique,Panama,-1,2018
18836,Mauritania,Benin,1,2018
18109,Mauritania,Cameroon,-1,2018
18462,Mauritania,Canada,-1,2018
19390,Mauritania,Comoros,-1,2018
18874,Mauritania,Congo,1,2018
16027,Mauritania,Equatorial Guinea,1,2018
17892,Mauritania,Gambia,1,2018
16010,Mauritania,Mauritius,1,2018
15975,Mauritania,Niger,-1,2018
16977,Mauritania,Niger,1,2018
19345,Mauritania,Niger,-1,2018
17396,Mauritania,South Africa,1,2018
17603,Mauritania,South Sudan,1,2018
17675,Mauritania,Tunisia,-1,2018
16305,Mauritania,Uganda,-1,2018
19119,Mauritius,Angola,-1,2018
16885,Mauritius,Burundi,-1,2018
18903,Mauritius,Comoros,-1,2018
18158,Mauritius,Ghana,-1,2018
17484,Mauritius,Kenya,-1,2018
17314,Mauritius,Madagascar,1,2018
18232,Mauritius,Malawi,-1,2018
16014,Mauritius,Mauritania,-1,2018
17423,Mauritius,Mozambique,1,2018
17915,Mauritius,Rwanda,1,2018
19226,Mauritius,Saint Kitts and Nevis,-1,2018
16930,Mauritius,Togo,-1,2018
17305,Mayotte,Madagascar,-1,2018
17312,Mayotte,Mauritius,1,2018
19141,Menorca,Alderney,1,2018
17265,Menorca,Guernsey,-1,2018
19167,Menorca,Guernsey,-1,2018
19121,Menorca,Orkney,1,2018
17244,Menorca,Saare County,1,2018
17268,Menorca,Shetland,1,2018
17458,Mexico,Argentina,-1,2018
16426,Mexico,Bolivia,1,2018
17124,Mexico,Bolivia,-1,2018
16155,Mexico,Bosnia and Herzegovina,-1,2018
16212,Mexico,Cameroon,1,2018
17971,Mexico,Canada,1,2018
16374,Mexico,Chile,-1,2018
18252,Mexico,Chile,-1,2018
17231,Mexico,Costa Rica,-1,2018
17293,Mexico,Costa Rica,1,2018
18837,Mexico,Costa Rica,1,2018
18937,Mexico,Croatia,-1,2018
17276,Mexico,Cuba,1,2018
16119,Mexico,Ecuador,1,2018
17215,Mexico,Ecuador,-1,2018
17688,Mexico,El Salvador,1,2018
19196,Mexico,El Salvador,1,2018
17034,Mexico,Guatemala,1,2018
18425,Mexico,Honduras,-1,2018
19003,Mexico,Honduras,1,2018
19216,Mexico,Honduras,1,2018
18787,Mexico,Iceland,1,2018
18200,Mexico,Jamaica,1,2018
19203,Mexico,Jamaica,-1,2018
19218,Mexico,Jamaica,-1,2018
18497,Mexico,New Zealand,1,2018
19107,Mexico,New Zealand,1,2018
16523,Mexico,Panama,1,2018
18552,Mexico,Panama,1,2018
19267,Mexico,Panama,1,2018
18030,Mexico,Paraguay,1,2018
19171,Mexico,Paraguay,1,2018
16186,Mexico,Portugal,-1,2018
18942,Mexico,Republic of Ireland,1,2018
15931,Mexico,South Korea,1,2018
19391,Mexico,Trinidad and Tobago,1,2018
19063,Mexico,United States,-1,2018
18159,Mexico,Uruguay,1,2018
18224,Mexico,Venezuela,-1,2018
16460,Moldova,Austria,-1,2018
19435,Moldova,Austria,-1,2018
16079,Moldova,Canada,-1,2018
19064,Moldova,Georgia,-1,2018
16654,Moldova,Liechtenstein,-1,2018
17459,Moldova,Montenegro,-1,2018
15923,Moldova,Norway,-1,2018
15926,Moldova,Poland,-1,2018
18516,Moldova,Republic of Ireland,-1,2018
17528,Moldova,Russia,-1,2018
16062,Moldova,Saudi Arabia,1,2018
18463,Moldova,Serbia,-1,2018
15924,Moldova,Sweden,-1,2018
16912,Moldova,Sweden,-1,2018
19346,Moldova,Wales,-1,2018
18590,Mongolia,Laos,-1,2018
16295,Mongolia,Northern Mariana Islands,1,2018
18581,Mongolia,Sri Lanka,1,2018
18296,Mongolia,Taiwan,-1,2018
16870,Mongolia,Timor-Leste,1,2018
19037,Montenegro,Armenia,1,2018
17529,Montenegro,Austria,-1,2018
17972,Montenegro,Belarus,-1,2018
19372,Montenegro,Denmark,-1,2018
15976,Montenegro,Ghana,1,2018
16073,Montenegro,Iran,-1,2018
18958,Montenegro,Iran,-1,2018
18498,Montenegro,Kazakhstan,1,2018
17397,Montenegro,Liechtenstein,1,2018
16407,Montenegro,Moldova,1,2018
18866,Montenegro,Poland,-1,2018
19310,Montenegro,Romania,1,2018
16655,Montenegro,Sweden,-1,2018
16978,Montserrat,Curaçao,-1,2018
16103,Montserrat,United States Virgin Islands,1,2018
16614,Morocco,Benin,1,2018
18838,Morocco,Burkina Faso,1,2018
18553,Morocco,Canada,1,2018
17973,Morocco,Cape Verde,1,2018
16461,Morocco,Central African Republic,1,2018
18019,Morocco,Congo,1,2018
17649,Morocco,Equatorial Guinea,1,2018
18731,Morocco,Finland,-1,2018
15977,Morocco,Gabon,-1,2018
19408,Morocco,Gabon,1,2018
17572,Morocco,Guinea,-1,2018
17530,Morocco,Ivory Coast,-1,2018
18634,Morocco,Ivory Coast,-1,2018
18772,Morocco,Ivory Coast,1,2018
16540,Morocco,Kenya,1,2018
16397,Morocco,Libya,1,2018
17125,Morocco,Libya,1,2018
19268,Morocco,Mali,1,2018
18940,Morocco,Netherlands,-1,2018
16339,Morocco,Qatar,-1,2018
18385,Morocco,São Tomé and Príncipe,1,2018
18682,Morocco,Togo,1,2018
18759,Morocco,Togo,1,2018
18904,Morocco,Tunisia,1,2018
16931,Morocco,Uruguay,-1,2018
16672,Morocco,Zimbabwe,1,2018
15978,Mozambique,Angola,-1,2018
18852,Mozambique,Angola,1,2018
16505,Mozambique,Cape Verde,1,2018
17632,Mozambique,Gabon,1,2018
17925,Mozambique,Ghana,-1,2018
19286,Mozambique,Kenya,-1,2018
18905,Mozambique,Lesotho,1,2018
19165,Mozambique,Madagascar,-1,2018
17022,Mozambique,Malawi,-1,2018
18369,Mozambique,Mauritius,1,2018
16440,Mozambique,Niger,-1,2018
17167,Mozambique,Rwanda,-1,2018
18683,Mozambique,South Africa,-1,2018
16040,Mozambique,South Sudan,1,2018
16306,Mozambique,Tanzania,1,2018
16656,Mozambique,Zambia,-1,2018
19130,Mozambique,Zimbabwe,-1,2018
18703,Myanmar,Cambodia,1,2018
18172,Myanmar,Hong Kong,1,2018
18883,Myanmar,India,-1,2018
18574,Myanmar,Indonesia,-1,2018
17714,Myanmar,Kuwait,1,2018
19444,Myanmar,Kyrgyzstan,-1,2018
17584,Myanmar,Laos,1,2018
17493,Myanmar,Lebanon,-1,2018
18025,Myanmar,Malaysia,-1,2018
18708,Myanmar,Malaysia,1,2018
19232,Myanmar,Malaysia,1,2018
17432,Myanmar,New Zealand,-1,2018
18659,Myanmar,Oman,-1,2018
16048,Myanmar,Palestine,-1,2018
16328,Myanmar,Palestine,1,2018
18103,Myanmar,Singapore,-1,2018
17186,Myanmar,South Korea,-1,2018
18711,Myanmar,Thailand,-1,2018
19364,Myanmar,Thailand,-1,2018
16546,Myanmar,Timor-Leste,-1,2018
18698,Myanmar,Vietnam,-1,2018
18253,Namibia,Botswana,-1,2018
17974,Namibia,Burundi,-1,2018
16028,Namibia,Congo,1,2018
19180,Namibia,Eswatini,1,2018
17604,Namibia,Gambia,1,2018
15917,Namibia,Ghana,-1,2018
17650,Namibia,Guinea,-1,2018
19172,Namibia,Lesotho,-1,2018
17026,Namibia,Madagascar,1,2018
17008,Namibia,Mauritius,1,2018
17035,Namibia,Mozambique,1,2018
18266,Namibia,Mozambique,1,2018
18138,Namibia,Niger,1,2018
17398,Namibia,Senegal,-1,2018
17003,Namibia,Seychelles,-1,2018
15979,Namibia,Tanzania,-1,2018
17626,Namibia,Zambia,-1,2018
18278,Namibia,Zambia,1,2018
17013,Namibia,Zimbabwe,1,2018
19514,Namibia,Zimbabwe,1,2018
18583,Nepal,Brunei,1,2018
16871,Nepal,India,-1,2018
18635,Nepal,Laos,-1,2018
18684,Nepal,Macau,1,2018
19556,Nepal,Philippines,-1,2018
17789,Nepal,Sri Lanka,-1,2018
17812,Nepal,Sri Lanka,1,2018
19347,Nepal,Tajikistan,-1,2018
19086,Nepal,Yemen,-1,2018
16278,Netherlands,Argentina,-1,2018
18481,Netherlands,Belarus,1,2018
18591,Netherlands,Belgium,-1,2018
19302,Netherlands,Bulgaria,1,2018
16248,Netherlands,Chile,1,2018
16275,Netherlands,Costa Rica,-1,2018
17605,Netherlands,Czech Republic,-1,2018
16029,Netherlands,Ecuador,-1,2018
17893,Netherlands,France,-1,2018
18532,Netherlands,France,-1,2018
16120,Netherlands,Ghana,1,2018
18348,Netherlands,Greece,-1,2018
17354,Netherlands,Iceland,-1,2018
18906,Netherlands,Italy,-1,2018
18959,Netherlands,Ivory Coast,1,2018
16480,Netherlands,Kazakhstan,1,2018
16673,Netherlands,Latvia,1,2018
19015,Netherlands,Luxembourg,1,2018
16266,Netherlands,Mexico,1,2018
16609,Netherlands,Mexico,-1,2018
16979,Netherlands,Spain,1,2018
19458,Netherlands,Sweden,1,2018
16932,Netherlands,Turkey,-1,2018
17050,Netherlands,United States,-1,2018
16169,Netherlands,Wales,1,2018
19576,New Caledonia,Estonia,-1,2018
19065,New Caledonia,Fiji,1,2018
18275,New Caledonia,Malaysia,-1,2018
18685,New Caledonia,New Zealand,-1,2018
18081,New Caledonia,Samoa,1,2018
19617,New Caledonia,Solomon Islands,-1,2018
18031,New Zealand,Fiji,1,2018
18907,New Zealand,Fiji,1,2018
18197,New Zealand,New Caledonia,1,2018
18636,New Zealand,New Caledonia,1,2018
19515,New Zealand,Peru,-1,2018
19113,New Zealand,Portugal,-1,2018
18136,New Zealand,Solomon Islands,1,2018
19269,New Zealand,Solomon Islands,1,2018
16104,New Zealand,South Africa,-1,2018
16875,Nicaragua,Anguilla,1,2018
18760,Nicaragua,Belize,1,2018
18947,Nicaragua,Bolivia,-1,2018
17784,Nicaragua,Cuba,1,2018
17785,Nicaragua,Cuba,1,2018
19479,Nicaragua,Dominican Republic,-1,2018
16697,Nicaragua,El Salvador,-1,2018
17476,Nicaragua,Jamaica,-1,2018
17075,Nicaragua,Suriname,1,2018
18717,Nicaragua,Trinidad and Tobago,1,2018
18719,Nicaragua,Trinidad and Tobago,-1,2018
17330,Niger,Burkina Faso,-1,2018
18386,Niger,Burundi,1,2018
17676,Niger,Cameroon,-1,2018
16375,Niger,Cape Verde,-1,2018
19038,Niger,Eswatini,-1,2018
17061,Niger,Gabon,1,2018
16719,Niger,Mozambique,-1,2018
17168,Niger,Namibia,1,2018
17975,Niger,Senegal,-1,2018
17606,Niger,Somalia,1,2018
19249,Niger,Togo,-1,2018
16327,Niger,Uganda,1,2018
16506,Niger,Zambia,-1,2018
18637,Nigeria,Algeria,1,2018
16257,Nigeria,Argentina,-1,2018
16240,Nigeria,Bosnia and Herzegovina,1,2018
17563,Nigeria,Cameroon,1,2018
19270,Nigeria,Cameroon,1,2018
16376,Nigeria,Congo,-1,2018
17507,Nigeria,DR Congo,-1,2018
17894,Nigeria,Egypt,-1,2018
17738,Nigeria,Eswatini,1,2018
15918,Nigeria,Ethiopia,1,2018
16778,Nigeria,Ivory Coast,-1,2018
18020,Nigeria,Mali,1,2018
17460,Nigeria,Niger,1,2018
16087,Nigeria,Scotland,-1,2018
18817,Nigeria,Senegal,-1,2018
16720,Nigeria,South Africa,-1,2018
19039,Nigeria,South Africa,-1,2018
16576,Nigeria,Sudan,1,2018
18370,Nigeria,Tanzania,1,2018
18943,Nigeria,Togo,1,2018
16886,Nigeria,Uganda,-1,2018
19409,Nigeria,Zambia,1,2018
17731,North Korea,Bahrain,1,2018
16613,North Korea,Hong Kong,1,2018
17303,North Korea,Japan,1,2018
16591,North Korea,Kuwait,-1,2018
19338,North Korea,Lebanon,-1,2018
19499,North Korea,Malaysia,1,2018
17502,North Korea,Philippines,-1,2018
16788,North Korea,Saudi Arabia,-1,2018
19619,North Korea,South Korea,-1,2018
18579,North Korea,Taiwan,1,2018
18315,North Korea,United Arab Emirates,1,2018
17195,North Korea,Uzbekistan,1,2018
17595,North Korea,Yemen,1,2018
19342,North Macedonia,Albania,-1,2018
16960,North Macedonia,Australia,-1,2018
16911,North Macedonia,Belarus,-1,2018
18901,North Macedonia,Belarus,1,2018
17967,North Macedonia,Bulgaria,-1,2018
16072,North Macedonia,Cameroon,-1,2018
18091,North Macedonia,Iran,-1,2018
18461,North Macedonia,Israel,-1,2018
18515,North Macedonia,Italy,-1,2018
15972,North Macedonia,Latvia,1,2018
17735,North Macedonia,Lebanon,-1,2018
19434,North Macedonia,Liechtenstein,1,2018
16459,North Macedonia,Luxembourg,1,2018
17647,North Macedonia,Montenegro,1,2018
19512,North Macedonia,Norway,1,2018
16102,North Macedonia,Qatar,-1,2018
16652,North Macedonia,Slovakia,-1,2018
17456,North Macedonia,Spain,-1,2018
19062,North Macedonia,Spain,-1,2018
18966,North Macedonia,Turkey,-1,2018
17527,North Macedonia,Ukraine,-1,2018
18995,Northern Cyprus,Abkhazia,-1,2018
18961,Northern Cyprus,Kárpátalja,1,2018
19049,Northern Cyprus,Padania,-1,2018
18071,Northern Cyprus,Raetia,1,2018
18980,Northern Cyprus,South Ossetia,1,2018
19022,Northern Cyprus,Székely Land,1,2018
18616,Northern Ireland,Azerbaijan,1,2018
18021,Northern Ireland,Belarus,1,2018
18686,Northern Ireland,Croatia,-1,2018
19311,Northern Ireland,Czech Republic,1,2018
16507,Northern Ireland,Faroe Islands,1,2018
16947,Northern Ireland,Finland,1,2018
18267,Northern Ireland,Germany,-1,2018
19373,Northern Ireland,Germany,-1,2018
17508,Northern Ireland,Greece,1,2018
17436,Northern Ireland,Hungary,-1,2018
17677,Northern Ireland,Latvia,1,2018
18948,Northern Ireland,New Zealand,1,2018
18867,Northern Ireland,Norway,1,2018
17040,Northern Ireland,Qatar,-1,2018
17145,Northern Ireland,Romania,-1,2018
18499,Northern Ireland,San Marino,1,2018
17933,Northern Ireland,Slovenia,1,2018
19487,Northern Ireland,Switzerland,-1,2018
16297,Northern Mariana Islands,Macau,1,2018
18297,Northern Mariana Islands,Macau,-1,2018
18299,Northern Mariana Islands,Mongolia,-1,2018
17126,Norway,Azerbaijan,-1,2018
19271,Norway,Azerbaijan,1,2018
18333,Norway,Belarus,-1,2018
16541,Norway,Bulgaria,1,2018
17424,Norway,Croatia,1,2018
19040,Norway,Czech Republic,-1,2018
16610,Norway,Estonia,-1,2018
17976,Norway,Finland,1,2018
18388,Norway,Germany,-1,2018
17651,Norway,Hungary,-1,2018
18082,Norway,Iceland,1,2018
16427,Norway,Italy,-1,2018
17550,Norway,Malta,1,2018
19424,Norway,Northern Ireland,1,2018
15925,Norway,Poland,-1,2018
16121,Norway,Russia,-1,2018
18554,Norway,San Marino,1,2018
17080,Norway,Sweden,-1,2018
19087,Norway,Sweden,-1,2018
16321,Norway,United Arab Emirates,-1,2018
16761,Occitania,Ellan Vannin,1,2018
16178,Occitania,Iraqi Kurdistan,-1,2018
19234,Oman,Afghanistan,1,2018
16961,Oman,Algeria,-1,2018
18555,Oman,Bahrain,-1,2018
18908,Oman,Bhutan,1,2018
16481,Oman,Costa Rica,-1,2018
15929,Oman,Finland,-1,2018
17865,Oman,Guam,1,2018
17607,Oman,India,1,2018
17509,Oman,Iran,-1,2018
15932,Oman,Jordan,-1,2018
18482,Oman,Jordan,-1,2018
16799,Oman,Kuwait,1,2018
16897,Oman,Malaysia,1,2018
19348,Oman,Maldives,1,2018
17652,Oman,New Zealand,-1,2018
16731,Oman,Qatar,-1,2018
15980,Oman,Singapore,1,2018
17051,Oman,Syria,-1,2018
17481,Oman,Syria,1,2018
18949,Oman,Syria,-1,2018
17355,Oman,Turkmenistan,1,2018
18308,Oman,Turkmenistan,1,2018
19633,Oman,United Arab Emirates,-1,2018
16542,Oman,Uruguay,-1,2018
16599,Oman,Yemen,1,2018
17323,Oman,Yemen,1,2018
19132,Orkney,Alderney,1,2018
19142,Orkney,Jersey,-1,2018
19159,Orkney,Shetland,1,2018
16177,Padania,Abkhazia,-1,2018
19023,Padania,Abkhazia,-1,2018
16171,Padania,County of Nice,-1,2018
17217,Padania,Ellan Vannin,1,2018
18969,Padania,Ellan Vannin,1,2018
17222,Padania,Felvidék,1,2018
18998,Padania,Felvidék,1,2018
16202,Padania,Iraqi Kurdistan,-1,2018
18051,Padania,Northern Cyprus,-1,2018
18169,Padania,Northern Cyprus,-1,2018
18146,Padania,Panjab,1,2018
17210,Padania,Romani people,1,2018
16853,Pakistan,Afghanistan,1,2018
16524,Pakistan,Palestine,-1,2018
16874,Pakistan,Yemen,-1,2018
16080,Palestine,Afghanistan,1,2018
19459,Palestine,Bhutan,1,2018
16795,Palestine,Jordan,-1,2018
16043,Palestine,Kyrgyzstan,1,2018
17653,Palestine,Malaysia,1,2018
19557,Palestine,Maldives,1,2018
19088,Palestine,Oman,1,2018
16105,Palestine,Philippines,1,2018
17628,Palestine,Saudi Arabia,-1,2018
16377,Palestine,Taiwan,1,2018
18426,Palestine,Tajikistan,-1,2018
17977,Palestine,Timor-Leste,1,2018
17461,Palestine,United Arab Emirates,-1,2018
18176,Panama,Bolivia,1,2018
16698,Panama,Canada,-1,2018
16980,Panama,Costa Rica,1,2018
17755,Panama,Costa Rica,-1,2018
18768,Panama,Costa Rica,1,2018
19460,Panama,Costa Rica,1,2018
16316,Panama,Cuba,1,2018
17807,Panama,Cuba,1,2018
17044,Panama,Ecuador,-1,2018
17272,Panama,Haiti,-1,2018
17978,Panama,Haiti,1,2018
19089,Panama,Honduras,-1,2018
18357,Panama,Jamaica,1,2018
19207,Panama,Martinique,1,2018
17295,Panama,Mexico,-1,2018
18687,Panama,Mexico,-1,2018
19200,Panama,Nicaragua,1,2018
19349,Panama,Trinidad and Tobago,1,2018
18909,Panama,United States,-1,2018
17041,Panjab,Alderney,1,2018
17788,Panjab,Chagos Islands,1,2018
18001,Panjab,Jersey,-1,2018
18044,Papua New Guinea,New Caledonia,-1,2018
18208,Papua New Guinea,New Zealand,-1,2018
18160,Papua New Guinea,Samoa,1,2018
18198,Papua New Guinea,Solomon Islands,1,2018
19090,Papua New Guinea,Solomon Islands,-1,2018
18083,Papua New Guinea,Tahiti,-1,2018
18818,Papua New Guinea,Tahiti,-1,2018
17608,Paraguay,Argentina,-1,2018
17739,Paraguay,Bolivia,1,2018
17979,Paraguay,Brazil,-1,2018
18349,Paraguay,Chile,1,2018
18464,Paraguay,Colombia,-1,2018
18819,Paraguay,Ecuador,1,2018
17062,Paraguay,Honduras,-1,2018
17199,Paraguay,Jamaica,1,2018
16632,Paraguay,Peru,1,2018
18601,Paraguay,Peru,-1,2018
16398,Paraguay,United Arab Emirates,-1,2018
19350,Paraguay,Uruguay,-1,2018
19461,Paraguay,Venezuela,-1,2018
18465,Peru,Argentina,-1,2018
19250,Peru,Bolivia,1,2018
18688,Peru,Brazil,-1,2018
17609,Peru,Chile,-1,2018
18247,Peru,Colombia,-1,2018
19462,Peru,Colombia,-1,2018
18427,Peru,Ecuador,1,2018
16566,Peru,Guatemala,1,2018
19100,Peru,Jamaica,1,2018
17045,Peru,Mexico,-1,2018
19572,Peru,New Zealand,1,2018
16307,Peru,Panama,1,2018
16699,Peru,Paraguay,1,2018
17267,Peru,Paraguay,1,2018
17678,Peru,Paraguay,1,2018
19004,Peru,Paraguay,1,2018
18011,Peru,Trinidad and Tobago,1,2018
18910,Peru,Uruguay,1,2018
16981,Peru,Venezuela,-1,2018
17211,Peru,Venezuela,1,2018
17866,Peru,Venezuela,-1,2018
16045,Philippines,Afghanistan,-1,2018
15981,Philippines,Azerbaijan,-1,2018
17108,Philippines,Bahrain,1,2018
18483,Philippines,Bahrain,-1,2018
16633,Philippines,Cambodia,1,2018
16734,Philippines,Indonesia,1,2018
18701,Philippines,Indonesia,-1,2018
18592,Philippines,Kyrgyzstan,1,2018
16728,Philippines,Laos,1,2018
16016,Philippines,Malaysia,-1,2018
18804,Philippines,Malaysia,-1,2018
17356,Philippines,Maldives,1,2018
16378,Philippines,Myanmar,-1,2018
16592,Philippines,Nepal,1,2018
18911,Philippines,Nepal,1,2018
17980,Philippines,North Korea,1,2018
18533,Philippines,North Korea,-1,2018
16525,Philippines,Papua New Guinea,1,2018
18695,Philippines,Singapore,-1,2018
16340,Philippines,Taiwan,1,2018
16745,Philippines,Thailand,-1,2018
18705,Philippines,Thailand,-1,2018
17462,Philippines,Uzbekistan,-1,2018
17654,Philippines,Yemen,-1,2018
19351,Philippines,Yemen,-1,2018
18556,Poland,Armenia,1,2018
17740,Poland,Czech Republic,1,2018
18500,Poland,Denmark,1,2018
17916,Poland,Finland,1,2018
17146,Poland,Georgia,1,2018
16508,Poland,Germany,1,2018
17437,Poland,Gibraltar,1,2018
17200,Poland,Greece,-1,2018
17679,Poland,Iceland,1,2018
19312,Poland,Kazakhstan,1,2018
16187,Poland,Lithuania,1,2018
18177,Poland,Lithuania,-1,2018
19537,Poland,Mexico,-1,2018
19425,Poland,Montenegro,1,2018
18084,Poland,Netherlands,-1,2018
18219,Poland,Northern Ireland,1,2018
18293,Poland,Portugal,-1,2018
17564,Poland,Republic of Ireland,1,2018
19041,Poland,Romania,1,2018
15982,Poland,Scotland,-1,2018
16559,Poland,Scotland,-1,2018
17838,Poland,Serbia,1,2018
18662,Poland,Slovenia,-1,2018
16700,Poland,Switzerland,-1,2018
19501,Poland,Uruguay,-1,2018
16399,Portugal,Albania,-1,2018
18484,Portugal,Andorra,1,2018
16701,Portugal,Argentina,1,2018
16634,Portugal,Armenia,1,2018
18254,Portugal,Austria,-1,2018
17981,Portugal,Belgium,1,2018
17895,Portugal,Bulgaria,-1,2018
15983,Portugal,Cameroon,1,2018
16982,Portugal,Cape Verde,-1,2018
19149,Portugal,Chile,-1,2018
18951,Portugal,Cyprus,1,2018
17510,Portugal,Denmark,1,2018
18199,Portugal,Estonia,1,2018
19251,Portugal,Faroe Islands,1,2018
17375,Portugal,France,-1,2018
16260,Portugal,Ghana,1,2018
18350,Portugal,Gibraltar,1,2018
16122,Portugal,Greece,-1,2018
18853,Portugal,Hungary,1,2018
18233,Portugal,Iceland,-1,2018
18652,Portugal,Latvia,1,2018
19105,Portugal,Mexico,-1,2018
19175,Portugal,Mexico,1,2018
18045,Portugal,Norway,1,2018
19502,Portugal,Saudi Arabia,1,2018
16948,Portugal,Serbia,1,2018
18912,Portugal,Sweden,-1,2018
19463,Portugal,Switzerland,1,2018
19558,Portugal,United States,-1,2018
18300,Portugal,Wales,1,2018
16341,Puerto Rico,Curaçao,-1,2018
18557,Puerto Rico,Curaçao,-1,2018
16361,Puerto Rico,French Guiana,-1,2018
16400,Puerto Rico,Grenada,-1,2018
17128,Puerto Rico,Grenada,1,2018
18010,Puerto Rico,United States,-1,2018
16898,Qatar,Algeria,1,2018
16560,Qatar,Australia,1,2018
18789,Qatar,Azerbaijan,-1,2018
15984,Qatar,Bahrain,-1,2018
16810,Qatar,Bahrain,-1,2018
19644,Qatar,Bahrain,-1,2018
17357,Qatar,Bhutan,1,2018
17511,Qatar,China PR,1,2018
19352,Qatar,China PR,-1,2018
19464,Qatar,Curaçao,-1,2018
19516,Qatar,Czech Republic,-1,2018
16756,Qatar,Estonia,1,2018
17867,Qatar,Hong Kong,1,2018
19559,Qatar,Iceland,-1,2018
16284,Qatar,Indonesia,-1,2018
16791,Qatar,Iran,-1,2018
18820,Qatar,Iran,-1,2018
18309,Qatar,Iraq,1,2018
15921,Qatar,Jordan,1,2018
15919,Qatar,Kuwait,1,2018
16462,Qatar,Lebanon,1,2018
19622,Qatar,Liechtenstein,-1,2018
17610,Qatar,Maldives,1,2018
18753,Qatar,Moldova,-1,2018
16595,Qatar,North Korea,1,2018
18978,Qatar,North Korea,-1,2018
16762,Qatar,Oman,-1,2018
16428,Qatar,Peru,-1,2018
18602,Qatar,Russia,1,2018
18440,Qatar,Serbia,1,2018
17324,Qatar,Singapore,1,2018
19374,Qatar,Singapore,1,2018
16962,Qatar,Slovenia,1,2018
19091,Qatar,South Korea,1,2018
18558,Qatar,Syria,1,2018
17680,Qatar,Turkey,-1,2018
19227,Qatar,Turkmenistan,1,2018
16449,Qatar,Uzbekistan,1,2018
18428,Qatar,Uzbekistan,-1,2018
19635,Qatar,Yemen,1,2018
17409,Raetia,Franconia,1,2018
18058,Raetia,Padania,-1,2018
16309,Raetia,Sealand,-1,2018
18792,Raetia,Tamil Eelam,-1,2018
19058,Republic of Ireland,Austria,-1,2018
18061,Republic of Ireland,Belarus,-1,2018
17706,Republic of Ireland,Bosnia and Herzegovina,1,2018
19553,Republic of Ireland,Denmark,-1,2018
17070,Republic of Ireland,England,-1,2018
17435,Republic of Ireland,Georgia,1,2018
18454,Republic of Ireland,Georgia,1,2018
17500,Republic of Ireland,Germany,1,2018
16503,Republic of Ireland,Gibraltar,1,2018
18894,Republic of Ireland,Iceland,-1,2018
19384,Republic of Ireland,Moldova,1,2018
18018,Republic of Ireland,Netherlands,-1,2018
16336,Republic of Ireland,Oman,1,2018
18331,Republic of Ireland,Oman,1,2018
16945,Republic of Ireland,Poland,-1,2018
16209,Republic of Ireland,Portugal,-1,2018
17142,Republic of Ireland,Scotland,-1,2018
15965,Republic of Ireland,Serbia,-1,2018
19334,Republic of Ireland,Serbia,-1,2018
17961,Republic of Ireland,Slovakia,-1,2018
18222,Republic of Ireland,Sweden,-1,2018
17887,Republic of Ireland,Switzerland,1,2018
16064,Republic of Ireland,Turkey,-1,2018
16693,Republic of Ireland,United States,1,2018
18955,Republic of Ireland,Uruguay,1,2018
18831,Republic of Ireland,Wales,-1,2018
17213,Romani people,Ellan Vannin,-1,2018
18004,Romani people,Padania,-1,2018
18259,Romania,Albania,-1,2018
16170,Romania,Algeria,-1,2018
15985,Romania,Argentina,-1,2018
19272,Romania,Armenia,1,2018
19092,Romania,Chile,1,2018
18012,Romania,DR Congo,-1,2018
16702,Romania,Denmark,1,2018
18868,Romania,Denmark,-1,2018
16949,Romania,Faroe Islands,1,2018
17512,Romania,Finland,-1,2018
18110,Romania,Georgia,1,2018
17438,Romania,Greece,-1,2018
16509,Romania,Hungary,-1,2018
19375,Romania,Kazakhstan,1,2018
17839,Romania,Lithuania,1,2018
18389,Romania,Montenegro,-1,2018
19560,Romania,Netherlands,-1,2018
16635,Romania,Northern Ireland,1,2018
18617,Romania,Poland,-1,2018
17926,Romania,Spain,-1,2018
18235,Romania,Switzerland,-1,2018
19488,Romania,Turkey,1,2018
18046,Romania,Ukraine,-1,2018
19517,Russia,Argentina,-1,2018
15986,Russia,Armenia,1,2018
17169,Russia,Austria,-1,2018
16342,Russia,Azerbaijan,1,2018
17072,Russia,Belarus,1,2018
18913,Russia,Belgium,-1,2018
19016,Russia,Chile,-1,2018
18517,Russia,Costa Rica,-1,2018
17741,Russia,Croatia,-1,2018
18429,Russia,Ghana,1,2018
19465,Russia,Iran,-1,2018
18839,Russia,Ivory Coast,-1,2018
16983,Russia,Kazakhstan,-1,2018
16408,Russia,Liechtenstein,1,2018
17917,Russia,Lithuania,1,2018
19114,Russia,Mexico,-1,2018
16526,Russia,Moldova,-1,2018
17573,Russia,Montenegro,1,2018
16188,Russia,Morocco,1,2018
19103,Russia,New Zealand,1,2018
17695,Russia,Portugal,1,2018
19108,Russia,Portugal,-1,2018
18689,Russia,Romania,1,2018
18161,Russia,Serbia,-1,2018
16074,Russia,Slovakia,1,2018
18236,Russia,Slovakia,-1,2018
16226,Russia,South Korea,-1,2018
19410,Russia,South Korea,1,2018
19561,Russia,Spain,-1,2018
17399,Russia,Sweden,1,2018
18261,Russia,Wales,-1,2018
17803,Rwanda,Cameroon,-1,2018
16303,Rwanda,Congo,1,2018
17808,Rwanda,DR Congo,1,2018
17325,Rwanda,Ethiopia,1,2018
16281,Rwanda,Gabon,1,2018
17479,Rwanda,Gabon,-1,2018
17400,Rwanda,Ghana,-1,2018
17063,Rwanda,Kenya,-1,2018
17778,Rwanda,Kenya,-1,2018
16123,Rwanda,Libya,1,2018
17742,Rwanda,Libya,-1,2018
19602,Rwanda,Libya,-1,2018
17982,Rwanda,Mauritius,1,2018
18137,Rwanda,Mozambique,-1,2018
18032,Rwanda,Senegal,-1,2018
17771,Rwanda,Somalia,1,2018
17781,Rwanda,Sudan,-1,2018
19222,Rwanda,Sudan,1,2018
17073,Rwanda,Tanzania,1,2018
17764,Rwanda,Tanzania,-1,2018
19609,Rwanda,Tanzania,1,2018
18707,Ryūkyū,United Koreans in Japan,-1,2018
17309,Réunion,Comoros,1,2018
17313,Réunion,Madagascar,1,2018
17301,Réunion,Mauritius,1,2018
17316,Réunion,Mayotte,1,2018
19157,Saare County,Frøya,1,2018
19126,Saare County,Shetland,-1,2018
17233,Saare County,Åland Islands,-1,2018
17985,Saint Kitts and Nevis,Antigua and Barbuda,1,2018
16453,Saint Kitts and Nevis,Barbados,-1,2018
18926,Saint Kitts and Nevis,Barbados,1,2018
16363,Saint Kitts and Nevis,Dominica,1,2018
17115,Saint Kitts and Nevis,El Salvador,-1,2018
18696,Saint Kitts and Nevis,Estonia,-1,2018
19586,Saint Kitts and Nevis,Grenada,1,2018
18655,Saint Kitts and Nevis,Haiti,-1,2018
18086,Saint Kitts and Nevis,Suriname,1,2018
16876,Saint Kitts and Nevis,Turks and Caicos Islands,1,2018
19182,Saint Lucia,Dominica,-1,2018
16527,Saint Lucia,Dominican Republic,-1,2018
17001,Saint Lucia,Grenada,-1,2018
16364,Saint Lucia,Guyana,1,2018
15990,Saint Lucia,Jamaica,-1,2018
16003,Saint Lucia,Martinique,-1,2018
16320,Saint Lucia,Martinique,-1,2018
16323,Saint Lucia,Martinique,-1,2018
16998,Saint Lucia,Saint Vincent and the Grenadines,-1,2018
19151,Saint Lucia,Saint Vincent and the Grenadines,1,2018
16365,Saint Vincent and the Grenadines,Anguilla,1,2018
17382,Saint Vincent and the Grenadines,Aruba,1,2018
19183,Saint Vincent and the Grenadines,Barbados,1,2018
16484,Saint Vincent and the Grenadines,Curaçao,1,2018
17756,Saint Vincent and the Grenadines,Guatemala,-1,2018
17093,Saint Vincent and the Grenadines,Guyana,-1,2018
18192,Saint Vincent and the Grenadines,Saint Kitts and Nevis,-1,2018
17899,Saint Vincent and the Grenadines,Trinidad and Tobago,-1,2018
18359,Saint Vincent and the Grenadines,United States,-1,2018
17333,Samoa,American Samoa,1,2018
16205,San Marino,Albania,-1,2018
18390,San Marino,Azerbaijan,-1,2018
18869,San Marino,Czech Republic,-1,2018
17401,San Marino,England,-1,2018
16657,San Marino,Estonia,-1,2018
18618,San Marino,Germany,-1,2018
16409,San Marino,Lithuania,-1,2018
18796,San Marino,Moldova,-1,2018
19273,San Marino,Northern Ireland,-1,2018
19376,San Marino,Norway,-1,2018
17574,San Marino,Slovenia,-1,2018
16561,San Marino,Switzerland,-1,2018
18466,Saudi Arabia,Australia,-1,2018
16674,Saudi Arabia,Bahrain,1,2018
16775,Saudi Arabia,China PR,-1,2018
19466,Saudi Arabia,Ghana,-1,2018
15987,Saudi Arabia,Indonesia,1,2018
18914,Saudi Arabia,Iraq,1,2018
19411,Saudi Arabia,Jamaica,1,2018
19353,Saudi Arabia,Japan,1,2018
16963,Saudi Arabia,Jordan,1,2018
18316,Saudi Arabia,Laos,1,2018
16562,Saudi Arabia,Lebanon,-1,2018
17868,Saudi Arabia,Malaysia,1,2018
19642,Saudi Arabia,Oman,-1,2018
16596,Saudi Arabia,Palestine,1,2018
17109,Saudi Arabia,Palestine,1,2018
16615,Saudi Arabia,Qatar,-1,2018
16738,Saudi Arabia,Qatar,-1,2018
18351,Saudi Arabia,Thailand,1,2018
17358,Saudi Arabia,Timor-Leste,1,2018
16732,Saudi Arabia,United Arab Emirates,1,2018
17514,Saudi Arabia,United Arab Emirates,1,2018
18559,Saudi Arabia,United Arab Emirates,1,2018
16482,Saudi Arabia,Uruguay,-1,2018
16721,Saudi Arabia,Yemen,1,2018
18806,Scotland,Canada,-1,2018
17983,Scotland,Denmark,1,2018
16703,Scotland,England,-1,2018
19042,Scotland,England,-1,2018
16510,Scotland,Georgia,1,2018
17439,Scotland,Germany,-1,2018
16950,Scotland,Gibraltar,1,2018
18501,Scotland,Lithuania,-1,2018
19313,Scotland,Malta,1,2018
19489,Scotland,Netherlands,-1,2018
16887,Scotland,Northern Ireland,1,2018
17515,Scotland,Poland,-1,2018
17052,Scotland,Qatar,1,2018
16636,Scotland,Republic of Ireland,1,2018
19377,Scotland,Slovakia,1,2018
18870,Scotland,Slovenia,1,2018
15937,Sealand,Chagos Islands,1,2018
16019,Sealand,Chagos Islands,-1,2018
16310,Seborga,Sealand,-1,2018
16834,Senegal,Algeria,-1,2018
18769,Senegal,Algeria,-1,2018
16722,Senegal,Botswana,1,2018
19287,Senegal,Burkina Faso,-1,2018
17147,Senegal,Burundi,1,2018
18779,Senegal,Cameroon,-1,2018
18502,Senegal,Cape Verde,1,2018
16362,Senegal,Egypt,1,2018
19043,Senegal,Equatorial Guinea,1,2018
16770,Senegal,Gabon,1,2018
16786,Senegal,Guinea,1,2018
17743,Senegal,Madagascar,1,2018
18927,Senegal,Mauritania,1,2018
18371,Senegal,Namibia,1,2018
17918,Senegal,Niger,1,2018
19562,Senegal,South Africa,1,2018
16483,Senegal,Tunisia,-1,2018
18967,Senegal,Uganda,-1,2018
18757,Senegal,Zimbabwe,1,2018
16563,Serbia,Albania,-1,2018
17376,Serbia,Armenia,1,2018
18518,Serbia,Austria,1,2018
17074,Serbia,Azerbaijan,1,2018
18013,Serbia,Cyprus,1,2018
16637,Serbia,Denmark,-1,2018
16401,Serbia,France,-1,2018
19436,Serbia,Georgia,1,2018
18064,Serbia,Israel,1,2018
19288,Serbia,Moldova,1,2018
17565,Serbia,Portugal,-1,2018
18402,Serbia,Republic of Ireland,-1,2018
19066,Serbia,Wales,-1,2018
18094,Seychelles,Algeria,-1,2018
17485,Seychelles,Burundi,-1,2018
17403,Seychelles,Ethiopia,-1,2018
17919,Seychelles,Lesotho,1,2018
17299,Seychelles,Madagascar,1,2018
18209,Seychelles,Madagascar,-1,2018
17304,Seychelles,Maldives,-1,2018
17014,Seychelles,Mauritius,-1,2018
17308,Seychelles,Mayotte,-1,2018
19150,Seychelles,Mozambique,-1,2018
16319,Seychelles,Sri Lanka,-1,2018
16322,Seychelles,Sri Lanka,1,2018
17009,Seychelles,Zimbabwe,-1,2018
19135,Shetland,Guernsey,-1,2018
17266,Shetland,Isle of Man,-1,2018
17237,Shetland,Isle of Wight,-1,2018
17611,Sierra Leone,Chad,1,2018
16124,Sierra Leone,Eswatini,1,2018
17934,Sierra Leone,Gabon,1,2018
17425,Sierra Leone,Ivory Coast,-1,2018
16288,Sierra Leone,Seychelles,1,2018
18111,Sierra Leone,Sudan,1,2018
17516,Singapore,Afghanistan,1,2018
19093,Singapore,Argentina,-1,2018
19563,Singapore,Bahrain,-1,2018
17064,Singapore,Brunei,1,2018
16680,Singapore,Cambodia,1,2018
17612,Singapore,Cambodia,1,2018
18653,Singapore,Cambodia,1,2018
16984,Singapore,Guam,-1,2018
16429,Singapore,Hong Kong,-1,2018
19252,Singapore,Hong Kong,-1,2018
18706,Singapore,Indonesia,-1,2018
17655,Singapore,Japan,-1,2018
15934,Singapore,Jordan,-1,2018
16616,Singapore,Laos,1,2018
19490,Singapore,Lebanon,-1,2018
16742,Singapore,Malaysia,-1,2018
18485,Singapore,Malaysia,-1,2018
16739,Singapore,Myanmar,1,2018
17869,Singapore,Myanmar,1,2018
16379,Singapore,Papua New Guinea,1,2018
17744,Singapore,Syria,-1,2018
19044,Singapore,Taiwan,-1,2018
16733,Singapore,Thailand,-1,2018
19354,Singapore,Turkmenistan,-1,2018
18178,Singapore,Vietnam,-1,2018
17826,Sint Maarten,Anguilla,1,2018
17920,Sint Maarten,United States Virgin Islands,-1,2018
17531,Slovakia,Belarus,-1,2018
16985,Slovakia,Czech Republic,1,2018
18262,Slovakia,England,-1,2018
18391,Slovakia,England,-1,2018
16704,Slovakia,Finland,1,2018
18022,Slovakia,Georgia,1,2018
17745,Slovakia,Iceland,1,2018
17896,Slovakia,Latvia,-1,2018
18619,Slovakia,Lithuania,1,2018
16913,Slovakia,Luxembourg,1,2018
16352,Slovakia,Malta,1,2018
19426,Slovakia,Malta,1,2018
16060,Slovakia,Montenegro,1,2018
17170,Slovakia,North Macedonia,1,2018
18140,Slovakia,Northern Ireland,-1,2018
19564,Slovakia,Norway,1,2018
18560,Slovakia,Scotland,1,2018
19274,Slovakia,Slovenia,1,2018
16463,Slovakia,Spain,1,2018
17681,Slovakia,Switzerland,1,2018
17463,Slovakia,Ukraine,-1,2018
16705,Slovenia,Colombia,-1,2018
17171,Slovenia,England,-1,2018
18561,Slovenia,England,-1,2018
17464,Slovenia,Estonia,1,2018
17532,Slovenia,Lithuania,-1,2018
19314,Slovenia,Lithuania,1,2018
19045,Slovenia,Malta,1,2018
17841,Slovenia,North Macedonia,1,2018
16914,Slovenia,San Marino,1,2018
19427,Slovenia,Scotland,-1,2018
18503,Slovenia,Slovakia,1,2018
16464,Slovenia,Switzerland,1,2018
18162,Slovenia,Turkey,-1,2018
17746,Slovenia,Ukraine,-1,2018
18065,Solomon Islands,Fiji,-1,2018
19599,Solomon Islands,Fiji,-1,2018
18445,Solomon Islands,New Caledonia,-1,2018
18504,Solomon Islands,New Caledonia,-1,2018
19355,Solomon Islands,New Zealand,-1,2018
17870,Solomon Islands,Papua New Guinea,1,2018
19017,Solomon Islands,Papua New Guinea,1,2018
18654,Solomon Islands,Tahiti,1,2018
19610,Solomon Islands,Tuvalu,1,2018
17533,Somalia,Niger,-1,2018
17761,Somalia,Tanzania,-1,2018
18072,Somaliland,Panjab,-1,2018
16031,Somaliland,Sealand,-1,2018
18120,Somaliland,Székely Land,1,2018
17201,South Africa,Angola,1,2018
17747,South Africa,Angola,1,2018
18915,South Africa,Angola,-1,2018
17018,South Africa,Botswana,-1,2018
18280,South Africa,Botswana,1,2018
19181,South Africa,Botswana,1,2018
15988,South Africa,Brazil,-1,2018
19412,South Africa,Burkina Faso,1,2018
17984,South Africa,Cameroon,-1,2018
19356,South Africa,Cape Verde,-1,2018
16577,South Africa,Congo,-1,2018
18430,South Africa,Egypt,1,2018
18276,South Africa,Eswatini,1,2018
17148,South Africa,Gambia,-1,2018
16835,South Africa,Ghana,-1,2018
18562,South Africa,Ghana,-1,2018
18854,South Africa,Guinea-Bissau,1,2018
16744,South Africa,Ivory Coast,1,2018
18255,South Africa,Lesotho,-1,2018
17023,South Africa,Malawi,-1,2018
18358,South Africa,Mauritania,-1,2018
19190,South Africa,Namibia,1,2018
16441,South Africa,Nigeria,-1,2018
16951,South Africa,Nigeria,-1,2018
16825,South Africa,Senegal,-1,2018
17465,South Africa,Senegal,1,2018
19503,South Africa,Senegal,-1,2018
16658,South Africa,Sudan,1,2018
19176,South Africa,Tanzania,-1,2018
16766,South Africa,Zambia,1,2018
19094,South Africa,Zambia,-1,2018
16243,South Korea,Algeria,-1,2018
16259,South Korea,Belgium,-1,2018
18613,South Korea,Canada,1,2018
18346,South Korea,China PR,1,2018
19608,South Korea,China PR,-1,2018
19500,South Korea,Colombia,1,2018
16556,South Korea,Costa Rica,-1,2018
19247,South Korea,Iran,-1,2018
16832,South Korea,Iraq,1,2018
17596,South Korea,Jamaica,1,2018
17352,South Korea,Laos,1,2018
17862,South Korea,Lebanon,1,2018
19453,South Korea,Morocco,-1,2018
17645,South Korea,Myanmar,1,2018
16974,South Korea,New Zealand,1,2018
17318,South Korea,North Korea,-1,2018
16774,South Korea,Oman,1,2018
16476,South Korea,Paraguay,1,2018
18457,South Korea,Qatar,1,2018
16765,South Korea,Saudi Arabia,1,2018
19554,South Korea,Serbia,-1,2018
18897,South Korea,Syria,1,2018
16086,South Korea,Tunisia,-1,2018
17103,South Korea,United Arab Emirates,1,2018
16405,South Korea,Uruguay,-1,2018
16819,South Korea,Uzbekistan,1,2018
16909,South Korea,Uzbekistan,-1,2018
18680,South Korea,Uzbekistan,1,2018
16360,South Korea,Venezuela,1,2018
16206,South Ossetia,Arameans Suryoye,-1,2018
19020,South Ossetia,Felvidék,-1,2018
18996,South Ossetia,Kárpátalja,-1,2018
16159,South Ossetia,Padania,-1,2018
17842,South Sudan,Benin,-1,2018
19615,South Sudan,Burundi,-1,2018
17762,South Sudan,Djibouti,1,2018
18916,South Sudan,Djibouti,1,2018
17404,South Sudan,Equatorial Guinea,1,2018
19595,South Sudan,Ethiopia,-1,2018
17772,South Sudan,Malawi,1,2018
18142,South Sudan,Mali,-1,2018
17486,South Sudan,Mauritania,-1,2018
16106,South Sudan,Mozambique,-1,2018
17769,South Sudan,Sudan,-1,2018
17779,South Sudan,Sudan,-1,2018
19392,Spain,Albania,1,2018
16659,Spain,Belarus,1,2018
16107,Spain,Bolivia,1,2018
16230,Spain,Chile,-1,2018
18993,Spain,Colombia,-1,2018
17110,Spain,Costa Rica,1,2018
19518,Spain,Costa Rica,1,2018
18225,Spain,Czech Republic,1,2018
17682,Spain,England,1,2018
18191,Spain,Georgia,-1,2018
16706,Spain,Germany,-1,2018
18840,Spain,Israel,1,2018
15989,Spain,Italy,1,2018
19289,Spain,Italy,1,2018
18403,Spain,Liechtenstein,1,2018
17534,Spain,Luxembourg,1,2018
16213,Spain,Netherlands,-1,2018
16410,Spain,North Macedonia,1,2018
18638,Spain,North Macedonia,1,2018
17405,Spain,Slovakia,1,2018
18085,Spain,South Korea,1,2018
18248,Spain,Turkey,1,2018
16915,Spain,Ukraine,1,2018
16863,Sri Lanka,Bhutan,-1,2018
18573,Sri Lanka,Laos,-1,2018
18593,Sri Lanka,Macau,-1,2018
16723,Sudan,Congo,-1,2018
18360,Sudan,Gabon,-1,2018
17986,Sudan,Ivory Coast,-1,2018
19018,Sudan,Madagascar,-1,2018
17763,Sudan,Malawi,-1,2018
16511,Sudan,Nigeria,1,2018
17172,Sudan,Sierra Leone,1,2018
16366,Sudan,South Africa,-1,2018
17633,Sudan,Zambia,-1,2018
16848,Suriname,Aruba,1,2018
16367,Suriname,Bonaire,-1,2018
16841,Suriname,Bonaire,1,2018
16081,Suriname,French Guiana,1,2018
17987,Suriname,Guadeloupe,1,2018
18505,Suriname,Guyana,1,2018
18724,Suriname,Haiti,-1,2018
17202,Suriname,Nicaragua,-1,2018
17466,Sweden,Austria,-1,2018
18855,Sweden,Belarus,1,2018
16135,Sweden,Belgium,-1,2018
18277,Sweden,Belgium,-1,2018
18534,Sweden,Bulgaria,1,2018
17988,Sweden,Czech Republic,-1,2018
17696,Sweden,Denmark,1,2018
16353,Sweden,Estonia,1,2018
17804,Sweden,Estonia,-1,2018
17809,Sweden,Finland,1,2018
19019,Sweden,France,1,2018
16986,Sweden,Iran,1,2018
19504,Sweden,Italy,1,2018
16792,Sweden,Ivory Coast,1,2018
16528,Sweden,Liechtenstein,1,2018
19413,Sweden,Luxembourg,1,2018
17575,Sweden,Moldova,1,2018
17173,Sweden,Montenegro,1,2018
18431,Sweden,Netherlands,-1,2018
16465,Sweden,Russia,-1,2018
18055,Sweden,Slovenia,-1,2018
18164,Sweden,Wales,1,2018
19253,Switzerland,Andorra,1,2018
18944,Switzerland,Belarus,1,2018
18033,Switzerland,Belgium,-1,2018
17989,Switzerland,Bosnia and Herzegovina,-1,2018
15991,Switzerland,Croatia,-1,2018
16220,Switzerland,Ecuador,1,2018
16411,Switzerland,England,-1,2018
16916,Switzerland,Estonia,1,2018
18656,Switzerland,Faroe Islands,1,2018
16236,Switzerland,France,-1,2018
19414,Switzerland,Hungary,1,2018
16108,Switzerland,Jamaica,1,2018
18856,Switzerland,Latvia,1,2018
17090,Switzerland,Liechtenstein,1,2018
16660,Switzerland,Lithuania,1,2018
18112,Switzerland,Moldova,1,2018
19527,Switzerland,Northern Ireland,-1,2018
16156,Switzerland,Peru,1,2018
18282,Switzerland,Poland,-1,2018
18432,Switzerland,Portugal,1,2018
17535,Switzerland,San Marino,1,2018
17406,Switzerland,Slovenia,1,2018
16987,Switzerland,United States,-1,2018
17613,Syria,Afghanistan,1,2018
19378,Syria,Australia,-1,2018
17871,Syria,Cambodia,1,2018
19095,Syria,China PR,-1,2018
18690,Syria,Iran,-1,2018
17517,Syria,Japan,-1,2018
19254,Syria,Qatar,1,2018
17359,Syria,Singapore,1,2018
18594,Syria,Singapore,1,2018
18433,Syria,South Korea,-1,2018
18821,Syria,Uzbekistan,1,2018
19048,Székely Land,Abkhazia,1,2018
17209,Székely Land,County of Nice,-1,2018
17212,Székely Land,Felvidék,-1,2018
18982,Székely Land,Padania,-1,2018
16600,Székely Land,Raetia,1,2018
18099,Székely Land,Raetia,1,2018
17218,Székely Land,Romani people,-1,2018
16146,Sápmi,Abkhazia,-1,2018
16199,Sápmi,Artsakh,-1,2018
16158,Sápmi,Occitania,-1,2018
18059,Sápmi,Panjab,-1,2018
18052,Sápmi,Somaliland,1,2018
16175,Sápmi,Tamil Eelam,1,2018
18148,Sápmi,Western Armenia,1,2018
16030,São Tomé and Príncipe,Benin,-1,2018
18141,São Tomé and Príncipe,Cape Verde,-1,2018
17513,São Tomé and Príncipe,Ethiopia,1,2018
17840,São Tomé and Príncipe,Libya,1,2018
18805,São Tomé and Príncipe,Madagascar,-1,2018
17402,São Tomé and Príncipe,Morocco,-1,2018
18165,Tahiti,New Caledonia,-1,2018
18921,Tahiti,Papua New Guinea,-1,2018
18047,Tahiti,Samoa,1,2018
18582,Tahiti,Solomon Islands,1,2018
19467,Taiwan,Bahrain,1,2018
16865,Taiwan,Brunei,-1,2018
17757,Taiwan,Iraq,-1,2018
19596,Taiwan,Laos,1,2018
19379,Taiwan,Mongolia,1,2018
19587,Taiwan,Philippines,1,2018
17207,Taiwan,Thailand,-1,2018
18506,Taiwan,Timor-Leste,1,2018
19590,Taiwan,Timor-Leste,1,2018
17477,Taiwan,Vietnam,-1,2018
18657,Tajikistan,Afghanistan,1,2018
17467,Tajikistan,Australia,-1,2018
17656,Tajikistan,Bangladesh,1,2018
18095,Tajikistan,Bangladesh,1,2018
17111,Tajikistan,Jordan,-1,2018
17990,Tajikistan,Kyrgyzstan,-1,2018
16308,Tajikistan,Malaysia,1,2018
19468,Tajikistan,Nepal,1,2018
18446,Tajikistan,Palestine,-1,2018
19096,Tajikistan,Philippines,-1,2018
16988,Tajikistan,Syria,-1,2018
18320,Tajikistan,Syria,-1,2018
18595,Tajikistan,Turkmenistan,1,2018
19565,Tajikistan,Yemen,-1,2018
16145,Tamil Eelam,Arameans Suryoye,-1,2018
16200,Tamil Eelam,Darfur,1,2018
16157,Tamil Eelam,Iraqi Kurdistan,-1,2018
17827,Tamil Eelam,Romani people,1,2018
17697,Tanzania,Algeria,-1,2018
16529,Tanzania,Benin,1,2018
18857,Tanzania,Botswana,1,2018
16015,Tanzania,Burundi,-1,2018
18917,Tanzania,Burundi,1,2018
18143,Tanzania,Egypt,-1,2018
17007,Tanzania,Eswatini,-1,2018
19046,Tanzania,Lesotho,-1,2018
19191,Tanzania,Lesotho,-1,2018
17326,Tanzania,Libya,-1,2018
16082,Tanzania,Malawi,1,2018
16952,Tanzania,Malawi,-1,2018
17487,Tanzania,Malawi,1,2018
19120,Tanzania,Malawi,1,2018
19415,Tanzania,Malawi,-1,2018
19155,Tanzania,Mauritius,-1,2018
16293,Tanzania,Mozambique,-1,2018
17407,Tanzania,Nigeria,-1,2018
19603,Tanzania,Zanzibar,-1,2018
16041,Tanzania,Zimbabwe,1,2018
17360,Thailand,Afghanistan,1,2018
18691,Thailand,Australia,-1,2018
17053,Thailand,Bahrain,-1,2018
19212,Thailand,Belarus,-1,2018
16964,Thailand,Cameroon,-1,2018
17536,Thailand,Hong Kong,1,2018
18697,Thailand,Indonesia,1,2018
18715,Thailand,Indonesia,1,2018
17468,Thailand,Iraq,-1,2018
19255,Thailand,Iraq,-1,2018
18434,Thailand,Japan,-1,2018
18166,Thailand,Jordan,1,2018
19428,Thailand,Kenya,1,2018
16067,Thailand,Kuwait,-1,2018
15992,Thailand,Lebanon,-1,2018
16750,Thailand,Malaysia,1,2018
16743,Thailand,Myanmar,1,2018
18713,Thailand,Myanmar,1,2018
16707,Thailand,New Zealand,1,2018
17012,Thailand,North Korea,-1,2018
19206,Thailand,North Korea,1,2018
16601,Thailand,Philippines,1,2018
16747,Thailand,Philippines,1,2018
18822,Thailand,Saudi Arabia,-1,2018
16899,Thailand,Singapore,1,2018
18702,Thailand,Singapore,1,2018
17927,Thailand,South Korea,-1,2018
18113,Thailand,Syria,-1,2018
17657,Thailand,Taiwan,1,2018
19097,Thailand,United Arab Emirates,-1,2018
17019,Thailand,Vietnam,1,2018
16516,Timor-Leste,Brunei,1,2018
16583,Timor-Leste,Cambodia,-1,2018
18568,Timor-Leste,Laos,-1,2018
17588,Timor-Leste,Malaysia,-1,2018
16861,Timor-Leste,Mongolia,-1,2018
18575,Timor-Leste,Nepal,-1,2018
17496,Timor-Leste,Palestine,-1,2018
19592,Timor-Leste,Philippines,1,2018
17721,Timor-Leste,Saudi Arabia,-1,2018
17188,Timor-Leste,United Arab Emirates,-1,2018
18620,Togo,Comoros,-1,2018
18960,Togo,Comoros,1,2018
18773,Togo,DR Congo,-1,2018
18392,Togo,Djibouti,1,2018
16442,Togo,Ghana,-1,2018
16661,Togo,Guinea,-1,2018
17174,Togo,Liberia,1,2018
19528,Togo,Mauritius,1,2018
18519,Togo,Mozambique,1,2018
17991,Togo,Tunisia,-1,2018
16579,Togo,Uganda,1,2018
17658,Togo,Uganda,-1,2018
18443,Togo,Uganda,1,2018
18023,Togo,Zambia,1,2018
17337,Tonga,American Samoa,-1,2018
17334,Tonga,Cook Islands,-1,2018
19605,Tonga,New Caledonia,-1,2018
17377,Tonga,Samoa,-1,2018
19581,Tonga,Solomon Islands,-1,2018
16530,Trinidad and Tobago,Antigua and Barbuda,1,2018
18790,Trinidad and Tobago,Barbados,1,2018
18621,Trinidad and Tobago,Costa Rica,-1,2018
17284,Trinidad and Tobago,Cuba,1,2018
16454,Trinidad and Tobago,Dominican Republic,1,2018
18447,Trinidad and Tobago,Dominican Republic,1,2018
16617,Trinidad and Tobago,French Guiana,1,2018
19519,Trinidad and Tobago,Grenada,-1,2018
17277,Trinidad and Tobago,Guatemala,1,2018
18361,Trinidad and Tobago,Guatemala,-1,2018
19566,Trinidad and Tobago,Guyana,-1,2018
17806,Trinidad and Tobago,Haiti,-1,2018
18730,Trinidad and Tobago,Haiti,-1,2018
19275,Trinidad and Tobago,Honduras,-1,2018
19229,Trinidad and Tobago,Jamaica,-1,2018
17290,Trinidad and Tobago,Mexico,-1,2018
18918,Trinidad and Tobago,Mexico,-1,2018
16917,Trinidad and Tobago,Panama,-1,2018
17294,Trinidad and Tobago,Panama,-1,2018
18841,Trinidad and Tobago,Panama,1,2018
16485,Trinidad and Tobago,Saint Lucia,1,2018
17999,Trinidad and Tobago,Saint Vincent and the Grenadines,1,2018
18721,Trinidad and Tobago,Suriname,-1,2018
19469,Trinidad and Tobago,United States,1,2018
16779,Tunisia,Algeria,-1,2018
16380,Tunisia,Botswana,1,2018
18842,Tunisia,Cameroon,-1,2018
16802,Tunisia,Cape Verde,-1,2018
19276,Tunisia,DR Congo,1,2018
17130,Tunisia,Djibouti,1,2018
16724,Tunisia,Egypt,1,2018
19068,Tunisia,Egypt,1,2018
17537,Tunisia,Gabon,-1,2018
18520,Tunisia,Guinea,1,2018
18393,Tunisia,Liberia,1,2018
19520,Tunisia,Libya,-1,2018
17748,Tunisia,Mauritania,1,2018
18692,Tunisia,Mauritania,-1,2018
16580,Tunisia,Senegal,1,2018
18747,Tunisia,Senegal,-1,2018
17898,Tunisia,Togo,1,2018
18722,Tunisia,Uganda,1,2018
19538,Turkey,Albania,-1,2018
16611,Turkey,Brazil,-1,2018
17081,Turkey,Bulgaria,1,2018
18220,Turkey,Croatia,-1,2018
19357,Turkey,Croatia,1,2018
16486,Turkey,Czech Republic,-1,2018
18843,Turkey,Finland,1,2018
17749,Turkey,Greece,-1,2018
17614,Turkey,Iceland,1,2018
19393,Turkey,Iceland,-1,2018
16676,Turkey,Kazakhstan,1,2018
18639,Turkey,Kosovo,1,2018
17361,Turkey,Latvia,-1,2018
18875,Turkey,Moldova,1,2018
18048,Turkey,Montenegro,1,2018
17428,Turkey,Netherlands,1,2018
18334,Turkey,Russia,-1,2018
15993,Turkey,Sweden,1,2018
17872,Turkey,Sweden,1,2018
18467,Turkey,Ukraine,-1,2018
19098,Turkmenistan,Bahrain,-1,2018
17615,Turkmenistan,Guam,1,2018
17518,Turkmenistan,India,1,2018
17203,Turkmenistan,Iran,-1,2018
16046,Turkmenistan,Laos,1,2018
17750,Turkmenistan,Oman,1,2018
16063,Turkmenistan,Philippines,-1,2018
19470,Turkmenistan,Singapore,1,2018
19567,Turkmenistan,Taiwan,1,2018
16136,Turks and Caicos Islands,French Guiana,-1,2018
16902,Turks and Caicos Islands,Saint Kitts and Nevis,-1,2018
19594,Tuvalu,New Caledonia,1,2018
19623,Tuvalu,Tonga,1,2018
17149,Uganda,Botswana,1,2018
17992,Uganda,Burkina Faso,-1,2018
17775,Uganda,Burundi,1,2018
19591,Uganda,Burundi,-1,2018
17813,Uganda,Cameroon,-1,2018
18394,Uganda,Comoros,1,2018
18640,Uganda,Congo,1,2018
19256,Uganda,Egypt,1,2018
16602,Uganda,Ethiopia,1,2018
17086,Uganda,Gambia,-1,2018
16662,Uganda,Ghana,1,2018
19416,Uganda,Ghana,-1,2018
16443,Uganda,Guinea,1,2018
18325,Uganda,Kenya,-1,2018
16125,Uganda,Madagascar,1,2018
16286,Uganda,Malawi,-1,2018
17777,Uganda,Malawi,1,2018
18776,Uganda,Mali,-1,2018
16289,Uganda,Mauritania,1,2018
17783,Uganda,Rwanda,1,2018
16279,Uganda,Seychelles,1,2018
19604,Uganda,South Sudan,1,2018
16512,Uganda,Togo,-1,2018
17703,Uganda,Togo,1,2018
18584,Uganda,Zambia,-1,2018
19624,Uganda,Zanzibar,-1,2018
17408,Ukraine,Belarus,1,2018
19437,Ukraine,Croatia,-1,2018
17873,Ukraine,Cyprus,1,2018
18641,Ukraine,Finland,1,2018
18404,Ukraine,Iceland,-1,2018
18521,Ukraine,Kosovo,1,2018
16989,Ukraine,Latvia,-1,2018
16708,Ukraine,Lithuania,-1,2018
17175,Ukraine,Luxembourg,1,2018
16343,Ukraine,Moldova,1,2018
16056,Ukraine,Niger,1,2018
16531,Ukraine,North Macedonia,1,2018
18243,Ukraine,Northern Ireland,-1,2018
18268,Ukraine,Poland,-1,2018
18693,Ukraine,Serbia,1,2018
16412,Ukraine,Slovakia,-1,2018
19505,Ukraine,Slovakia,1,2018
17698,Ukraine,Slovenia,1,2018
17576,Ukraine,Spain,-1,2018
19290,Ukraine,Turkey,1,2018
15994,Ukraine,United States,1,2018
17935,Ukraine,Wales,1,2018
16487,United Arab Emirates,Australia,-1,2018
18435,United Arab Emirates,Australia,-1,2018
18596,United Arab Emirates,Bahrain,1,2018
17829,United Arab Emirates,Bangladesh,1,2018
17815,United Arab Emirates,Iceland,1,2018
16727,United Arab Emirates,Iraq,1,2018
18694,United Arab Emirates,Iraq,1,2018
18823,United Arab Emirates,Japan,-1,2018
16760,United Arab Emirates,Jordan,1,2018
18114,United Arab Emirates,Jordan,-1,2018
16681,United Arab Emirates,Kuwait,-1,2018
18994,United Arab Emirates,Laos,1,2018
16597,United Arab Emirates,Lebanon,1,2018
17362,United Arab Emirates,Malaysia,1,2018
17327,United Arab Emirates,Myanmar,1,2018
16638,United Arab Emirates,Oman,-1,2018
16736,United Arab Emirates,Oman,1,2018
17874,United Arab Emirates,Palestine,1,2018
16780,United Arab Emirates,Qatar,1,2018
17993,United Arab Emirates,Saudi Arabia,-1,2018
19233,United Arab Emirates,Saudi Arabia,1,2018
19638,United Arab Emirates,Saudi Arabia,-1,2018
18167,United Arab Emirates,Syria,-1,2018
18468,United Arab Emirates,Thailand,1,2018
17659,United Arab Emirates,Timor-Leste,1,2018
17621,United Arab Emirates,Turkmenistan,1,2018
16564,United Arab Emirates,Uzbekistan,-1,2018
19568,United Arab Emirates,Uzbekistan,1,2018
18070,United Koreans in Japan,Iraqi Kurdistan,-1,2018
18147,United Koreans in Japan,Iraqi Kurdistan,-1,2018
18087,United Koreans in Japan,Northern Cyprus,-1,2018
18057,United Koreans in Japan,Székely Land,1,2018
18117,United Koreans in Japan,Sápmi,-1,2018
18269,United States,Argentina,-1,2018
17440,United States,Brazil,-1,2018
16639,United States,Colombia,-1,2018
18115,United States,Colombia,-1,2018
18283,United States,Colombia,-1,2018
18193,United States,Costa Rica,1,2018
19217,United States,Costa Rica,1,2018
19277,United States,Costa Rica,-1,2018
17292,United States,Cuba,1,2018
18244,United States,Ecuador,1,2018
19214,United States,El Salvador,1,2018
16261,United States,Germany,-1,2018
19173,United States,Ghana,1,2018
17995,United States,Guatemala,1,2018
17280,United States,Haiti,1,2018
16565,United States,Honduras,-1,2018
17273,United States,Honduras,1,2018
18844,United States,Honduras,1,2018
17819,United States,Iceland,1,2018
17296,United States,Jamaica,-1,2018
19220,United States,Jamaica,1,2018
19201,United States,Martinique,1,2018
16990,United States,Mexico,1,2018
17551,United States,Mexico,-1,2018
18622,United States,Mexico,-1,2018
19208,United States,Nicaragua,1,2018
16198,United States,Nigeria,1,2018
16856,United States,Panama,1,2018
17286,United States,Panama,-1,2018
17297,United States,Panama,-1,2018
19194,United States,Panama,-1,2018
19394,United States,Panama,1,2018
18210,United States,Paraguay,1,2018
17383,United States,Peru,1,2018
16244,United States,Portugal,-1,2018
17689,United States,Saint Vincent and the Grenadines,1,2018
18782,United States,Serbia,-1,2018
15933,United States,South Korea,1,2018
18437,United States,Trinidad and Tobago,1,2018
19005,United States,Trinidad and Tobago,1,2018
16137,United States,Turkey,1,2018
18952,United States,Venezuela,-1,2018
16900,United States Virgin Islands,Barbados,-1,2018
16138,United States Virgin Islands,Bonaire,-1,2018
17998,United States Virgin Islands,Grenada,-1,2018
18144,United States Virgin Islands,Guyana,-1,2018
19257,Uruguay,Argentina,-1,2018
19471,Uruguay,Bolivia,1,2018
18824,Uruguay,Brazil,-1,2018
17751,Uruguay,Chile,1,2018
17616,Uruguay,Colombia,1,2018
16217,Uruguay,Costa Rica,-1,2018
16618,Uruguay,Costa Rica,-1,2018
18603,Uruguay,Ecuador,1,2018
16233,Uruguay,England,1,2018
17065,Uruguay,Guatemala,1,2018
17150,Uruguay,Jamaica,1,2018
18227,Uruguay,Jamaica,1,2018
16109,Uruguay,Northern Ireland,1,2018
17220,Uruguay,Paraguay,-1,2018
18436,Uruguay,Paraguay,1,2018
17994,Uruguay,Peru,1,2018
18201,Uruguay,Venezuela,-1,2018
18469,Uruguay,Venezuela,1,2018
16488,Uzbekistan,Bahrain,-1,2018
17996,Uzbekistan,Bahrain,1,2018
18317,Uzbekistan,Burkina Faso,1,2018
18563,Uzbekistan,China PR,1,2018
18770,Uzbekistan,Georgia,-1,2018
17112,Uzbekistan,Iran,-1,2018
18470,Uzbekistan,Iran,-1,2018
16755,Uzbekistan,Iraq,1,2018
16757,Uzbekistan,Iraq,-1,2018
18303,Uzbekistan,Iraq,1,2018
16354,Uzbekistan,Jordan,1,2018
16753,Uzbekistan,Jordan,1,2018
18604,Uzbekistan,Jordan,1,2018
17822,Uzbekistan,Lebanon,1,2018
16413,Uzbekistan,New Zealand,1,2018
16776,Uzbekistan,North Korea,1,2018
17660,Uzbekistan,North Korea,1,2018
16083,Uzbekistan,Oman,-1,2018
16093,Uzbekistan,Oman,-1,2018
16749,Uzbekistan,Palestine,1,2018
17875,Uzbekistan,Philippines,1,2018
18919,Uzbekistan,Qatar,1,2018
16803,Uzbekistan,Saudi Arabia,1,2018
19358,Uzbekistan,South Korea,-1,2018
18352,Uzbekistan,Syria,1,2018
18979,Uzbekistan,Thailand,1,2018
15995,Uzbekistan,United Arab Emirates,-1,2018
17363,Uzbekistan,Yemen,1,2018
19574,Vanuatu,Estonia,-1,2018
17627,Vanuatu,Fiji,-1,2018
17629,Vanuatu,Fiji,1,2018
19611,Vanuatu,Fiji,-1,2018
19582,Vanuatu,New Caledonia,1,2018
18066,Vanuatu,New Zealand,-1,2018
18034,Vanuatu,Solomon Islands,-1,2018
19626,Vanuatu,Solomon Islands,1,2018
19600,Vanuatu,Tonga,1,2018
19620,Vanuatu,Tuvalu,1,2018
16020,Vatican City,Monaco,-1,2018
18924,Vatican City,Monaco,-1,2018
18438,Venezuela,Argentina,-1,2018
18605,Venezuela,Bolivia,1,2018
18564,Venezuela,Brazil,-1,2018
17997,Venezuela,Chile,-1,2018
19258,Venezuela,Colombia,-1,2018
17752,Venezuela,Ecuador,-1,2018
17378,Venezuela,Honduras,-1,2018
17469,Venezuela,Panama,-1,2018
17519,Venezuela,Paraguay,-1,2018
18825,Venezuela,Peru,-1,2018
19380,Venezuela,Uruguay,-1,2018
19569,Vietnam,Afghanistan,-1,2018
18709,Vietnam,Cambodia,1,2018
19472,Vietnam,Cambodia,1,2018
15996,Vietnam,Hong Kong,1,2018
16381,Vietnam,Hong Kong,1,2018
18116,Vietnam,Hong Kong,-1,2018
16729,Vietnam,Indonesia,-1,2018
18585,Vietnam,Indonesia,1,2018
18712,Vietnam,Indonesia,-1,2018
17520,Vietnam,Iraq,-1,2018
19099,Vietnam,Jordan,-1,2018
16735,Vietnam,Laos,1,2018
16677,Vietnam,Malaysia,1,2018
16748,Vietnam,Malaysia,-1,2018
16271,Vietnam,Myanmar,1,2018
17004,Vietnam,North Korea,-1,2018
18471,Vietnam,North Korea,1,2018
16603,Vietnam,Palestine,-1,2018
16741,Vietnam,Philippines,1,2018
18067,Vietnam,Syria,1,2018
17876,Vietnam,Taiwan,1,2018
18807,Vietnam,Taiwan,-1,2018
17617,Vietnam,Thailand,-1,2018
17618,Wales,Andorra,1,2018
19291,Wales,Austria,1,2018
17127,Wales,Belgium,1,2018
18294,Wales,Belgium,1,2018
16489,Wales,Bosnia and Herzegovina,-1,2018
16543,Wales,Cyprus,1,2018
18522,Wales,Georgia,-1,2018
15997,Wales,Iceland,1,2018
17429,Wales,Israel,-1,2018
18405,Wales,Moldova,1,2018
17684,Wales,Netherlands,-1,2018
17877,Wales,Northern Ireland,-1,2018
18284,Wales,Northern Ireland,1,2018
19570,Wales,Panama,-1,2018
19438,Wales,Republic of Ireland,-1,2018
18642,Wales,Serbia,-1,2018
18211,Wales,Slovakia,1,2018
18097,Western Armenia,Panjab,-1,2018
19124,Western Isles,Greenland,-1,2018
17238,Western Isles,Isle of Man,-1,2018
16619,Yemen,Bahrain,-1,2018
17470,Yemen,Bahrain,-1,2018
19640,Yemen,Bahrain,-1,2018
16012,Yemen,Chad,-1,2018
16820,Yemen,Finland,-1,2018
16490,Yemen,Iraq,-1,2018
15998,Yemen,Malaysia,-1,2018
18194,Yemen,Maldives,1,2018
16004,Yemen,Nepal,1,2018
16800,Yemen,Nigeria,-1,2018
17113,Yemen,North Korea,-1,2018
16864,Yemen,Pakistan,1,2018
18808,Yemen,Palestine,-1,2018
17204,Yemen,Philippines,-1,2018
19473,Yemen,Philippines,-1,2018
16678,Yemen,Qatar,-1,2018
18920,Yemen,Tajikistan,1,2018
17753,Yemen,Uzbekistan,-1,2018
19128,Ynys Môn,Falkland Islands,1,2018
17235,Ynys Môn,Guernsey,-1,2018
19160,Ynys Môn,Åland Islands,-1,2018
19292,Zambia,Algeria,1,2018
19521,Zambia,Cameroon,-1,2018
16725,Zambia,Cape Verde,1,2018
17843,Zambia,Congo,-1,2018
16804,Zambia,DR Congo,-1,2018
18260,Zambia,Eswatini,-1,2018
19221,Zambia,Ethiopia,-1,2018
17471,Zambia,Gabon,-1,2018
17024,Zambia,Ghana,1,2018
17151,Zambia,Guinea-Bissau,-1,2018
16589,Zambia,Ivory Coast,-1,2018
18395,Zambia,Kenya,-1,2018
16993,Zambia,Malawi,1,2018
17028,Zambia,Malawi,-1,2018
16382,Zambia,Mozambique,-1,2018
19047,Zambia,Mozambique,-1,2018
17020,Zambia,Namibia,-1,2018
16581,Zambia,Niger,1,2018
18523,Zambia,Nigeria,-1,2018
16953,Zambia,Rwanda,1,2018
16326,Zambia,Sudan,1,2018
17704,Zambia,Sudan,1,2018
19185,Zambia,Tanzania,1,2018
16821,Zambia,Tunisia,-1,2018
15999,Zambia,Uganda,1,2018
19197,Zambia,Zimbabwe,-1,2018
17773,Zanzibar,Kenya,1,2018
19597,Zanzibar,Rwanda,1,2018
17765,Zanzibar,Uganda,-1,2018
17911,Zimbabwe,Eswatini,1,2018
18212,Zimbabwe,Eswatini,-1,2018
15922,Zimbabwe,Gabon,1,2018
17427,Zimbabwe,Guinea,-1,2018
19067,Zimbabwe,Liberia,1,2018
19152,Zimbabwe,Madagascar,-1,2018
18168,Zimbabwe,Malawi,1,2018
17005,Zimbabwe,Mauritius,1,2018
18238,Zimbabwe,Seychelles,1,2018
19166,Zimbabwe,Seychelles,1,2018
16139,Zimbabwe,Tanzania,-1,2018
18658,Zimbabwe,Tanzania,1,2018
18771,Zimbabwe,Tunisia,-1,2018
18068,Zimbabwe,Uganda,1,2018
18576,Zimbabwe,Zambia,1,2018
18871,Zimbabwe,Zambia,-1,2018
17243,Åland Islands,Greenland,-1,2018
17250,Åland Islands,Menorca,-1,2018
19136,Åland Islands,Saare County,-1,2018
19146,Åland Islands,Shetland,1,2018
20805,Abkhazia,Chameria,1,2022
20888,Abkhazia,Chameria,-1,2022
19892,Abkhazia,Kárpátalja,-1,2022
19909,Abkhazia,Northern Cyprus,-1,2022
19930,Abkhazia,Tamil Eelam,1,2022
19859,Abkhazia,Tibet,1,2022
19951,Abkhazia,United Koreans in Japan,1,2022
20838,Abkhazia,Western Armenia,-1,2022
21320,Afghanistan,Bangladesh,1,2022
19751,Afghanistan,Cambodia,1,2022
21561,Afghanistan,India,-1,2022
22434,Afghanistan,Oman,-1,2022
21689,Afghanistan,Qatar,-1,2022
20558,Afghanistan,Turkmenistan,-1,2022
21539,Albania,Andorra,-1,2022
23074,Albania,Andorra,1,2022
22064,Albania,Belarus,1,2022
22190,Albania,England,-1,2022
21622,Albania,France,-1,2022
22732,Albania,Hungary,1,2022
21303,Albania,Iceland,1,2022
20104,Albania,Israel,1,2022
20223,Albania,Jordan,-1,2022
21998,Albania,Kazakhstan,1,2022
19838,Albania,Kosovo,-1,2022
21908,Albania,Kosovo,1,2022
21772,Albania,Lithuania,-1,2022
20921,Albania,Moldova,1,2022
19744,Albania,Norway,-1,2022
22945,Albania,Poland,-1,2022
22793,Albania,San Marino,1,2022
20445,Albania,Scotland,-1,2022
20672,Albania,Turkey,-1,2022
19898,Albania,Ukraine,-1,2022
20512,Albania,Wales,1,2022
19733,Alderney,Guernsey,-1,2022
20962,Alderney,Hitra,-1,2022
20713,Alderney,Jersey,-1,2022
20276,Algeria,Benin,1,2022
21270,Algeria,Benin,1,2022
22213,Algeria,Botswana,1,2022
23084,Algeria,Burkina Faso,-1,2022
20929,Algeria,Burundi,-1,2022
19869,Algeria,Cape Verde,-1,2022
21476,Algeria,Colombia,1,2022
21361,Algeria,DR Congo,-1,2022
22661,Algeria,Djibouti,1,2022
23145,Algeria,Egypt,-1,2022
20682,Algeria,Gambia,-1,2022
21077,Algeria,Guinea,1,2022
19752,Algeria,Iran,-1,2022
21016,Algeria,Kenya,1,2022
22499,Algeria,Liberia,1,2022
20968,Algeria,Mali,1,2022
22362,Algeria,Mali,1,2022
22304,Algeria,Mauritania,1,2022
22858,Algeria,Niger,1,2022
21103,Algeria,Nigeria,1,2022
19811,Algeria,Saudi Arabia,-1,2022
23124,Algeria,Sudan,1,2022
19672,Algeria,Tanzania,1,2022
20752,Algeria,Tunisia,1,2022
21533,Algeria,Zambia,1,2022
21953,Algeria,Zimbabwe,1,2022
21093,American Samoa,Fiji,-1,2022
21085,American Samoa,New Caledonia,-1,2022
21099,American Samoa,Tuvalu,-1,2022
20750,Andorra,Albania,-1,2022
22131,Andorra,Albania,-1,2022
19904,Andorra,Cape Verde,-1,2022
21783,Andorra,Cape Verde,-1,2022
22875,Andorra,England,-1,2022
21763,Andorra,Faroe Islands,-1,2022
20922,Andorra,France,-1,2022
20404,Andorra,Georgia,-1,2022
22373,Andorra,Gibraltar,-1,2022
22259,Andorra,Hungary,-1,2022
20673,Andorra,Iceland,-1,2022
20180,Andorra,Kazakhstan,-1,2022
20497,Andorra,Latvia,-1,2022
22024,Andorra,Latvia,-1,2022
19663,Andorra,Liechtenstein,1,2022
21832,Andorra,Malta,-1,2022
21397,Andorra,Moldova,1,2022
23024,Andorra,Poland,-1,2022
22305,Andorra,Republic of Ireland,-1,2022
22679,Andorra,San Marino,1,2022
21623,Andorra,Turkey,-1,2022
20058,Andorra,United Arab Emirates,-1,2022
19836,Angola,Botswana,-1,2022
20171,Angola,Botswana,1,2022
20478,Angola,Burkina Faso,1,2022
22039,Angola,DR Congo,-1,2022
23011,Angola,Egypt,-1,2022
22209,Angola,Gabon,1,2022
22862,Angola,Gabon,1,2022
21328,Angola,Gambia,1,2022
21520,Angola,Gambia,-1,2022
20885,Angola,Guinea-Bissau,1,2022
22760,Angola,Libya,-1,2022
19873,Angola,Malawi,-1,2022
21064,Angola,Mali,-1,2022
20266,Angola,Mauritania,1,2022
19849,Angola,Mauritius,1,2022
19717,Angola,Zimbabwe,-1,2022
22160,Anguilla,Dominican Republic,-1,2022
20120,Anguilla,French Guiana,-1,2022
21423,Anguilla,Guatemala,-1,2022
21492,Anguilla,Puerto Rico,-1,2022
20063,Anguilla,Saint Martin,-1,2022
20676,Anguilla,United States Virgin Islands,-1,2022
21284,Antigua and Barbuda,Aruba,1,2022
19664,Antigua and Barbuda,Bermuda,1,2022
20705,Antigua and Barbuda,Curaçao,1,2022
22337,Antigua and Barbuda,Grenada,1,2022
21403,Antigua and Barbuda,Guyana,1,2022
19808,Antigua and Barbuda,Jamaica,-1,2022
21584,Antigua and Barbuda,Jamaica,-1,2022
22088,Antigua and Barbuda,Montserrat,-1,2022
20121,Antigua and Barbuda,Saint Lucia,-1,2022
22543,Argentina,Bolivia,1,2022
22806,Argentina,Bolivia,1,2022
20367,Argentina,Brazil,-1,2022
23114,Argentina,Brazil,-1,2022
21076,Argentina,Chile,1,2022
21171,Argentina,Chile,-1,2022
22321,Argentina,Chile,-1,2022
22467,Argentina,Chile,-1,2022
20952,Argentina,Colombia,-1,2022
22565,Argentina,Colombia,-1,2022
20009,Argentina,Croatia,-1,2022
21807,Argentina,Ecuador,1,2022
22559,Argentina,Ecuador,1,2022
20109,Argentina,Guatemala,1,2022
19837,Argentina,Haiti,1,2022
19992,Argentina,Iceland,-1,2022
20235,Argentina,Iraq,1,2022
20423,Argentina,Mexico,1,2022
20513,Argentina,Mexico,1,2022
21287,Argentina,Mexico,1,2022
20861,Argentina,Nicaragua,1,2022
20990,Argentina,Paraguay,-1,2022
21945,Argentina,Paraguay,-1,2022
22519,Argentina,Paraguay,1,2022
22966,Argentina,Peru,1,2022
21651,Argentina,Uruguay,-1,2022
22504,Argentina,Uruguay,1,2022
22904,Argentina,Uruguay,1,2022
20662,Argentina,Venezuela,-1,2022
21256,Armenia,Bosnia and Herzegovina,1,2022
19718,Armenia,Estonia,-1,2022
21779,Armenia,Estonia,1,2022
20776,Armenia,Finland,-1,2022
21852,Armenia,Georgia,-1,2022
23062,Armenia,Germany,-1,2022
20285,Armenia,Gibraltar,-1,2022
21581,Armenia,Greece,-1,2022
22193,Armenia,Iceland,1,2022
21184,Armenia,Italy,-1,2022
20086,Armenia,Liechtenstein,1,2022
20882,Armenia,Liechtenstein,1,2022
22797,Armenia,Liechtenstein,-1,2022
19753,Armenia,Lithuania,-1,2022
19839,Armenia,Malta,-1,2022
19918,Armenia,Moldova,-1,2022
20337,Armenia,North Macedonia,1,2022
22060,Armenia,North Macedonia,1,2022
23002,Armenia,North Macedonia,-1,2022
22261,Armenia,Romania,1,2022
20817,Artsakh,Abkhazia,-1,2022
20812,Artsakh,Chameria,-1,2022
20890,Artsakh,Padania,1,2022
20841,Artsakh,Székely Land,1,2022
20806,Artsakh,Sápmi,1,2022
21648,Aruba,Antigua and Barbuda,-1,2022
20164,Aruba,Bermuda,1,2022
22357,Aruba,Canada,-1,2022
21230,Aruba,Guyana,-1,2022
21489,Aruba,Jamaica,-1,2022
20441,Aruba,Montserrat,-1,2022
22158,Aruba,Suriname,-1,2022
22671,Australia,China PR,1,2022
19754,Australia,Colombia,-1,2022
20577,Australia,Jordan,-1,2022
22471,Australia,Jordan,1,2022
20514,Australia,Lebanon,1,2022
21379,Australia,Nepal,1,2022
20568,Australia,Oman,1,2022
22825,Australia,Oman,1,2022
20023,Australia,Peru,-1,2022
22993,Australia,Saudi Arabia,-1,2022
20450,Australia,South Korea,-1,2022
20605,Australia,Syria,1,2022
22382,Australia,Taiwan,1,2022
20618,Australia,Uzbekistan,-1,2022
20401,Austria,Bosnia and Herzegovina,-1,2022
19981,Austria,Brazil,-1,2022
22256,Austria,Denmark,-1,2022
22188,Austria,Faroe Islands,1,2022
19883,Austria,Germany,1,2022
21784,Austria,Greece,1,2022
21355,Austria,Israel,1,2022
23022,Austria,Israel,1,2022
21224,Austria,Latvia,1,2022
23072,Austria,Moldova,1,2022
21597,Austria,North Macedonia,1,2022
22458,Austria,North Macedonia,1,2022
20249,Austria,Northern Ireland,1,2022
21986,Austria,Northern Ireland,1,2022
22053,Austria,Norway,-1,2022
20655,Austria,Poland,-1,2022
21768,Austria,Romania,-1,2022
19847,Austria,Russia,1,2022
22776,Austria,Scotland,-1,2022
22363,Austria,Slovakia,-1,2022
19688,Austria,Slovenia,1,2022
20856,Austria,Slovenia,1,2022
20088,Austria,Sweden,1,2022
19689,Azerbaijan,Belarus,-1,2022
21275,Azerbaijan,Croatia,-1,2022
21869,Azerbaijan,Cyprus,-1,2022
20449,Azerbaijan,Faroe Islands,1,2022
20874,Azerbaijan,Hungary,-1,2022
20108,Azerbaijan,Kosovo,-1,2022
19840,Azerbaijan,Kyrgyzstan,1,2022
20741,Azerbaijan,Lithuania,-1,2022
21751,Azerbaijan,Luxembourg,-1,2022
22995,Azerbaijan,Luxembourg,-1,2022
20311,Azerbaijan,Malta,-1,2022
19656,Azerbaijan,Moldova,-1,2022
21972,Azerbaijan,Montenegro,-1,2022
19755,Azerbaijan,North Macedonia,-1,2022
22772,Azerbaijan,Portugal,-1,2022
23045,Azerbaijan,Qatar,-1,2022
22864,Azerbaijan,Republic of Ireland,-1,2022
22226,Azerbaijan,Serbia,-1,2022
20918,Azerbaijan,Slovakia,-1,2022
21595,Azerbaijan,Wales,-1,2022
20481,Bahamas,Anguilla,-1,2022
20271,Bahamas,Antigua and Barbuda,-1,2022
21286,Bahamas,Bonaire,1,2022
21545,Bahamas,British Virgin Islands,1,2022
22162,Bahamas,Saint Kitts and Nevis,-1,2022
22361,Bahamas,Trinidad and Tobago,-1,2022
20639,Bahamas,Turks and Caicos Islands,1,2022
21349,Bahrain,Azerbaijan,-1,2022
22314,Bahrain,Cambodia,1,2022
20183,Bahrain,China PR,-1,2022
22816,Bahrain,Curaçao,1,2022
22634,Bahrain,Haiti,1,2022
22472,Bahrain,Hong Kong,1,2022
21498,Bahrain,Iran,1,2022
22390,Bahrain,Iran,-1,2022
21200,Bahrain,Iraq,-1,2022
23126,Bahrain,Iraq,-1,2022
22216,Bahrain,Jordan,-1,2022
22752,Bahrain,Jordan,-1,2022
22533,Bahrain,Kuwait,1,2022
23077,Bahrain,Kyrgyzstan,1,2022
20561,Bahrain,Lebanon,1,2022
22270,Bahrain,Malaysia,1,2022
20339,Bahrain,Myanmar,1,2022
22952,Bahrain,New Zealand,-1,2022
20567,Bahrain,North Korea,1,2022
19673,Bahrain,Palestine,-1,2022
20089,Bahrain,Philippines,-1,2022
21142,Bahrain,Saudi Arabia,-1,2022
21705,Bahrain,Saudi Arabia,-1,2022
21712,Bahrain,Saudi Arabia,1,2022
20236,Bahrain,Syria,-1,2022
22112,Bahrain,Syria,1,2022
20553,Bahrain,Tajikistan,1,2022
21907,Bahrain,Tajikistan,1,2022
20588,Bahrain,Thailand,-1,2022
19756,Bahrain,Turkmenistan,1,2022
22316,Bangladesh,Afghanistan,-1,2022
20075,Bangladesh,Bhutan,1,2022
21339,Bangladesh,Bhutan,1,2022
21342,Bangladesh,Bhutan,1,2022
22385,Bangladesh,India,-1,2022
22812,Bangladesh,India,-1,2022
20939,Bangladesh,Laos,-1,2022
23030,Bangladesh,Maldives,1,2022
20141,Bangladesh,Nepal,-1,2022
21956,Bangladesh,Nepal,1,2022
22027,Bangladesh,Nepal,-1,2022
22962,Bangladesh,Nepal,-1,2022
22476,Bangladesh,Oman,-1,2022
20099,Bangladesh,Pakistan,1,2022
22718,Bangladesh,Palestine,-1,2022
21384,Bangladesh,Qatar,-1,2022
22975,Bangladesh,Seychelles,-1,2022
20065,Bangladesh,Sri Lanka,-1,2022
19891,Barawa,Cascadia,-1,2022
19801,Barawa,Chagos Islands,1,2022
19908,Barawa,Ellan Vannin,1,2022
19932,Barawa,Northern Cyprus,-1,2022
19952,Barawa,Panjab,-1,2022
19809,Barawa,Surrey,-1,2022
19858,Barawa,Tamil Eelam,1,2022
19977,Barawa,Western Armenia,-1,2022
19802,Barawa,Yorkshire,-1,2022
22223,Barbados,Anguilla,1,2022
19903,Barbados,Belize,-1,2022
19734,Barbados,Bermuda,-1,2022
21721,Barbados,Canada,-1,2022
21723,Barbados,Canada,-1,2022
21673,Barbados,Cayman Islands,1,2022
20064,Barbados,Cuba,-1,2022
20066,Barbados,Cuba,-1,2022
22410,Barbados,Dominica,-1,2022
20636,Barbados,Grenada,1,2022
20061,Barbados,Jamaica,-1,2022
20736,Barbados,Nicaragua,-1,2022
21193,Barbados,Saint Martin,1,2022
20482,Barbados,United States Virgin Islands,1,2022
21421,Barbados,United States Virgin Islands,1,2022
22009,Basque Country,Costa Rica,1,2022
20269,Basque Country,Venezuela,1,2022
21745,Belarus,Albania,-1,2022
22290,Belarus,Azerbaijan,-1,2022
22792,Belarus,Belgium,-1,2022
22910,Belarus,Czech Republic,-1,2022
21351,Belarus,Estonia,-1,2022
22165,Belarus,Estonia,1,2022
20872,Belarus,Germany,-1,2022
22084,Belarus,Honduras,-1,2022
19939,Belarus,Hungary,-1,2022
23078,Belarus,Jordan,1,2022
21905,Belarus,Kazakhstan,1,2022
21999,Belarus,Lithuania,1,2022
20252,Belarus,Luxembourg,1,2022
20326,Belarus,Moldova,-1,2022
21424,Belarus,Netherlands,-1,2022
20917,Belarus,Northern Ireland,-1,2022
20128,Belarus,San Marino,1,2022
22729,Belarus,Wales,-1,2022
22229,Belgium,Belarus,1,2022
19984,Belgium,Costa Rica,1,2022
22364,Belgium,Croatia,1,2022
21667,Belgium,Cyprus,1,2022
22730,Belgium,Czech Republic,1,2022
22051,Belgium,Denmark,1,2022
19938,Belgium,Egypt,1,2022
20050,Belgium,England,1,2022
21984,Belgium,England,1,2022
23041,Belgium,Estonia,1,2022
22846,Belgium,France,-1,2022
22306,Belgium,Greece,-1,2022
20399,Belgium,Iceland,1,2022
21773,Belgium,Iceland,1,2022
22549,Belgium,Italy,-1,2022
21800,Belgium,Ivory Coast,-1,2022
20040,Belgium,Japan,1,2022
20880,Belgium,Kazakhstan,1,2022
20340,Belgium,Netherlands,-1,2022
19999,Belgium,Panama,1,2022
19882,Belgium,Portugal,-1,2022
22537,Belgium,Portugal,1,2022
20659,Belgium,Russia,1,2022
21359,Belgium,San Marino,1,2022
19757,Belgium,Saudi Arabia,1,2022
20924,Belgium,Scotland,1,2022
20247,Belgium,Switzerland,1,2022
21909,Belgium,Switzerland,1,2022
20013,Belgium,Tunisia,1,2022
22097,Belgium,Wales,1,2022
20122,Belize,Bahamas,1,2022
20055,Belize,Barbados,1,2022
21544,Belize,French Guiana,1,2022
19674,Belize,Grenada,1,2022
21260,Belize,Grenada,-1,2022
20442,Belize,Puerto Rico,1,2022
21372,Belize,Saint Kitts and Nevis,-1,2022
21155,Belize,Saint Vincent and the Grenadines,-1,2022
21158,Belize,Saint Vincent and the Grenadines,1,2022
22224,Belize,Turks and Caicos Islands,1,2022
20360,Benin,Algeria,1,2022
21066,Benin,Cameroon,-1,2022
22750,Benin,DR Congo,-1,2022
20930,Benin,Guinea,1,2022
21050,Benin,Guinea-Bissau,-1,2022
21981,Benin,Lesotho,1,2022
22987,Benin,Madagascar,1,2022
20988,Benin,Mauritania,1,2022
22174,Benin,Nigeria,-1,2022
21616,Benin,Sierra Leone,1,2022
22899,Benin,Tanzania,-1,2022
20726,Benin,Togo,1,2022
21437,Benin,Zambia,-1,2022
22392,Benin,Zambia,-1,2022
22221,Bermuda,Aruba,1,2022
22554,Bermuda,Barbados,1,2022
22407,Bermuda,Cayman Islands,-1,2022
20440,Bermuda,El Salvador,1,2022
21477,Bermuda,Guatemala,-1,2022
20831,Bermuda,Guyana,1,2022
21402,Bermuda,Mexico,-1,2022
21027,Bermuda,Nicaragua,1,2022
21188,Bermuda,Panama,-1,2022
20273,Bermuda,Sint Maarten,1,2022
20842,Bhutan,Guam,1,2022
21881,Bolivia,Argentina,-1,2022
22685,Bolivia,Colombia,-1,2022
21944,Bolivia,Ecuador,-1,2022
21478,Bolivia,Haiti,1,2022
20635,Bolivia,Nicaragua,-1,2022
22964,Bolivia,Paraguay,1,2022
20984,Bolivia,Peru,-1,2022
22901,Bolivia,Peru,1,2022
22530,Bolivia,Uruguay,-1,2022
23111,Bolivia,Uruguay,1,2022
21011,Bolivia,Venezuela,-1,2022
22319,Bolivia,Venezuela,1,2022
21629,Bonaire,Bahamas,-1,2022
21233,Bonaire,British Virgin Islands,1,2022
20162,Bonaire,Dominican Republic,-1,2022
20316,Bonaire,Jamaica,-1,2022
20694,Bosnia and Herzegovina,Armenia,1,2022
20193,Bosnia and Herzegovina,Austria,1,2022
22153,Bosnia and Herzegovina,Costa Rica,-1,2022
21411,Bosnia and Herzegovina,Finland,1,2022
23038,Bosnia and Herzegovina,Finland,-1,2022
22253,Bosnia and Herzegovina,France,-1,2022
20774,Bosnia and Herzegovina,Greece,-1,2022
21936,Bosnia and Herzegovina,Iran,-1,2022
21580,Bosnia and Herzegovina,Italy,-1,2022
22048,Bosnia and Herzegovina,Italy,-1,2022
22773,Bosnia and Herzegovina,Kazakhstan,-1,2022
22701,Bosnia and Herzegovina,Kuwait,1,2022
21185,Bosnia and Herzegovina,Liechtenstein,1,2022
19834,Bosnia and Herzegovina,Montenegro,-1,2022
22291,Bosnia and Herzegovina,Montenegro,-1,2022
21838,Bosnia and Herzegovina,Netherlands,-1,2022
20322,Bosnia and Herzegovina,Northern Ireland,1,2022
21810,Bosnia and Herzegovina,Northern Ireland,-1,2022
21765,Bosnia and Herzegovina,Poland,-1,2022
19758,Bosnia and Herzegovina,Senegal,-1,2022
23104,Bosnia and Herzegovina,Ukraine,-1,2022
21637,Botswana,Algeria,-1,2022
20675,Botswana,Angola,-1,2022
20379,Botswana,Burkina Faso,-1,2022
19719,Botswana,Lesotho,1,2022
21340,Botswana,Liberia,-1,2022
21249,Botswana,Malawi,-1,2022
19872,Botswana,Mauritius,1,2022
20221,Botswana,Namibia,1,2022
20884,Botswana,Zambia,-1,2022
22016,Botswana,Zambia,1,2022
22592,Botswana,Zambia,-1,2022
22141,Botswana,Zimbabwe,-1,2022
21068,Brazil,Argentina,1,2022
21579,Brazil,Argentina,-1,2022
22580,Brazil,Argentina,-1,2022
20045,Brazil,Belgium,-1,2022
20950,Brazil,Bolivia,1,2022
21826,Brazil,Bolivia,1,2022
20515,Brazil,Cameroon,1,2022
22551,Brazil,Chile,1,2022
21214,Brazil,Colombia,-1,2022
22528,Brazil,Colombia,1,2022
23007,Brazil,Colombia,1,2022
20010,Brazil,Costa Rica,1,2022
22343,Brazil,Ecuador,1,2022
22538,Brazil,Ecuador,-1,2022
20217,Brazil,El Salvador,1,2022
20891,Brazil,Honduras,1,2022
20039,Brazil,Mexico,1,2022
21438,Brazil,Nigeria,-1,2022
20686,Brazil,Panama,-1,2022
21042,Brazil,Paraguay,-1,2022
21014,Brazil,Peru,1,2022
21079,Brazil,Peru,1,2022
21288,Brazil,Peru,-1,2022
22498,Brazil,Peru,1,2022
22564,Brazil,Peru,1,2022
22807,Brazil,Peru,1,2022
20824,Brazil,Qatar,1,2022
21362,Brazil,Senegal,-1,2022
21676,Brazil,South Korea,1,2022
19997,Brazil,Switzerland,-1,2022
20424,Brazil,Uruguay,1,2022
22967,Brazil,Uruguay,1,2022
20985,Brazil,Venezuela,-1,2022
21961,Brazil,Venezuela,1,2022
22461,Brazil,Venezuela,1,2022
21374,British Virgin Islands,Bahamas,-1,2022
20731,British Virgin Islands,Bonaire,-1,2022
21451,British Virgin Islands,Bonaire,-1,2022
22358,British Virgin Islands,Curaçao,-1,2022
22159,British Virgin Islands,Guatemala,-1,2022
20661,British Virgin Islands,Turks and Caicos Islands,-1,2022
20940,Brunei,Mongolia,1,2022
20130,Brunei,Timor-Leste,1,2022
19690,Bulgaria,Bosnia and Herzegovina,-1,2022
20282,Bulgaria,Cyprus,1,2022
21619,Bulgaria,Czech Republic,1,2022
21453,Bulgaria,England,-1,2022
21993,Bulgaria,Finland,-1,2022
22784,Bulgaria,Georgia,1,2022
21910,Bulgaria,Gibraltar,1,2022
21809,Bulgaria,Hungary,-1,2022
22184,Bulgaria,Italy,-1,2022
19745,Bulgaria,Kazakhstan,1,2022
20904,Bulgaria,Kosovo,-1,2022
22727,Bulgaria,Lithuania,1,2022
20668,Bulgaria,Montenegro,-1,2022
22937,Bulgaria,Northern Ireland,1,2022
20152,Bulgaria,Norway,1,2022
21547,Bulgaria,Paraguay,-1,2022
21732,Bulgaria,Republic of Ireland,-1,2022
20495,Bulgaria,Slovenia,-1,2022
22125,Bulgaria,Switzerland,-1,2022
21899,Bulgaria,Wales,-1,2022
22755,Burkina Faso,Algeria,-1,2022
20301,Burkina Faso,Botswana,1,2022
21816,Burkina Faso,DR Congo,1,2022
22921,Burkina Faso,Djibouti,1,2022
19675,Burkina Faso,Guinea-Bissau,1,2022
21862,Burkina Faso,Madagascar,1,2022
21946,Burkina Faso,Malawi,1,2022
20684,Burkina Faso,Mauritania,1,2022
23008,Burkina Faso,Niger,-1,2022
22207,Burkina Faso,South Sudan,1,2022
21518,Burkina Faso,Uganda,-1,2022
22147,Burundi,Central African Republic,-1,2022
20709,Burundi,Gabon,-1,2022
21056,Burundi,Guinea,-1,2022
20359,Burundi,Mali,-1,2022
22002,Burundi,Mauritania,1,2022
21652,Burundi,Morocco,-1,2022
23027,Burundi,Myanmar,1,2022
22702,Burundi,Seychelles,1,2022
21163,Burundi,Tanzania,-1,2022
21316,Cambodia,Bahrain,-1,2022
20638,Cambodia,Bangladesh,-1,2022
22956,Cambodia,Guam,1,2022
21199,Cambodia,Hong Kong,-1,2022
22431,Cambodia,Iran,-1,2022
21497,Cambodia,Iraq,-1,2022
20535,Cambodia,Laos,1,2022
23166,Cambodia,Laos,1,2022
20184,Cambodia,Malaysia,-1,2022
20385,Cambodia,Malaysia,-1,2022
23141,Cambodia,Malaysia,-1,2022
21548,Cambodia,Mongolia,-1,2022
20843,Cambodia,Pakistan,1,2022
20341,Cambodia,Singapore,-1,2022
20254,Cambodia,Timor-Leste,-1,2022
19821,Cameroon,Burkina Faso,-1,2022
21522,Cameroon,Cape Verde,-1,2022
20698,Cameroon,Comoros,1,2022
21049,Cameroon,Ghana,-1,2022
21029,Cameroon,Guinea-Bissau,1,2022
23090,Cameroon,Ivory Coast,1,2022
20262,Cameroon,Malawi,1,2022
22698,Cameroon,Malawi,1,2022
20948,Cameroon,Mali,-1,2022
21951,Cameroon,Mozambique,1,2022
22861,Cameroon,Mozambique,1,2022
22393,Cameroon,Nigeria,-1,2022
22240,Cameroon,Rwanda,-1,2022
21866,Cameroon,South Sudan,-1,2022
20892,Cameroon,Zambia,1,2022
22118,Canada,Bermuda,1,2022
23014,Canada,Costa Rica,1,2022
21020,Canada,Cuba,1,2022
21244,Canada,Cuba,1,2022
20369,Canada,Dominica,1,2022
22801,Canada,El Salvador,1,2022
20733,Canada,French Guiana,1,2022
22482,Canada,Haiti,1,2022
22690,Canada,Honduras,-1,2022
21725,Canada,Iceland,-1,2022
20953,Canada,Martinique,1,2022
22588,Canada,Martinique,1,2022
23101,Canada,Mexico,1,2022
19720,Canada,New Zealand,1,2022
22960,Canada,Panama,1,2022
22406,Canada,Suriname,1,2022
21485,Canada,United States,1,2022
22149,Cape Verde,Cameroon,1,2022
23034,Cape Verde,Central African Republic,1,2022
21834,Cape Verde,Guinea,-1,2022
20739,Cape Verde,Lesotho,-1,2022
22896,Cape Verde,Liberia,1,2022
21634,Cape Verde,Mozambique,-1,2022
22758,Cape Verde,Nigeria,-1,2022
21950,Cape Verde,Rwanda,-1,2022
20268,Cape Verde,Tanzania,1,2022
21363,Cape Verde,Togo,1,2022
20781,Cascadia,Chagos Islands,1,2022
19953,Cascadia,Western Armenia,1,2022
20740,Catalonia,Venezuela,1,2022
22300,Cayman Islands,Aruba,-1,2022
21265,Cayman Islands,Barbados,1,2022
22206,Cayman Islands,Canada,-1,2022
20678,Cayman Islands,Montserrat,-1,2022
20462,Cayman Islands,Saint Lucia,-1,2022
21490,Cayman Islands,Saint Martin,1,2022
21605,Cayman Islands,United States Virgin Islands,1,2022
21521,Central African Republic,Burundi,1,2022
22639,Central African Republic,Cape Verde,-1,2022
20729,Central African Republic,Guinea,-1,2022
20363,Central African Republic,Ivory Coast,-1,2022
19760,Central African Republic,Kenya,1,2022
22238,Central African Republic,Mauritania,-1,2022
22040,Central African Republic,Morocco,-1,2022
22895,Central African Republic,Nigeria,-1,2022
19846,Central African Republic,Uganda,1,2022
22001,Chad,Guinea,-1,2022
21434,Chad,Liberia,1,2022
21607,Chad,Mali,-1,2022
22105,Chad,Namibia,-1,2022
21211,Chad,Sudan,-1,2022
21720,Chagos Islands,Panjab,-1,2022
20818,Chameria,Sápmi,1,2022
22146,Chile,Bolivia,1,2022
22419,Chile,Bolivia,-1,2022
22503,Chile,Bolivia,1,2022
22689,Chile,Brazil,-1,2022
21885,Chile,Colombia,-1,2022
20425,Chile,Costa Rica,-1,2022
23115,Chile,Ecuador,-1,2022
21479,Chile,Guinea,1,2022
20832,Chile,Haiti,1,2022
20516,Chile,Honduras,1,2022
22531,Chile,Paraguay,-1,2022
22905,Chile,Paraguay,1,2022
21070,Chile,Peru,-1,2022
21960,Chile,Peru,1,2022
21025,Chile,Uruguay,-1,2022
22968,Chile,Venezuela,1,2022
23097,China PR,Australia,-1,2022
19746,China PR,Czech Republic,-1,2022
21377,China PR,Guam,1,2022
22281,China PR,Guam,1,2022
20287,China PR,India,-1,2022
20623,China PR,Iran,-1,2022
21714,China PR,Japan,-1,2022
22768,China PR,Japan,-1,2022
20564,China PR,Jordan,-1,2022
20579,China PR,Kyrgyzstan,1,2022
22428,China PR,Maldives,1,2022
19819,China PR,Myanmar,1,2022
21159,China PR,Myanmar,1,2022
22991,China PR,Oman,-1,2022
20517,China PR,Palestine,-1,2022
20862,China PR,Philippines,1,2022
22380,China PR,Philippines,1,2022
20342,China PR,Syria,1,2022
22470,China PR,Syria,1,2022
20931,China PR,Tajikistan,1,2022
22824,China PR,Vietnam,1,2022
19676,China PR,Wales,-1,2022
20198,Colombia,Argentina,-1,2022
22416,Colombia,Argentina,-1,2022
22902,Colombia,Brazil,-1,2022
21046,Colombia,Chile,-1,2022
21414,Colombia,Chile,-1,2022
22803,Colombia,Chile,1,2022
20343,Colombia,Costa Rica,1,2022
22462,Colombia,Ecuador,1,2022
22965,Colombia,Ecuador,-1,2022
19870,Colombia,Egypt,-1,2022
20042,Colombia,England,-1,2022
20001,Colombia,Japan,-1,2022
20810,Colombia,Panama,1,2022
21018,Colombia,Paraguay,1,2022
23113,Colombia,Paraguay,-1,2022
21588,Colombia,Peru,1,2022
22512,Colombia,Peru,-1,2022
20989,Colombia,Qatar,1,2022
21959,Colombia,Uruguay,-1,2022
21289,Colombia,Venezuela,-1,2022
21825,Colombia,Venezuela,1,2022
22497,Colombia,Venezuela,-1,2022
22753,Comoros,Burundi,1,2022
20132,Comoros,Cameroon,-1,2022
21635,Comoros,Egypt,-1,2022
19721,Comoros,Kenya,-1,2022
22003,Comoros,Kenya,1,2022
19855,Comoros,Madagascar,-1,2022
20464,Comoros,Malawi,1,2022
20816,Comoros,Malawi,-1,2022
21125,Comoros,Maldives,1,2022
20788,Comoros,Mauritius,1,2022
21119,Comoros,Mayotte,-1,2022
20373,Comoros,Morocco,-1,2022
19844,Comoros,Mozambique,-1,2022
19824,Comoros,Seychelles,-1,2022
22635,Comoros,Seychelles,1,2022
21234,Comoros,Togo,-1,2022
22139,Comoros,Togo,-1,2022
20476,Congo,DR Congo,-1,2022
21954,Congo,Eswatini,1,2022
21817,Congo,Gambia,-1,2022
21614,Congo,Guinea-Bissau,1,2022
20245,Congo,Liberia,1,2022
22984,Congo,Namibia,-1,2022
22151,Congo,Senegal,-1,2022
22762,Congo,Senegal,-1,2022
22951,Congo,Togo,-1,2022
20159,Congo,Zimbabwe,-1,2022
21001,Costa Rica,Bermuda,1,2022
22624,Costa Rica,Canada,-1,2022
21448,Costa Rica,Curaçao,-1,2022
22889,Costa Rica,El Salvador,1,2022
22591,Costa Rica,Guadeloupe,1,2022
21626,Costa Rica,Haiti,-1,2022
23102,Costa Rica,Honduras,1,2022
20753,Costa Rica,Jamaica,1,2022
22619,Costa Rica,Jamaica,1,2022
22799,Costa Rica,Jamaica,-1,2022
22217,Costa Rica,Mexico,-1,2022
22741,Costa Rica,Mexico,-1,2022
20967,Costa Rica,Nicaragua,1,2022
19902,Costa Rica,Northern Ireland,1,2022
21835,Costa Rica,Panama,-1,2022
21874,Costa Rica,Panama,-1,2022
21957,Costa Rica,Qatar,-1,2022
19995,Costa Rica,Serbia,-1,2022
21215,Costa Rica,Uruguay,-1,2022
22284,Croatia,Armenia,-1,2022
20653,Croatia,Azerbaijan,1,2022
19901,Croatia,Brazil,-1,2022
22171,Croatia,Cyprus,1,2022
22500,Croatia,Czech Republic,-1,2022
20038,Croatia,Denmark,-1,2022
20049,Croatia,England,1,2022
20248,Croatia,England,-1,2022
21891,Croatia,France,-1,2022
21677,Croatia,Georgia,1,2022
21353,Croatia,Hungary,1,2022
20327,Croatia,Jordan,1,2022
22234,Croatia,Malta,1,2022
19994,Croatia,Nigeria,1,2022
22018,Croatia,Portugal,-1,2022
23057,Croatia,Russia,1,2022
19957,Croatia,Senegal,1,2022
21594,Croatia,Slovakia,1,2022
22916,Croatia,Slovakia,-1,2022
22781,Croatia,Slovenia,1,2022
20400,Croatia,Spain,1,2022
22541,Croatia,Spain,-1,2022
21842,Croatia,Sweden,1,2022
20932,Croatia,Tunisia,-1,2022
20873,Croatia,Wales,1,2022
20634,Cuba,Bermuda,1,2022
22301,Cuba,British Virgin Islands,1,2022
21306,Cuba,Canada,-1,2022
22178,Cuba,Curaçao,-1,2022
20460,Cuba,Dominican Republic,1,2022
22561,Cuba,French Guiana,-1,2022
20991,Cuba,Martinique,-1,2022
20143,Cuba,Turks and Caicos Islands,1,2022
21669,Cuba,United States,-1,2022
19691,Curaçao,Bolivia,-1,2022
19747,Curaçao,Bolivia,1,2022
21542,Curaçao,Costa Rica,-1,2022
20977,Curaçao,El Salvador,-1,2022
20190,Curaçao,Grenada,1,2022
20503,Curaçao,Guadeloupe,1,2022
22409,Curaçao,Guatemala,-1,2022
21245,Curaçao,Haiti,1,2022
22883,Curaçao,New Zealand,-1,2022
22483,Curaçao,Panama,-1,2022
22119,Curaçao,Saint Vincent and the Grenadines,1,2022
21778,Cyprus,Azerbaijan,-1,2022
20725,Cyprus,Belgium,-1,2022
20420,Cyprus,Bulgaria,-1,2022
22853,Cyprus,Croatia,-1,2022
21785,Cyprus,Czech Republic,-1,2022
21226,Cyprus,Kazakhstan,-1,2022
21973,Cyprus,Luxembourg,1,2022
22915,Cyprus,Malta,-1,2022
19692,Cyprus,Montenegro,-1,2022
21750,Cyprus,Montenegro,-1,2022
20496,Cyprus,Norway,-1,2022
21431,Cyprus,Russia,-1,2022
22716,Cyprus,Russia,-1,2022
20658,Cyprus,San Marino,1,2022
21599,Cyprus,Scotland,-1,2022
22104,Cyprus,Slovakia,-1,2022
20153,Cyprus,Slovenia,1,2022
22233,Cyprus,Slovenia,1,2022
22394,Czech Republic,Albania,1,2022
19868,Czech Republic,Australia,-1,2022
22677,Czech Republic,Belarus,1,2022
22166,Czech Republic,Belgium,-1,2022
20754,Czech Republic,Brazil,-1,2022
20847,Czech Republic,Bulgaria,1,2022
22555,Czech Republic,Denmark,-1,2022
21392,Czech Republic,England,1,2022
23107,Czech Republic,Estonia,1,2022
21989,Czech Republic,Israel,1,2022
21535,Czech Republic,Kosovo,1,2022
22976,Czech Republic,Kuwait,1,2022
20903,Czech Republic,Montenegro,1,2022
19937,Czech Republic,Nigeria,1,2022
21459,Czech Republic,Northern Ireland,-1,2022
21769,Czech Republic,Scotland,-1,2022
20493,Czech Republic,Slovakia,1,2022
22054,Czech Republic,Slovakia,1,2022
20080,Czech Republic,Ukraine,-1,2022
22785,Czech Republic,Ukraine,-1,2022
22847,Czech Republic,Wales,-1,2022
21979,DR Congo,Angola,-1,2022
23051,DR Congo,Benin,1,2022
20893,DR Congo,Burkina Faso,-1,2022
21529,DR Congo,Gabon,-1,2022
22210,DR Congo,Gambia,1,2022
20738,DR Congo,Liberia,1,2022
22836,DR Congo,Madagascar,1,2022
22438,DR Congo,Mali,-1,2022
21338,DR Congo,Rwanda,-1,2022
22665,DR Congo,Tanzania,-1,2022
21008,DR Congo,Uganda,-1,2022
20300,DR Congo,Zimbabwe,-1,2022
20007,Denmark,Australia,-1,2022
20344,Denmark,Austria,1,2022
22942,Denmark,Austria,1,2022
21747,Denmark,Belgium,-1,2022
22494,Denmark,Belgium,-1,2022
22365,Denmark,Bosnia and Herzegovina,1,2022
19761,Denmark,Chile,-1,2022
21774,Denmark,England,-1,2022
21786,Denmark,Faroe Islands,1,2022
23021,Denmark,Faroe Islands,1,2022
22453,Denmark,Finland,-1,2022
20024,Denmark,France,-1,2022
20908,Denmark,Georgia,1,2022
21573,Denmark,Gibraltar,1,2022
21985,Denmark,Iceland,1,2022
22777,Denmark,Israel,1,2022
21480,Denmark,Luxembourg,1,2022
19966,Denmark,Mexico,1,2022
22187,Denmark,Moldova,1,2022
19677,Denmark,Panama,1,2022
20494,Denmark,Republic of Ireland,-1,2022
20852,Denmark,Republic of Ireland,-1,2022
22514,Denmark,Russia,1,2022
22650,Denmark,Scotland,1,2022
19649,Denmark,Sweden,-1,2022
21911,Denmark,Sweden,1,2022
21407,Denmark,Switzerland,1,2022
20151,Denmark,Wales,1,2022
23009,Djibouti,Algeria,-1,2022
22859,Djibouti,Burkina Faso,-1,2022
21164,Djibouti,Eswatini,1,2022
21345,Djibouti,Gambia,-1,2022
22745,Djibouti,Niger,-1,2022
22486,Djibouti,Somalia,1,2022
22302,Dominica,Anguilla,1,2022
20703,Dominica,Bahamas,1,2022
21464,Dominica,Nicaragua,-1,2022
22179,Dominica,Panama,-1,2022
21650,Dominica,Saint Vincent and the Grenadines,1,2022
20100,Dominica,Suriname,-1,2022
21191,Dominica,Suriname,-1,2022
22340,Dominican Republic,Barbados,-1,2022
20734,Dominican Republic,Bermuda,-1,2022
20272,Dominican Republic,Cayman Islands,1,2022
22091,Dominican Republic,Dominica,1,2022
21309,Dominican Republic,El Salvador,1,2022
21152,Dominican Republic,Guatemala,-1,2022
21487,Dominican Republic,Montserrat,-1,2022
22070,Dominican Republic,Puerto Rico,-1,2022
19735,Dominican Republic,Saint Kitts and Nevis,1,2022
21418,Dominican Republic,Saint Lucia,1,2022
22072,Dominican Republic,Serbia,-1,2022
19678,Dominican Republic,Turks and Caicos Islands,1,2022
21439,Ecuador,Argentina,-1,2022
21290,Ecuador,Bolivia,1,2022
22202,Ecuador,Bolivia,1,2022
22838,Ecuador,Bolivia,1,2022
21005,Ecuador,Chile,-1,2022
22737,Ecuador,Chile,-1,2022
21678,Ecuador,Colombia,-1,2022
22032,Ecuador,Colombia,1,2022
20199,Ecuador,Guatemala,1,2022
20111,Ecuador,Jamaica,1,2022
21026,Ecuador,Japan,-1,2022
22686,Ecuador,Paraguay,1,2022
22415,Ecuador,Peru,-1,2022
22527,Ecuador,Peru,-1,2022
21549,Ecuador,Trinidad and Tobago,1,2022
21882,Ecuador,Uruguay,1,2022
23004,Ecuador,Venezuela,1,2022
22641,Egypt,Angola,1,2022
21460,Egypt,Botswana,1,2022
22212,Egypt,Comoros,1,2022
21035,Egypt,DR Congo,1,2022
20267,Egypt,Eswatini,1,2022
23091,Egypt,Gabon,1,2022
20969,Egypt,Guinea,1,2022
23155,Egypt,Jordan,1,2022
21531,Egypt,Kenya,-1,2022
23125,Egypt,Lebanon,1,2022
21509,Egypt,Liberia,1,2022
22809,Egypt,Liberia,1,2022
22863,Egypt,Libya,1,2022
20137,Egypt,Niger,1,2022
21074,Egypt,South Africa,-1,2022
20947,Egypt,Tanzania,1,2022
21980,Egypt,Togo,1,2022
20436,Egypt,Tunisia,1,2022
21054,Egypt,Uganda,1,2022
19988,Egypt,Uruguay,-1,2022
21004,Egypt,Zimbabwe,1,2022
22405,El Salvador,Antigua and Barbuda,1,2022
20296,El Salvador,Barbados,1,2022
22971,El Salvador,Bolivia,-1,2022
23157,El Salvador,Chile,-1,2022
22629,El Salvador,Costa Rica,-1,2022
21671,El Salvador,Dominican Republic,1,2022
23130,El Salvador,Ecuador,-1,2022
22117,El Salvador,Grenada,1,2022
20637,El Salvador,Guatemala,1,2022
22540,El Salvador,Guatemala,-1,2022
22587,El Salvador,Guatemala,1,2022
22808,El Salvador,Guatemala,-1,2022
20518,El Salvador,Haiti,1,2022
20800,El Salvador,Haiti,1,2022
19875,El Salvador,Honduras,1,2022
22742,El Salvador,Honduras,-1,2022
21726,El Salvador,Iceland,-1,2022
20737,El Salvador,Jamaica,1,2022
21006,El Salvador,Jamaica,-1,2022
23016,El Salvador,Jamaica,-1,2022
22961,El Salvador,Mexico,-1,2022
21603,El Salvador,Montserrat,1,2022
22828,El Salvador,Panama,1,2022
22484,El Salvador,Saint Kitts and Nevis,1,2022
21247,El Salvador,Saint Lucia,1,2022
22691,El Salvador,United States,-1,2022
19857,Ellan Vannin,Cascadia,1,2022
19806,Ellan Vannin,Panjab,1,2022
19890,Ellan Vannin,Tamil Eelam,1,2022
23023,England,Albania,1,2022
22731,England,Andorra,1,2022
22292,England,Austria,1,2022
20034,England,Belgium,-1,2022
21840,England,Belgium,1,2022
21238,England,Bulgaria,1,2022
19942,England,Costa Rica,1,2022
20468,England,Croatia,1,2022
22460,England,Croatia,1,2022
20669,England,Czech Republic,1,2022
22521,England,Czech Republic,1,2022
21889,England,Denmark,-1,2022
22572,England,Denmark,1,2022
22545,England,Germany,1,2022
22944,England,Hungary,-1,2022
22050,England,Iceland,1,2022
19762,England,Italy,-1,2022
22584,England,Italy,-1,2022
21299,England,Kosovo,1,2022
21534,England,Montenegro,1,2022
20837,England,Netherlands,-1,2022
19877,England,Nigeria,1,2022
20016,England,Panama,1,2022
22258,England,Poland,1,2022
21937,England,Republic of Ireland,1,2022
22366,England,Romania,1,2022
22130,England,San Marino,1,2022
22501,England,Scotland,-1,2022
20124,England,Spain,-1,2022
20200,England,Switzerland,1,2022
20408,England,United States,1,2022
21801,England,Wales,1,2022
21126,Equatorial Guinea,Liberia,-1,2022
22005,Equatorial Guinea,Libya,1,2022
20291,Equatorial Guinea,Madagascar,-1,2022
22757,Equatorial Guinea,Mauritania,1,2022
20455,Equatorial Guinea,Senegal,-1,2022
21266,Equatorial Guinea,South Sudan,1,2022
20131,Equatorial Guinea,Sudan,1,2022
22143,Equatorial Guinea,Tanzania,1,2022
21440,Equatorial Guinea,Togo,-1,2022
21655,Equatorial Guinea,Tunisia,-1,2022
23033,Equatorial Guinea,Tunisia,1,2022
22830,Equatorial Guinea,Zambia,1,2022
21165,Eritrea,Namibia,-1,2022
21901,Estonia,Armenia,-1,2022
21220,Estonia,Belarus,-1,2022
22848,Estonia,Belarus,1,2022
22678,Estonia,Belgium,-1,2022
22098,Estonia,Czech Republic,-1,2022
20250,Estonia,Finland,-1,2022
20591,Estonia,Finland,1,2022
21753,Estonia,Georgia,-1,2022
21425,Estonia,Germany,-1,2022
20127,Estonia,Greece,-1,2022
20323,Estonia,Hungary,-1,2022
20604,Estonia,Iceland,-1,2022
22425,Estonia,Latvia,1,2022
19850,Estonia,Lithuania,1,2022
21787,Estonia,Lithuania,-1,2022
19969,Estonia,Morocco,-1,2022
21274,Estonia,Netherlands,-1,2022
21853,Estonia,North Macedonia,-1,2022
20871,Estonia,Northern Ireland,-1,2022
22719,Estonia,Northern Ireland,-1,2022
19648,Estonia,Sweden,-1,2022
22911,Estonia,Wales,-1,2022
19928,Eswatini,Botswana,-1,2022
22599,Eswatini,Botswana,-1,2022
20784,Eswatini,Comoros,-1,2022
22017,Eswatini,Congo,-1,2022
21335,Eswatini,Djibouti,-1,2022
20365,Eswatini,Egypt,-1,2022
22150,Eswatini,Guinea-Bissau,-1,2022
22570,Eswatini,Lesotho,1,2022
20779,Eswatini,Mauritius,-1,2022
22612,Eswatini,Mozambique,-1,2022
20489,Eswatini,Niger,-1,2022
21615,Eswatini,Senegal,-1,2022
20172,Eswatini,Tunisia,-1,2022
20069,Ethiopia,Burundi,-1,2022
20475,Ethiopia,Ghana,-1,2022
22982,Ethiopia,Ghana,-1,2022
21657,Ethiopia,Ivory Coast,1,2022
20226,Ethiopia,Kenya,-1,2022
21166,Ethiopia,Lesotho,-1,2022
22111,Ethiopia,Madagascar,1,2022
22082,Ethiopia,Malawi,1,2022
22044,Ethiopia,Niger,1,2022
22632,Ethiopia,Sierra Leone,-1,2022
22878,Ethiopia,South Africa,-1,2022
21906,Ethiopia,Sudan,-1,2022
21441,Ethiopia,Uganda,-1,2022
22633,Ethiopia,Uganda,1,2022
22761,Ethiopia,Zimbabwe,1,2022
21872,Faroe Islands,Andorra,1,2022
22873,Faroe Islands,Austria,-1,2022
20233,Faroe Islands,Azerbaijan,-1,2022
22709,Faroe Islands,Denmark,-1,2022
22325,Faroe Islands,Iceland,-1,2022
22649,Faroe Islands,Israel,-1,2022
20310,Faroe Islands,Kosovo,-1,2022
19679,Faroe Islands,Latvia,-1,2022
21831,Faroe Islands,Latvia,-1,2022
19736,Faroe Islands,Liechtenstein,1,2022
22374,Faroe Islands,Liechtenstein,1,2022
20107,Faroe Islands,Malta,1,2022
21469,Faroe Islands,Malta,1,2022
21737,Faroe Islands,Malta,1,2022
22775,Faroe Islands,Moldova,1,2022
20909,Faroe Islands,Norway,-1,2022
21408,Faroe Islands,Romania,-1,2022
22941,Faroe Islands,Scotland,-1,2022
20853,Faroe Islands,Spain,-1,2022
21180,Faroe Islands,Sweden,-1,2022
20715,Fiji,Mauritius,1,2022
20641,Fiji,New Caledonia,1,2022
20076,Fiji,Solomon Islands,-1,2022
21116,Fiji,Solomon Islands,-1,2022
20863,Fiji,Tahiti,-1,2022
21106,Fiji,Tuvalu,1,2022
21473,Finland,Armenia,1,2022
19971,Finland,Belarus,1,2022
22515,Finland,Belgium,-1,2022
20881,Finland,Bosnia and Herzegovina,1,2022
22096,Finland,Bosnia and Herzegovina,-1,2022
21851,Finland,Bulgaria,1,2022
20195,Finland,Estonia,1,2022
22326,Finland,Estonia,-1,2022
23105,Finland,France,-1,2022
20324,Finland,Greece,1,2022
21186,Finland,Greece,1,2022
20126,Finland,Hungary,1,2022
21257,Finland,Italy,-1,2022
22707,Finland,Kazakhstan,1,2022
21578,Finland,Liechtenstein,1,2022
19748,Finland,Malta,1,2022
19693,Finland,North Macedonia,-1,2022
21898,Finland,Republic of Ireland,1,2022
20582,Finland,Sweden,1,2022
22870,Finland,Ukraine,-1,2022
21733,Finland,Wales,-1,2022
22636,Finland,Wales,-1,2022
21242,France,Albania,1,2022
21304,France,Andorra,1,2022
20035,France,Argentina,1,2022
19991,France,Australia,1,2022
20048,France,Belgium,1,2022
20801,France,Bolivia,1,2022
22648,France,Bosnia and Herzegovina,-1,2022
22395,France,Bulgaria,1,2022
19694,France,Colombia,-1,2022
20051,France,Croatia,1,2022
21775,France,Croatia,1,2022
21912,France,Finland,-1,2022
22774,France,Finland,1,2022
20330,France,Germany,1,2022
20237,France,Iceland,-1,2022
20751,France,Iceland,1,2022
19865,France,Italy,1,2022
23039,France,Kazakhstan,1,2022
21540,France,Moldova,1,2022
20149,France,Netherlands,1,2022
20008,France,Peru,1,2022
21843,France,Portugal,-1,2022
19830,France,Republic of Ireland,1,2022
22019,France,Sweden,1,2022
22542,France,Switzerland,-1,2022
21457,France,Turkey,-1,2022
21788,France,Ukraine,1,2022
22095,France,Ukraine,-1,2022
19973,France,United States,-1,2022
20519,France,Uruguay,1,2022
22293,France,Wales,1,2022
21190,French Guiana,Belize,1,2022
21373,French Guiana,Grenada,-1,2022
20537,French Guiana,Guyana,1,2022
21628,French Guiana,Saint Kitts and Nevis,1,2022
20246,French Guiana,Saint Vincent and the Grenadines,-1,2022
21612,Gabon,Angola,1,2022
22924,Gabon,Angola,1,2022
21858,Gabon,Benin,-1,2022
21364,Gabon,Burkina Faso,1,2022
20133,Gabon,Burundi,-1,2022
22138,Gabon,DR Congo,1,2022
22723,Gabon,Egypt,-1,2022
21949,Gabon,Gambia,1,2022
23010,Gabon,Libya,1,2022
20465,Gabon,Mali,-1,2022
20263,Gabon,South Sudan,1,2022
20201,Gabon,Zambia,-1,2022
20134,Gambia,Algeria,-1,2022
21235,Gambia,Angola,-1,2022
22137,Gambia,Angola,1,2022
20456,Gambia,Benin,1,2022
19695,Gambia,Central African Republic,-1,2022
21633,Gambia,DR Congo,-1,2022
21433,Gambia,Djibouti,-1,2022
22013,Gambia,Gabon,1,2022
22884,Gambia,Sierra Leone,-1,2022
20375,Gambia,Togo,-1,2022
22396,Gambia,Togo,1,2022
20284,Georgia,Andorra,1,2022
21995,Georgia,Armenia,-1,2022
21814,Georgia,Belarus,1,2022
21252,Georgia,Denmark,-1,2022
19763,Georgia,Estonia,1,2022
22061,Georgia,Estonia,-1,2022
20851,Georgia,Gibraltar,1,2022
22867,Georgia,Greece,-1,2022
20498,Georgia,Kazakhstan,1,2022
22673,Georgia,Kosovo,-1,2022
20154,Georgia,Latvia,1,2022
19722,Georgia,Lithuania,1,2022
21780,Georgia,North Macedonia,-1,2022
21935,Georgia,North Macedonia,-1,2022
21406,Georgia,Republic of Ireland,-1,2022
22181,Georgia,Spain,-1,2022
22996,Georgia,Sweden,1,2022
20689,Georgia,Switzerland,-1,2022
23063,Georgia,Uzbekistan,1,2022
21350,Germany,Argentina,-1,2022
22735,Germany,Armenia,1,2022
21593,Germany,Belarus,1,2022
19764,Germany,Brazil,-1,2022
21913,Germany,Czech Republic,1,2022
22294,Germany,Denmark,-1,2022
20916,Germany,Estonia,1,2022
20079,Germany,France,-1,2022
22488,Germany,France,-1,2022
22525,Germany,Hungary,-1,2022
22133,Germany,Iceland,1,2022
22375,Germany,Latvia,1,2022
23001,Germany,Liechtenstein,1,2022
19996,Germany,Mexico,-1,2022
20492,Germany,Netherlands,-1,2022
21221,Germany,Netherlands,-1,2022
22262,Germany,North Macedonia,-1,2022
21658,Germany,Northern Ireland,1,2022
20157,Germany,Peru,1,2022
22507,Germany,Portugal,1,2022
22856,Germany,Romania,1,2022
20409,Germany,Russia,1,2022
19956,Germany,Saudi Arabia,1,2022
20644,Germany,Serbia,-1,2022
19696,Germany,Spain,-1,2022
21728,Germany,Spain,-1,2022
20015,Germany,Sweden,1,2022
21867,Germany,Switzerland,-1,2022
21789,Germany,Turkey,-1,2022
21970,Germany,Ukraine,1,2022
21030,Ghana,Benin,-1,2022
22700,Ghana,Ethiopia,1,2022
22449,Ghana,Ivory Coast,-1,2022
20700,Ghana,Kenya,1,2022
20755,Ghana,Mauritania,1,2022
21863,Ghana,Qatar,1,2022
20955,Ghana,South Africa,-1,2022
21528,Ghana,South Africa,1,2022
23049,Ghana,South Africa,1,2022
21948,Ghana,Sudan,1,2022
22198,Ghana,São Tomé and Príncipe,1,2022
21082,Ghana,Tunisia,-1,2022
22879,Ghana,Zimbabwe,1,2022
20421,Gibraltar,Armenia,-1,2022
21179,Gibraltar,Denmark,-1,2022
20756,Gibraltar,Estonia,-1,2022
21467,Gibraltar,Georgia,-1,2022
19737,Gibraltar,Latvia,1,2022
23108,Gibraltar,Latvia,-1,2022
20338,Gibraltar,Liechtenstein,1,2022
22026,Gibraltar,Liechtenstein,-1,2022
22849,Gibraltar,Montenegro,-1,2022
22230,Gibraltar,Netherlands,-1,2022
20087,Gibraltar,North Macedonia,-1,2022
22100,Gibraltar,Norway,-1,2022
20690,Gibraltar,Republic of Ireland,-1,2022
21754,Gibraltar,San Marino,1,2022
21640,Gibraltar,Switzerland,-1,2022
22713,Gibraltar,Turkey,-1,2022
20928,Greece,Armenia,-1,2022
21475,Greece,Bosnia and Herzegovina,1,2022
21914,Greece,Cyprus,1,2022
19765,Greece,Egypt,1,2022
20470,Greece,Estonia,-1,2022
20403,Greece,Finland,1,2022
21646,Greece,Finland,1,2022
22250,Greece,Georgia,-1,2022
22175,Greece,Honduras,1,2022
20251,Greece,Hungary,1,2022
20883,Greece,Italy,-1,2022
21902,Greece,Kosovo,-1,2022
23056,Greece,Kosovo,-1,2022
21258,Greece,Liechtenstein,-1,2022
21855,Greece,Moldova,1,2022
22063,Greece,Slovenia,-1,2022
22997,Greece,Spain,-1,2022
22788,Greece,Sweden,1,2022
19697,Greece,Switzerland,-1,2022
21627,Grenada,Belize,1,2022
20274,Grenada,Cuba,-1,2022
21450,Grenada,French Guiana,1,2022
20059,Grenada,Jamaica,-1,2022
22404,Grenada,Montserrat,-1,2022
22610,Grenada,Qatar,-1,2022
21189,Grenada,Saint Kitts and Nevis,1,2022
20439,Grenada,Saint Martin,1,2022
22220,Grenada,United States Virgin Islands,1,2022
20370,Guadeloupe,Aruba,-1,2022
22562,Guadeloupe,Bahamas,1,2022
19947,Guadeloupe,French Guiana,-1,2022
22608,Guadeloupe,Jamaica,-1,2022
20708,Guadeloupe,Martinique,-1,2022
21248,Guadeloupe,Sint Maarten,1,2022
19698,Guadeloupe,Trinidad and Tobago,-1,2022
21630,Guadeloupe,Turks and Caicos Islands,1,2022
20941,Guam,Bhutan,1,2022
22887,Guam,Cambodia,-1,2022
21195,Guam,Maldives,-1,2022
20070,Guam,Northern Mariana Islands,1,2022
21312,Guam,Philippines,-1,2022
22379,Guam,Syria,-1,2022
21194,Guatemala,Anguilla,1,2022
21697,Guatemala,Antigua and Barbuda,1,2022
20663,Guatemala,Costa Rica,1,2022
20057,Guatemala,Cuba,1,2022
20060,Guatemala,Cuba,1,2022
22090,Guatemala,Cuba,1,2022
22568,Guatemala,Guadeloupe,-1,2022
22560,Guatemala,Guyana,1,2022
22000,Guatemala,Honduras,1,2022
22603,Guatemala,Mexico,-1,2022
22079,Guatemala,Nicaragua,1,2022
22786,Guatemala,Nicaragua,-1,2022
21606,Guatemala,Puerto Rico,1,2022
22071,Guatemala,Puerto Rico,1,2022
22339,Guatemala,Saint Vincent and the Grenadines,1,2022
22614,Guatemala,Trinidad and Tobago,-1,2022
20778,Guernsey,Jersey,-1,2022
20983,Guernsey,Saint Helena,1,2022
20975,Guernsey,Shetland,1,2022
20170,Guinea,Central African Republic,1,2022
21927,Guinea,Chad,1,2022
21415,Guinea,Comoros,-1,2022
23012,Guinea,Guinea-Bissau,-1,2022
20477,Guinea,Ivory Coast,-1,2022
21010,Guinea,Madagascar,-1,2022
22106,Guinea,Mali,1,2022
21608,Guinea,Namibia,1,2022
22439,Guinea,Niger,1,2022
20277,Guinea,Rwanda,1,2022
22882,Guinea,Sudan,-1,2022
22344,Guinea,Togo,-1,2022
22242,Guinea-Bissau,Congo,1,2022
21523,Guinea-Bissau,Eswatini,1,2022
21067,Guinea-Bissau,Ghana,-1,2022
22644,Guinea-Bissau,Guinea,-1,2022
20711,Guinea-Bissau,Mozambique,-1,2022
22004,Guinea-Bissau,Senegal,-1,2022
23068,Guinea-Bissau,Sudan,-1,2022
21329,Guinea-Bissau,São Tomé and Príncipe,1,2022
20314,Guinea-Bissau,Zambia,1,2022
21463,Guyana,Antigua and Barbuda,1,2022
21585,Guyana,Aruba,1,2022
22225,Guyana,Bahamas,1,2022
20101,Guyana,Barbados,1,2022
20706,Guyana,Belize,1,2022
21285,Guyana,Jamaica,-1,2022
21012,Guyana,Panama,-1,2022
22413,Guyana,Puerto Rico,-1,2022
22121,Haiti,Belize,1,2022
20966,Haiti,Bermuda,1,2022
22567,Haiti,Bermuda,1,2022
21052,Haiti,Canada,1,2022
22446,Haiti,Canada,-1,2022
22604,Haiti,Canada,-1,2022
21028,Haiti,Costa Rica,1,2022
21371,Haiti,Costa Rica,-1,2022
20735,Haiti,Cuba,1,2022
21307,Haiti,Curaçao,-1,2022
22703,Haiti,Jordan,1,2022
21069,Haiti,Mexico,-1,2022
22412,Haiti,Nicaragua,1,2022
22552,Haiti,Saint Vincent and the Grenadines,1,2022
20189,Haiti,Sint Maarten,1,2022
21291,Honduras,Chile,1,2022
22371,Honduras,Costa Rica,-1,2022
22826,Honduras,Costa Rica,-1,2022
21007,Honduras,Curaçao,-1,2022
20757,Honduras,Ecuador,-1,2022
21032,Honduras,El Salvador,1,2022
22597,Honduras,Grenada,1,2022
22958,Honduras,Jamaica,-1,2022
21447,Honduras,Martinique,1,2022
21836,Honduras,Nicaragua,-1,2022
20426,Honduras,Panama,1,2022
23015,Honduras,Panama,-1,2022
21172,Honduras,Puerto Rico,1,2022
22621,Honduras,Qatar,-1,2022
21625,Honduras,Trinidad and Tobago,1,2022
20238,Honduras,United Arab Emirates,-1,2022
22802,Honduras,United States,-1,2022
21558,Hong Kong,Bahrain,-1,2022
21686,Hong Kong,Cambodia,1,2022
21718,Hong Kong,China PR,-1,2022
21317,Hong Kong,Iran,-1,2022
22432,Hong Kong,Iraq,-1,2022
20396,Hong Kong,North Korea,-1,2022
20933,Hong Kong,Taiwan,-1,2022
20239,Hong Kong,Thailand,-1,2022
22876,Hungary,Albania,-1,2022
22794,Hungary,Andorra,1,2022
19968,Hungary,Australia,-1,2022
21426,Hungary,Azerbaijan,1,2022
20719,Hungary,Croatia,1,2022
22327,Hungary,Cyprus,1,2022
22680,Hungary,England,-1,2022
20402,Hungary,Estonia,1,2022
20471,Hungary,Finland,1,2022
22506,Hungary,France,-1,2022
20194,Hungary,Greece,1,2022
21932,Hungary,Iceland,1,2022
19699,Hungary,Kazakhstan,-1,2022
22132,Hungary,Poland,-1,2022
22487,Hungary,Portugal,-1,2022
22397,Hungary,Republic of Ireland,-1,2022
21757,Hungary,Russia,-1,2022
23025,Hungary,San Marino,1,2022
19766,Hungary,Scotland,-1,2022
21991,Hungary,Serbia,-1,2022
21276,Hungary,Slovakia,-1,2022
22056,Hungary,Turkey,1,2022
21589,Hungary,Uruguay,-1,2022
20919,Hungary,Wales,1,2022
20875,Iceland,Albania,1,2022
21456,Iceland,Andorra,1,2022
22855,Iceland,Armenia,-1,2022
20191,Iceland,Belgium,-1,2022
21888,Iceland,Belgium,-1,2022
20026,Iceland,Croatia,-1,2022
21841,Iceland,Denmark,-1,2022
21746,Iceland,England,-1,2022
21396,Iceland,France,-1,2022
22796,Iceland,Germany,-1,2022
19946,Iceland,Ghana,-1,2022
22918,Iceland,Liechtenstein,1,2022
21241,Iceland,Moldova,1,2022
22734,Iceland,North Macedonia,-1,2022
19885,Iceland,Norway,-1,2022
20501,Iceland,Qatar,-1,2022
21808,Iceland,Romania,1,2022
22682,Iceland,Romania,-1,2022
20592,Iceland,Sweden,-1,2022
20320,Iceland,Switzerland,-1,2022
20920,Iceland,Turkey,1,2022
22477,India,Afghanistan,-1,2022
20602,India,Bahrain,-1,2022
21501,India,Bangladesh,-1,2022
19919,India,Kenya,1,2022
19982,India,Kenya,1,2022
20161,India,Maldives,1,2022
22969,India,Nepal,1,2022
19948,India,New Zealand,-1,2022
21102,India,North Korea,-1,2022
20562,India,Oman,-1,2022
21203,India,Oman,-1,2022
22113,India,Oman,-1,2022
20218,India,Pakistan,1,2022
20078,India,Sri Lanka,1,2022
22844,India,Sri Lanka,-1,2022
21110,India,Syria,-1,2022
19874,India,Taiwan,1,2022
21081,India,Tajikistan,-1,2022
22267,Indonesia,Afghanistan,-1,2022
23081,Indonesia,Afghanistan,-1,2022
23152,Indonesia,Cambodia,1,2022
20345,Indonesia,Hong Kong,-1,2022
19650,Indonesia,Iceland,-1,2022
19652,Indonesia,Iceland,-1,2022
21208,Indonesia,Malaysia,-1,2022
20202,Indonesia,Mauritius,1,2022
20224,Indonesia,Myanmar,1,2022
23117,Indonesia,Myanmar,1,2022
22273,Indonesia,Oman,-1,2022
20542,Indonesia,Philippines,-1,2022
22843,Indonesia,Taiwan,1,2022
21324,Indonesia,Thailand,-1,2022
23179,Indonesia,Thailand,-1,2022
20393,Indonesia,Timor-Leste,1,2022
20956,Indonesia,Vanuatu,1,2022
21506,Indonesia,Vietnam,-1,2022
23167,Indonesia,Vietnam,-1,2022
20346,Iran,Bolivia,1,2022
21380,Iran,Cambodia,1,2022
22313,Iran,Hong Kong,1,2022
20609,Iran,Iraq,-1,2022
22473,Iran,Iraq,1,2022
20628,Iran,Japan,-1,2022
20615,Iran,Oman,1,2022
20022,Iran,Portugal,-1,2022
19662,Iran,Sierra Leone,1,2022
22927,Iran,South Korea,-1,2022
20006,Iran,Spain,-1,2022
20834,Iran,Syria,1,2022
22218,Iran,Syria,1,2022
22668,Iran,Syria,1,2022
20410,Iran,Trinidad and Tobago,1,2022
19815,Iran,Uzbekistan,1,2022
20520,Iran,Venezuela,-1,2022
20581,Iran,Yemen,1,2022
21153,Iraq,Bahrain,-1,2022
21685,Iraq,Bahrain,-1,2022
21710,Iraq,Bahrain,-1,2022
20521,Iraq,Bolivia,-1,2022
22383,Iraq,Cambodia,1,2022
20556,Iraq,China PR,1,2022
21381,Iraq,Hong Kong,1,2022
21557,Iraq,Iran,1,2022
22767,Iraq,Iran,-1,2022
22073,Iraq,Kuwait,1,2022
21134,Iraq,Lebanon,1,2022
22820,Iraq,Lebanon,-1,2022
22274,Iraq,Nepal,1,2022
23118,Iraq,Oman,-1,2022
19810,Iraq,Palestine,-1,2022
20565,Iraq,Palestine,1,2022
21136,Iraq,Palestine,1,2022
19665,Iraq,Qatar,-1,2022
19661,Iraq,Saudi Arabia,1,2022
23095,Iraq,South Korea,-1,2022
19767,Iraq,Syria,-1,2022
21145,Iraq,Syria,-1,2022
22989,Iraq,Syria,-1,2022
22265,Iraq,Tajikistan,-1,2022
19645,Iraq,United Arab Emirates,-1,2022
21271,Iraq,Uzbekistan,-1,2022
20583,Iraq,Vietnam,1,2022
21151,Iraq,Yemen,1,2022
20982,Isle of Man,Alderney,1,2022
20998,Isle of Man,Guernsey,-1,2022
20974,Isle of Man,Hitra,1,2022
20307,Israel,Albania,1,2022
20720,Israel,Austria,1,2022
22711,Israel,Austria,1,2022
21847,Israel,Czech Republic,-1,2022
22127,Israel,Denmark,-1,2022
23073,Israel,Faroe Islands,1,2022
20411,Israel,Guatemala,1,2022
21472,Israel,Latvia,1,2022
22943,Israel,Moldova,1,2022
21183,Israel,North Macedonia,-1,2022
21598,Israel,Poland,-1,2022
19723,Israel,Romania,-1,2022
20230,Israel,Scotland,1,2022
22055,Israel,Scotland,1,2022
22189,Israel,Scotland,-1,2022
21770,Israel,Slovakia,-1,2022
20657,Israel,Slovenia,-1,2022
19700,Italy,Argentina,-1,2022
21644,Italy,Armenia,1,2022
22534,Italy,Austria,1,2022
22908,Italy,Belgium,1,2022
20926,Italy,Bosnia and Herzegovina,1,2022
21738,Italy,Bosnia and Herzegovina,-1,2022
22675,Italy,Bulgaria,-1,2022
22328,Italy,Czech Republic,1,2022
21915,Italy,Estonia,1,2022
20695,Italy,Finland,1,2022
21412,Italy,Greece,1,2022
20775,Italy,Liechtenstein,1,2022
22790,Italy,Lithuania,1,2022
21790,Italy,Moldova,1,2022
19915,Italy,Netherlands,-1,2022
21886,Italy,Netherlands,-1,2022
22126,Italy,Northern Ireland,1,2022
20102,Italy,Poland,-1,2022
21983,Italy,Poland,1,2022
20443,Italy,Portugal,-1,2022
22271,Italy,San Marino,1,2022
19829,Italy,Saudi Arabia,1,2022
22566,Italy,Spain,-1,2022
22819,Italy,Spain,-1,2022
22492,Italy,Switzerland,1,2022
23019,Italy,Switzerland,-1,2022
22443,Italy,Turkey,1,2022
20225,Italy,Ukraine,-1,2022
20522,Italy,United States,1,2022
22509,Italy,Wales,1,2022
21096,Ivory Coast,Algeria,-1,2022
21216,Ivory Coast,Benin,-1,2022
22345,Ivory Coast,Burkina Faso,1,2022
22747,Ivory Coast,Cameroon,1,2022
20265,Ivory Coast,Central African Republic,1,2022
20864,Ivory Coast,Comoros,1,2022
21416,Ivory Coast,DR Congo,1,2022
22244,Ivory Coast,Ethiopia,1,2022
20758,Ivory Coast,Liberia,1,2022
21955,Ivory Coast,Madagascar,1,2022
22923,Ivory Coast,Malawi,1,2022
23037,Ivory Coast,Mozambique,1,2022
21590,Ivory Coast,Niger,1,2022
20710,Ivory Coast,Rwanda,1,2022
21022,Ivory Coast,South Africa,1,2022
19724,Ivory Coast,Togo,-1,2022
21292,Ivory Coast,Tunisia,1,2022
20957,Ivory Coast,Uganda,-1,2022
20993,Ivory Coast,Zambia,1,2022
19738,Jamaica,Antigua and Barbuda,-1,2022
21231,Jamaica,Antigua and Barbuda,1,2022
21420,Jamaica,Aruba,1,2022
22890,Jamaica,Canada,-1,2022
20165,Jamaica,Cayman Islands,1,2022
21031,Jamaica,Curaçao,-1,2022
21647,Jamaica,Guyana,-1,2022
20978,Jamaica,Honduras,1,2022
21058,Jamaica,Panama,1,2022
22743,Jamaica,Panama,-1,2022
19657,Jamaica,South Korea,-1,2022
20461,Jamaica,Suriname,1,2022
22590,Jamaica,Suriname,1,2022
23100,Jamaica,United States,-1,2022
22930,Japan,Australia,1,2022
20759,Japan,Bolivia,1,2022
21818,Japan,Cameroon,-1,2022
20976,Japan,Chile,-1,2022
20664,Japan,Colombia,-1,2022
20203,Japan,Costa Rica,1,2022
20894,Japan,El Salvador,1,2022
19845,Japan,Ghana,-1,2022
21716,Japan,Hong Kong,1,2022
21875,Japan,Ivory Coast,1,2022
20523,Japan,Kyrgyzstan,1,2022
22479,Japan,Kyrgyzstan,1,2022
19701,Japan,Mali,-1,2022
22028,Japan,Mexico,-1,2022
21386,Japan,Mongolia,1,2022
22237,Japan,Mongolia,1,2022
22272,Japan,Myanmar,1,2022
22670,Japan,Oman,-1,2022
20255,Japan,Panama,1,2022
21958,Japan,Panama,1,2022
19985,Japan,Paraguay,1,2022
21187,Japan,Paraguay,1,2022
20031,Japan,Poland,-1,2022
20630,Japan,Qatar,-1,2022
20619,Japan,Saudi Arabia,1,2022
20017,Japan,Senegal,-1,2022
22437,Japan,Serbia,1,2022
22114,Japan,South Korea,1,2022
22387,Japan,Tajikistan,1,2022
20825,Japan,Trinidad and Tobago,-1,2022
20586,Japan,Turkmenistan,1,2022
20347,Japan,Uruguay,1,2022
20613,Japan,Uzbekistan,1,2022
20427,Japan,Venezuela,-1,2022
21663,Japan,Venezuela,-1,2022
19813,Jersey,Guernsey,1,2022
20996,Jersey,Hitra,1,2022
20960,Jersey,Orkney,1,2022
20973,Jersey,Western Isles,1,2022
21555,Jordan,Australia,-1,2022
21138,Jordan,Bahrain,-1,2022
19816,Jordan,Cyprus,1,2022
19651,Jordan,Finland,-1,2022
20451,Jordan,India,1,2022
20934,Jordan,Indonesia,1,2022
21938,Jordan,Iraq,-1,2022
19666,Jordan,Kuwait,1,2022
21378,Jordan,Kuwait,-1,2022
20554,Jordan,Kyrgyzstan,-1,2022
20090,Jordan,Lebanon,-1,2022
22085,Jordan,Lebanon,1,2022
22817,Jordan,Malaysia,1,2022
23131,Jordan,Morocco,-1,2022
21495,Jordan,Nepal,1,2022
20204,Jordan,Oman,-1,2022
23143,Jordan,Palestine,1,2022
21293,Jordan,Paraguay,-1,2022
20524,Jordan,Saudi Arabia,-1,2022
21147,Jordan,Saudi Arabia,1,2022
21343,Jordan,Singapore,-1,2022
20589,Jordan,Syria,1,2022
22006,Jordan,Syria,1,2022
21684,Jordan,Taiwan,1,2022
22076,Jordan,Tajikistan,1,2022
22077,Jordan,Tajikistan,-1,2022
22078,Jordan,Uzbekistan,-1,2022
22953,Jordan,Uzbekistan,1,2022
19768,Jordan,Vietnam,-1,2022
20616,Jordan,Vietnam,-1,2022
22282,Jordan,Vietnam,-1,2022
19976,Kabylia,Abkhazia,-1,2022
21856,Kazakhstan,Albania,-1,2022
20335,Kazakhstan,Andorra,1,2022
19923,Kazakhstan,Azerbaijan,1,2022
21771,Kazakhstan,Belarus,-1,2022
21432,Kazakhstan,Belgium,-1,2022
22871,Kazakhstan,Bosnia and Herzegovina,-1,2022
21358,Kazakhstan,Cyprus,-1,2022
22939,Kazakhstan,Finland,-1,2022
22185,Kazakhstan,France,-1,2022
20084,Kazakhstan,Georgia,-1,2022
20405,Kazakhstan,Latvia,-1,2022
22065,Kazakhstan,Lithuania,-1,2022
20632,Kazakhstan,Moldova,1,2022
20724,Kazakhstan,Russia,-1,2022
20923,Kazakhstan,San Marino,1,2022
20660,Kazakhstan,Scotland,1,2022
23079,Kazakhstan,Tajikistan,1,2022
22647,Kazakhstan,Ukraine,-1,2022
21929,Kenya,Comoros,-1,2022
20958,Kenya,DR Congo,-1,2022
22140,Kenya,Egypt,-1,2022
19827,Kenya,Equatorial Guinea,1,2022
19818,Kenya,Eswatini,-1,2022
20319,Kenya,Ethiopia,1,2022
20147,Kenya,Ghana,1,2022
20865,Kenya,Madagascar,1,2022
20205,Kenya,Malawi,1,2022
22897,Kenya,Mali,-1,2022
21442,Kenya,Mozambique,-1,2022
19889,Kenya,New Zealand,1,2022
23066,Kenya,Rwanda,1,2022
21060,Kenya,Senegal,-1,2022
22080,Kenya,South Sudan,1,2022
21041,Kenya,Tanzania,1,2022
22081,Kenya,Tanzania,1,2022
21636,Kenya,Togo,-1,2022
21250,Kenya,Uganda,-1,2022
22662,Kenya,Uganda,-1,2022
21819,Kenya,Zambia,1,2022
20780,Kernow,Barawa,1,2022
20510,Kosovo,Azerbaijan,1,2022
20745,Kosovo,Bulgaria,-1,2022
19770,Kosovo,Burkina Faso,1,2022
21237,Kosovo,Czech Republic,1,2022
20646,Kosovo,Denmark,-1,2022
21618,Kosovo,England,-1,2022
20181,Kosovo,Faroe Islands,1,2022
22440,Kosovo,Gambia,1,2022
22935,Kosovo,Georgia,-1,2022
21365,Kosovo,Gibraltar,1,2022
21762,Kosovo,Greece,-1,2022
22725,Kosovo,Greece,-1,2022
22398,Kosovo,Guinea,-1,2022
22973,Kosovo,Jordan,-1,2022
22086,Kosovo,Lithuania,1,2022
19725,Kosovo,Madagascar,1,2022
20234,Kosovo,Malta,1,2022
22329,Kosovo,Malta,1,2022
22062,Kosovo,Moldova,1,2022
21452,Kosovo,Montenegro,1,2022
22285,Kosovo,San Marino,1,2022
21854,Kosovo,Slovenia,-1,2022
22787,Kosovo,Spain,-1,2022
21724,Kosovo,Sweden,-1,2022
22182,Kosovo,Sweden,-1,2022
20328,Kuwait,Australia,-1,2022
21314,Kuwait,Australia,-1,2022
22323,Kuwait,Australia,-1,2022
21148,Kuwait,Bahrain,-1,2022
21708,Kuwait,Bahrain,-1,2022
19739,Kuwait,Cameroon,-1,2022
19817,Kuwait,Egypt,-1,2022
20185,Kuwait,Iraq,-1,2022
21143,Kuwait,Jordan,-1,2022
22430,Kuwait,Jordan,-1,2022
20240,Kuwait,Lebanon,1,2022
22203,Kuwait,Lebanon,-1,2022
20647,Kuwait,Nepal,-1,2022
20742,Kuwait,Nepal,1,2022
21198,Kuwait,Nepal,1,2022
21704,Kuwait,Oman,-1,2022
19812,Kuwait,Palestine,1,2022
22069,Kuwait,Palestine,-1,2022
20526,Kuwait,Syria,-1,2022
21556,Kuwait,Taiwan,1,2022
22489,Kuwait,Taiwan,1,2022
21481,Kuwait,Turkmenistan,-1,2022
22751,Kyrgyzstan,Bangladesh,1,2022
19771,Kyrgyzstan,India,1,2022
21564,Kyrgyzstan,Japan,-1,2022
22386,Kyrgyzstan,Mongolia,-1,2022
19680,Kyrgyzstan,Myanmar,1,2022
21387,Kyrgyzstan,Myanmar,1,2022
20091,Kyrgyzstan,Palestine,-1,2022
20571,Kyrgyzstan,Palestine,1,2022
20936,Kyrgyzstan,Palestine,-1,2022
22658,Kyrgyzstan,Palestine,1,2022
20608,Kyrgyzstan,Philippines,1,2022
22977,Kyrgyzstan,Singapore,1,2022
20595,Kyrgyzstan,South Korea,-1,2022
20186,Kyrgyzstan,Syria,1,2022
21692,Kyrgyzstan,Tajikistan,-1,2022
19934,Kárpátalja,Cascadia,1,2022
19955,Kárpátalja,Székely Land,1,2022
19910,Kárpátalja,Tibet,1,2022
19772,Laos,Bangladesh,-1,2022
20844,Laos,Bangladesh,-1,2022
19667,Laos,Cambodia,-1,2022
23160,Laos,Indonesia,-1,2022
20349,Laos,Mongolia,-1,2022
20432,Laos,Myanmar,-1,2022
20787,Laos,Sri Lanka,1,2022
20793,Laos,Sri Lanka,-1,2022
20207,Laos,United Arab Emirates,-1,2022
20386,Laos,Vietnam,-1,2022
23142,Laos,Vietnam,-1,2022
20085,Latvia,Andorra,-1,2022
21736,Latvia,Andorra,-1,2022
21665,Latvia,Austria,1,2022
19970,Latvia,Azerbaijan,-1,2022
19888,Latvia,Estonia,1,2022
21975,Latvia,Faroe Islands,-1,2022
20336,Latvia,Georgia,-1,2022
22653,Latvia,Gibraltar,1,2022
20858,Latvia,Israel,-1,2022
20283,Latvia,Kazakhstan,-1,2022
22335,Latvia,Lithuania,1,2022
21871,Latvia,Malta,-1,2022
22101,Latvia,Montenegro,-1,2022
22850,Latvia,Netherlands,-1,2022
21279,Latvia,North Macedonia,-1,2022
22712,Latvia,Norway,-1,2022
21357,Latvia,Poland,-1,2022
20914,Latvia,Slovenia,-1,2022
19659,Latvia,South Korea,-1,2022
22914,Latvia,Turkey,-1,2022
23133,Lebanon,Algeria,-1,2022
21939,Lebanon,Bahrain,-1,2022
22529,Lebanon,Djibouti,1,2022
22988,Lebanon,Iran,-1,2022
19773,Lebanon,Malaysia,1,2022
20611,Lebanon,North Korea,1,2022
21696,Lebanon,North Korea,-1,2022
20158,Lebanon,Oman,-1,2022
21141,Lebanon,Palestine,-1,2022
20598,Lebanon,Saudi Arabia,-1,2022
21567,Lebanon,South Korea,-1,2022
22354,Lebanon,Sri Lanka,1,2022
23146,Lebanon,Sudan,1,2022
21137,Lebanon,Syria,1,2022
21390,Lebanon,Turkmenistan,1,2022
23094,Lebanon,United Arab Emirates,-1,2022
22047,Lesotho,Benin,-1,2022
20822,Lesotho,Botswana,-1,2022
22581,Lesotho,Botswana,-1,2022
20173,Lesotho,Cape Verde,-1,2022
19887,Lesotho,Eswatini,1,2022
21267,Lesotho,Ethiopia,-1,2022
21443,Lesotho,Malawi,-1,2022
21617,Lesotho,Nigeria,-1,2022
22173,Lesotho,Sierra Leone,-1,2022
20491,Lesotho,Tanzania,1,2022
20382,Lesotho,Uganda,-1,2022
20794,Lesotho,Uganda,-1,2022
19941,Lesotho,Zimbabwe,-1,2022
20859,Lesotho,Zimbabwe,-1,2022
22832,Liberia,Cape Verde,-1,2022
22746,Liberia,Central African Republic,1,2022
23087,Liberia,Central African Republic,1,2022
21346,Liberia,Chad,1,2022
20362,Liberia,Congo,1,2022
20174,Liberia,DR Congo,-1,2022
20208,Liberia,Nigeria,-1,2022
23035,Liberia,Nigeria,-1,2022
20052,Liberia,Sierra Leone,-1,2022
21167,Liberia,Sierra Leone,1,2022
20486,Liberia,Zimbabwe,1,2022
23092,Libya,Angola,-1,2022
21162,Libya,Burkina Faso,-1,2022
22925,Libya,Egypt,-1,2022
21931,Libya,Equatorial Guinea,-1,2022
22642,Libya,Gabon,1,2022
22463,Libya,Liberia,-1,2022
21236,Libya,Niger,1,2022
20376,Libya,Nigeria,-1,2022
20727,Libya,South Africa,-1,2022
22508,Libya,Sudan,-1,2022
21656,Libya,Tanzania,1,2022
22144,Libya,Tunisia,-1,2022
20500,Liechtenstein,Armenia,-1,2022
21413,Liechtenstein,Armenia,-1,2022
22134,Liechtenstein,Armenia,-1,2022
21645,Liechtenstein,Bosnia and Herzegovina,-1,2022
20927,Liechtenstein,Finland,-1,2022
22683,Liechtenstein,Germany,-1,2022
20156,Liechtenstein,Gibraltar,1,2022
21833,Liechtenstein,Gibraltar,-1,2022
20696,Liechtenstein,Greece,-1,2022
22263,Liechtenstein,Iceland,-1,2022
21474,Liechtenstein,Italy,-1,2022
20422,Liechtenstein,North Macedonia,-1,2022
22857,Liechtenstein,North Macedonia,-1,2022
23060,Liechtenstein,Romania,-1,2022
21873,Liechtenstein,San Marino,-1,2022
21904,Lithuania,Albania,-1,2022
21857,Lithuania,Belarus,-1,2022
22868,Lithuania,Bulgaria,1,2022
22289,Lithuania,Estonia,-1,2022
21916,Lithuania,Faroe Islands,1,2022
19959,Lithuania,Iran,-1,2022
22252,Lithuania,Italy,-1,2022
21744,Lithuania,Kazakhstan,-1,2022
23064,Lithuania,Kuwait,-1,2022
19925,Lithuania,Latvia,-1,2022
20849,Lithuania,Luxembourg,-1,2022
20309,Lithuania,Montenegro,-1,2022
21631,Lithuania,New Zealand,1,2022
22676,Lithuania,Northern Ireland,-1,2022
21302,Lithuania,Portugal,-1,2022
20232,Lithuania,Romania,-1,2022
20105,Lithuania,Serbia,-1,2022
21454,Lithuania,Serbia,-1,2022
22938,Lithuania,Switzerland,-1,2022
21239,Lithuania,Ukraine,-1,2022
21713,Luhansk PR,South Ossetia,1,2022
19774,Luxembourg,Austria,-1,2022
21917,Luxembourg,Austria,-1,2022
22022,Luxembourg,Azerbaijan,-1,2022
22646,Luxembourg,Azerbaijan,1,2022
20406,Luxembourg,Belarus,-1,2022
21829,Luxembourg,Cyprus,1,2022
19922,Luxembourg,Georgia,1,2022
21791,Luxembourg,Liechtenstein,-1,2022
20671,Luxembourg,Lithuania,1,2022
20802,Luxembourg,Madagascar,-1,2022
20129,Luxembourg,Moldova,1,2022
21777,Luxembourg,Montenegro,-1,2022
21620,Luxembourg,Portugal,-1,2022
22227,Luxembourg,Portugal,-1,2022
22754,Luxembourg,Qatar,-1,2022
23054,Luxembourg,Republic of Ireland,-1,2022
20325,Luxembourg,San Marino,1,2022
22367,Luxembourg,Scotland,-1,2022
19853,Luxembourg,Senegal,-1,2022
21301,Luxembourg,Serbia,-1,2022
22865,Luxembourg,Serbia,-1,2022
20748,Luxembourg,Ukraine,-1,2022
20072,Macau,Guam,1,2022
19681,Macau,Mauritius,-1,2022
20067,Macau,Solomon Islands,-1,2022
20845,Macau,Sri Lanka,1,2022
22666,Madagascar,Benin,-1,2022
21039,Madagascar,Burundi,1,2022
21078,Madagascar,DR Congo,-1,2022
22900,Madagascar,DR Congo,1,2022
20357,Madagascar,Equatorial Guinea,1,2022
21591,Madagascar,Ethiopia,1,2022
22045,Madagascar,Ivory Coast,-1,2022
19963,Madagascar,Lesotho,-1,2022
20949,Madagascar,Mauritania,-1,2022
19823,Madagascar,Mozambique,1,2022
22245,Madagascar,Niger,-1,2022
21057,Madagascar,Nigeria,1,2022
20167,Madagascar,Senegal,-1,2022
19843,Madagascar,Seychelles,-1,2022
20484,Madagascar,Sudan,-1,2022
23052,Madagascar,Tanzania,-1,2022
19668,Madagascar,Togo,-1,2022
21097,Madagascar,Tunisia,-1,2022
19848,Malawi,Botswana,-1,2022
21330,Malawi,Botswana,1,2022
22010,Malawi,Burkina Faso,-1,2022
20358,Malawi,Cameroon,-1,2022
23036,Malawi,Cameroon,-1,2022
23182,Malawi,Comoros,1,2022
22860,Malawi,Ivory Coast,-1,2022
19835,Malawi,Mauritius,-1,2022
20681,Malawi,Morocco,-1,2022
22759,Malawi,Mozambique,1,2022
22595,Malawi,Namibia,-1,2022
20783,Malawi,Seychelles,1,2022
21517,Malawi,South Sudan,1,2022
22208,Malawi,Uganda,1,2022
21859,Malawi,Zimbabwe,-1,2022
22578,Malawi,Zimbabwe,-1,2022
20687,Malaysia,Afghanistan,1,2022
19800,Malaysia,Bhutan,1,2022
20043,Malaysia,Fiji,1,2022
21694,Malaysia,Indonesia,1,2022
23174,Malaysia,Indonesia,-1,2022
21160,Malaysia,Jordan,-1,2022
20350,Malaysia,Kyrgyzstan,-1,2022
20392,Malaysia,Laos,1,2022
23151,Malaysia,Laos,1,2022
20384,Malaysia,Maldives,1,2022
19682,Malaysia,Mongolia,-1,2022
20541,Malaysia,Myanmar,1,2022
20803,Malaysia,Nepal,1,2022
21344,Malaysia,Sri Lanka,1,2022
21511,Malaysia,Tajikistan,1,2022
20544,Malaysia,Thailand,-1,2022
21566,Malaysia,Thailand,1,2022
20870,Malaysia,Timor-Leste,1,2022
20944,Malaysia,Timor-Leste,1,2022
21325,Malaysia,United Arab Emirates,-1,2022
20548,Malaysia,Vietnam,-1,2022
22436,Malaysia,Vietnam,-1,2022
22845,Maldives,Bangladesh,1,2022
19775,Maldives,Bhutan,1,2022
21313,Maldives,China PR,-1,2022
21681,Maldives,Guam,1,2022
20220,Maldives,India,1,2022
22963,Maldives,India,-1,2022
22811,Maldives,Nepal,-1,2022
21553,Maldives,Philippines,-1,2022
23082,Maldives,Seychelles,-1,2022
20119,Maldives,Sri Lanka,-1,2022
22906,Maldives,Sri Lanka,1,2022
22336,Maldives,Syria,-1,2022
20275,Mali,Burundi,-1,2022
22197,Mali,Chad,1,2022
21820,Mali,Ghana,1,2022
21527,Mali,Guinea,-1,2022
21083,Mali,Ivory Coast,-1,2022
22835,Mali,Kenya,1,2022
21024,Mali,Mauritania,1,2022
21962,Mali,Namibia,1,2022
22640,Mali,Rwanda,1,2022
20699,Mali,South Sudan,1,2022
23047,Mali,Uganda,1,2022
21974,Malta,Andorra,1,2022
20182,Malta,Azerbaijan,-1,2022
22999,Malta,Croatia,-1,2022
22655,Malta,Cyprus,1,2022
20511,Malta,Faroe Islands,-1,2022
20691,Malta,Faroe Islands,1,2022
22025,Malta,Faroe Islands,-1,2022
19871,Malta,Georgia,-1,2022
21792,Malta,Gibraltar,1,2022
20448,Malta,Kosovo,-1,2022
21764,Malta,Latvia,-1,2022
21918,Malta,Liechtenstein,1,2022
19683,Malta,Luxembourg,-1,2022
22279,Malta,Northern Ireland,-1,2022
21641,Malta,Norway,-1,2022
20910,Malta,Romania,-1,2022
22102,Malta,Russia,-1,2022
23058,Malta,Slovakia,-1,2022
22852,Malta,Slovenia,-1,2022
20771,Malta,Spain,-1,2022
21409,Malta,Sweden,-1,2022
20504,Martinique,Antigua and Barbuda,1,2022
20368,Martinique,British Virgin Islands,1,2022
19924,Martinique,French Guiana,1,2022
22616,Martinique,Haiti,-1,2022
21541,Martinique,Honduras,-1,2022
21021,Martinique,Mexico,-1,2022
19740,Martinique,Trinidad and Tobago,-1,2022
21229,Martinique,Trinidad and Tobago,-1,2022
19929,Matabeleland,Kabylia,-1,2022
19974,Matabeleland,Tamil Eelam,1,2022
20364,Mauritania,Angola,1,2022
21048,Mauritania,Angola,-1,2022
20488,Mauritania,Botswana,1,2022
20136,Mauritania,Burkina Faso,1,2022
23180,Mauritania,Burkina Faso,-1,2022
21928,Mauritania,Burundi,-1,2022
21653,Mauritania,Central African Republic,1,2022
23085,Mauritania,Equatorial Guinea,-1,2022
19726,Mauritania,Guinea,1,2022
22441,Mauritania,Liberia,1,2022
21482,Mauritania,Libya,-1,2022
22148,Mauritania,Morocco,-1,2022
21821,Mauritania,Sierra Leone,1,2022
21065,Mauritania,Tunisia,-1,2022
22894,Mauritania,Tunisia,-1,2022
23128,Mauritania,United Arab Emirates,-1,2022
22522,Mauritania,Yemen,1,2022
22694,Mauritania,Zambia,-1,2022
21127,Mauritius,Madagascar,-1,2022
21130,Mauritius,Mayotte,1,2022
21168,Mauritius,Mozambique,-1,2022
20648,Mauritius,New Caledonia,1,2022
21133,Mauritius,Réunion,-1,2022
21117,Mauritius,Seychelles,-1,2022
21347,Mauritius,São Tomé and Príncipe,-1,2022
21128,Mayotte,Maldives,1,2022
21876,Mexico,Algeria,-1,2022
21670,Mexico,Bermuda,1,2022
19658,Mexico,Bosnia and Herzegovina,1,2022
20992,Mexico,Canada,1,2022
22626,Mexico,Canada,1,2022
22829,Mexico,Canada,-1,2022
20351,Mexico,Chile,-1,2022
20666,Mexico,Chile,1,2022
23147,Mexico,Chile,-1,2022
20241,Mexico,Costa Rica,1,2022
21053,Mexico,Costa Rica,-1,2022
22310,Mexico,Costa Rica,-1,2022
19776,Mexico,Croatia,-1,2022
20954,Mexico,Cuba,1,2022
20895,Mexico,Ecuador,1,2022
22970,Mexico,Ecuador,-1,2022
22615,Mexico,El Salvador,1,2022
22450,Mexico,Honduras,-1,2022
22622,Mexico,Honduras,1,2022
22892,Mexico,Honduras,1,2022
19702,Mexico,Iceland,1,2022
22275,Mexico,Iceland,1,2022
22693,Mexico,Jamaica,1,2022
22557,Mexico,Nigeria,1,2022
21486,Mexico,Panama,1,2022
22547,Mexico,Panama,1,2022
19879,Mexico,Scotland,1,2022
21977,Mexico,South Korea,1,2022
20028,Mexico,Sweden,-1,2022
21341,Mexico,Trinidad and Tobago,1,2022
22583,Mexico,Trinidad and Tobago,-1,2022
20113,Mexico,Uruguay,-1,2022
20826,Mexico,Venezuela,1,2022
19831,Mexico,Wales,-1,2022
21458,Moldova,Albania,-1,2022
20876,Moldova,Andorra,1,2022
22651,Moldova,Austria,-1,2022
22368,Moldova,Azerbaijan,1,2022
20197,Moldova,Belarus,-1,2022
22874,Moldova,Denmark,-1,2022
22129,Moldova,Faroe Islands,-1,2022
20674,Moldova,France,-1,2022
21997,Moldova,Greece,-1,2022
21624,Moldova,Iceland,-1,2022
22257,Moldova,Israel,-1,2022
19777,Moldova,Ivory Coast,-1,2022
21734,Moldova,Kosovo,-1,2022
20473,Moldova,Luxembourg,-1,2022
21940,Moldova,Russia,-1,2022
20253,Moldova,San Marino,1,2022
23020,Moldova,Scotland,-1,2022
21903,Moldova,Slovenia,-1,2022
19653,Moldova,South Korea,-1,2022
21722,Moldova,Sweden,-1,2022
21305,Moldova,Turkey,-1,2022
20846,Mongolia,Brunei,1,2022
20097,Mongolia,Guam,-1,2022
20438,Mongolia,Hong Kong,-1,2022
21503,Mongolia,Kyrgyzstan,-1,2022
20071,Mongolia,Macau,1,2022
19778,Mongolia,Mauritius,-1,2022
21205,Mongolia,Myanmar,1,2022
20073,Mongolia,Northern Mariana Islands,1,2022
21322,Mongolia,Tajikistan,-1,2022
21830,Montenegro,Azerbaijan,1,2022
21679,Montenegro,Belarus,1,2022
21393,Montenegro,Bulgaria,-1,2022
22023,Montenegro,Cyprus,1,2022
21300,Montenegro,Czech Republic,-1,2022
20746,Montenegro,England,-1,2022
22167,Montenegro,Gibraltar,1,2022
21174,Montenegro,Hungary,1,2022
22346,Montenegro,Israel,-1,2022
21919,Montenegro,Kazakhstan,-1,2022
20848,Montenegro,Kosovo,-1,2022
21793,Montenegro,Latvia,-1,2022
22778,Montenegro,Latvia,-1,2022
20178,Montenegro,Lithuania,1,2022
21870,Montenegro,Luxembourg,-1,2022
23044,Montenegro,Netherlands,-1,2022
22231,Montenegro,Norway,-1,2022
20508,Montenegro,Romania,-1,2022
20231,Montenegro,Serbia,-1,2022
19878,Montenegro,Slovenia,-1,2022
19779,Montenegro,Turkey,-1,2022
23109,Montenegro,Turkey,-1,2022
20317,Montserrat,Belize,1,2022
21246,Montserrat,Dominican Republic,1,2022
20144,Montserrat,El Salvador,-1,2022
21419,Montserrat,El Salvador,-1,2022
22177,Montserrat,El Salvador,-1,2022
21308,Montserrat,Saint Lucia,-1,2022
22299,Montserrat,United States Virgin Islands,1,2022
23156,Morocco,Algeria,-1,2022
20761,Morocco,Argentina,-1,2022
21072,Morocco,Benin,-1,2022
21217,Morocco,Burkina Faso,-1,2022
22451,Morocco,Burkina Faso,1,2022
22239,Morocco,Burundi,1,2022
20434,Morocco,Cameroon,1,2022
21964,Morocco,Central African Republic,1,2022
20298,Morocco,Comoros,1,2022
21877,Morocco,DR Congo,-1,2022
21483,Morocco,Gabon,-1,2022
20945,Morocco,Gambia,-1,2022
22399,Morocco,Ghana,1,2022
22957,Morocco,Guinea,1,2022
23093,Morocco,Guinea,1,2022
22815,Morocco,Guinea-Bissau,1,2022
22888,Morocco,Guinea-Bissau,1,2022
19989,Morocco,Iran,-1,2022
21043,Morocco,Ivory Coast,1,2022
21399,Morocco,Libya,-1,2022
20145,Morocco,Malawi,1,2022
21569,Morocco,Mauritania,-1,2022
21017,Morocco,Namibia,1,2022
21294,Morocco,Niger,1,2022
23122,Morocco,Palestine,1,2022
23144,Morocco,Saudi Arabia,1,2022
21822,Morocco,Senegal,1,2022
22664,Morocco,Sudan,1,2022
23013,Morocco,Sudan,1,2022
19780,Morocco,Uzbekistan,1,2022
20970,Morocco,Zambia,-1,2022
21878,Mozambique,Angola,-1,2022
22014,Mozambique,Cameroon,-1,2022
22922,Mozambique,Cameroon,-1,2022
22241,Mozambique,Cape Verde,-1,2022
22400,Mozambique,Eswatini,-1,2022
20148,Mozambique,Guinea-Bissau,-1,2022
22697,Mozambique,Ivory Coast,-1,2022
22295,Mozambique,Lesotho,1,2022
20790,Mozambique,Malawi,-1,2022
22586,Mozambique,Malawi,1,2022
23089,Mozambique,Malawi,1,2022
21331,Mozambique,Mauritius,1,2022
20303,Mozambique,Namibia,-1,2022
20782,Mozambique,Namibia,-1,2022
22600,Mozambique,Namibia,1,2022
21530,Mozambique,Rwanda,1,2022
19854,Mozambique,Seychelles,1,2022
20490,Mozambique,Zambia,1,2022
22573,Mozambique,Zimbabwe,-1,2022
20288,Myanmar,Bolivia,-1,2022
20391,Myanmar,Cambodia,1,2022
20743,Myanmar,Indonesia,-1,2022
21323,Myanmar,Japan,-1,2022
22435,Myanmar,Kyrgyzstan,-1,2022
19759,Myanmar,Macau,1,2022
21691,Myanmar,Mongolia,1,2022
23172,Myanmar,Philippines,-1,2022
20643,Myanmar,Taiwan,-1,2022
21563,Myanmar,Tajikistan,1,2022
23148,Myanmar,Timor-Leste,1,2022
20534,Myanmar,Vietnam,-1,2022
21516,Namibia,Chad,1,2022
22663,Namibia,Congo,-1,2022
21332,Namibia,Eritrea,1,2022
22196,Namibia,Guinea,1,2022
20458,Namibia,Guinea-Bissau,-1,2022
21062,Namibia,Ivory Coast,-1,2022
19781,Namibia,Lesotho,1,2022
20786,Namibia,Malawi,-1,2022
22037,Namibia,Mali,-1,2022
20381,Namibia,Mozambique,1,2022
22950,Namibia,Senegal,-1,2022
20791,Namibia,Seychelles,1,2022
23067,Namibia,Togo,-1,2022
20138,Namibia,Zambia,-1,2022
21512,Namibia,Zambia,-1,2022
22585,Namibia,Zimbabwe,1,2022
22429,Nepal,Australia,-1,2022
22154,Nepal,Bangladesh,-1,2022
22204,Nepal,Bangladesh,1,2022
20098,Nepal,Bhutan,1,2022
22659,Nepal,India,-1,2022
22720,Nepal,India,-1,2022
22907,Nepal,India,-1,2022
22381,Nepal,Jordan,-1,2022
21683,Nepal,Kuwait,-1,2022
20219,Nepal,Maldives,-1,2022
20074,Nepal,Pakistan,-1,2022
22312,Nepal,Taiwan,1,2022
22496,Netherlands,Austria,1,2022
20652,Netherlands,Belarus,1,2022
21982,Netherlands,Bosnia and Herzegovina,1,2022
22536,Netherlands,Czech Republic,-1,2022
19703,Netherlands,England,-1,2022
21659,Netherlands,Estonia,1,2022
20416,Netherlands,France,1,2022
22369,Netherlands,Georgia,1,2022
20278,Netherlands,Germany,1,2022
20717,Netherlands,Germany,-1,2022
22912,Netherlands,Gibraltar,1,2022
21766,Netherlands,Italy,-1,2022
22168,Netherlands,Latvia,1,2022
21794,Netherlands,Mexico,-1,2022
22714,Netherlands,Montenegro,1,2022
22516,Netherlands,North Macedonia,1,2022
21352,Netherlands,Northern Ireland,1,2022
23110,Netherlands,Norway,1,2022
20092,Netherlands,Peru,1,2022
21739,Netherlands,Poland,1,2022
22296,Netherlands,Scotland,-1,2022
21920,Netherlands,Spain,-1,2022
22779,Netherlands,Turkey,1,2022
22459,Netherlands,Ukraine,1,2022
21101,New Caledonia,Fiji,1,2022
21114,New Caledonia,Tuvalu,1,2022
23080,New Zealand,Gambia,1,2022
20318,Nicaragua,Anguilla,1,2022
22341,Nicaragua,Belize,1,2022
19684,Nicaragua,Cuba,1,2022
19741,Nicaragua,Cuba,-1,2022
21510,Nicaragua,Cuba,-1,2022
21514,Nicaragua,Cuba,-1,2022
22974,Nicaragua,Cuba,-1,2022
23028,Nicaragua,Cuba,1,2022
23046,Nicaragua,Cuba,1,2022
21405,Nicaragua,Dominica,1,2022
20762,Nicaragua,Guatemala,-1,2022
21782,Nicaragua,Guatemala,-1,2022
20463,Nicaragua,Haiti,-1,2022
21000,Nicaragua,Haiti,-1,2022
21232,Nicaragua,Saint Vincent and the Grenadines,-1,2022
21649,Nicaragua,Suriname,-1,2022
22947,Niger,Algeria,-1,2022
22660,Niger,Burkina Faso,-1,2022
19822,Niger,Central African Republic,-1,2022
21444,Niger,Central African Republic,-1,2022
21837,Niger,Chad,1,2022
22421,Niger,Congo,-1,2022
23065,Niger,Djibouti,1,2022
20701,Niger,Egypt,-1,2022
21966,Niger,Ethiopia,1,2022
22347,Niger,Gambia,-1,2022
22152,Niger,Ivory Coast,-1,2022
21638,Niger,Madagascar,-1,2022
21879,Niger,Sierra Leone,1,2022
22630,Niger,Sudan,1,2022
20380,Niger,Tunisia,-1,2022
19884,Niger,Uganda,1,2022
21366,Niger,Zambia,-1,2022
21823,Nigeria,Algeria,-1,2022
20025,Nigeria,Argentina,-1,2022
21525,Nigeria,Benin,1,2022
21009,Nigeria,Burundi,1,2022
21075,Nigeria,Cameroon,1,2022
22330,Nigeria,Cameroon,-1,2022
23088,Nigeria,Cape Verde,-1,2022
22833,Nigeria,Central African Republic,-1,2022
19826,Nigeria,DR Congo,-1,2022
20763,Nigeria,Egypt,1,2022
21036,Nigeria,Guinea,1,2022
20011,Nigeria,Iceland,1,2022
22246,Nigeria,Lesotho,1,2022
22696,Nigeria,Liberia,1,2022
20292,Nigeria,Libya,1,2022
20683,Nigeria,Seychelles,1,2022
21967,Nigeria,Sierra Leone,-1,2022
21089,Nigeria,South Africa,1,2022
21880,Nigeria,Tunisia,-1,2022
20527,Nigeria,Uganda,-1,2022
20886,Nigeria,Zimbabwe,-1,2022
19769,North Korea,Hong Kong,1,2022
21209,North Korea,Lebanon,1,2022
20389,North Korea,Mongolia,1,2022
20599,North Korea,Qatar,-1,2022
21507,North Korea,South Korea,-1,2022
21109,North Korea,Tajikistan,1,2022
20155,North Macedonia,Armenia,1,2022
21752,North Macedonia,Armenia,1,2022
22684,North Macedonia,Armenia,-1,2022
20912,North Macedonia,Austria,-1,2022
21994,North Macedonia,Estonia,1,2022
21900,North Macedonia,Georgia,-1,2022
22919,North Macedonia,Germany,-1,2022
20499,North Macedonia,Gibraltar,1,2022
23061,North Macedonia,Iceland,1,2022
21662,North Macedonia,Israel,1,2022
22331,North Macedonia,Kazakhstan,1,2022
21815,North Macedonia,Kosovo,1,2022
20656,North Macedonia,Latvia,1,2022
20286,North Macedonia,Liechtenstein,1,2022
22194,North Macedonia,Liechtenstein,1,2022
20857,North Macedonia,Poland,-1,2022
22798,North Macedonia,Romania,-1,2022
21356,North Macedonia,Slovenia,1,2022
22286,North Macedonia,Slovenia,-1,2022
19860,Northern Cyprus,Kárpátalja,-1,2022
19980,Northern Cyprus,Kárpátalja,-1,2022
19954,Northern Cyprus,Padania,1,2022
19893,Northern Cyprus,Tibet,1,2022
20469,Northern Ireland,Austria,-1,2022
21845,Northern Ireland,Austria,-1,2022
20716,Northern Ireland,Belarus,1,2022
20125,Northern Ireland,Bosnia and Herzegovina,-1,2022
22251,Northern Ireland,Bulgaria,-1,2022
20651,Northern Ireland,Estonia,1,2022
21273,Northern Ireland,Germany,-1,2022
20209,Northern Ireland,Israel,1,2022
23069,Northern Ireland,Italy,-1,2022
23018,Northern Ireland,Lithuania,1,2022
21175,Northern Ireland,Luxembourg,1,2022
21592,Northern Ireland,Netherlands,-1,2022
21767,Northern Ireland,Norway,-1,2022
22052,Northern Ireland,Romania,-1,2022
21933,Northern Ireland,Slovakia,-1,2022
19727,Northern Ireland,South Korea,1,2022
22789,Northern Ireland,Switzerland,-1,2022
22176,Northern Ireland,United States,-1,2022
20096,Northern Mariana Islands,Macau,-1,2022
19704,Norway,Australia,1,2022
21740,Norway,Austria,-1,2022
20333,Norway,Bulgaria,1,2022
20082,Norway,Cyprus,1,2022
21575,Norway,Faroe Islands,1,2022
22780,Norway,Gibraltar,1,2022
22370,Norway,Greece,-1,2022
23042,Norway,Latvia,-1,2022
22297,Norway,Luxembourg,1,2022
21181,Norway,Malta,1,2022
22913,Norway,Montenegro,1,2022
22652,Norway,Netherlands,-1,2022
21892,Norway,Northern Ireland,1,2022
19936,Norway,Panama,1,2022
20854,Norway,Romania,-1,2022
21844,Norway,Romania,1,2022
21813,Norway,Serbia,-1,2022
20281,Norway,Slovenia,1,2022
21410,Norway,Spain,-1,2022
20772,Norway,Sweden,-1,2022
22169,Norway,Turkey,-1,2022
21385,Oman,Afghanistan,1,2022
19646,Oman,Bahrain,1,2022
20502,Oman,Bahrain,1,2022
21700,Oman,Bahrain,-1,2022
23137,Oman,Bahrain,1,2022
21562,Oman,Bangladesh,1,2022
20352,Oman,Ecuador,-1,2022
21690,Oman,India,1,2022
20600,Oman,Japan,-1,2022
23099,Oman,Japan,-1,2022
22083,Oman,Jordan,-1,2022
21295,Oman,Lebanon,1,2022
19782,Oman,Palestine,1,2022
20289,Oman,Philippines,-1,2022
21709,Oman,Saudi Arabia,-1,2022
22770,Oman,Saudi Arabia,-1,2022
20688,Oman,Singapore,-1,2022
22513,Oman,Somalia,1,2022
20428,Oman,Syria,-1,2022
20549,Oman,Tajikistan,1,2022
20551,Oman,Tajikistan,1,2022
20574,Oman,Thailand,1,2022
22268,Oman,Thailand,1,2022
20614,Oman,Turkmenistan,1,2022
19647,Oman,United Arab Emirates,-1,2022
22931,Oman,Vietnam,1,2022
20995,Orkney,Alderney,-1,2022
19862,Padania,Matabeleland,1,2022
19933,Padania,Panjab,1,2022
19911,Padania,Székely Land,1,2022
19979,Padania,Székely Land,-1,2022
20807,Padania,Székely Land,1,2022
20840,Padania,Sápmi,1,2022
19895,Padania,Tuvalu,1,2022
20820,Padania,Western Armenia,-1,2022
20140,Pakistan,Bhutan,1,2022
20942,Pakistan,Cambodia,-1,2022
20593,Palestine,Australia,-1,2022
22532,Palestine,Comoros,1,2022
20557,Palestine,Iran,-1,2022
20056,Palestine,Iraq,-1,2022
20606,Palestine,Jordan,-1,2022
20429,Palestine,Pakistan,1,2022
20552,Palestine,Pakistan,1,2022
21499,Palestine,Saudi Arabia,-1,2022
23132,Palestine,Saudi Arabia,-1,2022
22315,Palestine,Singapore,1,2022
21150,Palestine,Syria,1,2022
21201,Palestine,Uzbekistan,1,2022
22474,Palestine,Yemen,1,2022
22359,Panama,Anguilla,1,2022
22120,Panama,Barbados,1,2022
20789,Panama,Basque Country,-1,2022
21259,Panama,Bermuda,-1,2022
22692,Panama,Costa Rica,-1,2022
22447,Panama,Curaçao,1,2022
22411,Panama,Dominican Republic,1,2022
20528,Panama,Ecuador,-1,2022
23103,Panama,El Salvador,1,2022
22620,Panama,Grenada,1,2022
22611,Panama,Honduras,-1,2022
21583,Panama,Mexico,-1,2022
22800,Panama,Mexico,-1,2022
19842,Panama,Northern Ireland,-1,2022
22074,Panama,Serbia,-1,2022
20986,Panama,Trinidad and Tobago,1,2022
20033,Panama,Tunisia,-1,2022
22891,Panama,United States,1,2022
20210,Panama,Venezuela,-1,2022
19978,Panjab,Cascadia,-1,2022
19864,Panjab,Kabylia,1,2022
19913,Panjab,United Koreans in Japan,-1,2022
19897,Panjab,Western Armenia,-1,2022
21122,Papua New Guinea,Fiji,-1,2022
21112,Papua New Guinea,Tonga,1,2022
21091,Papua New Guinea,Vanuatu,1,2022
22840,Paraguay,Argentina,-1,2022
22035,Paraguay,Bolivia,-1,2022
22468,Paraguay,Bolivia,1,2022
22418,Paraguay,Brazil,-1,2022
23005,Paraguay,Chile,-1,2022
22738,Paraguay,Colombia,-1,2022
20896,Paraguay,Guatemala,1,2022
20827,Paraguay,Honduras,-1,2022
20764,Paraguay,Mexico,-1,2022
21805,Paraguay,Peru,-1,2022
20964,Paraguay,Qatar,-1,2022
22804,Paraguay,Venezuela,1,2022
20809,Parishes of Jersey,Chagos Islands,1,2022
20383,Parishes of Jersey,Yorkshire,1,2022
22034,Peru,Argentina,-1,2022
23006,Peru,Bolivia,1,2022
21884,Peru,Brazil,-1,2022
20257,Peru,Chile,1,2022
22841,Peru,Chile,1,2022
20897,Peru,Colombia,-1,2022
22322,Peru,Colombia,-1,2022
22577,Peru,Colombia,-1,2022
20529,Peru,Costa Rica,-1,2022
20828,Peru,Costa Rica,1,2022
19705,Peru,Croatia,1,2022
19993,Peru,Denmark,-1,2022
20412,Peru,Ecuador,-1,2022
21176,Peru,Ecuador,-1,2022
20765,Peru,El Salvador,-1,2022
19783,Peru,Iceland,1,2022
20667,Peru,Paraguay,1,2022
22550,Peru,Paraguay,-1,2022
19841,Peru,Scotland,1,2022
21484,Peru,Uruguay,-1,2022
22687,Peru,Uruguay,-1,2022
22740,Peru,Venezuela,1,2022
20594,Philippines,China PR,-1,2022
21494,Philippines,China PR,-1,2022
19685,Philippines,Fiji,1,2022
22427,Philippines,Guam,1,2022
22469,Philippines,Maldives,-1,2022
20394,Philippines,Singapore,1,2022
21196,Philippines,Syria,-1,2022
19784,Philippines,Tajikistan,1,2022
20538,Philippines,Thailand,-1,2022
23162,Philippines,Thailand,-1,2022
20545,Philippines,Vietnam,-1,2022
20572,Philippines,Vietnam,-1,2022
22681,Poland,Albania,1,2022
22191,Poland,Andorra,1,2022
21277,Poland,Austria,-1,2022
21887,Poland,Bosnia and Herzegovina,1,2022
19960,Poland,Chile,-1,2022
20018,Poland,Colombia,-1,2022
20413,Poland,Czech Republic,-1,2022
22795,Poland,England,-1,2022
21795,Poland,Finland,1,2022
23075,Poland,Hungary,-1,2022
22401,Poland,Iceland,-1,2022
20913,Poland,Israel,1,2022
20305,Poland,Italy,-1,2022
21839,Poland,Italy,-1,2022
20721,Poland,Latvia,1,2022
19986,Poland,Lithuania,1,2022
22049,Poland,Netherlands,-1,2022
19706,Poland,Nigeria,-1,2022
21428,Poland,North Macedonia,1,2022
20228,Poland,Portugal,-1,2022
20211,Poland,Republic of Ireland,-1,2022
22287,Poland,Russia,-1,2022
22877,Poland,San Marino,1,2022
20002,Poland,Senegal,-1,2022
22465,Poland,Slovakia,-1,2022
21664,Poland,Slovenia,1,2022
19785,Poland,South Korea,1,2022
21921,Poland,Ukraine,1,2022
19944,Portugal,Algeria,1,2022
21922,Portugal,Andorra,1,2022
22093,Portugal,Azerbaijan,1,2022
20093,Portugal,Croatia,-1,2022
21748,Portugal,Croatia,1,2022
19707,Portugal,Egypt,1,2022
21968,Portugal,France,-1,2022
22526,Portugal,France,-1,2022
22422,Portugal,Israel,1,2022
20175,Portugal,Italy,1,2022
21536,Portugal,Lithuania,1,2022
21394,Portugal,Luxembourg,1,2022
22933,Portugal,Luxembourg,1,2022
20004,Portugal,Morocco,1,2022
19749,Portugal,Netherlands,-1,2022
20901,Portugal,Netherlands,1,2022
20505,Portugal,Poland,-1,2022
22885,Portugal,Qatar,1,2022
22645,Portugal,Republic of Ireland,1,2022
20747,Portugal,Serbia,-1,2022
23053,Portugal,Serbia,-1,2022
19990,Portugal,Spain,-1,2022
21796,Portugal,Spain,-1,2022
21890,Portugal,Sweden,1,2022
20830,Portugal,Switzerland,1,2022
19828,Portugal,Tunisia,-1,2022
20670,Portugal,Ukraine,-1,2022
21675,Puerto Rico,Anguilla,1,2022
22303,Puerto Rico,Bahamas,1,2022
20732,Puerto Rico,Grenada,-1,2022
21310,Puerto Rico,Guatemala,-1,2022
20293,Puerto Rico,Martinique,-1,2022
22180,Puerto Rico,Trinidad and Tobago,-1,2022
21204,Qatar,Afghanistan,1,2022
20563,Qatar,Algeria,-1,2022
23165,Qatar,Algeria,-1,2022
21019,Qatar,Argentina,-1,2022
22155,Qatar,Azerbaijan,1,2022
23119,Qatar,Bahrain,1,2022
22066,Qatar,Bangladesh,1,2022
20114,Qatar,China PR,1,2022
20258,Qatar,Ecuador,1,2022
23168,Qatar,Egypt,-1,2022
22563,Qatar,El Salvador,1,2022
22623,Qatar,El Salvador,1,2022
21321,Qatar,India,-1,2022
22324,Qatar,India,1,2022
20573,Qatar,Iran,-1,2022
20622,Qatar,Iraq,1,2022
21698,Qatar,Iraq,-1,2022
23138,Qatar,Iraq,1,2022
20555,Qatar,Jordan,1,2022
20559,Qatar,Kyrgyzstan,1,2022
20585,Qatar,Lebanon,1,2022
22087,Qatar,Luxembourg,1,2022
21502,Qatar,Oman,1,2022
22391,Qatar,Oman,1,2022
23127,Qatar,Oman,1,2022
20212,Qatar,Palestine,1,2022
22596,Qatar,Panama,-1,2022
22704,Qatar,Portugal,-1,2022
21711,Qatar,Saudi Arabia,-1,2022
22637,Qatar,Serbia,-1,2022
21550,Qatar,Singapore,1,2022
19728,Qatar,Syria,-1,2022
21706,Qatar,United Arab Emirates,1,2022
23154,Qatar,United Arab Emirates,1,2022
21703,Qatar,Yemen,1,2022
21033,Raetia,Franconia,-1,2022
22705,Republic of Ireland,Azerbaijan,-1,2022
21296,Republic of Ireland,Bulgaria,1,2022
22058,Republic of Ireland,Bulgaria,-1,2022
20280,Republic of Ireland,Denmark,-1,2022
21639,Republic of Ireland,Denmark,-1,2022
21760,Republic of Ireland,Finland,-1,2022
20769,Republic of Ireland,Georgia,1,2022
20907,Republic of Ireland,Gibraltar,1,2022
22163,Republic of Ireland,Luxembourg,-1,2022
21551,Republic of Ireland,New Zealand,1,2022
20414,Republic of Ireland,Northern Ireland,-1,2022
22994,Republic of Ireland,Portugal,-1,2022
22219,Republic of Ireland,Qatar,-1,2022
22954,Republic of Ireland,Qatar,1,2022
22771,Republic of Ireland,Serbia,-1,2022
21178,Republic of Ireland,Switzerland,-1,2022
19881,Republic of Ireland,United States,1,2022
20332,Republic of Ireland,Wales,-1,2022
21850,Republic of Ireland,Wales,-1,2022
22920,Romania,Armenia,1,2022
21893,Romania,Austria,-1,2022
21923,Romania,Belarus,1,2022
19852,Romania,Chile,1,2022
20773,Romania,Faroe Islands,1,2022
19921,Romania,Finland,1,2022
22298,Romania,Georgia,-1,2022
22195,Romania,Germany,-1,2022
23003,Romania,Iceland,-1,2022
22736,Romania,Liechtenstein,1,2022
20447,Romania,Lithuania,1,2022
21253,Romania,Malta,1,2022
20106,Romania,Montenegro,-1,2022
22135,Romania,North Macedonia,1,2022
21741,Romania,Northern Ireland,-1,2022
21471,Romania,Norway,-1,2022
21987,Romania,Norway,1,2022
20308,Romania,Serbia,-1,2022
21182,Romania,Spain,-1,2022
19786,Romania,Sweden,1,2022
21577,Romania,Sweden,-1,2022
21601,Russia,Belgium,-1,2022
22454,Russia,Belgium,-1,2022
19708,Russia,Brazil,-1,2022
22348,Russia,Bulgaria,1,2022
20047,Russia,Croatia,-1,2022
22657,Russia,Croatia,-1,2022
20925,Russia,Cyprus,1,2022
22998,Russia,Cyprus,1,2022
20187,Russia,Czech Republic,1,2022
20003,Russia,Egypt,1,2022
22493,Russia,Finland,1,2022
19787,Russia,France,-1,2022
21896,Russia,Hungary,-1,2022
21281,Russia,Kazakhstan,1,2022
22783,Russia,Malta,1,2022
20878,Russia,San Marino,1,2022
19987,Russia,Saudi Arabia,1,2022
21360,Russia,Scotland,1,2022
21730,Russia,Serbia,1,2022
22854,Russia,Slovakia,1,2022
22170,Russia,Slovenia,1,2022
20037,Russia,Spain,-1,2022
20229,Russia,Sweden,-1,2022
21802,Russia,Sweden,-1,2022
19920,Russia,Turkey,-1,2022
20306,Russia,Turkey,1,2022
21849,Russia,Turkey,-1,2022
20019,Russia,Uruguay,-1,2022
21613,Rwanda,Cameroon,-1,2022
22041,Rwanda,Cape Verde,-1,2022
20487,Rwanda,Central African Republic,-1,2022
22332,Rwanda,Central African Republic,1,2022
22376,Rwanda,Central African Republic,1,2022
20377,Rwanda,Guinea,-1,2022
20160,Rwanda,Ivory Coast,-1,2022
22722,Rwanda,Kenya,-1,2022
22981,Rwanda,Mali,-1,2022
22110,Rwanda,Mozambique,1,2022
21333,Rwanda,Seychelles,1,2022
21461,Rwanda,Tanzania,-1,2022
22834,Rwanda,Uganda,-1,2022
21129,Réunion,Comoros,-1,2022
21118,Réunion,Maldives,1,2022
21124,Réunion,Mayotte,1,2022
21131,Réunion,Seychelles,1,2022
20053,Saint Barthélemy,Anguilla,-1,2022
20054,Saint Barthélemy,British Virgin Islands,-1,2022
19807,Saint Barthélemy,Saint Martin,1,2022
20640,Saint Barthélemy,Saint Martin,1,2022
19820,Saint Barthélemy,Sint Maarten,1,2022
20963,Saint Helena,Shetland,-1,2022
21154,Saint Kitts and Nevis,Antigua and Barbuda,1,2022
21449,Saint Kitts and Nevis,Belize,-1,2022
20483,Saint Kitts and Nevis,Canada,-1,2022
22448,Saint Kitts and Nevis,El Salvador,-1,2022
21261,Saint Kitts and Nevis,French Guiana,-1,2022
21543,Saint Kitts and Nevis,Grenada,-1,2022
22342,Saint Kitts and Nevis,Guyana,1,2022
19805,Saint Kitts and Nevis,Jamaica,-1,2022
20166,Saint Kitts and Nevis,Puerto Rico,1,2022
22092,Saint Kitts and Nevis,Puerto Rico,1,2022
20679,Saint Lucia,Aruba,1,2022
21602,Saint Lucia,Dominican Republic,1,2022
21488,Saint Lucia,El Salvador,-1,2022
20371,Saint Lucia,Haiti,-1,2022
21672,Saint Lucia,Montserrat,-1,2022
21604,Saint Martin,Barbados,1,2022
21422,Saint Martin,Cayman Islands,1,2022
20216,Saint Martin,Guadeloupe,-1,2022
20315,Saint Martin,Saint Kitts and Nevis,-1,2022
21264,Saint Martin,United States Virgin Islands,-1,2022
20222,Saint Vincent and the Grenadines,Barbados,-1,2022
20677,Saint Vincent and the Grenadines,Bonaire,1,2022
22222,Saint Vincent and the Grenadines,British Virgin Islands,1,2022
22408,Saint Vincent and the Grenadines,Cuba,-1,2022
21262,Saint Vincent and the Grenadines,Dominica,1,2022
20142,Saint Vincent and the Grenadines,Nicaragua,-1,2022
21586,Saint Vincent and the Grenadines,Nicaragua,1,2022
21404,Saint Vincent and the Grenadines,Suriname,-1,2022
21149,Saint Vincent and the Grenadines,Trinidad and Tobago,1,2022
21084,Samoa,Papua New Guinea,-1,2022
21098,Samoa,Tonga,1,2022
21113,Samoa,Vanuatu,-1,2022
22260,San Marino,Albania,-1,2022
22946,San Marino,Andorra,-1,2022
20472,San Marino,Belarus,-1,2022
21228,San Marino,Belgium,-1,2022
21282,San Marino,Cyprus,-1,2022
23076,San Marino,England,-1,2022
21976,San Marino,Gibraltar,-1,2022
22192,San Marino,Hungary,-1,2022
21600,San Marino,Kazakhstan,-1,2022
21924,San Marino,Latvia,-1,2022
21781,San Marino,Liechtenstein,-1,2022
20196,San Marino,Luxembourg,-1,2022
20407,San Marino,Moldova,-1,2022
22733,San Marino,Poland,-1,2022
21668,San Marino,Russia,-1,2022
20723,San Marino,Scotland,-1,2022
20188,Saudi Arabia,Bolivia,-1,2022
20259,Saudi Arabia,Brazil,-1,2022
22932,Saudi Arabia,China PR,1,2022
20020,Saudi Arabia,Egypt,1,2022
20744,Saudi Arabia,Equatorial Guinea,1,2022
19814,Saudi Arabia,Greece,1,2022
20329,Saudi Arabia,Iraq,-1,2022
21978,Saudi Arabia,Jamaica,1,2022
22030,Saudi Arabia,Jamaica,-1,2022
22823,Saudi Arabia,Japan,1,2022
23123,Saudi Arabia,Jordan,-1,2022
21139,Saudi Arabia,Kuwait,-1,2022
21701,Saudi Arabia,Kuwait,-1,2022
22115,Saudi Arabia,Kuwait,1,2022
21177,Saudi Arabia,Mali,-1,2022
19660,Saudi Arabia,Moldova,1,2022
20584,Saudi Arabia,North Korea,1,2022
22236,Saudi Arabia,Palestine,1,2022
21680,Saudi Arabia,Paraguay,-1,2022
19899,Saudi Arabia,Peru,-1,2022
20612,Saudi Arabia,Qatar,-1,2022
21383,Saudi Arabia,Singapore,1,2022
22444,Saudi Arabia,Singapore,1,2022
22475,Saudi Arabia,Uzbekistan,1,2022
22672,Saudi Arabia,Vietnam,1,2022
20430,Saudi Arabia,Yemen,1,2022
22353,Saudi Arabia,Yemen,1,2022
20177,Scotland,Albania,1,2022
22128,Scotland,Austria,-1,2022
20115,Scotland,Belgium,-1,2022
21280,Scotland,Belgium,-1,2022
19709,Scotland,Costa Rica,-1,2022
22520,Scotland,Croatia,-1,2022
20879,Scotland,Cyprus,1,2022
21894,Scotland,Czech Republic,1,2022
22464,Scotland,Czech Republic,-1,2022
23071,Scotland,Denmark,1,2022
22255,Scotland,Faroe Islands,1,2022
20507,Scotland,Israel,1,2022
21742,Scotland,Israel,-1,2022
21812,Scotland,Israel,-1,2022
22872,Scotland,Israel,1,2022
21666,Scotland,Kazakhstan,1,2022
22710,Scotland,Moldova,1,2022
20312,Scotland,Portugal,-1,2022
21227,Scotland,Russia,-1,2022
21430,Scotland,San Marino,1,2022
21846,Scotland,Slovakia,1,2022
21040,Senegal,Algeria,-1,2022
21120,Senegal,Algeria,-1,2022
21090,Senegal,Benin,1,2022
22402,Senegal,Cape Verde,1,2022
20032,Senegal,Colombia,-1,2022
21524,Senegal,Congo,1,2022
23050,Senegal,Congo,1,2022
22243,Senegal,Eswatini,-1,2022
22606,Senegal,Eswatini,-1,2022
21930,Senegal,Guinea-Bissau,1,2022
20697,Senegal,Madagascar,1,2022
22601,Senegal,Malawi,1,2022
20766,Senegal,Mali,1,2022
22579,Senegal,Mozambique,1,2022
22574,Senegal,Namibia,-1,2022
22881,Senegal,Namibia,1,2022
20971,Senegal,Nigeria,1,2022
20297,Senegal,Sudan,1,2022
21015,Senegal,Tanzania,1,2022
22643,Senegal,Togo,1,2022
21104,Senegal,Tunisia,1,2022
19710,Senegal,Uzbekistan,-1,2022
22349,Senegal,Zambia,1,2022
22594,Senegal,Zimbabwe,1,2022
22934,Serbia,Azerbaijan,1,2022
19965,Serbia,Bolivia,1,2022
20029,Serbia,Brazil,-1,2022
19916,Serbia,Chile,-1,2022
21848,Serbia,Hungary,-1,2022
22377,Serbia,Jamaica,-1,2022
20509,Serbia,Lithuania,1,2022
20905,Serbia,Lithuania,1,2022
21537,Serbia,Luxembourg,1,2022
22706,Serbia,Luxembourg,1,2022
20446,Serbia,Montenegro,1,2022
19711,Serbia,Morocco,-1,2022
19788,Serbia,Nigeria,1,2022
21367,Serbia,Paraguay,1,2022
21240,Serbia,Portugal,-1,2022
22164,Serbia,Portugal,-1,2022
22978,Serbia,Qatar,1,2022
22094,Serbia,Republic of Ireland,1,2022
20179,Serbia,Romania,-1,2022
22057,Serbia,Russia,1,2022
21934,Serbia,Scotland,-1,2022
20012,Serbia,Switzerland,-1,2022
21758,Serbia,Turkey,-1,2022
21621,Serbia,Ukraine,-1,2022
19789,Seychelles,Eswatini,-1,2022
20457,Seychelles,Libya,-1,2022
21123,Seychelles,Madagascar,-1,2022
21132,Seychelles,Mayotte,-1,2022
20785,Seychelles,Mozambique,-1,2022
20146,Seychelles,Nigeria,-1,2022
21212,Seychelles,Rwanda,-1,2022
20361,Seychelles,South Africa,-1,2022
21436,Seychelles,South Sudan,-1,2022
21002,Shetland,Isle of Man,-1,2022
22490,Sierra Leone,Benin,1,2022
23029,Sierra Leone,Comoros,-1,2022
21526,Sierra Leone,Lesotho,-1,2022
21268,Sierra Leone,Liberia,1,2022
22046,Sierra Leone,Nigeria,-1,2022
22818,Sierra Leone,South Sudan,-1,2022
22276,Singapore,Afghanistan,-1,2022
20213,Singapore,Fiji,1,2022
20387,Singapore,Indonesia,1,2022
23175,Singapore,Indonesia,-1,2022
23177,Singapore,Indonesia,-1,2022
19712,Singapore,Maldives,1,2022
20116,Singapore,Mauritius,-1,2022
20260,Singapore,Mongolia,1,2022
20937,Singapore,Myanmar,-1,2022
23136,Singapore,Myanmar,1,2022
21319,Singapore,Palestine,1,2022
23149,Singapore,Philippines,1,2022
20887,Singapore,Solomon Islands,1,2022
23171,Singapore,Thailand,-1,2022
20539,Singapore,Timor-Leste,1,2022
23163,Singapore,Timor-Leste,1,2022
21500,Singapore,Uzbekistan,-1,2022
21202,Singapore,Yemen,-1,2022
20062,Sint Maarten,Anguilla,-1,2022
20536,Sint Maarten,Dominica,-1,2022
21466,Sint Maarten,Guadeloupe,-1,2022
20633,Sint Maarten,Saint Barthélemy,-1,2022
20704,Sint Maarten,Saint Martin,1,2022
21375,Sint Maarten,Turks and Caicos Islands,-1,2022
21661,Slovakia,Azerbaijan,1,2022
22288,Slovakia,Bulgaria,-1,2022
21223,Slovakia,Croatia,-1,2022
22717,Slovakia,Croatia,-1,2022
22782,Slovakia,Cyprus,1,2022
20279,Slovakia,Czech Republic,-1,2022
21743,Slovakia,Czech Republic,-1,2022
20077,Slovakia,Denmark,1,2022
20654,Slovakia,Hungary,1,2022
21895,Slovakia,Israel,-1,2022
20835,Slovakia,Jordan,1,2022
22172,Slovakia,Malta,-1,2022
19917,Slovakia,Morocco,-1,2022
19856,Slovakia,Netherlands,-1,2022
21445,Slovakia,Paraguay,-1,2022
21811,Slovakia,Republic of Ireland,-1,2022
22235,Slovakia,Russia,1,2022
21988,Slovakia,Scotland,1,2022
23000,Slovakia,Slovenia,-1,2022
20417,Slovakia,Ukraine,1,2022
19686,Slovakia,United Arab Emirates,1,2022
21354,Slovakia,Wales,-1,2022
21429,Slovenia,Austria,-1,2022
21925,Slovenia,Azerbaijan,-1,2022
19790,Slovenia,Belarus,-1,2022
20083,Slovenia,Bulgaria,-1,2022
22103,Slovenia,Croatia,1,2022
20334,Slovenia,Cyprus,-1,2022
23059,Slovenia,Cyprus,1,2022
22333,Slovenia,Gibraltar,1,2022
21735,Slovenia,Greece,-1,2022
21278,Slovenia,Israel,1,2022
21996,Slovenia,Kosovo,1,2022
21596,Slovenia,Latvia,1,2022
22715,Slovenia,Malta,1,2022
21761,Slovenia,Moldova,1,2022
20722,Slovenia,North Macedonia,-1,2022
20419,Slovenia,Norway,-1,2022
21225,Slovenia,Poland,1,2022
22917,Slovenia,Russia,-1,2022
21797,Slovenia,San Marino,1,2022
22656,Slovenia,Slovakia,-1,2022
21107,Solomon Islands,American Samoa,1,2022
21094,Solomon Islands,New Caledonia,-1,2022
21100,Solomon Islands,Tahiti,-1,2022
20642,Solomon Islands,Vanuatu,1,2022
21213,Somalia,Zimbabwe,1,2022
19669,South Africa,Angola,-1,2022
19962,South Africa,Botswana,1,2022
20798,South Africa,Botswana,-1,2022
22571,South Africa,Botswana,1,2022
22576,South Africa,Eswatini,1,2022
22949,South Africa,Ethiopia,1,2022
22136,South Africa,Ghana,-1,2022
22749,South Africa,Ghana,1,2022
22593,South Africa,Lesotho,1,2022
20135,South Africa,Libya,-1,2022
19905,South Africa,Madagascar,-1,2022
20860,South Africa,Malawi,-1,2022
21446,South Africa,Mali,1,2022
21063,South Africa,Morocco,-1,2022
22607,South Africa,Mozambique,1,2022
19927,South Africa,Namibia,1,2022
21044,South Africa,Namibia,1,2022
21803,South Africa,Namibia,-1,2022
20466,South Africa,Nigeria,-1,2022
20530,South Africa,Paraguay,-1,2022
22613,South Africa,Senegal,-1,2022
20299,South Africa,Seychelles,1,2022
21611,South Africa,Sudan,1,2022
21963,South Africa,São Tomé and Príncipe,1,2022
22012,South Africa,São Tomé and Príncipe,1,2022
20821,South Africa,Uganda,-1,2022
22426,South Africa,Uganda,1,2022
21860,South Africa,Zambia,-1,2022
22598,South Africa,Zambia,-1,2022
22983,South Africa,Zimbabwe,1,2022
20866,South Korea,Australia,1,2022
20621,South Korea,Bahrain,1,2022
19945,South Korea,Bolivia,-1,2022
20665,South Korea,Bolivia,1,2022
19867,South Korea,Bosnia and Herzegovina,-1,2022
20206,South Korea,Chile,-1,2022
20607,South Korea,China PR,1,2022
21717,South Korea,China PR,1,2022
20760,South Korea,Colombia,1,2022
20112,South Korea,Costa Rica,1,2022
21173,South Korea,Georgia,-1,2022
20027,South Korea,Germany,1,2022
19833,South Korea,Honduras,1,2022
21715,South Korea,Hong Kong,1,2022
20935,South Korea,Iran,-1,2022
22667,South Korea,Iraq,-1,2022
21719,South Korea,Japan,1,2022
22455,South Korea,Lebanon,1,2022
22766,South Korea,Lebanon,1,2022
20014,South Korea,Mexico,-1,2022
20348,South Korea,Panama,-1,2022
20580,South Korea,Philippines,1,2022
20625,South Korea,Qatar,-1,2022
22029,South Korea,Qatar,1,2022
20570,South Korea,Saudi Arabia,-1,2022
19983,South Korea,Senegal,-1,2022
21391,South Korea,Sri Lanka,1,2022
22424,South Korea,Sri Lanka,1,2022
22821,South Korea,Syria,1,2022
22355,South Korea,Turkmenistan,1,2022
22990,South Korea,United Arab Emirates,1,2022
20256,South Korea,Uruguay,1,2022
20525,South Korea,Uzbekistan,1,2022
20839,South Ossetia,Chameria,-1,2022
21146,South Ossetia,Luhansk PR,1,2022
20815,South Ossetia,Padania,1,2022
20819,South Ossetia,Székely Land,-1,2022
21609,South Sudan,Burkina Faso,-1,2022
20435,South Sudan,Burundi,-1,2022
21170,South Sudan,Equatorial Guinea,-1,2022
20374,South Sudan,Gabon,-1,2022
22955,South Sudan,Gambia,-1,2022
22107,South Sudan,Malawi,-1,2022
20168,South Sudan,Mali,-1,2022
21348,South Sudan,Seychelles,1,2022
22011,South Sudan,Uganda,1,2022
19791,Spain,Argentina,1,2022
20474,Spain,Bosnia and Herzegovina,1,2022
20192,Spain,Croatia,1,2022
20321,Spain,England,-1,2022
21254,Spain,Faroe Islands,1,2022
22909,Spain,France,-1,2022
22726,Spain,Georgia,1,2022
22020,Spain,Germany,1,2022
22123,Spain,Greece,-1,2022
22249,Spain,Kosovo,1,2022
22403,Spain,Lithuania,1,2022
21576,Spain,Malta,1,2022
20021,Spain,Morocco,-1,2022
20693,Spain,Norway,1,2022
22505,Spain,Poland,-1,2022
22334,Spain,Portugal,-1,2022
21642,Spain,Romania,1,2022
23183,Spain,Russia,-1,2022
22523,Spain,Slovakia,1,2022
20911,Spain,Sweden,1,2022
22466,Spain,Sweden,-1,2022
23055,Spain,Sweden,1,2022
19900,Spain,Switzerland,-1,2022
21827,Spain,Switzerland,1,2022
21755,Spain,Ukraine,1,2022
22810,Sri Lanka,Bangladesh,-1,2022
23083,Sri Lanka,Bangladesh,1,2022
21508,Sri Lanka,Lebanon,-1,2022
20943,Sri Lanka,Macau,1,2022
20261,Sri Lanka,Malaysia,-1,2022
22972,Sri Lanka,Maldives,-1,2022
22813,Sri Lanka,Nepal,-1,2022
21327,Sri Lanka,North Korea,-1,2022
23031,Sri Lanka,Seychelles,-1,2022
23116,Sri Lanka,Seychelles,-1,2022
21210,Sri Lanka,Turkmenistan,-1,2022
21334,Sudan,Chad,-1,2022
23134,Sudan,Egypt,-1,2022
20680,Sudan,Equatorial Guinea,-1,2022
23181,Sudan,Ethiopia,-1,2022
22038,Sudan,Ghana,1,2022
22814,Sudan,Guinea,-1,2022
22763,Sudan,Guinea-Bissau,-1,2022
22631,Sudan,Niger,1,2022
20372,Sudan,Senegal,-1,2022
22199,Sudan,South Africa,1,2022
21519,Sudan,São Tomé and Príncipe,1,2022
22456,Sudan,Zambia,-1,2022
22338,Suriname,Bermuda,1,2022
20295,Suriname,British Virgin Islands,1,2022
22089,Suriname,Cayman Islands,1,2022
22609,Suriname,Costa Rica,-1,2022
21587,Suriname,Dominica,1,2022
22618,Suriname,Guadeloupe,1,2022
21263,Suriname,Nicaragua,1,2022
20707,Suriname,Saint Kitts and Nevis,1,2022
21465,Suriname,Saint Vincent and the Grenadines,-1,2022
22350,Sweden,Armenia,1,2022
19729,Sweden,Chile,-1,2022
21969,Sweden,Croatia,1,2022
19880,Sweden,Denmark,-1,2022
20046,Sweden,England,-1,2022
22247,Sweden,Estonia,1,2022
21643,Sweden,Faroe Islands,1,2022
22277,Sweden,Finland,1,2022
21749,Sweden,France,-1,2022
22124,Sweden,Georgia,1,2022
22936,Sweden,Greece,1,2022
22866,Sweden,Kosovo,1,2022
20855,Sweden,Malta,1,2022
21255,Sweden,Norway,-1,2022
19967,Sweden,Peru,-1,2022
22524,Sweden,Poland,1,2022
21776,Sweden,Portugal,-1,2022
20692,Sweden,Romania,1,2022
20506,Sweden,Russia,1,2022
20353,Sweden,Slovakia,-1,2022
22502,Sweden,Slovakia,1,2022
19998,Sweden,South Korea,1,2022
21470,Sweden,Spain,-1,2022
22674,Sweden,Spain,1,2022
20041,Sweden,Switzerland,1,2022
20176,Sweden,Turkey,-1,2022
22546,Sweden,Ukraine,-1,2022
22721,Sweden,Uzbekistan,1,2022
20467,Switzerland,Belgium,1,2022
23070,Switzerland,Bulgaria,1,2022
20030,Switzerland,Costa Rica,-1,2022
21798,Switzerland,Croatia,-1,2022
20770,Switzerland,Denmark,-1,2022
20900,Switzerland,England,-1,2022
22248,Switzerland,Finland,1,2022
21574,Switzerland,Georgia,1,2022
21756,Switzerland,Germany,-1,2022
21251,Switzerland,Gibraltar,1,2022
22638,Switzerland,Greece,1,2022
20123,Switzerland,Iceland,1,2022
22728,Switzerland,Italy,-1,2022
19958,Switzerland,Japan,1,2022
22307,Switzerland,Liechtenstein,1,2022
22183,Switzerland,Lithuania,1,2022
22869,Switzerland,Northern Ireland,1,2022
19792,Switzerland,Panama,1,2022
20397,Switzerland,Qatar,-1,2022
21468,Switzerland,Republic of Ireland,1,2022
21971,Switzerland,Spain,-1,2022
22548,Switzerland,Spain,-1,2022
22510,Switzerland,Turkey,1,2022
22021,Switzerland,Ukraine,1,2022
22280,Switzerland,United States,1,2022
21554,Syria,China PR,1,2022
21493,Syria,Guam,1,2022
23096,Syria,Iran,-1,2022
22928,Syria,Lebanon,-1,2022
21376,Syria,Maldives,1,2022
23139,Syria,Mauritania,-1,2022
21088,Syria,North Korea,1,2022
20578,Syria,Palestine,-1,2022
21682,Syria,Philippines,1,2022
23129,Syria,Tunisia,1,2022
22765,Syria,United Arab Emirates,-1,2022
21140,Syria,Yemen,-1,2022
19894,Székely Land,Matabeleland,1,2022
19861,Székely Land,Tuvalu,1,2022
20814,Székely Land,Western Armenia,-1,2022
20813,Sápmi,Abkhazia,-1,2022
20889,Sápmi,Székely Land,1,2022
21632,São Tomé and Príncipe,Ghana,-1,2022
21169,São Tomé and Príncipe,Guinea-Bissau,-1,2022
21435,São Tomé and Príncipe,Mauritius,1,2022
22109,São Tomé and Príncipe,Sudan,-1,2022
21115,Tahiti,American Samoa,1,2022
21087,Tahiti,Fiji,-1,2022
19670,Tahiti,New Caledonia,-1,2022
19730,Tahiti,New Caledonia,1,2022
21108,Tahiti,New Caledonia,-1,2022
21496,Taiwan,Australia,-1,2022
21156,Taiwan,Guam,1,2022
20390,Taiwan,Hong Kong,-1,2022
22926,Taiwan,Indonesia,-1,2022
21197,Taiwan,Jordan,-1,2022
19961,Taiwan,Kenya,-1,2022
20110,Taiwan,Malaysia,1,2022
20395,Taiwan,Mongolia,1,2022
20833,Taiwan,Nepal,-1,2022
21315,Taiwan,Nepal,-1,2022
19926,Taiwan,New Zealand,-1,2022
20437,Taiwan,North Korea,-1,2022
19793,Taiwan,Singapore,1,2022
20714,Taiwan,Solomon Islands,-1,2022
20836,Tajikistan,Afghanistan,-1,2022
21504,Tajikistan,Japan,-1,2022
21206,Tajikistan,Kyrgyzstan,1,2022
22145,Tajikistan,Mongolia,1,2022
22478,Tajikistan,Myanmar,1,2022
21121,Tajikistan,North Korea,-1,2022
21095,Tajikistan,Syria,1,2022
19907,Tamil Eelam,Cascadia,-1,2022
19949,Tamil Eelam,Tuvalu,1,2022
21061,Tanzania,Algeria,-1,2022
22837,Tanzania,Benin,-1,2022
21269,Tanzania,Burundi,-1,2022
21861,Tanzania,Burundi,-1,2022
20366,Tanzania,Cape Verde,1,2022
19794,Tanzania,DR Congo,1,2022
22986,Tanzania,DR Congo,-1,2022
21571,Tanzania,Equatorial Guinea,1,2022
22201,Tanzania,Libya,1,2022
22764,Tanzania,Madagascar,1,2022
22457,Tanzania,Malawi,1,2022
22043,Tanzania,Tunisia,-1,2022
20730,Tanzania,Uganda,1,2022
23150,Tanzania,Uganda,-1,2022
20959,Tanzania,Zimbabwe,-1,2022
19876,Thailand,China PR,-1,2022
20617,Thailand,China PR,-1,2022
21368,Thailand,Congo,-1,2022
19687,Thailand,Gabon,-1,2022
20576,Thailand,India,-1,2022
20453,Thailand,Indonesia,1,2022
22318,Thailand,Indonesia,-1,2022
20546,Thailand,Malaysia,-1,2022
22480,Thailand,Malaysia,-1,2022
23159,Thailand,Myanmar,1,2022
20543,Thailand,Singapore,1,2022
19742,Thailand,Slovakia,-1,2022
22278,Thailand,Tajikistan,-1,2022
20388,Thailand,Timor-Leste,1,2022
20313,Thailand,Trinidad and Tobago,1,2022
21505,Thailand,United Arab Emirates,1,2022
21207,Thailand,Vietnam,-1,2022
23178,Thailand,Vietnam,-1,2022
19950,Tibet,Kabylia,-1,2022
19975,Tibet,United Koreans in Japan,-1,2022
20068,Timor-Leste,Brunei,1,2022
20454,Timor-Leste,Philippines,-1,2022
23158,Timor-Leste,Philippines,-1,2022
23135,Timor-Leste,Thailand,-1,2022
20485,Togo,Algeria,-1,2022
20169,Togo,Benin,-1,2022
21336,Togo,Comoros,1,2022
21532,Togo,Comoros,-1,2022
22880,Togo,Congo,-1,2022
22042,Togo,Egypt,-1,2022
20264,Togo,Gambia,-1,2022
22211,Togo,Kenya,-1,2022
22724,Togo,Namibia,-1,2022
22985,Togo,Senegal,-1,2022
21864,Togo,Sudan,-1,2022
21105,Tonga,Vanuatu,-1,2022
21515,Trinidad and Tobago,Anguilla,1,2022
22602,Trinidad and Tobago,El Salvador,-1,2022
22569,Trinidad and Tobago,French Guiana,-1,2022
21037,Trinidad and Tobago,Guyana,-1,2022
22122,Trinidad and Tobago,Guyana,1,2022
21370,Trinidad and Tobago,Honduras,-1,2022
21283,Trinidad and Tobago,Martinique,-1,2022
22553,Trinidad and Tobago,Montserrat,1,2022
19803,Trinidad and Tobago,Panama,-1,2022
22414,Trinidad and Tobago,Saint Kitts and Nevis,1,2022
20094,Trinidad and Tobago,United Arab Emirates,1,2022
22442,Tunisia,Algeria,-1,2022
23169,Tunisia,Algeria,-1,2022
21023,Tunisia,Angola,-1,2022
20979,Tunisia,Burundi,1,2022
21417,Tunisia,Cameroon,-1,2022
19795,Tunisia,Costa Rica,1,2022
22351,Tunisia,DR Congo,1,2022
23164,Tunisia,Egypt,1,2022
20000,Tunisia,England,-1,2022
22200,Tunisia,Equatorial Guinea,1,2022
22695,Tunisia,Equatorial Guinea,1,2022
20685,Tunisia,Eswatini,1,2022
19713,Tunisia,Iran,1,2022
20867,Tunisia,Iraq,1,2022
21572,Tunisia,Libya,1,2022
21045,Tunisia,Mali,-1,2022
22485,Tunisia,Mali,1,2022
21218,Tunisia,Mauritania,1,2022
22831,Tunisia,Mauritania,1,2022
23120,Tunisia,Mauritania,1,2022
20531,Tunisia,Morocco,-1,2022
20302,Tunisia,Niger,1,2022
21111,Tunisia,Nigeria,-1,2022
23153,Tunisia,Oman,1,2022
19972,Tunisia,Spain,-1,2022
21824,Tunisia,Sudan,1,2022
21965,Tunisia,Tanzania,1,2022
23140,Tunisia,United Arab Emirates,1,2022
23086,Tunisia,Zambia,1,2022
21398,Turkey,Albania,1,2022
21243,Turkey,Andorra,1,2022
22269,Turkey,Azerbaijan,1,2022
20242,Turkey,Bosnia and Herzegovina,-1,2022
21926,Turkey,Croatia,-1,2022
20877,Turkey,France,1,2022
23043,Turkey,Gibraltar,1,2022
20792,Turkey,Greece,1,2022
22283,Turkey,Guinea,-1,2022
21731,Turkey,Hungary,-1,2022
21538,Turkey,Iceland,-1,2022
19832,Turkey,Iran,1,2022
22232,Turkey,Latvia,-1,2022
20749,Turkey,Moldova,1,2022
22308,Turkey,Moldova,1,2022
22654,Turkey,Montenegro,-1,2022
22099,Turkey,Netherlands,1,2022
22851,Turkey,Norway,-1,2022
19714,Turkey,Republic of Ireland,1,2022
20103,Turkey,Russia,-1,2022
21990,Turkey,Russia,1,2022
21897,Turkey,Serbia,-1,2022
20444,Turkey,Sweden,-1,2022
19866,Turkey,Tunisia,-1,2022
20532,Turkey,Ukraine,-1,2022
20804,Turkey,Uzbekistan,1,2022
22491,Turkey,Wales,-1,2022
22420,Turkmenistan,Lebanon,1,2022
21568,Turkmenistan,North Korea,1,2022
21326,Turkmenistan,South Korea,-1,2022
21695,Turkmenistan,Sri Lanka,1,2022
20898,Turkmenistan,Uganda,-1,2022
20601,Turkmenistan,Uzbekistan,-1,2022
21311,Turks and Caicos Islands,Guadeloupe,-1,2022
20294,Turks and Caicos Islands,Guyana,-1,2022
22360,Turks and Caicos Islands,Haiti,-1,2022
22161,Turks and Caicos Islands,Nicaragua,-1,2022
20480,Turks and Caicos Islands,Saint Vincent and the Grenadines,1,2022
21546,Turks and Caicos Islands,Sint Maarten,1,2022
19912,Tuvalu,Matabeleland,-1,2022
21086,Tuvalu,Solomon Islands,-1,2022
21092,Tuvalu,Tahiti,-1,2022
22108,Uganda,Burkina Faso,-1,2022
20459,Uganda,Cape Verde,1,2022
22980,Uganda,Kenya,-1,2022
20304,Uganda,Lesotho,1,2022
19796,Uganda,Malawi,-1,2022
21610,Uganda,Malawi,1,2022
22748,Uganda,Mali,-1,2022
22898,Uganda,Rwanda,1,2022
21073,Uganda,Senegal,-1,2022
21947,Uganda,South Sudan,1,2022
19731,Uganda,São Tomé and Príncipe,1,2022
20139,Uganda,Tanzania,-1,2022
21034,Uganda,Zimbabwe,-1,2022
22517,Ukraine,Austria,-1,2022
22264,Ukraine,Bahrain,-1,2022
22940,Ukraine,Bosnia and Herzegovina,-1,2022
22979,Ukraine,Bulgaria,-1,2022
22378,Ukraine,Cyprus,1,2022
20331,Ukraine,Czech Republic,1,2022
22556,Ukraine,England,-1,2022
21552,Ukraine,Estonia,1,2022
22186,Ukraine,Finland,-1,2022
22708,Ukraine,France,-1,2022
21828,Ukraine,Germany,-1,2022
19797,Ukraine,Japan,1,2022
22254,Ukraine,Kazakhstan,-1,2022
21395,Ukraine,Lithuania,1,2022
20906,Ukraine,Luxembourg,1,2022
19851,Ukraine,Morocco,-1,2022
21297,Ukraine,Nigeria,-1,2022
22495,Ukraine,North Macedonia,1,2022
22309,Ukraine,Northern Ireland,1,2022
21455,Ukraine,Portugal,1,2022
19715,Ukraine,Saudi Arabia,-1,2022
20850,Ukraine,Serbia,1,2022
20150,Ukraine,Slovakia,1,2022
21868,Ukraine,Spain,1,2022
21729,Ukraine,Switzerland,1,2022
20626,United Arab Emirates,Australia,1,2022
20575,United Arab Emirates,Bahrain,-1,2022
22007,United Arab Emirates,Bahrain,-1,2022
20431,United Arab Emirates,Bolivia,-1,2022
21157,United Arab Emirates,Dominican Republic,1,2022
20590,United Arab Emirates,India,1,2022
22215,United Arab Emirates,India,1,2022
21388,United Arab Emirates,Indonesia,1,2022
22445,United Arab Emirates,Indonesia,1,2022
22822,United Arab Emirates,Iran,-1,2022
21702,United Arab Emirates,Iraq,-1,2022
22068,United Arab Emirates,Iraq,-1,2022
22929,United Arab Emirates,Iraq,-1,2022
22266,United Arab Emirates,Jordan,1,2022
20566,United Arab Emirates,Kuwait,-1,2022
20620,United Arab Emirates,Kyrgyzstan,1,2022
22669,United Arab Emirates,Lebanon,-1,2022
22317,United Arab Emirates,Malaysia,1,2022
20629,United Arab Emirates,Qatar,-1,2022
20649,United Arab Emirates,Saudi Arabia,1,2022
21161,United Arab Emirates,Sri Lanka,1,2022
20767,United Arab Emirates,Syria,-1,2022
23121,United Arab Emirates,Syria,1,2022
21941,United Arab Emirates,Tajikistan,1,2022
20603,United Arab Emirates,Thailand,-1,2022
22388,United Arab Emirates,Thailand,1,2022
21865,United Arab Emirates,Uzbekistan,-1,2022
20354,United Arab Emirates,Venezuela,-1,2022
22481,United Arab Emirates,Vietnam,1,2022
20533,United Arab Emirates,Yemen,1,2022
21699,United Arab Emirates,Yemen,1,2022
19896,United Koreans in Japan,Kabylia,-1,2022
19931,United Koreans in Japan,Tuvalu,1,2022
19863,United Koreans in Japan,Western Armenia,-1,2022
19825,United States,Bolivia,1,2022
19654,United States,Bosnia and Herzegovina,-1,2022
23170,United States,Bosnia and Herzegovina,1,2022
20117,United States,Brazil,-1,2022
21582,United States,Canada,1,2022
22617,United States,Canada,1,2022
22744,United States,Canada,-1,2022
20768,United States,Chile,-1,2022
20243,United States,Colombia,-1,2022
20631,United States,Costa Rica,1,2022
21727,United States,Costa Rica,1,2022
22423,United States,Costa Rica,1,2022
22959,United States,Costa Rica,1,2022
21401,United States,Cuba,1,2022
21059,United States,Curaçao,1,2022
20650,United States,Ecuador,1,2022
22067,United States,El Salvador,1,2022
20987,United States,Guyana,1,2022
22589,United States,Haiti,1,2022
22311,United States,Honduras,1,2022
20829,United States,Jamaica,-1,2022
21071,United States,Jamaica,1,2022
22116,United States,Jamaica,1,2022
22625,United States,Jamaica,1,2022
22827,United States,Jamaica,1,2022
22605,United States,Martinique,1,2022
20214,United States,Mexico,1,2022
21080,United States,Mexico,-1,2022
21219,United States,Mexico,-1,2022
22372,United States,Mexico,1,2022
22628,United States,Mexico,1,2022
23017,United States,Mexico,1,2022
20627,United States,Panama,1,2022
21038,United States,Panama,1,2022
22008,United States,Panama,1,2022
19798,United States,Paraguay,1,2022
20355,United States,Peru,-1,2022
22627,United States,Qatar,1,2022
21013,United States,Trinidad and Tobago,1,2022
22075,United States,Trinidad and Tobago,1,2022
21298,United States,Uruguay,-1,2022
20899,United States,Venezuela,-1,2022
22157,United States Virgin Islands,Antigua and Barbuda,-1,2022
21491,United States Virgin Islands,Barbados,-1,2022
20163,United States Virgin Islands,Canada,-1,2022
21192,United States Virgin Islands,Cayman Islands,-1,2022
20270,United States Virgin Islands,Curaçao,-1,2022
22356,United States Virgin Islands,El Salvador,-1,2022
21674,United States Virgin Islands,Saint Martin,-1,2022
23026,Uruguay,Argentina,-1,2022
22739,Uruguay,Bolivia,1,2022
22036,Uruguay,Brazil,-1,2022
21806,Uruguay,Chile,1,2022
22518,Uruguay,Chile,-1,2022
22558,Uruguay,Colombia,-1,2022
22842,Uruguay,Colombia,-1,2022
19716,Uruguay,Czech Republic,1,2022
20965,Uruguay,Ecuador,1,2022
22805,Uruguay,Ecuador,1,2022
20044,Uruguay,France,-1,2022
20999,Uruguay,Japan,-1,2022
20868,Uruguay,Panama,1,2022
22320,Uruguay,Paraguay,-1,2022
22544,Uruguay,Paraguay,1,2022
21051,Uruguay,Peru,-1,2022
21400,Uruguay,Peru,1,2022
20036,Uruguay,Portugal,1,2022
23184,Uruguay,Russia,1,2022
20005,Uruguay,Saudi Arabia,1,2022
19943,Uruguay,Uzbekistan,1,2022
20215,Uzbekistan,Iran,-1,2022
21804,Uzbekistan,Iran,-1,2022
22031,Uzbekistan,Iraq,-1,2022
22205,Uzbekistan,Iraq,-1,2022
21513,Uzbekistan,Kyrgyzstan,1,2022
20415,Uzbekistan,Lebanon,-1,2022
22886,Uzbekistan,Malaysia,1,2022
20290,Uzbekistan,North Korea,1,2022
20869,Uzbekistan,North Korea,1,2022
20587,Uzbekistan,Oman,1,2022
21687,Uzbekistan,Palestine,1,2022
20356,Uzbekistan,Qatar,1,2022
21559,Uzbekistan,Saudi Arabia,-1,2022
22384,Uzbekistan,Singapore,1,2022
20095,Uzbekistan,Syria,-1,2022
20938,Uzbekistan,Syria,1,2022
21942,Uzbekistan,Syria,-1,2022
21382,Uzbekistan,Yemen,1,2022
20915,Vanuatu,Fiji,-1,2022
20398,Vanuatu,New Caledonia,-1,2022
20452,Vanuatu,New Caledonia,-1,2022
20811,Vanuatu,Tahiti,1,2022
20712,Vatican City,Raetia,-1,2022
21047,Venezuela,Argentina,-1,2022
22688,Venezuela,Argentina,-1,2022
21369,Venezuela,Bolivia,1,2022
22839,Venezuela,Brazil,-1,2022
22033,Venezuela,Chile,1,2022
20118,Venezuela,Colombia,-1,2022
20796,Venezuela,Ecuador,-1,2022
22511,Venezuela,Ecuador,-1,2022
22903,Venezuela,Ecuador,1,2022
21883,Venezuela,Paraguay,-1,2022
20951,Venezuela,Peru,-1,2022
22539,Venezuela,Peru,-1,2022
23112,Venezuela,Peru,-1,2022
21462,Venezuela,Trinidad and Tobago,1,2022
22417,Venezuela,Uruguay,-1,2022
22769,Vietnam,Australia,-1,2022
20540,Vietnam,Cambodia,1,2022
23173,Vietnam,Cambodia,1,2022
22389,Vietnam,Indonesia,1,2022
20596,Vietnam,Iran,-1,2022
20624,Vietnam,Japan,-1,2022
22992,Vietnam,Japan,-1,2022
20433,Vietnam,Malaysia,1,2022
20550,Vietnam,Malaysia,1,2022
21389,Vietnam,Malaysia,1,2022
23161,Vietnam,Malaysia,1,2022
20560,Vietnam,North Korea,-1,2022
20547,Vietnam,Philippines,1,2022
23098,Vietnam,Saudi Arabia,-1,2022
21693,Vietnam,Thailand,-1,2022
23176,Vietnam,Thailand,-1,2022
21565,Vietnam,United Arab Emirates,1,2022
20610,Vietnam,Yemen,1,2022
22352,Wales,Albania,-1,2022
21222,Wales,Azerbaijan,1,2022
21272,Wales,Belarus,1,2022
23040,Wales,Belarus,1,2022
23106,Wales,Belgium,-1,2022
21759,Wales,Bulgaria,1,2022
21427,Wales,Croatia,-1,2022
22228,Wales,Czech Republic,1,2022
20418,Wales,Denmark,-1,2022
22535,Wales,Denmark,-1,2022
22791,Wales,Estonia,-1,2022
22059,Wales,Finland,1,2022
21660,Wales,Hungary,1,2022
22156,Wales,Mexico,1,2022
20081,Wales,Republic of Ireland,1,2022
21992,Wales,Republic of Ireland,1,2022
20718,Wales,Slovakia,1,2022
20244,Wales,Spain,-1,2022
22452,Wales,Switzerland,-1,2022
20645,Wales,Trinidad and Tobago,1,2022
21943,Wales,United States,-1,2022
19750,Wales,Uruguay,-1,2022
19914,Western Armenia,Kabylia,1,2022
20808,Western Armenia,South Ossetia,-1,2022
20902,Western Armenia,South Ossetia,-1,2022
19935,Western Armenia,Székely Land,-1,2022
20981,Western Isles,Orkney,-1,2022
20994,Western Isles,Saint Helena,1,2022
20597,Yemen,Iraq,-1,2022
21707,Yemen,Iraq,-1,2022
21144,Yemen,Lebanon,1,2022
19799,Yemen,Nepal,1,2022
21135,Yemen,Palestine,-1,2022
21560,Yemen,Palestine,1,2022
21318,Yemen,Saudi Arabia,-1,2022
21688,Yemen,Singapore,-1,2022
20569,Yemen,Syria,-1,2022
22433,Yemen,Uzbekistan,-1,2022
21003,Ynys Môn,Guernsey,1,2022
20980,Ynys Môn,Jersey,1,2022
20972,Ynys Môn,Orkney,1,2022
20946,Ynys Môn,Saint Helena,1,2022
20997,Ynys Môn,Shetland,1,2022
20961,Ynys Môn,Western Isles,1,2022
19743,Yorkshire,Chagos Islands,1,2022
19655,Yorkshire,Ellan Vannin,-1,2022
20479,Yorkshire,Panjab,1,2022
20797,Yorkshire,Parishes of Jersey,1,2022
20777,Yorkshire,Somaliland,1,2022
22142,Zambia,Algeria,-1,2022
21952,Zambia,Botswana,1,2022
22893,Zambia,Equatorial Guinea,-1,2022
22582,Zambia,Eswatini,-1,2022
20227,Zambia,Guinea-Bissau,1,2022
22575,Zambia,Lesotho,-1,2022
19940,Zambia,Madagascar,1,2022
20799,Zambia,Malawi,-1,2022
21799,Zambia,Malawi,1,2022
23032,Zambia,Mauritania,1,2022
19886,Zambia,Namibia,-1,2022
20702,Zambia,Namibia,1,2022
19732,Zambia,South Africa,-1,2022
22756,Zambia,Tunisia,-1,2022
19671,Zambia,Zimbabwe,-1,2022
19964,Zambia,Zimbabwe,-1,2022
21654,Zambia,Zimbabwe,-1,2022
22015,Zimbabwe,Algeria,-1,2022
19804,Zimbabwe,Botswana,-1,2022
19906,Zimbabwe,Botswana,-1,2022
21570,Zimbabwe,Botswana,-1,2022
20795,Zimbabwe,Comoros,1,2022
20728,Zimbabwe,Congo,1,2022
20378,Zimbabwe,DR Congo,-1,2022
21055,Zimbabwe,DR Congo,-1,2022
23048,Zimbabwe,Ethiopia,-1,2022
22948,Zimbabwe,Ghana,-1,2022
21337,Zimbabwe,Somalia,1,2022
22699,Zimbabwe,South Africa,-1,2022
20823,Zimbabwe,Zambia,-1,2022
22214,Zimbabwe,Zambia,-1,2022
