,home_team,away_team,home_win,year
21612,Chile,Armenia,1,2002
21613,Tunisia,Algeria,-1,2002
21614,Egypt,Belarus,1,2002
21615,Paraguay,Armenia,1,2002
21616,Togo,Ghana,1,2002
21617,Ivory Coast,Guinea,1,2002
21618,Namibia,Liberia,-1,2002
21619,Sierra Leone,Gabon,1,2002
21620,Zambia,South Africa,-1,2002
21621,Bolivia,Ecuador,1,2002
21622,Burkina Faso,Guinea,-1,2002
21623,Cameroon,Angola,-1,2002
21624,DR Congo,Congo,-1,2002
21625,Ghana,Morocco,-1,2002
21626,Kenya,Nigeria,-1,2002
21627,Lebanon,Algeria,-1,2002
21628,Peru,Chile,1,2002
21629,Tunisia,Egypt,1,2002
21630,Uruguay,Argentina,-1,2002
21631,Venezuela,Paraguay,-1,2002
21632,Zimbabwe,Togo,1,2002
21633,United States,Peru,-1,2002
21634,Australia,New Zealand,1,2002
21635,South Korea,Norway,1,2002
21636,Benin,Togo,-1,2002
21637,Mozambique,Zimbabwe,-1,2002
21638,United States,Mexico,-1,2002
21639,Australia,South Korea,1,2002
21640,Israel,Greece,-1,2002
21641,Italy,Northern Ireland,1,2002
21642,Mexico,Peru,-1,2002
21643,New Zealand,Norway,-1,2002
21644,Portugal,France,-1,2002
21645,Australia,Norway,1,2002
21646,South Korea,New Zealand,1,2002
21647,Malawi,Zambia,-1,2002
21648,Cameroon,Namibia,1,2002
21649,Chile,Honduras,1,2002
21650,Guinea,Tunisia,1,2002
21651,Ivory Coast,Benin,1,2002
21652,Lebanon,Estonia,1,2002
21653,Liberia,Togo,-1,2002
21654,Mali,Algeria,1,2002
21655,Mozambique,Mauritius,1,2002
21656,Eswatini,Lesotho,1,2002
21657,Tanzania,DR Congo,-1,2002
21658,Zimbabwe,Ghana,-1,2002
21659,China PR,United States,1,2002
21660,China PR,United States,-1,2002
21661,Bolivia,Slovakia,-1,2002
21662,Lebanon,Jordan,1,2002
21663,Costa Rica,Slovakia,-1,2002
21664,Mexico,Ecuador,1,2002
21665,Jordan,Lebanon,-1,2002
21666,Russia,Serbia,-1,2002
21667,Colombia,Slovakia,1,2002
21668,Lebanon,Jordan,-1,2002
21669,Thailand,Japan,-1,2002
21670,Russia,Switzerland,1,2002
21671,Ecuador,Uruguay,1,2002
21672,Estonia,Scotland,-1,2002
21673,Northern Ireland,Belgium,1,2002
21674,Thailand,Sweden,-1,2002
21675,Wales,Republic of Ireland,-1,2002
21676,Bolivia,Chile,-1,2002
21677,Colombia,Argentina,-1,2002
21678,England,Italy,-1,2002
21679,Jamaica,Venezuela,-1,2002
21680,Paraguay,Peru,1,2002
21681,Spain,Malta,1,2002
21682,Turkey,Finland,-1,2002
21683,Japan,Sweden,-1,2002
21684,Cyprus,Latvia,1,2002
21685,Lithuania,Poland,-1,2002
21686,Cyprus,Poland,-1,2002
21687,Latvia,Lithuania,1,2002
21688,Tonga,Solomon Islands,-1,2002
21689,Iraq,Jordan,1,2002
21690,Senegal,Mali,-1,2002
21691,Thailand,Sweden,-1,2002
21692,Cyprus,Lithuania,1,2002
21693,Fiji,Solomon Islands,-1,2002
21694,Latvia,Poland,-1,2002
21695,Kuwait,Egypt,1,2002
21696,Costa Rica,Venezuela,1,2002
21697,Greece,Portugal,-1,2002
21698,Guyana,French Guiana,1,2002
21699,Botswana,Eswatini,-1,2002
21700,China PR,Singapore,1,2002
21701,Fiji,Solomon Islands,1,2002
21702,Jamaica,Bermuda,1,2002
21703,Malaysia,Finland,1,2002
21704,Bosnia and Herzegovina,Vietnam,1,2002
21705,Hong Kong,South Korea,-1,2002
21706,Indonesia,Zimbabwe,-1,2002
21707,Malawi,Mozambique,1,2002
21708,Benin,Algeria,-1,2002
21709,Botswana,Lesotho,-1,2002
21710,China PR,Finland,1,2002
21711,Ethiopia,Egypt,-1,2002
21712,Guinea,Sierra Leone,1,2002
21713,Guyana,French Guiana,-1,2002
21714,Jamaica,Bermuda,1,2002
21715,Malaysia,Singapore,-1,2002
21716,Mali,Ivory Coast,-1,2002
21717,Mauritius,Zambia,-1,2002
21718,Tanzania,Liberia,-1,2002
21719,Togo,DR Congo,-1,2002
21720,Zimbabwe,Angola,1,2002
21721,Bosnia and Herzegovina,Zimbabwe,-1,2002
21722,Indonesia,Vietnam,1,2002
21723,Malaysia,China PR,-1,2002
21724,Singapore,Finland,-1,2002
21725,Bosnia and Herzegovina,Indonesia,1,2002
21726,Brazil,Poland,1,2002
21727,France,Netherlands,1,2002
21728,Israel,Germany,-1,2002
21729,Vietnam,Zimbabwe,-1,2002
21730,China PR,Zimbabwe,1,2002
21731,Malaysia,Bosnia and Herzegovina,-1,2002
21732,Azerbaijan,Estonia,-1,2002
21733,Botswana,Malawi,-1,2002
21734,Solomon Islands,Tonga,1,2002
21735,Bosnia and Herzegovina,China PR,-1,2002
21736,Jamaica,United States,-1,2002
21737,Lesotho,Zambia,-1,2002
21738,Mexico,Canada,1,2002
21739,Saudi Arabia,Syria,1,2002
21740,Thailand,South Korea,-1,2002
21741,Eswatini,Mozambique,-1,2002
21742,Aruba,Curaçao,1,2002
21743,Bahrain,Oman,1,2002
21744,Costa Rica,Cameroon,1,2002
21745,Saudi Arabia,Indonesia,1,2002
21746,Thailand,Hong Kong,1,2002
21747,Cyprus,Greece,-1,2002
21748,Czech Republic,Poland,1,2002
21749,Israel,Sweden,-1,2002
21750,North Macedonia,Australia,-1,2002
21751,Martinique,Saint Lucia,1,2002
21752,Saudi Arabia,Indonesia,1,2002
21753,Serbia,Russia,-1,2002
21754,El Salvador,Guatemala,-1,2002
21755,Saint Lucia,Saint Vincent and the Grenadines,1,2002
21756,Thailand,Japan,1,2002
21757,Taiwan,Saudi Arabia,-1,2002
21758,Costa Rica,Mexico,-1,2002
21759,Malaysia,Bangladesh,1,2002
21760,Namibia,Zimbabwe,1,2002
21761,United States,Canada,1,2002
21762,Austria,Slovenia,-1,2002
21763,Bangladesh,Taiwan,-1,2002
21764,Kuwait,Bahrain,1,2002
21765,Malaysia,Saudi Arabia,-1,2002
21766,Malta,Hungary,-1,2002
21767,United Arab Emirates,Lebanon,1,2002
21768,Bangladesh,Saudi Arabia,-1,2002
21769,Malaysia,Taiwan,1,2002
21770,Azerbaijan,Turkmenistan,1,2002
21771,Alderney,Guernsey,-1,2002
21772,Bolivia,Jamaica,1,2002
21773,Costa Rica,United States,1,2002
21774,Nepal,Macau,-1,2002
21775,Oman,Japan,-1,2002
21776,Panama,Belize,-1,2002
21777,Guatemala,Ecuador,-1,2002
21778,Macau,Japan,-1,2002
21779,Oman,Nepal,1,2002
21780,Nepal,Japan,-1,2002
21781,Oman,Macau,1,2002
21782,Saudi Arabia,Bangladesh,1,2002
21783,Taiwan,Bangladesh,-1,2002
21784,Albania,Ukraine,-1,2002
21785,Croatia,Denmark,-1,2002
21786,Cyprus,Russia,-1,2002
21787,England,Mexico,1,2002
21788,Italy,Moldova,1,2002
21789,Netherlands,San Marino,1,2002
21790,Northern Ireland,Portugal,-1,2002
21791,Romania,Liechtenstein,1,2002
21792,Saudi Arabia,Malaysia,1,2002
21793,Scotland,Estonia,1,2002
21794,Sierra Leone,Senegal,1,2002
21795,Tanzania,Burkina Faso,1,2002
21796,United Arab Emirates,Norway,-1,2002
21797,Wales,Belgium,-1,2002
21798,Belize,Panama,-1,2002
21799,China PR,Iraq,-1,2002
21800,Gabon,Togo,1,2002
21801,Georgia,Armenia,1,2002
21802,Hong Kong,Thailand,1,2002
21803,Bangladesh,Malaysia,-1,2002
21804,Luxembourg,Israel,-1,2002
21805,Malta,Slovakia,-1,2002
21806,Saudi Arabia,Taiwan,1,2002
21807,India,China PR,-1,2002
21808,Albania,Germany,-1,2002
21809,Azerbaijan,Finland,-1,2002
21810,Barbados,Grenada,-1,2002
21811,Bolivia,Argentina,1,2002
21812,Bosnia and Herzegovina,Greece,-1,2002
21813,Brazil,Chile,1,2002
21814,Bulgaria,Cyprus,1,2002
21815,Croatia,Slovenia,-1,2002
21816,Czech Republic,Serbia,-1,2002
21817,Dominica,British Virgin Islands,1,2002
21818,France,Sweden,1,2002
21819,Hungary,Australia,-1,2002
21820,Lithuania,Romania,-1,2002
21821,North Macedonia,Republic of Ireland,1,2002
21822,Paraguay,Colombia,1,2002
21823,Peru,Ecuador,-1,2002
21824,Poland,Italy,-1,2002
21825,Scotland,Austria,1,2002
21826,Sint Maarten,Anguilla,1,2002
21827,Switzerland,Latvia,1,2002
21828,Trinidad and Tobago,Guyana,1,2002
21829,Turkey,Netherlands,1,2002
21830,Ukraine,Northern Ireland,1,2002
21831,Uruguay,Venezuela,1,2002
21832,China PR,Ghana,-1,2002
21833,British Virgin Islands,Anguilla,1,2002
21834,Dominica,Sint Maarten,1,2002
21835,Grenada,Guyana,1,2002
21836,Trinidad and Tobago,Barbados,-1,2002
21837,Nigeria,Guinea,1,2002
21838,Sierra Leone,Ghana,-1,2002
21839,Angola,Togo,1,2002
21840,Cameroon,Zimbabwe,1,2002
21841,Canada,El Salvador,-1,2002
21842,Congo,South Africa,1,2002
21843,Dominica,Anguilla,1,2002
21844,Gabon,Morocco,-1,2002
21845,Guyana,Barbados,-1,2002
21846,India,Iraq,-1,2002
21847,Indonesia,Cambodia,1,2002
21848,Kenya,Burkina Faso,1,2002
21849,Liberia,Egypt,1,2002
21850,Namibia,Tunisia,-1,2002
21851,Sint Maarten,British Virgin Islands,1,2002
21852,Trinidad and Tobago,Grenada,-1,2002
21853,India,Ghana,-1,2002
21854,Jordan,United Arab Emirates,-1,2002
21855,DR Congo,Zambia,-1,2002
21856,India,Iraq,-1,2002
21857,Bahrain,United Arab Emirates,-1,2002
21858,India,China PR,-1,2002
21859,Kuwait,Iran,-1,2002
21860,Malawi,Mozambique,-1,2002
21861,El Salvador,Guatemala,-1,2002
21862,Indonesia,Yemen,-1,2002
21863,Lebanon,Singapore,-1,2002
21864,Mexico,Jamaica,1,2002
21865,Bahrain,Jordan,1,2002
21866,Guatemala,Costa Rica,-1,2002
21867,Honduras,Panama,1,2002
21868,Thailand,Kuwait,1,2002
21869,Costa Rica,Nicaragua,1,2002
21870,Honduras,El Salvador,1,2002
21871,Zambia,Malawi,1,2002
21872,Jordan,Bahrain,1,2002
21873,Cambodia,Yemen,-1,2002
21874,Cameroon,Congo,1,2002
21875,El Salvador,Panama,1,2002
21876,Guatemala,Nicaragua,1,2002
21877,United States,Mexico,-1,2002
21878,China PR,Myanmar,1,2002
21879,Iran,Kenya,1,2002
21880,United Arab Emirates,Bahrain,1,2002
21881,China PR,South Korea,-1,2002
21882,Guatemala,El Salvador,1,2002
21883,Honduras,Costa Rica,-1,2002
21884,Costa Rica,El Salvador,1,2002
21885,Guatemala,Honduras,1,2002
21886,Turkmenistan,Azerbaijan,1,2002
21887,Namibia,Egypt,-1,2002
21888,Sierra Leone,Morocco,-1,2002
21889,Singapore,Kuwait,-1,2002
21890,United Arab Emirates,Jordan,1,2002
21891,Burkina Faso,Nigeria,-1,2002
21892,Cambodia,Indonesia,-1,2002
21893,Cameroon,Togo,1,2002
21894,Canada,Jamaica,-1,2002
21895,China PR,Iran,-1,2002
21896,DR Congo,South Africa,-1,2002
21897,Dominica,Martinique,-1,2002
21898,Ghana,Gabon,1,2002
21899,Guatemala,Costa Rica,-1,2002
21900,Honduras,El Salvador,-1,2002
21901,Kenya,Guinea,1,2002
21902,Lebanon,Libya,1,2002
21903,Tunisia,Liberia,1,2002
21904,Zambia,Congo,1,2002
21905,Zimbabwe,Angola,-1,2002
21906,Bermuda,Saint Martin,1,2002
21907,Chile,Venezuela,1,2002
21908,Slovakia,Iceland,1,2002
21909,Argentina,Ecuador,1,2002
21910,Armenia,Northern Ireland,-1,2002
21911,Austria,Estonia,1,2002
21912,Brazil,Mexico,1,2002
21913,Colombia,Peru,-1,2002
21914,Denmark,Slovenia,1,2002
21915,England,Georgia,1,2002
21916,Germany,Ukraine,1,2002
21917,Greece,Croatia,-1,2002
21918,Israel,Cyprus,1,2002
21919,Italy,Poland,1,2002
21920,Latvia,Belarus,1,2002
21921,Liechtenstein,Lithuania,-1,2002
21922,Malta,Faroe Islands,-1,2002
21923,Norway,Finland,-1,2002
21924,Paraguay,Uruguay,1,2002
21925,Romania,Republic of Ireland,1,2002
21926,Russia,Luxembourg,1,2002
21927,San Marino,Netherlands,-1,2002
21928,Serbia,Spain,-1,2002
21929,Sweden,Scotland,1,2002
21930,Switzerland,Hungary,1,2002
21931,Syria,Libya,-1,2002
21932,Turkey,Belgium,-1,2002
21933,Fiji,New Caledonia,1,2002
21934,Trinidad and Tobago,Jamaica,-1,2002
21935,Aruba,Jamaica,-1,2002
21936,El Salvador,Costa Rica,1,2002
21937,Martinique,Dominica,1,2002
21938,Tajikistan,Vietnam,1,2002
21939,Turkmenistan,China PR,-1,2002
21940,Guernsey,Jersey,1,2002
21941,Ukraine,Armenia,-1,2002
21942,Ivory Coast,Senegal,1,2002
21943,Kuwait,Lebanon,1,2002
21944,Yemen,Uzbekistan,-1,2002
21945,Costa Rica,Jamaica,1,2002
21946,Kazakhstan,Pakistan,1,2002
21947,Tajikistan,China PR,-1,2002
21948,Turkmenistan,Vietnam,1,2002
21949,Mongolia,China PR,-1,2002
21950,Guam,Japan,-1,2002
21951,Kazakhstan,Guam,1,2002
21952,Japan,Mongolia,1,2002
21953,Guam,China PR,-1,2002
21954,Kazakhstan,Japan,-1,2002
21955,Yemen,Cambodia,1,2002
21956,Mongolia,Kazakhstan,-1,2002
21957,China PR,Japan,1,2002
21958,Estonia,Latvia,-1,2002
21959,Jamaica,El Salvador,1,2002
21960,Guam,Mongolia,-1,2002
21961,China PR,Kazakhstan,-1,2002
21962,Republic of Ireland,Liechtenstein,1,2002
21963,Japan,South Korea,-1,2002
21964,Thailand,Northern Ireland,-1,2002
21965,Sweden,Poland,-1,2002
21966,Pakistan,Iraq,-1,2002
21967,England,South Africa,1,2002
21968,Singapore,Lebanon,-1,2002
21969,Turkmenistan,Tajikistan,-1,2002
21970,Uzbekistan,Cambodia,1,2002
21971,Vietnam,China PR,-1,2002
21972,Kuwait,Zambia,1,2002
21973,Scotland,Wales,-1,2002
21974,El Salvador,Ecuador,-1,2002
21975,South Korea,Hong Kong,1,2002
21976,Norway,Brazil,1,2002
21977,Burkina Faso,Mali,1,2002
21978,Morocco,Ethiopia,1,2002
21979,Papua New Guinea,New Zealand,1,2002
21980,Poland,England,-1,2002
21981,Tanzania,Namibia,-1,2002
21982,Tunisia,Algeria,-1,2002
21983,Canada,Costa Rica,1,2002
21984,China PR,Turkmenistan,1,2002
21985,Indonesia,Uzbekistan,-1,2002
21986,South Korea,Thailand,-1,2002
21987,Malta,Scotland,-1,2002
21988,Vietnam,Tajikistan,-1,2002
21989,Zambia,Cameroon,1,2002
21990,Maldives,Iran,-1,2002
21991,France,Brazil,-1,2002
21992,England,Italy,1,2002
21993,Estonia,Azerbaijan,1,2002
21994,Kyrgyzstan,Iran,-1,2002
21995,South Africa,Netherlands,-1,2002
21996,Syria,Maldives,1,2002
21997,Togo,Burkina Faso,-1,2002
21998,United States,Paraguay,-1,2002
21999,Kuwait,Singapore,1,2002
22000,Senegal,Algeria,-1,2002
22001,Iraq,Kazakhstan,-1,2002
22002,Kyrgyzstan,Maldives,1,2002
22003,Palestine,Jordan,-1,2002
22004,Syria,Iran,-1,2002
22005,Belgium,San Marino,1,2002
22006,Fiji,New Zealand,-1,2002
22007,France,England,-1,2002
22008,Georgia,Moldova,1,2002
22009,North Macedonia,Iceland,1,2002
22010,Nigeria,Kenya,1,2002
22011,Portugal,Albania,1,2002
22012,Ukraine,Germany,-1,2002
22013,Morocco,Ghana,1,2002
22014,Angola,Cameroon,-1,2002
22015,Argentina,Peru,1,2002
22016,Belarus,Scotland,-1,2002
22017,Bulgaria,Luxembourg,1,2002
22018,China PR,Tajikistan,-1,2002
22019,Congo,DR Congo,1,2002
22020,Denmark,Bosnia and Herzegovina,1,2002
22021,Ecuador,Chile,-1,2002
22022,Egypt,Tunisia,-1,2002
22023,El Salvador,Mexico,-1,2002
22024,Estonia,Sweden,-1,2002
22025,Faroe Islands,Malta,1,2002
22026,Finland,Azerbaijan,1,2002
22027,Guinea,Burkina Faso,1,2002
22028,Hungary,Norway,-1,2002
22029,Italy,Brazil,-1,2002
22030,Japan,Croatia,1,2002
22031,Latvia,Austria,-1,2002
22032,Liberia,Namibia,-1,2002
22033,Russia,Israel,1,2002
22034,Serbia,Slovakia,1,2002
22035,South Africa,Zambia,1,2002
22036,Spain,Czech Republic,1,2002
22037,Togo,Zimbabwe,1,2002
22038,Uruguay,Colombia,-1,2002
22039,Venezuela,Bolivia,-1,2002
22040,Vietnam,Turkmenistan,-1,2002
22041,Iran,Kyrgyzstan,1,2002
22042,Maldives,Syria,-1,2002
22043,England,Brazil,-1,2002
22044,Argentina,Ecuador,-1,2002
22045,Australia,Solomon Islands,1,2002
22046,Chile,Paraguay,-1,2002
22047,France,Italy,-1,2002
22048,Iceland,Lithuania,-1,2002
22049,Iran,Maldives,1,2002
22050,Kyrgyzstan,Syria,1,2002
22051,New Zealand,Papua New Guinea,1,2002
22052,Pakistan,Kazakhstan,-1,2002
22053,Bolivia,Venezuela,1,2002
22054,Croatia,Turkey,-1,2002
22055,Ghana,Serbia,-1,2002
22056,South Korea,Egypt,1,2002
22057,Peru,Uruguay,1,2002
22058,Australia,Tahiti,1,2002
22059,Brazil,Costa Rica,1,2002
22060,Iran,Syria,-1,2002
22061,Maldives,Kyrgyzstan,-1,2002
22062,Mexico,Colombia,1,2002
22063,Yemen,Indonesia,-1,2002
22064,Argentina,Chile,1,2002
22065,Egypt,Serbia,-1,2002
22066,South Korea,Ghana,1,2002
22067,Paraguay,Ecuador,-1,2002
22068,Poland,Georgia,1,2002
22069,Bolivia,Peru,1,2002
22070,Fiji,Papua New Guinea,1,2002
22071,Japan,Turkey,1,2002
22072,Mozambique,Tanzania,1,2002
22073,Solomon Islands,Tahiti,1,2002
22074,Uruguay,Venezuela,1,2002
22075,Brazil,Mexico,1,2002
22076,Colombia,Costa Rica,1,2002
22077,Egypt,Ghana,1,2002
22078,South Korea,Serbia,-1,2002
22079,Argentina,Paraguay,-1,2002
22080,Australia,Solomon Islands,1,2002
22081,Chile,Ecuador,-1,2002
22082,United States,Israel,1,2002
22083,Bolivia,Uruguay,1,2002
22084,New Zealand,Fiji,1,2002
22085,Peru,Venezuela,1,2002
22086,Australia,Tahiti,1,2002
22087,Brazil,Colombia,1,2002
22088,Mexico,Costa Rica,-1,2002
22089,Iraq,Pakistan,1,2002
22090,Uzbekistan,Indonesia,1,2002
22091,Antigua and Barbuda,Saint Lucia,-1,2002
22092,Bolivia,Colombia,1,2002
22093,Malawi,Mauritius,1,2002
22094,Morocco,Egypt,1,2002
22095,Papua New Guinea,Fiji,-1,2002
22096,Peru,Argentina,1,2002
22097,Tahiti,Solomon Islands,-1,2002
22098,Angola,Ghana,1,2002
22099,Antigua and Barbuda,Saint Lucia,1,2002
22100,Brazil,Paraguay,1,2002
22101,Cameroon,Gabon,-1,2002
22102,China PR,Vietnam,1,2002
22103,Ecuador,Mexico,-1,2002
22104,Estonia,Andorra,1,2002
22105,Ivory Coast,Algeria,1,2002
22106,Japan,Macau,1,2002
22107,Lebanon,Kuwait,-1,2002
22108,Liberia,DR Congo,1,2002
22109,Mali,Benin,1,2002
22110,Mozambique,Zambia,-1,2002
22111,Nepal,Oman,-1,2002
22112,Senegal,Ethiopia,1,2002
22113,Tajikistan,Turkmenistan,1,2002
22114,Tanzania,Togo,1,2002
22115,Bolivia,Mexico,1,2002
22116,Japan,Nepal,1,2002
22117,Latvia,Andorra,1,2002
22118,Macau,Oman,-1,2002
22119,Brazil,Peru,1,2002
22120,DR Congo,Uganda,-1,2002
22121,Japan,Oman,-1,2002
22122,Macau,Nepal,1,2002
22123,Mexico,Peru,1,2002
22124,Namibia,Malawi,1,2002
22125,New Zealand,Australia,-1,2002
22126,Bolivia,Brazil,-1,2002
22127,Cambodia,Uzbekistan,-1,2002
22128,El Salvador,United States,-1,2002
22129,Jamaica,Cuba,1,2002
22130,Kazakhstan,Iraq,1,2002
22131,Jersey,Frøya,1,2002
22132,Gibraltar,Guernsey,-1,2002
22133,Ynys Môn,Hitra,1,2002
22134,Shetland,Isle of Wight,-1,2002
22135,Jersey,Greenland,1,2002
22136,Frøya,Guernsey,-1,2002
22137,Ynys Môn,Shetland,1,2002
22138,Hitra,Isle of Wight,-1,2002
22139,Guernsey,Greenland,-1,2002
22140,Frøya,Gibraltar,-1,2002
22141,Barbados,Trinidad and Tobago,-1,2002
22142,Gibraltar,Greenland,1,2002
22143,Jersey,Guernsey,1,2002
22144,Frøya,Greenland,1,2002
22145,Jersey,Gibraltar,1,2002
22146,Ynys Môn,Isle of Wight,-1,2002
22147,Shetland,Hitra,1,2002
22148,Frøya,Hitra,1,2002
22149,Shetland,Gibraltar,1,2002
22150,Isle of Wight,Guernsey,1,2002
22151,Jersey,Ynys Môn,1,2002
22152,Jamaica,Grenada,-1,2002
22153,Martinique,Trinidad and Tobago,1,2002
22154,Chile,Colombia,1,2002
22155,Tanzania,Zambia,-1,2002
22156,Tunisia,Mali,1,2002
22157,Australia,New Zealand,1,2002
22158,Antigua and Barbuda,Grenada,-1,2002
22159,Malawi,Botswana,-1,2002
22160,Paraguay,Argentina,-1,2002
22161,Peru,Bolivia,1,2002
22162,Saint Kitts and Nevis,Martinique,1,2002
22163,Venezuela,Ecuador,-1,2002
22164,Antigua and Barbuda,Jamaica,-1,2002
22165,Saint Kitts and Nevis,Trinidad and Tobago,-1,2002
22166,Lithuania,Estonia,1,2002
22167,Estonia,Latvia,-1,2002
22168,Saint Kitts and Nevis,Grenada,1,2002
22169,Trinidad and Tobago,Jamaica,-1,2002
22170,Lithuania,Latvia,1,2002
22171,Zambia,Malawi,1,2002
22172,Algeria,Mali,1,2002
22173,Benin,Ivory Coast,-1,2002
22174,DR Congo,Tanzania,-1,2002
22175,Egypt,Senegal,1,2002
22176,Ethiopia,Morocco,-1,2002
22177,Gabon,Kenya,1,2002
22178,Ghana,Zimbabwe,1,2002
22179,Jamaica,Grenada,1,2002
22180,Mauritius,Mozambique,-1,2002
22181,Togo,Liberia,1,2002
22182,Trinidad and Tobago,Saint Kitts and Nevis,1,2002
22183,Tunisia,Guinea,1,2002
22184,Argentina,Venezuela,1,2002
22185,Bolivia,Uruguay,1,2002
22186,Chile,Paraguay,1,2002
22187,Colombia,Ecuador,1,2002
22188,Iceland,Norway,-1,2002
22189,Mozambique,Namibia,-1,2002
22190,Algeria,Benin,1,2002
22191,Angola,Zimbabwe,1,2002
22192,Cameroon,Kenya,-1,2002
22193,DR Congo,Togo,1,2002
22194,Egypt,Ethiopia,1,2002
22195,Gabon,Namibia,-1,2002
22196,Iceland,Faroe Islands,1,2002
22197,Ivory Coast,Mali,1,2002
22198,Liberia,Tanzania,1,2002
22199,Morocco,Senegal,1,2002
22200,Mozambique,Malawi,1,2002
22201,Zambia,Mauritius,1,2002
22202,Zambia,Mozambique,1,2002
22203,Belarus,Israel,-1,2002
22204,Estonia,Faroe Islands,-1,2002
22205,Hungary,Malta,1,2002
22206,Jamaica,Colombia,1,2002
22207,Slovakia,Switzerland,1,2002
22208,Sweden,Lithuania,1,2002
22209,Cameroon,Nigeria,-1,2002
22210,Tunisia,Zambia,1,2002
22211,United States,Ecuador,-1,2002
22212,Cameroon,Zambia,-1,2002
22213,Malawi,Tanzania,-1,2002
22214,Tunisia,Nigeria,1,2002
22215,Costa Rica,El Salvador,-1,2002
22216,South Korea,Brazil,-1,2002
22217,Japan,Brazil,-1,2002
22218,Guinea,Nigeria,1,2002
22219,Burkina Faso,Kenya,-1,2002
22220,Morocco,Gabon,1,2002
22221,South Africa,Congo,1,2002
22222,Zambia,DR Congo,1,2002
22223,Canada,Iran,-1,2002
22224,Egypt,Liberia,1,2002
22225,Ghana,Sierra Leone,-1,2002
22226,Togo,Angola,-1,2002
22227,Tunisia,Namibia,1,2002
22228,Zimbabwe,Cameroon,-1,2002
22229,Greece,Cyprus,1,2002
22230,Latvia,Azerbaijan,-1,2002
22231,Belarus,Sweden,-1,2002
22232,Bosnia and Herzegovina,Denmark,1,2002
22233,Bulgaria,Israel,1,2002
22234,Colombia,Bolivia,1,2002
22235,Czech Republic,Faroe Islands,1,2002
22236,Ecuador,Paraguay,1,2002
22237,Estonia,Austria,-1,2002
22238,Finland,Norway,-1,2002
22239,Hungary,Switzerland,-1,2002
22240,Republic of Ireland,Lithuania,-1,2002
22241,Liechtenstein,Iceland,-1,2002
22242,Northern Ireland,Germany,-1,2002
22243,Portugal,Armenia,1,2002
22244,Romania,North Macedonia,1,2002
22245,Russia,Serbia,-1,2002
22246,Turkey,Wales,1,2002
22247,Ukraine,Albania,1,2002
22248,Uruguay,Chile,1,2002
22249,Venezuela,Peru,-1,2002
22250,Lebanon,Iraq,-1,2002
22251,South Korea,Tajikistan,1,2002
22252,Peru,Colombia,1,2002
22253,Slovakia,Czech Republic,1,2002
22254,Uzbekistan,Yemen,1,2002
22255,South Korea,China PR,-1,2002
22256,Jamaica,Trinidad and Tobago,1,2002
22257,Namibia,Zambia,-1,2002
22258,China PR,Kazakhstan,1,2002
22259,United Arab Emirates,Iran,1,2002
22260,Nepal,Pakistan,-1,2002
22261,Maldives,Bangladesh,-1,2002
22262,Armenia,Albania,1,2002
22263,Austria,Sweden,1,2002
22264,Azerbaijan,Norway,-1,2002
22265,Croatia,Bosnia and Herzegovina,1,2002
22266,El Salvador,Colombia,-1,2002
22267,Faroe Islands,Czech Republic,-1,2002
22268,Germany,Portugal,-1,2002
22269,Iceland,Republic of Ireland,-1,2002
22270,South Korea,Kazakhstan,1,2002
22271,Latvia,Estonia,1,2002
22272,Liechtenstein,Romania,-1,2002
22273,Lithuania,North Macedonia,1,2002
22274,Netherlands,Belgium,1,2002
22275,Poland,Hungary,1,2002
22276,Slovenia,Greece,-1,2002
22277,Sri Lanka,Pakistan,1,2002
22278,Switzerland,Finland,-1,2002
22279,India,Bangladesh,1,2002
22280,Jamaica,Canada,1,2002
22281,Japan,Uzbekistan,1,2002
22282,Luxembourg,Cyprus,-1,2002
22283,Scotland,Belarus,1,2002
22284,United States,Costa Rica,1,2002
22285,Nepal,Sri Lanka,-1,2002
22286,Maldives,India,-1,2002
22287,Albania,Northern Ireland,1,2002
22288,Belarus,Austria,-1,2002
22289,Bosnia and Herzegovina,Slovenia,1,2002
22290,Brazil,Ecuador,1,2002
22291,Bulgaria,Russia,1,2002
22292,Chile,Argentina,-1,2002
22293,Colombia,Venezuela,1,2002
22294,Denmark,Croatia,1,2002
22295,England,Moldova,1,2002
22296,Georgia,Italy,-1,2002
22297,Germany,Armenia,1,2002
22298,Hungary,Azerbaijan,1,2002
22299,Lithuania,Republic of Ireland,-1,2002
22300,Norway,Switzerland,1,2002
22301,Paraguay,Bolivia,1,2002
22302,Peru,Uruguay,1,2002
22303,Romania,Iceland,1,2002
22304,San Marino,Turkey,-1,2002
22305,Slovakia,Serbia,-1,2002
22306,Sri Lanka,Maldives,-1,2002
22307,Sweden,Latvia,1,2002
22308,India,Pakistan,1,2002
22309,South Korea,Uzbekistan,1,2002
22310,United Arab Emirates,Kazakhstan,1,2002
22311,China PR,Iran,-1,2002
22312,India,Maldives,1,2002
22313,Pakistan,Sri Lanka,1,2002
22314,El Salvador,Canada,1,2002
22315,Indonesia,Tanzania,1,2002
22316,Jamaica,Costa Rica,1,2002
22317,Saudi Arabia,Kuwait,1,2002
22318,Iran,Saudi Arabia,-1,2002
22319,Qatar,Kuwait,-1,2002
22320,United Arab Emirates,Japan,-1,2002
22321,Kazakhstan,Uzbekistan,-1,2002
22322,Libya,Bahrain,1,2002
22323,Indonesia,New Zealand,1,2002
22324,El Salvador,Guatemala,-1,2002
22325,Malta,Czech Republic,-1,2002
22326,Moldova,Georgia,-1,2002
22327,Poland,Lithuania,1,2002
22328,Slovakia,Spain,-1,2002
22329,Bahrain,Chad,-1,2002
22330,Libya,Jordan,-1,2002
22331,Saudi Arabia,Mali,1,2002
22332,Kuwait,Iran,-1,2002
22333,Qatar,China PR,-1,2002
22334,Tanzania,Zambia,-1,2002
22335,Uzbekistan,United Arab Emirates,-1,2002
22336,Algeria,Kenya,-1,2002
22337,Japan,South Korea,-1,2002
22338,Algeria,Zambia,-1,2002
22339,Tanzania,Kenya,-1,2002
22340,China PR,Saudi Arabia,1,2002
22341,Iran,Qatar,1,2002
22342,Kenya,Zambia,-1,2002
22343,United States,Jamaica,-1,2002
22344,Kazakhstan,Japan,-1,2002
22345,South Korea,United Arab Emirates,1,2002
22346,Saint Kitts and Nevis,Cuba,-1,2002
22347,Tanzania,Algeria,-1,2002
22348,Mexico,El Salvador,1,2002
22349,Vietnam,Malaysia,-1,2002
22350,Indonesia,Laos,1,2002
22351,Thailand,Myanmar,1,2002
22352,Brunei,Cambodia,-1,2002
22353,Moldova,Poland,-1,2002
22354,Malaysia,Philippines,1,2002
22355,Indonesia,Vietnam,-1,2002
22356,Brunei,Thailand,-1,2002
22357,Singapore,Myanmar,-1,2002
22358,Norway,Colombia,-1,2002
22359,Brazil,Morocco,1,2002
22360,Laos,Philippines,1,2002
22361,Indonesia,Malaysia,1,2002
22362,Singapore,Cambodia,1,2002
22363,Brunei,Myanmar,-1,2002
22364,Kuwait,China PR,-1,2002
22365,Armenia,Ukraine,-1,2002
22366,Austria,Belarus,1,2002
22367,Belgium,Wales,1,2002
22368,Cyprus,Luxembourg,1,2002
22369,Czech Republic,Slovakia,1,2002
22370,Finland,Hungary,-1,2002
22371,France,South Africa,1,2002
22372,Georgia,Poland,1,2002
22373,Germany,Albania,1,2002
22374,Greece,Denmark,-1,2002
22375,Iceland,Liechtenstein,1,2002
22376,Republic of Ireland,Romania,-1,2002
22377,Italy,England,-1,2002
22378,Kazakhstan,South Korea,-1,2002
22379,North Macedonia,Lithuania,-1,2002
22380,Malta,Serbia,-1,2002
22381,Netherlands,Turkey,-1,2002
22382,Portugal,Northern Ireland,1,2002
22383,Russia,Bulgaria,1,2002
22384,Saudi Arabia,Qatar,1,2002
22385,Scotland,Latvia,1,2002
22386,Slovenia,Croatia,-1,2002
22387,Spain,Faroe Islands,1,2002
22388,Sweden,Estonia,1,2002
22389,Switzerland,Azerbaijan,1,2002
22390,Uzbekistan,Japan,-1,2002
22391,Argentina,Uruguay,-1,2002
22392,Canada,Mexico,-1,2002
22393,Ecuador,Bolivia,1,2002
22394,Paraguay,Venezuela,1,2002
22395,Peru,Chile,-1,2002
22396,Indonesia,Philippines,1,2002
22397,Vietnam,Laos,1,2002
22398,Thailand,Cambodia,1,2002
22399,Singapore,Brunei,1,2002
22400,Vietnam,Philippines,1,2002
22401,Laos,Malaysia,1,2002
22402,Myanmar,Cambodia,-1,2002
22403,Singapore,Thailand,-1,2002
22404,Thailand,Vietnam,1,2002
22405,Indonesia,Singapore,1,2002
22406,Iran,China PR,1,2002
22407,Kuwait,Saudi Arabia,1,2002
22408,Haiti,Jamaica,-1,2002
22409,Kazakhstan,United Arab Emirates,1,2002
22410,Uzbekistan,South Korea,-1,2002
22411,Vietnam,Singapore,1,2002
22412,Indonesia,Thailand,-1,2002
22413,Haiti,Cuba,-1,2002
22414,Martinique,Cameroon,1,2002
22415,Cuba,Cameroon,-1,2002
22416,Haiti,Martinique,1,2002
22417,Kuwait,Qatar,-1,2002
22418,Saudi Arabia,Iran,1,2002
22419,Saint Lucia,Jamaica,-1,2002
22420,Uzbekistan,Kazakhstan,1,2002
22421,Antigua and Barbuda,Jamaica,-1,2002
22422,Japan,United Arab Emirates,-1,2002
22423,Croatia,Ukraine,1,2002
22424,Hungary,Serbia,-1,2002
22425,Republic of Ireland,Belgium,-1,2002
22426,Russia,Italy,-1,2002
22427,Saint Kitts and Nevis,Jamaica,-1,2002
22428,China PR,Qatar,-1,2002
22429,Iran,Kuwait,-1,2002
22430,South Korea,Japan,-1,2002
22431,Ivory Coast,Burkina Faso,-1,2002
22432,Mexico,United States,-1,2002
22433,Eswatini,Mauritius,-1,2002
22434,United Arab Emirates,Uzbekistan,-1,2002
22435,Tunisia,Bosnia and Herzegovina,1,2002
22436,Saudi Arabia,China PR,-1,2002
22437,Chile,Guatemala,1,2002
22438,Qatar,Iran,1,2002
22439,Japan,Kazakhstan,1,2002
22440,Canada,United States,-1,2002
22441,El Salvador,Jamaica,-1,2002
22442,Mexico,Costa Rica,-1,2002
22443,United Arab Emirates,South Korea,-1,2002
22444,Brazil,Wales,1,2002
22445,China PR,Kuwait,1,2002
22446,France,Scotland,1,2002
22447,Qatar,Saudi Arabia,-1,2002
22448,Mali,Mauritania,1,2002
22449,Belgium,Republic of Ireland,1,2002
22450,England,Cameroon,1,2002
22451,Germany,South Africa,1,2002
22452,Italy,Russia,1,2002
22453,Serbia,Hungary,1,2002
22454,Ukraine,Croatia,-1,2002
22455,Argentina,Colombia,-1,2002
22456,Chile,Bolivia,1,2002
22457,Costa Rica,Canada,1,2002
22458,Jamaica,Mexico,-1,2002
22459,Japan,Iran,1,2002
22460,Peru,Paraguay,1,2002
22461,Uruguay,Ecuador,1,2002
22462,United States,El Salvador,1,2002
22463,Senegal,Mali,-1,2002
22464,Spain,Romania,-1,2002
22465,Iran,Australia,-1,2002
22466,Morocco,Togo,1,2002
22467,Philippines,Estonia,-1,2002
22468,Gambia,Cape Verde,1,2002
22469,Mauritania,Senegal,-1,2002
22470,Australia,Iran,-1,2002
22471,Guinea,Mali,-1,2002
22472,Sierra Leone,Guinea-Bissau,1,2002
22473,Gambia,Mauritania,1,2002
22474,Senegal,Cape Verde,1,2002
22475,Guinea,Sierra Leone,1,2002
22476,Mali,Guinea-Bissau,1,2002
22477,Cape Verde,Mauritania,-1,2002
22478,Gambia,Senegal,-1,2002
22479,Egypt,Ghana,1,2002
22480,Guinea,Guinea-Bissau,1,2002
22481,Mali,Sierra Leone,-1,2002
22482,Gambia,Mali,-1,2002
22483,Guinea,Senegal,-1,2002
22484,Gambia,Guinea,-1,2002
22485,Mali,Senegal,1,2002
22486,Saudi Arabia,Iceland,-1,2002
22487,South Africa,Brazil,-1,2002
22488,Mexico,Australia,-1,2002
22489,Saudi Arabia,Brazil,-1,2002
22490,South Africa,Czech Republic,-1,2002
22491,United Arab Emirates,Uruguay,-1,2002
22492,Australia,Brazil,-1,2002
22493,Saudi Arabia,Mexico,-1,2002
22494,Czech Republic,Uruguay,-1,2002
22495,United Arab Emirates,South Africa,1,2002
22496,Brazil,Mexico,1,2002
22497,Saudi Arabia,Australia,1,2002
22498,Martinique,Trinidad and Tobago,1,2002
22499,United Arab Emirates,Czech Republic,-1,2002
22500,Uruguay,South Africa,1,2002
22501,Zambia,Nigeria,-1,2002
22502,Egypt,Togo,1,2002
22503,Lesotho,Eswatini,-1,2002
22504,Martinique,Trinidad and Tobago,1,2002
22505,Brazil,Czech Republic,1,2002
22506,Uruguay,Australia,-1,2002
22507,Egypt,Algeria,-1,2002
22508,Brazil,Australia,1,2002
22509,Czech Republic,Uruguay,1,2002
22510,Mozambique,Lesotho,-1,2002
22511,Algeria,Togo,-1,2002
22512,Egypt,Cameroon,1,2002
22513,Catalonia,Bulgaria,-1,2002
22514,Cameroon,Togo,1,2002
22515,Egypt,Algeria,-1,2002
22516,Basque Country,Yugoslavia,1,2002
22517,Burkina Faso,Ivory Coast,1,2002
22518,Lesotho,Eswatini,-1,2002
22519,Malawi,Zimbabwe,1,2002
22520,Barbados,Trinidad and Tobago,-1,2002
22521,Burkina Faso,Mozambique,1,2002
22522,Guinea,Togo,1,2002
22523,Malawi,Zimbabwe,-1,2002
22524,Burkina Faso,Mozambique,1,2002
22525,Trinidad and Tobago,Jamaica,-1,2002
22526,Malawi,Zambia,-1,2002
22527,Eswatini,Botswana,-1,2002
22528,Burkina Faso,Mali,-1,2002
22529,Togo,Mozambique,-1,2002
22530,Lesotho,Botswana,-1,2002
22531,Ghana,Mozambique,-1,2002
22532,Morocco,Angola,1,2002
22533,Gambia,Zambia,-1,2002
22534,Lesotho,Zimbabwe,-1,2002
22535,Ghana,Mozambique,1,2002
22536,Costa Rica,Honduras,-1,2002
22537,El Salvador,Trinidad and Tobago,1,2002
22538,Turkey,Albania,-1,2002
22539,Namibia,South Africa,1,2002
22540,United States,Sweden,1,2002
22541,Botswana,Mozambique,-1,2002
22542,Thailand,Egypt,-1,2002
22543,Egypt,South Korea,-1,2002
22544,Liberia,Burkina Faso,-1,2002
22545,Cameroon,Angola,1,2002
22546,France,Spain,1,2002
22547,Iran,Nigeria,-1,2002
22548,Italy,Slovakia,1,2002
22549,Tunisia,Serbia,-1,2002
22550,Ivory Coast,Mozambique,1,2002
22551,Jamaica,Sweden,-1,2002
22552,Thailand,South Korea,-1,2002
22553,Togo,Mali,1,2002
22554,Niger,Namibia,1,2002
22555,Egypt,South Korea,-1,2002
22556,Iran,Chile,-1,2002
22557,Tunisia,Guinea,1,2002
22558,Burkina Faso,Namibia,1,2002
22559,Guatemala,El Salvador,-1,2002
22560,Honduras,Trinidad and Tobago,-1,2002
22561,Ivory Coast,Cameroon,1,2002
22562,Togo,Mali,-1,2002
22563,United States,Cuba,1,2002
22564,Brazil,Jamaica,-1,2002
22565,Cuba,Costa Rica,-1,2002
22566,Mali,Tunisia,-1,2002
22567,New Zealand,Chile,-1,2002
22568,Trinidad and Tobago,Mexico,-1,2002
22569,Brazil,Guatemala,-1,2002
22570,Cyprus,Finland,-1,2002
22571,Iceland,Slovenia,-1,2002
22572,Morocco,Niger,1,2002
22573,Georgia,Latvia,1,2002
22574,Malta,Albania,-1,2002
22575,Slovenia,Slovakia,-1,2002
22576,Australia,Chile,-1,2002
22577,Burkina Faso,Cameroon,-1,2002
22578,Iceland,Slovakia,-1,2002
22579,Mexico,Honduras,1,2002
22580,New Zealand,South Korea,-1,2002
22581,United States,Costa Rica,1,2002
22582,Albania,Georgia,-1,2002
22583,Algeria,Guinea,-1,2002
22584,El Salvador,Brazil,-1,2002
22585,Guatemala,Jamaica,-1,2002
22586,Ivory Coast,Namibia,1,2002
22587,Malta,Latvia,1,2002
22588,Paraguay,Poland,1,2002
22589,South Africa,Angola,-1,2002
22590,DR Congo,Togo,1,2002
22591,Cyprus,Slovenia,1,2002
22592,Finland,Slovakia,-1,2002
22593,Ghana,Tunisia,1,2002
22594,Jamaica,El Salvador,1,2002
22595,Zambia,Morocco,-1,2002
22596,Albania,Latvia,-1,2002
22597,Egypt,Mozambique,1,2002
22598,Malta,Georgia,-1,2002
22599,United States,Brazil,1,2002
22600,Australia,South Korea,1,2002
22601,Burkina Faso,Algeria,1,2002
22602,Cameroon,Guinea,-1,2002
22603,England,Chile,-1,2002
22604,South Africa,Ivory Coast,-1,2002
22605,Angola,Namibia,-1,2002
22606,Ghana,Togo,-1,2002
22607,Jamaica,Mexico,-1,2002
22608,Tunisia,DR Congo,1,2002
22609,Morocco,Mozambique,1,2002
22610,Zambia,Egypt,-1,2002
22611,Australia,Japan,-1,2002
22612,Brazil,Jamaica,1,2002
22613,Burkina Faso,Guinea,1,2002
22614,Cameroon,Algeria,1,2002
22615,United States,Mexico,-1,2002
22616,Ghana,DR Congo,-1,2002
22617,Ivory Coast,Angola,1,2002
22618,South Africa,Namibia,1,2002
22619,Tunisia,Togo,1,2002
22620,Egypt,Morocco,-1,2002
22621,Zambia,Mozambique,1,2002
22622,Greece,Russia,-1,2002
22623,Israel,Turkey,1,2002
22624,Oman,Germany,-1,2002
22625,Cameroon,DR Congo,-1,2002
22626,Burkina Faso,Tunisia,-1,2002
22627,Ivory Coast,Egypt,-1,2002
22628,United States,Netherlands,-1,2002
22629,Antigua and Barbuda,Dominica,-1,2002
22630,Jamaica,Nigeria,-1,2002
22631,Morocco,South Africa,-1,2002
22632,Saudi Arabia,Germany,-1,2002
22633,Argentina,Serbia,1,2002
22634,Mexico,Netherlands,-1,2002
22635,Belgium,United States,1,2002
22636,Burkina Faso,Egypt,-1,2002
22637,DR Congo,South Africa,-1,2002
22638,France,Norway,-1,2002
22639,Israel,Poland,1,2002
22640,Burkina Faso,DR Congo,-1,2002
22641,South Africa,Egypt,-1,2002
22642,Barbados,Saint Kitts and Nevis,1,2002
22643,China PR,Hong Kong,1,2002
22644,Japan,South Korea,1,2002
22645,Aruba,French Guiana,1,2002
22646,Saint Lucia,Saint Kitts and Nevis,1,2002
22647,Suriname,Curaçao,-1,2002
22648,China PR,South Korea,-1,2002
22649,Japan,Hong Kong,1,2002
22650,Aruba,Curaçao,-1,2002
22651,Saint Vincent and the Grenadines,Saint Kitts and Nevis,1,2002
22652,Suriname,French Guiana,-1,2002
22653,Aruba,Suriname,-1,2002
22654,Curaçao,French Guiana,1,2002
22655,Japan,China PR,-1,2002
22656,Hong Kong,South Korea,-1,2002
22657,Eswatini,Angola,-1,2002
22658,Argentina,Bulgaria,1,2002
22659,Haiti,Puerto Rico,1,2002
22660,Dominican Republic,Puerto Rico,1,2002
22661,Myanmar,Brunei,1,2002
22662,United States,Paraguay,-1,2002
22663,Alderney,Jersey,-1,2002
22664,Haiti,Dominican Republic,1,2002
22665,Laos,Brunei,1,2002
22666,Myanmar,Laos,1,2002
22667,Mexico,Paraguay,-1,2002
22668,Romania,Israel,-1,2002
22669,Saint Lucia,Barbados,1,2002
22670,Martinique,Barbados,1,2002
22671,Saint Lucia,Saint Vincent and the Grenadines,1,2002
22672,Azerbaijan,Moldova,1,2002
22673,Saint Lucia,Martinique,-1,2002
22674,United States Virgin Islands,British Virgin Islands,1,2002
22675,Singapore,Philippines,1,2002
22676,Austria,Hungary,-1,2002
22677,Belgium,Norway,-1,2002
22678,Colombia,Serbia,-1,2002
22679,Czech Republic,Republic of Ireland,1,2002
22680,Germany,Brazil,-1,2002
22681,North Macedonia,Bulgaria,1,2002
22682,Malta,Finland,-1,2002
22683,Northern Ireland,Slovakia,1,2002
22684,Poland,Slovenia,1,2002
22685,Russia,France,1,2002
22686,Scotland,Denmark,-1,2002
22687,Spain,Sweden,1,2002
22688,Switzerland,England,-1,2002
22689,Wales,Jamaica,-1,2002
22690,Cambodia,Philippines,-1,2002
22691,Singapore,Cambodia,1,2002
22692,Colombia,Paraguay,-1,2002
22693,Antigua and Barbuda,Saint Lucia,-1,2002
22694,Dominica,Guadeloupe,-1,2002
22695,South Korea,Japan,1,2002
22696,Saint Kitts and Nevis,British Virgin Islands,1,2002
22697,Guadeloupe,British Virgin Islands,1,2002
22698,Saint Kitts and Nevis,Dominica,-1,2002
22699,Dominica,British Virgin Islands,1,2002
22700,Saint Kitts and Nevis,Guadeloupe,1,2002
22701,Romania,Greece,1,2002
22702,Iran,Kuwait,-1,2002
22703,Grenada,Anguilla,1,2002
22704,Israel,Argentina,1,2002
22705,Mexico,Peru,1,2002
22706,Slovakia,South Korea,-1,2002
22707,North Macedonia,South Korea,-1,2002
22708,Antigua and Barbuda,Grenada,1,2002
22709,Guyana,Anguilla,1,2002
22710,Zimbabwe,Namibia,1,2002
22711,Iran,Hungary,-1,2002
22712,Jamaica,North Macedonia,-1,2002
22713,Latvia,Lithuania,-1,2002
22714,Austria,United States,-1,2002
22715,Belgium,Romania,-1,2002
22716,Bulgaria,Morocco,1,2002
22717,Chile,Colombia,-1,2002
22718,Croatia,Poland,1,2002
22719,Denmark,Norway,-1,2002
22720,England,Portugal,1,2002
22721,Germany,Nigeria,1,2002
22722,Hungary,North Macedonia,-1,2002
22723,Iran,Jamaica,1,2002
22724,Republic of Ireland,Argentina,-1,2002
22725,Italy,Paraguay,1,2002
22726,Northern Ireland,Switzerland,1,2002
22727,Russia,Turkey,1,2002
22728,Scotland,Finland,-1,2002
22729,Serbia,South Korea,1,2002
22730,Slovenia,Czech Republic,-1,2002
22731,Sweden,France,-1,2002
22732,Azerbaijan,Uzbekistan,1,2002
22733,Brazil,Argentina,-1,2002
22734,Chile,Lithuania,1,2002
22735,Tunisia,Georgia,-1,2002
22736,Angola,Zambia,-1,2002
22737,Jamaica,Saudi Arabia,-1,2002
22738,Jersey,Guernsey,1,2002
22739,Cayman Islands,Cuba,-1,2002
22740,Cuba,Bermuda,1,2002
22741,Estonia,Mexico,-1,2002
22742,Saudi Arabia,Trinidad and Tobago,1,2002
22743,Cayman Islands,Bermuda,1,2002
22744,Iceland,Saudi Arabia,-1,2002
22745,Argentina,Bosnia and Herzegovina,1,2002
22746,Corsica,Cameroon,-1,2002
22747,Estonia,Azerbaijan,-1,2002
22748,South Korea,Jamaica,1,2002
22749,United States,North Macedonia,-1,2002
22750,Zambia,Mozambique,1,2002
22751,Japan,Paraguay,-1,2002
22752,Latvia,Israel,-1,2002
22753,Saudi Arabia,Namibia,1,2002
22754,Canada,North Macedonia,1,2002
22755,Argentina,Chile,1,2002
22756,Cameroon,Burkina Faso,1,2002
22757,South Korea,Jamaica,-1,2002
22758,Norway,Mexico,1,2002
22759,South Africa,Zambia,-1,2002
22760,Czech Republic,Paraguay,1,2002
22761,Brittany,Cameroon,-1,2002
22762,England,Saudi Arabia,-1,2002
22763,Republic of Ireland,Mexico,-1,2002
22764,Chile,Uruguay,-1,2002
22765,Japan,Czech Republic,-1,2002
22766,Mozambique,Zimbabwe,-1,2002
22767,United States,Kuwait,1,2002
22768,Argentina,South Africa,1,2002
22769,Austria,Tunisia,1,2002
22770,Belgium,France,-1,2002
22771,Finland,Germany,-1,2002
22772,Hungary,Lithuania,1,2002
22773,South Korea,Czech Republic,-1,2002
22774,Morocco,England,-1,2002
22775,Netherlands,Cameroon,-1,2002
22776,Norway,Saudi Arabia,1,2002
22777,Poland,Russia,1,2002
22778,Saint Kitts and Nevis,Trinidad and Tobago,1,2002
22779,Sweden,Denmark,1,2002
22780,Belgium,England,-1,2002
22781,Morocco,France,-1,2002
22782,Serbia,Nigeria,1,2002
22783,Georgia,Russia,-1,2002
22784,Germany,Colombia,1,2002
22785,Namibia,Angola,-1,2002
22786,United States,Scotland,-1,2002
22787,Chile,Tunisia,1,2002
22788,Japan,Mexico,-1,2002
22789,Luxembourg,Cameroon,-1,2002
22790,Netherlands,Paraguay,1,2002
22791,Austria,Liechtenstein,1,2002
22792,Sweden,Italy,1,2002
22793,Andorra,Brazil,-1,2002
22794,Belgium,Colombia,1,2002
22795,Croatia,Iran,1,2002
22796,North Macedonia,Bosnia and Herzegovina,-1,2002
22797,Malta,Wales,-1,2002
22798,Romania,Paraguay,1,2002
22799,Saudi Arabia,Mexico,-1,2002
22800,Serbia,Japan,1,2002
22801,Spain,Northern Ireland,1,2002
22802,Chile,Morocco,-1,2002
22803,Estonia,Faroe Islands,1,2002
22804,South Korea,China PR,-1,2002
22805,Bulgaria,Algeria,1,2002
22806,Denmark,Cameroon,-1,2002
22807,Finland,France,-1,2002
22808,Germany,Luxembourg,1,2002
22809,Netherlands,Nigeria,1,2002
22810,Belgium,Paraguay,1,2002
22811,Croatia,Australia,1,2002
22812,Iceland,South Africa,-1,2002
22813,Kenya,Seychelles,-1,2002
22814,Romania,Moldova,1,2002
22815,Switzerland,Serbia,-1,2002
22816,Tunisia,Wales,1,2002
22817,Belarus,Lithuania,1,2002
22818,Brazil,Scotland,1,2002
22819,Morocco,Norway,-1,2002
22820,Cameroon,Austria,-1,2002
22821,Italy,Chile,-1,2002
22822,France,South Africa,1,2002
22823,Paraguay,Bulgaria,-1,2002
22824,Saudi Arabia,Denmark,-1,2002
22825,South Korea,Mexico,-1,2002
22826,Netherlands,Belgium,-1,2002
22827,Seychelles,Kenya,-1,2002
22828,Spain,Nigeria,-1,2002
22829,Argentina,Japan,1,2002
22830,Jamaica,Croatia,-1,2002
22831,Serbia,Iran,1,2002
22832,England,Tunisia,1,2002
22833,Germany,United States,1,2002
22834,Romania,Colombia,1,2002
22835,Brazil,Morocco,1,2002
22836,Scotland,Norway,-1,2002
22837,Chile,Austria,-1,2002
22838,Italy,Cameroon,1,2002
22839,France,Saudi Arabia,1,2002
22840,South Africa,Denmark,-1,2002
22841,Nigeria,Bulgaria,1,2002
22842,Spain,Paraguay,-1,2002
22843,Belgium,Mexico,-1,2002
22844,Japan,Croatia,-1,2002
22845,Netherlands,South Korea,1,2002
22846,Argentina,Jamaica,1,2002
22847,Germany,Serbia,-1,2002
22848,United States,Iran,-1,2002
22849,Colombia,Tunisia,1,2002
22850,Estonia,Andorra,1,2002
22851,Romania,England,1,2002
22852,Brazil,Norway,-1,2002
22853,Chile,Cameroon,-1,2002
22854,Italy,Austria,1,2002
22855,Scotland,Morocco,-1,2002
22856,Andorra,Azerbaijan,-1,2002
22857,France,Denmark,1,2002
22858,Nigeria,Paraguay,-1,2002
22859,South Africa,Saudi Arabia,-1,2002
22860,Spain,Bulgaria,1,2002
22861,Belgium,South Korea,-1,2002
22862,Estonia,Latvia,-1,2002
22863,Germany,Iran,1,2002
22864,Netherlands,Mexico,-1,2002
22865,United States,Serbia,-1,2002
22866,Argentina,Croatia,1,2002
22867,Azerbaijan,Lithuania,1,2002
22868,Colombia,England,-1,2002
22869,Japan,Jamaica,-1,2002
22870,Latvia,Andorra,1,2002
22871,Romania,Tunisia,-1,2002
22872,Brazil,Chile,1,2002
22873,Italy,Norway,1,2002
22874,Thailand,China PR,-1,2002
22875,Estonia,Lithuania,-1,2002
22876,France,Paraguay,1,2002
22877,Nigeria,Denmark,-1,2002
22878,Germany,Mexico,1,2002
22879,Lithuania,Andorra,1,2002
22880,Netherlands,Serbia,1,2002
22881,Argentina,England,-1,2002
22882,Romania,Croatia,-1,2002
22883,Oman,Syria,-1,2002
22884,Brazil,Denmark,1,2002
22885,France,Italy,-1,2002
22886,Germany,Croatia,-1,2002
22887,Netherlands,Argentina,1,2002
22888,Rwanda,Tanzania,1,2002
22889,Malawi,Mozambique,1,2002
22890,Rwanda,Tanzania,-1,2002
22891,Brazil,Netherlands,-1,2002
22892,France,Croatia,1,2002
22893,Malawi,Mozambique,-1,2002
22894,Uganda,Tanzania,1,2002
22895,Malawi,Mozambique,-1,2002
22896,Netherlands,Croatia,-1,2002
22897,France,Brazil,1,2002
22898,Ukraine,Poland,-1,2002
22899,Malawi,Zimbabwe,1,2002
22900,Uganda,Kenya,-1,2002
22901,Mozambique,Angola,-1,2002
22902,Lebanon,Palestine,1,2002
22903,Malawi,Zimbabwe,-1,2002
22904,Syria,Jordan,1,2002
22905,Curaçao,Haiti,-1,2002
22906,Jamaica,Cayman Islands,1,2002
22907,Martinique,Dominica,1,2002
22908,Senegal,Cape Verde,1,2002
22909,Trinidad and Tobago,Antigua and Barbuda,1,2002
22910,Lebanon,Jordan,-1,2002
22911,Palestine,Syria,-1,2002
22912,Antigua and Barbuda,Dominica,1,2002
22913,Burkina Faso,Niger,1,2002
22914,Cayman Islands,Haiti,-1,2002
22915,Jamaica,Curaçao,1,2002
22916,Trinidad and Tobago,Martinique,1,2002
22917,Benin,Ghana,-1,2002
22918,Antigua and Barbuda,Martinique,1,2002
22919,Curaçao,Cayman Islands,-1,2002
22920,Jamaica,Haiti,1,2002
22921,Jordan,Palestine,-1,2002
22922,Lebanon,Syria,-1,2002
22923,Niger,Ivory Coast,1,2002
22924,Senegal,Mali,1,2002
22925,Trinidad and Tobago,Dominica,1,2002
22926,Jamaica,Antigua and Barbuda,1,2002
22927,Trinidad and Tobago,Haiti,1,2002
22928,Guam,Northern Mariana Islands,1,2002
22929,Antigua and Barbuda,Haiti,-1,2002
22930,Kenya,Djibouti,1,2002
22931,Libya,Algeria,-1,2002
22932,Trinidad and Tobago,Jamaica,-1,2002
22933,Namibia,Malawi,1,2002
22934,Palau,Guam,-1,2002
22935,Uganda,Rwanda,1,2002
22936,Benin,Angola,1,2002
22937,Botswana,Mozambique,-1,2002
22938,Burundi,Tanzania,1,2002
22939,Chad,Congo,-1,2002
22940,Equatorial Guinea,Gabon,-1,2002
22941,Lesotho,Mauritius,-1,2002
22942,Mali,Cape Verde,1,2002
22943,Niger,Liberia,1,2002
22944,São Tomé and Príncipe,Togo,-1,2002
22945,Eswatini,Madagascar,-1,2002
22946,Guam,Northern Mariana Islands,-1,2002
22947,Réunion,Mauritius,1,2002
22948,Madagascar,Comoros,1,2002
22949,Zambia,Namibia,-1,2002
22950,Benin,Niger,-1,2002
22951,Seychelles,Comoros,1,2002
22952,Réunion,Mauritius,1,2002
22953,Madagascar,Seychelles,1,2002
22954,Azerbaijan,Georgia,1,2002
22955,Madagascar,Mauritius,1,2002
22956,Réunion,Seychelles,1,2002
22957,Algeria,Libya,1,2002
22958,Kenya,Djibouti,1,2002
22959,Malawi,Namibia,-1,2002
22960,Mozambique,Botswana,1,2002
22961,Tanzania,Burundi,-1,2002
22962,Thailand,Uzbekistan,1,2002
22963,Mauritius,Seychelles,-1,2002
22964,Réunion,Madagascar,-1,2002
22965,Angola,Benin,1,2002
22966,Cape Verde,Mali,-1,2002
22967,Congo,Chad,-1,2002
22968,Gabon,Equatorial Guinea,1,2002
22969,Liberia,Niger,1,2002
22970,Lithuania,Moldova,-1,2002
22971,Rwanda,Uganda,-1,2002
22972,Armenia,Lebanon,1,2002
22973,Poland,Israel,1,2002
22974,Togo,São Tomé and Príncipe,1,2002
22975,Austria,France,-1,2002
22976,Bosnia and Herzegovina,Faroe Islands,1,2002
22977,Cyprus,Albania,1,2002
22978,Czech Republic,Denmark,1,2002
22979,Hungary,Slovenia,1,2002
22980,Iceland,Latvia,1,2002
22981,Lithuania,Belarus,-1,2002
22982,Norway,Romania,-1,2002
22983,Portugal,Mozambique,1,2002
22984,Slovakia,Finland,-1,2002
22985,Sweden,Russia,1,2002
22986,Ukraine,Georgia,1,2002
22987,Estonia,Moldova,-1,2002
22988,Burkina Faso,Togo,-1,2002
22989,Mauritius,Lesotho,1,2002
22990,Madagascar,Eswatini,-1,2002
22991,Malaysia,Singapore,-1,2002
22992,Vietnam,Laos,1,2002
22993,Indonesia,Philippines,1,2002
22994,Thailand,Myanmar,-1,2002
22995,Malaysia,Laos,-1,2002
22996,Vietnam,Singapore,-1,2002
22997,Indonesia,Myanmar,1,2002
22998,Thailand,Philippines,1,2002
22999,Angola,Zimbabwe,1,2002
23000,Burkina Faso,Ivory Coast,-1,2002
23001,Singapore,Laos,1,2002
23002,Vietnam,Malaysia,1,2002
23003,Burkina Faso,Senegal,-1,2002
23004,Myanmar,Philippines,1,2002
23005,Thailand,Indonesia,1,2002
23006,Cook Islands,Samoa,1,2002
23007,Malta,Germany,-1,2002
23008,Morocco,Senegal,1,2002
23009,Romania,Liechtenstein,1,2002
23010,Serbia,Switzerland,-1,2002
23011,Singapore,Indonesia,1,2002
23012,Tonga,American Samoa,1,2002
23013,Cook Islands,American Samoa,1,2002
23014,Tahiti,Tonga,1,2002
23015,Vietnam,Thailand,1,2002
23016,Armenia,Andorra,1,2002
23017,Austria,Israel,-1,2002
23018,Belarus,Denmark,-1,2002
23019,Bosnia and Herzegovina,Estonia,-1,2002
23020,Cook Islands,Tonga,-1,2002
23021,Cyprus,Spain,1,2002
23022,Fiji,New Caledonia,1,2002
23023,Finland,Moldova,1,2002
23024,Georgia,Albania,1,2002
23025,Germany,Romania,-1,2002
23026,Iceland,France,-1,2002
23027,Indonesia,Thailand,-1,2002
23028,Republic of Ireland,Croatia,1,2002
23029,Lithuania,Scotland,-1,2002
23030,Slovakia,Azerbaijan,1,2002
23031,Solomon Islands,Papua New Guinea,1,2002
23032,Sweden,England,1,2002
23033,Tahiti,Samoa,1,2002
23034,Turkey,Northern Ireland,1,2002
23035,Ukraine,Russia,1,2002
23036,Vietnam,Singapore,-1,2002
23037,Wales,Italy,-1,2002
23038,Bulgaria,Poland,-1,2002
23039,Faroe Islands,Czech Republic,-1,2002
23040,Greece,Slovenia,-1,2002
23041,Hungary,Portugal,-1,2002
23042,North Macedonia,Malta,1,2002
23043,Norway,Latvia,-1,2002
23044,Eswatini,Ghana,-1,2002
23045,Togo,Benin,-1,2002
23046,Papua New Guinea,New Caledonia,1,2002
23047,Samoa,Tonga,1,2002
23048,Tahiti,American Samoa,1,2002
23049,Vanuatu,Fiji,-1,2002
23050,Cook Islands,Tahiti,-1,2002
23051,Samoa,American Samoa,1,2002
23052,Solomon Islands,New Caledonia,1,2002
23053,Vanuatu,Papua New Guinea,-1,2002
23054,Kuwait,Lebanon,-1,2002
23055,Fiji,Papua New Guinea,1,2002
23056,Vanuatu,Solomon Islands,1,2002
23057,Saudi Arabia,Tanzania,1,2002
23058,Fiji,Solomon Islands,-1,2002
23059,Namibia,Mozambique,1,2002
23060,Syria,Oman,1,2002
23061,Vanuatu,New Caledonia,1,2002
23062,Bahrain,Libya,-1,2002
23063,Kuwait,North Korea,1,2002
23064,Saudi Arabia,Sudan,1,2002
23065,Syria,Oman,-1,2002
23066,Egypt,Ivory Coast,-1,2002
23067,Qatar,Sudan,-1,2002
23068,United Arab Emirates,Libya,1,2002
23069,Saudi Arabia,Senegal,1,2002
23070,Bahrain,Syria,1,2002
23071,Solomon Islands,Papua New Guinea,1,2002
23072,Togo,Mali,-1,2002
23073,Oman,Zambia,1,2002
23074,Qatar,Libya,1,2002
23075,Brazil,Serbia,-1,2002
23076,Estonia,Egypt,-1,2002
23077,Spain,Russia,1,2002
23078,Libya,Jordan,-1,2002
23079,Oman,Zambia,-1,2002
23080,Australia,Fiji,1,2002
23081,New Zealand,Tahiti,1,2002
23082,Kuwait,Syria,1,2002
23083,Qatar,Jordan,1,2002
23084,Mali,Burkina Faso,1,2002
23085,Saudi Arabia,Lebanon,1,2002
23086,United Arab Emirates,Sudan,1,2002
23087,Zimbabwe,Zambia,-1,2002
23088,Australia,Cook Islands,1,2002
23089,New Zealand,Vanuatu,1,2002
23090,North Macedonia,Egypt,-1,2002
23091,Qatar,United Arab Emirates,1,2002
23092,Saudi Arabia,Kuwait,1,2002
23093,Fiji,Cook Islands,1,2002
23094,Tahiti,Vanuatu,1,2002
23095,Kuwait,United Arab Emirates,1,2002
23096,Qatar,Saudi Arabia,-1,2002
23097,Australia,Tahiti,1,2002
23098,New Zealand,Fiji,1,2002
23099,Bahrain,Sudan,-1,2002
23100,Kenya,Madagascar,-1,2002
23101,Namibia,Congo,-1,2002
23102,South Africa,Angola,1,2002
23103,Australia,New Zealand,-1,2002
23104,Gabon,Mauritius,1,2002
23105,Mali,Ivory Coast,-1,2002
23106,Mozambique,Eritrea,1,2002
23107,Tahiti,Fiji,-1,2002
23108,Togo,Guinea,1,2002
23109,Tunisia,Liberia,1,2002
23110,Zambia,DR Congo,-1,2002
23111,Andorra,Ukraine,-1,2002
23112,Armenia,Iceland,-1,2002
23113,Azerbaijan,Hungary,-1,2002
23114,Bosnia and Herzegovina,Czech Republic,-1,2002
23115,Cyprus,Austria,-1,2002
23116,Denmark,Wales,-1,2002
23117,England,Bulgaria,-1,2002
23118,Italy,Switzerland,1,2002
23119,Latvia,Georgia,1,2002
23120,Liechtenstein,Slovakia,-1,2002
23121,Lithuania,Faroe Islands,-1,2002
23122,Malta,Croatia,-1,2002
23123,Netherlands,Peru,1,2002
23124,Northern Ireland,Finland,1,2002
23125,Poland,Luxembourg,1,2002
23126,Portugal,Romania,-1,2002
23127,Russia,France,-1,2002
23128,San Marino,Israel,-1,2002
23129,Scotland,Estonia,1,2002
23130,Slovenia,Norway,-1,2002
23131,Turkey,Germany,1,2002
23132,Kuwait,Iran,1,2002
23133,Netherlands,Ghana,-1,2002
23134,Brazil,Ecuador,1,2002
23135,Bulgaria,Sweden,-1,2002
23136,Croatia,North Macedonia,1,2002
23137,Czech Republic,Estonia,1,2002
23138,France,Andorra,1,2002
23139,Greece,Georgia,1,2002
23140,Hungary,Romania,-1,2002
23141,Iceland,Russia,1,2002
23142,Republic of Ireland,Malta,1,2002
23143,Israel,Spain,-1,2002
23144,Liechtenstein,Azerbaijan,1,2002
23145,Lithuania,Bosnia and Herzegovina,1,2002
23146,Luxembourg,England,-1,2002
23147,Moldova,Germany,-1,2002
23148,Norway,Albania,-1,2002
23149,San Marino,Austria,-1,2002
23150,Scotland,Faroe Islands,1,2002
23151,Slovakia,Portugal,-1,2002
23152,Slovenia,Latvia,1,2002
23153,Switzerland,Denmark,-1,2002
23154,Turkey,Finland,-1,2002
23155,Ukraine,Armenia,1,2002
23156,Wales,Belarus,1,2002
23157,Lebanon,Syria,-1,2002
23158,Qatar,Burkina Faso,-1,2002
23159,United Arab Emirates,Sudan,1,2002
23160,Lebanon,Sudan,-1,2002
23161,Oman,Burkina Faso,1,2002
23162,United Arab Emirates,Syria,1,2002
23163,Oman,Burkina Faso,-1,2002
23164,Sudan,Syria,-1,2002
23165,United Arab Emirates,Lebanon,1,2002
23166,Bahrain,Burkina Faso,1,2002
23167,Japan,Egypt,1,2002
23168,Bahrain,United Arab Emirates,-1,2002
23169,Kuwait,Saudi Arabia,-1,2002
23170,Oman,Qatar,1,2002
23171,Bahrain,Saudi Arabia,-1,2002
23172,Kuwait,Qatar,1,2002
23173,United Arab Emirates,Oman,1,2002
23174,Bulgaria,Algeria,-1,2002
23175,Oman,Saudi Arabia,-1,2002
23176,Qatar,United Arab Emirates,-1,2002
23177,Bahrain,Kuwait,-1,2002
23178,United States,Australia,-1,2002
23179,Tunisia,Zimbabwe,-1,2002
23180,Bahrain,Qatar,-1,2002
23181,Saudi Arabia,United Arab Emirates,1,2002
23182,Oman,Kuwait,-1,2002
23183,Slovakia,Poland,-1,2002
23184,Tunisia,Latvia,1,2002
23185,Qatar,Saudi Arabia,-1,2002
23186,Bahrain,Oman,-1,2002
23187,United Arab Emirates,Kuwait,-1,2002
23188,Sri Lanka,Maldives,-1,2002
23189,India,Uzbekistan,-1,2002
23190,El Salvador,Mexico,-1,2002
23191,Guatemala,Honduras,-1,2002
23192,Albania,Greece,-1,2002
23193,Brazil,Russia,1,2002
23194,Egypt,Norway,-1,2002
23195,El Salvador,Honduras,-1,2002
23196,England,Czech Republic,1,2002
23197,Georgia,Estonia,1,2002
23198,Germany,Netherlands,-1,2002
23199,Guatemala,Mexico,-1,2002
23200,Hungary,Switzerland,1,2002
23201,Italy,Spain,-1,2002
23202,Luxembourg,Belgium,-1,2002
23203,Malta,North Macedonia,-1,2002
23204,Northern Ireland,Moldova,-1,2002
23205,Portugal,Israel,1,2002
23206,San Marino,Cyprus,-1,2002
23207,Serbia,Republic of Ireland,1,2002
23208,Hong Kong,Vietnam,-1,2002
23209,India,Uzbekistan,-1,2002
23210,Armenia,Estonia,1,2002
23211,Thailand,Turkmenistan,-1,2002
23212,Guernsey,Kernow,-1,2002
23213,China PR,South Korea,-1,2002
23214,Singapore,United Arab Emirates,-1,2002
23215,Thailand,Nepal,1,2002
23216,Azerbaijan,Estonia,1,2002
23217,Turkmenistan,Vietnam,1,2002
23218,China PR,Lebanon,1,2002
23219,Hong Kong,Oman,-1,2002
23220,Nepal,Japan,-1,2002
23221,Tajikistan,Maldives,1,2002
23222,Mongolia,Kuwait,-1,2002
23223,Kazakhstan,Iran,-1,2002
23224,South Korea,Turkmenistan,-1,2002
23225,Cambodia,China PR,-1,2002
23226,United Arab Emirates,North Korea,-1,2002
23227,Thailand,Hong Kong,1,2002
23228,Mali,Ghana,-1,2002
23229,Japan,India,1,2002
23230,Qatar,Tajikistan,1,2002
23231,Uzbekistan,Kuwait,-1,2002
23232,Laos,Kazakhstan,-1,2002
23233,Vietnam,South Korea,-1,2002
23234,Lebanon,Cambodia,1,2002
23235,Thailand,Oman,1,2002
23236,India,Nepal,1,2002
23237,Maldives,Qatar,-1,2002
23238,Mongolia,Uzbekistan,-1,2002
23239,Iran,Laos,1,2002
23240,British Virgin Islands,Saint Vincent and the Grenadines,-1,2002
23241,Turkmenistan,India,1,2002
23242,North Korea,Uzbekistan,-1,2002
23243,Japan,South Korea,-1,2002
23244,United Arab Emirates,Kuwait,-1,2002
23245,China PR,Tajikistan,1,2002
23246,Iran,Oman,-1,2002
23247,Qatar,Lebanon,1,2002
23248,Thailand,Kazakhstan,-1,2002
23249,North Korea,Turkmenistan,-1,2002
23250,India,Uzbekistan,-1,2002
23251,United Arab Emirates,South Korea,-1,2002
23252,Japan,Kuwait,1,2002
23253,Tajikistan,Iran,-1,2002
23254,Oman,China PR,-1,2002
23255,Qatar,Kazakhstan,-1,2002
23256,Thailand,Lebanon,1,2002
23257,India,North Korea,-1,2002
23258,Uzbekistan,Turkmenistan,-1,2002
23259,Japan,United Arab Emirates,-1,2002
23260,South Korea,Kuwait,1,2002
23261,Iran,China PR,1,2002
23262,Tajikistan,Oman,-1,2002
23263,Kazakhstan,Lebanon,-1,2002
23264,Thailand,Qatar,-1,2002
23265,Burundi,Senegal,1,2002
23266,Uzbekistan,Iran,-1,2002
23267,Thailand,South Korea,1,2002
23268,Turkmenistan,China PR,-1,2002
23269,Qatar,Kuwait,-1,2002
23270,South Africa,Egypt,1,2002
23271,Iran,China PR,1,2002
23272,Thailand,Kuwait,-1,2002
23273,Thailand,China PR,-1,2002
23274,Iran,Kuwait,1,2002
23275,Basque Country,Uruguay,1,2002
23276,Catalonia,Nigeria,1,2002
23277,Canary Islands,Latvia,1,2002
23278,Israel,Serbia,1,2002
23279,Kuwait,Egypt,-1,2002
23280,Ivory Coast,Togo,1,2002
23281,Burkina Faso,Gabon,1,2002
23282,Burkina Faso,Mali,1,2002
23283,Senegal,Guinea,1,2002
23284,Bermuda,Antigua and Barbuda,1,2002
23285,Senegal,Guinea,1,2002
23286,Bermuda,Antigua and Barbuda,-1,2002
23287,Burkina Faso,Mali,1,2002
23288,Israel,Estonia,1,2002
23289,France,Morocco,1,2002
23290,Israel,Norway,-1,2002
23291,Estonia,Norway,-1,2002
23292,Eritrea,Cameroon,-1,2002
23293,Mauritius,South Africa,-1,2002
23294,Senegal,Burkina Faso,-1,2002
23295,Zimbabwe,Malawi,1,2002
23296,Angola,Gabon,1,2002
23297,Bolivia,United States,-1,2002
23298,Congo,Mali,-1,2002
23299,DR Congo,Kenya,1,2002
23300,Guinea,Morocco,-1,2002
23301,Ivory Coast,Namibia,1,2002
23302,Liberia,Uganda,1,2002
23303,Madagascar,Zambia,-1,2002
23304,Zimbabwe,Malawi,1,2002
23305,Malta,Bosnia and Herzegovina,1,2002
23306,Costa Rica,Ecuador,-1,2002
23307,Vietnam,Singapore,1,2002
23308,Ethiopia,Kenya,-1,2002
23309,Cyprus,Belgium,-1,2002
23310,Greece,Finland,1,2002
23311,Malta,Poland,-1,2002
23312,Martinique,French Guiana,1,2002
23313,Venezuela,Argentina,-1,2002
23314,British Virgin Islands,Montserrat,1,2002
23315,Cyprus,Finland,1,2002
23316,Greece,Belgium,1,2002
23317,Slovenia,Switzerland,-1,2002
23318,United States,Germany,1,2002
23319,British Virgin Islands,Montserrat,1,2002
23320,Lesotho,Namibia,1,2002
23321,Oman,Slovenia,-1,2002
23322,Belgium,Czech Republic,-1,2002
23323,Colombia,Germany,-1,2002
23324,Israel,Belarus,1,2002
23325,Albania,North Macedonia,1,2002
23326,Croatia,Denmark,-1,2002
23327,Cyprus,San Marino,1,2002
23328,England,France,-1,2002
23329,Finland,Poland,-1,2002
23330,Republic of Ireland,Paraguay,1,2002
23331,Italy,Norway,-1,2002
23332,Jamaica,Costa Rica,-1,2002
23333,Malta,Serbia,-1,2002
23334,Mexico,Argentina,-1,2002
23335,Oman,Switzerland,-1,2002
23336,Peru,Ecuador,-1,2002
23337,Portugal,Netherlands,-1,2002
23338,Tunisia,Sweden,-1,2002
23339,Saint Lucia,Antigua and Barbuda,-1,2002
23340,Kuwait,Iran,-1,2002
23341,Bulgaria,Egypt,-1,2002
23342,Ecuador,Peru,-1,2002
23343,Guatemala,Chile,-1,2002
23344,Egypt,Mexico,-1,2002
23345,Botswana,South Africa,-1,2002
23346,Gabon,Burkina Faso,-1,2002
23347,Zimbabwe,Zambia,-1,2002
23348,United States,Chile,1,2002
23349,Suriname,Guyana,1,2002
23350,Thailand,North Korea,-1,2002
23351,Bahamas,Turks and Caicos Islands,1,2002
23352,Costa Rica,Jamaica,1,2002
23353,Israel,Latvia,1,2002
23354,Saint Lucia,Grenada,-1,2002
23355,United States Virgin Islands,Turks and Caicos Islands,-1,2002
23356,South Africa,Gabon,1,2002
23357,Angola,Mauritius,-1,2002
23358,Bahamas,United States Virgin Islands,-1,2002
23359,British Virgin Islands,Antigua and Barbuda,-1,2002
23360,Burundi,Burkina Faso,-1,2002
23361,Cameroon,Mozambique,1,2002
23362,Congo,Ivory Coast,1,2002
23363,Guyana,Barbados,-1,2002
23364,Kenya,Zambia,-1,2002
23365,Liberia,Algeria,-1,2002
23366,Madagascar,DR Congo,1,2002
23367,Togo,Morocco,-1,2002
23368,Bolivia,Jamaica,-1,2002
23369,Bulgaria,Slovakia,1,2002
23370,Guatemala,Paraguay,-1,2002
23371,Poland,Armenia,1,2002
23372,Romania,Estonia,1,2002
23373,Guatemala,Bolivia,-1,2002
23374,Jamaica,Paraguay,-1,2002
23375,Azerbaijan,Estonia,-1,2002
23376,Barbados,Guyana,1,2002
23377,Bolivia,Paraguay,-1,2002
23378,Guatemala,Jamaica,-1,2002
23379,Barbados,Antigua and Barbuda,1,2002
23380,Greece,Croatia,1,2002
23381,Guadeloupe,Dominica,1,2002
23382,Hungary,Bosnia and Herzegovina,-1,2002
23383,Luxembourg,Iceland,-1,2002
23384,Malta,Moldova,-1,2002
23385,Romania,Israel,-1,2002
23386,Switzerland,Austria,-1,2002
23387,Mexico,Bolivia,1,2002
23388,United States,Guatemala,1,2002
23389,Barbados,Dominica,1,2002
23390,Guadeloupe,Antigua and Barbuda,1,2002
23391,Guatemala,Bolivia,1,2002
23392,United States,Mexico,-1,2002
23393,Antigua and Barbuda,Dominica,-1,2002
23394,Guadeloupe,Barbados,1,2002
23395,Cyprus,Estonia,-1,2002
23396,British Virgin Islands,Dominican Republic,-1,2002
23397,Costa Rica,Belize,1,2002
23398,Guatemala,Nicaragua,1,2002
23399,Haiti,Puerto Rico,1,2002
23400,British Virgin Islands,Puerto Rico,1,2002
23401,Guatemala,El Salvador,-1,2002
23402,Haiti,Dominican Republic,1,2002
23403,Honduras,Belize,1,2002
23404,Georgia,Ukraine,-1,2002
23405,Costa Rica,Honduras,-1,2002
23406,Dominican Republic,Puerto Rico,1,2002
23407,El Salvador,Nicaragua,1,2002
23408,Haiti,British Virgin Islands,1,2002
23409,Costa Rica,Guatemala,1,2002
23410,Honduras,El Salvador,1,2002
23411,Costa Rica,Honduras,-1,2002
23412,Guatemala,El Salvador,1,2002
23413,Portugal,Azerbaijan,1,2002
23414,Andorra,Iceland,-1,2002
23415,Armenia,Russia,-1,2002
23416,Belarus,Switzerland,-1,2002
23417,Belgium,Bulgaria,-1,2002
23418,Czech Republic,Lithuania,1,2002
23419,Denmark,Italy,-1,2002
23420,England,Poland,1,2002
23421,France,Ukraine,-1,2002
23422,Georgia,Slovenia,-1,2002
23423,Greece,Norway,-1,2002
23424,Hungary,Liechtenstein,1,2002
23425,Northern Ireland,Germany,-1,2002
23426,Romania,Slovakia,-1,2002
23427,Spain,Austria,1,2002
23428,Sweden,Luxembourg,1,2002
23429,Turkey,Moldova,1,2002
23430,Alderney,Guernsey,-1,2002
23431,Costa Rica,El Salvador,1,2002
23432,Honduras,Guatemala,-1,2002
23433,Israel,Cyprus,1,2002
23434,South Korea,Brazil,1,2002
23435,Trinidad and Tobago,Jamaica,1,2002
23436,Belgium,Egypt,-1,2002
23437,Venezuela,Colombia,-1,2002
23438,Azerbaijan,Romania,-1,2002
23439,France,Armenia,1,2002
23440,Germany,Finland,1,2002
23441,Italy,Belarus,-1,2002
23442,Jamaica,Paraguay,1,2002
23443,Japan,Brazil,-1,2002
23444,Latvia,Greece,-1,2002
23445,Liechtenstein,Portugal,-1,2002
23446,Lithuania,Estonia,-1,2002
23447,Luxembourg,Bulgaria,-1,2002
23448,Moldova,Northern Ireland,-1,2002
23449,Netherlands,Argentina,-1,2002
23450,Poland,Sweden,-1,2002
23451,Russia,Andorra,1,2002
23452,San Marino,Spain,-1,2002
23453,Scotland,Czech Republic,-1,2002
23454,Slovakia,Hungary,-1,2002
23455,Switzerland,Wales,1,2002
23456,Ukraine,Iceland,-1,2002
23457,Mali,Burkina Faso,1,2002
23458,Eswatini,Namibia,-1,2002
23459,Algeria,Liberia,1,2002
23460,Gabon,South Africa,1,2002
23461,Mauritius,Angola,-1,2002
23462,Uganda,Tunisia,-1,2002
23463,Zambia,Kenya,1,2002
23464,Burkina Faso,Burundi,1,2002
23465,DR Congo,Madagascar,1,2002
23466,Ivory Coast,Congo,1,2002
23467,Mali,Namibia,1,2002
23468,Morocco,Togo,-1,2002
23469,Mozambique,Cameroon,-1,2002
23470,Saint Vincent and the Grenadines,Grenada,1,2002
23471,Mexico,Ecuador,-1,2002
23472,Venezuela,Colombia,-1,2002
23473,Saint Lucia,Martinique,1,2002
23474,Saint Vincent and the Grenadines,Saint Kitts and Nevis,-1,2002
23475,Martinique,Saint Kitts and Nevis,1,2002
23476,Saint Vincent and the Grenadines,Saint Lucia,-1,2002
23477,Saint Kitts and Nevis,Saint Lucia,1,2002
23478,India,Bangladesh,-1,2002
23479,Paraguay,Colombia,-1,2002
23480,Sri Lanka,Maldives,-1,2002
23481,Malawi,Angola,-1,2002
23482,Pakistan,Bangladesh,-1,2002
23483,Sri Lanka,Nepal,-1,2002
23484,Eswatini,Lesotho,1,2002
23485,India,Pakistan,1,2002
23486,Nepal,Maldives,-1,2002
23487,Northern Ireland,Canada,-1,2002
23488,Austria,San Marino,1,2002
23489,Bolivia,Chile,-1,2002
23490,Croatia,Italy,-1,2002
23491,Denmark,South Africa,-1,2002
23492,Georgia,Norway,-1,2002
23493,Germany,Scotland,-1,2002
23494,Greece,Switzerland,-1,2002
23495,Hungary,England,-1,2002
23496,Republic of Ireland,Sweden,1,2002
23497,Latvia,Albania,-1,2002
23498,Malta,Iceland,-1,2002
23499,Netherlands,Morocco,-1,2002
23500,Paraguay,Mexico,1,2002
23501,Poland,Czech Republic,1,2002
23502,Romania,Belgium,1,2002
23503,Slovenia,Finland,-1,2002
23504,Bangladesh,Nepal,1,2002
23505,India,Maldives,1,2002
23506,India,Bangladesh,1,2002
23507,Maldives,Nepal,1,2002
23508,Guernsey,Jersey,1,2002
23509,Curaçao,Grenada,-1,2002
23510,Bermuda,Bahamas,1,2002
23511,Cuba,Cayman Islands,1,2002
23512,Spain,Croatia,1,2002
23513,Grenada,Suriname,-1,2002
23514,Trinidad and Tobago,South Africa,1,2002
23515,Bermuda,Cayman Islands,1,2002
23516,Cuba,Bahamas,1,2002
23517,Curaçao,Suriname,-1,2002
23518,Namibia,Mali,-1,2002
23519,Bermuda,Cuba,-1,2002
23520,Cayman Islands,Bahamas,1,2002
23521,Jamaica,South Africa,-1,2002
23522,Eswatini,Mozambique,1,2002
23523,Libya,Senegal,1,2002
23524,Eswatini,Botswana,1,2002
23525,Russia,Belarus,-1,2002
23526,Slovakia,Bulgaria,1,2002
23527,Norway,Jamaica,1,2002
23528,Haiti,Honduras,-1,2002
23529,Malawi,Namibia,-1,2002
23530,Uganda,Zambia,-1,2002
23531,Sweden,Jamaica,1,2002
23532,Botswana,Mozambique,-1,2002
23533,Canada,Guatemala,1,2002
23534,Chile,Costa Rica,1,2002
23535,El Salvador,Colombia,1,2002
23536,Republic of Ireland,Northern Ireland,-1,2002
23537,Saint Kitts and Nevis,Antigua and Barbuda,1,2002
23538,Belgium,Peru,-1,2002
23539,Lesotho,Mauritius,-1,2002
23540,Norway,Georgia,1,2002
23541,Mali,Senegal,-1,2002
23542,Canada,Guatemala,1,2002
23543,Ecuador,Iran,-1,2002
23544,Grenada,Guadeloupe,1,2002
23545,Japan,Belgium,-1,2002
23546,Trinidad and Tobago,Jamaica,1,2002
23547,Canada,Iran,-1,2002
23548,Cuba,Haiti,1,2002
23549,Ecuador,Guatemala,1,2002
23550,Germany,Moldova,1,2002
23551,Poland,Bulgaria,1,2002
23552,Albania,Norway,-1,2002
23553,Azerbaijan,Liechtenstein,1,2002
23554,Bosnia and Herzegovina,Lithuania,1,2002
23555,Brazil,Netherlands,-1,2002
23556,Denmark,Belarus,1,2002
23557,England,Sweden,-1,2002
23558,Estonia,Czech Republic,-1,2002
23559,Faroe Islands,Scotland,-1,2002
23560,Finland,Turkey,-1,2002
23561,France,Russia,-1,2002
23562,Georgia,Greece,-1,2002
23563,Guam,Micronesia,1,2002
23564,Iceland,Armenia,1,2002
23565,Italy,Wales,1,2002
23566,Jamaica,Guadeloupe,1,2002
23567,South Korea,Belgium,-1,2002
23568,Latvia,Slovenia,-1,2002
23569,North Macedonia,Croatia,-1,2002
23570,Namibia,Ivory Coast,-1,2002
23571,Portugal,Slovakia,1,2002
23572,Romania,Hungary,1,2002
23573,South Africa,Mauritius,1,2002
23574,Spain,San Marino,1,2002
23575,Trinidad and Tobago,Grenada,1,2002
23576,Uganda,Liberia,1,2002
23577,Ukraine,Andorra,1,2002
23578,Burkina Faso,Senegal,-1,2002
23579,Cameroon,Eritrea,1,2002
23580,Canada,Ecuador,-1,2002
23581,Gabon,Angola,1,2002
23582,Guatemala,Iran,-1,2002
23583,Haiti,Saint Kitts and Nevis,1,2002
23584,Israel,Austria,1,2002
23585,Japan,Peru,-1,2002
23586,Kenya,DR Congo,-1,2002
23587,Mali,Congo,1,2002
23588,Morocco,Guinea,1,2002
23589,Tunisia,Algeria,1,2002
23590,Zambia,Madagascar,-1,2002
23591,Jamaica,Grenada,1,2002
23592,Trinidad and Tobago,Guadeloupe,1,2002
23593,Brazil,Netherlands,1,2002
23594,Cuba,Saint Kitts and Nevis,1,2002
23595,Serbia,Malta,1,2002
23596,Albania,Slovenia,-1,2002
23597,Andorra,France,-1,2002
23598,Armenia,Ukraine,-1,2002
23599,Bulgaria,England,-1,2002
23600,Czech Republic,Scotland,1,2002
23601,Estonia,Lithuania,-1,2002
23602,Faroe Islands,Bosnia and Herzegovina,-1,2002
23603,Greece,Latvia,-1,2002
23604,Hungary,Slovakia,-1,2002
23605,Republic of Ireland,North Macedonia,1,2002
23606,Luxembourg,Poland,-1,2002
23607,Mexico,Argentina,-1,2002
23608,Moldova,Finland,-1,2002
23609,Portugal,Liechtenstein,1,2002
23610,Romania,Azerbaijan,1,2002
23611,Russia,Iceland,1,2002
23612,Switzerland,Italy,-1,2002
23613,Wales,Denmark,-1,2002
23614,Cuba,Jamaica,1,2002
23615,Guam,Micronesia,1,2002
23616,Trinidad and Tobago,Haiti,1,2002
23617,South Korea,Mexico,-1,2002
23618,Croatia,Egypt,-1,2002
23619,Kenya,Zanzibar,-1,2002
23620,Trinidad and Tobago,Cuba,1,2002
23621,United States,Argentina,1,2002
23622,Venezuela,Ecuador,1,2002
23623,Croatia,Mexico,1,2002
23624,South Korea,Egypt,-1,2002
23625,South Africa,Zimbabwe,-1,2002
23626,Thailand,New Zealand,-1,2002
23627,Colombia,Peru,-1,2002
23628,Paraguay,Uruguay,-1,2002
23629,Egypt,Mexico,-1,2002
23630,Saudi Arabia,Jordan,1,2002
23631,Eritrea,Mozambique,1,2002
23632,South Korea,Croatia,-1,2002
23633,New Zealand,Poland,-1,2002
23634,Senegal,Burundi,1,2002
23635,Algeria,Uganda,1,2002
23636,Angola,South Africa,-1,2002
23637,Chile,Bolivia,1,2002
23638,Congo,Namibia,1,2002
23639,DR Congo,Zambia,-1,2002
23640,Guinea,Togo,1,2002
23641,Ivory Coast,Mali,-1,2002
23642,Liberia,Tunisia,1,2002
23643,Madagascar,Kenya,-1,2002
23644,Mauritius,Gabon,-1,2002
23645,Venezuela,Peru,1,2002
23646,Oman,New Zealand,1,2002
23647,Saudi Arabia,Jordan,1,2002
23648,Uganda,Zambia,-1,2002
23649,Peru,Venezuela,1,2002
23650,Oman,New Zealand,-1,2002
23651,Paraguay,Colombia,1,2002
23652,Argentina,Lithuania,-1,2002
23653,Brazil,Latvia,1,2002
23654,Jersey,Åland Islands,1,2002
23655,Gotland,Hitra,1,2002
23656,Isle of Man,Shetland,1,2002
23657,Isle of Wight,Frøya,1,2002
23658,Greenland,Saare County,1,2002
23659,Ynys Môn,Rhodes,-1,2002
23660,Jordan,Iraq,-1,2002
23661,Åland Islands,Gibraltar,1,2002
23662,Gotland,Shetland,1,2002
23663,Hitra,Isle of Man,-1,2002
23664,Frøya,Greenland,-1,2002
23665,Saare County,Isle of Wight,-1,2002
23666,Rhodes,Guernsey,-1,2002
23667,Paraguay,Bolivia,-1,2002
23668,Peru,Japan,1,2002
23669,Singapore,New Zealand,-1,2002
23670,Zimbabwe,Egypt,-1,2002
23671,Gibraltar,Jersey,-1,2002
23672,Gotland,Isle of Man,-1,2002
23673,Shetland,Hitra,1,2002
23674,Isle of Wight,Greenland,1,2002
23675,Saare County,Frøya,-1,2002
23676,Guernsey,Ynys Môn,-1,2002
23677,Brazil,Venezuela,1,2002
23678,Chile,Mexico,-1,2002
23679,Jordan,Iraq,-1,2002
23680,Argentina,Ecuador,1,2002
23681,Malaysia,New Zealand,1,2002
23682,Uruguay,Colombia,-1,2002
23683,Hitra,Saare County,1,2002
23684,Guernsey,Frøya,1,2002
23685,Shetland,Gibraltar,1,2002
23686,Greenland,Rhodes,-1,2002
23687,Gotland,Åland Islands,-1,2002
23688,Gotland,Greenland,1,2002
23689,Isle of Wight,Ynys Môn,-1,2002
23690,Isle of Man,Jersey,1,2002
23691,Lithuania,Indonesia,-1,2002
23692,Paraguay,Japan,1,2002
23693,Peru,Bolivia,1,2002
23694,Gibraltar,Frøya,1,2002
23695,Guernsey,Shetland,1,2002
23696,Rhodes,Åland Islands,1,2002
23697,Isle of Wight,Jersey,1,2002
23698,Ynys Môn,Isle of Man,1,2002
23699,Brazil,Mexico,1,2002
23700,Chile,Venezuela,1,2002
23701,Malaysia,New Zealand,-1,2002
23702,Argentina,Colombia,-1,2002
23703,Lesotho,Angola,-1,2002
23704,Uruguay,Ecuador,1,2002
23705,Bolivia,Japan,-1,2002
23706,Paraguay,Peru,1,2002
23707,Brazil,Chile,1,2002
23708,Malawi,Uganda,-1,2002
23709,Mexico,Venezuela,1,2002
23710,Colombia,Ecuador,1,2002
23711,Uruguay,Argentina,-1,2002
23712,Canada,Saudi Arabia,-1,2002
23713,Egypt,New Zealand,-1,2002
23714,Mexico,Peru,-1,2002
23715,Paraguay,Uruguay,-1,2002
23716,Brazil,Argentina,1,2002
23717,Chile,Colombia,1,2002
23718,Uzbekistan,Malaysia,1,2002
23719,Micronesia,Northern Mariana Islands,1,2002
23720,Jamaica,Saudi Arabia,1,2002
23721,Uruguay,Chile,-1,2002
23722,Mexico,Brazil,-1,2002
23723,Egypt,New Zealand,1,2002
23724,Jamaica,Saudi Arabia,-1,2002
23725,Jordan,Syria,1,2002
23726,Chile,Mexico,-1,2002
23727,Costa Rica,Saudi Arabia,1,2002
23728,Brazil,Uruguay,1,2002
23729,Jordan,Syria,1,2002
23730,Senegal,Eritrea,1,2002
23731,Eswatini,Zimbabwe,-1,2002
23732,Oman,Kenya,-1,2002
23733,Brazil,Germany,1,2002
23734,New Zealand,United States,-1,2002
23735,Rwanda,Djibouti,1,2002
23736,Thailand,Uzbekistan,1,2002
23737,Bolivia,Egypt,-1,2002
23738,Burundi,Uganda,-1,2002
23739,Ethiopia,Zanzibar,1,2002
23740,Mexico,Saudi Arabia,1,2002
23741,Tanzania,Djibouti,1,2002
23742,Burundi,Somalia,1,2002
23743,Ethiopia,Sudan,-1,2002
23744,Mexico,Egypt,-1,2002
23745,Saudi Arabia,Bolivia,-1,2002
23746,Brazil,United States,1,2002
23747,El Salvador,Guatemala,-1,2002
23748,Germany,New Zealand,1,2002
23749,Kenya,Eritrea,1,2002
23750,Rwanda,Tanzania,-1,2002
23751,Egypt,Saudi Arabia,-1,2002
23752,Mexico,Bolivia,1,2002
23753,Somalia,Uganda,-1,2002
23754,Sudan,Zanzibar,-1,2002
23755,New Zealand,Brazil,-1,2002
23756,United States,Germany,1,2002
23757,Thailand,Philippines,1,2002
23758,Vietnam,Laos,1,2002
23759,Burundi,Tanzania,1,2002
23760,Namibia,South Africa,-1,2002
23761,Rwanda,Uganda,1,2002
23762,Indonesia,Cambodia,1,2002
23763,Singapore,Malaysia,1,2002
23764,Brazil,Saudi Arabia,1,2002
23765,Kenya,Sudan,1,2002
23766,Mexico,United States,1,2002
23767,Laos,Thailand,-1,2002
23768,Myanmar,Philippines,1,2002
23769,Indonesia,Malaysia,1,2002
23770,Brunei,Cambodia,-1,2002
23771,Oman,Kyrgyzstan,1,2002
23772,Rwanda,Kenya,-1,2002
23773,Tajikistan,Iraq,-1,2002
23774,United States,Saudi Arabia,1,2002
23775,Myanmar,Vietnam,-1,2002
23776,Philippines,Laos,-1,2002
23777,Mexico,Brazil,1,2002
23778,Brunei,Singapore,-1,2002
23779,Cambodia,Malaysia,-1,2002
23780,Iraq,Oman,1,2002
23781,Tajikistan,Kyrgyzstan,1,2002
23782,Laos,Myanmar,-1,2002
23783,Vietnam,Thailand,-1,2002
23784,Brunei,Malaysia,-1,2002
23785,Indonesia,Singapore,-1,2002
23786,Ghana,Jamaica,1,2002
23787,Iraq,Kyrgyzstan,1,2002
23788,Rwanda,Burundi,-1,2002
23789,Tajikistan,Oman,1,2002
23790,Zambia,Mozambique,-1,2002
23791,Senegal,Zimbabwe,1,2002
23792,Philippines,Vietnam,-1,2002
23793,Thailand,Myanmar,1,2002
23794,Cambodia,Singapore,-1,2002
23795,Brunei,Indonesia,-1,2002
23796,Thailand,Singapore,1,2002
23797,Indonesia,Vietnam,-1,2002
23798,Zambia,Angola,-1,2002
23799,Indonesia,Singapore,-1,2002
23800,Thailand,Vietnam,1,2002
23801,Lesotho,Eswatini,-1,2002
23802,Zimbabwe,Eritrea,1,2002
23803,Mozambique,Nigeria,-1,2002
23804,Belarus,Russia,-1,2002
23805,Belgium,Finland,-1,2002
23806,Cyprus,Romania,-1,2002
23807,Czech Republic,Switzerland,1,2002
23808,Denmark,Netherlands,-1,2002
23809,Estonia,Armenia,1,2002
23810,Faroe Islands,Iceland,-1,2002
23811,Greece,El Salvador,1,2002
23812,Hungary,Moldova,-1,2002
23813,Liechtenstein,Bosnia and Herzegovina,-1,2002
23814,Northern Ireland,France,-1,2002
23815,Norway,Lithuania,1,2002
23816,Poland,Spain,-1,2002
23817,Portugal,Andorra,1,2002
23818,Serbia,Croatia,-1,2002
23819,Slovakia,Israel,1,2002
23820,Slovenia,Albania,1,2002
23821,Sweden,Austria,-1,2002
23822,Ukraine,Bulgaria,-1,2002
23823,Uruguay,Costa Rica,1,2002
23824,Uzbekistan,Azerbaijan,1,2002
23825,Greece,El Salvador,1,2002
23826,Croatia,Malta,1,2002
23827,Bolivia,Venezuela,-1,2002
23828,Namibia,Eswatini,-1,2002
23829,Nigeria,Ghana,-1,2002
23830,Republic of Ireland,Serbia,1,2002
23831,Canada,Jamaica,1,2002
23832,Albania,Latvia,-1,2002
23833,Argentina,Brazil,1,2002
23834,Austria,Spain,-1,2002
23835,Azerbaijan,Portugal,-1,2002
23836,Belarus,Wales,-1,2002
23837,Bosnia and Herzegovina,Scotland,-1,2002
23838,Croatia,Republic of Ireland,1,2002
23839,Denmark,Switzerland,1,2002
23840,England,Luxembourg,1,2002
23841,Faroe Islands,Estonia,-1,2002
23842,Finland,Germany,-1,2002
23843,Iceland,Andorra,1,2002
23844,Liechtenstein,Hungary,-1,2002
23845,Lithuania,Czech Republic,-1,2002
23846,Netherlands,Belgium,-1,2002
23847,Northern Ireland,Turkey,-1,2002
23848,Norway,Greece,1,2002
23849,Russia,Armenia,1,2002
23850,Slovakia,Romania,-1,2002
23851,Slovenia,Georgia,1,2002
23852,Sweden,Bulgaria,1,2002
23853,Ukraine,France,-1,2002
23854,Cyprus,Israel,1,2002
23855,Serbia,North Macedonia,1,2002
23856,Belgium,Morocco,1,2002
23857,Brazil,Argentina,1,2002
23858,Andorra,Russia,-1,2002
23859,Armenia,France,-1,2002
23860,Czech Republic,Bosnia and Herzegovina,1,2002
23861,Estonia,Scotland,-1,2002
23862,Faroe Islands,Lithuania,-1,2002
23863,Georgia,Latvia,-1,2002
23864,Germany,Northern Ireland,1,2002
23865,Hungary,Azerbaijan,1,2002
23866,Iceland,Ukraine,-1,2002
23867,Israel,San Marino,1,2002
23868,Italy,Denmark,-1,2002
23869,Jamaica,United States,-1,2002
23870,Japan,Iran,-1,2002
23871,Luxembourg,Sweden,-1,2002
23872,North Macedonia,Serbia,-1,2002
23873,Malta,Republic of Ireland,-1,2002
23874,Moldova,Turkey,-1,2002
23875,Norway,Slovenia,1,2002
23876,Poland,England,-1,2002
23877,Romania,Portugal,-1,2002
23878,Slovakia,Liechtenstein,1,2002
23879,Spain,Cyprus,1,2002
23880,Switzerland,Belarus,1,2002
23881,Trinidad and Tobago,Colombia,1,2002
23882,Uruguay,Venezuela,1,2002
23883,Zambia,Saudi Arabia,-1,2002
23884,Bermuda,Cayman Islands,1,2002
23885,Dominica,Saint Lucia,-1,2002
23886,Bermuda,Cayman Islands,1,2002
23887,Zambia,Saudi Arabia,-1,2002
23888,South Africa,Saudi Arabia,1,2002
23889,Cayman Islands,Bahamas,1,2002
23890,Sri Lanka,Maldives,-1,2002
23891,Angola,Namibia,1,2002
23892,India,Pakistan,1,2002
23893,Nepal,Bhutan,1,2002
23894,Bangladesh,Maldives,-1,2002
23895,Haiti,Venezuela,1,2002
23896,India,Bhutan,1,2002
23897,Nepal,Pakistan,1,2002
23898,Bangladesh,Sri Lanka,1,2002
23899,Saudi Arabia,South Africa,-1,2002
23900,Nepal,India,-1,2002
23901,Pakistan,Bhutan,1,2002
23902,Namibia,Angola,-1,2002
23903,Nepal,Maldives,1,2002
23904,India,Bangladesh,-1,2002
23905,India,Maldives,1,2002
23906,Nepal,Bangladesh,-1,2002
23907,Scotland,Bosnia and Herzegovina,1,2002
23908,Canada,Cuba,-1,2002
23909,El Salvador,Haiti,-1,2002
23910,Greece,Albania,1,2002
23911,Canada,El Salvador,1,2002
23912,Cuba,Haiti,-1,2002
23913,Albania,Georgia,1,2002
23914,Andorra,Armenia,-1,2002
23915,Azerbaijan,Slovakia,-1,2002
23916,Belarus,Italy,-1,2002
23917,Croatia,Serbia,-1,2002
23918,Czech Republic,Faroe Islands,1,2002
23919,Estonia,Bosnia and Herzegovina,-1,2002
23920,Finland,Northern Ireland,1,2002
23921,France,Iceland,1,2002
23922,Germany,Turkey,-1,2002
23923,Latvia,Norway,-1,2002
23924,Liechtenstein,Romania,-1,2002
23925,North Macedonia,Republic of Ireland,-1,2002
23926,Netherlands,Brazil,-1,2002
23927,Portugal,Hungary,1,2002
23928,Russia,Ukraine,-1,2002
23929,Scotland,Lithuania,1,2002
23930,Slovenia,Greece,-1,2002
23931,Sweden,Poland,1,2002
23932,Wales,Switzerland,-1,2002
23933,Austria,Cyprus,1,2002
23934,Bulgaria,Luxembourg,1,2002
23935,Canada,Haiti,1,2002
23936,Cuba,El Salvador,1,2002
23937,Denmark,Iran,-1,2002
23938,England,Belgium,1,2002
23939,Spain,Israel,1,2002
23940,Hong Kong,Mauritius,1,2002
23941,Panama,Trinidad and Tobago,-1,2002
23942,Uruguay,Ecuador,-1,2002
23943,Argentina,Colombia,1,2002
23944,Mexico,Paraguay,-1,2002
23945,Guatemala,Paraguay,-1,2002
23946,Tunisia,United Arab Emirates,1,2002
23947,Hong Kong,Cambodia,1,2002
23948,Mexico,Colombia,-1,2002
23949,Cayman Islands,Jamaica,-1,2002
23950,Hong Kong,Indonesia,-1,2002
23951,Mexico,Ecuador,-1,2002
23952,Cambodia,Indonesia,-1,2002
23953,DR Congo,Congo,-1,2002
23954,Iraq,Estonia,-1,2002
23955,Ivory Coast,Gabon,-1,2002
23956,United Arab Emirates,Turkmenistan,1,2002
23957,Tunisia,Zambia,1,2002
23958,Iraq,Turkmenistan,1,2002
23959,United Arab Emirates,Estonia,-1,2002
23960,Tunisia,Zambia,-1,2002
23961,Bolivia,Paraguay,-1,2002
23962,Turkmenistan,Estonia,-1,2002
23963,United Arab Emirates,Iraq,-1,2002
23964,Burkina Faso,Togo,1,2002
23965,Cambodia,Hong Kong,-1,2002
23966,Gabon,Equatorial Guinea,1,2002
23967,Central African Republic,Chad,1,2002
23968,Burkina Faso,Togo,-1,2002
23969,Chad,São Tomé and Príncipe,1,2002
23970,Congo,Equatorial Guinea,1,2002
23971,Gabon,Central African Republic,1,2002
23972,Congo,Chad,-1,2002
23973,Equatorial Guinea,Central African Republic,1,2002
23974,Gabon,São Tomé and Príncipe,1,2002
23975,Congo,São Tomé and Príncipe,1,2002
23976,Egypt,Ghana,-1,2002
23977,Central African Republic,São Tomé and Príncipe,1,2002
23978,Chad,Equatorial Guinea,1,2002
23979,France,Croatia,1,2002
23980,Gabon,Congo,-1,2002
23981,Greece,Nigeria,1,2002
23982,Republic of Ireland,Turkey,-1,2002
23983,Israel,Denmark,-1,2002
23984,Italy,Belgium,-1,2002
23985,Netherlands,Czech Republic,-1,2002
23986,Scotland,England,-1,2002
23987,Slovenia,Ukraine,1,2002
23988,Spain,Brazil,-1,2002
23989,Central African Republic,Congo,1,2002
23990,Gabon,Chad,1,2002
23991,Indonesia,Hong Kong,1,2002
23992,Norway,Germany,-1,2002
23993,São Tomé and Príncipe,Equatorial Guinea,1,2002
23994,Namibia,Egypt,-1,2002
23995,Denmark,Israel,1,2002
23996,England,Scotland,-1,2002
23997,Greece,Bulgaria,1,2002
23998,Honduras,Trinidad and Tobago,1,2002
23999,Morocco,United States,1,2002
24000,Peru,Slovakia,1,2002
24001,Spain,Argentina,-1,2002
24002,Turkey,Republic of Ireland,-1,2002
24003,Ukraine,Slovenia,-1,2002
24004,Uruguay,Paraguay,-1,2002
24005,Libya,Togo,1,2002
24006,Indonesia,Cambodia,1,2002
24007,Senegal,Ivory Coast,1,2002
24008,Bangladesh,Uzbekistan,-1,2002
24009,Gabon,Nigeria,-1,2002
24010,United Arab Emirates,India,1,2002
24011,Guatemala,Slovakia,-1,2002
24012,Sri Lanka,Uzbekistan,-1,2002
24013,United Arab Emirates,Bangladesh,1,2002
24014,Lebanon,Malta,-1,2002
24015,Costa Rica,Slovakia,1,2002
24016,India,Uzbekistan,-1,2002
24017,Sri Lanka,Bangladesh,-1,2002
24018,Gabon,Togo,-1,2002
24019,Congo,Burkina Faso,1,2002
24020,South Africa,Sweden,1,2002
24021,Sri Lanka,India,-1,2002
24022,United Arab Emirates,Uzbekistan,-1,2002
24023,Zimbabwe,Libya,1,2002
24024,Congo,Togo,1,2002
24025,Gabon,Burkina Faso,1,2002
24026,India,Bangladesh,-1,2002
24027,United Arab Emirates,Sri Lanka,1,2002
24028,Congo,DR Congo,-1,2002
24029,Peru,Honduras,-1,2002
24030,Gambia,Sierra Leone,-1,2002
24031,Malawi,Libya,-1,2002
24032,Panama,Cuba,1,2002
24033,Malawi,Rwanda,-1,2002
24034,Senegal,Gambia,1,2002
24035,Saint Lucia,Dominica,1,2002
24036,Malawi,Rwanda,-1,2002
24037,Saint Lucia,Dominica,1,2002
24038,Greece,Ghana,-1,2002
24039,Malawi,Rwanda,-1,2002
24040,Greece,Moldova,1,2002
24041,Honduras,Zambia,1,2002
24042,Dominica,Saint Lucia,1,2002
24043,Greece,Estonia,-1,2002
24044,Dominica,Saint Lucia,1,2002
24045,Morocco,Senegal,-1,2002
24046,Tunisia,Ghana,1,2002
24047,Libya,Gabon,1,2002
24048,Catalonia,Yugoslavia,1,2002
24049,Gabon,Togo,1,2002
24050,Malaysia,Singapore,1,2002
24051,Andalusia,Estonia,1,2002
24052,Costa Rica,Honduras,-1,2002
24053,Ivory Coast,Burkina Faso,1,2002
24054,Libya,Togo,1,2002
24055,Basque Country,Nigeria,1,2002
24056,Egypt,Togo,1,2002
24057,Tunisia,Togo,1,2002
24058,Trinidad and Tobago,Canada,-1,2002
24059,Burkina Faso,Gabon,-1,2002
24060,Guatemala,Armenia,-1,2002
24061,Ivory Coast,Egypt,1,2002
24062,Mexico,Iran,1,2002
24063,Bermuda,Canada,-1,2002
24064,Burkina Faso,Cameroon,-1,2002
24065,Senegal,Cameroon,-1,2002
24066,China PR,New Zealand,1,2002
24067,Jamaica,New Zealand,1,2002
24068,United States,Iran,-1,2002
24069,Ghana,Tunisia,1,2002
24070,Morocco,Trinidad and Tobago,1,2002
24071,Panama,Guatemala,1,2002
24072,Togo,Egypt,1,2002
24073,Burkina Faso,Algeria,1,2002
24074,Malta,Qatar,1,2002
24075,New Zealand,South Korea,-1,2002
24076,Ghana,Cameroon,-1,2002
24077,China PR,Philippines,1,2002
24078,Egypt,Zambia,1,2002
24079,New Zealand,South Korea,-1,2002
24080,Nigeria,Tunisia,1,2002
24081,South Africa,Gabon,1,2002
24082,Vietnam,Guam,1,2002
24083,DR Congo,Algeria,-1,2002
24084,Ivory Coast,Togo,-1,2002
24085,Qatar,Bosnia and Herzegovina,1,2002
24086,Burkina Faso,Senegal,-1,2002
24087,Morocco,Congo,1,2002
24088,China PR,Guam,1,2002
24089,Costa Rica,Trinidad and Tobago,1,2002
24090,Guatemala,Panama,-1,2002
24091,Spain,Poland,1,2002
24092,Uganda,Libya,1,2002
24093,Vietnam,Philippines,1,2002
24094,Ghana,Togo,1,2002
24095,South Africa,DR Congo,1,2002
24096,Cameroon,Ivory Coast,1,2002
24097,Egypt,Senegal,1,2002
24098,Nigeria,Congo,-1,2002
24099,United States Virgin Islands,Saint Lucia,-1,2002
24100,Algeria,Gabon,1,2002
24101,Chile,United States,-1,2002
24102,Philippines,Guam,1,2002
24103,Tunisia,Morocco,-1,2002
24104,Vietnam,China PR,-1,2002
24105,Zambia,Burkina Faso,-1,2002
24106,United States Virgin Islands,Saint Lucia,-1,2002
24107,Cameroon,Togo,-1,2002
24108,Faroe Islands,Finland,-1,2002
24109,Ghana,Ivory Coast,-1,2002
24110,Iceland,Norway,-1,2002
24111,Kuwait,Syria,1,2002
24112,British Virgin Islands,Saint Lucia,-1,2002
24113,Egypt,Burkina Faso,1,2002
24114,Zambia,Senegal,-1,2002
24115,Armenia,Moldova,1,2002
24116,DR Congo,Gabon,-1,2002
24117,Costa Rica,Chile,1,2002
24118,Cyprus,Lithuania,1,2002
24119,Finland,Iceland,-1,2002
24120,Romania,Latvia,1,2002
24121,South Africa,Algeria,-1,2002
24122,Saint Kitts and Nevis,Saint Lucia,-1,2002
24123,Nigeria,Morocco,1,2002
24124,Tunisia,Congo,1,2002
24125,Cyprus,Armenia,1,2002
24126,Faroe Islands,Iceland,-1,2002
24127,Kuwait,Iran,-1,2002
24128,Moldova,Lithuania,1,2002
24129,Norway,Sweden,-1,2002
24130,Romania,Georgia,-1,2002
24131,Guatemala,Chile,1,2002
24132,Japan,Mexico,-1,2002
24133,Albania,Andorra,1,2002
24134,Cameroon,Algeria,1,2002
24135,Cayman Islands,Jamaica,-1,2002
24136,Cyprus,Romania,1,2002
24137,Georgia,Armenia,1,2002
24138,Ghana,South Africa,-1,2002
24139,Latvia,Lithuania,-1,2002
24140,Malta,Azerbaijan,1,2002
24141,Egypt,Tunisia,-1,2002
24142,Nigeria,Senegal,1,2002
24143,Singapore,Malaysia,1,2002
24144,Albania,Azerbaijan,1,2002
24145,Malta,Andorra,-1,2002
24146,Mexico,Czech Republic,-1,2002
24147,Syria,North Korea,1,2002
24148,Bulgaria,Slovakia,1,2002
24149,Cayman Islands,Jamaica,-1,2002
24150,Chile,Australia,1,2002
24151,Honduras,El Salvador,1,2002
24152,Andorra,Azerbaijan,-1,2002
24153,Cameroon,Tunisia,1,2002
24154,Hong Kong,Singapore,-1,2002
24155,Kuwait,Turkmenistan,1,2002
24156,Malta,Albania,-1,2002
24157,Nepal,Yemen,-1,2002
24158,Nigeria,South Africa,1,2002
24159,Australia,Slovakia,-1,2002
24160,Chile,Bulgaria,1,2002
24161,Colombia,Jamaica,1,2002
24162,Nepal,Bhutan,1,2002
24163,South Africa,Tunisia,-1,2002
24164,United States,Haiti,1,2002
24165,Yemen,Turkmenistan,-1,2002
24166,Costa Rica,Canada,-1,2002
24167,Dominican Republic,British Virgin Islands,1,2002
24168,Macau,Brunei,1,2002
24169,Mexico,Trinidad and Tobago,1,2002
24170,Nigeria,Cameroon,-1,2002
24171,Singapore,Japan,-1,2002
24172,Syria,North Korea,-1,2002
24173,Haiti,Peru,-1,2002
24174,Jamaica,Honduras,-1,2002
24175,Kuwait,Bhutan,1,2002
24176,Turkmenistan,Nepal,1,2002
24177,Australia,Bulgaria,-1,2002
24178,Canada,South Korea,-1,2002
24179,Chile,Slovakia,-1,2002
24180,Malaysia,Maldives,1,2002
24181,Trinidad and Tobago,Guatemala,1,2002
24182,Bhutan,Turkmenistan,-1,2002
24183,Honduras,Colombia,1,2002
24184,Japan,Brunei,1,2002
24185,Kuwait,Yemen,1,2002
24186,Lebanon,North Korea,1,2002
24187,Macau,Singapore,-1,2002
24188,Panama,El Salvador,1,2002
24189,United States,Peru,1,2002
24190,Barbados,Saint Kitts and Nevis,1,2002
24191,South Korea,Costa Rica,-1,2002
24192,Malaysia,Maldives,1,2002
24193,Mexico,Guatemala,-1,2002
24194,Kuwait,Nepal,1,2002
24195,Yemen,Bhutan,1,2002
24196,Dominica,Antigua and Barbuda,1,2002
24197,Honduras,Peru,-1,2002
24198,Oman,Switzerland,-1,2002
24199,United Arab Emirates,Slovenia,-1,2002
24200,United States,Colombia,-1,2002
24201,Costa Rica,Trinidad and Tobago,-1,2002
24202,Lesotho,Eswatini,1,2002
24203,Macau,Japan,-1,2002
24204,Mexico,Canada,-1,2002
24205,Singapore,Brunei,1,2002
24206,Thailand,Finland,-1,2002
24207,Kernow,Guernsey,-1,2002
24208,Oman,United Arab Emirates,-1,2002
24209,Belgium,Portugal,-1,2002
24210,Colombia,Peru,1,2002
24211,Croatia,Spain,-1,2002
24212,England,Argentina,-1,2002
24213,Estonia,Finland,-1,2002
24214,France,Poland,1,2002
24215,Greece,Austria,1,2002
24216,Hungary,Australia,-1,2002
24217,Republic of Ireland,Czech Republic,1,2002
24218,Israel,Russia,1,2002
24219,Italy,Sweden,1,2002
24220,Lebanon,Jordan,-1,2002
24221,Luxembourg,Northern Ireland,-1,2002
24222,North Macedonia,Serbia,-1,2002
24223,Netherlands,Germany,1,2002
24224,Oman,Slovenia,-1,2002
24225,Qatar,Wales,-1,2002
24226,Thailand,Brazil,-1,2002
24227,Turkey,Norway,-1,2002
24228,United Arab Emirates,Switzerland,1,2002
24229,Trinidad and Tobago,Canada,-1,2002
24230,British Virgin Islands,Anguilla,-1,2002
24231,Thailand,Estonia,1,2002
24232,Botswana,Lesotho,1,2002
24233,British Virgin Islands,Anguilla,1,2002
24234,Canada,Colombia,1,2002
24235,Thailand,Finland,1,2002
24236,Barbados,Antigua and Barbuda,-1,2002
24237,El Salvador,Panama,1,2002
24238,Uzbekistan,Mongolia,1,2002
24239,Zambia,Lesotho,1,2002
24240,Honduras,Nicaragua,1,2002
24241,Trinidad and Tobago,Curaçao,1,2002
24242,Anguilla,Bahamas,-1,2002
24243,Barbados,Grenada,-1,2002
24244,Bolivia,Haiti,1,2002
24245,British Virgin Islands,Bermuda,-1,2002
24246,Cuba,Cayman Islands,1,2002
24247,Dominican Republic,Montserrat,1,2002
24248,El Salvador,Belize,1,2002
24249,Ethiopia,Sudan,1,2002
24250,Saint Lucia,Suriname,1,2002
24251,Saint Vincent and the Grenadines,United States Virgin Islands,1,2002
24252,Zimbabwe,Lesotho,1,2002
24253,Syria,Jordan,-1,2002
24254,Ecuador,Honduras,-1,2002
24255,Jordan,Lebanon,-1,2002
24256,Cuba,Nicaragua,1,2002
24257,Qatar,Sudan,1,2002
24258,Aruba,Puerto Rico,1,2002
24259,Haiti,Dominica,1,2002
24260,Jordan,Bosnia and Herzegovina,-1,2002
24261,United States,Tunisia,-1,2002
24262,Zambia,Malawi,-1,2002
24263,Jordan,Syria,-1,2002
24264,Zambia,Malawi,-1,2002
24265,Japan,China PR,-1,2002
24266,Jordan,Bosnia and Herzegovina,-1,2002
24267,Venezuela,Bolivia,-1,2002
24268,Jordan,Syria,-1,2002
24269,Curaçao,Trinidad and Tobago,-1,2002
24270,Grenada,Barbados,-1,2002
24271,Puerto Rico,Aruba,-1,2002
24272,Saint Kitts and Nevis,Turks and Caicos Islands,1,2002
24273,Bahamas,Anguilla,1,2002
24274,Belize,Guatemala,-1,2002
24275,Bermuda,British Virgin Islands,1,2002
24276,Botswana,Eswatini,1,2002
24277,Cayman Islands,Cuba,-1,2002
24278,Dominica,Haiti,-1,2002
24279,Montserrat,Dominican Republic,-1,2002
24280,Nicaragua,Panama,-1,2002
24281,Suriname,Saint Lucia,1,2002
24282,United States Virgin Islands,Saint Vincent and the Grenadines,-1,2002
24283,Bahrain,Kazakhstan,-1,2002
24284,Namibia,Zimbabwe,1,2002
24285,Saint Kitts and Nevis,Turks and Caicos Islands,1,2002
24286,Bahrain,Qatar,1,2002
24287,Chile,Honduras,1,2002
24288,Cyprus,Iran,-1,2002
24289,Gambia,Mauritania,-1,2002
24290,Bahrain,Jordan,-1,2002
24291,Malaysia,Taiwan,1,2002
24292,Tanzania,Malawi,-1,2002
24293,Thailand,North Korea,-1,2002
24294,Zambia,Botswana,1,2002
24295,Alderney,Jersey,-1,2002
24296,Tanzania,Malawi,1,2002
24297,Malaysia,North Korea,-1,2002
24298,Thailand,Taiwan,1,2002
24299,Colombia,Brazil,-1,2002
24300,El Salvador,Haiti,1,2002
24301,Malta,Northern Ireland,-1,2002
24302,Serbia,China PR,1,2002
24303,Argentina,Chile,1,2002
24304,Austria,Sweden,-1,2002
24305,Belgium,Netherlands,-1,2002
24306,Bosnia and Herzegovina,North Macedonia,1,2002
24307,Bulgaria,Belarus,1,2002
24308,Croatia,Germany,-1,2002
24309,Czech Republic,Australia,1,2002
24310,Ecuador,Venezuela,1,2002
24311,Greece,Romania,1,2002
24312,Hungary,Poland,-1,2002
24313,Israel,Georgia,-1,2002
24314,Malaysia,Thailand,1,2002
24315,Peru,Paraguay,1,2002
24316,Portugal,Denmark,1,2002
24317,Scotland,France,-1,2002
24318,Spain,Italy,1,2002
24319,Switzerland,Norway,-1,2002
24320,Uruguay,Bolivia,1,2002
24321,Wales,Finland,-1,2002
24322,Gambia,Mauritania,-1,2002
24323,Jordan,Kazakhstan,-1,2002
24324,Maldives,Iran,-1,2002
24325,Qatar,Palestine,1,2002
24326,Syria,Bahrain,1,2002
24327,Aruba,Barbados,-1,2002
24328,Haiti,Bahamas,1,2002
24329,Zambia,Kenya,1,2002
24330,Bahrain,Maldives,1,2002
24331,Cuba,Suriname,1,2002
24332,Guatemala,El Salvador,-1,2002
24333,Palestine,Pakistan,1,2002
24334,Panama,Honduras,1,2002
24335,Qatar,Kazakhstan,1,2002
24336,Syria,Iran,-1,2002
24337,Trinidad and Tobago,Dominican Republic,1,2002
24338,Bahrain,Iran,1,2002
24339,Malaysia,Taiwan,-1,2002
24340,Palestine,Jordan,-1,2002
24341,Qatar,Pakistan,1,2002
24342,Syria,Maldives,1,2002
24343,Thailand,North Korea,1,2002
24344,Myanmar,Mongolia,1,2002
24345,South Korea,Laos,1,2002
24346,Kazakhstan,Palestine,1,2002
24347,Malaysia,North Korea,-1,2002
24348,Pakistan,Jordan,-1,2002
24349,Thailand,Taiwan,1,2002
24350,Myanmar,Laos,1,2002
24351,Djibouti,DR Congo,-1,2002
24352,South Korea,Mongolia,1,2002
24353,Mauritania,Tunisia,-1,2002
24354,Central African Republic,Zimbabwe,-1,2002
24355,Botswana,Zambia,-1,2002
24356,Fiji,Papua New Guinea,1,2002
24357,Guinea-Bissau,Togo,-1,2002
24358,Madagascar,Gabon,1,2002
24359,Malawi,Kenya,1,2002
24360,New Caledonia,Solomon Islands,1,2002
24361,Pakistan,Kazakhstan,-1,2002
24362,Qatar,Jordan,-1,2002
24363,São Tomé and Príncipe,Sierra Leone,1,2002
24364,Seychelles,Namibia,-1,2002
24365,Tanzania,Ghana,-1,2002
24366,Thailand,Malaysia,1,2002
24367,Uganda,Guinea,-1,2002
24368,Benin,Senegal,-1,2002
24369,Cape Verde,Algeria,-1,2002
24370,Chad,Liberia,-1,2002
24371,Equatorial Guinea,Congo,-1,2002
24372,Eritrea,Nigeria,-1,2002
24373,Ethiopia,Burkina Faso,1,2002
24374,Gambia,Morocco,-1,2002
24375,Iran,Bahrain,1,2002
24376,South Korea,Myanmar,1,2002
24377,Laos,Mongolia,1,2002
24378,Lesotho,South Africa,-1,2002
24379,Libya,Mali,1,2002
24380,Rwanda,Ivory Coast,-1,2002
24381,Sudan,Mozambique,1,2002
24382,Eswatini,Angola,-1,2002
24383,Syria,Maldives,1,2002
24384,Egypt,Mauritius,1,2002
24385,Fiji,New Caledonia,1,2002
24386,Solomon Islands,Vanuatu,1,2002
24387,Bahrain,Maldives,1,2002
24388,Fiji,Vanuatu,1,2002
24389,Iran,Syria,-1,2002
24390,New Caledonia,Papua New Guinea,1,2002
24391,Ethiopia,DR Congo,-1,2002
24392,Bahrain,Syria,-1,2002
24393,Iran,Maldives,1,2002
24394,Solomon Islands,Papua New Guinea,1,2002
24395,Vanuatu,New Caledonia,1,2002
24396,Fiji,Solomon Islands,-1,2002
24397,Malawi,Mozambique,1,2002
24398,Papua New Guinea,Vanuatu,-1,2002
24399,Antigua and Barbuda,Bermuda,-1,2002
24400,Bahamas,Haiti,-1,2002
24401,Barbados,Aruba,1,2002
24402,Belize,El Salvador,-1,2002
24403,Dominican Republic,Trinidad and Tobago,-1,2002
24404,Nicaragua,Honduras,-1,2002
24405,Saint Vincent and the Grenadines,Saint Kitts and Nevis,1,2002
24406,Suriname,Cuba,-1,2002
24407,Uganda,Kenya,-1,2002
24408,Cameroon,Somalia,1,2002
24409,Mali,Burkina Faso,1,2002
24410,Algeria,Cape Verde,1,2002
24411,Gabon,Madagascar,1,2002
24412,Kenya,Malawi,-1,2002
24413,Morocco,Gambia,1,2002
24414,Namibia,Seychelles,1,2002
24415,Nigeria,Eritrea,1,2002
24416,Sierra Leone,São Tomé and Príncipe,1,2002
24417,South Africa,Lesotho,1,2002
24418,Saint Kitts and Nevis,Saint Vincent and the Grenadines,-1,2002
24419,Tunisia,Mauritania,1,2002
24420,Zambia,Botswana,1,2002
24421,Angola,Eswatini,1,2002
24422,Bermuda,Antigua and Barbuda,-1,2002
24423,Burkina Faso,Ethiopia,1,2002
24424,Cameroon,Somalia,1,2002
24425,Congo,Equatorial Guinea,1,2002
24426,DR Congo,Djibouti,1,2002
24427,Egypt,Mauritius,1,2002
24428,Ghana,Tanzania,1,2002
24429,Guinea,Uganda,1,2002
24430,Ivory Coast,Rwanda,1,2002
24431,Liberia,Chad,-1,2002
24432,Mali,Libya,1,2002
24433,Mozambique,Sudan,1,2002
24434,Senegal,Benin,1,2002
24435,Togo,Guinea-Bissau,1,2002
24436,Zimbabwe,Central African Republic,1,2002
24437,Hong Kong,China PR,-1,2002
24438,Andorra,Belarus,1,2002
24439,Armenia,Georgia,-1,2002
24440,Austria,Croatia,-1,2002
24441,Bolivia,Colombia,-1,2002
24442,Brazil,Ecuador,1,2002
24443,Bulgaria,Ukraine,-1,2002
24444,Chile,Peru,-1,2002
24445,Czech Republic,Israel,1,2002
24446,Denmark,Sweden,-1,2002
24447,France,Slovenia,1,2002
24448,Germany,Switzerland,-1,2002
24449,Republic of Ireland,Greece,-1,2002
24450,Italy,Portugal,1,2002
24451,South Korea,Japan,1,2002
24452,Liechtenstein,Faroe Islands,-1,2002
24453,Lithuania,Latvia,1,2002
24454,Luxembourg,Estonia,-1,2002
24455,North Macedonia,Albania,1,2002
24456,Netherlands,Scotland,-1,2002
24457,Northern Ireland,Hungary,-1,2002
24458,Norway,Belgium,-1,2002
24459,Paraguay,Uruguay,1,2002
24460,Poland,Finland,-1,2002
24461,Romania,Cyprus,1,2002
24462,Russia,United States,1,2002
24463,San Marino,Moldova,-1,2002
24464,Venezuela,Argentina,-1,2002
24465,Antigua and Barbuda,Dominica,1,2002
24466,British Virgin Islands,Sint Maarten,-1,2002
24467,South Africa,Mauritius,1,2002
24468,British Virgin Islands,Antigua and Barbuda,-1,2002
24469,Dominica,Sint Maarten,1,2002
24470,Maldives,Sri Lanka,-1,2002
24471,Jersey,Guernsey,1,2002
24472,Bangladesh,India,-1,2002
24473,Cape Verde,Gambia,-1,2002
24474,Maldives,Bangladesh,-1,2002
24475,Guinea,Mali,1,2002
24476,Guinea-Bissau,Mauritania,1,2002
24477,India,Sri Lanka,-1,2002
24478,Cape Verde,Sierra Leone,1,2002
24479,Gambia,Senegal,-1,2002
24480,Antigua and Barbuda,Saint Vincent and the Grenadines,1,2002
24481,Bangladesh,Sri Lanka,-1,2002
24482,Cuba,Barbados,-1,2002
24483,El Salvador,Guatemala,-1,2002
24484,Guinea,Mauritania,-1,2002
24485,Honduras,Panama,1,2002
24486,Mali,Guinea-Bissau,1,2002
24487,Trinidad and Tobago,Haiti,1,2002
24488,Cape Verde,Senegal,-1,2002
24489,Gambia,Sierra Leone,-1,2002
24490,Maldives,India,1,2002
24491,Guinea,Guinea-Bissau,1,2002
24492,Mali,Mauritania,-1,2002
24493,Maldives,Sri Lanka,-1,2002
24494,Cape Verde,Guinea,1,2002
24495,Senegal,Mali,-1,2002
24496,Jordan,Lebanon,-1,2002
24497,Cape Verde,Senegal,1,2002
24498,Guinea,Mali,1,2002
24499,Jamaica,Panama,-1,2002
24500,Zimbabwe,Namibia,1,2002
24501,Thailand,Uzbekistan,1,2002
24502,Guatemala,Belize,-1,2002
24503,Haiti,Trinidad and Tobago,-1,2002
24504,Malawi,Angola,-1,2002
24505,Saint Vincent and the Grenadines,Antigua and Barbuda,1,2002
24506,Barbados,Cuba,-1,2002
24507,Lebanon,Saudi Arabia,-1,2002
24508,Panama,Nicaragua,1,2002
24509,Jordan,Kyrgyzstan,1,2002
24510,Lebanon,Iraq,-1,2002
24511,Wales,Brazil,-1,2002
24512,Iran,Kazakhstan,1,2002
24513,Slovakia,Saudi Arabia,-1,2002
24514,Syria,Palestine,1,2002
24515,China PR,Serbia,-1,2002
24516,Jordan,Iraq,-1,2002
24517,Kyrgyzstan,Lebanon,-1,2002
24518,Algeria,Burkina Faso,1,2002
24519,Kazakhstan,Syria,-1,2002
24520,Palestine,Iran,-1,2002
24521,Canada,Trinidad and Tobago,1,2002
24522,Cuba,Haiti,-1,2002
24523,England,Brazil,-1,2002
24524,Iraq,Kyrgyzstan,1,2002
24525,Jamaica,Colombia,-1,2002
24526,Jordan,Lebanon,-1,2002
24527,Netherlands,Romania,1,2002
24528,Norway,Slovakia,1,2002
24529,Croatia,France,-1,2002
24530,Iran,Syria,1,2002
24531,Kazakhstan,Palestine,1,2002
24532,South Korea,Serbia,-1,2002
24533,Macau,Hong Kong,-1,2002
24534,Malta,South Africa,-1,2002
24535,Cuba,Haiti,-1,2002
24536,Canada,Honduras,1,2002
24537,Republic of Ireland,Scotland,-1,2002
24538,South Korea,Serbia,-1,2002
24539,England,Ukraine,1,2002
24540,Hungary,Saudi Arabia,-1,2002
24541,Iraq,Syria,-1,2002
24542,Jordan,Iran,-1,2002
24543,Russia,Slovakia,-1,2002
24544,Venezuela,Panama,1,2002
24545,Botswana,Mozambique,1,2002
24546,Eswatini,Lesotho,-1,2002
24547,Iran,Syria,1,2002
24548,Jordan,Iraq,-1,2002
24549,Lesotho,Mozambique,-1,2002
24550,Portugal,Wales,1,2002
24551,Singapore,Qatar,-1,2002
24552,Eswatini,Botswana,-1,2002
24553,Algeria,Guinea,1,2002
24554,Denmark,Belgium,-1,2002
24555,Germany,Czech Republic,1,2002
24556,Honduras,Haiti,1,2002
24557,Hungary,Israel,1,2002
24558,Latvia,Finland,1,2002
24559,Malta,England,-1,2002
24560,Norway,Italy,1,2002
24561,Paraguay,Ecuador,1,2002
24562,Romania,Greece,1,2002
24563,Slovenia,Saudi Arabia,1,2002
24564,Sweden,Spain,-1,2002
24565,Uruguay,Chile,1,2002
24566,United States,South Africa,1,2002
24567,Argentina,Bolivia,1,2002
24568,Azerbaijan,Georgia,-1,2002
24569,Benin,Togo,-1,2002
24570,Botswana,Lesotho,-1,2002
24571,Colombia,Venezuela,1,2002
24572,Cuba,Canada,-1,2002
24573,Estonia,Belarus,1,2002
24574,France,Japan,-1,2002
24575,Mexico,Republic of Ireland,-1,2002
24576,Moldova,Russia,-1,2002
24577,Morocco,Jamaica,1,2002
24578,Netherlands,Poland,1,2002
24579,Nigeria,Malawi,1,2002
24580,Peru,Brazil,-1,2002
24581,Senegal,Zambia,-1,2002
24582,Eswatini,Mozambique,-1,2002
24583,Jamaica,Japan,-1,2002
24584,Morocco,France,-1,2002
24585,Nigeria,Malawi,1,2002
24586,Senegal,Zambia,-1,2002
24587,United States,Republic of Ireland,-1,2002
24588,Germany,Liechtenstein,1,2002
24589,Iran,Egypt,-1,2002
24590,South Korea,North Macedonia,1,2002
24591,Luxembourg,Spain,-1,2002
24592,Mexico,South Africa,1,2002
24593,Tonga,Cook Islands,-1,2002
24594,Australia,Paraguay,-1,2002
24595,Egypt,South Korea,-1,2002
24596,Iran,North Macedonia,1,2002
24597,Belgium,Sweden,1,2002
24598,Saint Vincent and the Grenadines,Barbados,1,2002
24599,Thailand,Qatar,-1,2002
24600,Antigua and Barbuda,Guatemala,-1,2002
24601,Canada,Cuba,-1,2002
24602,Estonia,Georgia,1,2002
24603,France,Denmark,1,2002
24604,Republic of Ireland,South Africa,1,2002
24605,Japan,Slovakia,-1,2002
24606,Lesotho,Zambia,-1,2002
24607,Netherlands,Czech Republic,1,2002
24608,Tunisia,Senegal,1,2002
24609,Turkey,Italy,-1,2002
24610,United States,Mexico,1,2002
24611,Gibraltar,Monaco,1,2002
24612,Australia,Paraguay,-1,2002
24613,Germany,Romania,-1,2002
24614,New Caledonia,Vanuatu,1,2002
24615,Portugal,England,1,2002
24616,Serbia,Slovenia,-1,2002
24617,Spain,Norway,-1,2002
24618,American Samoa,Tonga,-1,2002
24619,Belgium,Italy,-1,2002
24620,Bolivia,Slovakia,-1,2002
24621,Kenya,Burkina Faso,-1,2002
24622,Australia,Paraguay,1,2002
24623,New Caledonia,Vanuatu,1,2002
24624,Sweden,Turkey,-1,2002
24625,Algeria,Senegal,-1,2002
24626,Czech Republic,France,-1,2002
24627,Netherlands,Denmark,1,2002
24628,Egypt,Ghana,1,2002
24629,England,Germany,1,2002
24630,Haiti,Honduras,-1,2002
24631,Madagascar,DR Congo,1,2002
24632,Malawi,Burkina Faso,-1,2002
24633,Namibia,Morocco,-1,2002
24634,Nigeria,Sierra Leone,1,2002
24635,Romania,Portugal,-1,2002
24636,Angola,Zambia,1,2002
24637,Guatemala,Antigua and Barbuda,1,2002
24638,Ivory Coast,Tunisia,-1,2002
24639,Japan,Bolivia,1,2002
24640,Libya,Cameroon,-1,2002
24641,Norway,Serbia,-1,2002
24642,Slovenia,Spain,-1,2002
24643,South Africa,Eswatini,1,2002
24644,Sudan,Liberia,1,2002
24645,Australia,Cook Islands,1,2002
24646,Belgium,Turkey,-1,2002
24647,Italy,Sweden,1,2002
24648,Tahiti,New Zealand,-1,2002
24649,England,Romania,-1,2002
24650,Madagascar,Mauritius,-1,2002
24651,Portugal,Germany,1,2002
24652,Denmark,Czech Republic,-1,2002
24653,Netherlands,France,1,2002
24654,New Zealand,Vanuatu,1,2002
24655,Paraguay,Costa Rica,1,2002
24656,Serbia,Spain,-1,2002
24657,Slovenia,Norway,-1,2002
24658,Solomon Islands,Cook Islands,1,2002
24659,Tahiti,Vanuatu,-1,2002
24660,Gabon,Congo,-1,2002
24661,Solomon Islands,Australia,-1,2002
24662,Italy,Romania,1,2002
24663,Madagascar,Mauritius,1,2002
24664,Turkey,Portugal,-1,2002
24665,Uganda,Rwanda,1,2002
24666,Australia,Vanuatu,1,2002
24667,Ecuador,Panama,1,2002
24668,Gabon,Congo,-1,2002
24669,Lebanon,Kuwait,1,2002
24670,Netherlands,Serbia,1,2002
24671,New Zealand,Solomon Islands,1,2002
24672,Spain,France,-1,2002
24673,Australia,New Zealand,1,2002
24674,Brazil,Uruguay,-1,2002
24675,France,Portugal,1,2002
24676,Tunisia,Algeria,-1,2002
24677,Vanuatu,Solomon Islands,-1,2002
24678,Venezuela,Bolivia,1,2002
24679,Barbados,Trinidad and Tobago,-1,2002
24680,Chile,Paraguay,1,2002
24681,Colombia,Argentina,-1,2002
24682,Ecuador,Peru,1,2002
24683,Netherlands,Italy,-1,2002
24684,Chad,Libya,1,2002
24685,Djibouti,Burundi,-1,2002
24686,Botswana,Madagascar,1,2002
24687,Costa Rica,Panama,1,2002
24688,El Salvador,Mexico,-1,2002
24689,Gambia,Guinea,-1,2002
24690,São Tomé and Príncipe,Gabon,-1,2002
24691,Seychelles,Zimbabwe,-1,2002
24692,Tanzania,Mauritius,-1,2002
24693,Uganda,Malawi,1,2002
24694,Benin,Namibia,1,2002
24695,Central African Republic,DR Congo,-1,2002
24696,Equatorial Guinea,Angola,-1,2002
24697,Ethiopia,Zambia,1,2002
24698,France,Italy,1,2002
24699,Jamaica,Cuba,-1,2002
24700,Lesotho,Mozambique,1,2002
24701,Niger,Ivory Coast,-1,2002
24702,Rwanda,Congo,1,2002
24703,Saint Vincent and the Grenadines,Trinidad and Tobago,1,2002
24704,Sudan,Eritrea,1,2002
24705,Eswatini,Kenya,1,2002
24706,Guatemala,Haiti,1,2002
24707,Rwanda,Uganda,1,2002
24708,Trinidad and Tobago,Cuba,1,2002
24709,Jamaica,Barbados,1,2002
24710,Mexico,Venezuela,1,2002
24711,Cape Verde,Angola,-1,2002
24712,Malawi,Namibia,-1,2002
24713,El Salvador,Guatemala,-1,2002
24714,Trinidad and Tobago,Jamaica,-1,2002
24715,Tunisia,Madagascar,1,2002
24716,Zambia,Togo,1,2002
24717,Cameroon,Angola,1,2002
24718,DR Congo,Congo,1,2002
24719,Ghana,Sierra Leone,1,2002
24720,Liberia,Nigeria,1,2002
24721,Morocco,Algeria,1,2002
24722,Senegal,Egypt,-1,2002
24723,Zimbabwe,South Africa,-1,2002
24724,Libya,Chad,1,2002
24725,Burundi,Djibouti,1,2002
24726,Eritrea,Sudan,1,2002
24727,Gabon,São Tomé and Príncipe,1,2002
24728,Kenya,Eswatini,1,2002
24729,Madagascar,Botswana,1,2002
24730,Malawi,Uganda,-1,2002
24731,Namibia,Benin,1,2002
24732,Zambia,Ethiopia,1,2002
24733,Saint Vincent and the Grenadines,Jamaica,-1,2002
24734,Angola,Equatorial Guinea,1,2002
24735,Barbados,Costa Rica,1,2002
24736,Canada,Trinidad and Tobago,-1,2002
24737,Congo,Rwanda,1,2002
24738,DR Congo,Central African Republic,1,2002
24739,El Salvador,Honduras,-1,2002
24740,Guatemala,United States,-1,2002
24741,Guinea,Gambia,1,2002
24742,Ivory Coast,Niger,1,2002
24743,Mauritius,Tanzania,1,2002
24744,Mozambique,Lesotho,1,2002
24745,Zimbabwe,Seychelles,1,2002
24746,Panama,Mexico,-1,2002
24747,Paraguay,Brazil,1,2002
24748,Uruguay,Venezuela,1,2002
24749,Argentina,Ecuador,1,2002
24750,Bolivia,Chile,1,2002
24751,Peru,Colombia,-1,2002
24752,Guatemala,Barbados,1,2002
24753,El Salvador,Saint Vincent and the Grenadines,1,2002
24754,Costa Rica,United States,1,2002
24755,Jamaica,Honduras,1,2002
24756,Lesotho,Angola,1,2002
24757,Panama,Canada,-1,2002
24758,Trinidad and Tobago,Mexico,1,2002
24759,Ecuador,Colombia,-1,2002
24760,Venezuela,Chile,-1,2002
24761,Brazil,Argentina,1,2002
24762,Bulgaria,Azerbaijan,1,2002
24763,Uruguay,Peru,-1,2002
24764,Azerbaijan,North Macedonia,-1,2002
24765,Bolivia,Paraguay,-1,2002
24766,Iceland,Malta,1,2002
24767,China PR,South Korea,-1,2002
24768,Bangladesh,India,-1,2002
24769,South Africa,Zimbabwe,-1,2002
24770,El Salvador,Haiti,-1,2002
24771,Lebanon,Oman,1,2002
24772,Guyana,Trinidad and Tobago,-1,2002
24773,Malaysia,Myanmar,1,2002
24774,Lebanon,Oman,-1,2002
24775,Malaysia,Myanmar,-1,2002
24776,Syria,Bahrain,1,2002
24777,Costa Rica,Venezuela,-1,2002
24778,Bahrain,Jordan,-1,2002
24779,Panama,Ecuador,-1,2002
24780,Lesotho,Zimbabwe,-1,2002
24781,Malaysia,New Zealand,-1,2002
24782,Syria,Jordan,1,2002
24783,Albania,Cyprus,-1,2002
24784,Chile,Brazil,1,2002
24785,Colombia,Uruguay,1,2002
24786,Costa Rica,Guatemala,1,2002
24787,Malaysia,Oman,1,2002
24788,Mexico,Canada,1,2002
24789,Honduras,Saint Vincent and the Grenadines,1,2002
24790,Argentina,Paraguay,-1,2002
24791,Bosnia and Herzegovina,Turkey,1,2002
24792,Bulgaria,Belgium,-1,2002
24793,Czech Republic,Slovenia,-1,2002
24794,Ecuador,Bolivia,1,2002
24795,Estonia,Andorra,1,2002
24796,Faroe Islands,Denmark,-1,2002
24797,Finland,Norway,1,2002
24798,Germany,Spain,1,2002
24799,Hungary,Austria,-1,2002
24800,Iceland,Sweden,1,2002
24801,Iran,Georgia,1,2002
24802,Jamaica,El Salvador,1,2002
24803,Japan,United Arab Emirates,1,2002
24804,Latvia,Belarus,-1,2002
24805,Moldova,Malta,1,2002
24806,Northern Ireland,Serbia,-1,2002
24807,Peru,Venezuela,1,2002
24808,Portugal,Lithuania,1,2002
24809,Romania,Poland,-1,2002
24810,Russia,Israel,1,2002
24811,Slovakia,Croatia,-1,2002
24812,Switzerland,Greece,-1,2002
24813,Trinidad and Tobago,Panama,1,2002
24814,United States,Barbados,1,2002
24815,New Zealand,Oman,1,2002
24816,Malaysia,New Zealand,-1,2002
24817,Haiti,Honduras,-1,2002
24818,Sierra Leone,Togo,1,2002
24819,Egypt,Kenya,1,2002
24820,Vietnam,Sri Lanka,-1,2002
24821,Cayman Islands,Jamaica,-1,2002
24822,Zimbabwe,Lesotho,1,2002
24823,Indonesia,Myanmar,1,2002
24824,Iraq,Taiwan,1,2002
24825,Myanmar,Iraq,-1,2002
24826,Indonesia,Taiwan,1,2002
24827,Austria,Iran,1,2002
24828,Indonesia,Iraq,-1,2002
24829,Andorra,Cyprus,-1,2002
24830,Azerbaijan,Sweden,-1,2002
24831,Belarus,Wales,1,2002
24832,Belgium,Croatia,-1,2002
24833,Bosnia and Herzegovina,Spain,-1,2002
24834,Bulgaria,Czech Republic,-1,2002
24835,Chile,Colombia,-1,2002
24836,China PR,Thailand,1,2002
24837,Egypt,Ivory Coast,1,2002
24838,Finland,Albania,1,2002
24839,France,England,-1,2002
24840,Gabon,Morocco,1,2002
24841,Germany,Greece,1,2002
24842,Honduras,El Salvador,1,2002
24843,Iceland,Denmark,-1,2002
24844,Iraq,Uzbekistan,1,2002
24845,Netherlands,Republic of Ireland,-1,2002
24846,Nigeria,Namibia,1,2002
24847,Northern Ireland,Malta,1,2002
24848,Norway,Armenia,-1,2002
24849,Paraguay,Venezuela,1,2002
24850,Switzerland,Russia,-1,2002
24851,Turkey,Moldova,1,2002
24852,Ukraine,Poland,-1,2002
24853,Zambia,Madagascar,-1,2002
24854,Jamaica,Saint Vincent and the Grenadines,1,2002
24855,Latvia,Scotland,-1,2002
24856,Algeria,Burkina Faso,-1,2002
24857,Brazil,Bolivia,1,2002
24858,Burundi,Angola,-1,2002
24859,China PR,Iraq,1,2002
24860,Congo,South Africa,-1,2002
24861,Costa Rica,Barbados,1,2002
24862,Estonia,Portugal,-1,2002
24863,Faroe Islands,Slovenia,-1,2002
24864,Hungary,Italy,-1,2002
24865,Indonesia,Iraq,1,2002
24866,Israel,Liechtenstein,1,2002
24867,Kenya,Tunisia,-1,2002
24868,Lesotho,Ghana,-1,2002
24869,Liberia,Mauritius,1,2002
24870,Luxembourg,Serbia,-1,2002
24871,Mexico,Panama,1,2002
24872,Peru,Argentina,-1,2002
24873,Romania,Lithuania,1,2002
24874,Slovakia,North Macedonia,1,2002
24875,Thailand,Uzbekistan,1,2002
24876,Togo,Sierra Leone,1,2002
24877,Trinidad and Tobago,Canada,1,2002
24878,Uruguay,Ecuador,1,2002
24879,United States,Guatemala,1,2002
24880,Zimbabwe,DR Congo,1,2002
24881,Lebanon,United Arab Emirates,-1,2002
24882,Lebanon,United Arab Emirates,-1,2002
24883,Libya,Sudan,1,2002
24884,Mexico,Ecuador,1,2002
24885,Qatar,Kuwait,-1,2002
24886,Saudi Arabia,Syria,1,2002
24887,Senegal,Togo,-1,2002
24888,Zanzibar,Tanzania,-1,2002
24889,Saudi Arabia,Syria,1,2002
24890,Cayman Islands,Turks and Caicos Islands,1,2002
24891,Mexico,Bolivia,1,2002
24892,Qatar,Iran,-1,2002
24893,Saudi Arabia,United Arab Emirates,1,2002
24894,Kenya,Burundi,1,2002
24895,Kuwait,Thailand,1,2002
24896,Kenya,Lesotho,-1,2002
24897,Jordan,Saudi Arabia,1,2002
24898,Qatar,Egypt,-1,2002
24899,Kenya,Burundi,-1,2002
24900,Australia,Kuwait,1,2002
24901,France,Cameroon,-1,2002
24902,United Arab Emirates,South Korea,-1,2002
24903,China PR,Saudi Arabia,-1,2002
24904,North Macedonia,Azerbaijan,1,2002
24905,Qatar,Thailand,-1,2002
24906,Andorra,Estonia,-1,2002
24907,Armenia,Ukraine,-1,2002
24908,Australia,South Korea,-1,2002
24909,Bulgaria,Malta,1,2002
24910,Burkina Faso,Burundi,1,2002
24911,Colombia,Paraguay,-1,2002
24912,Cyprus,Netherlands,-1,2002
24913,Czech Republic,Iceland,1,2002
24914,England,Germany,-1,2002
24915,Greece,Finland,1,2002
24916,Italy,Romania,1,2002
24917,Jordan,China PR,-1,2002
24918,Latvia,Belgium,-1,2002
24919,Liechtenstein,Austria,-1,2002
24920,Lithuania,Georgia,-1,2002
24921,Luxembourg,Slovenia,-1,2002
24922,Madagascar,Nigeria,-1,2002
24923,Moldova,Slovakia,-1,2002
24924,Northern Ireland,Denmark,-1,2002
24925,Poland,Belarus,1,2002
24926,Portugal,Republic of Ireland,-1,2002
24927,San Marino,Scotland,-1,2002
24928,Saudi Arabia,Kazakhstan,1,2002
24929,South Africa,France,-1,2002
24930,Spain,Israel,1,2002
24931,Sweden,Turkey,-1,2002
24932,Switzerland,Faroe Islands,1,2002
24933,Tunisia,Gabon,1,2002
24934,United Arab Emirates,Kuwait,1,2002
24935,Wales,Norway,-1,2002
24936,Saint Vincent and the Grenadines,El Salvador,-1,2002
24937,Angola,Algeria,-1,2002
24938,Argentina,Uruguay,1,2002
24939,Barbados,Guatemala,-1,2002
24940,Bolivia,Peru,1,2002
24941,Ecuador,Chile,1,2002
24942,Honduras,Jamaica,1,2002
24943,Hong Kong,Singapore,1,2002
24944,Ghana,Zimbabwe,1,2002
24945,Mauritius,Congo,-1,2002
24946,Mexico,Trinidad and Tobago,1,2002
24947,Morocco,Kenya,1,2002
24948,Namibia,Zambia,-1,2002
24949,Qatar,Thailand,1,2002
24950,Sudan,Egypt,-1,2002
24951,Togo,Uganda,1,2002
24952,Uzbekistan,Turkmenistan,1,2002
24953,Venezuela,Brazil,-1,2002
24954,Canada,Panama,1,2002
24955,DR Congo,Lesotho,-1,2002
24956,Albania,Greece,1,2002
24957,Austria,Spain,-1,2002
24958,Azerbaijan,Turkey,-1,2002
24959,Belarus,Armenia,1,2002
24960,Croatia,Scotland,-1,2002
24961,Denmark,Bulgaria,-1,2002
24962,Finland,England,-1,2002
24963,Iceland,Northern Ireland,1,2002
24964,Republic of Ireland,Estonia,1,2002
24965,Israel,Bosnia and Herzegovina,1,2002
24966,Italy,Georgia,1,2002
24967,Lithuania,Hungary,-1,2002
24968,Malta,Czech Republic,-1,2002
24969,Moldova,North Macedonia,-1,2002
24970,Netherlands,Portugal,-1,2002
24971,Norway,Ukraine,-1,2002
24972,Poland,Wales,-1,2002
24973,Russia,Luxembourg,1,2002
24974,Slovakia,Sweden,-1,2002
24975,Slovenia,Switzerland,-1,2002
24976,United States,Costa Rica,-1,2002
24977,Iraq,Thailand,1,2002
24978,Lebanon,Iran,-1,2002
24979,South Korea,China PR,-1,2002
24980,Kuwait,Indonesia,-1,2002
24981,Malaysia,Cambodia,1,2002
24982,Qatar,Uzbekistan,-1,2002
24983,Saudi Arabia,Japan,-1,2002
24984,Iran,Thailand,-1,2002
24985,Kenya,Tanzania,1,2002
24986,Lebanon,Iraq,-1,2002
24987,China PR,Indonesia,1,2002
24988,South Korea,Kuwait,-1,2002
24989,Japan,Uzbekistan,1,2002
24990,Malaysia,Cambodia,-1,2002
24991,Saudi Arabia,Qatar,-1,2002
24992,Iran,Iraq,1,2002
24993,Lebanon,Thailand,-1,2002
24994,China PR,Kuwait,-1,2002
24995,South Korea,Indonesia,1,2002
24996,Japan,Qatar,-1,2002
24997,Saudi Arabia,Uzbekistan,1,2002
24998,China PR,Qatar,1,2002
24999,Iran,South Korea,-1,2002
25000,Malaysia,Sri Lanka,1,2002
25001,Japan,Iraq,1,2002
25002,Kuwait,Saudi Arabia,-1,2002
25003,Ghana,Uganda,-1,2002
25004,Malaysia,Sri Lanka,1,2002
25005,United States,Mexico,1,2002
25006,China PR,Japan,-1,2002
25007,South Korea,Saudi Arabia,-1,2002
25008,Eritrea,Rwanda,-1,2002
25009,Kenya,Uganda,-1,2002
25010,Singapore,Sri Lanka,1,2002
25011,China PR,South Korea,-1,2002
25012,Japan,Saudi Arabia,1,2002
25013,Oman,Yemen,1,2002
25014,Zambia,Rwanda,-1,2002
25015,Rwanda,Zimbabwe,1,2002
25016,Oman,Yemen,1,2002
25017,Singapore,Indonesia,1,2002
25018,Singapore,Cambodia,1,2002
25019,Vietnam,Malaysia,-1,2002
25020,Indonesia,Philippines,1,2002
25021,Thailand,Myanmar,1,2002
25022,Cambodia,Vietnam,-1,2002
25023,Laos,Malaysia,-1,2002
25024,Myanmar,Philippines,1,2002
25025,Malaysia,Cambodia,1,2002
25026,Singapore,Laos,1,2002
25027,Thailand,Indonesia,1,2002
25028,Cambodia,Laos,1,2002
25029,Vietnam,Singapore,1,2002
25030,Myanmar,Indonesia,-1,2002
25031,Thailand,Philippines,1,2002
25032,United Arab Emirates,Hong Kong,-1,2002
25033,Laos,Vietnam,-1,2002
25034,Malaysia,Singapore,1,2002
25035,Saint Vincent and the Grenadines,Honduras,-1,2002
25036,Algeria,Bulgaria,-1,2002
25037,Albania,Malta,1,2002
25038,Barbados,United States,-1,2002
25039,Bolivia,Uruguay,-1,2002
25040,Brazil,Colombia,1,2002
25041,Canada,Mexico,-1,2002
25042,Chile,Argentina,-1,2002
25043,Cyprus,Andorra,1,2002
25044,Denmark,Germany,1,2002
25045,El Salvador,Jamaica,1,2002
25046,Estonia,Kyrgyzstan,1,2002
25047,Greece,Slovakia,-1,2002
25048,Guatemala,Costa Rica,1,2002
25049,Republic of Ireland,Finland,1,2002
25050,Italy,England,1,2002
25051,North Macedonia,Hungary,-1,2002
25052,Paraguay,Peru,1,2002
25053,Poland,Iceland,1,2002
25054,Portugal,Israel,1,2002
25055,Romania,Serbia,1,2002
25056,San Marino,Latvia,-1,2002
25057,Scotland,Australia,-1,2002
25058,Spain,Netherlands,-1,2002
25059,Trinidad and Tobago,Panama,1,2002
25060,Tunisia,Switzerland,-1,2002
25061,Turkey,France,-1,2002
25062,Venezuela,Ecuador,-1,2002
25063,Thailand,Malaysia,1,2002
25064,Vietnam,Indonesia,-1,2002
25065,Thailand,Indonesia,1,2002
25066,Uganda,Ethiopia,-1,2002
25067,Vietnam,Malaysia,-1,2002
25068,Djibouti,Somalia,-1,2002
25069,Ivory Coast,Libya,1,2002
25070,Uganda,Burundi,1,2002
25071,Oman,Bahrain,1,2002
25072,Somalia,Ethiopia,-1,2002
25073,Kenya,Rwanda,-1,2002
25074,Morocco,Libya,-1,2002
25075,Djibouti,Burundi,-1,2002
25076,Uganda,Somalia,1,2002
25077,Iran,Guam,1,2002
25078,Eritrea,Rwanda,-1,2002
25079,Ethiopia,Djibouti,1,2002
25080,Tajikistan,Guam,1,2002
25081,Ethiopia,Burundi,1,2002
25082,Uganda,Djibouti,1,2002
25083,Iran,Tajikistan,1,2002
25084,Uganda,Rwanda,1,2002
25085,Ethiopia,Rwanda,-1,2002
25086,Algeria,Romania,1,2002
25087,Algeria,Romania,-1,2002
25088,Hong Kong,Estonia,-1,2002
25089,Greece,Serbia,-1,2002
25090,South Africa,Liberia,1,2002
25091,Japan,South Korea,-1,2002
25092,Mexico,Argentina,-1,2002
25093,Catalonia,Lithuania,1,2002
25094,Andalusia,Morocco,1,2002
25095,Basque Country,Morocco,1,2002
25096,Kenya,Zambia,1,2002
25097,Costa Rica,Guatemala,1,2002
25098,Egypt,United Arab Emirates,1,2002
25099,Eswatini,Angola,1,2002
25100,Angola,Lesotho,1,2002
25101,Eswatini,Namibia,1,2002
25102,Togo,Burkina Faso,-1,2002
25103,Egypt,Zambia,1,2002
25104,Eswatini,Lesotho,-1,2002
25105,Romania,Jordan,-1,2002
25106,Algeria,Burundi,1,2002
25107,Bosnia and Herzegovina,Bangladesh,1,2002
25108,Qatar,Kuwait,1,2002
25109,Uzbekistan,Bahrain,1,2002
25110,Burkina Faso,Angola,1,2002
25111,India,Iceland,-1,2002
25112,Kenya,Gabon,1,2002
25113,Mauritius,South Africa,-1,2002
25114,Namibia,Madagascar,-1,2002
25115,Nigeria,Zambia,1,2002
25116,Tunisia,Morocco,-1,2002
25117,Uganda,Senegal,-1,2002
25118,DR Congo,Ghana,1,2002
25119,Egypt,Libya,1,2002
25120,Liberia,Congo,1,2002
25121,Romania,Hong Kong,1,2002
25122,Serbia,Bosnia and Herzegovina,-1,2002
25123,Zimbabwe,Lesotho,-1,2002
25124,Chile,Bahrain,1,2002
25125,Bangladesh,Serbia,-1,2002
25126,Hong Kong,Jordan,-1,2002
25127,Chile,Uzbekistan,1,2002
25128,China PR,Egypt,-1,2002
25129,Israel,Uzbekistan,1,2002
25130,Kuwait,Syria,1,2002
25131,Iran,China PR,1,2002
25132,Chile,Iceland,1,2002
25133,Ivory Coast,Sudan,1,2002
25134,Mali,Guinea,-1,2002
25135,Serbia,Romania,1,2002
25136,Bosnia and Herzegovina,Chile,1,2002
25137,Burkina Faso,Mali,-1,2002
25138,Egypt,North Korea,1,2002
25139,Serbia,Japan,1,2002
25140,Thailand,Kuwait,1,2002
25141,South Korea,Norway,-1,2002
25142,Mexico,Bulgaria,-1,2002
25143,Benin,Cameroon,-1,2002
25144,Bosnia and Herzegovina,Serbia,-1,2002
25145,Algeria,Namibia,1,2002
25146,Botswana,Eswatini,-1,2002
25147,Grenada,Trinidad and Tobago,-1,2002
25148,South Korea,Paraguay,-1,2002
25149,Nigeria,Sudan,1,2002
25150,Singapore,Thailand,-1,2002
25151,South Africa,Burkina Faso,1,2002
25152,United States,China PR,1,2002
25153,Angola,Libya,1,2002
25154,Antigua and Barbuda,British Virgin Islands,-1,2002
25155,Botswana,Lesotho,1,2002
25156,Congo,Tunisia,-1,2002
25157,Egypt,Morocco,-1,2002
25158,Ghana,Liberia,-1,2002
25159,Jamaica,Bulgaria,-1,2002
25160,Jordan,North Korea,1,2002
25161,Madagascar,Ivory Coast,-1,2002
25162,Togo,Cameroon,-1,2002
25163,Grenada,Trinidad and Tobago,-1,2002
25164,Jordan,North Korea,-1,2002
25165,Saudi Arabia,Syria,1,2002
25166,Thailand,Kyrgyzstan,1,2002
25167,Lebanon,Iraq,-1,2002
25168,Mexico,Colombia,-1,2002
25169,Sweden,Faroe Islands,-1,2002
25170,Sweden,Finland,-1,2002
25171,Bahrain,Kuwait,-1,2002
25172,Puerto Rico,British Virgin Islands,-1,2002
25173,Saudi Arabia,Uganda,1,2002
25174,Singapore,Kyrgyzstan,-1,2002
25175,United States,Colombia,-1,2002
25176,Senegal,Mali,1,2002
25177,Fiji,Malaysia,1,2002
25178,Bahrain,Kyrgyzstan,1,2002
25179,Singapore,Kuwait,-1,2002
25180,Saint Martin,Montserrat,1,2002
25181,Fiji,Malaysia,1,2002
25182,Anguilla,Montserrat,1,2002
25183,Morocco,South Korea,-1,2002
25184,Saudi Arabia,Mongolia,1,2002
25185,Vietnam,Bangladesh,-1,2002
25186,Fiji,Malaysia,-1,2002
25187,Kyrgyzstan,Kuwait,-1,2002
25188,Singapore,Bahrain,-1,2002
25189,China PR,Qatar,-1,2002
25190,Mongolia,Vietnam,-1,2002
25191,Saudi Arabia,Bangladesh,1,2002
25192,Saint Martin,Anguilla,1,2002
25193,Thailand,Sweden,-1,2002
25194,British Virgin Islands,Puerto Rico,-1,2002
25195,Eswatini,Zambia,-1,2002
25196,United Arab Emirates,South Korea,-1,2002
25197,Armenia,Uzbekistan,1,2002
25198,China PR,Sweden,-1,2002
25199,Mongolia,Bangladesh,-1,2002
25200,Saudi Arabia,Vietnam,1,2002
25201,Thailand,Qatar,-1,2002
25202,Georgia,Ukraine,-1,2002
25203,Israel,Moldova,1,2002
25204,Sweden,Qatar,-1,2002
25205,Thailand,China PR,-1,2002
25206,United Arab Emirates,Morocco,-1,2002
25207,Azerbaijan,Uzbekistan,-1,2002
25208,Bangladesh,Vietnam,-1,2002
25209,Kuwait,Finland,1,2002
25210,Saudi Arabia,Mongolia,1,2002
25211,China PR,Sweden,-1,2002
25212,Saudi Arabia,Bangladesh,1,2002
25213,Thailand,Qatar,1,2002
25214,Vietnam,Mongolia,1,2002
25215,Oman,Finland,-1,2002
25216,Bangladesh,Mongolia,-1,2002
25217,Saudi Arabia,Vietnam,1,2002
25218,Saint Kitts and Nevis,Saint Lucia,1,2002
25219,Oman,Finland,-1,2002
25220,Kuwait,Singapore,1,2002
25221,Kyrgyzstan,Bahrain,-1,2002
25222,Martinique,Saint Lucia,1,2002
25223,Panama,Guatemala,-1,2002
25224,Libya,Togo,-1,2002
25225,Bahrain,Singapore,1,2002
25226,Burkina Faso,Zimbabwe,-1,2002
25227,Kuwait,Kyrgyzstan,1,2002
25228,Morocco,Senegal,-1,2002
25229,Namibia,Egypt,-1,2002
25230,Antigua and Barbuda,Saint Lucia,-1,2002
25231,Cameroon,Zambia,1,2002
25232,Cayman Islands,Trinidad and Tobago,-1,2002
25233,Liberia,Sierra Leone,1,2002
25234,Malawi,South Africa,-1,2002
25235,Oman,Maldives,1,2002
25236,Sudan,Ghana,1,2002
25237,Tunisia,DR Congo,1,2002
25238,Cyprus,Lithuania,-1,2002
25239,Romania,Ukraine,1,2002
25240,Algeria,Slovakia,-1,2002
25241,France,Germany,1,2002
25242,Kuwait,Bahrain,-1,2002
25243,Kyrgyzstan,Singapore,-1,2002
25244,Oman,Maldives,1,2002
25245,Belgium,San Marino,1,2002
25246,Bosnia and Herzegovina,Hungary,-1,2002
25247,Colombia,Australia,1,2002
25248,Costa Rica,Honduras,-1,2002
25249,Croatia,Austria,1,2002
25250,Cyprus,Ukraine,1,2002
25251,England,Spain,1,2002
25252,Greece,Russia,-1,2002
25253,Italy,Argentina,-1,2002
25254,Jamaica,Trinidad and Tobago,1,2002
25255,Jordan,Bulgaria,-1,2002
25256,Liechtenstein,Latvia,-1,2002
25257,Lithuania,Romania,-1,2002
25258,Luxembourg,Finland,-1,2002
25259,North Macedonia,Czech Republic,-1,2002
25260,Malta,Sweden,-1,2002
25261,Netherlands,Turkey,-1,2002
25262,Northern Ireland,Norway,-1,2002
25263,Portugal,Andorra,1,2002
25264,Slovenia,Uruguay,-1,2002
25265,Switzerland,Poland,-1,2002
25266,United States,Mexico,1,2002
25267,Saint Kitts and Nevis,Dominican Republic,1,2002
25268,Antigua and Barbuda,Dominican Republic,-1,2002
25269,United States,Brazil,-1,2002
25270,Antigua and Barbuda,Saint Kitts and Nevis,-1,2002
25271,Hong Kong,Palestine,-1,2002
25272,Qatar,Malaysia,1,2002
25273,Guatemala,El Salvador,-1,2002
25274,Honduras,Peru,-1,2002
25275,Jordan,Hungary,-1,2002
25276,Lebanon,Syria,-1,2002
25277,Mexico,Brazil,-1,2002
25278,Hong Kong,Malaysia,-1,2002
25279,Palestine,Qatar,-1,2002
25280,Botswana,Eswatini,1,2002
25281,DR Congo,Ivory Coast,-1,2002
25282,Kenya,Uganda,1,2002
25283,Lesotho,Mozambique,-1,2002
25284,Senegal,Namibia,1,2002
25285,Sierra Leone,Sudan,-1,2002
25286,Zambia,Libya,1,2002
25287,Botswana,Mozambique,-1,2002
25288,Egypt,Algeria,1,2002
25289,Ghana,Nigeria,-1,2002
25290,Hong Kong,Qatar,-1,2002
25291,Lesotho,Eswatini,1,2002
25292,Palestine,Malaysia,1,2002
25293,Togo,Angola,-1,2002
25294,Zimbabwe,Malawi,1,2002
25295,Grenada,Dominica,1,2002
25296,Saint Lucia,Saint Vincent and the Grenadines,-1,2002
25297,Dominica,Saint Vincent and the Grenadines,-1,2002
25298,Grenada,Saint Lucia,1,2002
25299,Panama,El Salvador,1,2002
25300,Dominica,Saint Lucia,-1,2002
25301,Botswana,Malawi,-1,2002
25302,Dominica,Saint Lucia,-1,2002
25303,Gabon,Mali,1,2002
25304,Egypt,Estonia,-1,2002
25305,Palestine,Hong Kong,1,2002
25306,Qatar,Malaysia,-1,2002
25307,Honduras,Chile,1,2002
25308,Saint Lucia,Martinique,-1,2002
25309,Hong Kong,Malaysia,1,2002
25310,Libya,Egypt,1,2002
25311,Qatar,Palestine,1,2002
25312,Andorra,Netherlands,-1,2002
25313,Armenia,Wales,-1,2002
25314,Azerbaijan,Moldova,-1,2002
25315,Bosnia and Herzegovina,Austria,-1,2002
25316,British Virgin Islands,United States Virgin Islands,1,2002
25317,Bulgaria,Iceland,1,2002
25318,Croatia,Latvia,1,2002
25319,Cyprus,Republic of Ireland,-1,2002
25320,England,Finland,1,2002
25321,France,Japan,1,2002
25322,Gabon,Kenya,-1,2002
25323,Germany,Albania,1,2002
25324,Hungary,Lithuania,-1,2002
25325,Lesotho,Zimbabwe,-1,2002
25326,Luxembourg,Faroe Islands,-1,2002
25327,Madagascar,Namibia,-1,2002
25328,Malta,Denmark,-1,2002
25329,Morocco,Tunisia,1,2002
25330,Northern Ireland,Czech Republic,-1,2002
25331,Norway,Poland,-1,2002
25332,Romania,Italy,-1,2002
25333,Russia,Slovenia,-1,2002
25334,Scotland,Belgium,-1,2002
25335,Senegal,Uganda,1,2002
25336,Serbia,Switzerland,-1,2002
25337,South Africa,Mauritius,1,2002
25338,Spain,Liechtenstein,1,2002
25339,Sweden,North Macedonia,1,2002
25340,Trinidad and Tobago,Guatemala,1,2002
25341,Turkey,Slovakia,-1,2002
25342,Ukraine,Belarus,-1,2002
25343,Zambia,Nigeria,-1,2002
25344,Alderney,Guernsey,-1,2002
25345,Costa Rica,Trinidad and Tobago,1,2002
25346,Angola,Burkina Faso,1,2002
25347,Burundi,Algeria,-1,2002
25348,Congo,Liberia,-1,2002
25349,Ghana,DR Congo,1,2002
25350,Malaysia,Palestine,1,2002
25351,Mexico,Jamaica,1,2002
25352,Qatar,Hong Kong,1,2002
25353,Sudan,Ivory Coast,-1,2002
25354,Colombia,Bolivia,1,2002
25355,Oman,United Arab Emirates,1,2002
25356,Peru,Chile,1,2002
25357,Albania,England,-1,2002
25358,Andorra,Republic of Ireland,-1,2002
25359,Argentina,Venezuela,1,2002
25360,Austria,Israel,1,2002
25361,Belarus,Norway,1,2002
25362,Bulgaria,Northern Ireland,1,2002
25363,Cyprus,Estonia,-1,2002
25364,Czech Republic,Denmark,-1,2002
25365,Ecuador,Brazil,1,2002
25366,Georgia,Romania,-1,2002
25367,Greece,Germany,-1,2002
25368,Honduras,United States,-1,2002
25369,Italy,Lithuania,1,2002
25370,Liechtenstein,Bosnia and Herzegovina,-1,2002
25371,North Macedonia,Turkey,-1,2002
25372,Martinique,Guadeloupe,1,2002
25373,Moldova,Sweden,-1,2002
25374,Poland,Armenia,1,2002
25375,Portugal,Netherlands,-1,2002
25376,Russia,Faroe Islands,1,2002
25377,Scotland,San Marino,1,2002
25378,Slovakia,Azerbaijan,1,2002
25379,Slovenia,Serbia,-1,2002
25380,Spain,France,1,2002
25381,Sri Lanka,Cambodia,1,2002
25382,Switzerland,Luxembourg,1,2002
25383,Uruguay,Paraguay,-1,2002
25384,Wales,Ukraine,-1,2002
25385,Maldives,Cambodia,1,2002
25386,Barbados,Grenada,1,2002
25387,Cayman Islands,British Virgin Islands,-1,2002
25388,Cuba,Dominica,1,2002
25389,Guyana,Saint Martin,1,2002
25390,Lebanon,Bahrain,-1,2002
25391,Suriname,Aruba,1,2002
25392,Haiti,Panama,-1,2002
25393,Oman,Sudan,-1,2002
25394,Cuba,Saint Martin,1,2002
25395,Grenada,Aruba,1,2002
25396,Guyana,Dominica,1,2002
25397,Martinique,British Virgin Islands,1,2002
25398,Suriname,Barbados,-1,2002
25399,Brunei,Yemen,-1,2002
25400,Fiji,American Samoa,1,2002
25401,Haiti,Panama,-1,2002
25402,Mauritania,Cape Verde,-1,2002
25403,Oman,Sudan,-1,2002
25404,Samoa,Tonga,-1,2002
25405,Barbados,Aruba,1,2002
25406,Dominica,Saint Martin,-1,2002
25407,Guyana,Cuba,-1,2002
25408,India,United Arab Emirates,1,2002
25409,Indonesia,Maldives,1,2002
25410,Mali,Liberia,1,2002
25411,Martinique,Cayman Islands,-1,2002
25412,Mauritius,Namibia,1,2002
25413,Suriname,Grenada,1,2002
25414,American Samoa,Samoa,-1,2002
25415,Australia,Tonga,1,2002
25416,Guadeloupe,Saint Lucia,-1,2002
25417,Haiti,United States Virgin Islands,1,2002
25418,Australia,American Samoa,1,2002
25419,Mexico,Chile,1,2002
25420,Samoa,Fiji,-1,2002
25421,Guadeloupe,United States Virgin Islands,1,2002
25422,Haiti,Saint Lucia,1,2002
25423,Iraq,Macau,1,2002
25424,Nepal,Kazakhstan,-1,2002
25425,American Samoa,Tonga,-1,2002
25426,Australia,Fiji,1,2002
25427,Brunei,United Arab Emirates,-1,2002
25428,Haiti,Guadeloupe,1,2002
25429,Iraq,Nepal,1,2002
25430,Kazakhstan,Macau,1,2002
25431,Saint Lucia,United States Virgin Islands,1,2002
25432,Cambodia,Maldives,-1,2002
25433,India,Yemen,-1,2002
25434,Australia,Samoa,1,2002
25435,Bahrain,Oman,-1,2002
25436,Iraq,Kazakhstan,-1,2002
25437,Nepal,Macau,1,2002
25438,Tonga,Fiji,-1,2002
25439,Burkina Faso,Malawi,1,2002
25440,Kazakhstan,Nepal,1,2002
25441,Macau,Iraq,-1,2002
25442,Morocco,Namibia,1,2002
25443,Senegal,Algeria,1,2002
25444,Sierra Leone,Nigeria,1,2002
25445,Zambia,Angola,-1,2002
25446,Cameroon,Libya,1,2002
25447,China PR,Maldives,1,2002
25448,DR Congo,Madagascar,1,2002
25449,Indonesia,Cambodia,1,2002
25450,Ivory Coast,Congo,1,2002
25451,Liberia,Sudan,1,2002
25452,Mozambique,Lesotho,1,2002
25453,Iraq,Nepal,1,2002
25454,Kazakhstan,Macau,1,2002
25455,Turkmenistan,Jordan,1,2002
25456,Uzbekistan,Taiwan,1,2002
25457,Belize,Nicaragua,1,2002
25458,Chile,Uruguay,-1,2002
25459,Ecuador,Paraguay,1,2002
25460,Egypt,Canada,1,2002
25461,Georgia,Israel,1,2002
25462,Iran,South Korea,-1,2002
25463,Panama,Haiti,1,2002
25464,Venezuela,Colombia,-1,2002
25465,Austria,Liechtenstein,1,2002
25466,Bolivia,Argentina,-1,2002
25467,Brazil,Peru,-1,2002
25468,Croatia,Greece,-1,2002
25469,Czech Republic,Belgium,-1,2002
25470,Denmark,Slovenia,1,2002
25471,France,Portugal,1,2002
25472,Hungary,Finland,-1,2002
25473,Republic of Ireland,Andorra,1,2002
25474,Italy,South Africa,1,2002
25475,Jamaica,Honduras,-1,2002
25476,Kazakhstan,Iraq,-1,2002
25477,Latvia,San Marino,-1,2002
25478,Lebanon,Philippines,1,2002
25479,Macau,Nepal,-1,2002
25480,Malta,Iceland,-1,2002
25481,Moldova,Estonia,-1,2002
25482,Netherlands,Cyprus,1,2002
25483,Norway,Bulgaria,1,2002
25484,Poland,Scotland,-1,2002
25485,Romania,Slovakia,-1,2002
25486,Serbia,Russia,-1,2002
25487,Spain,Japan,1,2002
25488,Switzerland,Sweden,-1,2002
25489,Trinidad and Tobago,Mexico,-1,2002
25490,Turkey,Albania,-1,2002
25491,United States,Costa Rica,1,2002
25492,Uzbekistan,Turkmenistan,1,2002
25493,Taiwan,Jordan,-1,2002
25494,Belize,Nicaragua,1,2002
25495,Canada,Iran,1,2002
25496,Egypt,South Korea,-1,2002
25497,United Arab Emirates,India,1,2002
25498,Uzbekistan,Jordan,-1,2002
25499,Yemen,Brunei,1,2002
25500,Taiwan,Turkmenistan,-1,2002
25501,Bangladesh,Bhutan,1,2002
25502,Congo,Madagascar,1,2002
25503,Maldives,China PR,-1,2002
25504,Cambodia,Indonesia,-1,2002
25505,Mozambique,South Africa,-1,2002
25506,Oman,Laos,1,2002
25507,Syria,Philippines,1,2002
25508,Jordan,Taiwan,1,2002
25509,Turkmenistan,Uzbekistan,-1,2002
25510,Algeria,Morocco,-1,2002
25511,Oman,Laos,1,2002
25512,Syria,Philippines,1,2002
25513,United Arab Emirates,Brunei,1,2002
25514,Yemen,India,-1,2002
25515,Jordan,Turkmenistan,-1,2002
25516,Madagascar,Tunisia,-1,2002
25517,Nigeria,Liberia,1,2002
25518,Sierra Leone,Ghana,-1,2002
25519,South Africa,Zimbabwe,1,2002
25520,Saint Kitts and Nevis,Puerto Rico,1,2002
25521,Taiwan,Uzbekistan,-1,2002
25522,Angola,Cameroon,1,2002
25523,Cambodia,China PR,-1,2002
25524,Congo,DR Congo,-1,2002
25525,Egypt,Senegal,1,2002
25526,Maldives,Indonesia,-1,2002
25527,Togo,Zambia,1,2002
25528,Jordan,Uzbekistan,-1,2002
25529,Oman,Philippines,1,2002
25530,Syria,Laos,1,2002
25531,Turkmenistan,Taiwan,1,2002
25532,Guernsey,Jersey,1,2002
25533,Estonia,Finland,-1,2002
25534,Georgia,Azerbaijan,1,2002
25535,Trinidad and Tobago,Grenada,1,2002
25536,Oman,Philippines,1,2002
25537,Syria,Laos,1,2002
25538,Yemen,United Arab Emirates,1,2002
25539,Brunei,India,-1,2002
25540,China PR,Indonesia,1,2002
25541,Lebanon,Pakistan,1,2002
25542,Thailand,Sri Lanka,1,2002
25543,Lebanon,Sri Lanka,1,2002
25544,Martinique,Jamaica,-1,2002
25545,Thailand,Pakistan,1,2002
25546,Trinidad and Tobago,Barbados,1,2002
25547,Cuba,Suriname,1,2002
25548,Haiti,Saint Kitts and Nevis,1,2002
25549,Lebanon,Thailand,-1,2002
25550,Martinique,Barbados,1,2002
25551,Pakistan,Sri Lanka,-1,2002
25552,Trinidad and Tobago,Jamaica,1,2002
25553,Andalusia,Iraq,1,2002
25554,Haiti,Suriname,-1,2002
25555,Saint Kitts and Nevis,Cuba,-1,2002
25556,Syria,Oman,-1,2002
25557,United Arab Emirates,Yemen,1,2002
25558,Barbados,Jamaica,-1,2002
25559,Laos,Philippines,1,2002
25560,Trinidad and Tobago,Martinique,-1,2002
25561,China PR,Cambodia,1,2002
25562,Haiti,Cuba,-1,2002
25563,India,Brunei,1,2002
25564,Lesotho,Eswatini,1,2002
25565,Suriname,Saint Kitts and Nevis,-1,2002
25566,Tunisia,Ivory Coast,-1,2002
25567,Haiti,Martinique,1,2002
25568,Singapore,New Zealand,1,2002
25569,Trinidad and Tobago,Cuba,1,2002
25570,Costa Rica,Belize,1,2002
25571,El Salvador,Nicaragua,1,2002
25572,Honduras,Panama,-1,2002
25573,Martinique,Cuba,1,2002
25574,El Salvador,Panama,1,2002
25575,England,Mexico,1,2002
25576,Guatemala,Belize,-1,2002
25577,Honduras,Nicaragua,1,2002
25578,South Korea,Cameroon,-1,2002
25579,Oman,Syria,1,2002
25580,Trinidad and Tobago,Haiti,1,2002
25581,Pakistan,Lebanon,-1,2002
25582,Philippines,Laos,-1,2002
25583,Thailand,Sri Lanka,1,2002
25584,Costa Rica,Guatemala,-1,2002
25585,Honduras,El Salvador,-1,2002
25586,Indonesia,China PR,-1,2002
25587,Panama,Nicaragua,1,2002
25588,Sri Lanka,Lebanon,-1,2002
25589,Thailand,Pakistan,1,2002
25590,Germany,Slovakia,1,2002
25591,El Salvador,Guatemala,-1,2002
25592,South Korea,France,-1,2002
25593,Mexico,Australia,-1,2002
25594,Panama,Costa Rica,-1,2002
25595,Sri Lanka,Pakistan,1,2002
25596,Thailand,Lebanon,-1,2002
25597,Brazil,Cameroon,1,2002
25598,Japan,Canada,1,2002
25599,Algeria,Angola,1,2002
25600,Australia,France,1,2002
25601,El Salvador,Panama,-1,2002
25602,Guatemala,Costa Rica,1,2002
25603,South Korea,Mexico,1,2002
25604,Armenia,Belarus,-1,2002
25605,Belgium,Latvia,1,2002
25606,Canada,Brazil,-1,2002
25607,Croatia,San Marino,1,2002
25608,Denmark,Czech Republic,1,2002
25609,Estonia,Netherlands,-1,2002
25610,Faroe Islands,Switzerland,-1,2002
25611,Finland,Germany,-1,2002
25612,Gabon,Tunisia,-1,2002
25613,Georgia,Italy,-1,2002
25614,Greece,Albania,1,2002
25615,Iceland,Malta,1,2002
25616,Republic of Ireland,Portugal,-1,2002
25617,Japan,Cameroon,1,2002
25618,Kenya,Morocco,-1,2002
25619,Liechtenstein,Israel,-1,2002
25620,North Macedonia,Moldova,-1,2002
25621,Nigeria,Madagascar,1,2002
25622,Northern Ireland,Bulgaria,-1,2002
25623,Paraguay,Chile,1,2002
25624,Peru,Ecuador,-1,2002
25625,Romania,Hungary,1,2002
25626,Russia,Serbia,-1,2002
25627,Slovenia,Luxembourg,1,2002
25628,Spain,Bosnia and Herzegovina,1,2002
25629,Sweden,Slovakia,1,2002
25630,Turkey,Azerbaijan,1,2002
25631,Uganda,Togo,-1,2002
25632,Ukraine,Norway,-1,2002
25633,Wales,Poland,-1,2002
25634,Zambia,Namibia,-1,2002
25635,Argentina,Colombia,1,2002
25636,Bolivia,Venezuela,1,2002
25637,Burundi,Burkina Faso,-1,2002
25638,Congo,Mauritius,-1,2002
25639,Egypt,Sudan,1,2002
25640,Costa Rica,El Salvador,-1,2002
25641,France,Mexico,1,2002
25642,Gambia,Senegal,-1,2002
25643,Guatemala,Panama,1,2002
25644,South Korea,Australia,1,2002
25645,Lesotho,DR Congo,-1,2002
25646,Liberia,South Africa,-1,2002
25647,Libya,Ivory Coast,-1,2002
25648,Zimbabwe,Ghana,-1,2002
25649,Cameroon,Canada,1,2002
25650,Japan,Brazil,-1,2002
25651,Solomon Islands,Cook Islands,1,2002
25652,Vanuatu,Tahiti,-1,2002
25653,Albania,Germany,-1,2002
25654,Armenia,Poland,-1,2002
25655,Azerbaijan,Slovakia,1,2002
25656,Cook Islands,Vanuatu,-1,2002
25657,Czech Republic,Northern Ireland,1,2002
25658,Denmark,Malta,1,2002
25659,Estonia,Republic of Ireland,-1,2002
25660,Faroe Islands,Serbia,-1,2002
25661,Greece,England,-1,2002
25662,Hungary,Georgia,1,2002
25663,Iceland,Bulgaria,-1,2002
25664,Israel,Spain,-1,2002
25665,Latvia,Croatia,-1,2002
25666,Lithuania,Romania,-1,2002
25667,Luxembourg,Russia,-1,2002
25668,New Zealand,Tahiti,1,2002
25669,Norway,Belarus,-1,2002
25670,Portugal,Cyprus,1,2002
25671,San Marino,Belgium,-1,2002
25672,Sweden,Moldova,1,2002
25673,Switzerland,Slovenia,-1,2002
25674,Turkey,North Macedonia,-1,2002
25675,Ukraine,Wales,-1,2002
25676,France,Brazil,1,2002
25677,Japan,Australia,1,2002
25678,United States,Ecuador,-1,2002
25679,New Zealand,Cook Islands,1,2002
25680,Vanuatu,Solomon Islands,-1,2002
25681,Australia,Brazil,1,2002
25682,Angola,Mauritius,1,2002
25683,Jamaica,Cuba,1,2002
25684,Japan,France,-1,2002
25685,Kenya,Egypt,-1,2002
25686,Panama,Trinidad and Tobago,-1,2002
25687,Sierra Leone,Gambia,-1,2002
25688,Cook Islands,Tahiti,-1,2002
25689,New Zealand,Solomon Islands,1,2002
25690,New Zealand,Vanuatu,1,2002
25691,Tahiti,Solomon Islands,1,2002
25692,Jamaica,United States,-1,2002
25693,Madagascar,Zambia,-1,2002
25694,Mauritius,Liberia,-1,2002
25695,Mexico,Costa Rica,-1,2002
25696,Morocco,Gabon,-1,2002
25697,Namibia,Nigeria,-1,2002
25698,Trinidad and Tobago,Honduras,-1,2002
25699,Angola,Burundi,1,2002
25700,Burkina Faso,Algeria,1,2002
25701,DR Congo,Zimbabwe,1,2002
25702,Ghana,Lesotho,1,2002
25703,Ivory Coast,Egypt,-1,2002
25704,South Africa,Congo,-1,2002
25705,Sudan,Libya,1,2002
25706,Togo,Senegal,1,2002
25707,Tunisia,Kenya,1,2002
25708,Costa Rica,Jamaica,1,2002
25709,Honduras,Mexico,1,2002
25710,New Zealand,Australia,-1,2002
25711,United States,Trinidad and Tobago,1,2002
25712,Slovakia,Bosnia and Herzegovina,-1,2002
25713,Malaysia,Bahrain,-1,2002
25714,Malaysia,Slovakia,-1,2002
25715,Bahrain,Bosnia and Herzegovina,-1,2002
25716,Bermuda,Trinidad and Tobago,-1,2002
25717,Australia,New Zealand,1,2002
25718,Belize,Cuba,1,2002
25719,Lesotho,Zambia,-1,2002
25720,Bahrain,Slovakia,1,2002
25721,Malaysia,Bosnia and Herzegovina,-1,2002
25722,India,Uzbekistan,-1,2002
25723,Bahrain,Uzbekistan,-1,2002
25724,Paraguay,Serbia,1,2002
25725,Libya,Angola,-1,2002
25726,Bosnia and Herzegovina,Uzbekistan,-1,2002
25727,Greenland,Tibet,1,2002
25728,Morocco,Egypt,1,2002
25729,Namibia,Algeria,-1,2002
25730,Trinidad and Tobago,Jamaica,-1,2002
25731,Burkina Faso,South Africa,-1,2002
25732,Cameroon,Togo,1,2002
25733,Honduras,Costa Rica,-1,2002
25734,Ivory Coast,Madagascar,1,2002
25735,Japan,Paraguay,1,2002
25736,Liberia,Ghana,-1,2002
25737,Malawi,Eswatini,-1,2002
25738,Mexico,United States,1,2002
25739,Sudan,Nigeria,-1,2002
25740,Tunisia,Congo,1,2002
25741,Uruguay,Brazil,1,2002
25742,El Salvador,Ecuador,-1,2002
25743,Latvia,Estonia,1,2002
25744,Estonia,Lithuania,-1,2002
25745,Japan,Serbia,1,2002
25746,Latvia,Lithuania,1,2002
25747,Honduras,Ecuador,-1,2002
25748,Zimbabwe,Eswatini,1,2002
25749,Ynys Môn,Saare County,1,2002
25750,Jersey,Orkney,1,2002
25751,Isle of Wight,Greenland,-1,2002
25752,Isle of Man,Falkland Islands,1,2002
25753,Saare County,Shetland,-1,2002
25754,Orkney,Gibraltar,-1,2002
25755,Greenland,Rhodes,-1,2002
25756,Guernsey,Falkland Islands,1,2002
25757,Singapore,Saudi Arabia,-1,2002
25758,Ynys Môn,Shetland,-1,2002
25759,Jersey,Gibraltar,1,2002
25760,Rhodes,Isle of Wight,-1,2002
25761,Isle of Man,Guernsey,-1,2002
25762,Colombia,Venezuela,1,2002
25763,Ecuador,Chile,-1,2002
25764,Brazil,Mexico,-1,2002
25765,Peru,Paraguay,-1,2002
25766,Saare County,Orkney,1,2002
25767,Greenland,Falkland Islands,1,2002
25768,Isle of Man,Rhodes,-1,2002
25769,Gibraltar,Shetland,1,2002
25770,Isle of Wight,Guernsey,-1,2002
25771,Ynys Môn,Jersey,-1,2002
25772,Bolivia,Uruguay,-1,2002
25773,Egypt,Namibia,1,2002
25774,Honduras,Costa Rica,-1,2002
25775,Orkney,Falkland Islands,-1,2002
25776,Greenland,Saare County,1,2002
25777,Isle of Man,Shetland,-1,2002
25778,Gibraltar,Rhodes,1,2002
25779,Isle of Wight,Jersey,-1,2002
25780,Guernsey,Ynys Môn,-1,2002
25781,Chile,Venezuela,1,2002
25782,Colombia,Ecuador,1,2002
25783,Monaco,Tibet,1,2002
25784,Senegal,Morocco,1,2002
25785,Sierra Leone,Liberia,-1,2002
25786,South Africa,Malawi,1,2002
25787,Zambia,Cameroon,-1,2002
25788,Brazil,Peru,1,2002
25789,Congo,Ivory Coast,-1,2002
25790,DR Congo,Tunisia,-1,2002
25791,Ghana,Sudan,1,2002
25792,Paraguay,Mexico,-1,2002
25793,Togo,Libya,1,2002
25794,Zimbabwe,Burkina Faso,1,2002
25795,Honduras,Bolivia,1,2002
25796,Uruguay,Costa Rica,-1,2002
25797,Colombia,Chile,1,2002
25798,Ecuador,Venezuela,1,2002
25799,Brazil,Paraguay,1,2002
25800,Peru,Mexico,1,2002
25801,Bolivia,Costa Rica,-1,2002
25802,Honduras,Uruguay,1,2002
25803,Malaysia,Saudi Arabia,-1,2002
25804,Cuba,Jamaica,-1,2002
25805,Algeria,Egypt,-1,2002
25806,Malawi,South Africa,1,2002
25807,Namibia,Senegal,-1,2002
25808,Bosnia and Herzegovina,Iran,-1,2002
25809,Chile,Mexico,-1,2002
25810,Uruguay,Costa Rica,1,2002
25811,Brazil,Honduras,-1,2002
25812,Colombia,Peru,1,2002
25813,Saudi Arabia,North Korea,1,2002
25814,North Macedonia,Qatar,-1,2002
25815,Mexico,Uruguay,1,2002
25816,Colombia,Honduras,1,2002
25817,Jamaica,Martinique,-1,2002
25818,Libya,Zambia,-1,2002
25819,Malawi,Zimbabwe,-1,2002
25820,Saint Kitts and Nevis,Martinique,1,2002
25821,Uruguay,Honduras,-1,2002
25822,Angola,Togo,-1,2002
25823,Colombia,Mexico,1,2002
25824,Ivory Coast,DR Congo,-1,2002
25825,Madagascar,Congo,1,2002
25826,Nigeria,Ghana,1,2002
25827,Oman,Iraq,1,2002
25828,Panama,Cuba,-1,2002
25829,Sudan,Sierra Leone,1,2002
25830,Saint Kitts and Nevis,Jamaica,-1,2002
25831,Grenada,Jamaica,1,2002
25832,Qatar,Iran,1,2002
25833,Saudi Arabia,North Macedonia,-1,2002
25834,United Arab Emirates,Iraq,-1,2002
25835,China PR,North Korea,-1,2002
25836,Kuwait,Trinidad and Tobago,-1,2002
25837,Colombia,Liberia,1,2002
25838,China PR,Trinidad and Tobago,1,2002
25839,Cuba,Panama,1,2002
25840,Kuwait,North Korea,-1,2002
25841,Saudi Arabia,Qatar,-1,2002
25842,Iran,Oman,1,2002
25843,United Arab Emirates,Saudi Arabia,-1,2002
25844,Brazil,Panama,1,2002
25845,Iran,Bosnia and Herzegovina,1,2002
25846,Qatar,Bahrain,-1,2002
25847,Singapore,Thailand,-1,2002
25848,Chile,Bolivia,-1,2002
25849,Venezuela,Uruguay,1,2002
25850,Austria,Switzerland,-1,2002
25851,Bosnia and Herzegovina,Malta,1,2002
25852,Brazil,Paraguay,1,2002
25853,Bulgaria,North Macedonia,1,2002
25854,Czech Republic,South Korea,1,2002
25855,Ecuador,Argentina,-1,2002
25856,England,Netherlands,-1,2002
25857,Estonia,Cyprus,-1,2002
25858,Finland,Belgium,1,2002
25859,France,Denmark,1,2002
25860,Hungary,Germany,-1,2002
25861,Iceland,Poland,-1,2002
25862,Republic of Ireland,Croatia,-1,2002
25863,Japan,Australia,1,2002
25864,Latvia,Ukraine,-1,2002
25865,Lithuania,Israel,-1,2002
25866,Luxembourg,Georgia,-1,2002
25867,Norway,Turkey,-1,2002
25868,Portugal,Moldova,1,2002
25869,Russia,Greece,-1,2002
25870,Serbia,Faroe Islands,1,2002
25871,Slovakia,Iran,-1,2002
25872,Slovenia,Romania,-1,2002
25873,Sweden,South Africa,1,2002
25874,Colombia,Peru,-1,2002
25875,Qatar,Oman,-1,2002
25876,Iraq,Thailand,1,2002
25877,Saudi Arabia,Bahrain,-1,2002
25878,United Arab Emirates,Uzbekistan,1,2002
25879,Zambia,Angola,-1,2002
25880,Bahrain,Iraq,1,2002
25881,Mexico,Liberia,1,2002
25882,Iran,Saudi Arabia,1,2002
25883,China PR,United Arab Emirates,1,2002
25884,Malawi,Zimbabwe,-1,2002
25885,Uzbekistan,Qatar,1,2002
25886,Oman,China PR,-1,2002
25887,Saudi Arabia,Iraq,1,2002
25888,United Arab Emirates,Qatar,-1,2002
25889,Albania,Finland,-1,2002
25890,Andorra,Portugal,-1,2002
25891,Belarus,Ukraine,-1,2002
25892,Bosnia and Herzegovina,Israel,-1,2002
25893,Chile,France,1,2002
25894,Denmark,Northern Ireland,-1,2002
25895,Faroe Islands,Luxembourg,1,2002
25896,Georgia,Hungary,1,2002
25897,Germany,England,-1,2002
25898,Iceland,Czech Republic,1,2002
25899,Republic of Ireland,Netherlands,1,2002
25900,Lithuania,Italy,-1,2002
25901,North Macedonia,Sweden,-1,2002
25902,Malta,Bulgaria,-1,2002
25903,Moldova,Azerbaijan,1,2002
25904,Poland,Norway,1,2002
25905,Scotland,Croatia,-1,2002
25906,Slovakia,Turkey,-1,2002
25907,Slovenia,Russia,1,2002
25908,Spain,Austria,1,2002
25909,Switzerland,Serbia,-1,2002
25910,Thailand,Iran,-1,2002
25911,Trinidad and Tobago,Costa Rica,-1,2002
25912,United States,Honduras,-1,2002
25913,Wales,Armenia,-1,2002
25914,Jamaica,Mexico,-1,2002
25915,Chile,Venezuela,-1,2002
25916,Peru,Uruguay,-1,2002
25917,Argentina,Brazil,1,2002
25918,Austria,Bosnia and Herzegovina,1,2002
25919,Azerbaijan,North Macedonia,-1,2002
25920,Belarus,Poland,1,2002
25921,Belgium,Scotland,1,2002
25922,Bulgaria,Denmark,-1,2002
25923,Colombia,Ecuador,-1,2002
25924,Costa Rica,United States,1,2002
25925,Cyprus,Portugal,-1,2002
25926,Czech Republic,Malta,1,2002
25927,England,Albania,1,2002
25928,Faroe Islands,Russia,-1,2002
25929,Finland,Greece,1,2002
25930,Georgia,Lithuania,1,2002
25931,Honduras,Jamaica,1,2002
25932,Hungary,Romania,-1,2002
25933,Italy,Morocco,1,2002
25934,Liechtenstein,Spain,-1,2002
25935,Luxembourg,Switzerland,-1,2002
25936,Mexico,Trinidad and Tobago,1,2002
25937,Netherlands,Estonia,1,2002
25938,Northern Ireland,Iceland,1,2002
25939,Norway,Wales,1,2002
25940,Paraguay,Bolivia,1,2002
25941,San Marino,Croatia,-1,2002
25942,Serbia,Slovenia,-1,2002
25943,Slovakia,Moldova,1,2002
25944,Turkey,Sweden,-1,2002
25945,Ukraine,Armenia,1,2002
25946,Bahrain,Thailand,-1,2002
25947,Iraq,Iran,-1,2002
25948,Qatar,China PR,-1,2002
25949,Saudi Arabia,United Arab Emirates,-1,2002
25950,Uzbekistan,Oman,1,2002
25951,South Korea,Nigeria,-1,2002
25952,Iran,Bahrain,-1,2002
25953,Oman,United Arab Emirates,-1,2002
25954,Qatar,Iraq,-1,2002
25955,China PR,Uzbekistan,1,2002
25956,Thailand,Saudi Arabia,-1,2002
25957,Angola,Zimbabwe,-1,2002
25958,South Korea,Nigeria,1,2002
25959,Bahrain,Saudi Arabia,-1,2002
25960,Oman,Qatar,-1,2002
25961,Thailand,Iraq,-1,2002
25962,Uzbekistan,United Arab Emirates,-1,2002
25963,United Arab Emirates,China PR,-1,2002
25964,Iraq,Bahrain,1,2002
25965,Qatar,Uzbekistan,-1,2002
25966,Saudi Arabia,Iran,-1,2002
25967,Thailand,Oman,1,2002
25968,Zimbabwe,Angola,-1,2002
25969,Japan,Senegal,-1,2002
25970,Qatar,United Arab Emirates,-1,2002
25971,Bahrain,Qatar,1,2002
25972,Iran,Thailand,1,2002
25973,Iraq,Saudi Arabia,-1,2002
25974,Armenia,Norway,-1,2002
25975,Bolivia,Ecuador,-1,2002
25976,Croatia,Belgium,1,2002
25977,Czech Republic,Bulgaria,1,2002
25978,Denmark,Iceland,1,2002
25979,England,Greece,-1,2002
25980,France,Algeria,1,2002
25981,Germany,Finland,-1,2002
25982,Republic of Ireland,Cyprus,1,2002
25983,Italy,Hungary,1,2002
25984,Malta,Northern Ireland,-1,2002
25985,Moldova,Turkey,-1,2002
25986,Netherlands,Andorra,1,2002
25987,Poland,Ukraine,-1,2002
25988,Portugal,Estonia,1,2002
25989,Romania,Georgia,-1,2002
25990,Russia,Switzerland,1,2002
25991,Scotland,Latvia,1,2002
25992,Serbia,Luxembourg,1,2002
25993,Slovenia,Faroe Islands,1,2002
25994,Venezuela,Peru,1,2002
25995,Wales,Belarus,1,2002
25996,Bosnia and Herzegovina,Liechtenstein,1,2002
25997,Brazil,Chile,1,2002
25998,China PR,Oman,1,2002
25999,Costa Rica,Mexico,-1,2002
26000,Honduras,Trinidad and Tobago,-1,2002
26001,Japan,Nigeria,-1,2002
26002,North Macedonia,Slovakia,-1,2002
26003,Paraguay,Argentina,-1,2002
26004,Sweden,Azerbaijan,1,2002
26005,Uruguay,Colombia,-1,2002
26006,United States,Jamaica,1,2002
26007,Gambia,Morocco,-1,2002
26008,Iran,Iraq,1,2002
26009,China PR,Qatar,1,2002
26010,Oman,Uzbekistan,1,2002
26011,Mali,Morocco,1,2002
26012,Algeria,Burkina Faso,1,2002
26013,Thailand,Bahrain,-1,2002
26014,Kuwait,Qatar,-1,2002
26015,United Arab Emirates,Oman,-1,2002
26016,Uzbekistan,China PR,1,2002
26017,Bahamas,Haiti,-1,2002
26018,Bahrain,Iran,1,2002
26019,Saudi Arabia,Thailand,1,2002
26020,Kenya,Uganda,-1,2002
26021,Tanzania,DR Congo,-1,2002
26022,Iran,United Arab Emirates,1,2002
26023,DR Congo,Uganda,-1,2002
26024,Israel,Austria,-1,2002
26025,Tanzania,Kenya,1,2002
26026,Mexico,El Salvador,1,2002
26027,United Arab Emirates,Iran,-1,2002
26028,Benin,Guinea-Bissau,-1,2002
26029,Mali,Mauritania,1,2002
26030,Benin,Mauritania,1,2002
26031,Mali,Guinea-Bissau,1,2002
26032,Bolivia,Brazil,1,2002
26033,Cape Verde,Gambia,-1,2002
26034,Colombia,Chile,1,2002
26035,Ecuador,Uruguay,-1,2002
26036,Guinea-Bissau,Mauritania,1,2002
26037,Japan,Italy,-1,2002
26038,Mali,Benin,-1,2002
26039,Argentina,Peru,1,2002
26040,South Korea,Senegal,-1,2002
26041,Venezuela,Paraguay,1,2002
26042,Mali,Gambia,-1,2002
26043,Austria,Turkey,-1,2002
26044,Belgium,Czech Republic,1,2002
26045,Denmark,Netherlands,-1,2002
26046,England,Sweden,-1,2002
26047,Greece,Estonia,1,2002
26048,Republic of Ireland,Iran,1,2002
26049,South Korea,Croatia,1,2002
26050,Slovenia,Romania,1,2002
26051,South Africa,Egypt,1,2002
26052,Ukraine,Germany,-1,2002
26053,Australia,France,-1,2002
26054,Jamaica,Costa Rica,-1,2002
26055,Mali,Guinea-Bissau,1,2002
26056,Mexico,Honduras,1,2002
26057,Trinidad and Tobago,United States,-1,2002
26058,South Korea,Croatia,-1,2002
26059,Brazil,Venezuela,1,2002
26060,Chile,Ecuador,-1,2002
26061,Czech Republic,Belgium,-1,2002
26062,Estonia,Kazakhstan,-1,2002
26063,Germany,Ukraine,1,2002
26064,Greece,Cyprus,-1,2002
26065,Hungary,North Macedonia,1,2002
26066,Latvia,Russia,-1,2002
26067,Malta,Canada,1,2002
26068,Morocco,Zambia,1,2002
26069,Paraguay,Colombia,-1,2002
26070,Peru,Bolivia,-1,2002
26071,Poland,Cameroon,-1,2002
26072,Portugal,Angola,1,2002
26073,Romania,Slovenia,-1,2002
26074,Spain,Mexico,1,2002
26075,Turkey,Austria,1,2002
26076,Uruguay,Argentina,-1,2002
26077,Iran,Republic of Ireland,1,2002
26078,Australia,Uruguay,1,2002
26079,Madagascar,Mayotte,1,2002
26080,Ethiopia,Zambia,-1,2002
26081,Uruguay,Australia,1,2002
26082,Tunisia,Togo,1,2002
26083,Oman,Kuwait,-1,2002
26084,Algeria,Ghana,-1,2002
26085,Mali,Ivory Coast,-1,2002
26086,Rwanda,Somalia,1,2002
26087,Burundi,Tanzania,-1,2002
26088,South Korea,United States,1,2002
26089,Uganda,Djibouti,1,2002
26090,Kenya,Eritrea,1,2002
26091,Burundi,Djibouti,1,2002
26092,Uganda,Tanzania,-1,2002
26093,Kenya,Somalia,1,2002
26094,Rwanda,Eritrea,1,2002
26095,Bahrain,Oman,-1,2002
26096,Ethiopia,Zanzibar,1,2002
26097,Tanzania,Djibouti,1,2002
26098,Eritrea,Somalia,-1,2002
26099,Uganda,Burundi,-1,2002
26100,Botswana,Namibia,1,2002
26101,El Salvador,Haiti,-1,2002
26102,Rwanda,Kenya,-1,2002
26103,Botswana,Lesotho,1,2002
26104,Burkina Faso,Togo,-1,2002
26105,Kenya,Eritrea,1,2002
26106,Ethiopia,Burundi,-1,2002
26107,Rwanda,Uganda,1,2002
26108,Rwanda,Ethiopia,-1,2002
26109,Kenya,Ethiopia,-1,2002
26110,Togo,Burkina Faso,1,2002
26111,Oman,Syria,1,2002
26112,Mali,Ghana,-1,2002
26113,Oman,Syria,1,2002
26114,Senegal,Burkina Faso,-1,2002
26115,Andalusia,Tunisia,-1,2002
26116,Mali,Burkina Faso,1,2002
26117,Catalonia,Chile,1,2002
26118,Kuwait,Syria,-1,2002
26119,Basque Country,Ghana,1,2002
26120,Benin,Togo,-1,2002
26121,Oman,North Macedonia,1,2002
26122,Qatar,Egypt,-1,2002
26123,Saudi Arabia,Zimbabwe,-1,2002
26124,Senegal,Algeria,1,2002
26125,Tunisia,Liberia,1,2002
26126,Kuwait,Syria,-1,2002
26127,Bahrain,Finland,-1,2006
26128,Egypt,Ghana,1,2006
26129,Martinique,Guadeloupe,-1,2006
26130,Albania,North Macedonia,-1,2006
26131,Kuwait,Zimbabwe,1,2006
26132,Cuba,Guatemala,-1,2006
26133,Egypt,Mali,-1,2006
26134,Martinique,Haiti,-1,2006
26135,Albania,Finland,-1,2006
26136,Bahrain,North Macedonia,-1,2006
26137,Burkina Faso,Cameroon,-1,2006
26138,Kuwait,Iceland,-1,2006
26139,Qatar,Zimbabwe,-1,2006
26140,Cuba,Guatemala,-1,2006
26141,Bahrain,Albania,1,2006
26142,Finland,North Macedonia,1,2006
26143,Mali,Zambia,-1,2006
26144,Saudi Arabia,Iceland,1,2006
26145,Egypt,Burkina Faso,-1,2006
26146,Grenada,Trinidad and Tobago,-1,2006
26147,Iraq,Oman,1,2006
26148,Tunisia,Cameroon,-1,2006
26149,Ecuador,Guatemala,1,2006
26150,Ivory Coast,Nigeria,-1,2006
26151,Morocco,Guinea,1,2006
26152,Qatar,Iraq,-1,2006
26153,Algeria,Benin,1,2006
26154,South Africa,Angola,1,2006
26155,Gambia,Morocco,-1,2006
26156,Saudi Arabia,Kuwait,-1,2006
26157,Qatar,Bahrain,1,2006
26158,United Arab Emirates,Oman,1,2006
26159,Haiti,Canada,-1,2006
26160,Martinique,Costa Rica,-1,2006
26161,El Salvador,Mexico,-1,2006
26162,Kuwait,Oman,-1,2006
26163,Mali,Liberia,-1,2006
26164,Saint Kitts and Nevis,Grenada,-1,2006
26165,United States,South Korea,1,2006
26166,Antigua and Barbuda,Dominica,1,2006
26167,Cameroon,DR Congo,1,2006
26168,Costa Rica,Trinidad and Tobago,-1,2006
26169,Ecuador,Haiti,-1,2006
26170,Egypt,Senegal,-1,2006
26171,Saudi Arabia,Bahrain,1,2006
26172,South Africa,Burkina Faso,-1,2006
26173,United Arab Emirates,Qatar,-1,2006
26174,Algeria,Nigeria,-1,2006
26175,Mexico,Guatemala,1,2006
26176,Morocco,Ghana,-1,2006
26177,Togo,Ivory Coast,-1,2006
26178,United States,Cuba,1,2006
26179,Zambia,Tunisia,-1,2006
26180,Canada,Ecuador,-1,2006
26181,Kuwait,Bahrain,-1,2006
26182,Trinidad and Tobago,Martinique,-1,2006
26183,Guatemala,El Salvador,-1,2006
26184,South Korea,Cuba,-1,2006
26185,Mali,Nigeria,-1,2006
26186,South Africa,Ghana,-1,2006
26187,Oman,Qatar,-1,2006
26188,Saudi Arabia,United Arab Emirates,1,2006
26189,Cameroon,Ivory Coast,1,2006
26190,Egypt,Tunisia,1,2006
26191,Liberia,Algeria,-1,2006
26192,Burkina Faso,Morocco,-1,2006
26193,Canada,Martinique,-1,2006
26194,DR Congo,Togo,-1,2006
26195,Costa Rica,Haiti,1,2006
26196,Senegal,Zambia,1,2006
26197,Kuwait,Qatar,-1,2006
26198,Mexico,South Korea,-1,2006
26199,United States,El Salvador,1,2006
26200,United Arab Emirates,Bahrain,-1,2006
26201,Saudi Arabia,Oman,1,2006
26202,Liberia,Nigeria,-1,2006
26203,Mali,Algeria,1,2006
26204,Cameroon,Togo,1,2006
26205,DR Congo,Ivory Coast,1,2006
26206,Kuwait,United Arab Emirates,1,2006
26207,Burkina Faso,Ghana,-1,2006
26208,Costa Rica,South Korea,1,2006
26209,South Africa,Morocco,1,2006
26210,United States,Canada,-1,2006
26211,Bahrain,Oman,-1,2006
26212,Saudi Arabia,Qatar,1,2006
26213,Brazil,Bolivia,1,2006
26214,Egypt,Zambia,1,2006
26215,Senegal,Tunisia,-1,2006
26216,Canada,South Korea,1,2006
26217,United States,Costa Rica,1,2006
26218,Mali,South Africa,1,2006
26219,Nigeria,Ghana,1,2006
26220,Cameroon,Egypt,1,2006
26221,Senegal,DR Congo,1,2006
26222,Iran,Slovakia,-1,2006
26223,Saudi Arabia,Brazil,-1,2006
26224,Mali,Cameroon,-1,2006
26225,Nigeria,Senegal,-1,2006
26226,Singapore,North Korea,1,2006
26227,Lithuania,Moldova,1,2006
26228,Mali,Nigeria,-1,2006
26229,Malta,Jordan,1,2006
26230,Faroe Islands,Poland,-1,2006
26231,North Korea,Qatar,-1,2006
26232,Senegal,Cameroon,-1,2006
26233,Thailand,Singapore,1,2006
26234,Malta,Lithuania,-1,2006
26235,Moldova,Jordan,1,2006
26236,Cyprus,Switzerland,-1,2006
26237,Czech Republic,Hungary,1,2006
26238,North Korea,Singapore,1,2006
26239,Slovenia,Honduras,-1,2006
26240,Thailand,Qatar,1,2006
26241,Turkey,Ecuador,-1,2006
26242,Belgium,Norway,1,2006
26243,Croatia,Bulgaria,-1,2006
26244,Cyprus,Czech Republic,-1,2006
26245,Faroe Islands,Liechtenstein,1,2006
26246,France,Romania,1,2006
26247,Germany,Israel,1,2006
26248,Greece,Sweden,-1,2006
26249,Republic of Ireland,Russia,1,2006
26250,Italy,United States,1,2006
26251,Lithuania,Jordan,-1,2006
26252,Luxembourg,Albania,-1,2006
26253,Malta,Moldova,1,2006
26254,Mexico,Serbia,-1,2006
26255,Netherlands,England,-1,2006
26256,Northern Ireland,Poland,-1,2006
26257,Paraguay,Bolivia,-1,2006
26258,Saudi Arabia,Denmark,-1,2006
26259,Spain,Portugal,-1,2006
26260,Switzerland,Hungary,1,2006
26261,Uruguay,South Korea,1,2006
26262,Wales,Argentina,-1,2006
26263,Qatar,Singapore,1,2006
26264,Thailand,North Korea,-1,2006
26265,China PR,Slovenia,-1,2006
26266,Qatar,Singapore,1,2006
26267,Thailand,North Korea,-1,2006
26268,Gibraltar,Monaco,-1,2006
26269,Iran,Venezuela,1,2006
26270,Botswana,Eswatini,1,2006
26271,United States,Honduras,1,2006
26272,Brazil,Iceland,1,2006
26273,American Samoa,New Caledonia,-1,2006
26274,Samoa,Tonga,1,2006
26275,Alderney,Jersey,-1,2006
26276,Eswatini,Lesotho,1,2006
26277,United States,Ecuador,1,2006
26278,American Samoa,Tonga,-1,2006
26279,New Caledonia,Papua New Guinea,-1,2006
26280,Mexico,Albania,1,2006
26281,Tunisia,South Korea,-1,2006
26282,Estonia,Saudi Arabia,1,2006
26283,Papua New Guinea,Tonga,1,2006
26284,Samoa,American Samoa,1,2006
26285,Botswana,Namibia,1,2006
26286,Mauritius,Madagascar,-1,2006
26287,New Caledonia,Tonga,1,2006
26288,Samoa,Papua New Guinea,-1,2006
26289,Sri Lanka,Pakistan,-1,2006
26290,American Samoa,Papua New Guinea,-1,2006
26291,Samoa,New Caledonia,-1,2006
26292,Sri Lanka,Pakistan,-1,2006
26293,Finland,South Korea,-1,2006
26294,Saudi Arabia,South Africa,1,2006
26295,Japan,Ukraine,1,2006
26296,Sri Lanka,Pakistan,1,2006
26297,Sri Lanka,Pakistan,1,2006
26298,South Korea,Turkey,-1,2006
26299,Nigeria,Paraguay,-1,2006
26300,Albania,Azerbaijan,1,2006
26301,Argentina,Cameroon,-1,2006
26302,Austria,Slovakia,1,2006
26303,Belize,Guyana,1,2006
26304,Bosnia and Herzegovina,North Macedonia,-1,2006
26305,Brazil,Serbia,1,2006
26306,Bulgaria,Ecuador,-1,2006
26307,Croatia,Slovenia,-1,2006
26308,England,Italy,-1,2006
26309,Estonia,Russia,1,2006
26310,France,Scotland,1,2006
26311,Georgia,South Africa,1,2006
26312,Germany,United States,1,2006
26313,Republic of Ireland,Denmark,1,2006
26314,Liechtenstein,Northern Ireland,-1,2006
26315,Luxembourg,Latvia,-1,2006
26316,Malta,Andorra,-1,2006
26317,Moldova,Hungary,-1,2006
26318,Netherlands,Spain,1,2006
26319,Poland,Japan,-1,2006
26320,Portugal,Finland,-1,2006
26321,Romania,Ukraine,1,2006
26322,Saudi Arabia,Uruguay,1,2006
26323,Senegal,Bolivia,1,2006
26324,Sweden,Switzerland,-1,2006
26325,Tunisia,Norway,-1,2006
26326,Wales,Czech Republic,-1,2006
26327,Botswana,South Africa,-1,2006
26328,Eswatini,Mozambique,-1,2006
26329,Eswatini,Mozambique,-1,2006
26330,Sri Lanka,Maldives,1,2006
26331,Sri Lanka,Maldives,-1,2006
26332,Lesotho,Mozambique,-1,2006
26333,Singapore,Maldives,1,2006
26334,Yemen,Ethiopia,-1,2006
26335,Andorra,Albania,1,2006
26336,Austria,Cameroon,-1,2006
26337,Belgium,Slovakia,-1,2006
26338,Belize,Nicaragua,1,2006
26339,Croatia,Bosnia and Herzegovina,1,2006
26340,Denmark,Israel,1,2006
26341,Ecuador,South Africa,-1,2006
26342,England,Paraguay,1,2006
26343,France,Russia,-1,2006
26344,Germany,Argentina,-1,2006
26345,Greece,Czech Republic,-1,2006
26346,Hungary,Belarus,-1,2006
26347,Republic of Ireland,United States,1,2006
26348,Italy,Uruguay,-1,2006
26349,Japan,Costa Rica,-1,2006
26350,Latvia,Kazakhstan,1,2006
26351,Luxembourg,Liechtenstein,-1,2006
26352,North Macedonia,Finland,1,2006
26353,Malta,Azerbaijan,1,2006
26354,Mexico,Bulgaria,1,2006
26355,Northern Ireland,Spain,-1,2006
26356,Norway,Sweden,-1,2006
26357,Poland,Romania,-1,2006
26358,Portugal,Brazil,-1,2006
26359,Scotland,Nigeria,-1,2006
26360,Serbia,Lithuania,1,2006
26361,Slovenia,Tunisia,1,2006
26362,Turkey,Chile,1,2006
26363,Ukraine,Georgia,1,2006
26364,South Korea,Costa Rica,1,2006
26365,Eswatini,Namibia,1,2006
26366,South Korea,China PR,-1,2006
26367,Japan,Slovakia,1,2006
26368,Japan,Honduras,-1,2006
26369,Malawi,Tanzania,1,2006
26370,Nigeria,Kenya,1,2006
26371,Zimbabwe,Eswatini,-1,2006
26372,Jersey,Guernsey,1,2006
26373,Venezuela,Colombia,-1,2006
26374,Ecuador,Serbia,1,2006
26375,Hungary,Croatia,-1,2006
26376,Costa Rica,Colombia,-1,2006
26377,Germany,Kuwait,1,2006
26378,Kenya,Tanzania,1,2006
26379,Mexico,Colombia,1,2006
26380,South Africa,Madagascar,1,2006
26381,United States,Uruguay,1,2006
26382,Belgium,Algeria,-1,2006
26383,Norway,Japan,1,2006
26384,Saudi Arabia,Senegal,1,2006
26385,Slovakia,Uzbekistan,1,2006
26386,Wales,Germany,1,2006
26387,Greece,Cyprus,1,2006
26388,Switzerland,Canada,-1,2006
26389,China PR,Uruguay,-1,2006
26390,Republic of Ireland,Nigeria,-1,2006
26391,South Korea,Scotland,1,2006
26392,Mexico,Bolivia,1,2006
26393,United States,Jamaica,1,2006
26394,Myanmar,Malaysia,-1,2006
26395,Denmark,Cameroon,1,2006
26396,Russia,Belarus,-1,2006
26397,Slovenia,Ghana,1,2006
26398,Sweden,Paraguay,-1,2006
26399,Ukraine,Serbia,1,2006
26400,Canary Islands,Venezuela,-1,2006
26401,Czech Republic,Italy,1,2006
26402,France,Belgium,-1,2006
26403,Germany,Austria,1,2006
26404,Jamaica,Nigeria,-1,2006
26405,Malawi,Angola,1,2006
26406,Poland,Estonia,1,2006
26407,Tanzania,Kenya,-1,2006
26408,Catalonia,Brazil,-1,2006
26409,Belarus,Ukraine,1,2006
26410,Myanmar,Malaysia,-1,2006
26411,Russia,Serbia,-1,2006
26412,United States,Netherlands,-1,2006
26413,Scotland,South Africa,-1,2006
26414,South Korea,England,-1,2006
26415,San Marino,Estonia,-1,2006
26416,Singapore,Uruguay,-1,2006
26417,Finland,Latvia,1,2006
26418,Norway,Iceland,-1,2006
26419,Ecuador,Senegal,-1,2006
26420,South Africa,Turkey,1,2006
26421,China PR,Portugal,-1,2006
26422,Japan,Sweden,-1,2006
26423,Malaysia,Brazil,-1,2006
26424,Belgium,Costa Rica,1,2006
26425,Cameroon,England,-1,2006
26426,Denmark,Tunisia,1,2006
26427,South Korea,France,-1,2006
26428,Kuwait,Iran,-1,2006
26429,France,Senegal,-1,2006
26430,Germany,Saudi Arabia,1,2006
26431,Republic of Ireland,Cameroon,-1,2006
26432,Uruguay,Denmark,-1,2006
26433,Argentina,Nigeria,1,2006
26434,England,Sweden,-1,2006
26435,Paraguay,South Africa,-1,2006
26436,Spain,Slovenia,1,2006
26437,Brazil,Turkey,1,2006
26438,Croatia,Mexico,-1,2006
26439,Italy,Ecuador,1,2006
26440,China PR,Costa Rica,-1,2006
26441,Japan,Belgium,-1,2006
26442,South Korea,Poland,1,2006
26443,Germany,Republic of Ireland,-1,2006
26444,Russia,Tunisia,1,2006
26445,United States,Portugal,1,2006
26446,Cameroon,Saudi Arabia,1,2006
26447,Denmark,Senegal,-1,2006
26448,France,Uruguay,-1,2006
26449,Saint Martin,Anguilla,1,2006
26450,Andorra,Armenia,-1,2006
26451,Argentina,England,-1,2006
26452,Spain,Paraguay,1,2006
26453,Sweden,Nigeria,1,2006
26454,Brazil,China PR,1,2006
26455,Italy,Croatia,-1,2006
26456,Malawi,Botswana,1,2006
26457,South Africa,Slovenia,1,2006
26458,Costa Rica,Turkey,-1,2006
26459,Japan,Russia,1,2006
26460,Malawi,Botswana,1,2006
26461,Mexico,Ecuador,1,2006
26462,South Korea,United States,-1,2006
26463,Portugal,Poland,1,2006
26464,Tunisia,Belgium,-1,2006
26465,Cameroon,Germany,-1,2006
26466,Denmark,France,1,2006
26467,Saudi Arabia,Republic of Ireland,-1,2006
26468,Senegal,Uruguay,-1,2006
26469,Nigeria,England,-1,2006
26470,Slovenia,Paraguay,-1,2006
26471,South Africa,Spain,-1,2006
26472,Sweden,Argentina,-1,2006
26473,Costa Rica,Brazil,-1,2006
26474,Ecuador,Croatia,1,2006
26475,Mexico,Italy,-1,2006
26476,Turkey,China PR,1,2006
26477,Belgium,Russia,1,2006
26478,Japan,Tunisia,1,2006
26479,South Korea,Portugal,1,2006
26480,Poland,United States,1,2006
26481,Denmark,England,-1,2006
26482,Germany,Paraguay,1,2006
26483,Spain,Republic of Ireland,-1,2006
26484,Sweden,Senegal,-1,2006
26485,Brazil,Belgium,1,2006
26486,Mexico,United States,-1,2006
26487,Japan,Turkey,-1,2006
26488,South Korea,Italy,1,2006
26489,England,Brazil,-1,2006
26490,Germany,United States,1,2006
26491,Grenada,British Virgin Islands,1,2006
26492,South Korea,Spain,-1,2006
26493,Senegal,Turkey,-1,2006
26494,Saint Martin,Anguilla,1,2006
26495,South Korea,Germany,-1,2006
26496,Mozambique,Angola,-1,2006
26497,Brazil,Turkey,1,2006
26498,South Korea,Turkey,-1,2006
26499,Bhutan,Montserrat,1,2006
26500,Germany,Brazil,-1,2006
26501,Estonia,Azerbaijan,-1,2006
26502,New Zealand,Tahiti,1,2006
26503,Papua New Guinea,Solomon Islands,-1,2006
26504,Australia,Vanuatu,1,2006
26505,British Virgin Islands,Anguilla,1,2006
26506,Fiji,New Caledonia,1,2006
26507,Grenada,Saint Martin,1,2006
26508,Latvia,Azerbaijan,-1,2006
26509,Zambia,Mozambique,1,2006
26510,Guadeloupe,Puerto Rico,1,2006
26511,Kazakhstan,Estonia,-1,2006
26512,Malawi,Zimbabwe,1,2006
26513,New Zealand,Papua New Guinea,1,2006
26514,Solomon Islands,Tahiti,-1,2006
26515,Australia,New Caledonia,1,2006
26516,Fiji,Vanuatu,-1,2006
26517,Malawi,Zimbabwe,-1,2006
26518,New Zealand,Solomon Islands,1,2006
26519,Papua New Guinea,Tahiti,-1,2006
26520,Australia,Fiji,1,2006
26521,New Caledonia,Vanuatu,-1,2006
26522,Australia,Tahiti,1,2006
26523,New Zealand,Vanuatu,1,2006
26524,British Virgin Islands,Saint Lucia,-1,2006
26525,New Zealand,Australia,1,2006
26526,Tahiti,Vanuatu,1,2006
26527,Malaysia,Singapore,-1,2006
26528,Iraq,Syria,1,2006
26529,Puerto Rico,Guadeloupe,-1,2006
26530,South Africa,Madagascar,-1,2006
26531,Iraq,Syria,1,2006
26532,Barbados,Trinidad and Tobago,-1,2006
26533,Saint Kitts and Nevis,Taiwan,1,2006
26534,Ethiopia,Uganda,-1,2006
26535,Sudan,Chad,1,2006
26536,Saint Kitts and Nevis,Barbados,1,2006
26537,Aruba,Suriname,-1,2006
26538,Chad,Ethiopia,1,2006
26539,Guyana,Curaçao,1,2006
26540,Saint Kitts and Nevis,Trinidad and Tobago,1,2006
26541,Saint Lucia,British Virgin Islands,1,2006
26542,Sudan,Uganda,1,2006
26543,Chad,Uganda,-1,2006
26544,Grenada,Taiwan,1,2006
26545,Sudan,Ethiopia,1,2006
26546,Eswatini,Mauritius,-1,2006
26547,Grenada,Jamaica,-1,2006
26548,Kenya,Uganda,-1,2006
26549,Eswatini,Mauritius,-1,2006
26550,Saint Martin,Grenada,-1,2006
26551,Egypt,Ethiopia,1,2006
26552,Malawi,Zambia,1,2006
26553,Curaçao,Guyana,1,2006
26554,Saint Lucia,Jamaica,-1,2006
26555,Suriname,Aruba,1,2006
26556,Dominican Republic,United States Virgin Islands,1,2006
26557,Jordan,Kenya,-1,2006
26558,Dominican Republic,United States Virgin Islands,1,2006
26559,Jordan,Sudan,-1,2006
26560,Algeria,DR Congo,-1,2006
26561,Egypt,Uganda,1,2006
26562,Azerbaijan,Uzbekistan,1,2006
26563,Bosnia and Herzegovina,Serbia,-1,2006
26564,Brazil,Paraguay,-1,2006
26565,Bulgaria,Germany,-1,2006
26566,Croatia,Wales,-1,2006
26567,Czech Republic,Slovakia,1,2006
26568,Estonia,Moldova,1,2006
26569,Faroe Islands,Liechtenstein,1,2006
26570,Finland,Republic of Ireland,-1,2006
26571,Hungary,Spain,-1,2006
26572,Iceland,Andorra,1,2006
26573,Italy,Slovenia,-1,2006
26574,Latvia,Belarus,-1,2006
26575,Lithuania,Israel,-1,2006
26576,Luxembourg,Morocco,-1,2006
26577,North Macedonia,Malta,1,2006
26578,Mauritius,Réunion,-1,2006
26579,Northern Ireland,Cyprus,-1,2006
26580,Norway,Netherlands,-1,2006
26581,Poland,Belgium,-1,2006
26582,Romania,Greece,-1,2006
26583,Russia,Sweden,-1,2006
26584,Scotland,Denmark,-1,2006
26585,Switzerland,Austria,1,2006
26586,Tunisia,France,-1,2006
26587,Turkey,Georgia,1,2006
26588,Ukraine,Iran,-1,2006
26589,Venezuela,Bolivia,1,2006
26590,Egypt,Sudan,1,2006
26591,Rwanda,Kenya,-1,2006
26592,South Africa,Eswatini,1,2006
26593,Angola,Gabon,1,2006
26594,Gambia,Sierra Leone,1,2006
26595,Botswana,Lesotho,-1,2006
26596,Congo,DR Congo,-1,2006
26597,Egypt,Libya,-1,2006
26598,India,Jamaica,-1,2006
26599,Jordan,Iran,1,2006
26600,Syria,Palestine,1,2006
26601,Zimbabwe,Lesotho,1,2006
26602,Uganda,Zambia,-1,2006
26603,Congo,Gabon,-1,2006
26604,Gambia,Guinea,1,2006
26605,India,Jamaica,-1,2006
26606,Lebanon,Jordan,-1,2006
26607,Palestine,Iraq,-1,2006
26608,Libya,Togo,1,2006
26609,Tanzania,Zanzibar,-1,2006
26610,Iran,Lebanon,1,2006
26611,Syria,Iraq,-1,2006
26612,Iraq,Iran,-1,2006
26613,Luxembourg,Israel,-1,2006
26614,Syria,Jordan,-1,2006
26615,Czech Republic,Serbia,1,2006
26616,Mauritania,Cape Verde,-1,2006
26617,Armenia,Ukraine,-1,2006
26618,Austria,Moldova,1,2006
26619,Azerbaijan,Italy,-1,2006
26620,Belgium,Bulgaria,-1,2006
26621,Bosnia and Herzegovina,Romania,-1,2006
26622,Botswana,Eswatini,-1,2006
26623,Madagascar,Egypt,1,2006
26624,Croatia,Estonia,-1,2006
26625,Cyprus,France,-1,2006
26626,England,Portugal,-1,2006
26627,Faroe Islands,Scotland,-1,2006
26628,Finland,Wales,-1,2006
26629,Gabon,Morocco,-1,2006
26630,Greece,Spain,-1,2006
26631,Iceland,Hungary,-1,2006
26632,Jordan,Iraq,-1,2006
26633,Kenya,Togo,1,2006
26634,South Korea,North Korea,-1,2006
26635,Latvia,Sweden,-1,2006
26636,Lithuania,Germany,-1,2006
26637,Namibia,Algeria,-1,2006
26638,Netherlands,Belarus,1,2006
26639,Niger,Ethiopia,1,2006
26640,Norway,Denmark,-1,2006
26641,Russia,Republic of Ireland,1,2006
26642,San Marino,Poland,-1,2006
26643,Slovenia,Malta,1,2006
26644,Syria,Iran,-1,2006
26645,Turkey,Slovakia,1,2006
26646,Uganda,Ghana,1,2006
26647,Angola,Nigeria,-1,2006
26648,Benin,Tanzania,1,2006
26649,Congo,Burkina Faso,-1,2006
26650,Equatorial Guinea,Sierra Leone,-1,2006
26651,Guinea,Liberia,1,2006
26652,Ivory Coast,South Africa,-1,2006
26653,Lesotho,Senegal,-1,2006
26654,Libya,DR Congo,1,2006
26655,Liechtenstein,North Macedonia,-1,2006
26656,Seychelles,Eritrea,1,2006
26657,Sudan,Zambia,-1,2006
26658,Switzerland,Georgia,1,2006
26659,Zimbabwe,Mali,1,2006
26660,Central African Republic,Mozambique,-1,2006
26661,Iran,Morocco,-1,2006
26662,Ivory Coast,Gambia,1,2006
26663,Iran,Paraguay,-1,2006
26664,Malawi,South Africa,-1,2006
26665,Algeria,Uganda,-1,2006
26666,Oman,United Arab Emirates,1,2006
26667,Mauritius,Seychelles,1,2006
26668,South Africa,Malawi,1,2006
26669,Zimbabwe,Zambia,-1,2006
26670,Mali,Mauritania,1,2006
26671,Morocco,Niger,1,2006
26672,Mali,Mauritania,1,2006
26673,Barbados,Saint Lucia,1,2006
26674,Eswatini,Lesotho,-1,2006
26675,Ghana,Lesotho,1,2006
26676,Martinique,Saint Lucia,1,2006
26677,Algeria,Chad,1,2006
26678,Bosnia and Herzegovina,Germany,-1,2006
26679,Albania,Switzerland,-1,2006
26680,Andorra,Belgium,-1,2006
26681,Belarus,Austria,-1,2006
26682,Bulgaria,Croatia,1,2006
26683,Denmark,Luxembourg,1,2006
26684,Eritrea,Zimbabwe,-1,2006
26685,Finland,Azerbaijan,1,2006
26686,France,Slovenia,1,2006
26687,Iceland,Scotland,-1,2006
26688,Italy,Serbia,-1,2006
26689,Lithuania,Faroe Islands,1,2006
26690,North Macedonia,Turkey,-1,2006
26691,Liberia,Niger,1,2006
26692,Cape Verde,Kenya,-1,2006
26693,Malawi,Angola,1,2006
26694,Malta,Israel,-1,2006
26695,Mauritius,Madagascar,-1,2006
26696,Moldova,Czech Republic,-1,2006
26697,Poland,Latvia,-1,2006
26698,Portugal,Tunisia,-1,2006
26699,Romania,Norway,-1,2006
26700,Senegal,Nigeria,-1,2006
26701,Sierra Leone,Gabon,1,2006
26702,Slovakia,England,-1,2006
26703,Spain,Northern Ireland,1,2006
26704,Sweden,Hungary,-1,2006
26705,Tanzania,Sudan,-1,2006
26706,Togo,Mauritania,1,2006
26707,Ukraine,Greece,1,2006
26708,Zambia,Benin,-1,2006
26709,Burkina Faso,Central African Republic,1,2006
26710,South Africa,Burundi,1,2006
26711,DR Congo,Botswana,1,2006
26712,Estonia,New Zealand,1,2006
26713,Ethiopia,Guinea,1,2006
26714,Gambia,Lesotho,1,2006
26715,Ghana,Rwanda,1,2006
26716,Mali,Seychelles,1,2006
26717,Morocco,Equatorial Guinea,1,2006
26718,Mozambique,Congo,-1,2006
26719,Eswatini,Libya,1,2006
26720,Scotland,Canada,1,2006
26721,Austria,Netherlands,-1,2006
26722,Bulgaria,Andorra,1,2006
26723,Costa Rica,Ecuador,-1,2006
26724,Czech Republic,Belarus,1,2006
26725,England,North Macedonia,-1,2006
26726,Estonia,Belgium,-1,2006
26727,Germany,Faroe Islands,1,2006
26728,Greece,Armenia,1,2006
26729,Hungary,San Marino,1,2006
26730,Iceland,Lithuania,1,2006
26731,Republic of Ireland,Switzerland,-1,2006
26732,Japan,Jamaica,-1,2006
26733,Luxembourg,Romania,-1,2006
26734,Malta,France,-1,2006
26735,Northern Ireland,Ukraine,-1,2006
26736,Norway,Bosnia and Herzegovina,1,2006
26737,Poland,New Zealand,1,2006
26738,Russia,Albania,1,2006
26739,Serbia,Finland,1,2006
26740,Spain,Paraguay,-1,2006
26741,Sweden,Portugal,-1,2006
26742,Turkey,Liechtenstein,1,2006
26743,Wales,Italy,1,2006
26744,French Guiana,Suriname,-1,2006
26745,French Guiana,Suriname,-1,2006
26746,Sierra Leone,Ghana,1,2006
26747,Venezuela,Ecuador,1,2006
26748,Kenya,South Africa,-1,2006
26749,Tanzania,Uganda,-1,2006
26750,Kenya,Uganda,-1,2006
26751,Tanzania,South Africa,-1,2006
26752,Jersey,Kernow,-1,2006
26753,Martinique,Saint Kitts and Nevis,1,2006
26754,Saint Lucia,Martinique,-1,2006
26755,Saint Lucia,Antigua and Barbuda,1,2006
26756,Barbados,Jamaica,-1,2006
26757,Grenada,Guadeloupe,-1,2006
26758,Singapore,Indonesia,-1,2006
26759,Grenada,Barbados,-1,2006
26760,Jamaica,Guadeloupe,1,2006
26761,Barbados,Guadeloupe,-1,2006
26762,Grenada,Jamaica,-1,2006
26763,Saint Kitts and Nevis,Saint Lucia,1,2006
26764,Trinidad and Tobago,Saint Kitts and Nevis,1,2006
26765,Cayman Islands,Nicaragua,-1,2006
26766,Trinidad and Tobago,Saint Lucia,-1,2006
26767,United States,El Salvador,1,2006
26768,Haiti,Antigua and Barbuda,1,2006
26769,South Africa,Senegal,-1,2006
26770,Antigua and Barbuda,Curaçao,-1,2006
26771,Austria,Norway,-1,2006
26772,Azerbaijan,Wales,-1,2006
26773,Cyprus,Malta,1,2006
26774,Czech Republic,Sweden,-1,2006
26775,Denmark,Poland,1,2006
26776,Ecuador,Costa Rica,-1,2006
26777,Estonia,Iceland,1,2006
26778,France,Serbia,1,2006
26779,Germany,Netherlands,-1,2006
26780,Greece,Republic of Ireland,-1,2006
26781,Honduras,Colombia,1,2006
26782,Hungary,Moldova,-1,2006
26783,Italy,Turkey,-1,2006
26784,Japan,Argentina,-1,2006
26785,South Korea,Brazil,-1,2006
26786,Luxembourg,Cape Verde,-1,2006
26787,North Macedonia,Israel,-1,2006
26788,Morocco,Mali,-1,2006
26789,Nigeria,Jamaica,-1,2006
26790,Portugal,Scotland,1,2006
26791,Qatar,Iraq,1,2006
26792,Romania,Croatia,-1,2006
26793,San Marino,Latvia,-1,2006
26794,Slovakia,Ukraine,-1,2006
26795,Spain,Bulgaria,1,2006
26796,Tunisia,Egypt,-1,2006
26797,Venezuela,Uruguay,1,2006
26798,Haiti,Curaçao,1,2006
26799,Bahrain,Iraq,-1,2006
26800,Monaco,Vatican City,-1,2006
26801,Nigeria,Egypt,-1,2006
26802,Cayman Islands,Cuba,-1,2006
26803,Martinique,Dominican Republic,1,2006
26804,Sri Lanka,Vietnam,-1,2006
26805,Cayman Islands,Dominican Republic,1,2006
26806,Jordan,Malaysia,1,2006
26807,Martinique,Cuba,-1,2006
26808,Sri Lanka,Vietnam,-1,2006
26809,Jordan,Singapore,1,2006
26810,Rwanda,Zanzibar,1,2006
26811,Tanzania,Kenya,1,2006
26812,Burundi,Eritrea,-1,2006
26813,Cayman Islands,Martinique,-1,2006
26814,Dominican Republic,Cuba,-1,2006
26815,Somalia,Uganda,-1,2006
26816,Sri Lanka,Vietnam,-1,2006
26817,Ethiopia,Zanzibar,-1,2006
26818,Tanzania,Sudan,-1,2006
26819,Kenya,Burundi,-1,2006
26820,Somalia,Rwanda,-1,2006
26821,Eritrea,Sudan,1,2006
26822,Uganda,Ethiopia,1,2006
26823,Tanzania,Burundi,1,2006
26824,Zanzibar,Somalia,1,2006
26825,Kenya,Eritrea,1,2006
26826,Uganda,Rwanda,1,2006
26827,Bahrain,Jordan,-1,2006
26828,China PR,Syria,1,2006
26829,Ethiopia,Somalia,-1,2006
26830,Sudan,Burundi,1,2006
26831,Tanzania,Eritrea,-1,2006
26832,Thailand,Vietnam,1,2006
26833,Zanzibar,Uganda,-1,2006
26834,Bahrain,Syria,-1,2006
26835,China PR,Jordan,-1,2006
26836,Rwanda,Ethiopia,1,2006
26837,Sudan,Kenya,-1,2006
26838,Chile,Palestine,1,2006
26839,Malaysia,Cambodia,1,2006
26840,Singapore,Philippines,1,2006
26841,Tanzania,Rwanda,1,2006
26842,Bahrain,China PR,-1,2006
26843,Jordan,Syria,1,2006
26844,Uganda,Kenya,-1,2006
26845,Saudi Arabia,Lebanon,-1,2006
26846,Botswana,Zambia,1,2006
26847,Rwanda,Uganda,1,2006
26848,Tanzania,Kenya,-1,2006
26849,Ghana,Nigeria,-1,2006
26850,Indonesia,Myanmar,-1,2006
26851,Vietnam,Cambodia,1,2006
26852,Palestine,Jordan,-1,2006
26853,United Arab Emirates,Egypt,-1,2006
26854,Indonesia,Cambodia,1,2006
26855,Philippines,Myanmar,-1,2006
26856,Saudi Arabia,Bahrain,1,2006
26857,Yemen,Syria,-1,2006
26858,Kuwait,Sudan,1,2006
26859,Singapore,Malaysia,-1,2006
26860,Thailand,Laos,1,2006
26861,Bahrain,Syria,1,2006
26862,Myanmar,Cambodia,1,2006
26863,Saudi Arabia,Lebanon,1,2006
26864,Vietnam,Philippines,1,2006
26865,Jordan,Sudan,1,2006
26866,Singapore,Laos,1,2006
26867,Thailand,Malaysia,-1,2006
26868,Bahrain,Yemen,1,2006
26869,Cambodia,Philippines,1,2006
26870,Indonesia,Vietnam,-1,2006
26871,Syria,Lebanon,1,2006
26872,Egypt,Ghana,-1,2006
26873,Malaysia,Laos,-1,2006
26874,Singapore,Thailand,-1,2006
26875,Myanmar,Vietnam,-1,2006
26876,Indonesia,Philippines,1,2006
26877,Kuwait,Jordan,-1,2006
26878,Sudan,Palestine,-1,2006
26879,Lebanon,Yemen,1,2006
26880,Syria,Saudi Arabia,-1,2006
26881,Kuwait,Palestine,-1,2006
26882,Lebanon,Bahrain,-1,2006
26883,Yemen,Saudi Arabia,-1,2006
26884,Indonesia,Malaysia,1,2006
26885,Niger,Burkina Faso,-1,2006
26886,Vietnam,Thailand,-1,2006
26887,Andalusia,Chile,1,2006
26888,Jordan,Bahrain,-1,2006
26889,Basque Country,North Macedonia,-1,2006
26890,Catalonia,China PR,1,2006
26891,Indonesia,Thailand,-1,2006
26892,Niger,Mali,-1,2006
26893,Vietnam,Malaysia,1,2006
26894,Saudi Arabia,Bahrain,1,2006
26895,India,Pakistan,-1,2006
26896,Sri Lanka,Afghanistan,1,2006
26897,Bangladesh,Nepal,1,2006
26898,Maldives,Bhutan,1,2006
26899,Afghanistan,India,-1,2006
26900,Barbados,Jamaica,1,2006
26901,Pakistan,Sri Lanka,1,2006
26902,Bangladesh,Maldives,1,2006
26903,Nepal,Bhutan,1,2006
26904,Afghanistan,Pakistan,-1,2006
26905,India,Sri Lanka,-1,2006
26906,Bangladesh,Bhutan,1,2006
26907,Nepal,Maldives,-1,2006
26908,El Salvador,Guatemala,-1,2006
26909,Bangladesh,India,1,2006
26910,Pakistan,Maldives,-1,2006
26911,United States,Canada,1,2006
26912,El Salvador,Guatemala,-1,2006
26913,Bangladesh,Maldives,-1,2006
26914,Pakistan,India,-1,2006
26915,Uganda,Algeria,-1,2006
26916,Barbados,Finland,-1,2006
26917,Ghana,Benin,1,2006
26918,United Arab Emirates,Norway,-1,2006
26919,Oman,Norway,-1,2006
26920,Cyprus,Greece,-1,2006
26921,Trinidad and Tobago,Finland,-1,2006
26922,Honduras,Argentina,-1,2006
26923,Mexico,Argentina,-1,2006
26924,Uruguay,Iran,-1,2006
26925,United States,Argentina,-1,2006
26926,Croatia,North Macedonia,-1,2006
26927,Ecuador,Estonia,1,2006
26928,Panama,El Salvador,-1,2006
26929,Cameroon,Ivory Coast,-1,2006
26930,Costa Rica,El Salvador,1,2006
26931,Honduras,Nicaragua,1,2006
26932,Albania,Vietnam,1,2006
26933,Algeria,Belgium,-1,2006
26934,Barbados,Martinique,-1,2006
26935,Bulgaria,Hungary,1,2006
26936,China PR,Brazil,-1,2006
26937,Croatia,Poland,-1,2006
26938,Cyprus,Russia,-1,2006
26939,Ecuador,Estonia,1,2006
26940,Egypt,Denmark,-1,2006
26941,England,Australia,-1,2006
26942,France,Czech Republic,-1,2006
26943,Georgia,Moldova,-1,2006
26944,Greece,Norway,1,2006
26945,Guinea,Mali,-1,2006
26946,Israel,Armenia,1,2006
26947,Italy,Portugal,1,2006
26948,Jamaica,United States,-1,2006
26949,Latvia,Lithuania,1,2006
26950,Libya,Canada,-1,2006
26951,Malta,Kazakhstan,-1,2006
26952,Mexico,Colombia,-1,2006
26953,Morocco,Senegal,1,2006
26954,Netherlands,Argentina,1,2006
26955,Northern Ireland,Finland,-1,2006
26956,Romania,Slovakia,1,2006
26957,Scotland,Republic of Ireland,-1,2006
26958,Serbia,Azerbaijan,-1,2006
26959,Slovenia,Switzerland,-1,2006
26960,Spain,Germany,1,2006
26961,Tunisia,Sweden,1,2006
26962,Turkey,Ukraine,-1,2006
26963,Wales,Bosnia and Herzegovina,-1,2006
26964,Costa Rica,Guatemala,-1,2006
26965,Cyprus,Slovakia,-1,2006
26966,El Salvador,Nicaragua,1,2006
26967,North Macedonia,Poland,-1,2006
26968,Benin,Ghana,1,2006
26969,Costa Rica,Nicaragua,1,2006
26970,Honduras,El Salvador,-1,2006
26971,China PR,Estonia,1,2006
26972,Gambia,Nigeria,-1,2006
26973,Panama,Guatemala,1,2006
26974,Qatar,Sweden,-1,2006
26975,Thailand,North Korea,-1,2006
26976,Guatemala,Nicaragua,1,2006
26977,North Korea,Sweden,-1,2006
26978,Panama,Honduras,-1,2006
26979,Thailand,Qatar,-1,2006
26980,Costa Rica,Honduras,1,2006
26981,El Salvador,Guatemala,-1,2006
26982,North Korea,Qatar,-1,2006
26983,Thailand,Sweden,-1,2006
26984,Panama,Nicaragua,-1,2006
26985,Hong Kong,Taiwan,1,2006
26986,North Korea,Sweden,-1,2006
26987,Macau,Mongolia,1,2006
26988,Madagascar,Mauritius,1,2006
26989,Malawi,DR Congo,-1,2006
26990,Thailand,Qatar,1,2006
26991,Guatemala,Honduras,1,2006
26992,Malawi,DR Congo,-1,2006
26993,Panama,Costa Rica,-1,2006
26994,Peru,Haiti,1,2006
26995,Hong Kong,Macau,1,2006
26996,Mongolia,Guam,1,2006
26997,Guam,Macau,-1,2006
26998,Guam,Taiwan,-1,2006
26999,Hong Kong,Mongolia,1,2006
27000,Hong Kong,Guam,1,2006
27001,Macau,Taiwan,-1,2006
27002,Singapore,Maldives,1,2006
27003,Sudan,DR Congo,-1,2006
27004,Israel,Moldova,-1,2006
27005,Benin,Niger,-1,2006
27006,Botswana,Lesotho,-1,2006
27007,DR Congo,Congo,1,2006
27008,Cuba,Jamaica,-1,2006
27009,Tanzania,Uganda,-1,2006
27010,Cuba,Jamaica,1,2006
27011,Martinique,French Guiana,1,2006
27012,Namibia,Botswana,-1,2006
27013,Guadeloupe,French Guiana,-1,2006
27014,Kenya,Uganda,-1,2006
27015,Rwanda,Burundi,1,2006
27016,Kyrgyzstan,Afghanistan,-1,2006
27017,Lesotho,DR Congo,-1,2006
27018,Zimbabwe,Malawi,-1,2006
27019,Nepal,Afghanistan,1,2006
27020,Egypt,Qatar,1,2006
27021,Mexico,Bolivia,1,2006
27022,Eswatini,Lesotho,1,2006
27023,Nepal,Kyrgyzstan,-1,2006
27024,Macau,Pakistan,-1,2006
27025,Maldives,Brunei,-1,2006
27026,Sri Lanka,Timor-Leste,1,2006
27027,Mozambique,Lesotho,-1,2006
27028,Rwanda,Zambia,-1,2006
27029,Alderney,Guernsey,-1,2006
27030,Benin,Equatorial Guinea,1,2006
27031,Myanmar,Brunei,1,2006
27032,Jamaica,Barbados,1,2006
27033,Kenya,Tanzania,1,2006
27034,Singapore,Macau,1,2006
27035,North Korea,India,1,2006
27036,Rwanda,Zambia,-1,2006
27037,Hong Kong,Laos,1,2006
27038,Maldives,Myanmar,-1,2006
27039,Singapore,Pakistan,1,2006
27040,Sri Lanka,Taiwan,1,2006
27041,Austria,Greece,-1,2006
27042,Burundi,Burkina Faso,-1,2006
27043,Guadeloupe,Cuba,-1,2006
27044,Haiti,Martinique,1,2006
27045,Jamaica,Saint Lucia,1,2006
27046,Mexico,Paraguay,-1,2006
27047,Trinidad and Tobago,Antigua and Barbuda,1,2006
27048,Cameroon,Madagascar,1,2006
27049,Laos,Bangladesh,1,2006
27050,Serbia,Bulgaria,-1,2006
27051,Tunisia,Ghana,-1,2006
27052,Cuba,Antigua and Barbuda,1,2006
27053,Jamaica,Martinique,-1,2006
27054,Japan,Uruguay,-1,2006
27055,Saint Lucia,Haiti,1,2006
27056,Trinidad and Tobago,Guadeloupe,1,2006
27057,Albania,Russia,1,2006
27058,Angola,Algeria,-1,2006
27059,Armenia,Northern Ireland,1,2006
27060,Belarus,Moldova,1,2006
27061,Bosnia and Herzegovina,Luxembourg,1,2006
27062,Cape Verde,Togo,1,2006
27063,Costa Rica,Paraguay,1,2006
27064,Croatia,Belgium,1,2006
27065,Cyprus,Israel,-1,2006
27066,Estonia,Canada,1,2006
27067,France,Malta,1,2006
27068,Gabon,Equatorial Guinea,1,2006
27069,Georgia,Republic of Ireland,-1,2006
27070,Germany,Lithuania,-1,2006
27071,Italy,Finland,1,2006
27072,Kenya,Mauritania,1,2006
27073,South Korea,Colombia,-1,2006
27074,Liechtenstein,England,-1,2006
27075,North Macedonia,Slovakia,-1,2006
27076,Malawi,Nigeria,-1,2006
27077,Mauritius,Egypt,-1,2006
27078,Netherlands,Czech Republic,-1,2006
27079,Poland,Hungary,-1,2006
27080,Portugal,Brazil,1,2006
27081,Romania,Denmark,-1,2006
27082,Rwanda,Uganda,-1,2006
27083,Scotland,Iceland,1,2006
27084,Sierra Leone,Morocco,-1,2006
27085,South Africa,Madagascar,1,2006
27086,Sudan,Benin,1,2006
27087,Tanzania,Zambia,-1,2006
27088,Ukraine,Spain,-1,2006
27089,United States,Venezuela,1,2006
27090,Wales,Azerbaijan,1,2006
27091,Burundi,Ivory Coast,-1,2006
27092,Chad,Namibia,1,2006
27093,Chile,Peru,1,2006
27094,Eritrea,Mali,-1,2006
27095,Ethiopia,Liberia,1,2006
27096,Gambia,Senegal,-1,2006
27097,Ghana,Madagascar,-1,2006
27098,Guadeloupe,Antigua and Barbuda,1,2006
27099,Guinea,Niger,1,2006
27100,Hong Kong,Bangladesh,-1,2006
27101,India,North Korea,-1,2006
27102,Jamaica,Haiti,1,2006
27103,Libya,Botswana,-1,2006
27104,Mozambique,Burkina Faso,1,2006
27105,Saint Lucia,Martinique,-1,2006
27106,Eswatini,DR Congo,-1,2006
27107,Trinidad and Tobago,Cuba,-1,2006
27108,Tunisia,Cameroon,1,2006
27109,Zimbabwe,Seychelles,1,2006
27110,Albania,Republic of Ireland,-1,2006
27111,Belarus,Uzbekistan,-1,2006
27112,Croatia,Andorra,1,2006
27113,Czech Republic,Austria,1,2006
27114,Denmark,Bosnia and Herzegovina,-1,2006
27115,England,Turkey,1,2006
27116,Estonia,Bulgaria,-1,2006
27117,Georgia,Switzerland,-1,2006
27118,Honduras,Paraguay,-1,2006
27119,Hungary,Sweden,-1,2006
27120,Israel,France,-1,2006
27121,Lithuania,Scotland,1,2006
27122,Luxembourg,Norway,-1,2006
27123,North Macedonia,Portugal,-1,2006
27124,Moldova,Netherlands,-1,2006
27125,Northern Ireland,Greece,-1,2006
27126,Peru,Chile,1,2006
27127,Poland,San Marino,1,2006
27128,Slovakia,Liechtenstein,1,2006
27129,Slovenia,Cyprus,1,2006
27130,Spain,Armenia,1,2006
27131,Ukraine,Latvia,1,2006
27132,Venezuela,Jamaica,1,2006
27133,South Korea,Japan,-1,2006
27134,Zimbabwe,Angola,1,2006
27135,Bhutan,Guam,1,2006
27136,Martinique,Trinidad and Tobago,1,2006
27137,Algeria,Madagascar,1,2006
27138,Guam,Mongolia,-1,2006
27139,Trinidad and Tobago,Honduras,-1,2006
27140,Bhutan,Mongolia,-1,2006
27141,Faroe Islands,Kazakhstan,1,2006
27142,Madagascar,Mali,-1,2006
27143,Martinique,Honduras,-1,2006
27144,Faroe Islands,Kazakhstan,1,2006
27145,Andorra,Estonia,-1,2006
27146,Belgium,Poland,1,2006
27147,Bulgaria,Albania,1,2006
27148,Chile,Costa Rica,1,2006
27149,Czech Republic,Turkey,1,2006
27150,Denmark,Ukraine,1,2006
27151,Finland,Iceland,1,2006
27152,France,Egypt,1,2006
27153,Georgia,Russia,1,2006
27154,Germany,Serbia,1,2006
27155,Honduras,Colombia,-1,2006
27156,Hungary,Luxembourg,1,2006
27157,Republic of Ireland,Norway,1,2006
27158,Israel,Cyprus,1,2006
27159,Latvia,San Marino,1,2006
27160,Libya,Argentina,-1,2006
27161,Liechtenstein,Saudi Arabia,1,2006
27162,Lithuania,Romania,-1,2006
27163,Malta,Slovenia,-1,2006
27164,Mexico,Brazil,-1,2006
27165,Morocco,Ivory Coast,-1,2006
27166,Netherlands,Portugal,-1,2006
27167,Peru,Paraguay,-1,2006
27168,Scotland,Austria,-1,2006
27169,Slovakia,Greece,-1,2006
27170,South Africa,Jamaica,-1,2006
27171,Spain,Ecuador,1,2006
27172,Sweden,Croatia,-1,2006
27173,Switzerland,Italy,-1,2006
27174,Tunisia,Senegal,1,2006
27175,Uzbekistan,Belarus,-1,2006
27176,Venezuela,Trinidad and Tobago,1,2006
27177,Fiji,Tuvalu,1,2006
27178,Congo,Central African Republic,1,2006
27179,Guernsey,Jersey,-1,2006
27180,United States,Mexico,-1,2006
27181,Lesotho,Botswana,-1,2006
27182,Malawi,Zambia,-1,2006
27183,Jersey,Guernsey,1,2006
27184,Lesotho,Malawi,-1,2006
27185,Uganda,Sudan,-1,2006
27186,Norway,Finland,1,2006
27187,South Africa,England,-1,2006
27188,Botswana,Malawi,-1,2006
27189,Sudan,Kenya,-1,2006
27190,Jamaica,Nigeria,1,2006
27191,Lesotho,Eswatini,1,2006
27192,Togo,Benin,1,2006
27193,United States,Wales,1,2006
27194,Scotland,New Zealand,-1,2006
27195,Algeria,Burkina Faso,-1,2006
27196,Nigeria,Ghana,1,2006
27197,Gabon,Angola,-1,2006
27198,Gambia,Mauritania,1,2006
27199,Japan,South Korea,-1,2006
27200,Kenya,Trinidad and Tobago,-1,2006
27201,Senegal,Cape Verde,1,2006
27202,Uganda,Tanzania,1,2006
27203,Germany,Canada,1,2006
27204,England,Serbia,1,2006
27205,Guadeloupe,French Guiana,1,2006
27206,Italy,Northern Ireland,1,2006
27207,Uganda,Libya,1,2006
27208,Mauritania,Kenya,-1,2006
27209,Poland,Kazakhstan,1,2006
27210,Portugal,Paraguay,-1,2006
27211,Belarus,Netherlands,-1,2006
27212,Botswana,Libya,-1,2006
27213,Bulgaria,Belgium,-1,2006
27214,Burkina Faso,Mozambique,1,2006
27215,Denmark,Norway,1,2006
27216,Estonia,Andorra,1,2006
27217,Finland,Serbia,1,2006
27218,Hungary,Latvia,1,2006
27219,Iceland,Faroe Islands,1,2006
27220,Republic of Ireland,Albania,1,2006
27221,Israel,Slovenia,-1,2006
27222,North Macedonia,Liechtenstein,1,2006
27223,Mali,Eritrea,1,2006
27224,Malta,Cyprus,-1,2006
27225,Moldova,Austria,1,2006
27226,Namibia,Chad,1,2006
27227,Niger,Guinea,1,2006
27228,Nigeria,Malawi,1,2006
27229,Romania,Bosnia and Herzegovina,1,2006
27230,San Marino,Sweden,-1,2006
27231,Scotland,Germany,-1,2006
27232,Senegal,Gambia,1,2006
27233,Seychelles,Zimbabwe,1,2006
27234,Slovakia,Turkey,-1,2006
27235,Spain,Greece,-1,2006
27236,Switzerland,Russia,-1,2006
27237,Uganda,Rwanda,-1,2006
27238,Ukraine,Armenia,1,2006
27239,Venezuela,Honduras,1,2006
27240,Zambia,Tanzania,1,2006
27241,Benin,Sudan,1,2006
27242,Central African Republic,Congo,-1,2006
27243,Colombia,Ecuador,-1,2006
27244,DR Congo,Eswatini,1,2006
27245,Costa Rica,Chile,1,2006
27246,Egypt,Mauritius,1,2006
27247,Equatorial Guinea,Gabon,1,2006
27248,Ivory Coast,Burundi,1,2006
27249,Japan,Argentina,-1,2006
27250,South Korea,Uruguay,-1,2006
27251,Liberia,Ethiopia,1,2006
27252,Morocco,Sierra Leone,1,2006
27253,Togo,Cape Verde,1,2006
27254,United States,New Zealand,1,2006
27255,Botswana,Trinidad and Tobago,-1,2006
27256,Portugal,Bolivia,1,2006
27257,Austria,Belarus,1,2006
27258,Azerbaijan,Serbia,1,2006
27259,Belgium,Andorra,1,2006
27260,Czech Republic,Moldova,1,2006
27261,Ecuador,Peru,-1,2006
27262,England,Slovakia,1,2006
27263,Estonia,Croatia,-1,2006
27264,Faroe Islands,Germany,-1,2006
27265,Finland,Italy,-1,2006
27266,Greece,Ukraine,1,2006
27267,Honduras,Chile,-1,2006
27268,Republic of Ireland,Georgia,1,2006
27269,Japan,Paraguay,-1,2006
27270,South Korea,Argentina,-1,2006
27271,Lithuania,Iceland,-1,2006
27272,Luxembourg,Denmark,-1,2006
27273,Nigeria,Brazil,-1,2006
27274,Northern Ireland,Spain,-1,2006
27275,Norway,Romania,-1,2006
27276,San Marino,Hungary,-1,2006
27277,Sweden,Poland,1,2006
27278,Switzerland,Albania,1,2006
27279,Turkey,North Macedonia,1,2006
27280,Andorra,Gabon,-1,2006
27281,Ghana,Kenya,-1,2006
27282,Papua New Guinea,Solomon Islands,-1,2006
27283,Senegal,Lesotho,1,2006
27284,South Africa,Trinidad and Tobago,1,2006
27285,France,Colombia,1,2006
27286,New Zealand,Japan,-1,2006
27287,Brazil,Cameroon,-1,2006
27288,Turkey,United States,1,2006
27289,Algeria,Namibia,1,2006
27290,Colombia,New Zealand,1,2006
27291,Egypt,Madagascar,1,2006
27292,France,Japan,1,2006
27293,Morocco,Gabon,1,2006
27294,Brazil,United States,1,2006
27295,Burkina Faso,Congo,1,2006
27296,Cameroon,Turkey,1,2006
27297,Cape Verde,Mauritania,1,2006
27298,Eritrea,Seychelles,1,2006
27299,Liberia,Guinea,-1,2006
27300,Nigeria,Angola,-1,2006
27301,Zambia,Sudan,-1,2006
27302,DR Congo,Libya,1,2006
27303,Ethiopia,Niger,1,2006
27304,France,New Zealand,1,2006
27305,Ghana,Uganda,-1,2006
27306,Guatemala,Honduras,-1,2006
27307,Japan,Colombia,-1,2006
27308,Mali,Zimbabwe,-1,2006
27309,Mozambique,Central African Republic,1,2006
27310,Sierra Leone,Equatorial Guinea,1,2006
27311,South Africa,Ivory Coast,1,2006
27312,Eswatini,Botswana,1,2006
27313,Tanzania,Benin,-1,2006
27314,Togo,Kenya,1,2006
27315,Brazil,Turkey,-1,2006
27316,United States,Cameroon,-1,2006
27317,Cameroon,Colombia,1,2006
27318,France,Turkey,1,2006
27319,Peru,Venezuela,1,2006
27320,Panama,Cuba,1,2006
27321,Colombia,Turkey,-1,2006
27322,France,Cameroon,1,2006
27323,Honduras,El Salvador,-1,2006
27324,Panama,Cuba,1,2006
27325,Saare County,Ynys Môn,-1,2006
27326,Frøya,Jersey,-1,2006
27327,Shetland,Gotland,-1,2006
27328,Guernsey,Alderney,1,2006
27329,Gibraltar,Sark,1,2006
27330,Isle of Wight,Greenland,-1,2006
27331,Fiji,Vanuatu,-1,2006
27332,Papua New Guinea,New Caledonia,-1,2006
27333,Tahiti,Micronesia,1,2006
27334,Tuvalu,Kiribati,1,2006
27335,Isle of Man,Saare County,1,2006
27336,Gotland,Frøya,-1,2006
27337,Jersey,Shetland,1,2006
27338,Guernsey,Orkney,1,2006
27339,Sark,Isle of Wight,-1,2006
27340,Gibraltar,Greenland,1,2006
27341,Fiji,Tuvalu,1,2006
27342,Micronesia,New Caledonia,-1,2006
27343,Papua New Guinea,Tonga,-1,2006
27344,Solomon Islands,Vanuatu,-1,2006
27345,Ynys Môn,Isle of Man,-1,2006
27346,Shetland,Frøya,1,2006
27347,Jersey,Gotland,-1,2006
27348,Orkney,Alderney,1,2006
27349,Isle of Wight,Gibraltar,1,2006
27350,Greenland,Sark,1,2006
27351,El Salvador,Paraguay,-1,2006
27352,Guatemala,Peru,-1,2006
27353,Estonia,Lithuania,-1,2006
27354,Solomon Islands,Kiribati,1,2006
27355,Tahiti,Papua New Guinea,1,2006
27356,Tonga,New Caledonia,-1,2006
27357,Trinidad and Tobago,Venezuela,-1,2006
27358,Tuvalu,Vanuatu,-1,2006
27359,Frøya,Sark,1,2006
27360,Alderney,Greenland,-1,2006
27361,Gotland,Saare County,1,2006
27362,Orkney,Gibraltar,-1,2006
27363,Isle of Man,Jersey,1,2006
27364,Guernsey,Isle of Wight,1,2006
27365,Latvia,Lithuania,1,2006
27366,Saare County,Alderney,-1,2006
27367,Gotland,Greenland,1,2006
27368,Orkney,Shetland,-1,2006
27369,Gibraltar,Ynys Môn,-1,2006
27370,Jersey,Isle of Wight,1,2006
27371,Guernsey,Isle of Man,1,2006
27372,Botswana,DR Congo,-1,2006
27373,Estonia,Latvia,-1,2006
27374,Fiji,Kiribati,1,2006
27375,Kenya,Cape Verde,1,2006
27376,Libya,Eswatini,1,2006
27377,Mauritania,Togo,-1,2006
27378,Niger,Liberia,1,2006
27379,Seychelles,Mali,-1,2006
27380,Tahiti,New Caledonia,-1,2006
27381,Tonga,Micronesia,1,2006
27382,Tuvalu,Solomon Islands,-1,2006
27383,Zimbabwe,Eritrea,1,2006
27384,Angola,Malawi,1,2006
27385,Benin,Zambia,1,2006
27386,Burundi,South Africa,-1,2006
27387,Central African Republic,Burkina Faso,-1,2006
27388,Chad,Algeria,-1,2006
27389,Congo,Mozambique,-1,2006
27390,El Salvador,Mexico,1,2006
27391,Equatorial Guinea,Morocco,-1,2006
27392,Gabon,Sierra Leone,1,2006
27393,Guinea,Ethiopia,1,2006
27394,Jamaica,Cuba,-1,2006
27395,Lesotho,Gambia,1,2006
27396,Madagascar,Mauritius,-1,2006
27397,Rwanda,Ghana,1,2006
27398,Sudan,Tanzania,1,2006
27399,United States,Paraguay,1,2006
27400,Fiji,Solomon Islands,1,2006
27401,Kiribati,Vanuatu,-1,2006
27402,Papua New Guinea,Micronesia,1,2006
27403,Tahiti,Tonga,1,2006
27404,El Salvador,Guatemala,-1,2006
27405,Fiji,Tahiti,1,2006
27406,Jamaica,Paraguay,1,2006
27407,New Caledonia,Vanuatu,-1,2006
27408,Fiji,New Caledonia,1,2006
27409,Tahiti,Vanuatu,-1,2006
27410,Costa Rica,Canada,-1,2006
27411,United States,El Salvador,1,2006
27412,Jamaica,Colombia,-1,2006
27413,Mexico,Brazil,1,2006
27414,Eswatini,Madagascar,1,2006
27415,Canada,Cuba,-1,2006
27416,United States,Martinique,1,2006
27417,Brazil,Honduras,1,2006
27418,Guatemala,Jamaica,-1,2006
27419,Argentina,Uruguay,-1,2006
27420,Cuba,Costa Rica,-1,2006
27421,El Salvador,Martinique,1,2006
27422,Colombia,Guatemala,-1,2006
27423,Mexico,Honduras,-1,2006
27424,Colombia,Brazil,-1,2006
27425,Costa Rica,El Salvador,1,2006
27426,South Africa,Zimbabwe,-1,2006
27427,United States,Cuba,1,2006
27428,Mexico,Jamaica,1,2006
27429,United States,Brazil,-1,2006
27430,Mexico,Costa Rica,1,2006
27431,Peru,Uruguay,-1,2006
27432,Nigeria,Venezuela,1,2006
27433,United States,Costa Rica,1,2006
27434,Zambia,Mozambique,1,2006
27435,Mexico,Brazil,1,2006
27436,Saint Kitts and Nevis,Haiti,1,2006
27437,Uruguay,Peru,1,2006
27438,Haiti,Trinidad and Tobago,1,2006
27439,Saint Kitts and Nevis,Trinidad and Tobago,-1,2006
27440,Singapore,Hong Kong,1,2006
27441,Iran,Iraq,-1,2006
27442,Iraq,Uruguay,-1,2006
27443,Malawi,Zambia,-1,2006
27444,Mayotte,Réunion,-1,2006
27445,Republic of Ireland,Australia,1,2006
27446,Luxembourg,Malta,-1,2006
27447,Angola,DR Congo,-1,2006
27448,Argentina,Uruguay,1,2006
27449,Austria,Costa Rica,1,2006
27450,Belarus,Iran,1,2006
27451,Belgium,Netherlands,-1,2006
27452,Bulgaria,Lithuania,1,2006
27453,China PR,Chile,-1,2006
27454,Colombia,Slovakia,-1,2006
27455,Denmark,Finland,-1,2006
27456,Ecuador,Guatemala,1,2006
27457,England,Croatia,1,2006
27458,Estonia,Poland,-1,2006
27459,Faroe Islands,Iceland,-1,2006
27460,Germany,Italy,-1,2006
27461,Japan,Nigeria,1,2006
27462,Latvia,Uzbekistan,-1,2006
27463,Liechtenstein,San Marino,-1,2006
27464,North Macedonia,Albania,1,2006
27465,Mexico,Peru,-1,2006
27466,Norway,Scotland,-1,2006
27467,Panama,Paraguay,-1,2006
27468,Portugal,Kazakhstan,1,2006
27469,Russia,Israel,-1,2006
27470,Serbia,Wales,1,2006
27471,Slovenia,Hungary,1,2006
27472,Sweden,Greece,-1,2006
27473,Switzerland,France,-1,2006
27474,Tunisia,Guinea,-1,2006
27475,Turkey,Moldova,1,2006
27476,Ukraine,Romania,-1,2006
27477,Venezuela,Haiti,1,2006
27478,Lebanon,Syria,1,2006
27479,Jordan,Iraq,1,2006
27480,Peru,Guatemala,-1,2006
27481,Seychelles,Madagascar,-1,2006
27482,Mauritius,Madagascar,1,2006
27483,Réunion,Comoros,1,2006
27484,Bolivia,Panama,1,2006
27485,Haiti,China PR,1,2006
27486,Zimbabwe,Eswatini,1,2006
27487,Mauritius,Seychelles,-1,2006
27488,Comoros,Réunion,-1,2006
27489,Algeria,Qatar,1,2006
27490,North Korea,Lebanon,-1,2006
27491,Singapore,Kuwait,-1,2006
27492,Mauritius,Comoros,1,2006
27493,Réunion,Seychelles,1,2006
27494,Iran,Jordan,1,2006
27495,Andorra,Croatia,-1,2006
27496,Argentina,Chile,-1,2006
27497,Armenia,Greece,-1,2006
27498,Azerbaijan,Finland,-1,2006
27499,Belarus,Czech Republic,-1,2006
27500,Bosnia and Herzegovina,Norway,1,2006
27501,Bulgaria,Estonia,1,2006
27502,Ecuador,Venezuela,1,2006
27503,France,Cyprus,1,2006
27504,Georgia,Albania,1,2006
27505,Iceland,Germany,-1,2006
27506,Republic of Ireland,Russia,-1,2006
27507,Italy,Wales,1,2006
27508,Latvia,Poland,-1,2006
27509,Liechtenstein,Turkey,-1,2006
27510,North Macedonia,England,-1,2006
27511,Netherlands,Austria,1,2006
27512,Peru,Paraguay,1,2006
27513,Portugal,Spain,-1,2006
27514,Romania,Luxembourg,1,2006
27515,Scotland,Faroe Islands,1,2006
27516,Slovenia,Israel,1,2006
27517,Eswatini,Botswana,-1,2006
27518,Sweden,San Marino,1,2006
27519,Ukraine,Northern Ireland,-1,2006
27520,Seychelles,Comoros,1,2006
27521,Mauritius,Réunion,1,2006
27522,Angola,Namibia,1,2006
27523,Australia,Jamaica,1,2006
27524,Colombia,Brazil,-1,2006
27525,Costa Rica,China PR,1,2006
27526,Uruguay,Bolivia,1,2006
27527,Chile,Peru,1,2006
27528,Republic of Ireland,Turkey,-1,2006
27529,Venezuela,Argentina,-1,2006
27530,Albania,Georgia,1,2006
27531,Andorra,Bulgaria,-1,2006
27532,Belgium,Croatia,1,2006
27533,Bolivia,Colombia,1,2006
27534,Brazil,Ecuador,1,2006
27535,Czech Republic,Netherlands,1,2006
27536,Denmark,Romania,-1,2006
27537,England,Liechtenstein,1,2006
27538,Faroe Islands,Lithuania,-1,2006
27539,Germany,Scotland,1,2006
27540,Israel,Malta,-1,2006
27541,Japan,Senegal,-1,2006
27542,Latvia,Hungary,1,2006
27543,Luxembourg,Bosnia and Herzegovina,-1,2006
27544,Moldova,Belarus,1,2006
27545,Morocco,Trinidad and Tobago,1,2006
27546,Northern Ireland,Armenia,-1,2006
27547,Norway,Portugal,-1,2006
27548,Oman,Bahrain,1,2006
27549,Paraguay,Uruguay,1,2006
27550,Poland,Sweden,-1,2006
27551,Russia,Switzerland,1,2006
27552,Serbia,Italy,-1,2006
27553,Slovakia,North Macedonia,-1,2006
27554,Slovenia,France,-1,2006
27555,Spain,Ukraine,1,2006
27556,Tunisia,Ivory Coast,1,2006
27557,Wales,Finland,-1,2006
27558,Kuwait,Qatar,1,2006
27559,Rwanda,Kenya,-1,2006
27560,Singapore,Oman,-1,2006
27561,Yemen,Sudan,1,2006
27562,Bahrain,Lebanon,1,2006
27563,Jordan,Syria,-1,2006
27564,Yemen,Sudan,-1,2006
27565,Namibia,Angola,-1,2006
27566,Qatar,Kuwait,-1,2006
27567,Algeria,Gabon,-1,2006
27568,Benin,Burkina Faso,-1,2006
27569,Qatar,Palestine,-1,2006
27570,South Korea,Vietnam,1,2006
27571,Nepal,Oman,-1,2006
27572,Algeria,Burkina Faso,-1,2006
27573,Benin,Gabon,-1,2006
27574,Jordan,Iran,1,2006
27575,Malaysia,Indonesia,-1,2006
27576,South Korea,Oman,1,2006
27577,Kuwait,Singapore,1,2006
27578,Malawi,Zimbabwe,-1,2006
27579,Qatar,Palestine,1,2006
27580,Syria,Yemen,1,2006
27581,Vietnam,Nepal,1,2006
27582,South Korea,Nepal,1,2006
27583,Vietnam,Oman,-1,2006
27584,Saudi Arabia,Syria,-1,2006
27585,Lesotho,Eswatini,1,2006
27586,Kuwait,Palestine,1,2006
27587,Zimbabwe,Malawi,1,2006
27588,Indonesia,Bhutan,1,2006
27589,Saudi Arabia,Yemen,1,2006
27590,Iraq,Bahrain,1,2006
27591,Kuwait,Palestine,1,2006
27592,Lesotho,South Africa,-1,2006
27593,Malaysia,Myanmar,1,2006
27594,Oman,Jordan,1,2006
27595,Saudi Arabia,Bhutan,1,2006
27596,Tunisia,Japan,-1,2006
27597,Yemen,Indonesia,-1,2006
27598,Bhutan,Yemen,-1,2006
27599,Myanmar,Bahrain,-1,2006
27600,Egypt,Senegal,1,2006
27601,Guinea-Bissau,Mali,-1,2006
27602,Malaysia,Iraq,-1,2006
27603,Saudi Arabia,Indonesia,1,2006
27604,Armenia,Spain,-1,2006
27605,Austria,Czech Republic,-1,2006
27606,Belgium,Estonia,1,2006
27607,Bolivia,Honduras,1,2006
27608,Bosnia and Herzegovina,Denmark,-1,2006
27609,Botswana,Lesotho,1,2006
27610,Croatia,Bulgaria,1,2006
27611,Cyprus,Slovenia,-1,2006
27612,Equatorial Guinea,Togo,1,2006
27613,Finland,Canada,1,2006
27614,France,Israel,1,2006
27615,Germany,Iceland,1,2006
27616,Greece,Northern Ireland,1,2006
27617,Hungary,Poland,-1,2006
27618,Italy,Azerbaijan,1,2006
27619,Liechtenstein,Slovakia,-1,2006
27620,Madagascar,Benin,-1,2006
27621,Netherlands,Moldova,1,2006
27622,Niger,Algeria,-1,2006
27623,Norway,Luxembourg,1,2006
27624,Portugal,Albania,1,2006
27625,Romania,Japan,-1,2006
27626,Russia,Georgia,1,2006
27627,São Tomé and Príncipe,Libya,-1,2006
27628,Scotland,Lithuania,1,2006
27629,Seychelles,Zambia,-1,2006
27630,South Africa,Costa Rica,1,2006
27631,Sweden,Latvia,-1,2006
27632,Switzerland,Republic of Ireland,1,2006
27633,Tanzania,Kenya,-1,2006
27634,Tunisia,Morocco,-1,2006
27635,Turkey,England,-1,2006
27636,Uganda,Mauritius,1,2006
27637,Ukraine,North Macedonia,-1,2006
27638,United Arab Emirates,Uzbekistan,-1,2006
27639,Wales,Serbia,-1,2006
27640,Kernow,Jersey,1,2006
27641,Sudan,Eritrea,1,2006
27642,Brazil,Jamaica,1,2006
27643,Burundi,Gabon,-1,2006
27644,Chad,Angola,1,2006
27645,Congo,Sierra Leone,1,2006
27646,Ethiopia,Malawi,-1,2006
27647,Gambia,Liberia,1,2006
27648,Guinea,Mozambique,1,2006
27649,Iran,New Zealand,1,2006
27650,Iraq,Myanmar,1,2006
27651,Malaysia,Bahrain,-1,2006
27652,Rwanda,Namibia,1,2006
27653,Eswatini,Cape Verde,-1,2006
27654,Zimbabwe,Mauritania,1,2006
27655,Bhutan,Indonesia,-1,2006
27656,Saudi Arabia,Yemen,1,2006
27657,Indonesia,Yemen,-1,2006
27658,Mexico,Uruguay,-1,2006
27659,Saudi Arabia,Bhutan,1,2006
27660,Syria,Sri Lanka,1,2006
27661,Thailand,India,1,2006
27662,Jordan,Lebanon,1,2006
27663,Saudi Arabia,Indonesia,1,2006
27664,Yemen,Bhutan,1,2006
27665,Syria,Sri Lanka,1,2006
27666,Oman,Nepal,1,2006
27667,Singapore,Palestine,1,2006
27668,Turkmenistan,United Arab Emirates,1,2006
27669,Vietnam,South Korea,1,2006
27670,Bahrain,Myanmar,1,2006
27671,Iraq,Malaysia,1,2006
27672,Nepal,Vietnam,-1,2006
27673,Oman,South Korea,1,2006
27674,Bahrain,Malaysia,1,2006
27675,Myanmar,Iraq,-1,2006
27676,India,Rwanda,1,2006
27677,Singapore,Palestine,-1,2006
27678,Burkina Faso,Zimbabwe,-1,2006
27679,Bahrain,Iraq,1,2006
27680,Myanmar,Malaysia,1,2006
27681,Nepal,South Korea,-1,2006
27682,Oman,Vietnam,1,2006
27683,North Korea,Iran,-1,2006
27684,India,Zimbabwe,1,2006
27685,United Arab Emirates,Turkmenistan,-1,2006
27686,Rwanda,Zimbabwe,-1,2006
27687,Lebanon,North Korea,-1,2006
27688,Thailand,Tajikistan,-1,2006
27689,Uzbekistan,Hong Kong,1,2006
27690,Syria,United Arab Emirates,-1,2006
27691,Gabon,Burkina Faso,-1,2006
27692,Hong Kong,Tajikistan,-1,2006
27693,Uzbekistan,Thailand,1,2006
27694,Mozambique,Eswatini,1,2006
27695,Turkmenistan,Sri Lanka,1,2006
27696,Hong Kong,Thailand,1,2006
27697,Uzbekistan,Tajikistan,-1,2006
27698,Uganda,Tanzania,1,2006
27699,Equatorial Guinea,São Tomé and Príncipe,1,2006
27700,Iran,North Korea,1,2006
27701,Lebanon,Jordan,-1,2006
27702,Poland,Italy,1,2006
27703,Turkmenistan,Sri Lanka,1,2006
27704,Algeria,Niger,1,2006
27705,Mali,Guinea-Bissau,1,2006
27706,Mauritania,Zimbabwe,1,2006
27707,United Arab Emirates,Syria,1,2006
27708,Albania,Estonia,1,2006
27709,Argentina,Bolivia,1,2006
27710,Colombia,Venezuela,-1,2006
27711,Croatia,Slovenia,-1,2006
27712,Czech Republic,Canada,1,2006
27713,Egypt,South Africa,1,2006
27714,Gabon,Burundi,1,2006
27715,Germany,France,-1,2006
27716,Kenya,Tanzania,1,2006
27717,Latvia,Turkey,1,2006
27718,Malawi,Ethiopia,-1,2006
27719,Morocco,Burkina Faso,1,2006
27720,Namibia,Rwanda,-1,2006
27721,Paraguay,Ecuador,1,2006
27722,Portugal,Greece,-1,2006
27723,Russia,Wales,-1,2006
27724,Scotland,Netherlands,1,2006
27725,Senegal,Ivory Coast,1,2006
27726,Spain,Norway,1,2006
27727,Uruguay,Chile,1,2006
27728,Zambia,Seychelles,-1,2006
27729,Angola,Chad,1,2006
27730,Benin,Madagascar,1,2006
27731,Cape Verde,Eswatini,1,2006
27732,England,Denmark,-1,2006
27733,Eritrea,Sudan,-1,2006
27734,Ghana,Somalia,1,2006
27735,Honduras,Finland,-1,2006
27736,Italy,Romania,1,2006
27737,Jamaica,El Salvador,1,2006
27738,Lesotho,Botswana,-1,2006
27739,Liberia,Gambia,1,2006
27740,Libya,São Tomé and Príncipe,1,2006
27741,Mauritius,Uganda,1,2006
27742,Mozambique,Guinea,-1,2006
27743,Peru,Brazil,-1,2006
27744,Poland,Serbia,1,2006
27745,Sierra Leone,Congo,-1,2006
27746,Togo,Equatorial Guinea,1,2006
27747,Tajikistan,Uzbekistan,-1,2006
27748,Thailand,Hong Kong,1,2006
27749,Chile,Paraguay,-1,2006
27750,Egypt,Sweden,1,2006
27751,Republic of Ireland,Canada,1,2006
27752,Jordan,North Korea,1,2006
27753,South Korea,Bulgaria,-1,2006
27754,United Arab Emirates,Sri Lanka,1,2006
27755,Venezuela,Bolivia,1,2006
27756,Brazil,Uruguay,-1,2006
27757,Colombia,Argentina,-1,2006
27758,Costa Rica,Finland,1,2006
27759,Ecuador,Peru,-1,2006
27760,Ghana,Somalia,1,2006
27761,Hong Kong,Uzbekistan,-1,2006
27762,Hungary,Estonia,-1,2006
27763,Japan,Cameroon,-1,2006
27764,Lebanon,Iran,-1,2006
27765,Mexico,Iceland,-1,2006
27766,Morocco,Mali,-1,2006
27767,Netherlands,Scotland,1,2006
27768,Norway,Spain,-1,2006
27769,Portugal,Kuwait,1,2006
27770,Qatar,Singapore,1,2006
27771,Slovenia,Croatia,-1,2006
27772,Thailand,Tajikistan,1,2006
27773,Trinidad and Tobago,Cuba,1,2006
27774,Tunisia,South Africa,1,2006
27775,Turkey,Latvia,-1,2006
27776,Turkmenistan,Afghanistan,1,2006
27777,Wales,Russia,-1,2006
27778,Luxembourg,Moldova,-1,2006
27779,Tajikistan,Hong Kong,1,2006
27780,Thailand,Uzbekistan,1,2006
27781,United Arab Emirates,Sri Lanka,1,2006
27782,Afghanistan,Turkmenistan,-1,2006
27783,Taiwan,Macau,1,2006
27784,Bangladesh,Tajikistan,-1,2006
27785,Iran,Lebanon,1,2006
27786,Syria,Turkmenistan,-1,2006
27787,Laos,Sri Lanka,-1,2006
27788,Macau,Taiwan,-1,2006
27789,Mongolia,Maldives,-1,2006
27790,Pakistan,Kyrgyzstan,-1,2006
27791,Singapore,Qatar,-1,2006
27792,Sudan,Zanzibar,1,2006
27793,Tajikistan,Bangladesh,1,2006
27794,Uganda,Eritrea,1,2006
27795,Kenya,Eritrea,1,2006
27796,Rwanda,Zanzibar,-1,2006
27797,Kyrgyzstan,Pakistan,1,2006
27798,Maldives,Mongolia,1,2006
27799,Sri Lanka,Laos,1,2006
27800,Hong Kong,South Korea,-1,2006
27801,Japan,China PR,1,2006
27802,Sudan,Rwanda,1,2006
27803,Uganda,Kenya,-1,2006
27804,South Korea,China PR,1,2006
27805,Kenya,Rwanda,-1,2006
27806,Sudan,Uganda,-1,2006
27807,China PR,Hong Kong,1,2006
27808,Japan,South Korea,-1,2006
27809,Sudan,Kenya,-1,2006
27810,Uganda,Rwanda,1,2006
27811,Malta,Poland,-1,2006
27812,Bahrain,Iraq,-1,2006
27813,Kenya,Egypt,-1,2006
27814,Botswana,Zimbabwe,-1,2006
27815,Lithuania,Poland,-1,2006
27816,United Arab Emirates,Azerbaijan,-1,2006
27817,Bahrain,Egypt,-1,2006
27818,Iraq,Kenya,1,2006
27819,Kuwait,Lebanon,1,2006
27820,Saudi Arabia,Estonia,-1,2006
27821,Bahrain,Kenya,1,2006
27822,Egypt,Iraq,1,2006
27823,Kuwait,Lebanon,-1,2006
27824,Latvia,Kuwait,-1,2006
27825,Oman,Estonia,1,2006
27826,Saudi Arabia,Azerbaijan,1,2006
27827,Qatar,Iraq,-1,2006
27828,United Arab Emirates,Kenya,-1,2006
27829,Bermuda,Barbados,-1,2006
27830,Kuwait,Oman,-1,2006
27831,United Arab Emirates,Saudi Arabia,-1,2006
27832,Bahamas,Haiti,-1,2006
27833,Bahrain,Qatar,-1,2006
27834,Basque Country,Uruguay,1,2006
27835,Andalusia,Latvia,1,2006
27836,Yemen,Oman,-1,2006
27837,Catalonia,Ecuador,1,2006
27838,Kuwait,United Arab Emirates,-1,2006
27839,Saudi Arabia,Qatar,-1,2006
27840,Bahrain,Yemen,1,2006
27841,Oman,United Arab Emirates,1,2006
27842,Bahrain,Saudi Arabia,-1,2006
27843,Bermuda,Barbados,-1,2006
27844,Kuwait,Yemen,1,2006
27845,Oman,Bahrain,-1,2006
27846,United Arab Emirates,Qatar,-1,2006
27847,Kuwait,Saudi Arabia,-1,2006
27848,Qatar,Yemen,1,2006
27849,Oman,Saudi Arabia,-1,2006
27850,United Arab Emirates,Bahrain,-1,2006
27851,Cuba,Martinique,-1,2006
27852,Egypt,Rwanda,1,2006
27853,Kuwait,Qatar,-1,2006
27854,Yemen,Saudi Arabia,-1,2006
27855,Kuwait,Bahrain,-1,2006
27856,Mauritius,South Africa,1,2006
27857,Suriname,Curaçao,-1,2006
27858,Barbados,Grenada,1,2006
27859,Oman,Qatar,1,2006
27860,Yemen,United Arab Emirates,-1,2006
27861,Egypt,DR Congo,-1,2006
27862,Tunisia,Benin,1,2006
27863,Algeria,Mali,-1,2006
27864,Libya,Kenya,1,2006
27865,Curaçao,Suriname,1,2006
27866,Egypt,Burkina Faso,-1,2006
27867,Tunisia,Benin,1,2006
27868,Barbados,Canada,-1,2006
27869,Guadeloupe,Saint Lucia,1,2006
27870,Senegal,South Africa,1,2006
27871,Libya,Kenya,1,2006
27872,Guinea,Burkina Faso,1,2006
27873,Sweden,Norway,-1,2006
27874,Tunisia,Rwanda,1,2006
27875,Cameroon,Algeria,-1,2006
27876,DR Congo,Guinea,-1,2006
27877,Norway,Honduras,1,2006
27878,Zimbabwe,Egypt,-1,2006
27879,Kenya,Mali,-1,2006
27880,Senegal,Burkina Faso,-1,2006
27881,China PR,North Macedonia,-1,2006
27882,Nigeria,Morocco,-1,2006
27883,South Africa,Benin,1,2006
27884,British Virgin Islands,Dominica,-1,2006
27885,Curaçao,Aruba,1,2006
27886,El Salvador,Panama,-1,2006
27887,Rwanda,Guinea,-1,2006
27888,Singapore,Norway,-1,2006
27889,Tunisia,DR Congo,1,2006
27890,Algeria,Egypt,1,2006
27891,Cameroon,Zimbabwe,1,2006
27892,China PR,North Macedonia,1,2006
27893,British Virgin Islands,United States Virgin Islands,1,2006
27894,Burkina Faso,Mali,-1,2006
27895,Senegal,Kenya,1,2006
27896,Dominica,United States Virgin Islands,1,2006
27897,Grenada,Barbados,-1,2006
27898,Haiti,Nicaragua,-1,2006
27899,Morocco,Benin,1,2006
27900,Nigeria,South Africa,1,2006
27901,British Virgin Islands,Dominica,-1,2006
27902,Rwanda,DR Congo,1,2006
27903,Tunisia,Guinea,-1,2006
27904,Burkina Faso,Kenya,-1,2006
27905,Senegal,Mali,-1,2006
27906,Algeria,Zimbabwe,-1,2006
27907,Cameroon,Egypt,-1,2006
27908,China PR,Finland,1,2006
27909,Morocco,South Africa,-1,2006
27910,Nigeria,Benin,1,2006
27911,China PR,Finland,1,2006
27912,Japan,Malaysia,1,2006
27913,Mali,Guinea,1,2006
27914,Tunisia,Senegal,1,2006
27915,Cameroon,Nigeria,-1,2006
27916,Lebanon,Bahrain,1,2006
27917,Morocco,Algeria,1,2006
27918,Saint Lucia,Saint Vincent and the Grenadines,-1,2006
27919,Bermuda,Trinidad and Tobago,-1,2006
27920,Morocco,Mali,1,2006
27921,Tunisia,Nigeria,-1,2006
27922,Bermuda,Trinidad and Tobago,-1,2006
27923,Japan,Iraq,1,2006
27924,Jordan,Indonesia,1,2006
27925,Nigeria,Mali,1,2006
27926,Qatar,Bahrain,1,2006
27927,Belarus,Estonia,-1,2006
27928,South Korea,Oman,1,2006
27929,Malta,Moldova,-1,2006
27930,Tunisia,Morocco,1,2006
27931,Barbados,Guyana,-1,2006
27932,Malta,Estonia,1,2006
27933,Albania,Sweden,1,2006
27934,Antigua and Barbuda,Curaçao,1,2006
27935,Bahrain,Syria,1,2006
27936,Belgium,France,-1,2006
27937,China PR,Kuwait,1,2006
27938,Croatia,Germany,-1,2006
27939,Cyprus,Belarus,-1,2006
27940,Estonia,Moldova,1,2006
27941,Greece,Bulgaria,1,2006
27942,Haiti,Turks and Caicos Islands,1,2006
27943,Honduras,Colombia,-1,2006
27944,Hungary,Armenia,1,2006
27945,India,Singapore,1,2006
27946,Iran,Qatar,1,2006
27947,Republic of Ireland,Brazil,-1,2006
27948,Italy,Czech Republic,-1,2006
27949,Jamaica,Uruguay,1,2006
27950,Japan,Oman,1,2006
27951,Jordan,Laos,1,2006
27952,South Korea,Lebanon,1,2006
27953,Kyrgyzstan,Tajikistan,-1,2006
27954,Latvia,Kazakhstan,1,2006
27955,Libya,Ukraine,-1,2006
27956,North Macedonia,Bosnia and Herzegovina,1,2006
27957,Malaysia,Hong Kong,-1,2006
27958,Mexico,Chile,-1,2006
27959,Morocco,Switzerland,1,2006
27960,Netherlands,United States,1,2006
27961,Northern Ireland,Norway,-1,2006
27962,Palestine,Taiwan,1,2006
27963,Poland,Slovenia,1,2006
27964,Portugal,England,-1,2006
27965,Romania,Georgia,1,2006
27966,Saudi Arabia,Indonesia,1,2006
27967,Spain,Peru,1,2006
27968,Turkmenistan,Sri Lanka,1,2006
27969,United Arab Emirates,Thailand,1,2006
27970,Uzbekistan,Iraq,-1,2006
27971,Venezuela,Australia,-1,2006
27972,Vietnam,Maldives,1,2006
27973,United States Virgin Islands,Saint Kitts and Nevis,-1,2006
27974,Wales,Scotland,1,2006
27975,Yemen,North Korea,-1,2006
27976,Cyprus,Georgia,1,2006
27977,Kazakhstan,Armenia,-1,2006
27978,Latvia,Hungary,-1,2006
27979,Belarus,Latvia,1,2006
27980,Cyprus,Kazakhstan,1,2006
27981,Georgia,Armenia,-1,2006
27982,Poland,Faroe Islands,1,2006
27983,Turks and Caicos Islands,Haiti,-1,2006
27984,British Virgin Islands,Saint Lucia,-1,2006
27985,Cayman Islands,Cuba,-1,2006
27986,Faroe Islands,Luxembourg,1,2006
27987,Aruba,Suriname,-1,2006
27988,Grenada,Guyana,1,2006
27989,Lesotho,Botswana,-1,2006
27990,Bermuda,Montserrat,1,2006
27991,Nicaragua,Haiti,-1,2006
27992,Trinidad and Tobago,Guyana,1,2006
27993,Alderney,Jersey,-1,2006
27994,Mexico,Ecuador,1,2006
27995,Venezuela,Honduras,1,2006
27996,Barbados,Dominica,1,2006
27997,United States,Haiti,-1,2006
27998,Guyana,Grenada,-1,2006
27999,Cuba,Panama,-1,2006
28000,China PR,Myanmar,1,2006
28001,Malaysia,Indonesia,-1,2006
28002,Yemen,Turkmenistan,-1,2006
28003,Cuba,Panama,1,2006
28004,Dominican Republic,Anguilla,-1,2006
28005,Saint Kitts and Nevis,British Virgin Islands,1,2006
28006,Bahrain,Jordan,-1,2006
28007,Dominican Republic,Anguilla,1,2006
28008,Montserrat,Bermuda,-1,2006
28009,Saint Kitts and Nevis,Antigua and Barbuda,-1,2006
28010,Saint Vincent and the Grenadines,Saint Lucia,-1,2006
28011,Bahrain,Jordan,-1,2006
28012,Lebanon,Syria,-1,2006
28013,Bahamas,Dominica,-1,2006
28014,Libya,Qatar,1,2006
28015,Syria,Palestine,-1,2006
28016,Cuba,Cayman Islands,1,2006
28017,Suriname,Aruba,1,2006
28018,Bahamas,Dominica,-1,2006
28019,Saint Lucia,British Virgin Islands,1,2006
28020,Argentina,Ecuador,1,2006
28021,Australia,South Africa,1,2006
28022,Bolivia,Chile,-1,2006
28023,Israel,Lithuania,1,2006
28024,Estonia,Northern Ireland,-1,2006
28025,Albania,Iceland,1,2006
28026,Bermuda,Nicaragua,1,2006
28027,Bulgaria,Russia,-1,2006
28028,Croatia,Turkey,-1,2006
28029,Curaçao,Antigua and Barbuda,1,2006
28030,Egypt,Trinidad and Tobago,1,2006
28031,El Salvador,Guatemala,-1,2006
28032,Germany,Belgium,1,2006
28033,Greece,Switzerland,1,2006
28034,Hong Kong,China PR,-1,2006
28035,India,Oman,-1,2006
28036,Republic of Ireland,Czech Republic,1,2006
28037,Jamaica,Honduras,-1,2006
28038,Jordan,Qatar,1,2006
28039,North Korea,United Arab Emirates,-1,2006
28040,Kyrgyzstan,Syria,-1,2006
28041,Laos,Iran,-1,2006
28042,Luxembourg,Bosnia and Herzegovina,-1,2006
28043,North Macedonia,Ukraine,1,2006
28044,Malaysia,Kuwait,-1,2006
28045,Maldives,South Korea,-1,2006
28046,Malta,Finland,-1,2006
28047,Mexico,Costa Rica,1,2006
28048,Moldova,Azerbaijan,1,2006
28049,Morocco,Angola,1,2006
28050,Netherlands,France,-1,2006
28051,Palestine,Iraq,-1,2006
28052,Paraguay,Brazil,-1,2006
28053,Peru,Colombia,-1,2006
28054,Poland,United States,-1,2006
28055,Portugal,Italy,-1,2006
28056,Scotland,Romania,-1,2006
28057,Serbia,Norway,-1,2006
28058,Singapore,Japan,-1,2006
28059,Slovakia,Austria,-1,2006
28060,Slovenia,Latvia,-1,2006
28061,Spain,Denmark,1,2006
28062,Sri Lanka,Saudi Arabia,-1,2006
28063,Saint Kitts and Nevis,United States Virgin Islands,1,2006
28064,Sweden,England,1,2006
28065,Tajikistan,Bahrain,-1,2006
28066,Tunisia,Ivory Coast,-1,2006
28067,Turkmenistan,Indonesia,1,2006
28068,Uruguay,Venezuela,-1,2006
28069,Vietnam,Lebanon,-1,2006
28070,Yemen,Thailand,-1,2006
28071,Taiwan,Uzbekistan,-1,2006
28072,Bermuda,Nicaragua,1,2006
28073,Vanuatu,Solomon Islands,-1,2006
28074,Vanuatu,Solomon Islands,-1,2006
28075,Honduras,Panama,-1,2006
28076,Mozambique,Eswatini,1,2006
28077,Andorra,China PR,-1,2006
28078,Mozambique,Madagascar,1,2006
28079,Sudan,Syria,-1,2006
28080,Sudan,Syria,-1,2006
28081,Hungary,Japan,1,2006
28082,Curaçao,Dominican Republic,1,2006
28083,Algeria,China PR,-1,2006
28084,Armenia,Turkmenistan,1,2006
28085,Austria,Luxembourg,1,2006
28086,Belarus,Lithuania,1,2006
28087,Belgium,Turkey,-1,2006
28088,Bosnia and Herzegovina,Finland,1,2006
28089,Bulgaria,Cameroon,1,2006
28090,Chile,Peru,-1,2006
28091,Czech Republic,Japan,-1,2006
28092,Denmark,Scotland,1,2006
28093,El Salvador,Colombia,-1,2006
28094,Estonia,Albania,-1,2006
28095,Ghana,Angola,-1,2006
28096,Honduras,Ecuador,-1,2006
28097,Hungary,Brazil,-1,2006
28098,Israel,Moldova,-1,2006
28099,Italy,Spain,-1,2006
28100,Ivory Coast,Guinea,1,2006
28101,Jamaica,Venezuela,1,2006
28102,Kazakhstan,Azerbaijan,-1,2006
28103,South Korea,Paraguay,-1,2006
28104,Latvia,Iceland,-1,2006
28105,North Macedonia,Croatia,-1,2006
28106,Morocco,Argentina,-1,2006
28107,Namibia,Botswana,-1,2006
28108,Netherlands,Greece,1,2006
28109,Northern Ireland,Serbia,-1,2006
28110,Norway,Russia,1,2006
28111,Panama,Bermuda,1,2006
28112,Poland,Republic of Ireland,-1,2006
28113,Portugal,Sweden,-1,2006
28114,Romania,Germany,1,2006
28115,San Marino,Liechtenstein,1,2006
28116,Switzerland,Slovenia,1,2006
28117,Tunisia,Mali,1,2006
28118,Ukraine,Slovakia,-1,2006
28119,United States,Mexico,1,2006
28120,Libya,Jordan,1,2006
28121,Nicaragua,Bermuda,1,2006
28122,Guatemala,Panama,-1,2006
28123,Zambia,Zimbabwe,-1,2006
28124,Nicaragua,Bermuda,1,2006
28125,Jersey,Guernsey,1,2006
28126,Cook Islands,Samoa,-1,2006
28127,Guatemala,Haiti,1,2006
28128,Grenada,Saint Vincent and the Grenadines,-1,2006
28129,Angola,Namibia,1,2006
28130,Papua New Guinea,Vanuatu,-1,2006
28131,Samoa,American Samoa,1,2006
28132,Solomon Islands,Tonga,1,2006
28133,Tahiti,Cook Islands,1,2006
28134,American Samoa,Vanuatu,-1,2006
28135,El Salvador,Haiti,-1,2006
28136,Fiji,Papua New Guinea,1,2006
28137,Solomon Islands,Cook Islands,1,2006
28138,Tahiti,New Caledonia,-1,2006
28139,Fiji,American Samoa,1,2006
28140,Samoa,Vanuatu,-1,2006
28141,Solomon Islands,New Caledonia,1,2006
28142,Tonga,Cook Islands,1,2006
28143,Åland Islands,Sealand,-1,2006
28144,Zimbabwe,Zambia,-1,2006
28145,American Samoa,Papua New Guinea,-1,2006
28146,New Caledonia,Cook Islands,1,2006
28147,Samoa,Fiji,-1,2006
28148,Tahiti,Tonga,1,2006
28149,Cyprus,Jordan,-1,2006
28150,Fiji,Vanuatu,-1,2006
28151,New Caledonia,Tonga,1,2006
28152,Samoa,Papua New Guinea,-1,2006
28153,Solomon Islands,Tahiti,-1,2006
28154,Benin,Togo,-1,2006
28155,Cuba,Grenada,-1,2006
28156,France,Brazil,-1,2006
28157,Australia,Turkey,-1,2006
28158,Sudan,Uganda,1,2006
28159,Zambia,Malawi,-1,2006
28160,DR Congo,Angola,-1,2006
28161,Saint Kitts and Nevis,Saint Vincent and the Grenadines,1,2006
28162,Togo,Benin,-1,2006
28163,Trinidad and Tobago,Iraq,1,2006
28164,Australia,Turkey,-1,2006
28165,Egypt,Zimbabwe,1,2006
28166,Austria,Russia,-1,2006
28167,Sudan,Zambia,-1,2006
28168,Catalonia,Brazil,-1,2006
28169,Benin,Burkina Faso,1,2006
28170,Lebanon,Bahrain,-1,2006
28171,Mozambique,Botswana,-1,2006
28172,Estonia,Scotland,-1,2006
28173,Georgia,Israel,-1,2006
28174,Germany,Malta,1,2006
28175,Republic of Ireland,Romania,1,2006
28176,Norway,Wales,-1,2006
28177,Azerbaijan,Uzbekistan,1,2006
28178,Finland,Sweden,-1,2006
28179,France,Andorra,1,2006
28180,Mali,Morocco,-1,2006
28181,Rwanda,Uganda,-1,2006
28182,Australia,New Zealand,1,2006
28183,Croatia,Slovakia,1,2006
28184,Egypt,Gabon,1,2006
28185,Republic of Ireland,Nigeria,-1,2006
28186,Netherlands,Belgium,-1,2006
28187,Poland,Greece,1,2006
28188,Portugal,Luxembourg,1,2006
28189,Senegal,Guinea,-1,2006
28190,Tahiti,Fiji,-1,2006
28191,Vanuatu,Solomon Islands,-1,2006
28192,Algeria,Jordan,-1,2006
28193,Barbados,Northern Ireland,-1,2006
28194,Burkina Faso,Libya,1,2006
28195,Estonia,Denmark,-1,2006
28196,Iceland,Japan,-1,2006
28197,Scotland,Trinidad and Tobago,1,2006
28198,Saint Vincent and the Grenadines,Martinique,1,2006
28199,Tunisia,Italy,-1,2006
28200,Wales,Canada,1,2006
28201,Australia,Tahiti,1,2006
28202,Fiji,Vanuatu,1,2006
28203,Mozambique,Eswatini,-1,2006
28204,New Zealand,Solomon Islands,1,2006
28205,Nigeria,Jamaica,1,2006
28206,Oman,Maldives,1,2006
28207,Qatar,Turkmenistan,1,2006
28208,United Arab Emirates,Bahrain,-1,2006
28209,Bolivia,Paraguay,1,2006
28210,China PR,Hungary,1,2006
28211,England,Japan,-1,2006
28212,Kuwait,Syria,-1,2006
28213,Netherlands,Faroe Islands,1,2006
28214,Uruguay,Peru,-1,2006
28215,Venezuela,Chile,-1,2006
28216,Australia,Fiji,1,2006
28217,Brazil,Argentina,1,2006
28218,Czech Republic,Bulgaria,1,2006
28219,Ecuador,Colombia,1,2006
28220,Grenada,Saint Lucia,1,2006
28221,Republic of Ireland,Jamaica,1,2006
28222,South Korea,Turkey,-1,2006
28223,New Zealand,Vanuatu,-1,2006
28224,Saint Kitts and Nevis,Northern Ireland,-1,2006
28225,Switzerland,Germany,-1,2006
28226,Tahiti,Solomon Islands,-1,2006
28227,United States,Honduras,1,2006
28228,Indonesia,India,-1,2006
28229,Kuwait,Syria,-1,2006
28230,Liechtenstein,Greece,-1,2006
28231,Oman,Maldives,1,2006
28232,Australia,Vanuatu,1,2006
28233,Costa Rica,Nicaragua,1,2006
28234,Fiji,Solomon Islands,-1,2006
28235,New Zealand,Tahiti,1,2006
28236,Algeria,Angola,-1,2006
28237,Burkina Faso,Ghana,1,2006
28238,Denmark,Croatia,-1,2006
28239,Ecuador,Bolivia,1,2006
28240,England,Iceland,1,2006
28241,Gabon,Zimbabwe,-1,2006
28242,South Korea,Turkey,1,2006
28243,Malawi,Morocco,-1,2006
28244,Netherlands,Republic of Ireland,-1,2006
28245,Nigeria,Rwanda,1,2006
28246,Portugal,Lithuania,1,2006
28247,Qatar,Kyrgyzstan,-1,2006
28248,Senegal,Congo,1,2006
28249,South Africa,Cape Verde,1,2006
28250,Spain,Andorra,1,2006
28251,Sweden,Poland,1,2006
28252,Tunisia,Botswana,1,2006
28253,Zambia,Togo,1,2006
28254,Argentina,Paraguay,-1,2006
28255,Australia,Solomon Islands,-1,2006
28256,Cameroon,Benin,1,2006
28257,Chile,Brazil,-1,2006
28258,Colombia,Uruguay,1,2006
28259,Czech Republic,Estonia,1,2006
28260,Fiji,New Zealand,-1,2006
28261,France,Ukraine,1,2006
28262,Germany,Hungary,-1,2006
28263,Ivory Coast,Libya,1,2006
28264,Latvia,Azerbaijan,-1,2006
28265,Liberia,Mali,1,2006
28266,Peru,Venezuela,-1,2006
28267,Sudan,Egypt,-1,2006
28268,Switzerland,Liechtenstein,1,2006
28269,Tahiti,Vanuatu,1,2006
28270,Trinidad and Tobago,Northern Ireland,-1,2006
28271,Uganda,DR Congo,1,2006
28272,Bahrain,Kyrgyzstan,1,2006
28273,China PR,Malaysia,1,2006
28274,Indonesia,Sri Lanka,1,2006
28275,Iran,Jordan,-1,2006
28276,Iraq,Taiwan,1,2006
28277,Japan,India,1,2006
28278,South Korea,Vietnam,1,2006
28279,Kuwait,Hong Kong,1,2006
28280,Lebanon,Maldives,1,2006
28281,Oman,Singapore,1,2006
28282,Qatar,Laos,1,2006
28283,Saudi Arabia,Turkmenistan,1,2006
28284,Thailand,North Korea,-1,2006
28285,United Arab Emirates,Yemen,1,2006
28286,Uzbekistan,Palestine,1,2006
28287,Syria,Tajikistan,1,2006
28288,Estonia,North Macedonia,-1,2006
28289,Cuba,Costa Rica,-1,2006
28290,Curaçao,Honduras,-1,2006
28291,Haiti,Jamaica,-1,2006
28292,Portugal,Greece,-1,2006
28293,Spain,Russia,1,2006
28294,Suriname,Guatemala,-1,2006
28295,Barbados,Saint Kitts and Nevis,-1,2006
28296,Burkina Faso,Benin,1,2006
28297,Canada,Belize,1,2006
28298,Cape Verde,Senegal,-1,2006
28299,Dominican Republic,Trinidad and Tobago,-1,2006
28300,El Salvador,Bermuda,1,2006
28301,France,England,1,2006
28302,Mozambique,Malawi,1,2006
28303,Panama,Saint Lucia,1,2006
28304,Switzerland,Croatia,-1,2006
28305,United States,Grenada,1,2006
28306,Nicaragua,Saint Vincent and the Grenadines,-1,2006
28307,Denmark,Italy,-1,2006
28308,Ghana,Togo,-1,2006
28309,Sweden,Bulgaria,1,2006
28310,Czech Republic,Latvia,1,2006
28311,Germany,Netherlands,-1,2006
28312,Canada,Belize,1,2006
28313,Greece,Spain,-1,2006
28314,Portugal,Russia,1,2006
28315,Croatia,France,-1,2006
28316,England,Switzerland,1,2006
28317,Iran,Lebanon,1,2006
28318,Palestine,Jordan,-1,2006
28319,Bulgaria,Denmark,-1,2006
28320,Italy,Sweden,-1,2006
28321,Libya,Cameroon,-1,2006
28322,Botswana,Malawi,1,2006
28323,Cape Verde,Uganda,1,2006
28324,Dominica,Mexico,-1,2006
28325,Honduras,Curaçao,1,2006
28326,Iraq,Palestine,1,2006
28327,Latvia,Germany,-1,2006
28328,Mali,Zambia,-1,2006
28329,Netherlands,Czech Republic,-1,2006
28330,Rwanda,Gabon,1,2006
28331,Saint Kitts and Nevis,Barbados,1,2006
28332,Syria,Lebanon,1,2006
28333,Angola,Nigeria,1,2006
28334,Benin,Sudan,-1,2006
28335,Bermuda,El Salvador,-1,2006
28336,Congo,Liberia,1,2006
28337,DR Congo,Burkina Faso,1,2006
28338,Costa Rica,Cuba,-1,2006
28339,Egypt,Ivory Coast,-1,2006
28340,Ghana,South Africa,1,2006
28341,Grenada,United States,-1,2006
28342,Guatemala,Suriname,1,2006
28343,Guinea,Tunisia,1,2006
28344,Jamaica,Haiti,1,2006
28345,Portugal,Spain,1,2006
28346,Russia,Greece,1,2006
28347,Saint Lucia,Panama,-1,2006
28348,Togo,Senegal,1,2006
28349,Trinidad and Tobago,Dominican Republic,1,2006
28350,Zimbabwe,Algeria,-1,2006
28351,Saint Vincent and the Grenadines,Nicaragua,1,2006
28352,Croatia,England,-1,2006
28353,Iran,Syria,1,2006
28354,Jordan,Iraq,1,2006
28355,Switzerland,France,-1,2006
28356,Denmark,Sweden,-1,2006
28357,Italy,Bulgaria,1,2006
28358,Germany,Czech Republic,-1,2006
28359,Iran,Iraq,1,2006
28360,Jordan,Syria,-1,2006
28361,Netherlands,Latvia,1,2006
28362,Portugal,England,-1,2006
28363,France,Greece,-1,2006
28364,Iran,Syria,1,2006
28365,Iraq,Jordan,-1,2006
28366,Sweden,Netherlands,-1,2006
28367,Argentina,Colombia,-1,2006
28368,Czech Republic,Denmark,1,2006
28369,Mexico,Dominica,1,2006
28370,Eswatini,Zimbabwe,-1,2006
28371,Argentina,Peru,1,2006
28372,Portugal,Netherlands,1,2006
28373,Greece,Czech Republic,1,2006
28374,Botswana,Morocco,-1,2006
28375,Cape Verde,DR Congo,-1,2006
28376,China PR,Lebanon,1,2006
28377,Gabon,Angola,-1,2006
28378,Malawi,Guinea,-1,2006
28379,Nigeria,Algeria,1,2006
28380,Rwanda,Zimbabwe,-1,2006
28381,Senegal,Zambia,1,2006
28382,South Africa,Burkina Faso,1,2006
28383,Sudan,Libya,-1,2006
28384,Uganda,Ghana,-1,2006
28385,Benin,Egypt,-1,2006
28386,Cameroon,Ivory Coast,1,2006
28387,Liberia,Togo,-1,2006
28388,Portugal,Greece,-1,2006
28389,Congo,Mali,1,2006
28390,Thailand,Bahrain,-1,2006
28391,Malawi,Eswatini,-1,2006
28392,Peru,Bolivia,-1,2006
28393,Venezuela,Colombia,-1,2006
28394,Argentina,Ecuador,1,2006
28395,Mexico,Uruguay,-1,2006
28396,Brazil,Chile,1,2006
28397,Costa Rica,Paraguay,-1,2006
28398,Malawi,Eswatini,-1,2006
28399,Thailand,Jordan,-1,2006
28400,Colombia,Bolivia,1,2006
28401,Japan,Slovakia,1,2006
28402,Peru,Venezuela,1,2006
28403,Argentina,Mexico,-1,2006
28404,China PR,United Arab Emirates,-1,2006
28405,South Korea,Bahrain,1,2006
28406,Thailand,Trinidad and Tobago,1,2006
28407,Uruguay,Ecuador,1,2006
28408,Brazil,Costa Rica,1,2006
28409,Paraguay,Chile,-1,2006
28410,Serbia,Slovakia,1,2006
28411,United States,Poland,-1,2006
28412,Malaysia,Singapore,1,2006
28413,Peru,Colombia,-1,2006
28414,Venezuela,Bolivia,-1,2006
28415,Argentina,Uruguay,1,2006
28416,Japan,Serbia,1,2006
28417,Mexico,Ecuador,1,2006
28418,Brazil,Paraguay,-1,2006
28419,Costa Rica,Chile,1,2006
28420,South Korea,Trinidad and Tobago,-1,2006
28421,China PR,Bahrain,-1,2006
28422,Colombia,Costa Rica,1,2006
28423,Peru,Argentina,-1,2006
28424,Angola,Botswana,-1,2006
28425,El Salvador,Guatemala,-1,2006
28426,Iraq,Uzbekistan,-1,2006
28427,Mexico,Brazil,-1,2006
28428,Paraguay,Uruguay,-1,2006
28429,Qatar,Indonesia,-1,2006
28430,Saudi Arabia,Turkmenistan,-1,2006
28431,South Korea,Jordan,-1,2006
28432,Kuwait,United Arab Emirates,1,2006
28433,Argentina,Colombia,1,2006
28434,Iran,Thailand,1,2006
28435,Japan,Oman,1,2006
28436,Bahrain,Qatar,-1,2006
28437,China PR,Indonesia,1,2006
28438,Uruguay,Brazil,-1,2006
28439,Turkmenistan,Iraq,-1,2006
28440,Uzbekistan,Saudi Arabia,1,2006
28441,Jordan,Kuwait,1,2006
28442,Panama,Guatemala,-1,2006
28443,United Arab Emirates,South Korea,-1,2006
28444,Colombia,Uruguay,-1,2006
28445,Oman,Iran,-1,2006
28446,Thailand,Japan,-1,2006
28447,Argentina,Brazil,-1,2006
28448,Bahrain,Indonesia,1,2006
28449,China PR,Qatar,1,2006
28450,Saudi Arabia,Iraq,-1,2006
28451,Turkmenistan,Uzbekistan,-1,2006
28452,Jordan,United Arab Emirates,-1,2006
28453,South Korea,Kuwait,1,2006
28454,Honduras,Panama,-1,2006
28455,Japan,Iran,-1,2006
28456,Oman,Thailand,1,2006
28457,China PR,Iraq,1,2006
28458,Uzbekistan,Bahrain,-1,2006
28459,Japan,Jordan,-1,2006
28460,South Korea,Iran,-1,2006
28461,Zambia,Mauritius,1,2006
28462,Bahrain,Japan,-1,2006
28463,China PR,Iran,-1,2006
28464,El Salvador,Honduras,-1,2006
28465,El Salvador,Guatemala,-1,2006
28466,Iran,Bahrain,1,2006
28467,China PR,Japan,-1,2006
28468,Uganda,Kenya,-1,2006
28469,Guatemala,Trinidad and Tobago,1,2006
28470,Uganda,Rwanda,-1,2006
28471,Algeria,Burkina Faso,-1,2006
28472,Austria,Germany,-1,2006
28473,Canada,Guatemala,-1,2006
28474,DR Congo,Mali,-1,2006
28475,Costa Rica,Honduras,-1,2006
28476,Croatia,Israel,1,2006
28477,Cyprus,Albania,1,2006
28478,Czech Republic,Greece,-1,2006
28479,El Salvador,Panama,1,2006
28480,England,Ukraine,1,2006
28481,Faroe Islands,Malta,1,2006
28482,France,Bosnia and Herzegovina,-1,2006
28483,Haiti,Brazil,-1,2006
28484,Iceland,Italy,1,2006
28485,Republic of Ireland,Bulgaria,-1,2006
28486,Jamaica,United States,-1,2006
28487,Japan,Argentina,-1,2006
28488,Jordan,Azerbaijan,-1,2006
28489,Kenya,Uganda,1,2006
28490,Latvia,Wales,-1,2006
28491,Liechtenstein,Estonia,-1,2006
28492,Moldova,Georgia,1,2006
28493,Norway,Belgium,-1,2006
28494,Poland,Denmark,-1,2006
28495,Romania,Finland,1,2006
28496,Russia,Lithuania,1,2006
28497,Scotland,Hungary,-1,2006
28498,Senegal,Ivory Coast,-1,2006
28499,Slovakia,Luxembourg,1,2006
28500,Slovenia,Serbia,-1,2006
28501,Spain,Venezuela,1,2006
28502,Sweden,Netherlands,-1,2006
28503,Switzerland,Northern Ireland,-1,2006
28504,Tunisia,South Africa,-1,2006
28505,Turkey,Belarus,-1,2006
28506,Zimbabwe,Botswana,1,2006
28507,North Macedonia,Armenia,1,2006
28508,Saint Vincent and the Grenadines,Trinidad and Tobago,-1,2006
28509,Thailand,Malaysia,-1,2006
28510,Vietnam,Myanmar,1,2006
28511,India,Myanmar,1,2006
28512,Zimbabwe,Uganda,1,2006
28513,Vietnam,India,1,2006
28514,Bahrain,Kuwait,-1,2006
28515,Yemen,Syria,-1,2006
28516,Yemen,Syria,1,2006
28517,Zambia,Rwanda,1,2006
28518,Jordan,Lebanon,-1,2006
28519,Maldives,Oman,-1,2006
28520,Saudi Arabia,Kuwait,-1,2006
28521,Bahrain,Palestine,1,2006
28522,Libya,Benin,1,2006
28523,Maldives,Oman,-1,2006
28524,Netherlands,Liechtenstein,1,2006
28525,Spain,Scotland,-1,2006
28526,Albania,Greece,1,2006
28527,Austria,England,-1,2006
28528,Azerbaijan,Wales,-1,2006
28529,Belgium,Lithuania,-1,2006
28530,Burkina Faso,Uganda,1,2006
28531,Canada,Honduras,-1,2006
28532,Croatia,Hungary,1,2006
28533,Denmark,Ukraine,-1,2006
28534,Estonia,Luxembourg,1,2006
28535,Finland,Andorra,1,2006
28536,France,Israel,-1,2006
28537,Iceland,Bulgaria,-1,2006
28538,Republic of Ireland,Cyprus,1,2006
28539,Italy,Norway,1,2006
28540,Jamaica,Panama,-1,2006
28541,Kenya,Malawi,1,2006
28542,Latvia,Portugal,-1,2006
28543,Malta,Sweden,-1,2006
28544,Morocco,Tunisia,-1,2006
28545,Northern Ireland,Poland,-1,2006
28546,Peru,Argentina,-1,2006
28547,Romania,North Macedonia,1,2006
28548,Russia,Slovakia,-1,2006
28549,San Marino,Serbia,-1,2006
28550,Singapore,Indonesia,1,2006
28551,Slovenia,Moldova,1,2006
28552,Saint Kitts and Nevis,Trinidad and Tobago,-1,2006
28553,Switzerland,Faroe Islands,1,2006
28554,Turkey,Georgia,-1,2006
28555,United States,El Salvador,1,2006
28556,Zambia,Liberia,1,2006
28557,Algeria,Gabon,-1,2006
28558,Angola,Rwanda,1,2006
28559,Brazil,Bolivia,1,2006
28560,Chile,Colombia,-1,2006
28561,DR Congo,South Africa,1,2006
28562,Egypt,Cameroon,1,2006
28563,Ghana,Cape Verde,1,2006
28564,Guatemala,Costa Rica,1,2006
28565,Guinea,Botswana,1,2006
28566,Ivory Coast,Sudan,1,2006
28567,Mali,Senegal,-1,2006
28568,Paraguay,Venezuela,1,2006
28569,Togo,Congo,1,2006
28570,Uruguay,Ecuador,1,2006
28571,Zimbabwe,Nigeria,-1,2006
28572,Andorra,Romania,-1,2006
28573,Armenia,Finland,-1,2006
28574,Austria,Azerbaijan,1,2006
28575,Bosnia and Herzegovina,Spain,-1,2006
28576,Costa Rica,Canada,1,2006
28577,El Salvador,Jamaica,-1,2006
28578,Faroe Islands,France,-1,2006
28579,Georgia,Albania,1,2006
28580,Germany,Brazil,-1,2006
28581,Greece,Turkey,-1,2006
28582,Honduras,Guatemala,-1,2006
28583,Hong Kong,Kuwait,-1,2006
28584,Hungary,Iceland,1,2006
28585,India,Japan,-1,2006
28586,Israel,Cyprus,1,2006
28587,Jordan,Iran,-1,2006
28588,Kazakhstan,Ukraine,-1,2006
28589,North Korea,Thailand,1,2006
28590,Kyrgyzstan,Bahrain,-1,2006
28591,Laos,Qatar,-1,2006
28592,Lithuania,San Marino,1,2006
28593,Luxembourg,Latvia,-1,2006
28594,Malaysia,China PR,-1,2006
28595,Maldives,Lebanon,-1,2006
28596,Moldova,Italy,-1,2006
28597,Netherlands,Czech Republic,1,2006
28598,Norway,Belarus,-1,2006
28599,Palestine,Uzbekistan,-1,2006
28600,Panama,United States,-1,2006
28601,Poland,England,-1,2006
28602,Portugal,Estonia,1,2006
28603,Scotland,Slovenia,-1,2006
28604,Singapore,Oman,-1,2006
28605,Slovakia,Liechtenstein,1,2006
28606,Sri Lanka,Indonesia,-1,2006
28607,Sweden,Croatia,-1,2006
28608,Switzerland,Republic of Ireland,-1,2006
28609,Tajikistan,Syria,-1,2006
28610,Trinidad and Tobago,Mexico,-1,2006
28611,Turkmenistan,Saudi Arabia,-1,2006
28612,Vietnam,South Korea,-1,2006
28613,Wales,Northern Ireland,-1,2006
28614,Yemen,United Arab Emirates,1,2006
28615,Taiwan,Iraq,-1,2006
28616,Saint Vincent and the Grenadines,Saint Kitts and Nevis,1,2006
28617,Mozambique,Angola,-1,2006
28618,British Virgin Islands,United States Virgin Islands,1,2006
28619,Kuwait,Syria,-1,2006
28620,Botswana,Zambia,1,2006
28621,Jamaica,Guatemala,-1,2006
28622,Gabon,Benin,1,2006
28623,Lebanon,Kuwait,-1,2006
28624,Lebanon,Kuwait,-1,2006
28625,Saudi Arabia,Syria,-1,2006
28626,Mexico,Saint Vincent and the Grenadines,1,2006
28627,Oman,Iraq,1,2006
28628,Libya,Egypt,1,2006
28629,Qatar,Syria,-1,2006
28630,Singapore,United Arab Emirates,-1,2006
28631,Thailand,Jordan,-1,2006
28632,Albania,Denmark,-1,2006
28633,Argentina,Uruguay,1,2006
28634,Austria,Poland,-1,2006
28635,Azerbaijan,Northern Ireland,-1,2006
28636,Belarus,Moldova,1,2006
28637,Bolivia,Peru,1,2006
28638,Bosnia and Herzegovina,Serbia,-1,2006
28639,Botswana,Kenya,1,2006
28640,Cape Verde,Burkina Faso,1,2006
28641,Colombia,Paraguay,-1,2006
28642,Costa Rica,Guatemala,1,2006
28643,Croatia,Bulgaria,-1,2006
28644,Cyprus,Faroe Islands,-1,2006
28645,Czech Republic,Romania,1,2006
28646,El Salvador,United States,-1,2006
28647,England,Wales,1,2006
28648,Finland,Armenia,1,2006
28649,France,Republic of Ireland,-1,2006
28650,Gabon,Nigeria,-1,2006
28651,Honduras,Canada,-1,2006
28652,Iran,Germany,-1,2006
28653,Israel,Switzerland,-1,2006
28654,Liechtenstein,Portugal,-1,2006
28655,Luxembourg,Russia,-1,2006
28656,North Macedonia,Netherlands,-1,2006
28657,Malawi,Tunisia,-1,2006
28658,Malta,Iceland,-1,2006
28659,Panama,Jamaica,-1,2006
28660,Rwanda,Algeria,-1,2006
28661,Scotland,Norway,-1,2006
28662,Slovakia,Latvia,1,2006
28663,Slovenia,Italy,1,2006
28664,Solomon Islands,Australia,-1,2006
28665,Spain,Belgium,1,2006
28666,Sri Lanka,Turkmenistan,-1,2006
28667,Sudan,Cameroon,-1,2006
28668,Sweden,Hungary,1,2006
28669,Turkey,Kazakhstan,1,2006
28670,Ukraine,Greece,-1,2006
28671,Venezuela,Brazil,-1,2006
28672,Angola,Zimbabwe,1,2006
28673,Benin,Ivory Coast,-1,2006
28674,Congo,Zambia,-1,2006
28675,Ecuador,Chile,1,2006
28676,Ghana,DR Congo,-1,2006
28677,Guinea,Morocco,-1,2006
28678,Liberia,Senegal,-1,2006
28679,Togo,Mali,1,2006
28680,Trinidad and Tobago,Saint Kitts and Nevis,1,2006
28681,Uganda,South Africa,-1,2006
28682,Saint Vincent and the Grenadines,Mexico,-1,2006
28683,Australia,Solomon Islands,1,2006
28684,Bolivia,Uruguay,-1,2006
28685,Indonesia,Saudi Arabia,-1,2006
28686,Andorra,North Macedonia,1,2006
28687,Armenia,Czech Republic,-1,2006
28688,Azerbaijan,England,-1,2006
28689,Brazil,Colombia,-1,2006
28690,Bulgaria,Malta,1,2006
28691,Canada,Costa Rica,-1,2006
28692,Chile,Argentina,-1,2006
28693,Cyprus,France,-1,2006
28694,Denmark,Turkey,-1,2006
28695,Guatemala,Honduras,1,2006
28696,Hong Kong,Malaysia,1,2006
28697,Iceland,Sweden,-1,2006
28698,Iraq,Uzbekistan,-1,2006
28699,Republic of Ireland,Faroe Islands,1,2006
28700,Italy,Belarus,1,2006
28701,Jamaica,El Salvador,-1,2006
28702,Kazakhstan,Albania,-1,2006
28703,North Korea,Yemen,1,2006
28704,Kuwait,China PR,1,2006
28705,Laos,Jordan,-1,2006
28706,Latvia,Estonia,-1,2006
28707,Lebanon,South Korea,-1,2006
28708,Lithuania,Spain,-1,2006
28709,Luxembourg,Liechtenstein,-1,2006
28710,Maldives,Vietnam,1,2006
28711,Mexico,Trinidad and Tobago,1,2006
28712,Moldova,Scotland,-1,2006
28713,Netherlands,Finland,1,2006
28714,Northern Ireland,Austria,-1,2006
28715,Norway,Slovenia,1,2006
28716,Oman,Japan,-1,2006
28717,Paraguay,Peru,-1,2006
28718,Portugal,Russia,1,2006
28719,Qatar,Iran,-1,2006
28720,Serbia,San Marino,1,2006
28721,Singapore,India,1,2006
28722,Saint Kitts and Nevis,Saint Vincent and the Grenadines,-1,2006
28723,Syria,Bahrain,-1,2006
28724,Tajikistan,Kyrgyzstan,1,2006
28725,Thailand,United Arab Emirates,1,2006
28726,Ukraine,Georgia,1,2006
28727,United States,Panama,1,2006
28728,Wales,Poland,-1,2006
28729,Venezuela,Ecuador,1,2006
28730,Taiwan,Palestine,-1,2006
28731,Jersey,Kernow,-1,2006
28732,Saint Lucia,Grenada,1,2006
28733,Suriname,French Guiana,-1,2006
28734,Ecuador,Jordan,-1,2006
28735,Libya,Jordan,1,2006
28736,Nigeria,Ecuador,-1,2006
28737,Zimbabwe,Zambia,-1,2006
28738,Mexico,Ecuador,1,2006
28739,Saint Kitts and Nevis,Montserrat,1,2006
28740,Yemen,Zambia,-1,2006
28741,Montserrat,Antigua and Barbuda,-1,2006
28742,Saint Kitts and Nevis,Saint Lucia,-1,2006
28743,Saint Kitts and Nevis,Antigua and Barbuda,1,2006
28744,Kuwait,India,-1,2006
28745,Antigua and Barbuda,Saint Lucia,-1,2006
28746,Guadeloupe,French Guiana,-1,2006
28747,Kuwait,Kyrgyzstan,1,2006
28748,Martinique,Dominica,1,2006
28749,Mexico,Guatemala,1,2006
28750,United Arab Emirates,Jordan,1,2006
28751,Guadeloupe,Dominica,1,2006
28752,Martinique,French Guiana,-1,2006
28753,Guatemala,Bolivia,1,2006
28754,Saint Kitts and Nevis,Mexico,-1,2006
28755,Dominica,French Guiana,-1,2006
28756,Martinique,Guadeloupe,-1,2006
28757,Australia,Norway,-1,2006
28758,Iraq,Palestine,1,2006
28759,Republic of Ireland,Croatia,1,2006
28760,Algeria,Senegal,-1,2006
28761,Andorra,Netherlands,-1,2006
28762,Argentina,Venezuela,1,2006
28763,Armenia,Romania,-1,2006
28764,Azerbaijan,Bulgaria,-1,2006
28765,Bahrain,Tajikistan,1,2006
28766,Belgium,Serbia,-1,2006
28767,China PR,Hong Kong,1,2006
28768,Colombia,Bolivia,1,2006
28769,Cyprus,Israel,-1,2006
28770,Ecuador,Brazil,1,2006
28771,France,Poland,-1,2006
28772,Georgia,Denmark,-1,2006
28773,Germany,Cameroon,1,2006
28774,Greece,Kazakhstan,1,2006
28775,Guatemala,Canada,-1,2006
28776,Honduras,Costa Rica,-1,2006
28777,Indonesia,Turkmenistan,1,2006
28778,Iran,Laos,1,2006
28779,Italy,Finland,1,2006
28780,Japan,Singapore,1,2006
28781,Kenya,Guinea,1,2006
28782,South Korea,Maldives,1,2006
28783,Kuwait,Malaysia,1,2006
28784,Lebanon,Vietnam,-1,2006
28785,Liechtenstein,Latvia,-1,2006
28786,Luxembourg,Portugal,-1,2006
28787,North Macedonia,Czech Republic,-1,2006
28788,Malta,Hungary,-1,2006
28789,Mexico,Saint Kitts and Nevis,1,2006
28790,Morocco,Burkina Faso,1,2006
28791,Oman,India,-1,2006
28792,Panama,El Salvador,1,2006
28793,Peru,Chile,1,2006
28794,Qatar,Jordan,1,2006
28795,Russia,Estonia,1,2006
28796,San Marino,Lithuania,-1,2006
28797,Saudi Arabia,Sri Lanka,1,2006
28798,Scotland,Sweden,-1,2006
28799,Slovakia,Slovenia,-1,2006
28800,South Africa,Nigeria,1,2006
28801,Spain,England,1,2006
28802,Syria,Kyrgyzstan,-1,2006
28803,Thailand,Yemen,-1,2006
28804,Turkey,Ukraine,-1,2006
28805,United Arab Emirates,North Korea,1,2006
28806,Uruguay,Paraguay,1,2006
28807,United States,Jamaica,-1,2006
28808,Uzbekistan,Taiwan,1,2006
28809,Trinidad and Tobago,Saint Vincent and the Grenadines,1,2006
28810,Zambia,Angola,-1,2006
28811,United Arab Emirates,Belarus,-1,2006
28812,Cayman Islands,Bermuda,-1,2006
28813,Grenada,Suriname,-1,2006
28814,Haiti,United States Virgin Islands,1,2006
28815,Jamaica,Saint Martin,1,2006
28816,Trinidad and Tobago,Puerto Rico,1,2006
28817,British Virgin Islands,Cayman Islands,-1,2006
28818,Jamaica,United States Virgin Islands,1,2006
28819,Puerto Rico,Suriname,-1,2006
28820,Saint Martin,Haiti,-1,2006
28821,Trinidad and Tobago,Grenada,1,2006
28822,United Arab Emirates,Kuwait,-1,2006
28823,Bermuda,British Virgin Islands,-1,2006
28824,Grenada,Puerto Rico,1,2006
28825,Jamaica,Haiti,1,2006
28826,Singapore,Myanmar,1,2006
28827,Trinidad and Tobago,Suriname,1,2006
28828,United States Virgin Islands,Saint Martin,-1,2006
28829,Egypt,Bulgaria,-1,2006
28830,Hungary,Slovakia,-1,2006
28831,Singapore,Hong Kong,-1,2006
28832,Thailand,Estonia,-1,2006
28833,Bahrain,Finland,-1,2006
28834,Latvia,Oman,-1,2006
28835,Qatar,Lebanon,1,2006
28836,Hong Kong,Myanmar,-1,2006
28837,Hungary,Estonia,1,2006
28838,Thailand,Slovakia,-1,2006
28839,Bahrain,Latvia,-1,2006
28840,Finland,Oman,-1,2006
28841,Iraq,Yemen,1,2006
28842,United Arab Emirates,Kuwait,-1,2006
28843,Qatar,Yemen,1,2006
28844,Kuwait,Tajikistan,1,2006
28845,Laos,Indonesia,-1,2006
28846,Vietnam,Singapore,-1,2006
28847,Malaysia,Timor-Leste,1,2006
28848,Philippines,Myanmar,-1,2006
28849,Indonesia,Singapore,-1,2006
28850,Vietnam,Cambodia,1,2006
28851,Iraq,Oman,-1,2006
28852,Malaysia,Philippines,1,2006
28853,Qatar,United Arab Emirates,-1,2006
28854,Thailand,Myanmar,-1,2006
28855,Bahrain,Yemen,-1,2006
28856,Ethiopia,Burundi,1,2006
28857,Laos,Cambodia,1,2006
28858,Rwanda,Zanzibar,1,2006
28859,Saudi Arabia,Kuwait,-1,2006
28860,Vietnam,Indonesia,-1,2006
28861,British Virgin Islands,Trinidad and Tobago,-1,2006
28862,Cuba,Martinique,1,2006
28863,Timor-Leste,Thailand,-1,2006
28864,Haiti,Saint Kitts and Nevis,1,2006
28865,Kenya,Sudan,-1,2006
28866,Malaysia,Myanmar,-1,2006
28867,Saint Lucia,Jamaica,-1,2006
28868,Uganda,Somalia,1,2006
28869,Burundi,Rwanda,1,2006
28870,Indonesia,Cambodia,1,2006
28871,Oman,United Arab Emirates,1,2006
28872,Qatar,Iraq,-1,2006
28873,Singapore,Laos,1,2006
28874,Zanzibar,Tanzania,1,2006
28875,Kuwait,Bahrain,-1,2006
28876,Malaysia,Thailand,1,2006
28877,Philippines,Timor-Leste,1,2006
28878,Saudi Arabia,Yemen,1,2006
28879,Somalia,Kenya,-1,2006
28880,Sudan,Uganda,1,2006
28881,Cambodia,Singapore,-1,2006
28882,Ethiopia,Rwanda,-1,2006
28883,Lesotho,Botswana,-1,2006
28884,Saint Kitts and Nevis,Haiti,-1,2006
28885,Tanzania,Burundi,-1,2006
28886,Vietnam,Laos,1,2006
28887,Myanmar,Timor-Leste,1,2006
28888,Iraq,United Arab Emirates,-1,2006
28889,Japan,Germany,-1,2006
28890,Qatar,Oman,1,2006
28891,Thailand,Philippines,1,2006
28892,Bahrain,Saudi Arabia,1,2006
28893,Burundi,Zanzibar,1,2006
28894,Ethiopia,Tanzania,1,2006
28895,Kuwait,Yemen,1,2006
28896,Iran,Panama,1,2006
28897,Kenya,Uganda,-1,2006
28898,Maldives,Sri Lanka,-1,2006
28899,Sudan,Somalia,1,2006
28900,Ethiopia,Zanzibar,1,2006
28901,Jamaica,Saint Lucia,1,2006
28902,South Korea,Germany,1,2006
28903,Tanzania,Rwanda,-1,2006
28904,Trinidad and Tobago,British Virgin Islands,1,2006
28905,Oman,Bahrain,1,2006
28906,Qatar,Kuwait,1,2006
28907,Martinique,Cuba,-1,2006
28908,Thailand,Germany,-1,2006
28909,Venezuela,Guatemala,-1,2006
28910,Ethiopia,Kenya,-1,2006
28911,Sudan,Burundi,-1,2006
28912,Bahrain,Kuwait,1,2006
28913,Qatar,Oman,-1,2006
28914,Ethiopia,Burundi,1,2006
28915,Kenya,Sudan,-1,2006
28916,Indonesia,Malaysia,-1,2006
28917,Myanmar,Singapore,-1,2006
28918,Basque Country,Honduras,1,2006
28919,Catalonia,Argentina,-1,2006
28920,Andalusia,Malta,-1,2006
28921,Singapore,Myanmar,1,2006
28922,Malaysia,Indonesia,-1,2006
28923,Egypt,Uganda,1,2006
28924,Indonesia,Singapore,-1,2006
28925,Jamaica,French Guiana,1,2006
28926,Haiti,Cuba,-1,2006
28927,Antigua and Barbuda,Trinidad and Tobago,1,2006
28928,Costa Rica,Haiti,-1,2006
28929,Colombia,South Korea,1,2006
28930,French Guiana,Jamaica,-1,2006
28931,Malaysia,Myanmar,1,2006
28932,Cuba,Haiti,-1,2006
28933,Singapore,Indonesia,1,2006
28934,Guatemala,Colombia,-1,2006
28935,Paraguay,South Korea,-1,2006
28936,Trinidad and Tobago,Azerbaijan,1,2006
28937,Kuwait,Norway,-1,2006
28938,Sweden,South Korea,-1,2006
28939,Barbados,Grenada,1,2006
28940,Guatemala,Paraguay,-1,2006
28941,Trinidad and Tobago,Azerbaijan,1,2006
28942,Bahrain,Norway,-1,2006
28943,Saudi Arabia,Tajikistan,1,2006
28944,Ecuador,Panama,1,2006
28945,Kuwait,Syria,1,2006
28946,Mexico,Sweden,-1,2006
28947,Jordan,Norway,-1,2006
28948,Ecuador,Panama,1,2006
28949,Japan,Kazakhstan,1,2006
28950,Saudi Arabia,Turkmenistan,1,2006
28951,Trinidad and Tobago,Haiti,1,2006
28952,Bahrain,Lebanon,1,2006
28953,Hungary,Saudi Arabia,-1,2006
28954,Iran,Bosnia and Herzegovina,1,2006
28955,Japan,Syria,1,2006
28956,North Korea,Kuwait,-1,2006
28957,Trinidad and Tobago,Haiti,1,2006
28958,South Korea,Egypt,-1,2006
28959,Barbados,Antigua and Barbuda,1,2006
28960,Trinidad and Tobago,Haiti,-1,2006
28961,Cyprus,Austria,-1,2006
28962,Ivory Coast,DR Congo,-1,2006
28963,Latvia,Finland,-1,2006
28964,Albania,Ukraine,-1,2006
28965,Algeria,Burkina Faso,1,2006
28966,Austria,Latvia,-1,2006
28967,Azerbaijan,Moldova,-1,2006
28968,Bahrain,Iran,-1,2006
28969,Bulgaria,Serbia,-1,2006
28970,Cameroon,Senegal,1,2006
28971,Chile,Ecuador,1,2006
28972,Costa Rica,Mexico,-1,2006
28973,Cyprus,Finland,-1,2006
28974,Egypt,Belgium,1,2006
28975,England,Netherlands,-1,2006
28976,France,Sweden,-1,2006
28977,Georgia,Lithuania,1,2006
28978,Germany,Argentina,-1,2006
28979,Greece,Denmark,1,2006
28980,Guinea,Mali,-1,2006
28981,Hong Kong,Brazil,-1,2006
28982,Republic of Ireland,Portugal,1,2006
28983,Israel,Croatia,-1,2006
28984,Italy,Russia,1,2006
28985,Japan,North Korea,1,2006
28986,South Korea,Kuwait,1,2006
28987,North Macedonia,Andorra,-1,2006
28988,Malta,Norway,-1,2006
28989,Morocco,Kenya,1,2006
28990,Northern Ireland,Canada,-1,2006
28991,Panama,Guatemala,-1,2006
28992,Poland,Belarus,-1,2006
28993,Romania,Slovakia,-1,2006
28994,Slovenia,Czech Republic,-1,2006
28995,South Africa,Australia,-1,2006
28996,Spain,San Marino,1,2006
28997,Trinidad and Tobago,United States,-1,2006
28998,United Arab Emirates,Switzerland,-1,2006
28999,Uzbekistan,Saudi Arabia,-1,2006
29000,Venezuela,Estonia,1,2006
29001,Wales,Hungary,1,2006
29002,Occitania,Monaco,-1,2006
29003,Barbados,Guyana,-1,2006
29004,Guatemala,Haiti,1,2006
29005,Costa Rica,Ecuador,-1,2006
29006,El Salvador,Panama,-1,2006
29007,Guatemala,Belize,1,2006
29008,Honduras,Nicaragua,1,2006
29009,Barbados,Cuba,-1,2006
29010,Jamaica,Trinidad and Tobago,1,2006
29011,Belize,Honduras,-1,2006
29012,Costa Rica,El Salvador,1,2006
29013,Guatemala,Nicaragua,1,2006
29014,Barbados,Jamaica,-1,2006
29015,Congo,Angola,-1,2006
29016,Trinidad and Tobago,Cuba,-1,2006
29017,Guatemala,Honduras,-1,2006
29018,Mexico,Colombia,-1,2006
29019,Nicaragua,Belize,1,2006
29020,Panama,Costa Rica,-1,2006
29021,Barbados,Trinidad and Tobago,-1,2006
29022,Cuba,Jamaica,-1,2006
29023,Guatemala,Costa Rica,-1,2006
29024,Honduras,Panama,1,2006
29025,Botswana,Zambia,-1,2006
29026,Mauritius,Madagascar,1,2006
29027,Seychelles,South Africa,-1,2006
29028,Costa Rica,Honduras,-1,2006
29029,Guatemala,Panama,1,2006
29030,Malawi,Zimbabwe,1,2006
29031,Mauritius,South Africa,-1,2006
29032,Hong Kong,Mongolia,1,2006
29033,Guam,Hong Kong,-1,2006
29034,North Korea,Mongolia,1,2006
29035,Mexico,Argentina,-1,2006
29036,Mongolia,Guam,1,2006
29037,United States,Colombia,1,2006
29038,Guam,North Korea,-1,2006
29039,Kenya,Rwanda,-1,2006
29040,Kuwait,Finland,-1,2006
29041,Sudan,Ethiopia,1,2006
29042,Alderney,Guernsey,-1,2006
29043,Hong Kong,North Korea,-1,2006
29044,Saudi Arabia,Egypt,-1,2006
29045,Zimbabwe,Botswana,-1,2006
29046,Kuwait,Armenia,1,2006
29047,Saudi Arabia,Finland,-1,2006
29048,Gabon,Congo,-1,2006
29049,Lesotho,Namibia,-1,2006
29050,United States,Honduras,1,2006
29051,South Korea,Burkina Faso,1,2006
29052,Kenya,Ghana,-1,2006
29053,Iran,Japan,1,2006
29054,North Korea,Bahrain,-1,2006
29055,Kuwait,Uzbekistan,1,2006
29056,Saudi Arabia,South Korea,1,2006
29057,Armenia,Andorra,1,2006
29058,Australia,Iraq,1,2006
29059,Belgium,Bosnia and Herzegovina,1,2006
29060,Bolivia,Argentina,-1,2006
29061,Bulgaria,Sweden,-1,2006
29062,Burkina Faso,Cape Verde,-1,2006
29063,Chile,Uruguay,-1,2006
29064,Costa Rica,Panama,1,2006
29065,Croatia,Iceland,1,2006
29066,Cyprus,Jordan,1,2006
29067,Czech Republic,Finland,1,2006
29068,Denmark,Kazakhstan,1,2006
29069,England,Northern Ireland,1,2006
29070,Estonia,Slovakia,-1,2006
29071,France,Switzerland,-1,2006
29072,Georgia,Greece,-1,2006
29073,Guatemala,Trinidad and Tobago,1,2006
29074,Israel,Republic of Ireland,-1,2006
29075,Italy,Scotland,1,2006
29076,Kenya,Botswana,1,2006
29077,Liechtenstein,Russia,-1,2006
29078,Morocco,Guinea,1,2006
29079,Nigeria,Gabon,1,2006
29080,Poland,Azerbaijan,1,2006
29081,Portugal,Canada,1,2006
29082,Romania,Netherlands,-1,2006
29083,Senegal,Liberia,1,2006
29084,Slovenia,Germany,-1,2006
29085,South Africa,Uganda,1,2006
29086,Spain,China PR,1,2006
29087,Tunisia,Malawi,1,2006
29088,Turkey,Albania,1,2006
29089,Venezuela,Colombia,-1,2006
29090,Wales,Austria,-1,2006
29091,Zambia,Congo,1,2006
29092,Algeria,Rwanda,1,2006
29093,Brazil,Peru,1,2006
29094,Cameroon,Sudan,1,2006
29095,DR Congo,Ghana,-1,2006
29096,Ecuador,Paraguay,1,2006
29097,Egypt,Libya,1,2006
29098,Ivory Coast,Benin,1,2006
29099,Mali,Togo,-1,2006
29100,Mexico,United States,1,2006
29101,Zimbabwe,Angola,1,2006
29102,Australia,Indonesia,1,2006
29103,Bolivia,Venezuela,1,2006
29104,Republic of Ireland,China PR,1,2006
29105,Andorra,Czech Republic,-1,2006
29106,Argentina,Colombia,1,2006
29107,Austria,Wales,1,2006
29108,Bosnia and Herzegovina,Lithuania,-1,2006
29109,Croatia,Malta,1,2006
29110,England,Azerbaijan,1,2006
29111,Estonia,Russia,-1,2006
29112,Georgia,Turkey,-1,2006
29113,Greece,Albania,1,2006
29114,Hungary,Bulgaria,-1,2006
29115,Israel,France,-1,2006
29116,Italy,Iceland,-1,2006
29117,Japan,Bahrain,1,2006
29118,North Korea,Iran,-1,2006
29119,South Korea,Uzbekistan,1,2006
29120,Kuwait,Saudi Arabia,-1,2006
29121,Latvia,Luxembourg,1,2006
29122,North Macedonia,Romania,-1,2006
29123,Moldova,Norway,-1,2006
29124,Netherlands,Armenia,1,2006
29125,Panama,Mexico,-1,2006
29126,Paraguay,Chile,1,2006
29127,Peru,Ecuador,-1,2006
29128,Poland,Northern Ireland,1,2006
29129,San Marino,Belgium,-1,2006
29130,Serbia,Spain,-1,2006
29131,Slovakia,Portugal,-1,2006
29132,Slovenia,Belarus,-1,2006
29133,Switzerland,Cyprus,1,2006
29134,Trinidad and Tobago,Costa Rica,-1,2006
29135,Ukraine,Denmark,1,2006
29136,Uruguay,Brazil,-1,2006
29137,United States,Guatemala,1,2006
29138,Mozambique,Zimbabwe,-1,2006
29139,Namibia,Botswana,-1,2006
29140,Botswana,Zimbabwe,-1,2006
29141,Estonia,Norway,-1,2006
29142,Guatemala,Jamaica,-1,2006
29143,Brazil,Guatemala,1,2006
29144,Mexico,Poland,-1,2006
29145,Guernsey,Jersey,-1,2006
29146,Occitania,Chechnya,1,2006
29147,Ecuador,Paraguay,1,2006
29148,Jersey,Guernsey,-1,2006
29149,Monaco,Occitania,-1,2006
29150,Lithuania,Latvia,1,2006
29151,Japan,Peru,-1,2006
29152,Sudan,Chad,1,2006
29153,Norway,Costa Rica,1,2006
29154,Peru,United Arab Emirates,-1,2006
29155,Trinidad and Tobago,Bermuda,1,2006
29156,Venezuela,Panama,-1,2006
29157,Gibraltar,Monaco,1,2006
29158,Japan,United Arab Emirates,-1,2006
29159,Kuwait,Egypt,-1,2006
29160,Libya,Malawi,-1,2006
29161,Saudi Arabia,Bahrain,-1,2006
29162,Sudan,Chad,-1,2006
29163,Trinidad and Tobago,Bermuda,1,2006
29164,Tunisia,Angola,1,2006
29165,United States,England,-1,2006
29166,Hong Kong,Macau,1,2006
29167,Iran,Azerbaijan,1,2006
29168,Poland,Albania,1,2006
29169,Togo,Burkina Faso,1,2006
29170,Colombia,England,-1,2006
29171,France,Hungary,1,2006
29172,Gabon,Zambia,-1,2006
29173,Lesotho,Eswatini,-1,2006
29174,Finland,Denmark,-1,2006
29175,Bahrain,Japan,-1,2006
29176,Iran,North Korea,1,2006
29177,Libya,Ivory Coast,-1,2006
29178,Saudi Arabia,Kuwait,1,2006
29179,Uzbekistan,South Korea,-1,2006
29180,Albania,Georgia,1,2006
29181,Armenia,North Macedonia,-1,2006
29182,Azerbaijan,Poland,-1,2006
29183,Belarus,Slovenia,-1,2006
29184,Benin,Cameroon,-1,2006
29185,Botswana,Tunisia,-1,2006
29186,Bulgaria,Croatia,-1,2006
29187,Cape Verde,South Africa,-1,2006
29188,Chile,Bolivia,1,2006
29189,Colombia,Peru,1,2006
29190,Czech Republic,Andorra,1,2006
29191,Ecuador,Argentina,1,2006
29192,Estonia,Liechtenstein,1,2006
29193,Faroe Islands,Switzerland,-1,2006
29194,Guatemala,Mexico,-1,2006
29195,Iceland,Hungary,-1,2006
29196,Republic of Ireland,Israel,-1,2006
29197,Jamaica,Honduras,-1,2006
29198,Morocco,Malawi,1,2006
29199,Netherlands,Romania,1,2006
29200,Northern Ireland,Germany,-1,2006
29201,Norway,Italy,-1,2006
29202,Portugal,Slovakia,1,2006
29203,Russia,Latvia,1,2006
29204,San Marino,Bosnia and Herzegovina,-1,2006
29205,Scotland,Moldova,1,2006
29206,Serbia,Belgium,-1,2006
29207,Singapore,Malaysia,1,2006
29208,Spain,Lithuania,1,2006
29209,Sweden,Malta,1,2006
29210,Trinidad and Tobago,Panama,1,2006
29211,Turkey,Greece,-1,2006
29212,Ukraine,Kazakhstan,1,2006
29213,United States,Costa Rica,1,2006
29214,Venezuela,Uruguay,-1,2006
29215,Angola,Algeria,1,2006
29216,Brazil,Paraguay,1,2006
29217,Congo,Senegal,-1,2006
29218,DR Congo,Uganda,1,2006
29219,Egypt,Sudan,1,2006
29220,Ghana,Burkina Faso,1,2006
29221,Guinea,Kenya,1,2006
29222,Mali,Liberia,1,2006
29223,Rwanda,Nigeria,-1,2006
29224,Togo,Zambia,1,2006
29225,Zimbabwe,Gabon,1,2006
29226,Peru,Uruguay,-1,2006
29227,Argentina,Brazil,1,2006
29228,Belarus,Scotland,-1,2006
29229,Chile,Venezuela,1,2006
29230,Colombia,Ecuador,1,2006
29231,Costa Rica,Guatemala,1,2006
29232,Czech Republic,North Macedonia,1,2006
29233,Denmark,Albania,1,2006
29234,Estonia,Portugal,-1,2006
29235,Faroe Islands,Republic of Ireland,-1,2006
29236,Finland,Netherlands,-1,2006
29237,Germany,Russia,-1,2006
29238,Greece,Ukraine,-1,2006
29239,Iceland,Malta,1,2006
29240,Iran,Bahrain,1,2006
29241,Italy,Serbia,-1,2006
29242,Jordan,Iraq,-1,2006
29243,Kazakhstan,Turkey,-1,2006
29244,North Korea,Japan,-1,2006
29245,Kuwait,South Korea,-1,2006
29246,Latvia,Liechtenstein,1,2006
29247,Luxembourg,Slovakia,-1,2006
29248,Malaysia,Singapore,-1,2006
29249,Mexico,Trinidad and Tobago,1,2006
29250,Panama,United States,-1,2006
29251,Paraguay,Bolivia,1,2006
29252,Romania,Armenia,1,2006
29253,Saudi Arabia,Uzbekistan,1,2006
29254,Spain,Bosnia and Herzegovina,-1,2006
29255,Sweden,Norway,-1,2006
29256,Australia,New Zealand,1,2006
29257,Gambia,Guinea,-1,2006
29258,Sierra Leone,Liberia,1,2006
29259,Ecuador,Italy,-1,2006
29260,Lesotho,Malawi,-1,2006
29261,Tunisia,Guinea,1,2006
29262,Zambia,Eswatini,1,2006
29263,Algeria,Mali,-1,2006
29264,Pakistan,India,-1,2006
29265,Sierra Leone,Gambia,1,2006
29266,Zambia,Malawi,1,2006
29267,Sierra Leone,Guinea,1,2006
29268,Argentina,Tunisia,1,2006
29269,Germany,Australia,1,2006
29270,Brazil,Greece,1,2006
29271,Japan,Mexico,-1,2006
29272,Pakistan,India,-1,2006
29273,Australia,Argentina,-1,2006
29274,Burkina Faso,DR Congo,1,2006
29275,Gabon,Rwanda,1,2006
29276,Germany,Tunisia,1,2006
29277,Kenya,Morocco,-1,2006
29278,Malawi,Botswana,-1,2006
29279,Nigeria,Angola,-1,2006
29280,Pakistan,India,1,2006
29281,Senegal,Togo,-1,2006
29282,South Africa,Ghana,-1,2006
29283,Uganda,Cape Verde,1,2006
29284,Zambia,Mali,1,2006
29285,Algeria,Zimbabwe,-1,2006
29286,Cameroon,Libya,1,2006
29287,China PR,Costa Rica,-1,2006
29288,Greece,Japan,-1,2006
29289,Ivory Coast,Egypt,1,2006
29290,Liberia,Congo,-1,2006
29291,Mexico,Brazil,1,2006
29292,Australia,Tunisia,-1,2006
29293,Germany,Argentina,-1,2006
29294,China PR,Costa Rica,1,2006
29295,Greece,Mexico,-1,2006
29296,Japan,Brazil,-1,2006
29297,Chechnya,Ambazonia,-1,2006
29298,Germany,Brazil,-1,2006
29299,Mexico,Argentina,-1,2006
29300,Mozambique,Lesotho,1,2006
29301,Brazil,Argentina,1,2006
29302,Germany,Mexico,1,2006
29303,Botswana,DR Congo,-1,2006
29304,Canada,Honduras,-1,2006
29305,Colombia,Panama,-1,2006
29306,Trinidad and Tobago,Honduras,-1,2006
29307,Canada,Costa Rica,-1,2006
29308,United States,Cuba,1,2006
29309,Guatemala,Jamaica,-1,2006
29310,South Africa,Mexico,1,2006
29311,Costa Rica,Cuba,1,2006
29312,United States,Canada,1,2006
29313,Honduras,Colombia,1,2006
29314,Jamaica,South Africa,-1,2006
29315,Mexico,Guatemala,1,2006
29316,Panama,Trinidad and Tobago,-1,2006
29317,Saare County,Åland Islands,1,2006
29318,Shetland,Falkland Islands,1,2006
29319,Guernsey,Orkney,1,2006
29320,Greenland,Ynys Môn,-1,2006
29321,Shetland,Åland Islands,1,2006
29322,Isle of Man,Saare County,-1,2006
29323,Orkney,Greenland,-1,2006
29324,Guernsey,Western Isles,1,2006
29325,Canada,Cuba,1,2006
29326,Colombia,Trinidad and Tobago,1,2006
29327,Honduras,Panama,1,2006
29328,United States,Costa Rica,-1,2006
29329,Saare County,Falkland Islands,-1,2006
29330,Åland Islands,Isle of Man,-1,2006
29331,Orkney,Ynys Môn,-1,2006
29332,Western Isles,Greenland,-1,2006
29333,Guatemala,South Africa,-1,2006
29334,Mexico,Jamaica,1,2006
29335,Shetland,Saare County,-1,2006
29336,Falkland Islands,Isle of Man,-1,2006
29337,Ynys Môn,Western Isles,-1,2006
29338,Greenland,Guernsey,-1,2006
29339,Shetland,Isle of Man,-1,2006
29340,Åland Islands,Falkland Islands,1,2006
29341,Guernsey,Ynys Môn,1,2006
29342,Western Isles,Orkney,1,2006
29343,Orkney,Falkland Islands,1,2006
29344,Åland Islands,Greenland,1,2006
29345,Ynys Môn,Saare County,1,2006
29346,Western Isles,Isle of Man,1,2006
29347,Shetland,Guernsey,1,2006
29348,Honduras,Costa Rica,1,2006
29349,United States,Jamaica,1,2006
29350,Mexico,Colombia,-1,2006
29351,South Africa,Panama,-1,2006
29352,Colombia,Panama,-1,2006
29353,United States,Honduras,1,2006
29354,United States,Panama,-1,2006
29355,Kuwait,United Arab Emirates,-1,2006
29356,Egypt,United Arab Emirates,-1,2006
29357,North Korea,Japan,1,2006
29358,South Korea,China PR,-1,2006
29359,Bahrain,Turkmenistan,1,2006
29360,Japan,China PR,-1,2006
29361,South Korea,North Korea,-1,2006
29362,Bahrain,Iraq,-1,2006
29363,China PR,North Korea,1,2006
29364,South Korea,Japan,-1,2006
29365,Botswana,Angola,-1,2006
29366,Angola,Botswana,-1,2006
29367,Fiji,India,1,2006
29368,Angola,Zimbabwe,-1,2006
29369,Cyprus,Iraq,1,2006
29370,South Africa,Zambia,-1,2006
29371,Fiji,India,1,2006
29372,South Korea,North Korea,1,2006
29373,Zambia,Zimbabwe,-1,2006
29374,Poland,Serbia,1,2006
29375,Ukraine,Israel,-1,2006
29376,DR Congo,Guinea,1,2006
29377,Albania,Azerbaijan,1,2006
29378,Angola,Cape Verde,1,2006
29379,Austria,Scotland,-1,2006
29380,Bahrain,North Korea,-1,2006
29381,Belgium,Greece,1,2006
29382,Bulgaria,Turkey,1,2006
29383,Croatia,Brazil,-1,2006
29384,Denmark,England,1,2006
29385,Ecuador,Venezuela,1,2006
29386,Estonia,Bosnia and Herzegovina,1,2006
29387,Faroe Islands,Cyprus,-1,2006
29388,France,Ivory Coast,1,2006
29389,Guatemala,Panama,1,2006
29390,Hungary,Argentina,-1,2006
29391,Iceland,South Africa,1,2006
29392,Republic of Ireland,Italy,-1,2006
29393,Japan,Iran,1,2006
29394,Jordan,Armenia,-1,2006
29395,Kazakhstan,Georgia,-1,2006
29396,South Korea,Saudi Arabia,-1,2006
29397,Latvia,Russia,-1,2006
29398,Libya,Nigeria,-1,2006
29399,Liechtenstein,Slovakia,-1,2006
29400,Lithuania,Belarus,1,2006
29401,North Macedonia,Finland,-1,2006
29402,Malta,Northern Ireland,-1,2006
29403,Mexico,Costa Rica,1,2006
29404,Morocco,Togo,-1,2006
29405,Netherlands,Germany,-1,2006
29406,Norway,Switzerland,-1,2006
29407,Paraguay,El Salvador,1,2006
29408,Peru,Chile,1,2006
29409,Poland,Israel,1,2006
29410,Portugal,Egypt,1,2006
29411,Romania,Andorra,1,2006
29412,Senegal,Ghana,-1,2006
29413,Spain,Uruguay,1,2006
29414,Sudan,Benin,1,2006
29415,Sweden,Czech Republic,1,2006
29416,Tunisia,Kenya,1,2006
29417,Ukraine,Serbia,1,2006
29418,United States,Trinidad and Tobago,1,2006
29419,Uzbekistan,Kuwait,1,2006
29420,Wales,Slovenia,-1,2006
29421,Iran,Libya,1,2006
29422,Zimbabwe,Mozambique,-1,2006
29423,Libya,Sudan,-1,2006
29424,Albania,Kazakhstan,1,2006
29425,Andorra,Finland,-1,2006
29426,Armenia,Netherlands,-1,2006
29427,Australia,Solomon Islands,1,2006
29428,Bolivia,Ecuador,-1,2006
29429,Bosnia and Herzegovina,Belgium,1,2006
29430,Burkina Faso,South Africa,1,2006
29431,Estonia,Latvia,1,2006
29432,France,Faroe Islands,1,2006
29433,Georgia,Ukraine,-1,2006
29434,Hungary,Malta,1,2006
29435,Iceland,Croatia,-1,2006
29436,Kenya,Tunisia,-1,2006
29437,Mali,Congo,1,2006
29438,Moldova,Belarus,1,2006
29439,Morocco,Botswana,1,2006
29440,Northern Ireland,Azerbaijan,1,2006
29441,Panama,Costa Rica,-1,2006
29442,Paraguay,Argentina,1,2006
29443,Poland,Austria,1,2006
29444,Portugal,Luxembourg,1,2006
29445,Romania,Czech Republic,1,2006
29446,Russia,Liechtenstein,1,2006
29447,Scotland,Italy,-1,2006
29448,Serbia,Lithuania,1,2006
29449,Slovakia,Germany,1,2006
29450,Slovenia,Norway,-1,2006
29451,Spain,Canada,1,2006
29452,Sweden,Bulgaria,1,2006
29453,Switzerland,Israel,-1,2006
29454,Trinidad and Tobago,Guatemala,1,2006
29455,Turkey,Denmark,-1,2006
29456,United States,Mexico,1,2006
29457,Venezuela,Peru,1,2006
29458,Wales,England,-1,2006
29459,Zambia,Senegal,-1,2006
29460,Algeria,Nigeria,-1,2006
29461,Angola,Gabon,1,2006
29462,Brazil,Chile,1,2006
29463,DR Congo,Cape Verde,1,2006
29464,Egypt,Benin,1,2006
29465,Ghana,Uganda,1,2006
29466,Guinea,Malawi,1,2006
29467,Ivory Coast,Cameroon,-1,2006
29468,Togo,Liberia,1,2006
29469,Uruguay,Colombia,1,2006
29470,Zimbabwe,Rwanda,1,2006
29471,Solomon Islands,Australia,-1,2006
29472,Azerbaijan,Austria,-1,2006
29473,Belarus,Italy,-1,2006
29474,Belgium,San Marino,1,2006
29475,Bulgaria,Iceland,1,2006
29476,Costa Rica,Trinidad and Tobago,1,2006
29477,Cyprus,Switzerland,-1,2006
29478,Czech Republic,Armenia,1,2006
29479,Denmark,Georgia,1,2006
29480,Faroe Islands,Israel,-1,2006
29481,Finland,North Macedonia,1,2006
29482,Germany,South Africa,1,2006
29483,Guatemala,United States,-1,2006
29484,Hungary,Sweden,-1,2006
29485,Republic of Ireland,France,-1,2006
29486,Japan,Honduras,1,2006
29487,Kazakhstan,Greece,-1,2006
29488,Latvia,Slovakia,-1,2006
29489,Liechtenstein,Luxembourg,1,2006
29490,Lithuania,Bosnia and Herzegovina,-1,2006
29491,Malta,Croatia,-1,2006
29492,Mexico,Panama,1,2006
29493,Moldova,Slovenia,-1,2006
29494,Netherlands,Andorra,1,2006
29495,Northern Ireland,England,1,2006
29496,Norway,Scotland,-1,2006
29497,Poland,Wales,1,2006
29498,Russia,Portugal,-1,2006
29499,Spain,Serbia,-1,2006
29500,Ukraine,Turkey,-1,2006
29501,United Arab Emirates,Benin,-1,2006
29502,Malawi,Zimbabwe,1,2006
29503,Mozambique,Zimbabwe,1,2006
29504,Zambia,DR Congo,-1,2006
29505,DR Congo,Zambia,-1,2006
29506,Guyana,Dominica,1,2006
29507,Guatemala,Jamaica,-1,2006
29508,Liberia,Zambia,-1,2006
29509,Guyana,Dominica,1,2006
29510,Poland,Iceland,1,2006
29511,Belgium,Spain,-1,2006
29512,Bosnia and Herzegovina,San Marino,1,2006
29513,Botswana,Guinea,-1,2006
29514,Bulgaria,Hungary,1,2006
29515,Cameroon,Egypt,-1,2006
29516,Cape Verde,Ghana,-1,2006
29517,Colombia,Chile,-1,2006
29518,Congo,Togo,-1,2006
29519,Costa Rica,United States,1,2006
29520,Croatia,Sweden,1,2006
29521,Cyprus,Republic of Ireland,-1,2006
29522,Czech Republic,Netherlands,-1,2006
29523,Denmark,Greece,1,2006
29524,Ecuador,Uruguay,-1,2006
29525,England,Austria,1,2006
29526,Finland,Romania,-1,2006
29527,Gabon,Algeria,-1,2006
29528,Georgia,Kazakhstan,-1,2006
29529,Israel,Faroe Islands,1,2006
29530,Italy,Slovenia,1,2006
29531,Latvia,Japan,-1,2006
29532,Lithuania,Serbia,-1,2006
29533,Malawi,Kenya,1,2006
29534,Mexico,Guatemala,1,2006
29535,Nigeria,Zimbabwe,1,2006
29536,Northern Ireland,Wales,-1,2006
29537,Norway,Moldova,1,2006
29538,Panama,Trinidad and Tobago,-1,2006
29539,Portugal,Liechtenstein,1,2006
29540,Russia,Luxembourg,1,2006
29541,Rwanda,Angola,-1,2006
29542,Scotland,Belarus,-1,2006
29543,Senegal,Mali,1,2006
29544,Slovakia,Estonia,1,2006
29545,South Africa,DR Congo,-1,2006
29546,Sudan,Ivory Coast,-1,2006
29547,Switzerland,France,-1,2006
29548,Tunisia,Morocco,-1,2006
29549,Turkey,Germany,1,2006
29550,Uganda,Burkina Faso,-1,2006
29551,Ukraine,Albania,-1,2006
29552,Uzbekistan,Bahrain,-1,2006
29553,Venezuela,Paraguay,-1,2006
29554,Argentina,Peru,1,2006
29555,Australia,Jamaica,1,2006
29556,Benin,Libya,1,2006
29557,Bolivia,Brazil,-1,2006
29558,Cambodia,Singapore,-1,2006
29559,Qatar,Iraq,-1,2006
29560,United Arab Emirates,Oman,-1,2006
29561,Albania,Turkey,-1,2006
29562,Andorra,Armenia,-1,2006
29563,Austria,Northern Ireland,1,2006
29564,Bahrain,Uzbekistan,-1,2006
29565,Belarus,Norway,-1,2006
29566,Brazil,Venezuela,1,2006
29567,Chile,Ecuador,-1,2006
29568,England,Poland,1,2006
29569,Finland,Czech Republic,-1,2006
29570,France,Cyprus,1,2006
29571,Germany,China PR,1,2006
29572,Greece,Georgia,1,2006
29573,Guatemala,Costa Rica,1,2006
29574,Hungary,Croatia,-1,2006
29575,Republic of Ireland,Switzerland,-1,2006
29576,Italy,Moldova,1,2006
29577,Kazakhstan,Denmark,-1,2006
29578,South Korea,Iran,1,2006
29579,Lithuania,Belgium,-1,2006
29580,Luxembourg,Estonia,-1,2006
29581,Malta,Bulgaria,-1,2006
29582,Netherlands,North Macedonia,-1,2006
29583,Paraguay,Colombia,-1,2006
29584,Peru,Bolivia,1,2006
29585,Portugal,Latvia,1,2006
29586,San Marino,Spain,-1,2006
29587,Serbia,Bosnia and Herzegovina,1,2006
29588,Slovakia,Russia,-1,2006
29589,Slovenia,Scotland,-1,2006
29590,Sweden,Iceland,1,2006
29591,Trinidad and Tobago,Mexico,1,2006
29592,Ukraine,Japan,1,2006
29593,Uruguay,Argentina,1,2006
29594,United States,Panama,1,2006
29595,Wales,Azerbaijan,1,2006
29596,Kernow,Jersey,1,2006
29597,Madagascar,Mauritius,1,2006
29598,Oman,Syria,-1,2006
29599,Mexico,Uruguay,1,2006
29600,Bahrain,Panama,1,2006
29601,Puerto Rico,Guadeloupe,-1,2006
29602,Zanzibar,Tanzania,-1,2006
29603,France,Costa Rica,1,2006
29604,Tajikistan,Afghanistan,1,2006
29605,Tanzania,Zanzibar,1,2006
29606,DR Congo,Tunisia,-1,2006
29607,Paraguay,Togo,1,2006
29608,Belarus,Latvia,1,2006
29609,Bulgaria,Georgia,1,2006
29610,England,Argentina,1,2006
29611,Finland,Estonia,-1,2006
29612,France,Germany,-1,2006
29613,South Korea,Sweden,-1,2006
29614,Liechtenstein,North Macedonia,-1,2006
29615,Netherlands,Italy,-1,2006
29616,Norway,Czech Republic,-1,2006
29617,Portugal,Croatia,1,2006
29618,Romania,Ivory Coast,-1,2006
29619,Scotland,United States,-1,2006
29620,South Africa,Senegal,-1,2006
29621,Spain,Slovakia,1,2006
29622,Switzerland,Turkey,1,2006
29623,Trinidad and Tobago,Bahrain,-1,2006
29624,United Arab Emirates,Brazil,-1,2006
29625,Uruguay,Australia,1,2006
29626,China PR,Serbia,-1,2006
29627,Ecuador,Poland,-1,2006
29628,Iran,Togo,1,2006
29629,Saudi Arabia,Ghana,-1,2006
29630,Morocco,Cameroon,-1,2006
29631,Northern Ireland,Portugal,-1,2006
29632,Australia,Uruguay,1,2006
29633,Bahrain,Trinidad and Tobago,-1,2006
29634,Cyprus,Wales,1,2006
29635,Czech Republic,Norway,1,2006
29636,Egypt,Tunisia,-1,2006
29637,Georgia,Jordan,1,2006
29638,Greece,Hungary,1,2006
29639,Ivory Coast,Italy,-1,2006
29640,Japan,Angola,1,2006
29641,South Korea,Serbia,1,2006
29642,Libya,DR Congo,1,2006
29643,Luxembourg,Canada,-1,2006
29644,Mexico,Bulgaria,-1,2006
29645,Poland,Estonia,1,2006
29646,Qatar,Argentina,-1,2006
29647,Romania,Nigeria,1,2006
29648,Slovakia,Spain,-1,2006
29649,Syria,United Arab Emirates,-1,2006
29650,Turkey,Switzerland,1,2006
29651,Guinea,Guinea-Bissau,-1,2006
29652,Guinea-Bissau,Sierra Leone,-1,2006
29653,Guinea,Sierra Leone,1,2006
29654,Sudan,Ethiopia,-1,2006
29655,Kuwait,Iraq,-1,2006
29656,Rwanda,Zanzibar,-1,2006
29657,Djibouti,Somalia,-1,2006
29658,Ethiopia,Uganda,-1,2006
29659,Burundi,Tanzania,-1,2006
29660,Eritrea,Zanzibar,-1,2006
29661,Somalia,Sudan,-1,2006
29662,Burundi,Zanzibar,-1,2006
29663,Djibouti,Uganda,-1,2006
29664,Rwanda,Eritrea,1,2006
29665,Ethiopia,Sudan,1,2006
29666,Iraq,Palestine,1,2006
29667,Somalia,Uganda,-1,2006
29668,Burundi,Eritrea,-1,2006
29669,Tanzania,Zanzibar,-1,2006
29670,United Arab Emirates,Libya,-1,2006
29671,Djibouti,Ethiopia,-1,2006
29672,Oman,Syria,-1,2006
29673,Saudi Arabia,Palestine,1,2006
29674,Sudan,Uganda,-1,2006
29675,Bahrain,Syria,-1,2006
29676,Eritrea,Tanzania,-1,2006
29677,Rwanda,Burundi,1,2006
29678,Djibouti,Sudan,-1,2006
29679,Ethiopia,Somalia,1,2006
29680,Iraq,Saudi Arabia,1,2006
29681,Bahrain,Oman,-1,2006
29682,Rwanda,Tanzania,1,2006
29683,Maldives,Afghanistan,1,2006
29684,Pakistan,Sri Lanka,1,2006
29685,Bangladesh,Bhutan,1,2006
29686,India,Nepal,1,2006
29687,Iraq,Saudi Arabia,1,2006
29688,Rwanda,Uganda,1,2006
29689,Zanzibar,Ethiopia,-1,2006
29690,Maldives,Sri Lanka,1,2006
29691,Pakistan,Afghanistan,1,2006
29692,Bangladesh,Nepal,1,2006
29693,India,Bhutan,1,2006
29694,Rwanda,Ethiopia,-1,2006
29695,Syria,Iraq,-1,2006
29696,Zanzibar,Uganda,-1,2006
29697,DR Congo,Zambia,-1,2006
29698,Pakistan,Maldives,-1,2006
29699,Sri Lanka,Afghanistan,-1,2006
29700,Bangladesh,India,-1,2006
29701,Nepal,Bhutan,1,2006
29702,Maldives,India,-1,2006
29703,Mexico,Hungary,1,2006
29704,Pakistan,Bangladesh,-1,2006
29705,Zambia,DR Congo,1,2006
29706,Mauritius,Réunion,-1,2006
29707,Bangladesh,India,-1,2006
29708,Occitania,Monaco,-1,2006
29709,Antigua and Barbuda,Hungary,-1,2006
29710,Réunion,Mauritius,-1,2006
29711,Bangladesh,Pakistan,-1,2006
29712,Thailand,Latvia,-1,2006
29713,Galicia,Uruguay,1,2006
29714,North Korea,Latvia,-1,2006
29715,Pakistan,Bangladesh,-1,2006
29716,Ecuador,Senegal,-1,2006
29717,Egypt,Uganda,1,2006
29718,Thailand,North Korea,-1,2006
29719,Basque Country,Cameroon,-1,2006
29720,Catalonia,Paraguay,-1,2006
29721,Andalusia,China PR,1,2006
29722,Ecuador,Uganda,-1,2006
29723,Egypt,Senegal,1,2006
29724,Latvia,North Korea,1,2006
29725,Qatar,Libya,1,2010
29726,Egypt,Zimbabwe,1,2010
29727,Guinea,Togo,1,2010
29728,Morocco,DR Congo,1,2010
29729,Ghana,Togo,-1,2010
29730,Tunisia,Libya,1,2010
29731,Egypt,South Africa,-1,2010
29732,Morocco,Zimbabwe,1,2010
29733,Senegal,DR Congo,-1,2010
29734,Tunisia,Ghana,1,2010
29735,Ivory Coast,Jordan,1,2010
29736,Morocco,Angola,-1,2010
29737,Saudi Arabia,Sweden,-1,2010
29738,United Arab Emirates,South Korea,1,2010
29739,Egypt,Libya,1,2010
29740,Cameroon,Angola,1,2010
29741,Greece,South Korea,-1,2010
29742,Morocco,Ivory Coast,-1,2010
29743,Saudi Arabia,Finland,-1,2010
29744,Togo,DR Congo,-1,2010
29745,South Africa,Guinea,-1,2010
29746,Tunisia,Zambia,1,2010
29747,United States,Canada,-1,2010
29748,Jordan,Sweden,-1,2010
29749,Nigeria,Ghana,1,2010
29750,Zimbabwe,Senegal,-1,2010
29751,Egypt,Morocco,-1,2010
29752,Libya,Ivory Coast,-1,2010
29753,Angola,DR Congo,-1,2010
29754,Cameroon,Togo,1,2010
29755,Ecuador,Honduras,1,2010
29756,Finland,South Korea,-1,2010
29757,Mexico,Norway,1,2010
29758,Saudi Arabia,Greece,-1,2010
29759,Tunisia,South Africa,1,2010
29760,Zambia,Guinea,-1,2010
29761,Ghana,Senegal,1,2010
29762,Nigeria,Zimbabwe,1,2010
29763,Northern Cyprus,Kyrgyzstan,1,2010
29764,Saudi Arabia,Lebanon,-1,2010
29765,Egypt,Ivory Coast,1,2010
29766,Libya,Morocco,-1,2010
29767,Angola,Togo,1,2010
29768,Cameroon,DR Congo,1,2010
29769,South Korea,Croatia,1,2010
29770,United States,Norway,1,2010
29771,Bahrain,Syria,-1,2010
29772,Tunisia,Guinea,-1,2010
29773,Zambia,South Africa,1,2010
29774,Ghana,Zimbabwe,-1,2010
29775,Nigeria,Senegal,1,2010
29776,Hong Kong,Croatia,-1,2010
29777,Thailand,Jordan,-1,2010
29778,Egypt,DR Congo,1,2010
29779,Guinea,Senegal,-1,2010
29780,Cameroon,Ivory Coast,-1,2010
29781,Nigeria,Tunisia,-1,2010
29782,Oman,Singapore,1,2010
29783,Egypt,Senegal,1,2010
29784,Kuwait,Jordan,1,2010
29785,Nigeria,Ivory Coast,-1,2010
29786,Syria,Palestine,1,2010
29787,Senegal,Nigeria,-1,2010
29788,Egypt,Ivory Coast,-1,2010
29789,United States,Japan,1,2010
29790,Costa Rica,South Korea,1,2010
29791,China PR,Honduras,-1,2010
29792,Oman,Iraq,1,2010
29793,Jordan,Kazakhstan,1,2010
29794,Qatar,Tajikistan,1,2010
29795,Saudi Arabia,Syria,-1,2010
29796,Hong Kong,Singapore,-1,2010
29797,Mexico,South Korea,-1,2010
29798,Bahrain,Palestine,-1,2010
29799,Thailand,Iraq,1,2010
29800,Hong Kong,India,-1,2010
29801,Japan,Finland,1,2010
29802,Pakistan,Palestine,-1,2010
29803,Monaco,Chechnya,1,2010
29804,New Zealand,Malaysia,1,2010
29805,United States,Guatemala,1,2010
29806,Bahrain,Australia,-1,2010
29807,China PR,Palestine,1,2010
29808,Hong Kong,Qatar,-1,2010
29809,Iran,Taiwan,1,2010
29810,Japan,India,1,2010
29811,Jordan,Pakistan,1,2010
29812,Lebanon,Kuwait,-1,2010
29813,Singapore,Iraq,1,2010
29814,Syria,South Korea,-1,2010
29815,United Arab Emirates,Oman,1,2010
29816,Uzbekistan,Bangladesh,1,2010
29817,Yemen,Saudi Arabia,-1,2010
29818,New Zealand,Malaysia,1,2010
29819,Guyana,Antigua and Barbuda,1,2010
29820,Kazakhstan,North Korea,-1,2010
29821,Saint Kitts and Nevis,Saint Martin,1,2010
29822,Guyana,Antigua and Barbuda,1,2010
29823,Algeria,Burkina Faso,-1,2010
29824,Azerbaijan,Ukraine,-1,2010
29825,Bosnia and Herzegovina,Japan,-1,2010
29826,Cyprus,Slovenia,-1,2010
29827,Finland,Kazakhstan,-1,2010
29828,Greece,Belarus,1,2010
29829,Iceland,Trinidad and Tobago,-1,2010
29830,Romania,Armenia,1,2010
29831,Albania,Lithuania,-1,2010
29832,Argentina,Croatia,-1,2010
29833,Austria,Canada,-1,2010
29834,Bangladesh,Hong Kong,-1,2010
29835,Cyprus,Armenia,1,2010
29836,England,Uruguay,1,2010
29837,Finland,Belarus,-1,2010
29838,France,Slovakia,-1,2010
29839,India,Yemen,-1,2010
29840,Iran,Costa Rica,1,2010
29841,Iraq,China PR,1,2010
29842,Republic of Ireland,Sweden,1,2010
29843,Israel,Denmark,-1,2010
29844,Italy,Germany,1,2010
29845,Kazakhstan,Greece,-1,2010
29846,South Korea,Angola,1,2010
29847,Kuwait,Bahrain,-1,2010
29848,Luxembourg,Belgium,-1,2010
29849,North Macedonia,Bulgaria,-1,2010
29850,Malta,Georgia,-1,2010
29851,Mexico,Ghana,1,2010
29852,Netherlands,Ecuador,1,2010
29853,Northern Ireland,Estonia,1,2010
29854,Oman,Jordan,1,2010
29855,Pakistan,United Arab Emirates,-1,2010
29856,Palestine,Singapore,1,2010
29857,Poland,United States,-1,2010
29858,Qatar,Uzbekistan,1,2010
29859,Russia,Brazil,-1,2010
29860,Saudi Arabia,Portugal,-1,2010
29861,Scotland,Switzerland,-1,2010
29862,Senegal,Norway,1,2010
29863,Slovenia,Romania,-1,2010
29864,Spain,Ivory Coast,1,2010
29865,Tunisia,Serbia,-1,2010
29866,Turkey,Czech Republic,-1,2010
29867,Venezuela,Colombia,-1,2010
29868,Wales,Paraguay,-1,2010
29869,Saudi Arabia,Iraq,-1,2010
29870,Alderney,Jersey,-1,2010
29871,Albania,Georgia,-1,2010
29872,Germany,United States,1,2010
29873,Thailand,Philippines,1,2010
29874,Saudi Arabia,Poland,-1,2010
29875,Equatorial Guinea,Benin,1,2010
29876,Mexico,Paraguay,1,2010
29877,Japan,Ecuador,1,2010
29878,Bangladesh,Cambodia,1,2010
29879,Palestine,Guam,1,2010
29880,Tanzania,Zanzibar,-1,2010
29881,Kyrgyzstan,Pakistan,-1,2010
29882,Nepal,Bhutan,1,2010
29883,Sri Lanka,Brunei,1,2010
29884,Tajikistan,Macau,1,2010
29885,Afghanistan,Taiwan,-1,2010
29886,Bangladesh,Guam,1,2010
29887,Cambodia,Palestine,-1,2010
29888,Bhutan,Sri Lanka,-1,2010
29889,Brunei,Nepal,1,2010
29890,Pakistan,Tajikistan,-1,2010
29891,Bangladesh,Palestine,-1,2010
29892,Philippines,Afghanistan,-1,2010
29893,Bhutan,Brunei,-1,2010
29894,Cambodia,Guam,1,2010
29895,Pakistan,Macau,-1,2010
29896,Sri Lanka,Nepal,-1,2010
29897,Tajikistan,Kyrgyzstan,-1,2010
29898,Macau,Kyrgyzstan,-1,2010
29899,Sri Lanka,Taiwan,1,2010
29900,Palestine,Kyrgyzstan,-1,2010
29901,Bangladesh,Tajikistan,-1,2010
29902,United States,Jamaica,-1,2010
29903,Azerbaijan,Turkey,-1,2010
29904,Sri Lanka,Nepal,-1,2010
29905,Tajikistan,Kyrgyzstan,1,2010
29906,Lesotho,Eswatini,1,2010
29907,Lesotho,Eswatini,-1,2010
29908,Sri Lanka,Tajikistan,-1,2010
29909,Kosovo,Monaco,1,2010
29910,Chile,New Zealand,1,2010
29911,Chile,New Zealand,1,2010
29912,Angola,Mauritius,1,2010
29913,Lesotho,Mozambique,-1,2010
29914,Lesotho,Angola,-1,2010
29915,Mauritius,Mozambique,-1,2010
29916,Jersey,Guernsey,1,2010
29917,Poland,Lithuania,-1,2010
29918,United Arab Emirates,Syria,1,2010
29919,Mexico,Venezuela,1,2010
29920,Japan,Bulgaria,-1,2010
29921,Lesotho,South Africa,-1,2010
29922,Trinidad and Tobago,Peru,-1,2010
29923,Belgium,Saudi Arabia,1,2010
29924,Bulgaria,Scotland,-1,2010
29925,Mexico,DR Congo,1,2010
29926,Japan,Scotland,-1,2010
29927,Botswana,Zambia,-1,2010
29928,Poland,Faroe Islands,1,2010
29929,Saudi Arabia,Togo,1,2010
29930,Moldova,Azerbaijan,-1,2010
29931,Botswana,Madagascar,1,2010
29932,Guadeloupe,Saint Lucia,1,2010
29933,Slovakia,Belgium,-1,2010
29934,South Africa,Eswatini,1,2010
29935,Botswana,South Africa,-1,2010
29936,Madagascar,Eswatini,-1,2010
29937,Northern Ireland,Uruguay,-1,2010
29938,Basque Country,Wales,-1,2010
29939,Austria,Croatia,-1,2010
29940,South Korea,Senegal,-1,2010
29941,Romania,Uruguay,-1,2010
29942,United States,Morocco,-1,2010
29943,Belgium,Turkey,-1,2010
29944,Colombia,Ecuador,-1,2010
29945,Hungary,New Zealand,1,2010
29946,Republic of Ireland,Chile,-1,2010
29947,Norway,Paraguay,-1,2010
29948,Catalonia,Costa Rica,1,2010
29949,Australia,Greece,1,2010
29950,Sweden,Finland,-1,2010
29951,Czech Republic,Saudi Arabia,1,2010
29952,South Korea,Bosnia and Herzegovina,1,2010
29953,Romania,Northern Ireland,1,2010
29954,Turkey,Ghana,-1,2010
29955,United States,Venezuela,1,2010
29956,Denmark,Paraguay,-1,2010
29957,France,Mexico,1,2010
29958,Georgia,New Zealand,-1,2010
29959,Germany,Luxembourg,1,2010
29960,Netherlands,Cameroon,1,2010
29961,Portugal,Cape Verde,1,2010
29962,Romania,Colombia,-1,2010
29963,Serbia,Uruguay,-1,2010
29964,Spain,Russia,-1,2010
29965,Switzerland,Ivory Coast,-1,2010
29966,Wales,Trinidad and Tobago,1,2010
29967,Croatia,Iran,-1,2010
29968,North Macedonia,Ecuador,1,2010
29969,Morocco,Mali,-1,2010
29970,Turkey,Estonia,-1,2010
29971,Ukraine,Costa Rica,1,2010
29972,United States,Latvia,1,2010
29973,Jamaica,Ghana,-1,2010
29974,Northern Cyprus,Greenland,1,2010
29975,Republic of St. Pauli,Gibraltar,-1,2010
29976,Argentina,Angola,1,2010
29977,Chile,Ivory Coast,-1,2010
29978,Czech Republic,Costa Rica,1,2010
29979,England,Hungary,1,2010
29980,Germany,Japan,-1,2010
29981,Libya,Uruguay,-1,2010
29982,Poland,Colombia,-1,2010
29983,Tunisia,Belarus,1,2010
29984,Zanzibar,Northern Cyprus,-1,2010
29985,Republic of St. Pauli,Tibet,1,2010
29986,Estonia,New Zealand,-1,2010
29987,France,Denmark,1,2010
29988,Georgia,Paraguay,-1,2010
29989,Gibraltar,Tibet,1,2010
29990,Greenland,Zanzibar,-1,2010
29991,Iran,Bosnia and Herzegovina,1,2010
29992,Saudi Arabia,Turkey,-1,2010
29993,Singapore,Malaysia,-1,2010
29994,Slovenia,Trinidad and Tobago,1,2010
29995,Switzerland,Italy,-1,2010
29996,Netherlands,Mexico,1,2010
29997,Northern Cyprus,Gibraltar,1,2010
29998,Republic of St. Pauli,Zanzibar,-1,2010
29999,Norway,South Korea,-1,2010
30000,Angola,Turkey,-1,2010
30001,Germany,Colombia,1,2010
30002,Italy,Ukraine,-1,2010
30003,Libya,Belarus,-1,2010
30004,Liechtenstein,Togo,-1,2010
30005,Sweden,Chile,-1,2010
30006,Tunisia,Uruguay,-1,2010
30007,Croatia,Poland,-1,2010
30008,Czech Republic,Trinidad and Tobago,1,2010
30009,England,Jamaica,1,2010
30010,Luxembourg,Portugal,-1,2010
30011,Macau,Hong Kong,-1,2010
30012,Malaysia,Singapore,-1,2010
30013,Republic of St. Pauli,Gibraltar,-1,2010
30014,Northern Cyprus,Zanzibar,-1,2010
30015,Spain,Egypt,1,2010
30016,Switzerland,China PR,1,2010
30017,Algeria,Sudan,1,2010
30018,Brazil,New Zealand,1,2010
30019,Colombia,Morocco,1,2010
30020,Ghana,South Korea,1,2010
30021,Japan,Malta,1,2010
30022,Netherlands,Australia,-1,2010
30023,Slovenia,Ivory Coast,-1,2010
30024,Turkey,North Macedonia,-1,2010
30025,Ukraine,Libya,1,2010
30026,Australia,Liechtenstein,1,2010
30027,France,China PR,1,2010
30028,Spain,Croatia,1,2010
30029,Luxembourg,Ukraine,-1,2010
30030,Germany,Costa Rica,1,2010
30031,Poland,Ecuador,-1,2010
30032,Argentina,Ivory Coast,1,2010
30033,England,Paraguay,1,2010
30034,Trinidad and Tobago,Sweden,-1,2010
30035,Angola,Portugal,-1,2010
30036,Mexico,Iran,1,2010
30037,Serbia,Netherlands,-1,2010
30038,Australia,Japan,1,2010
30039,Italy,Ghana,1,2010
30040,United States,Czech Republic,-1,2010
30041,Brazil,Croatia,1,2010
30042,France,Switzerland,-1,2010
30043,South Korea,Togo,1,2010
30044,Germany,Poland,1,2010
30045,Spain,Ukraine,1,2010
30046,Tunisia,Saudi Arabia,-1,2010
30047,Ecuador,Costa Rica,1,2010
30048,England,Trinidad and Tobago,1,2010
30049,Sweden,Paraguay,1,2010
30050,Argentina,Serbia,1,2010
30051,Mexico,Angola,-1,2010
30052,Netherlands,Ivory Coast,1,2010
30053,Czech Republic,Ghana,-1,2010
30054,Italy,United States,-1,2010
30055,Portugal,Iran,1,2010
30056,Brazil,Australia,1,2010
30057,France,South Korea,-1,2010
30058,Japan,Croatia,-1,2010
30059,Saudi Arabia,Ukraine,-1,2010
30060,Spain,Tunisia,1,2010
30061,Togo,Switzerland,-1,2010
30062,Costa Rica,Poland,-1,2010
30063,Germany,Ecuador,1,2010
30064,Paraguay,Trinidad and Tobago,1,2010
30065,Sweden,England,-1,2010
30066,Iran,Angola,-1,2010
30067,Ivory Coast,Serbia,1,2010
30068,Netherlands,Argentina,-1,2010
30069,Portugal,Mexico,1,2010
30070,Croatia,Australia,-1,2010
30071,Czech Republic,Italy,-1,2010
30072,Ghana,United States,1,2010
30073,Japan,Brazil,-1,2010
30074,Saudi Arabia,Spain,-1,2010
30075,Switzerland,South Korea,1,2010
30076,Togo,France,-1,2010
30077,Ukraine,Tunisia,1,2010
30078,Argentina,Mexico,1,2010
30079,Germany,Sweden,1,2010
30080,Malawi,Zimbabwe,-1,2010
30081,Mozambique,Eswatini,1,2010
30082,England,Ecuador,1,2010
30083,Mozambique,Malawi,-1,2010
30084,Portugal,Netherlands,1,2010
30085,Eswatini,Zimbabwe,-1,2010
30086,Italy,Australia,1,2010
30087,Mauritius,Tanzania,-1,2010
30088,Switzerland,Ukraine,-1,2010
30089,Brazil,Ghana,1,2010
30090,Spain,France,-1,2010
30091,Seychelles,Mauritius,1,2010
30092,Germany,Argentina,-1,2010
30093,Italy,Ukraine,1,2010
30094,Seychelles,Tanzania,1,2010
30095,Brazil,France,-1,2010
30096,England,Portugal,-1,2010
30097,Kazakhstan,Tajikistan,1,2010
30098,Germany,Italy,-1,2010
30099,Kazakhstan,Kyrgyzstan,1,2010
30100,Portugal,France,-1,2010
30101,Malawi,Botswana,1,2010
30102,Germany,Portugal,1,2010
30103,Malawi,Botswana,-1,2010
30104,Italy,France,-1,2010
30105,Syria,Iraq,-1,2010
30106,Zambia,Zimbabwe,-1,2010
30107,Ethiopia,Yemen,1,2010
30108,Jordan,Iraq,1,2010
30109,Malawi,Zambia,-1,2010
30110,Namibia,Seychelles,-1,2010
30111,Namibia,Malawi,1,2010
30112,Seychelles,Zambia,-1,2010
30113,Syria,Iraq,-1,2010
30114,Rwanda,Uganda,-1,2010
30115,Guyana,Saint Lucia,1,2010
30116,Guyana,Saint Lucia,1,2010
30117,Jordan,Syria,1,2010
30118,Tanzania,Rwanda,1,2010
30119,Syria,Libya,1,2010
30120,Uganda,Botswana,-1,2010
30121,Iran,United Arab Emirates,1,2010
30122,Japan,Trinidad and Tobago,1,2010
30123,Jordan,Iraq,-1,2010
30124,Macau,Taiwan,-1,2010
30125,Saudi Arabia,Bahrain,1,2010
30126,Ethiopia,Kenya,1,2010
30127,Hong Kong,Singapore,-1,2010
30128,Ethiopia,Kenya,1,2010
30129,Algeria,Gabon,-1,2010
30130,Ghana,Togo,1,2010
30131,Iceland,Spain,-1,2010
30132,Slovakia,Malta,1,2010
30133,Slovenia,Israel,-1,2010
30134,Ukraine,Azerbaijan,1,2010
30135,Wales,Bulgaria,-1,2010
30136,Australia,Kuwait,1,2010
30137,Austria,Hungary,-1,2010
30138,Bangladesh,Qatar,-1,2010
30139,Belarus,Andorra,1,2010
30140,Belgium,Kazakhstan,-1,2010
30141,Bosnia and Herzegovina,France,-1,2010
30142,Cameroon,Guinea,-1,2010
30143,Chile,Colombia,-1,2010
30144,China PR,Singapore,1,2010
30145,Czech Republic,Serbia,-1,2010
30146,Denmark,Poland,1,2010
30147,Egypt,Uruguay,-1,2010
30148,England,Greece,1,2010
30149,Estonia,North Macedonia,-1,2010
30150,Faroe Islands,Georgia,-1,2010
30151,Finland,Northern Ireland,-1,2010
30152,Germany,Sweden,1,2010
30153,Guatemala,Haiti,-1,2010
30154,India,Saudi Arabia,-1,2010
30155,Iran,Syria,-1,2010
30156,Republic of Ireland,Netherlands,-1,2010
30157,Italy,Croatia,-1,2010
30158,Ivory Coast,Senegal,-1,2010
30159,Japan,Yemen,1,2010
30160,Jordan,United Arab Emirates,-1,2010
30161,Libya,Uganda,1,2010
30162,Liechtenstein,Switzerland,-1,2010
30163,Luxembourg,Turkey,-1,2010
30164,Moldova,Lithuania,1,2010
30165,Morocco,Burkina Faso,1,2010
30166,Namibia,South Africa,-1,2010
30167,Norway,Brazil,-1,2010
30168,Pakistan,Oman,-1,2010
30169,Peru,Panama,-1,2010
30170,Romania,Cyprus,1,2010
30171,Russia,Latvia,1,2010
30172,San Marino,Albania,-1,2010
30173,Tunisia,Mali,-1,2010
30174,Uzbekistan,Hong Kong,-1,2010
30175,Venezuela,Honduras,-1,2010
30176,Palestine,Iraq,-1,2010
30177,Zambia,Botswana,1,2010
30178,Malaysia,Indonesia,-1,2010
30179,Indonesia,Myanmar,-1,2010
30180,Eswatini,Lesotho,1,2010
30181,Tanzania,Zanzibar,1,2010
30182,Yemen,Libya,-1,2010
30183,Malaysia,Myanmar,-1,2010
30184,Saudi Arabia,United Arab Emirates,1,2010
30185,Myanmar,Indonesia,1,2010
30186,Togo,Niger,-1,2010
30187,Uganda,Burkina Faso,-1,2010
30188,Yemen,Libya,-1,2010
30189,Denmark,Portugal,1,2010
30190,Oman,Syria,1,2010
30191,Austria,Costa Rica,-1,2010
30192,Bahamas,Cayman Islands,1,2010
30193,Bahrain,Jordan,-1,2010
30194,Belarus,Albania,-1,2010
30195,Cuba,Turks and Caicos Islands,1,2010
30196,Czech Republic,Wales,1,2010
30197,Egypt,Burundi,1,2010
30198,England,Andorra,1,2010
30199,Estonia,Israel,-1,2010
30200,Gabon,Madagascar,1,2010
30201,Georgia,France,-1,2010
30202,Germany,Republic of Ireland,1,2010
30203,Hungary,Norway,-1,2010
30204,Italy,Lithuania,-1,2010
30205,Kenya,Eritrea,-1,2010
30206,South Korea,Iran,-1,2010
30207,Latvia,Sweden,-1,2010
30208,Luxembourg,Netherlands,-1,2010
30209,Malta,Bosnia and Herzegovina,-1,2010
30210,Moldova,Greece,-1,2010
30211,Nigeria,Niger,1,2010
30212,Northern Ireland,Iceland,-1,2010
30213,Poland,Finland,-1,2010
30214,Romania,Bulgaria,-1,2010
30215,Scotland,Faroe Islands,1,2010
30216,Senegal,Mozambique,1,2010
30217,Serbia,Azerbaijan,1,2010
30218,Slovakia,Cyprus,1,2010
30219,South Africa,Congo,-1,2010
30220,Spain,Liechtenstein,1,2010
30221,Switzerland,Venezuela,1,2010
30222,Tanzania,Burkina Faso,1,2010
30223,Uganda,Lesotho,1,2010
30224,Antigua and Barbuda,Dominica,1,2010
30225,Argentina,Brazil,-1,2010
30226,Chad,Zambia,-1,2010
30227,DR Congo,Namibia,1,2010
30228,Equatorial Guinea,Liberia,1,2010
30229,Ethiopia,Libya,1,2010
30230,Gambia,Cape Verde,1,2010
30231,Guinea,Algeria,-1,2010
30232,Mauritius,Tunisia,-1,2010
30233,Rwanda,Cameroon,-1,2010
30234,Saudi Arabia,Japan,1,2010
30235,Sierra Leone,Mali,-1,2010
30236,Sudan,Seychelles,1,2010
30237,Eswatini,Angola,-1,2010
30238,Togo,Benin,1,2010
30239,Canada,Jamaica,1,2010
30240,Cayman Islands,Turks and Caicos Islands,-1,2010
30241,Cuba,Bahamas,1,2010
30242,Wales,Brazil,-1,2010
30243,Albania,Romania,-1,2010
30244,Armenia,Belgium,-1,2010
30245,Austria,Venezuela,-1,2010
30246,Azerbaijan,Kazakhstan,-1,2010
30247,Bosnia and Herzegovina,Hungary,-1,2010
30248,Bulgaria,Slovenia,1,2010
30249,Cuba,Cayman Islands,1,2010
30250,Curaçao,Grenada,-1,2010
30251,Ecuador,Peru,-1,2010
30252,Finland,Portugal,-1,2010
30253,France,Italy,1,2010
30254,Guatemala,Panama,-1,2010
30255,Honduras,El Salvador,1,2010
30256,Hong Kong,Uzbekistan,-1,2010
30257,Iceland,Denmark,-1,2010
30258,Iraq,Palestine,-1,2010
30259,Israel,Andorra,1,2010
30260,South Korea,Taiwan,1,2010
30261,Kuwait,Australia,1,2010
30262,Lithuania,Scotland,-1,2010
30263,Luxembourg,Latvia,-1,2010
30264,North Macedonia,England,-1,2010
30265,Netherlands,Belarus,1,2010
30266,Northern Ireland,Spain,1,2010
30267,Norway,Moldova,1,2010
30268,Oman,Pakistan,1,2010
30269,Poland,Serbia,-1,2010
30270,Qatar,Bangladesh,1,2010
30271,Russia,Croatia,-1,2010
30272,San Marino,Germany,-1,2010
30273,Saudi Arabia,India,1,2010
30274,Singapore,China PR,-1,2010
30275,Slovakia,Czech Republic,-1,2010
30276,Suriname,Guyana,-1,2010
30277,Sweden,Liechtenstein,1,2010
30278,Switzerland,Costa Rica,1,2010
30279,Turkey,Malta,1,2010
30280,Turks and Caicos Islands,Bahamas,-1,2010
30281,Ukraine,Georgia,1,2010
30282,United Arab Emirates,Jordan,-1,2010
30283,Yemen,Japan,-1,2010
30284,Curaçao,Guyana,-1,2010
30285,Suriname,Grenada,1,2010
30286,Curaçao,Suriname,-1,2010
30287,Grenada,Guyana,-1,2010
30288,Haiti,Dominican Republic,1,2010
30289,Dominica,Barbados,-1,2010
30290,Haiti,Dominican Republic,1,2010
30291,Zimbabwe,Angola,-1,2010
30292,Antigua and Barbuda,Anguilla,1,2010
30293,Barbados,Saint Kitts and Nevis,-1,2010
30294,Dominica,Martinique,-1,2010
30295,Guadeloupe,Saint Martin,1,2010
30296,Anguilla,Saint Kitts and Nevis,-1,2010
30297,Antigua and Barbuda,Barbados,-1,2010
30298,Guadeloupe,Dominica,1,2010
30299,Martinique,Saint Martin,1,2010
30300,Antigua and Barbuda,Saint Kitts and Nevis,1,2010
30301,Barbados,Anguilla,1,2010
30302,Dominica,Saint Martin,-1,2010
30303,Guadeloupe,Martinique,1,2010
30304,Jamaica,Saint Lucia,1,2010
30305,Venezuela,Uruguay,1,2010
30306,United States Virgin Islands,Bermuda,-1,2010
30307,Bermuda,Dominican Republic,1,2010
30308,Saint Lucia,Haiti,-1,2010
30309,Tanzania,Kenya,-1,2010
30310,Jamaica,Haiti,1,2010
30311,Libya,Sudan,1,2010
30312,Saint Vincent and the Grenadines,Saint Lucia,1,2010
30313,United States Virgin Islands,Dominican Republic,-1,2010
30314,Botswana,Lesotho,1,2010
30315,Ethiopia,Eswatini,1,2010
30316,Iran,Iraq,1,2010
30317,Japan,Ghana,-1,2010
30318,Jordan,Iran,-1,2010
30319,Liechtenstein,Austria,-1,2010
30320,Algeria,Gambia,1,2010
30321,Armenia,Finland,-1,2010
30322,Australia,Paraguay,-1,2010
30323,Botswana,Egypt,-1,2010
30324,Bulgaria,Netherlands,-1,2010
30325,Burkina Faso,Senegal,1,2010
30326,Cameroon,Equatorial Guinea,1,2010
30327,Cape Verde,Guinea,1,2010
30328,Chile,Peru,1,2010
30329,Croatia,Andorra,1,2010
30330,Cyprus,Republic of Ireland,1,2010
30331,Czech Republic,San Marino,1,2010
30332,Denmark,Northern Ireland,-1,2010
30333,England,North Macedonia,-1,2010
30334,Eritrea,Eswatini,-1,2010
30335,Faroe Islands,Lithuania,-1,2010
30336,Germany,Georgia,1,2010
30337,Greece,Norway,1,2010
30338,Guatemala,Honduras,-1,2010
30339,Hungary,Turkey,-1,2010
30340,Italy,Ukraine,1,2010
30341,Kazakhstan,Poland,-1,2010
30342,Latvia,Iceland,1,2010
30343,Malawi,Zimbabwe,1,2010
30344,Moldova,Bosnia and Herzegovina,-1,2010
30345,Namibia,Ethiopia,1,2010
30346,Panama,El Salvador,1,2010
30347,Portugal,Azerbaijan,1,2010
30348,Romania,Belarus,1,2010
30349,Russia,Israel,-1,2010
30350,Scotland,France,1,2010
30351,Serbia,Belgium,1,2010
30352,Seychelles,Mauritius,1,2010
30353,Slovenia,Luxembourg,1,2010
30354,Sweden,Spain,1,2010
30355,Tunisia,Sudan,1,2010
30356,Wales,Slovakia,-1,2010
30357,Angola,Kenya,1,2010
30358,Benin,Sierra Leone,1,2010
30359,Burundi,Mauritania,1,2010
30360,Congo,Chad,1,2010
30361,Ivory Coast,Gabon,1,2010
30362,Jamaica,Canada,1,2010
30363,South Korea,Ghana,-1,2010
30364,Lesotho,Nigeria,-1,2010
30365,Liberia,Rwanda,1,2010
30366,Libya,DR Congo,-1,2010
30367,Mali,Togo,1,2010
30368,Mozambique,Tanzania,-1,2010
30369,Niger,Uganda,-1,2010
30370,Zambia,South Africa,-1,2010
30371,Catalonia,Basque Country,-1,2010
30372,Brazil,Ecuador,1,2010
30373,Honduras,Guatemala,1,2010
30374,Andorra,North Macedonia,-1,2010
30375,Australia,Bahrain,1,2010
30376,Austria,Switzerland,1,2010
30377,Bangladesh,Uzbekistan,-1,2010
30378,Belarus,Slovenia,1,2010
30379,Belgium,Azerbaijan,1,2010
30380,Bosnia and Herzegovina,Greece,-1,2010
30381,Croatia,England,1,2010
30382,France,Faroe Islands,1,2010
30383,Georgia,Italy,-1,2010
30384,Iceland,Sweden,-1,2010
30385,India,Japan,-1,2010
30386,Iraq,Singapore,1,2010
30387,Republic of Ireland,Czech Republic,-1,2010
30388,Kazakhstan,Finland,-1,2010
30389,South Korea,Syria,-1,2010
30390,Kuwait,Lithuania,1,2010
30391,Liechtenstein,Denmark,-1,2010
30392,Luxembourg,Bulgaria,-1,2010
30393,Malta,Hungary,1,2010
30394,Netherlands,Albania,1,2010
30395,Northern Ireland,Latvia,1,2010
30396,Oman,United Arab Emirates,1,2010
30397,Pakistan,Jordan,-1,2010
30398,Palestine,China PR,-1,2010
30399,Peru,Chile,-1,2010
30400,Poland,Portugal,1,2010
30401,Qatar,Hong Kong,1,2010
30402,Russia,Estonia,1,2010
30403,Saudi Arabia,Yemen,1,2010
30404,Serbia,Armenia,1,2010
30405,Slovakia,Germany,-1,2010
30406,Spain,Argentina,1,2010
30407,Trinidad and Tobago,Panama,1,2010
30408,Turkey,Moldova,1,2010
30409,Ukraine,Scotland,1,2010
30410,Wales,Cyprus,1,2010
30411,Haiti,Cuba,-1,2010
30412,Uruguay,Venezuela,1,2010
30413,Haiti,Cuba,-1,2010
30414,Zambia,Angola,1,2010
30415,Saint Vincent and the Grenadines,Martinique,-1,2010
30416,Antigua and Barbuda,Grenada,-1,2010
30417,Barbados,Grenada,-1,2010
30418,Haiti,Cuba,-1,2010
30419,Martinique,Suriname,1,2010
30420,Oman,Bahrain,-1,2010
30421,Saudi Arabia,Jordan,1,2010
30422,Kuwait,Taiwan,1,2010
30423,Cuba,Suriname,1,2010
30424,Martinique,Haiti,1,2010
30425,Singapore,Indonesia,-1,2010
30426,Haiti,Suriname,-1,2010
30427,Martinique,Cuba,-1,2010
30428,Philippines,Laos,-1,2010
30429,Timor-Leste,Brunei,-1,2010
30430,Australia,Ghana,-1,2010
30431,Cambodia,Laos,-1,2010
30432,Mali,Congo,1,2010
30433,Philippines,Timor-Leste,1,2010
30434,Wales,Liechtenstein,1,2010
30435,Algeria,Burkina Faso,-1,2010
30436,Austria,Trinidad and Tobago,1,2010
30437,Bahrain,Kuwait,1,2010
30438,Belgium,Poland,-1,2010
30439,Bolivia,El Salvador,1,2010
30440,Botswana,Eswatini,1,2010
30441,Chile,Paraguay,1,2010
30442,China PR,Iraq,-1,2010
30443,Cyprus,Germany,-1,2010
30444,Czech Republic,Denmark,-1,2010
30445,Egypt,South Africa,1,2010
30446,Estonia,Belarus,1,2010
30447,Finland,Armenia,1,2010
30448,France,Greece,1,2010
30449,Georgia,Uruguay,1,2010
30450,Hong Kong,Bangladesh,1,2010
30451,Hungary,Canada,1,2010
30452,Iran,South Korea,1,2010
30453,Republic of Ireland,San Marino,1,2010
30454,Israel,Croatia,-1,2010
30455,Italy,Turkey,-1,2010
30456,Ivory Coast,Sweden,1,2010
30457,Jamaica,Peru,-1,2010
30458,Japan,Saudi Arabia,1,2010
30459,Jordan,Oman,1,2010
30460,Luxembourg,Togo,-1,2010
30461,North Macedonia,Russia,-1,2010
30462,Malta,Lithuania,-1,2010
30463,Morocco,Gabon,1,2010
30464,Netherlands,England,-1,2010
30465,Portugal,Kazakhstan,1,2010
30466,Serbia,Norway,-1,2010
30467,Slovakia,Bulgaria,1,2010
30468,Spain,Romania,-1,2010
30469,Switzerland,Brazil,-1,2010
30470,Syria,Taiwan,1,2010
30471,Tunisia,Libya,1,2010
30472,United Arab Emirates,Pakistan,1,2010
30473,Uzbekistan,Qatar,1,2010
30474,Venezuela,Guatemala,1,2010
30475,Yemen,India,1,2010
30476,Zimbabwe,Namibia,1,2010
30477,Laos,Timor-Leste,1,2010
30478,Brunei,Cambodia,-1,2010
30479,Philippines,Cambodia,1,2010
30480,Brunei,Laos,-1,2010
30481,Tanzania,Angola,-1,2010
30482,Barbados,Bahamas,1,2010
30483,Panama,Peru,-1,2010
30484,Găgăuzia,Greenland,-1,2010
30485,Kyrgyzstan,Zanzibar,-1,2010
30486,Tibet,Tajikistan,-1,2010
30487,Northern Cyprus,Crimea,1,2010
30488,Cambodia,Timor-Leste,1,2010
30489,Philippines,Brunei,1,2010
30490,Monaco,Ambazonia,1,2010
30491,Occitania,Sápmi,-1,2010
30492,Găgăuzia,Kyrgyzstan,-1,2010
30493,Greenland,Zanzibar,-1,2010
30494,Tibet,Crimea,-1,2010
30495,Northern Cyprus,Tajikistan,1,2010
30496,Bahamas,Bermuda,-1,2010
30497,Sápmi,Ambazonia,1,2010
30498,Occitania,Monaco,-1,2010
30499,Greenland,Kyrgyzstan,-1,2010
30500,Găgăuzia,Zanzibar,-1,2010
30501,Tajikistan,Crimea,-1,2010
30502,Northern Cyprus,Tibet,1,2010
30503,Barbados,Bermuda,-1,2010
30504,Occitania,Ambazonia,1,2010
30505,Sápmi,Monaco,1,2010
30506,Kyrgyzstan,Crimea,-1,2010
30507,Northern Cyprus,Zanzibar,1,2010
30508,Dominican Republic,Guadeloupe,-1,2010
30509,Guyana,Antigua and Barbuda,1,2010
30510,Occitania,Ambazonia,1,2010
30511,Sápmi,Monaco,1,2010
30512,Ethiopia,Tanzania,-1,2010
30513,Kyrgyzstan,Zanzibar,-1,2010
30514,Northern Cyprus,Crimea,1,2010
30515,Burundi,Zambia,1,2010
30516,Djibouti,Malawi,-1,2010
30517,Dominican Republic,Antigua and Barbuda,1,2010
30518,Guyana,Guadeloupe,1,2010
30519,Somalia,Rwanda,-1,2010
30520,Sudan,Uganda,-1,2010
30521,Antigua and Barbuda,Guadeloupe,-1,2010
30522,Ethiopia,Djibouti,1,2010
30523,Guyana,Dominican Republic,1,2010
30524,Malawi,Tanzania,-1,2010
30525,El Salvador,Panama,-1,2010
30526,Zanzibar,Burundi,-1,2010
30527,Rwanda,Uganda,-1,2010
30528,Somalia,Sudan,-1,2010
30529,Ethiopia,Malawi,1,2010
30530,Tanzania,Djibouti,1,2010
30531,Zambia,Zanzibar,1,2010
30532,Sudan,Rwanda,-1,2010
30533,Uganda,Somalia,1,2010
30534,Ethiopia,Zambia,-1,2010
30535,Tanzania,Rwanda,-1,2010
30536,Burundi,Sudan,-1,2010
30537,Uganda,Malawi,-1,2010
30538,United Arab Emirates,Poland,-1,2010
30539,Rwanda,Zambia,-1,2010
30540,Uganda,Sudan,-1,2010
30541,Tanzania,DR Congo,1,2010
30542,Silesia,Poland,-1,2010
30543,Rwanda,Uganda,-1,2010
30544,United Arab Emirates,Slovakia,-1,2010
30545,Zambia,Sudan,-1,2010
30546,Yemen,Comoros,1,2010
30547,Réunion,Mayotte,1,2010
30548,Djibouti,Comoros,-1,2010
30549,Yemen,Djibouti,1,2010
30550,Lebanon,Mauritania,-1,2010
30551,Sudan,Somalia,1,2010
30552,Lebanon,Somalia,1,2010
30553,Singapore,Kazakhstan,-1,2010
30554,Sudan,Mauritania,1,2010
30555,Thailand,Vietnam,1,2010
30556,Thailand,Singapore,1,2010
30557,Vietnam,Kazakhstan,1,2010
30558,Lebanon,Sudan,-1,2010
30559,Somalia,Mauritania,-1,2010
30560,Basque Country,Serbia,1,2010
30561,Martinique,Saint Vincent and the Grenadines,-1,2010
30562,Singapore,Vietnam,-1,2010
30563,Thailand,Kazakhstan,-1,2010
30564,Galicia,Ecuador,-1,2010
30565,Martinique,Saint Vincent and the Grenadines,-1,2010
30566,Thailand,Vietnam,1,2010
30567,Martinique,Guadeloupe,1,2010
30568,Haiti,Bermuda,1,2010
30569,Singapore,Philippines,1,2010
30570,Yemen,Eritrea,1,2010
30571,Saudi Arabia,Gambia,1,2010
30572,Bermuda,Haiti,-1,2010
30573,Costa Rica,Nicaragua,1,2010
30574,Saudi Arabia,Syria,1,2010
30575,Haiti,Martinique,1,2010
30576,Malaysia,Philippines,1,2010
30577,Thailand,Myanmar,-1,2010
30578,Trinidad and Tobago,Barbados,-1,2010
30579,Indonesia,Laos,1,2010
30580,Qatar,Oman,-1,2010
30581,Singapore,Vietnam,-1,2010
30582,Cuba,Guadeloupe,-1,2010
30583,Malaysia,Myanmar,-1,2010
30584,Panama,Armenia,-1,2010
30585,Thailand,Philippines,1,2010
30586,Venezuela,Sweden,1,2010
30587,Haiti,Barbados,1,2010
30588,Singapore,Laos,1,2010
30589,Trinidad and Tobago,Martinique,1,2010
30590,Vietnam,Indonesia,-1,2010
30591,Myanmar,Philippines,-1,2010
30592,Guadeloupe,Guyana,-1,2010
30593,Thailand,Malaysia,1,2010
30594,Barbados,Martinique,-1,2010
30595,Kuwait,Yemen,-1,2010
30596,Singapore,Indonesia,-1,2010
30597,Trinidad and Tobago,Haiti,1,2010
30598,United Arab Emirates,Oman,-1,2010
30599,Vietnam,Laos,1,2010
30600,Cuba,Guyana,-1,2010
30601,Ecuador,Sweden,1,2010
30602,Qatar,Iraq,-1,2010
30603,Saudi Arabia,Bahrain,1,2010
30604,Saint Vincent and the Grenadines,Guadeloupe,-1,2010
30605,Guadeloupe,Haiti,-1,2010
30606,Kuwait,Oman,-1,2010
30607,Trinidad and Tobago,Cuba,1,2010
30608,United Arab Emirates,Yemen,1,2010
30609,Bahrain,Iraq,-1,2010
30610,Ecuador,Sweden,-1,2010
30611,Saudi Arabia,Qatar,-1,2010
30612,Cuba,Guadeloupe,1,2010
30613,Malaysia,Singapore,-1,2010
30614,Oman,Yemen,1,2010
30615,Trinidad and Tobago,Haiti,-1,2010
30616,United Arab Emirates,Kuwait,1,2010
30617,Qatar,Bahrain,-1,2010
30618,Saudi Arabia,Iraq,1,2010
30619,Vietnam,Thailand,-1,2010
30620,Zanzibar,Northern Cyprus,1,2010
30621,Oman,Bahrain,1,2010
30622,Singapore,Malaysia,-1,2010
30623,United Arab Emirates,Saudi Arabia,1,2010
30624,Thailand,Vietnam,-1,2010
30625,United Arab Emirates,Oman,1,2010
30626,Panama,Trinidad and Tobago,1,2010
30627,Singapore,Thailand,1,2010
30628,Poland,Estonia,1,2010
30629,Costa Rica,Trinidad and Tobago,1,2010
30630,Thailand,Singapore,-1,2010
30631,Australia,Denmark,-1,2010
30632,Botswana,Namibia,1,2010
30633,Cyprus,Hungary,1,2010
30634,Greece,South Korea,-1,2010
30635,Ivory Coast,Guinea,1,2010
30636,Latvia,Bulgaria,-1,2010
30637,Lithuania,Mali,-1,2010
30638,Nigeria,Ghana,-1,2010
30639,Northern Ireland,Wales,-1,2010
30640,Portugal,Brazil,1,2010
30641,Albania,North Macedonia,-1,2010
30642,Algeria,Libya,1,2010
30643,Andorra,Armenia,-1,2010
30644,Belgium,Czech Republic,-1,2010
30645,China PR,Kazakhstan,1,2010
30646,Colombia,Uruguay,-1,2010
30647,Croatia,Norway,1,2010
30648,Cyprus,Bulgaria,-1,2010
30649,Egypt,Sweden,1,2010
30650,England,Spain,-1,2010
30651,France,Argentina,-1,2010
30652,Georgia,Turkey,1,2010
30653,Germany,Switzerland,1,2010
30654,Iran,Belarus,-1,2010
30655,Israel,Ukraine,-1,2010
30656,Latvia,Hungary,-1,2010
30657,Luxembourg,Gambia,1,2010
30658,Malta,Austria,-1,2010
30659,Morocco,Tunisia,-1,2010
30660,Netherlands,Russia,1,2010
30661,Poland,Slovakia,-1,2010
30662,Romania,Moldova,1,2010
30663,San Marino,Republic of Ireland,-1,2010
30664,Senegal,Benin,1,2010
30665,Slovenia,Estonia,1,2010
30666,Togo,Cameroon,-1,2010
30667,United States,Mexico,1,2010
30668,Uzbekistan,Azerbaijan,-1,2010
30669,Venezuela,Chile,-1,2010
30670,El Salvador,Belize,1,2010
30671,Guatemala,Nicaragua,1,2010
30672,Costa Rica,Honduras,1,2010
30673,El Salvador,Nicaragua,1,2010
30674,Guatemala,Belize,1,2010
30675,Honduras,Panama,-1,2010
30676,El Salvador,Guatemala,-1,2010
30677,Nicaragua,Belize,1,2010
30678,Lesotho,Eswatini,-1,2010
30679,Panama,Costa Rica,1,2010
30680,Nicaragua,Honduras,-1,2010
30681,El Salvador,Costa Rica,-1,2010
30682,Panama,Guatemala,1,2010
30683,Costa Rica,Panama,-1,2010
30684,El Salvador,Guatemala,-1,2010
30685,Benin,Chad,-1,2010
30686,Mexico,Venezuela,1,2010
30687,Azerbaijan,Uzbekistan,1,2010
30688,Kazakhstan,Kyrgyzstan,1,2010
30689,Kazakhstan,Azerbaijan,1,2010
30690,Kyrgyzstan,Uzbekistan,-1,2010
30691,Azerbaijan,Kyrgyzstan,1,2010
30692,Kazakhstan,Uzbekistan,-1,2010
30693,Alderney,Guernsey,-1,2010
30694,Eswatini,Lesotho,-1,2010
30695,Libya,Mauritania,-1,2010
30696,Mauritius,Ivory Coast,-1,2010
30697,Jamaica,Switzerland,-1,2010
30698,Albania,Slovenia,-1,2010
30699,Algeria,Cape Verde,1,2010
30700,Austria,Ghana,-1,2010
30701,Brazil,Chile,1,2010
30702,Burkina Faso,Mozambique,-1,2010
30703,Cameroon,Liberia,1,2010
30704,Chad,South Africa,-1,2010
30705,China PR,Australia,-1,2010
30706,Costa Rica,New Zealand,1,2010
30707,Croatia,North Macedonia,1,2010
30708,Cyprus,Slovakia,-1,2010
30709,Czech Republic,Germany,-1,2010
30710,El Salvador,Honduras,-1,2010
30711,Estonia,Russia,-1,2010
30712,Faroe Islands,Ukraine,-1,2010
30713,Gambia,Guinea,-1,2010
30714,Greece,Turkey,-1,2010
30715,Guadeloupe,Trinidad and Tobago,-1,2010
30716,Haiti,Panama,1,2010
30717,Republic of Ireland,Wales,1,2010
30718,Israel,England,-1,2010
30719,Japan,Peru,1,2010
30720,Kazakhstan,Serbia,1,2010
30721,South Korea,Uruguay,-1,2010
30722,Liechtenstein,Northern Ireland,-1,2010
30723,Lithuania,France,-1,2010
30724,Luxembourg,Belarus,-1,2010
30725,Moldova,Malta,-1,2010
30726,Montenegro,Hungary,1,2010
30727,Netherlands,Romania,-1,2010
30728,Nigeria,Uganda,1,2010
30729,Norway,Bosnia and Herzegovina,-1,2010
30730,Poland,Azerbaijan,1,2010
30731,Portugal,Belgium,1,2010
30732,Qatar,Iran,-1,2010
30733,Scotland,Georgia,1,2010
30734,Senegal,Tanzania,1,2010
30735,Seychelles,Tunisia,-1,2010
30736,Spain,Denmark,1,2010
30737,Togo,Sierra Leone,1,2010
30738,Venezuela,Cuba,1,2010
30739,Kernow,Guernsey,-1,2010
30740,Angola,Eritrea,1,2010
30741,Barbados,Guatemala,-1,2010
30742,Bermuda,Canada,-1,2010
30743,Botswana,Burundi,1,2010
30744,Colombia,Switzerland,1,2010
30745,Congo,Zambia,-1,2010
30746,Egypt,Mauritania,1,2010
30747,Equatorial Guinea,Rwanda,1,2010
30748,Kenya,Eswatini,1,2010
30749,Lesotho,Niger,1,2010
30750,Libya,Namibia,1,2010
30751,Madagascar,Ivory Coast,-1,2010
30752,Mali,Benin,-1,2010
30753,Mauritius,Sudan,-1,2010
30754,Mexico,Paraguay,1,2010
30755,Northern Mariana Islands,Guam,-1,2010
30756,United States,Ecuador,1,2010
30757,Zimbabwe,Morocco,-1,2010
30758,Jamaica,Panama,-1,2010
30759,Brazil,Ghana,1,2010
30760,China PR,Uzbekistan,1,2010
30761,El Salvador,Honduras,-1,2010
30762,Andorra,England,-1,2010
30763,Azerbaijan,Finland,1,2010
30764,Bulgaria,Albania,-1,2010
30765,Chile,Costa Rica,-1,2010
30766,Colombia,Paraguay,1,2010
30767,Czech Republic,Cyprus,1,2010
30768,France,Austria,1,2010
30769,Georgia,Faroe Islands,1,2010
30770,Germany,Denmark,-1,2010
30771,Hungary,Moldova,1,2010
30772,Republic of Ireland,Slovakia,1,2010
30773,Israel,Estonia,1,2010
30774,Italy,Scotland,1,2010
30775,Liechtenstein,Latvia,1,2010
30776,Malta,Greece,-1,2010
30777,Mexico,Ecuador,1,2010
30778,Northern Ireland,Sweden,1,2010
30779,Poland,Armenia,1,2010
30780,Romania,Luxembourg,1,2010
30781,Serbia,Portugal,-1,2010
30782,Slovenia,Netherlands,-1,2010
30783,South Africa,Bolivia,-1,2010
30784,Spain,Iceland,1,2010
30785,Turkey,Norway,-1,2010
30786,Ukraine,Lithuania,1,2010
30787,United States,Guatemala,-1,2010
30788,Venezuela,New Zealand,1,2010
30789,Wales,San Marino,1,2010
30790,Guam,Northern Mariana Islands,1,2010
30791,Angola,Congo,-1,2010
30792,El Salvador,Haiti,-1,2010
30793,Argentina,Chile,-1,2010
30794,Honduras,Haiti,-1,2010
30795,Seychelles,Réunion,1,2010
30796,Mauritius,Réunion,-1,2010
30797,Madagascar,Zimbabwe,-1,2010
30798,Mozambique,Seychelles,1,2010
30799,DR Congo,Ethiopia,1,2010
30800,Madagascar,Seychelles,1,2010
30801,Mozambique,Zimbabwe,-1,2010
30802,Guernsey,Jersey,-1,2010
30803,Chile,Cuba,1,2010
30804,Panama,Colombia,-1,2010
30805,Chile,Cuba,1,2010
30806,Thailand,China PR,1,2010
30807,Guadeloupe,Dominica,1,2010
30808,Guadeloupe,Dominica,-1,2010
30809,Eritrea,Sudan,1,2010
30810,Ecuador,Republic of Ireland,-1,2010
30811,Haiti,Chile,-1,2010
30812,Venezuela,Honduras,1,2010
30813,Zimbabwe,Lesotho,-1,2010
30814,Bolivia,Republic of Ireland,-1,2010
30815,Eritrea,Sudan,-1,2010
30816,Malawi,South Africa,-1,2010
30817,Namibia,Zambia,-1,2010
30818,Eswatini,Mauritius,-1,2010
30819,Uganda,Tanzania,-1,2010
30820,Wales,New Zealand,-1,2010
30821,Botswana,Libya,-1,2010
30822,Kenya,Nigeria,-1,2010
30823,Mauritius,South Africa,-1,2010
30824,Rwanda,Burundi,1,2010
30825,Eswatini,Malawi,1,2010
30826,Congo,DR Congo,1,2010
30827,Trinidad and Tobago,Haiti,1,2010
30828,Zimbabwe,Burkina Faso,-1,2010
30829,Austria,Scotland,-1,2010
30830,Saint Vincent and the Grenadines,Haiti,-1,2010
30831,England,Brazil,-1,2010
30832,Ethiopia,DR Congo,1,2010
30833,Indonesia,Hong Kong,1,2010
30834,Japan,Montenegro,1,2010
30835,Venezuela,Canada,-1,2010
30836,Albania,Luxembourg,1,2010
30837,Australia,Uruguay,-1,2010
30838,Austria,Paraguay,-1,2010
30839,Azerbaijan,Poland,-1,2010
30840,Belarus,Bulgaria,-1,2010
30841,Belgium,Portugal,-1,2010
30842,Bosnia and Herzegovina,Turkey,1,2010
30843,Cape Verde,Algeria,-1,2010
30844,Costa Rica,Chile,1,2010
30845,Denmark,Sweden,-1,2010
30846,Eritrea,Angola,-1,2010
30847,Estonia,Croatia,-1,2010
30848,Faroe Islands,Italy,-1,2010
30849,Finland,Serbia,-1,2010
30850,France,Ukraine,1,2010
30851,Germany,San Marino,1,2010
30852,Greece,Hungary,1,2010
30853,Honduras,Trinidad and Tobago,1,2010
30854,Iceland,Liechtenstein,-1,2010
30855,Kazakhstan,Armenia,-1,2010
30856,South Korea,Netherlands,-1,2010
30857,Latvia,Spain,-1,2010
30858,Lithuania,Georgia,1,2010
30859,North Macedonia,Israel,-1,2010
30860,Mexico,Iran,1,2010
30861,Morocco,Zimbabwe,1,2010
30862,Namibia,Libya,1,2010
30863,Norway,Malta,1,2010
30864,Russia,Andorra,1,2010
30865,Rwanda,Equatorial Guinea,1,2010
30866,Slovenia,Romania,-1,2010
30867,South Africa,Chad,1,2010
30868,Sudan,Mauritius,1,2010
30869,Switzerland,Argentina,-1,2010
30870,Tanzania,Senegal,-1,2010
30871,Tunisia,Seychelles,1,2010
30872,Uganda,Nigeria,1,2010
30873,United States,China PR,1,2010
30874,Wales,Czech Republic,-1,2010
30875,Zambia,Congo,1,2010
30876,Benin,Mali,-1,2010
30877,Burundi,Botswana,1,2010
30878,Colombia,Montenegro,1,2010
30879,Ecuador,Peru,-1,2010
30880,Guinea,Gambia,-1,2010
30881,Ivory Coast,Madagascar,1,2010
30882,Liberia,Cameroon,-1,2010
30883,Mauritania,Egypt,-1,2010
30884,Mozambique,Burkina Faso,1,2010
30885,Niger,Lesotho,1,2010
30886,Sierra Leone,Togo,-1,2010
30887,Eswatini,Kenya,-1,2010
30888,Algeria,Argentina,-1,2010
30889,Jamaica,Chile,-1,2010
30890,Japan,Colombia,-1,2010
30891,Kuwait,Portugal,-1,2010
30892,Mexico,Paraguay,-1,2010
30893,Turkey,Brazil,-1,2010
30894,Andorra,Israel,-1,2010
30895,Armenia,Poland,1,2010
30896,Bosnia and Herzegovina,Malta,1,2010
30897,Bulgaria,Belarus,1,2010
30898,Costa Rica,Canada,-1,2010
30899,Croatia,Russia,-1,2010
30900,Ecuador,Peru,1,2010
30901,Estonia,England,-1,2010
30902,Faroe Islands,Scotland,-1,2010
30903,Finland,Belgium,1,2010
30904,France,Georgia,1,2010
30905,Germany,Slovakia,1,2010
30906,Greece,Moldova,1,2010
30907,Guadeloupe,Haiti,-1,2010
30908,Kazakhstan,Azerbaijan,-1,2010
30909,Latvia,Denmark,-1,2010
30910,Liechtenstein,Spain,-1,2010
30911,Lithuania,Italy,-1,2010
30912,Luxembourg,Albania,-1,2010
30913,Norway,Hungary,1,2010
30914,Romania,Slovenia,1,2010
30915,Sweden,Iceland,1,2010
30916,Thailand,Netherlands,-1,2010
30917,El Salvador,Trinidad and Tobago,1,2010
30918,United States,Guatemala,1,2010
30919,Romani people,Ambazonia,1,2010
30920,Jordan,Iraq,-1,2010
30921,Mexico,Cuba,1,2010
30922,Panama,Honduras,1,2010
30923,Burkina Faso,Mali,-1,2010
30924,Canada,Guadeloupe,-1,2010
30925,Guatemala,El Salvador,1,2010
30926,Haiti,Costa Rica,-1,2010
30927,Tanzania,Zambia,-1,2010
30928,United States,Trinidad and Tobago,1,2010
30929,Honduras,Mexico,1,2010
30930,Hong Kong,Macau,1,2010
30931,Kenya,Rwanda,1,2010
30932,Malawi,Senegal,-1,2010
30933,Panama,Cuba,-1,2010
30934,Costa Rica,Guadeloupe,1,2010
30935,Haiti,Canada,-1,2010
30936,Jordan,Iraq,-1,2010
30937,Kuwait,Egypt,-1,2010
30938,Réunion,Gabon,-1,2010
30939,Trinidad and Tobago,Guatemala,-1,2010
30940,United States,El Salvador,1,2010
30941,Cuba,Honduras,-1,2010
30942,Mexico,Panama,1,2010
30943,Algeria,Guinea,-1,2010
30944,Botswana,Mauritania,1,2010
30945,Burkina Faso,Tanzania,-1,2010
30946,Canada,Guatemala,1,2010
30947,Cape Verde,Gambia,-1,2010
30948,Eritrea,Kenya,1,2010
30949,Iran,Iraq,-1,2010
30950,Lebanon,Syria,-1,2010
30951,Malawi,Morocco,-1,2010
30952,Namibia,DR Congo,-1,2010
30953,Seychelles,Sudan,-1,2010
30954,Tunisia,Mauritius,1,2010
30955,United States,Panama,1,2010
30956,Zambia,Chad,-1,2010
30957,Angola,Eswatini,1,2010
30958,Benin,Togo,1,2010
30959,Cameroon,Rwanda,1,2010
30960,Congo,South Africa,-1,2010
30961,Guam,Taiwan,-1,2010
30962,Honduras,Guadeloupe,-1,2010
30963,Liberia,Equatorial Guinea,-1,2010
30964,Libya,Ethiopia,1,2010
30965,Macau,Mongolia,-1,2010
30966,Madagascar,Gabon,-1,2010
30967,Mali,Sierra Leone,1,2010
30968,Mexico,Costa Rica,1,2010
30969,Mozambique,Senegal,-1,2010
30970,Niger,Nigeria,-1,2010
30971,Jordan,Syria,-1,2010
30972,Malaysia,Cambodia,1,2010
30973,Palestine,Iraq,-1,2010
30974,Hong Kong,Taiwan,-1,2010
30975,North Korea,Mongolia,1,2010
30976,Lesotho,Uganda,-1,2010
30977,Bolivia,Paraguay,-1,2010
30978,Iran,Palestine,1,2010
30979,Jordan,Lebanon,1,2010
30980,Venezuela,Basque Country,-1,2010
30981,Hong Kong,Guam,1,2010
30982,Indonesia,Jamaica,1,2010
30983,Macau,North Korea,-1,2010
30984,Malaysia,United Arab Emirates,-1,2010
30985,Mexico,Guadeloupe,1,2010
30986,United States,Canada,1,2010
30987,Jordan,Iran,-1,2010
30988,Syria,Iraq,-1,2010
30989,Colombia,Ecuador,1,2010
30990,Mongolia,Guam,1,2010
30991,Indonesia,Oman,-1,2010
30992,Iraq,Iran,-1,2010
30993,North Korea,Hong Kong,1,2010
30994,United Arab Emirates,Saudi Arabia,-1,2010
30995,United States,Mexico,1,2010
30996,Vietnam,Jamaica,1,2010
30997,Qatar,Turkmenistan,1,2010
30998,Uruguay,Peru,-1,2010
30999,Venezuela,Bolivia,-1,2010
31000,Brazil,Mexico,-1,2010
31001,Ecuador,Chile,-1,2010
31002,Singapore,Saudi Arabia,-1,2010
31003,United Arab Emirates,Bahrain,-1,2010
31004,Argentina,United States,1,2010
31005,Malaysia,Jamaica,-1,2010
31006,Oman,North Korea,-1,2010
31007,Paraguay,Colombia,1,2010
31008,South Korea,Iraq,1,2010
31009,Bolivia,Uruguay,-1,2010
31010,Singapore,Australia,-1,2010
31011,Thailand,Qatar,-1,2010
31012,Venezuela,Peru,1,2010
31013,Vietnam,Bahrain,1,2010
31014,Menorca,Jersey,-1,2010
31015,Bermuda,Ynys Môn,-1,2010
31016,Rhodes,Saare County,1,2010
31017,Brazil,Chile,1,2010
31018,Mexico,Ecuador,1,2010
31019,Oman,Saudi Arabia,-1,2010
31020,United Arab Emirates,North Korea,1,2010
31021,Jersey,Gibraltar,-1,2010
31022,Åland Islands,Bermuda,-1,2010
31023,Rhodes,Frøya,1,2010
31024,Western Isles,Gotland,1,2010
31025,Argentina,Colombia,1,2010
31026,Iran,Jamaica,1,2010
31027,Iraq,Uzbekistan,-1,2010
31028,Thailand,Qatar,1,2010
31029,United States,Paraguay,-1,2010
31030,Gibraltar,Menorca,1,2010
31031,Ynys Môn,Åland Islands,-1,2010
31032,Saare County,Frøya,-1,2010
31033,Gotland,Western Isles,-1,2010
31034,Peru,Bolivia,-1,2010
31035,Venezuela,Uruguay,-1,2010
31036,Brazil,Ecuador,1,2010
31037,Mexico,Chile,-1,2010
31038,Saudi Arabia,North Korea,-1,2010
31039,Menorca,Ynys Môn,1,2010
31040,Jersey,Åland Islands,1,2010
31041,Frøya,Gotland,-1,2010
31042,Gibraltar,Bermuda,1,2010
31043,Rhodes,Western Isles,1,2010
31044,Argentina,Paraguay,1,2010
31045,Colombia,United States,1,2010
31046,South Korea,Uzbekistan,1,2010
31047,Menorca,Saare County,1,2010
31048,Åland Islands,Frøya,1,2010
31049,Jersey,Gotland,1,2010
31050,Bermuda,Western Isles,-1,2010
31051,Rhodes,Gibraltar,-1,2010
31052,Malawi,Namibia,-1,2010
31053,Chile,Brazil,-1,2010
31054,Thailand,Iraq,-1,2010
31055,Venezuela,Uruguay,-1,2010
31056,Argentina,Peru,1,2010
31057,Australia,Oman,-1,2010
31058,Mexico,Paraguay,1,2010
31059,Vietnam,United Arab Emirates,1,2010
31060,Japan,Qatar,-1,2010
31061,Indonesia,Bahrain,1,2010
31062,Malaysia,China PR,-1,2010
31063,Uruguay,Brazil,-1,2010
31064,Iran,Uzbekistan,1,2010
31065,South Korea,Saudi Arabia,-1,2010
31066,Mexico,Argentina,-1,2010
31067,Thailand,Oman,1,2010
31068,Vietnam,Qatar,-1,2010
31069,Iraq,Australia,1,2010
31070,Solomon Islands,Papua New Guinea,1,2010
31071,United Arab Emirates,Japan,-1,2010
31072,Indonesia,Saudi Arabia,-1,2010
31073,Malaysia,Uzbekistan,-1,2010
31074,Mexico,Uruguay,1,2010
31075,Bahrain,South Korea,1,2010
31076,Brazil,Argentina,1,2010
31077,China PR,Iran,-1,2010
31078,Oman,Iraq,-1,2010
31079,Qatar,United Arab Emirates,-1,2010
31080,Thailand,Australia,-1,2010
31081,Vietnam,Japan,-1,2010
31082,New Caledonia,Vanuatu,1,2010
31083,Indonesia,South Korea,-1,2010
31084,Malaysia,Iran,-1,2010
31085,Saudi Arabia,Bahrain,1,2010
31086,Uzbekistan,China PR,1,2010
31087,Madagascar,Mayotte,-1,2010
31088,New Caledonia,Vanuatu,-1,2010
31089,Iraq,Vietnam,1,2010
31090,Japan,Australia,-1,2010
31091,Iran,South Korea,-1,2010
31092,Saudi Arabia,Uzbekistan,1,2010
31093,Botswana,Zambia,-1,2010
31094,Iraq,South Korea,-1,2010
31095,Japan,Saudi Arabia,-1,2010
31096,Angola,Lesotho,1,2010
31097,Botswana,Namibia,1,2010
31098,South Korea,Japan,-1,2010
31099,Botswana,Angola,-1,2010
31100,Iraq,Saudi Arabia,1,2010
31101,Lesotho,Namibia,-1,2010
31102,Madagascar,DR Congo,-1,2010
31103,Seychelles,Mayotte,1,2010
31104,Comoros,Réunion,-1,2010
31105,Mauritius,Mayotte,-1,2010
31106,Madagascar,Réunion,-1,2010
31107,Mauritius,Seychelles,1,2010
31108,Madagascar,Comoros,1,2010
31109,Mauritius,Réunion,-1,2010
31110,Madagascar,Mayotte,1,2010
31111,India,Cambodia,1,2010
31112,Bangladesh,Syria,-1,2010
31113,Mauritius,Mayotte,-1,2010
31114,Madagascar,Réunion,-1,2010
31115,Kyrgyzstan,Cambodia,1,2010
31116,Myanmar,Lesotho,1,2010
31117,India,Bangladesh,1,2010
31118,Mozambique,Zimbabwe,-1,2010
31119,Singapore,Zimbabwe,1,2010
31120,Benin,Gabon,-1,2010
31121,Ghana,Senegal,-1,2010
31122,Syria,Kyrgyzstan,1,2010
31123,Albania,Malta,1,2010
31124,Algeria,Brazil,-1,2010
31125,Armenia,Portugal,-1,2010
31126,Austria,Czech Republic,-1,2010
31127,Bangladesh,Cambodia,-1,2010
31128,Belarus,Israel,1,2010
31129,Belgium,Serbia,1,2010
31130,Bosnia and Herzegovina,Croatia,-1,2010
31131,Bulgaria,Wales,-1,2010
31132,DR Congo,Angola,1,2010
31133,Costa Rica,Peru,-1,2010
31134,Denmark,Republic of Ireland,-1,2010
31135,Ecuador,Bolivia,1,2010
31136,El Salvador,Honduras,1,2010
31137,England,Germany,-1,2010
31138,Estonia,Andorra,1,2010
31139,Finland,Kazakhstan,1,2010
31140,Greece,Spain,-1,2010
31141,Hungary,Italy,1,2010
31142,Iceland,Canada,-1,2010
31143,Ivory Coast,Egypt,-1,2010
31144,Japan,Cameroon,1,2010
31145,Latvia,Moldova,-1,2010
31146,Lesotho,Laos,1,2010
31147,Lithuania,Turkmenistan,1,2010
31148,Luxembourg,Georgia,-1,2010
31149,North Macedonia,Nigeria,-1,2010
31150,Mali,Burkina Faso,1,2010
31151,Mexico,Colombia,-1,2010
31152,Montenegro,Slovenia,-1,2010
31153,Northern Ireland,Liechtenstein,1,2010
31154,Norway,Argentina,1,2010
31155,Panama,Guatemala,1,2010
31156,Paraguay,Venezuela,-1,2010
31157,Romania,Turkey,1,2010
31158,Russia,Poland,-1,2010
31159,San Marino,Cyprus,-1,2010
31160,Scotland,South Africa,1,2010
31161,Slovakia,France,-1,2010
31162,Sudan,Libya,1,2010
31163,Sweden,United States,1,2010
31164,Switzerland,Netherlands,1,2010
31165,Tajikistan,Azerbaijan,-1,2010
31166,Togo,Zambia,1,2010
31167,Tunisia,Guinea,-1,2010
31168,Ukraine,Uzbekistan,1,2010
31169,India,Syria,-1,2010
31170,Singapore,Bangladesh,1,2010
31171,Bangladesh,Kyrgyzstan,-1,2010
31172,Zimbabwe,Bangladesh,1,2010
31173,Myanmar,Laos,1,2010
31174,Cambodia,Syria,-1,2010
31175,Fiji,Tuvalu,1,2010
31176,Samoa,Vanuatu,-1,2010
31177,Solomon Islands,American Samoa,1,2010
31178,Tahiti,New Caledonia,-1,2010
31179,India,Kyrgyzstan,1,2010
31180,Zimbabwe,Myanmar,-1,2010
31181,Fiji,Cook Islands,1,2010
31182,Samoa,American Samoa,1,2010
31183,Solomon Islands,Tonga,1,2010
31184,Tuvalu,New Caledonia,-1,2010
31185,American Samoa,Vanuatu,-1,2010
31186,India,Syria,1,2010
31187,New Caledonia,Cook Islands,1,2010
31188,Samoa,Tonga,1,2010
31189,Tuvalu,Tahiti,-1,2010
31190,Cook Islands,Tuvalu,1,2010
31191,Tahiti,Fiji,-1,2010
31192,Tanzania,Uganda,1,2010
31193,Tonga,American Samoa,1,2010
31194,Vanuatu,Solomon Islands,-1,2010
31195,Cook Islands,Tahiti,-1,2010
31196,New Caledonia,Fiji,-1,2010
31197,Samoa,Solomon Islands,-1,2010
31198,Tonga,Vanuatu,-1,2010
31199,Fiji,Vanuatu,1,2010
31200,Solomon Islands,New Caledonia,-1,2010
31201,Austria,Japan,-1,2010
31202,Bahrain,Jordan,-1,2010
31203,New Caledonia,Fiji,1,2010
31204,Solomon Islands,Vanuatu,-1,2010
31205,Switzerland,Chile,1,2010
31206,Belarus,Romania,-1,2010
31207,DR Congo,Libya,-1,2010
31208,Croatia,Estonia,1,2010
31209,Cyprus,Armenia,1,2010
31210,Ecuador,El Salvador,1,2010
31211,England,Israel,1,2010
31212,Ethiopia,Namibia,-1,2010
31213,Gabon,Ivory Coast,-1,2010
31214,Georgia,Ukraine,-1,2010
31215,Hungary,Bosnia and Herzegovina,1,2010
31216,Iceland,Spain,-1,2010
31217,Italy,France,-1,2010
31218,Kazakhstan,Tajikistan,-1,2010
31219,Kenya,Angola,1,2010
31220,Latvia,Northern Ireland,1,2010
31221,Luxembourg,Slovenia,-1,2010
31222,Malta,Turkey,-1,2010
31223,Moldova,Norway,-1,2010
31224,Morocco,Ghana,-1,2010
31225,Netherlands,Bulgaria,1,2010
31226,Nigeria,Lesotho,1,2010
31227,Peru,Colombia,-1,2010
31228,Portugal,Poland,-1,2010
31229,Russia,North Macedonia,1,2010
31230,Rwanda,Liberia,1,2010
31231,San Marino,Czech Republic,-1,2010
31232,Scotland,Lithuania,1,2010
31233,Senegal,Burkina Faso,1,2010
31234,Serbia,Finland,-1,2010
31235,Slovakia,Republic of Ireland,-1,2010
31236,Sweden,Denmark,-1,2010
31237,Tanzania,Mozambique,-1,2010
31238,Uganda,Niger,1,2010
31239,Venezuela,Paraguay,1,2010
31240,Wales,Germany,-1,2010
31241,Burundi,Egypt,-1,2010
31242,Chad,Congo,-1,2010
31243,Costa Rica,Honduras,-1,2010
31244,Equatorial Guinea,Cameroon,1,2010
31245,Gambia,Algeria,1,2010
31246,Guinea,Cape Verde,1,2010
31247,Mauritius,Seychelles,-1,2010
31248,Mexico,Panama,1,2010
31249,South Africa,Zambia,-1,2010
31250,Sudan,Tunisia,1,2010
31251,Eswatini,Eritrea,-1,2010
31252,United States,Brazil,-1,2010
31253,Zimbabwe,Malawi,1,2010
31254,Australia,Argentina,-1,2010
31255,Austria,Chile,-1,2010
31256,Saudi Arabia,Ghana,1,2010
31257,Switzerland,Japan,-1,2010
31258,Albania,Netherlands,-1,2010
31259,Andorra,Croatia,-1,2010
31260,Azerbaijan,Georgia,-1,2010
31261,Bosnia and Herzegovina,Moldova,-1,2010
31262,Bulgaria,Luxembourg,1,2010
31263,Canada,Costa Rica,-1,2010
31264,Colombia,Paraguay,1,2010
31265,Cyprus,San Marino,1,2010
31266,Czech Republic,Republic of Ireland,1,2010
31267,Denmark,Liechtenstein,1,2010
31268,England,Russia,1,2010
31269,Finland,Poland,-1,2010
31270,France,Scotland,-1,2010
31271,Germany,Romania,1,2010
31272,Honduras,Ecuador,1,2010
31273,Iceland,Northern Ireland,1,2010
31274,Kazakhstan,Belgium,-1,2010
31275,Lithuania,Faroe Islands,1,2010
31276,North Macedonia,Estonia,-1,2010
31277,Malta,Armenia,-1,2010
31278,Mexico,Brazil,-1,2010
31279,Montenegro,Sweden,-1,2010
31280,Norway,Greece,-1,2010
31281,Peru,Bolivia,1,2010
31282,Portugal,Serbia,-1,2010
31283,Singapore,United Arab Emirates,-1,2010
31284,Slovakia,Wales,-1,2010
31285,Slovenia,Belarus,1,2010
31286,South Africa,Uruguay,-1,2010
31287,Spain,Latvia,1,2010
31288,Turkey,Hungary,1,2010
31289,Ukraine,Italy,-1,2010
31290,Venezuela,Panama,-1,2010
31291,Qatar,Oman,-1,2010
31292,United Arab Emirates,Lebanon,-1,2010
31293,Mozambique,Zambia,-1,2010
31294,South Africa,Botswana,1,2010
31295,Oman,Maldives,1,2010
31296,Thailand,United Arab Emirates,-1,2010
31297,Bahrain,Singapore,1,2010
31298,Bangladesh,Tajikistan,-1,2010
31299,Lebanon,India,1,2010
31300,Oman,Nepal,1,2010
31301,Palestine,Singapore,-1,2010
31302,Syria,Afghanistan,1,2010
31303,Thailand,Macau,1,2010
31304,Vietnam,United Arab Emirates,-1,2010
31305,Yemen,Maldives,1,2010
31306,Cambodia,Turkmenistan,-1,2010
31307,Sierra Leone,Benin,-1,2010
31308,Togo,Mali,-1,2010
31309,Argentina,Chile,1,2010
31310,Armenia,Serbia,-1,2010
31311,Azerbaijan,Portugal,-1,2010
31312,Belarus,Luxembourg,-1,2010
31313,Belgium,Finland,-1,2010
31314,Croatia,Israel,1,2010
31315,Cyprus,Wales,1,2010
31316,Denmark,Spain,-1,2010
31317,Ecuador,Venezuela,-1,2010
31318,Egypt,Botswana,1,2010
31319,El Salvador,Costa Rica,-1,2010
31320,England,Estonia,1,2010
31321,Faroe Islands,France,-1,2010
31322,Greece,Bosnia and Herzegovina,1,2010
31323,Hungary,Malta,1,2010
31324,Iceland,Latvia,-1,2010
31325,Republic of Ireland,Germany,-1,2010
31326,Italy,Georgia,1,2010
31327,Liechtenstein,Sweden,-1,2010
31328,Mauritania,Burundi,1,2010
31329,Moldova,Turkey,-1,2010
31330,Peru,Paraguay,-1,2010
31331,Poland,Kazakhstan,1,2010
31332,Romania,Netherlands,1,2010
31333,Scotland,Ukraine,1,2010
31334,Slovakia,San Marino,1,2010
31335,Slovenia,Albania,-1,2010
31336,Switzerland,Austria,1,2010
31337,Uruguay,Bolivia,1,2010
31338,Uzbekistan,Taiwan,1,2010
31339,Colombia,Brazil,-1,2010
31340,Honduras,Panama,1,2010
31341,Madagascar,Comoros,1,2010
31342,Mexico,Nigeria,-1,2010
31343,Senegal,Guinea,1,2010
31344,Macau,Thailand,-1,2010
31345,Bahrain,Libya,1,2010
31346,Croatia,Slovakia,1,2010
31347,Qatar,Iraq,1,2010
31348,Venezuela,Argentina,-1,2010
31349,Albania,Bulgaria,-1,2010
31350,Austria,Ivory Coast,1,2010
31351,Azerbaijan,Serbia,-1,2010
31352,Belgium,Armenia,1,2010
31353,Bolivia,Colombia,-1,2010
31354,Bosnia and Herzegovina,Norway,-1,2010
31355,Brazil,Ecuador,1,2010
31356,Chile,Peru,1,2010
31357,Costa Rica,Haiti,-1,2010
31358,Denmark,Latvia,1,2010
31359,El Salvador,Trinidad and Tobago,-1,2010
31360,Estonia,Montenegro,-1,2010
31361,Fiji,New Zealand,-1,2010
31362,Finland,Spain,-1,2010
31363,France,Lithuania,1,2010
31364,Georgia,Scotland,1,2010
31365,Germany,Czech Republic,-1,2010
31366,Republic of Ireland,Cyprus,-1,2010
31367,Israel,Belarus,1,2010
31368,Italy,South Africa,1,2010
31369,Japan,Egypt,1,2010
31370,Kazakhstan,Portugal,-1,2010
31371,Liechtenstein,Iceland,1,2010
31372,Luxembourg,Romania,-1,2010
31373,North Macedonia,Andorra,1,2010
31374,Malta,Moldova,-1,2010
31375,Mexico,Guatemala,-1,2010
31376,Morocco,Namibia,1,2010
31377,Netherlands,Slovenia,1,2010
31378,Paraguay,Uruguay,1,2010
31379,Poland,Hungary,-1,2010
31380,Russia,England,1,2010
31381,San Marino,Wales,-1,2010
31382,Sierra Leone,Guinea-Bissau,1,2010
31383,Sweden,Northern Ireland,-1,2010
31384,Switzerland,United States,-1,2010
31385,Turkey,Greece,-1,2010
31386,Ukraine,Faroe Islands,1,2010
31387,United Arab Emirates,Tunisia,-1,2010
31388,Kyrgyzstan,Jordan,1,2010
31389,Bahrain,Malaysia,1,2010
31390,China PR,Myanmar,1,2010
31391,Timor-Leste,Hong Kong,-1,2010
31392,Mongolia,North Korea,-1,2010
31393,Sri Lanka,Qatar,-1,2010
31394,Pakistan,Iraq,-1,2010
31395,South Africa,Zambia,-1,2010
31396,Afghanistan,Syria,-1,2010
31397,Myanmar,China PR,-1,2010
31398,Hong Kong,Timor-Leste,1,2010
31399,Iraq,Pakistan,-1,2010
31400,Jordan,Kyrgyzstan,1,2010
31401,North Korea,Mongolia,1,2010
31402,Malaysia,Bahrain,-1,2010
31403,Maldives,Yemen,1,2010
31404,Nepal,Oman,-1,2010
31405,Qatar,Sri Lanka,1,2010
31406,Tajikistan,Bangladesh,1,2010
31407,Turkmenistan,Cambodia,1,2010
31408,United Arab Emirates,Vietnam,1,2010
31409,Taiwan,Uzbekistan,-1,2010
31410,India,Lebanon,-1,2010
31411,Bhutan,Tibet,1,2010
31412,Saudi Arabia,Namibia,1,2010
31413,Indonesia,Syria,-1,2010
31414,Saudi Arabia,Estonia,1,2010
31415,Singapore,Tajikistan,1,2010
31416,Yemen,Thailand,-1,2010
31417,Hong Kong,Turkmenistan,-1,2010
31418,Saint Martin,British Virgin Islands,-1,2010
31419,French Guiana,Guadeloupe,-1,2010
31420,Austria,England,-1,2010
31421,Djibouti,Somalia,1,2010
31422,France,Morocco,-1,2010
31423,Qatar,Georgia,-1,2010
31424,Albania,Belarus,-1,2010
31425,Andorra,Estonia,-1,2010
31426,Angola,Ivory Coast,1,2010
31427,Argentina,Bolivia,1,2010
31428,Australia,Nigeria,1,2010
31429,Benin,United Arab Emirates,1,2010
31430,Bulgaria,Romania,1,2010
31431,Colombia,Venezuela,1,2010
31432,Comoros,Madagascar,-1,2010
31433,Czech Republic,Slovakia,1,2010
31434,Fiji,New Caledonia,-1,2010
31435,Finland,Azerbaijan,1,2010
31436,Germany,Cyprus,1,2010
31437,Greece,Malta,1,2010
31438,Guatemala,Honduras,-1,2010
31439,Guinea-Bissau,Sierra Leone,-1,2010
31440,Israel,Russia,1,2010
31441,Latvia,Liechtenstein,1,2010
31442,Lithuania,Ukraine,1,2010
31443,North Macedonia,Croatia,1,2010
31444,Moldova,Hungary,1,2010
31445,Netherlands,Luxembourg,1,2010
31446,Northern Ireland,Denmark,1,2010
31447,Norway,Turkey,-1,2010
31448,Paraguay,Ecuador,1,2010
31449,Poland,Belgium,1,2010
31450,Portugal,Armenia,1,2010
31451,Scotland,Italy,-1,2010
31452,Senegal,Mali,1,2010
31453,South Africa,United States,-1,2010
31454,Spain,Sweden,1,2010
31455,Tunisia,Namibia,1,2010
31456,Vanuatu,New Zealand,-1,2010
31457,Wales,Republic of Ireland,-1,2010
31458,Ghana,Togo,1,2010
31459,Jamaica,El Salvador,1,2010
31460,Peru,Brazil,-1,2010
31461,Saint Kitts and Nevis,Antigua and Barbuda,1,2010
31462,Eswatini,Malawi,-1,2010
31463,Syria,Indonesia,1,2010
31464,Tajikistan,Singapore,-1,2010
31465,Thailand,Yemen,1,2010
31466,Turkmenistan,Hong Kong,1,2010
31467,Uruguay,Chile,-1,2010
31468,Algeria,Mali,1,2010
31469,Angola,Guinea,-1,2010
31470,Colombia,Argentina,1,2010
31471,South Africa,Canada,1,2010
31472,Switzerland,Nigeria,-1,2010
31473,Venezuela,Bolivia,1,2010
31474,Andorra,Russia,-1,2010
31475,Armenia,Kazakhstan,-1,2010
31476,Austria,Tunisia,-1,2010
31477,Azerbaijan,Belgium,-1,2010
31478,Belarus,Netherlands,1,2010
31479,Brazil,Uruguay,1,2010
31480,Chile,Paraguay,-1,2010
31481,Cyprus,Czech Republic,-1,2010
31482,Denmark,Iceland,1,2010
31483,Ecuador,Peru,1,2010
31484,England,Croatia,-1,2010
31485,Equatorial Guinea,Niger,-1,2010
31486,Georgia,Lithuania,-1,2010
31487,Germany,Wales,-1,2010
31488,Ghana,Benin,1,2010
31489,Hungary,Greece,-1,2010
31490,Israel,North Macedonia,1,2010
31491,Italy,Faroe Islands,1,2010
31492,Jamaica,Guatemala,1,2010
31493,Malta,Norway,-1,2010
31494,Morocco,Senegal,1,2010
31495,New Caledonia,Fiji,1,2010
31496,New Zealand,Vanuatu,1,2010
31497,Oman,Kenya,-1,2010
31498,Panama,Costa Rica,-1,2010
31499,Portugal,Finland,-1,2010
31500,Qatar,Ivory Coast,-1,2010
31501,Romania,Albania,1,2010
31502,San Marino,Slovakia,-1,2010
31503,Serbia,Poland,-1,2010
31504,Slovenia,Bulgaria,-1,2010
31505,Spain,Northern Ireland,1,2010
31506,Sweden,Latvia,1,2010
31507,Tanzania,Zambia,1,2010
31508,Turkey,Bosnia and Herzegovina,1,2010
31509,Ukraine,France,-1,2010
31510,United Arab Emirates,Togo,-1,2010
31511,Uzbekistan,Estonia,-1,2010
31512,Oman,Kenya,-1,2010
31513,Serbia,Kazakhstan,1,2010
31514,Sudan,Eritrea,1,2010
31515,Antigua and Barbuda,Saint Kitts and Nevis,1,2010
31516,Guinea-Bissau,Sierra Leone,1,2010
31517,Cape Verde,Gambia,-1,2010
31518,Sudan,Eritrea,1,2010
31519,Guinea-Bissau,Cape Verde,-1,2010
31520,Tanzania,Kenya,1,2010
31521,Rwanda,Eritrea,1,2010
31522,Sudan,Zanzibar,-1,2010
31523,Uganda,Djibouti,1,2010
31524,Somalia,Burundi,-1,2010
31525,Djibouti,Eritrea,-1,2010
31526,Oman,Jordan,-1,2010
31527,Rwanda,Uganda,-1,2010
31528,Kenya,Burundi,-1,2010
31529,Tanzania,Somalia,1,2010
31530,Djibouti,Rwanda,-1,2010
31531,Zanzibar,Ethiopia,1,2010
31532,Bermuda,Saint Kitts and Nevis,-1,2010
31533,Eritrea,Uganda,1,2010
31534,Kenya,Somalia,1,2010
31535,Ethiopia,Sudan,-1,2010
31536,Tanzania,Burundi,-1,2010
31537,Bermuda,Saint Kitts and Nevis,1,2010
31538,Oman,Tajikistan,1,2010
31539,Burundi,Eritrea,1,2010
31540,Tanzania,Sudan,-1,2010
31541,Uganda,Kenya,-1,2010
31542,Zanzibar,Rwanda,-1,2010
31543,Burundi,Sudan,-1,2010
31544,Uganda,Rwanda,-1,2010
31545,Burundi,Uganda,-1,2010
31546,Sudan,Rwanda,-1,2010
31547,Thailand,Uzbekistan,1,2010
31548,Gambia,Sierra Leone,1,2010
31549,North Korea,Uzbekistan,-1,2010
31550,Thailand,North Korea,1,2010
31551,Galicia,Cameroon,-1,2010
31552,Andalusia,Zambia,1,2010
31553,Basque Country,Catalonia,-1,2010
31554,Canary Islands,Angola,1,2010
31555,Kuwait,Lebanon,1,2010
31556,Egypt,Namibia,1,2010
31557,Tunisia,Zambia,-1,2010
31558,Tunisia,Zambia,1,2010
31559,Nigeria,Sudan,1,2010
31560,Egypt,Mali,1,2010
31561,Qatar,Iran,-1,2010
31562,United Arab Emirates,China PR,-1,2010
31563,Guinea,Sudan,1,2010
31564,Kuwait,Ivory Coast,-1,2010
31565,Morocco,Zambia,1,2010
31566,Senegal,Namibia,1,2010
31567,Angola,Egypt,-1,2010
31568,Barbados,Antigua and Barbuda,1,2010
31569,Costa Rica,Sweden,-1,2010
31570,South Africa,Mozambique,1,2010
31571,Syria,Qatar,-1,2010
31572,Bahrain,Kuwait,1,2010
31573,Benin,Senegal,-1,2010
31574,Bermuda,Puerto Rico,-1,2010
31575,Morocco,Angola,1,2010
31576,South Africa,Botswana,1,2010
31577,Bermuda,Puerto Rico,-1,2010
31578,Dominica,Guadeloupe,-1,2010
31579,United States,Sweden,1,2010
31580,China PR,Lebanon,-1,2010
31581,Ghana,Guinea,1,2010
31582,Guyana,Grenada,-1,2010
31583,Mali,Benin,1,2010
31584,Namibia,Morocco,-1,2010
31585,Nigeria,Ivory Coast,-1,2010
31586,Belize,El Salvador,-1,2010
31587,Egypt,Cameroon,1,2010
31588,Sudan,Zambia,-1,2010
31589,Bahrain,Syria,-1,2010
31590,South Africa,Angola,-1,2010
31591,Tunisia,Senegal,-1,2010
31592,Ghana,Namibia,1,2010
31593,Guinea,Morocco,1,2010
31594,Iraq,Jordan,-1,2010
31595,Kuwait,Singapore,-1,2010
31596,Ivory Coast,Benin,1,2010
31597,Nigeria,Mali,-1,2010
31598,Bahrain,Yemen,1,2010
31599,Cameroon,Zambia,1,2010
31600,Egypt,Sudan,1,2010
31601,Haiti,El Salvador,-1,2010
31602,Japan,Chile,-1,2010
31603,Puerto Rico,Trinidad and Tobago,-1,2010
31604,China PR,Syria,1,2010
31605,Oman,Singapore,1,2010
31606,Senegal,Angola,-1,2010
31607,Tunisia,South Africa,1,2010
31608,Ghana,Morocco,1,2010
31609,Guinea,Namibia,-1,2010
31610,Jordan,Lebanon,1,2010
31611,Haiti,El Salvador,-1,2010
31612,Ivory Coast,Mali,1,2010
31613,Nigeria,Benin,1,2010
31614,Trinidad and Tobago,Guyana,1,2010
31615,Cameroon,Sudan,1,2010
31616,Egypt,Zambia,-1,2010
31617,Iran,Costa Rica,-1,2010
31618,Japan,Bosnia and Herzegovina,1,2010
31619,South Korea,Chile,-1,2010
31620,Martinique,Canada,-1,2010
31621,Oman,Kuwait,-1,2010
31622,Saudi Arabia,Luxembourg,1,2010
31623,Jordan,Singapore,1,2010
31624,Senegal,South Africa,-1,2010
31625,Tunisia,Angola,-1,2010
31626,United Arab Emirates,Iraq,-1,2010
31627,Belarus,Iceland,1,2010
31628,Malta,Armenia,-1,2010
31629,Azerbaijan,Kazakhstan,-1,2010
31630,Bermuda,Cayman Islands,-1,2010
31631,Ghana,Nigeria,1,2010
31632,Ivory Coast,Guinea,1,2010
31633,Venezuela,Haiti,1,2010
31634,Armenia,Belarus,1,2010
31635,Egypt,Angola,1,2010
31636,Malta,Iceland,1,2010
31637,Tunisia,Cameroon,-1,2010
31638,Armenia,Iceland,-1,2010
31639,Aruba,Antigua and Barbuda,-1,2010
31640,Australia,Qatar,1,2010
31641,Austria,Germany,-1,2010
31642,Belize,Saint Kitts and Nevis,1,2010
31643,Bolivia,Peru,1,2010
31644,Burundi,Rwanda,-1,2010
31645,Croatia,Netherlands,-1,2010
31646,Cyprus,Ukraine,-1,2010
31647,Czech Republic,Poland,-1,2010
31648,Dominica,Barbados,-1,2010
31649,El Salvador,Anguilla,1,2010
31650,England,Switzerland,1,2010
31651,Georgia,Latvia,-1,2010
31652,Greece,Finland,1,2010
31653,Honduras,Paraguay,1,2010
31654,Hungary,Slovakia,-1,2010
31655,Iran,Syria,-1,2010
31656,Iraq,China PR,-1,2010
31657,Republic of Ireland,Brazil,-1,2010
31658,Israel,Romania,1,2010
31659,Italy,Portugal,1,2010
31660,Jamaica,Costa Rica,-1,2010
31661,Japan,Thailand,1,2010
31662,Jordan,North Korea,-1,2010
31663,Kazakhstan,Moldova,-1,2010
31664,South Korea,Turkmenistan,1,2010
31665,Lebanon,Uzbekistan,-1,2010
31666,North Macedonia,Serbia,-1,2010
31667,Malta,Belarus,-1,2010
31668,Nicaragua,Curaçao,-1,2010
31669,Northern Ireland,Bulgaria,-1,2010
31670,Oman,Bahrain,-1,2010
31671,Saudi Arabia,Singapore,1,2010
31672,Slovenia,Denmark,-1,2010
31673,Spain,France,1,2010
31674,Trinidad and Tobago,Guadeloupe,-1,2010
31675,Turkey,Sweden,-1,2010
31676,Turks and Caicos Islands,Saint Lucia,1,2010
31677,United Arab Emirates,Kuwait,1,2010
31678,Uruguay,Colombia,-1,2010
31679,United States,Mexico,-1,2010
31680,Venezuela,Haiti,-1,2010
31681,Wales,Norway,1,2010
31682,Ghana,Cameroon,-1,2010
31683,Ivory Coast,Egypt,-1,2010
31684,Ghana,Ivory Coast,1,2010
31685,Lesotho,Mozambique,-1,2010
31686,Eswatini,Botswana,-1,2010
31687,Botswana,Mozambique,1,2010
31688,Cameroon,Egypt,-1,2010
31689,Eswatini,Lesotho,-1,2010
31690,China PR,South Korea,-1,2010
31691,Japan,North Korea,-1,2010
31692,China PR,Japan,-1,2010
31693,South Korea,North Korea,-1,2010
31694,China PR,North Korea,1,2010
31695,Japan,South Korea,-1,2010
31696,Guyana,Cuba,-1,2010
31697,Dominican Republic,Haiti,-1,2010
31698,Poland,Estonia,1,2010
31699,Dominican Republic,Haiti,-1,2010
31700,Qatar,Bahrain,-1,2010
31701,Alderney,Jersey,-1,2010
31702,Mauritius,Madagascar,-1,2010
31703,South Africa,Zimbabwe,1,2010
31704,British Virgin Islands,United States Virgin Islands,-1,2010
31705,British Virgin Islands,United States Virgin Islands,-1,2010
31706,China PR,Thailand,-1,2010
31707,Iceland,Faroe Islands,1,2010
31708,Qatar,Jordan,1,2010
31709,Oman,United Arab Emirates,-1,2010
31710,Trinidad and Tobago,El Salvador,1,2010
31711,Bahrain,Iran,1,2010
31712,Kuwait,Iraq,-1,2010
31713,Singapore,Australia,-1,2010
31714,Uzbekistan,Jordan,1,2010
31715,Venezuela,El Salvador,1,2010
31716,Gabon,DR Congo,-1,2010
31717,Nepal,Pakistan,1,2010
31718,Togo,Guinea,-1,2010
31719,Algeria,DR Congo,-1,2010
31720,Andorra,Latvia,-1,2010
31721,Anguilla,El Salvador,-1,2010
31722,Antigua and Barbuda,Aruba,1,2010
31723,Armenia,Kazakhstan,1,2010
31724,Austria,Netherlands,-1,2010
31725,Bahamas,British Virgin Islands,-1,2010
31726,Bahrain,Japan,1,2010
31727,Barbados,Dominica,1,2010
31728,Belarus,Turkey,-1,2010
31729,Belgium,Morocco,-1,2010
31730,Bosnia and Herzegovina,North Macedonia,-1,2010
31731,Botswana,Zimbabwe,-1,2010
31732,Brazil,Sweden,1,2010
31733,Bulgaria,Finland,1,2010
31734,China PR,Australia,-1,2010
31735,Curaçao,Nicaragua,1,2010
31736,Denmark,Czech Republic,-1,2010
31737,Ecuador,Haiti,1,2010
31738,Egypt,Argentina,-1,2010
31739,Estonia,Canada,1,2010
31740,France,England,1,2010
31741,Ghana,Mexico,-1,2010
31742,Grenada,United States Virgin Islands,1,2010
31743,Honduras,Colombia,1,2010
31744,Hungary,Slovenia,-1,2010
31745,Israel,Chile,1,2010
31746,Ivory Coast,Tunisia,-1,2010
31747,Jamaica,Trinidad and Tobago,-1,2010
31748,North Korea,South Korea,-1,2010
31749,Kuwait,Iran,-1,2010
31750,Lithuania,Azerbaijan,1,2010
31751,Luxembourg,Wales,-1,2010
31752,Malta,Liechtenstein,1,2010
31753,Montenegro,Norway,1,2010
31754,Montserrat,Suriname,-1,2010
31755,Namibia,Malawi,-1,2010
31756,Northern Ireland,Georgia,1,2010
31757,Peru,Costa Rica,1,2010
31758,Poland,United States,-1,2010
31759,Portugal,Greece,-1,2010
31760,Puerto Rico,Dominican Republic,1,2010
31761,Qatar,Iraq,1,2010
31762,Romania,Russia,1,2010
31763,Scotland,Croatia,-1,2010
31764,Singapore,Lebanon,1,2010
31765,Slovakia,Iceland,-1,2010
31766,South Africa,Paraguay,1,2010
31767,Spain,Italy,1,2010
31768,Saint Kitts and Nevis,Belize,-1,2010
31769,Saint Lucia,Turks and Caicos Islands,1,2010
31770,Sudan,Liberia,-1,2010
31771,Switzerland,Germany,-1,2010
31772,Syria,United Arab Emirates,-1,2010
31773,Thailand,Oman,-1,2010
31774,Turkmenistan,Jordan,-1,2010
31775,Uganda,Libya,-1,2010
31776,Ukraine,Serbia,1,2010
31777,Uzbekistan,Saudi Arabia,1,2010
31778,Venezuela,Bolivia,-1,2010
31779,Nepal,Pakistan,-1,2010
31780,Bahamas,British Virgin Islands,-1,2010
31781,Cayman Islands,Bermuda,-1,2010
31782,Sri Lanka,Guam,1,2010
31783,Pakistan,Sri Lanka,-1,2010
31784,Taiwan,Guam,1,2010
31785,Yemen,Tanzania,1,2010
31786,Pakistan,Guam,1,2010
31787,Taiwan,Sri Lanka,-1,2010
31788,Lebanon,Maldives,1,2010
31789,Mexico,China PR,1,2010
31790,El Salvador,China PR,-1,2010
31791,Guatemala,Haiti,1,2010
31792,Maldives,Lebanon,-1,2010
31793,Oman,Liberia,1,2010
31794,Indonesia,Yemen,1,2010
31795,Northern Mariana Islands,Guam,-1,2010
31796,Oman,Kyrgyzstan,1,2010
31797,Trinidad and Tobago,Grenada,1,2010
31798,Colombia,Venezuela,1,2010
31799,Liberia,Sierra Leone,1,2010
31800,Oman,Yemen,-1,2010
31801,Bangladesh,Afghanistan,-1,2010
31802,Jersey,Guernsey,-1,2010
31803,Kyrgyzstan,Afghanistan,-1,2010
31804,Kyrgyzstan,Bangladesh,1,2010
31805,Syria,Oman,1,2010
31806,Trinidad and Tobago,Barbados,1,2010
31807,Philippines,Brunei,1,2010
31808,Tajikistan,Bhutan,1,2010
31809,Bhutan,Brunei,-1,2010
31810,Philippines,Tajikistan,-1,2010
31811,Philippines,Bhutan,1,2010
31812,Syria,Iraq,1,2010
31813,Tajikistan,Brunei,1,2010
31814,Antigua and Barbuda,Saint Lucia,1,2010
31815,Oman,Turkmenistan,1,2010
31816,Greece,Cyprus,1,2010
31817,Thailand,Nepal,1,2010
31818,Turkey,Slovakia,1,2010
31819,Brittany,Congo,1,2010
31820,Curaçao,Suriname,1,2010
31821,Mozambique,Lesotho,-1,2010
31822,Ivory Coast,Paraguay,-1,2010
31823,Libya,Zambia,-1,2010
31824,Yemen,Sudan,-1,2010
31825,Australia,Ghana,1,2010
31826,Honduras,Belize,1,2010
31827,Qatar,Kuwait,-1,2010
31828,Russia,Kazakhstan,1,2010
31829,Eswatini,Lesotho,-1,2010
31830,Burkina Faso,Cape Verde,-1,2010
31831,Croatia,Moldova,1,2010
31832,Hungary,Greece,1,2010
31833,India,Taiwan,1,2010
31834,Republic of Ireland,Serbia,-1,2010
31835,Japan,Ivory Coast,1,2010
31836,Nepal,Macau,1,2010
31837,Netherlands,Ukraine,1,2010
31838,Saudi Arabia,Syria,1,2010
31839,Switzerland,Slovakia,1,2010
31840,Catalonia,Argentina,-1,2010
31841,China PR,Jordan,1,2010
31842,Iran,Zambia,1,2010
31843,Tanzania,Malawi,-1,2010
31844,Thailand,Iraq,1,2010
31845,Turkey,Uruguay,-1,2010
31846,Cambodia,Nepal,-1,2010
31847,North Macedonia,Poland,-1,2010
31848,Sweden,Slovenia,1,2010
31849,Albania,Poland,-1,2010
31850,Austria,Nigeria,-1,2010
31851,Czech Republic,Lithuania,1,2010
31852,Estonia,Georgia,-1,2010
31853,France,Ecuador,1,2010
31854,Germany,Belarus,-1,2010
31855,India,Taiwan,-1,2010
31856,Japan,Paraguay,-1,2010
31857,Libya,Liberia,1,2010
31858,Luxembourg,Cape Verde,-1,2010
31859,Montenegro,Kazakhstan,1,2010
31860,Qatar,Lebanon,1,2010
31861,Saudi Arabia,Kuwait,1,2010
31862,Cambodia,Macau,1,2010
31863,England,United States,1,2010
31864,Iceland,Wales,-1,2010
31865,Moldova,Armenia,-1,2010
31866,Norway,Uruguay,-1,2010
31867,Russia,Serbia,1,2010
31868,Singapore,Bahrain,-1,2010
31869,Finland,Turkey,-1,2010
31870,Republic of Ireland,Colombia,1,2010
31871,Netherlands,Denmark,-1,2010
31872,Austria,Malta,1,2010
31873,Czech Republic,Scotland,1,2010
31874,Guatemala,El Salvador,-1,2010
31875,Italy,Belgium,1,2010
31876,Latvia,Estonia,1,2010
31877,Switzerland,Liechtenstein,1,2010
31878,Venezuela,Honduras,-1,2010
31879,Botswana,Madagascar,-1,2010
31880,Brazil,Canada,1,2010
31881,Cameroon,Cape Verde,1,2010
31882,Estonia,Lithuania,-1,2010
31883,France,Paraguay,-1,2010
31884,Germany,Serbia,1,2010
31885,Hungary,Croatia,-1,2010
31886,South Korea,Jordan,-1,2010
31887,Malawi,Djibouti,1,2010
31888,Namibia,Kenya,1,2010
31889,Portugal,Georgia,1,2010
31890,Romania,Montenegro,1,2010
31891,Rwanda,Mauritania,1,2010
31892,Senegal,Algeria,1,2010
31893,Spain,Peru,1,2010
31894,Tanzania,Mauritius,-1,2010
31895,Togo,Zambia,1,2010
31896,Uganda,Niger,1,2010
31897,Angola,Benin,1,2010
31898,Armenia,Greece,-1,2010
31899,Australia,Iraq,1,2010
31900,Bosnia and Herzegovina,Azerbaijan,1,2010
31901,Burundi,Seychelles,1,2010
31902,Egypt,DR Congo,1,2010
31903,Equatorial Guinea,Sierra Leone,1,2010
31904,Ghana,Libya,1,2010
31905,Guatemala,Panama,-1,2010
31906,Guinea,Zimbabwe,-1,2010
31907,Ivory Coast,Mozambique,1,2010
31908,Latvia,Lithuania,1,2010
31909,Liberia,Gambia,-1,2010
31910,Mali,Congo,1,2010
31911,Netherlands,Wales,1,2010
31912,Nigeria,South Africa,1,2010
31913,Poland,Denmark,-1,2010
31914,Sweden,Ukraine,-1,2010
31915,Trinidad and Tobago,England,-1,2010
31916,Tunisia,Burkina Faso,-1,2010
31917,Finland,Belarus,-1,2010
31918,Iran,United Arab Emirates,-1,2010
31919,Japan,Oman,1,2010
31920,Qatar,China PR,-1,2010
31921,Saudi Arabia,Lebanon,1,2010
31922,Singapore,Uzbekistan,-1,2010
31923,Syria,Kuwait,1,2010
31924,Thailand,Bahrain,-1,2010
31925,Turkmenistan,North Korea,-1,2010
31926,France,Colombia,1,2010
31927,India,Nepal,1,2010
31928,Maldives,Pakistan,1,2010
31929,Andorra,Azerbaijan,-1,2010
31930,Bangladesh,Bhutan,-1,2010
31931,Chile,Guatemala,1,2010
31932,Estonia,Faroe Islands,1,2010
31933,Honduras,Puerto Rico,1,2010
31934,Lithuania,Russia,-1,2010
31935,Mexico,Argentina,-1,2010
31936,Panama,Canada,-1,2010
31937,Spain,United States,1,2010
31938,Sri Lanka,Afghanistan,-1,2010
31939,India,Pakistan,1,2010
31940,Maldives,Nepal,1,2010
31941,Algeria,Liberia,1,2010
31942,Bangladesh,Afghanistan,-1,2010
31943,Bermuda,Barbados,1,2010
31944,Brazil,Venezuela,-1,2010
31945,Indonesia,Malaysia,-1,2010
31946,Sri Lanka,Bhutan,1,2010
31947,Djibouti,Egypt,-1,2010
31948,Bahrain,Thailand,-1,2010
31949,Burkina Faso,Burundi,1,2010
31950,Cape Verde,Tanzania,1,2010
31951,Chad,Mali,-1,2010
31952,Chile,Panama,-1,2010
31953,China PR,Qatar,-1,2010
31954,Cuba,Saint Vincent and the Grenadines,1,2010
31955,Honduras,Haiti,1,2010
31956,Iraq,Australia,1,2010
31957,Jordan,South Korea,-1,2010
31958,Kenya,Guinea,1,2010
31959,North Korea,Turkmenistan,1,2010
31960,Libya,Gabon,1,2010
31961,Maldives,India,-1,2010
31962,Mauritania,Morocco,-1,2010
31963,Oman,Japan,-1,2010
31964,Pakistan,Nepal,-1,2010
31965,Portugal,Turkey,1,2010
31966,Saudi Arabia,Lebanon,1,2010
31967,Seychelles,Tunisia,-1,2010
31968,Sierra Leone,Nigeria,-1,2010
31969,Switzerland,Czech Republic,-1,2010
31970,Trinidad and Tobago,Jamaica,-1,2010
31971,United Arab Emirates,Iran,-1,2010
31972,Uzbekistan,Singapore,1,2010
31973,South Africa,Equatorial Guinea,1,2010
31974,Afghanistan,Bhutan,-1,2010
31975,Antigua and Barbuda,Saint Kitts and Nevis,1,2010
31976,Austria,Croatia,-1,2010
31977,Benin,Uganda,1,2010
31978,Congo,Sudan,1,2010
31979,DR Congo,Malawi,1,2010
31980,Gambia,Senegal,-1,2010
31981,Germany,Poland,1,2010
31982,Kuwait,Syria,1,2010
31983,Lesotho,Ghana,-1,2010
31984,Madagascar,Ivory Coast,-1,2010
31985,Mauritius,Cameroon,-1,2010
31986,Mexico,Peru,1,2010
31987,Mozambique,Botswana,-1,2010
31988,Niger,Angola,-1,2010
31989,Sri Lanka,Bangladesh,1,2010
31990,Eswatini,Togo,1,2010
31991,United States,Argentina,-1,2010
31992,Zimbabwe,Namibia,1,2010
31993,Bermuda,Barbados,1,2010
31994,Curaçao,Venezuela,-1,2010
31995,Netherlands,Italy,1,2010
31996,Romania,France,-1,2010
31997,Greece,Sweden,-1,2010
31998,Grenada,Jamaica,1,2010
31999,Spain,Russia,1,2010
32000,Czech Republic,Portugal,-1,2010
32001,India,Bhutan,1,2010
32002,Indonesia,Vietnam,1,2010
32003,Sri Lanka,Maldives,-1,2010
32004,Switzerland,Turkey,-1,2010
32005,Austria,Poland,-1,2010
32006,Croatia,Germany,1,2010
32007,Djibouti,DR Congo,-1,2010
32008,Italy,Romania,-1,2010
32009,Netherlands,France,1,2010
32010,Bahrain,Oman,-1,2010
32011,Botswana,Ivory Coast,-1,2010
32012,Chad,Congo,1,2010
32013,China PR,Iraq,-1,2010
32014,Gabon,Ghana,1,2010
32015,Gambia,Algeria,1,2010
32016,Greece,Russia,-1,2010
32017,Grenada,Costa Rica,-1,2010
32018,Guatemala,Saint Lucia,1,2010
32019,India,Maldives,-1,2010
32020,Kenya,Zimbabwe,1,2010
32021,North Korea,Jordan,1,2010
32022,Kuwait,United Arab Emirates,-1,2010
32023,Malawi,Egypt,1,2010
32024,Namibia,Guinea,-1,2010
32025,Niger,Benin,-1,2010
32026,Peru,Colombia,-1,2010
32027,Puerto Rico,Honduras,-1,2010
32028,Qatar,Australia,-1,2010
32029,Rwanda,Morocco,1,2010
32030,Seychelles,Burkina Faso,-1,2010
32031,Sierra Leone,South Africa,1,2010
32032,Singapore,Saudi Arabia,-1,2010
32033,Sudan,Mali,1,2010
32034,Suriname,Guyana,1,2010
32035,Sweden,Spain,-1,2010
32036,Syria,Iran,-1,2010
32037,Tanzania,Cameroon,-1,2010
32038,Thailand,Japan,-1,2010
32039,Turkmenistan,South Korea,-1,2010
32040,Uganda,Angola,1,2010
32041,Uruguay,Venezuela,-1,2010
32042,Uzbekistan,Lebanon,1,2010
32043,Vanuatu,New Caledonia,-1,2010
32044,Argentina,Ecuador,-1,2010
32045,Belize,Mexico,-1,2010
32046,Bolivia,Chile,-1,2010
32047,Burundi,Tunisia,-1,2010
32048,Equatorial Guinea,Nigeria,-1,2010
32049,Haiti,Curaçao,-1,2010
32050,Jamaica,Bahamas,1,2010
32051,Lesotho,Libya,-1,2010
32052,Liberia,Senegal,-1,2010
32053,Macau,Hong Kong,-1,2010
32054,Madagascar,Mozambique,-1,2010
32055,Mauritius,Cape Verde,-1,2010
32056,Panama,El Salvador,1,2010
32057,Paraguay,Brazil,1,2010
32058,Eswatini,Zambia,-1,2010
32059,Switzerland,Portugal,1,2010
32060,Trinidad and Tobago,Bermuda,-1,2010
32061,Turkey,Czech Republic,1,2010
32062,United States,Barbados,1,2010
32063,Saint Vincent and the Grenadines,Canada,-1,2010
32064,Austria,Germany,-1,2010
32065,Poland,Croatia,-1,2010
32066,Antigua and Barbuda,Cuba,-1,2010
32067,France,Italy,-1,2010
32068,Netherlands,Romania,1,2010
32069,Uruguay,Peru,1,2010
32070,Bolivia,Paraguay,1,2010
32071,Ecuador,Colombia,-1,2010
32072,Greece,Spain,-1,2010
32073,Jamaica,Bahamas,1,2010
32074,Russia,Sweden,1,2010
32075,Brazil,Argentina,-1,2010
32076,Portugal,Germany,-1,2010
32077,Venezuela,Chile,-1,2010
32078,Algeria,Gambia,1,2010
32079,Canada,Saint Vincent and the Grenadines,1,2010
32080,Croatia,Turkey,-1,2010
32081,Libya,Lesotho,1,2010
32082,Burkina Faso,Seychelles,1,2010
32083,Cameroon,Tanzania,1,2010
32084,Costa Rica,Grenada,1,2010
32085,Mexico,Belize,1,2010
32086,Morocco,Rwanda,1,2010
32087,Netherlands,Russia,-1,2010
32088,New Caledonia,Vanuatu,1,2010
32089,Nigeria,Equatorial Guinea,1,2010
32090,Senegal,Liberia,1,2010
32091,South Africa,Sierra Leone,-1,2010
32092,Saint Lucia,Guatemala,-1,2010
32093,Tunisia,Burundi,1,2010
32094,Zambia,Eswatini,1,2010
32095,Australia,China PR,-1,2010
32096,Barbados,United States,-1,2010
32097,Benin,Niger,1,2010
32098,Bermuda,Trinidad and Tobago,-1,2010
32099,Cape Verde,Mauritius,1,2010
32100,Congo,Chad,1,2010
32101,DR Congo,Djibouti,1,2010
32102,Cuba,Antigua and Barbuda,1,2010
32103,Curaçao,Haiti,-1,2010
32104,Egypt,Malawi,1,2010
32105,El Salvador,Panama,1,2010
32106,Ghana,Gabon,1,2010
32107,Guinea,Namibia,1,2010
32108,Guyana,Suriname,-1,2010
32109,Iran,Kuwait,1,2010
32110,Iraq,Qatar,-1,2010
32111,Ivory Coast,Botswana,1,2010
32112,Japan,Bahrain,1,2010
32113,Jordan,Turkmenistan,1,2010
32114,South Korea,North Korea,-1,2010
32115,Lebanon,Singapore,-1,2010
32116,Mali,Sudan,1,2010
32117,Mozambique,Madagascar,1,2010
32118,Oman,Thailand,1,2010
32119,Saudi Arabia,Uzbekistan,1,2010
32120,Spain,Italy,-1,2010
32121,United Arab Emirates,Syria,-1,2010
32122,Zimbabwe,Kenya,-1,2010
32123,Angola,Uganda,-1,2010
32124,Germany,Turkey,1,2010
32125,Russia,Spain,-1,2010
32126,Gabon,Lesotho,1,2010
32127,Germany,Spain,-1,2010
32128,Solomon Islands,Vanuatu,-1,2010
32129,Sápmi,Iraqi Kurdistan,-1,2010
32130,Trinidad and Tobago,Guyana,1,2010
32131,Provence,Padania,-1,2010
32132,Provence,Iraqi Kurdistan,-1,2010
32133,Sápmi,Arameans Suryoye,-1,2010
32134,Arameans Suryoye,Provence,1,2010
32135,Padania,Iraqi Kurdistan,1,2010
32136,Sápmi,Padania,-1,2010
32137,Iraqi Kurdistan,Arameans Suryoye,-1,2010
32138,Padania,Arameans Suryoye,1,2010
32139,Sápmi,Provence,1,2010
32140,Sápmi,Iraqi Kurdistan,1,2010
32141,Padania,Arameans Suryoye,1,2010
32142,Trinidad and Tobago,Curaçao,1,2010
32143,Madagascar,Eswatini,-1,2010
32144,Mauritius,Seychelles,-1,2010
32145,Comoros,Namibia,-1,2010
32146,El Salvador,Guatemala,-1,2010
32147,Lesotho,Malawi,-1,2010
32148,Madagascar,Seychelles,-1,2010
32149,Mauritius,Eswatini,-1,2010
32150,Comoros,Malawi,-1,2010
32151,India,Malaysia,-1,2010
32152,Lesotho,Namibia,-1,2010
32153,Madagascar,Mauritius,1,2010
32154,Seychelles,Eswatini,-1,2010
32155,Comoros,Lesotho,-1,2010
32156,Malawi,Namibia,-1,2010
32157,El Salvador,Jamaica,-1,2010
32158,South Africa,Namibia,1,2010
32159,Botswana,Mozambique,-1,2010
32160,Curaçao,Aruba,-1,2010
32161,Zambia,Zimbabwe,-1,2010
32162,Grenada,Aruba,1,2010
32163,India,Afghanistan,1,2010
32164,Madagascar,Mozambique,-1,2010
32165,South Africa,Zambia,1,2010
32166,Trinidad and Tobago,Haiti,1,2010
32167,Turkmenistan,Tajikistan,-1,2010
32168,Myanmar,Nepal,1,2010
32169,Curaçao,Grenada,1,2010
32170,North Korea,Sri Lanka,1,2010
32171,Afghanistan,Turkmenistan,-1,2010
32172,India,Tajikistan,-1,2010
32173,Nepal,North Korea,-1,2010
32174,Sri Lanka,Myanmar,-1,2010
32175,Afghanistan,Tajikistan,-1,2010
32176,India,Turkmenistan,1,2010
32177,Madagascar,Zambia,-1,2010
32178,South Africa,Mozambique,1,2010
32179,North Korea,Myanmar,1,2010
32180,Nepal,Sri Lanka,1,2010
32181,Guatemala,Bolivia,1,2010
32182,India,Myanmar,1,2010
32183,Iran,Palestine,1,2010
32184,North Korea,Tajikistan,-1,2010
32185,Syria,Jordan,-1,2010
32186,Guyana,Dominica,1,2010
32187,Dominica,Suriname,-1,2010
32188,Oman,Syria,-1,2010
32189,Palestine,Qatar,-1,2010
32190,Guyana,Suriname,-1,2010
32191,Haiti,Trinidad and Tobago,1,2010
32192,Iran,Qatar,1,2010
32193,Myanmar,North Korea,-1,2010
32194,India,Tajikistan,1,2010
32195,Iran,Syria,1,2010
32196,Jordan,Qatar,1,2010
32197,El Salvador,Trinidad and Tobago,-1,2010
32198,Iran,Jordan,1,2010
32199,Australia,South Africa,-1,2010
32200,Gabon,Mali,1,2010
32201,Albania,Liechtenstein,1,2010
32202,Algeria,United Arab Emirates,1,2010
32203,Bahrain,Burkina Faso,1,2010
32204,Belarus,Argentina,-1,2010
32205,Bolivia,Panama,1,2010
32206,Bosnia and Herzegovina,Bulgaria,-1,2010
32207,Canada,Jamaica,-1,2010
32208,Colombia,Ecuador,-1,2010
32209,DR Congo,Togo,1,2010
32210,Costa Rica,El Salvador,1,2010
32211,Cuba,Trinidad and Tobago,-1,2010
32212,Denmark,Spain,-1,2010
32213,England,Czech Republic,-1,2010
32214,Estonia,Malta,1,2010
32215,Finland,Israel,1,2010
32216,Germany,Belgium,1,2010
32217,Guatemala,United States,-1,2010
32218,Guinea,Ivory Coast,-1,2010
32219,Haiti,Suriname,-1,2010
32220,Hungary,Montenegro,-1,2010
32221,Iceland,Azerbaijan,-1,2010
32222,Italy,Austria,-1,2010
32223,Japan,Uruguay,-1,2010
32224,Kazakhstan,Andorra,1,2010
32225,Libya,Senegal,-1,2010
32226,Lithuania,Moldova,1,2010
32227,Luxembourg,North Macedonia,-1,2010
32228,Mexico,Honduras,1,2010
32229,Morocco,Benin,1,2010
32230,Mozambique,Eswatini,1,2010
32231,Norway,Republic of Ireland,-1,2010
32232,Oman,Uzbekistan,1,2010
32233,Portugal,Faroe Islands,1,2010
32234,Qatar,Tajikistan,1,2010
32235,Romania,Latvia,1,2010
32236,Russia,Netherlands,-1,2010
32237,Saudi Arabia,Paraguay,-1,2010
32238,Scotland,Northern Ireland,-1,2010
32239,Slovakia,Greece,-1,2010
32240,Slovenia,Croatia,-1,2010
32241,Sudan,Egypt,1,2010
32242,Sweden,France,-1,2010
32243,Switzerland,Cyprus,1,2010
32244,Tanzania,Ghana,-1,2010
32245,Tunisia,Angola,-1,2010
32246,Turkey,Chile,1,2010
32247,Ukraine,Poland,1,2010
32248,Venezuela,Syria,1,2010
32249,Wales,Georgia,-1,2010
32250,Zimbabwe,Botswana,1,2010
32251,Indonesia,Cambodia,1,2010
32252,Cambodia,Myanmar,-1,2010
32253,Libya,Chad,1,2010
32254,Qatar,North Korea,1,2010
32255,Indonesia,Myanmar,1,2010
32256,Bermuda,Antigua and Barbuda,-1,2010
32257,Cayman Islands,Saint Martin,1,2010
32258,Iran,Azerbaijan,1,2010
32259,Libya,Niger,1,2010
32260,United Arab Emirates,Bahrain,-1,2010
32261,Uzbekistan,North Korea,-1,2010
32262,Cayman Islands,Antigua and Barbuda,-1,2010
32263,Saudi Arabia,Qatar,1,2010
32264,Saint Martin,Bermuda,-1,2010
32265,Suriname,French Guiana,1,2010
32266,Antigua and Barbuda,Saint Martin,1,2010
32267,Cayman Islands,Bermuda,-1,2010
32268,Trinidad and Tobago,Guyana,1,2010
32269,Algeria,Senegal,1,2010
32270,Djibouti,Malawi,-1,2010
32271,South Korea,Jordan,1,2010
32272,Libya,Ghana,1,2010
32273,Albania,Sweden,-1,2010
32274,Andorra,England,-1,2010
32275,Argentina,Paraguay,-1,2010
32276,Armenia,Turkey,-1,2010
32277,Austria,France,1,2010
32278,Bahrain,Japan,-1,2010
32279,Belgium,Estonia,1,2010
32280,Burkina Faso,Tunisia,-1,2010
32281,Cape Verde,Cameroon,-1,2010
32282,Colombia,Uruguay,-1,2010
32283,Croatia,Kazakhstan,1,2010
32284,Cuba,United States,-1,2010
32285,Cyprus,Italy,-1,2010
32286,Ecuador,Bolivia,1,2010
32287,Fiji,Vanuatu,1,2010
32288,Gambia,Liberia,1,2010
32289,Georgia,Republic of Ireland,-1,2010
32290,Hungary,Denmark,-1,2010
32291,Israel,Switzerland,-1,2010
32292,Kenya,Namibia,1,2010
32293,Liechtenstein,Germany,-1,2010
32294,Luxembourg,Greece,-1,2010
32295,North Macedonia,Scotland,1,2010
32296,Malta,Portugal,-1,2010
32297,Martinique,French Guiana,1,2010
32298,Mauritania,Rwanda,-1,2010
32299,Mauritius,Tanzania,-1,2010
32300,Moldova,Latvia,-1,2010
32301,Montenegro,Bulgaria,-1,2010
32302,Netherlands,Australia,-1,2010
32303,New Caledonia,New Zealand,-1,2010
32304,Norway,Iceland,-1,2010
32305,Oman,Morocco,-1,2010
32306,Peru,Venezuela,1,2010
32307,Poland,Slovenia,-1,2010
32308,Qatar,Uzbekistan,1,2010
32309,Romania,Lithuania,-1,2010
32310,Saudi Arabia,Iran,-1,2010
32311,Serbia,Faroe Islands,1,2010
32312,Seychelles,Burundi,-1,2010
32313,Sierra Leone,Equatorial Guinea,1,2010
32314,Slovakia,Northern Ireland,1,2010
32315,South Africa,Nigeria,-1,2010
32316,Spain,Bosnia and Herzegovina,1,2010
32317,Sudan,Chad,-1,2010
32318,Trinidad and Tobago,Guatemala,-1,2010
32319,Ukraine,Belarus,1,2010
32320,United Arab Emirates,North Korea,-1,2010
32321,Wales,Azerbaijan,1,2010
32322,Canada,Honduras,-1,2010
32323,Costa Rica,Suriname,1,2010
32324,El Salvador,Haiti,1,2010
32325,Mexico,Jamaica,1,2010
32326,Benin,Angola,1,2010
32327,Chile,Brazil,-1,2010
32328,Congo,Mali,1,2010
32329,DR Congo,Egypt,-1,2010
32330,Lesotho,Gabon,-1,2010
32331,Madagascar,Botswana,1,2010
32332,Mozambique,Ivory Coast,-1,2010
32333,Niger,Uganda,1,2010
32334,Zimbabwe,Guinea,-1,2010
32335,Paraguay,Venezuela,1,2010
32336,South Africa,Guinea,-1,2010
32337,Albania,Malta,1,2010
32338,Andorra,Belarus,-1,2010
32339,Azerbaijan,Liechtenstein,-1,2010
32340,Bosnia and Herzegovina,Estonia,1,2010
32341,Brazil,Bolivia,-1,2010
32342,Chad,Sudan,-1,2010
32343,Chile,Colombia,1,2010
32344,Croatia,England,-1,2010
32345,Faroe Islands,Romania,-1,2010
32346,Finland,Germany,-1,2010
32347,France,Serbia,1,2010
32348,Guatemala,Cuba,1,2010
32349,Haiti,Costa Rica,-1,2010
32350,Honduras,Jamaica,1,2010
32351,Iceland,Scotland,-1,2010
32352,Italy,Georgia,1,2010
32353,Kazakhstan,Ukraine,-1,2010
32354,North Korea,South Korea,-1,2010
32355,Latvia,Greece,-1,2010
32356,Lithuania,Austria,1,2010
32357,North Macedonia,Netherlands,-1,2010
32358,Mexico,Canada,1,2010
32359,Moldova,Israel,-1,2010
32360,Montenegro,Republic of Ireland,-1,2010
32361,New Zealand,New Caledonia,1,2010
32362,Northern Ireland,Czech Republic,-1,2010
32363,Oman,Zimbabwe,1,2010
32364,Peru,Argentina,-1,2010
32365,Portugal,Denmark,-1,2010
32366,Qatar,Bahrain,-1,2010
32367,Russia,Wales,1,2010
32368,San Marino,Poland,-1,2010
32369,Slovenia,Slovakia,1,2010
32370,Spain,Armenia,1,2010
32371,Suriname,El Salvador,-1,2010
32372,Sweden,Hungary,1,2010
32373,Switzerland,Luxembourg,-1,2010
32374,Turkey,Belgium,-1,2010
32375,United Arab Emirates,Saudi Arabia,-1,2010
32376,Uruguay,Ecuador,-1,2010
32377,United States,Trinidad and Tobago,1,2010
32378,Uzbekistan,Australia,-1,2010
32379,Vanuatu,Fiji,1,2010
32380,Zambia,Togo,1,2010
32381,Martinique,Anguilla,1,2010
32382,Antigua and Barbuda,Guyana,1,2010
32383,Mexico,Chile,-1,2010
32384,Saint Kitts and Nevis,British Virgin Islands,1,2010
32385,Tahiti,New Caledonia,-1,2010
32386,Guadeloupe,Martinique,-1,2010
32387,Mayotte,Réunion,-1,2010
32388,British Virgin Islands,Barbados,-1,2010
32389,New Caledonia,Guadeloupe,-1,2010
32390,Tahiti,Martinique,-1,2010
32391,Saint Kitts and Nevis,Barbados,-1,2010
32392,French Guiana,Mayotte,1,2010
32393,South Africa,Malawi,1,2010
32394,Tahiti,Guadeloupe,-1,2010
32395,New Caledonia,Martinique,-1,2010
32396,Vietnam,Myanmar,-1,2010
32397,French Guiana,Réunion,-1,2010
32398,Myanmar,Turkmenistan,-1,2010
32399,New Caledonia,Mayotte,1,2010
32400,Guadeloupe,French Guiana,1,2010
32401,Martinique,Réunion,-1,2010
32402,Trinidad and Tobago,Dominican Republic,1,2010
32403,Japan,United Arab Emirates,-1,2010
32404,Malaysia,Pakistan,1,2010
32405,Argentina,Uruguay,1,2010
32406,Belgium,Armenia,1,2010
32407,Bolivia,Peru,1,2010
32408,Botswana,Mozambique,-1,2010
32409,Bulgaria,Italy,-1,2010
32410,Cameroon,Mauritius,1,2010
32411,Colombia,Paraguay,-1,2010
32412,Denmark,Malta,1,2010
32413,England,Kazakhstan,1,2010
32414,Equatorial Guinea,South Africa,-1,2010
32415,Estonia,Spain,-1,2010
32416,Faroe Islands,Austria,-1,2010
32417,Finland,Azerbaijan,1,2010
32418,Gabon,Libya,1,2010
32419,Georgia,Cyprus,-1,2010
32420,Germany,Russia,1,2010
32421,Ghana,Lesotho,1,2010
32422,Greece,Moldova,1,2010
32423,Guadeloupe,Cayman Islands,1,2010
32424,Guatemala,Trinidad and Tobago,-1,2010
32425,Haiti,El Salvador,-1,2010
32426,Honduras,Canada,1,2010
32427,Hungary,Albania,1,2010
32428,Ivory Coast,Madagascar,1,2010
32429,Jamaica,Mexico,1,2010
32430,South Korea,Uzbekistan,1,2010
32431,Liberia,Algeria,-1,2010
32432,Luxembourg,Israel,-1,2010
32433,Malawi,DR Congo,1,2010
32434,Mali,Chad,1,2010
32435,Martinique,Grenada,-1,2010
32436,Morocco,Mauritania,1,2010
32437,Namibia,Zimbabwe,1,2010
32438,Netherlands,Iceland,1,2010
32439,Nigeria,Sierra Leone,1,2010
32440,Poland,Czech Republic,1,2010
32441,Romania,France,-1,2010
32442,San Marino,Slovakia,-1,2010
32443,Scotland,Norway,-1,2010
32444,Senegal,Gambia,-1,2010
32445,Serbia,Lithuania,1,2010
32446,Slovenia,Northern Ireland,1,2010
32447,Sudan,Congo,1,2010
32448,Suriname,Costa Rica,-1,2010
32449,Sweden,Portugal,-1,2010
32450,Switzerland,Latvia,1,2010
32451,Tanzania,Cape Verde,1,2010
32452,Togo,Eswatini,1,2010
32453,Tunisia,Seychelles,1,2010
32454,Turkey,Bosnia and Herzegovina,1,2010
32455,Ukraine,Croatia,-1,2010
32456,United States,Cuba,1,2010
32457,Wales,Liechtenstein,1,2010
32458,Angola,Niger,1,2010
32459,Burundi,Burkina Faso,-1,2010
32460,Ecuador,Chile,1,2010
32461,Egypt,Djibouti,1,2010
32462,Guinea,Kenya,1,2010
32463,Uganda,Benin,1,2010
32464,Venezuela,Brazil,-1,2010
32465,Cayman Islands,Martinique,-1,2010
32466,Guadeloupe,Grenada,1,2010
32467,Bolivia,Uruguay,-1,2010
32468,France,Tunisia,1,2010
32469,Vietnam,Singapore,-1,2010
32470,Australia,Qatar,1,2010
32471,Austria,Serbia,-1,2010
32472,Bahrain,Azerbaijan,-1,2010
32473,Belarus,England,-1,2010
32474,Belgium,Spain,-1,2010
32475,Bosnia and Herzegovina,Armenia,1,2010
32476,Brazil,Colombia,-1,2010
32477,Canada,Mexico,-1,2010
32478,Chile,Argentina,1,2010
32479,Costa Rica,Haiti,1,2010
32480,Croatia,Andorra,1,2010
32481,Cuba,Guatemala,1,2010
32482,Czech Republic,Slovenia,1,2010
32483,El Salvador,Suriname,1,2010
32484,Estonia,Turkey,-1,2010
32485,Georgia,Bulgaria,-1,2010
32486,Germany,Wales,1,2010
32487,Greece,Switzerland,-1,2010
32488,Grenada,Cayman Islands,1,2010
32489,Guadeloupe,Martinique,1,2010
32490,Iceland,North Macedonia,1,2010
32491,Iran,North Korea,1,2010
32492,Republic of Ireland,Cyprus,1,2010
32493,Italy,Montenegro,1,2010
32494,Jamaica,Honduras,1,2010
32495,Japan,Uzbekistan,-1,2010
32496,South Korea,United Arab Emirates,1,2010
32497,Latvia,Israel,-1,2010
32498,Lithuania,Faroe Islands,1,2010
32499,Luxembourg,Moldova,-1,2010
32500,Malaysia,Nepal,1,2010
32501,Malta,Hungary,-1,2010
32502,Northern Ireland,San Marino,1,2010
32503,Norway,Netherlands,-1,2010
32504,Paraguay,Peru,1,2010
32505,Portugal,Albania,-1,2010
32506,Russia,Finland,1,2010
32507,Slovakia,Poland,1,2010
32508,South Africa,Ghana,1,2010
32509,Trinidad and Tobago,United States,1,2010
32510,Venezuela,Ecuador,1,2010
32511,Cambodia,Laos,1,2010
32512,Nepal,Afghanistan,-1,2010
32513,Philippines,Timor-Leste,1,2010
32514,Bangladesh,Myanmar,-1,2010
32515,Brunei,Philippines,-1,2010
32516,Cambodia,Timor-Leste,-1,2010
32517,Malaysia,Afghanistan,1,2010
32518,Timor-Leste,Brunei,-1,2010
32519,Philippines,Laos,-1,2010
32520,Bolivia,El Salvador,-1,2010
32521,Barbados,Suriname,1,2010
32522,Cambodia,Philippines,-1,2010
32523,Cuba,Curaçao,1,2010
32524,Laos,Brunei,1,2010
32525,Malaysia,Myanmar,1,2010
32526,Cambodia,Brunei,1,2010
32527,Cuba,Barbados,-1,2010
32528,Laos,Timor-Leste,1,2010
32529,Suriname,Curaçao,1,2010
32530,Palestine,Jordan,-1,2010
32531,Cuba,Suriname,1,2010
32532,Curaçao,Barbados,-1,2010
32533,Thailand,North Korea,1,2010
32534,Vietnam,North Korea,-1,2010
32535,Guyana,Saint Kitts and Nevis,-1,2010
32536,Trinidad and Tobago,Antigua and Barbuda,1,2010
32537,Antigua and Barbuda,Guyana,1,2010
32538,Trinidad and Tobago,Saint Kitts and Nevis,1,2010
32539,Jersey,Gibraltar,1,2010
32540,Saudi Arabia,Thailand,1,2010
32541,Occitania,Monaco,-1,2010
32542,Cayman Islands,Jamaica,-1,2010
32543,Qatar,Iran,-1,2010
32544,Saint Kitts and Nevis,Antigua and Barbuda,-1,2010
32545,Trinidad and Tobago,Guyana,-1,2010
32546,Myanmar,Bangladesh,-1,2010
32547,Estonia,Latvia,-1,2010
32548,Mexico,Ecuador,1,2010
32549,Saudi Arabia,Bahrain,1,2010
32550,Bangladesh,Indonesia,-1,2010
32551,Japan,Syria,1,2010
32552,Myanmar,Indonesia,1,2010
32553,Vietnam,Thailand,-1,2010
32554,Algeria,Mali,-1,2010
32555,Myanmar,Malaysia,1,2010
32556,Estonia,Moldova,1,2010
32557,Gabon,Guinea,-1,2010
32558,Austria,Turkey,-1,2010
32559,Azerbaijan,Albania,-1,2010
32560,Bahrain,Australia,-1,2010
32561,Brazil,Portugal,1,2010
32562,Colombia,Nigeria,1,2010
32563,Cyprus,Belarus,1,2010
32564,Denmark,Wales,-1,2010
32565,Egypt,Benin,1,2010
32566,El Salvador,Costa Rica,-1,2010
32567,Fiji,New Zealand,1,2010
32568,France,Uruguay,-1,2010
32569,Germany,England,-1,2010
32570,Ghana,Tunisia,-1,2010
32571,Greece,Italy,-1,2010
32572,Honduras,Mexico,1,2010
32573,Republic of Ireland,Poland,-1,2010
32574,Israel,Ivory Coast,-1,2010
32575,Jamaica,Canada,1,2010
32576,Luxembourg,Belgium,-1,2010
32577,Macau,Hong Kong,-1,2010
32578,Malta,Iceland,-1,2010
32579,Moldova,Lithuania,-1,2010
32580,Montenegro,North Macedonia,1,2010
32581,Morocco,Zambia,1,2010
32582,Netherlands,Sweden,1,2010
32583,Northern Ireland,Hungary,-1,2010
32584,Oman,Paraguay,-1,2010
32585,Qatar,Japan,-1,2010
32586,Romania,Georgia,1,2010
32587,San Marino,Czech Republic,-1,2010
32588,Saudi Arabia,South Korea,-1,2010
32589,Scotland,Argentina,-1,2010
32590,Serbia,Bulgaria,1,2010
32591,Slovakia,Liechtenstein,1,2010
32592,Slovenia,Bosnia and Herzegovina,-1,2010
32593,South Africa,Cameroon,1,2010
32594,Spain,Chile,1,2010
32595,Suriname,Haiti,-1,2010
32596,Switzerland,Finland,1,2010
32597,Tanzania,Mozambique,1,2010
32598,Togo,Rwanda,1,2010
32599,Trinidad and Tobago,Cuba,1,2010
32600,Ukraine,Norway,1,2010
32601,United Arab Emirates,Iran,-1,2010
32602,United States,Guatemala,1,2010
32603,Venezuela,Angola,-1,2010
32604,Myanmar,Indonesia,1,2010
32605,Estonia,Lithuania,-1,2010
32606,Malaysia,Singapore,-1,2010
32607,Jamaica,Barbados,1,2010
32608,Trinidad and Tobago,Grenada,-1,2010
32609,Guadeloupe,Cuba,-1,2010
32610,Haiti,Antigua and Barbuda,-1,2010
32611,Barbados,Trinidad and Tobago,-1,2010
32612,Indonesia,Myanmar,1,2010
32613,Jamaica,Grenada,1,2010
32614,Singapore,Cambodia,1,2010
32615,Cuba,Antigua and Barbuda,1,2010
32616,Haiti,Guadeloupe,-1,2010
32617,Malaysia,Laos,1,2010
32618,Thailand,Vietnam,1,2010
32619,Grenada,Barbados,1,2010
32620,Indonesia,Cambodia,1,2010
32621,Jamaica,Trinidad and Tobago,-1,2010
32622,Singapore,Myanmar,1,2010
32623,Antigua and Barbuda,Guadeloupe,-1,2010
32624,Cuba,Haiti,-1,2010
32625,Malaysia,Vietnam,-1,2010
32626,Thailand,Laos,1,2010
32627,Myanmar,Cambodia,1,2010
32628,Indonesia,Singapore,-1,2010
32629,Thailand,Malaysia,1,2010
32630,Vietnam,Laos,1,2010
32631,Cuba,Grenada,-1,2010
32632,Jamaica,Guadeloupe,1,2010
32633,Cuba,Guadeloupe,-1,2010
32634,Jamaica,Grenada,1,2010
32635,Serbia,Poland,-1,2010
32636,Indonesia,Thailand,-1,2010
32637,Iran,Ecuador,-1,2010
32638,Oman,China PR,1,2010
32639,Vietnam,Singapore,-1,2010
32640,Iran,China PR,1,2010
32641,Oman,Ecuador,1,2010
32642,Monaco,Provence,-1,2010
32643,Jordan,China PR,-1,2010
32644,Bahrain,Saudi Arabia,1,2010
32645,Djibouti,Somalia,-1,2010
32646,Thailand,Vietnam,-1,2010
32647,Saudi Arabia,Syria,-1,2010
32648,United Arab Emirates,Iraq,-1,2010
32649,Galicia,Iran,1,2010
32650,Vietnam,Thailand,-1,2010
32651,Catalonia,Colombia,1,2010
32652,Bahrain,Syria,-1,2010
32653,United Arab Emirates,Kuwait,-1,2010
32654,Sudan,Kenya,-1,2010
32655,Zambia,Djibouti,1,2010
32656,Uganda,Rwanda,1,2010
32657,Zanzibar,Somalia,1,2010
32658,Djibouti,Burundi,-1,2010
32659,Kenya,Zambia,-1,2010
32660,Somalia,Tanzania,1,2010
32661,Uganda,Zanzibar,-1,2010
32662,Bahrain,Iraq,1,2010
32663,Djibouti,Sudan,-1,2010
32664,Oman,Kuwait,-1,2010
32665,Zambia,Burundi,-1,2010
32666,Rwanda,Somalia,1,2010
32667,Saudi Arabia,Qatar,-1,2010
32668,Tanzania,Zanzibar,1,2010
32669,United Arab Emirates,Yemen,1,2010
32670,Burundi,Sudan,1,2010
32671,Kenya,Djibouti,1,2010
32672,Bahrain,Kuwait,-1,2010
32673,Oman,Iraq,1,2010
32674,Rwanda,Tanzania,-1,2010
32675,Uganda,Somalia,1,2010
32676,Burundi,Kenya,-1,2010
32677,Qatar,United Arab Emirates,-1,2010
32678,Saudi Arabia,Yemen,1,2010
32679,Sudan,Zambia,1,2010
32680,Iran,China PR,1,2010
32681,Uganda,Tanzania,1,2010
32682,Zanzibar,Rwanda,-1,2010
32683,Iraq,Kuwait,-1,2010
32684,Oman,Bahrain,1,2010
32685,Kenya,Tanzania,1,2010
32686,Qatar,Yemen,1,2010
32687,Uganda,Burundi,1,2010
32688,United Arab Emirates,Saudi Arabia,-1,2010
32689,Tanzania,Burundi,1,2010
32690,Uganda,Kenya,1,2010
32691,Hong Kong,India,1,2010
32692,Iran,Singapore,1,2010
32693,Jordan,Thailand,-1,2010
32694,Kuwait,Saudi Arabia,-1,2010
32695,Oman,Qatar,1,2010
32696,Syria,China PR,1,2010
32697,Vietnam,Lebanon,1,2010
32698,Guatemala,Haiti,1,2010
32699,Oman,Saudi Arabia,-1,2010
32700,Honduras,Chile,1,2010
32701,Syria,Turkmenistan,1,2010
32702,Oman,Indonesia,-1,2010
32703,Japan,Yemen,1,2010
32704,Kuwait,Turkmenistan,1,2010
32705,China PR,Vietnam,1,2010
32706,Hong Kong,Bahrain,-1,2010
32707,Malaysia,United Arab Emirates,-1,2010
32708,Thailand,Lebanon,1,2010
32709,El Salvador,Nicaragua,-1,2010
32710,Honduras,Belize,1,2010
32711,Costa Rica,Panama,1,2010
32712,Egypt,Kenya,1,2010
32713,North Korea,Lebanon,-1,2010
32714,Kuwait,Syria,-1,2010
32715,Belize,El Salvador,-1,2010
32716,Honduras,Nicaragua,1,2010
32717,United States,Sweden,1,2010
32718,Guatemala,Costa Rica,-1,2010
32719,Honduras,El Salvador,1,2010
32720,Nicaragua,Belize,-1,2010
32721,Panama,Guatemala,1,2010
32722,South Africa,Zambia,1,2010
32723,Bahrain,Japan,1,2010
32724,Indonesia,Australia,-1,2010
32725,Kuwait,Oman,-1,2010
32726,Lebanon,Syria,-1,2010
32727,Mexico,Sweden,-1,2010
32728,Singapore,Jordan,1,2010
32729,Thailand,Iran,-1,2010
32730,United Arab Emirates,Uzbekistan,-1,2010
32731,Yemen,Hong Kong,1,2010
32732,Nicaragua,Guatemala,1,2010
32733,Costa Rica,El Salvador,1,2010
32734,Honduras,Panama,-1,2010
32735,Azerbaijan,Uzbekistan,-1,2010
32736,Costa Rica,Panama,-1,2010
32737,Honduras,El Salvador,1,2010
32738,Syria,South Korea,-1,2010
32739,Bahrain,South Korea,-1,2010
32740,Japan,Finland,1,2010
32741,Saudi Arabia,Thailand,1,2010
32742,El Salvador,Peru,1,2010
32743,Lithuania,Poland,-1,2010
32744,Barbados,Grenada,1,2010
32745,Brazil,Italy,1,2010
32746,Cyprus,Serbia,-1,2010
32747,Slovakia,Ukraine,-1,2010
32748,Algeria,Benin,1,2010
32749,Andorra,Lithuania,-1,2010
32750,Angola,Mali,-1,2010
32751,Austria,Sweden,-1,2010
32752,Belgium,Slovenia,1,2010
32753,Burkina Faso,Togo,-1,2010
32754,Cameroon,Guinea,1,2010
32755,Colombia,Haiti,1,2010
32756,Costa Rica,Honduras,1,2010
32757,Cyprus,Slovakia,1,2010
32758,Egypt,Ghana,-1,2010
32759,El Salvador,Trinidad and Tobago,-1,2010
32760,Estonia,Kazakhstan,-1,2010
32761,France,Argentina,-1,2010
32762,Germany,Norway,-1,2010
32763,Greece,Denmark,-1,2010
32764,Iran,South Korea,-1,2010
32765,Republic of Ireland,Georgia,1,2010
32766,Israel,Hungary,1,2010
32767,Japan,Australia,-1,2010
32768,North Korea,Saudi Arabia,1,2010
32769,Kuwait,Azerbaijan,-1,2010
32770,Latvia,Armenia,-1,2010
32771,Libya,Uruguay,-1,2010
32772,Liechtenstein,Iceland,-1,2010
32773,North Macedonia,Moldova,-1,2010
32774,Malta,Albania,-1,2010
32775,Morocco,Czech Republic,-1,2010
32776,Mozambique,Malawi,1,2010
32777,Nigeria,Jamaica,-1,2010
32778,Peru,Paraguay,-1,2010
32779,Portugal,Finland,1,2010
32780,Romania,Croatia,-1,2010
32781,San Marino,Northern Ireland,-1,2010
32782,Serbia,Ukraine,-1,2010
32783,South Africa,Chile,-1,2010
32784,Spain,England,1,2010
32785,Switzerland,Bulgaria,-1,2010
32786,Tanzania,Zimbabwe,-1,2010
32787,Tunisia,Netherlands,-1,2010
32788,Turkey,Ivory Coast,-1,2010
32789,United States,Mexico,1,2010
32790,Uzbekistan,Bahrain,-1,2010
32791,Venezuela,Guatemala,1,2010
32792,Wales,Poland,-1,2010
32793,Australia,Kuwait,-1,2010
32794,Sudan,Uganda,-1,2010
32795,Guam,Mongolia,1,2010
32796,Macau,Northern Mariana Islands,1,2010
32797,Mexico,Bolivia,1,2010
32798,Nepal,Pakistan,1,2010
32799,Guam,Northern Mariana Islands,1,2010
32800,Macau,Mongolia,-1,2010
32801,Iran,Kenya,1,2010
32802,Nepal,Sri Lanka,1,2010
32803,Guam,Macau,-1,2010
32804,Northern Mariana Islands,Mongolia,-1,2010
32805,Qatar,Kuwait,1,2010
32806,Trinidad and Tobago,Panama,1,2010
32807,Namibia,Botswana,-1,2010
32808,Syria,Qatar,-1,2010
32809,Uganda,Malawi,1,2010
32810,Alderney,Guernsey,-1,2010
32811,Iceland,Faroe Islands,-1,2010
32812,Saudi Arabia,Iraq,-1,2010
32813,Bahrain,Zimbabwe,1,2010
32814,Kuwait,Iran,-1,2010
32815,Angola,Cape Verde,-1,2010
32816,Nepal,Palestine,-1,2010
32817,Albania,Hungary,-1,2010
32818,Argentina,Venezuela,1,2010
32819,Armenia,Estonia,-1,2010
32820,Belgium,Bosnia and Herzegovina,-1,2010
32821,Burkina Faso,Guinea,1,2010
32822,Cape Verde,Equatorial Guinea,1,2010
32823,Colombia,Bolivia,1,2010
32824,Cyprus,Georgia,1,2010
32825,El Salvador,United States,-1,2010
32826,England,Slovakia,1,2010
32827,Germany,Liechtenstein,1,2010
32828,Iran,Saudi Arabia,-1,2010
32829,Republic of Ireland,Bulgaria,-1,2010
32830,Israel,Greece,-1,2010
32831,Japan,Bahrain,1,2010
32832,Kenya,Tunisia,-1,2010
32833,North Korea,United Arab Emirates,1,2010
32834,South Korea,Iraq,1,2010
32835,Lithuania,France,-1,2010
32836,Luxembourg,Latvia,-1,2010
32837,Malta,Denmark,-1,2010
32838,Mexico,Costa Rica,1,2010
32839,Moldova,Switzerland,-1,2010
32840,Montenegro,Italy,-1,2010
32841,Morocco,Gabon,-1,2010
32842,Nepal,Kyrgyzstan,-1,2010
32843,Netherlands,Scotland,1,2010
32844,Northern Ireland,Poland,1,2010
32845,Oman,Senegal,1,2010
32846,Portugal,Sweden,-1,2010
32847,Romania,Serbia,-1,2010
32848,Russia,Azerbaijan,1,2010
32849,Rwanda,Algeria,-1,2010
32850,Slovenia,Czech Republic,-1,2010
32851,South Africa,Norway,1,2010
32852,Spain,Turkey,1,2010
32853,Sri Lanka,Maldives,-1,2010
32854,Sudan,Mali,-1,2010
32855,Thailand,New Zealand,1,2010
32856,Togo,Cameroon,1,2010
32857,Trinidad and Tobago,Honduras,-1,2010
32858,Uruguay,Paraguay,1,2010
32859,Uzbekistan,Qatar,1,2010
32860,Wales,Finland,-1,2010
32861,Mozambique,Nigeria,-1,2010
32862,Ivory Coast,Malawi,1,2010
32863,Ecuador,Brazil,-1,2010
32864,Peru,Chile,-1,2010
32865,Egypt,Zambia,-1,2010
32866,Ghana,Benin,1,2010
32867,Kyrgyzstan,Palestine,-1,2010
32868,Angola,Morocco,-1,2010
32869,Panama,Haiti,1,2010
32870,Portugal,South Africa,1,2010
32871,Venezuela,Colombia,1,2010
32872,Andorra,Croatia,-1,2010
32873,Australia,Uzbekistan,1,2010
32874,Austria,Romania,1,2010
32875,Bahrain,Qatar,1,2010
32876,Bosnia and Herzegovina,Belgium,1,2010
32877,Bulgaria,Cyprus,1,2010
32878,Costa Rica,El Salvador,1,2010
32879,Czech Republic,Slovakia,-1,2010
32880,Denmark,Albania,1,2010
32881,England,Ukraine,1,2010
32882,Estonia,Armenia,1,2010
32883,France,Lithuania,1,2010
32884,Georgia,Montenegro,-1,2010
32885,Greece,Israel,1,2010
32886,Honduras,Mexico,1,2010
32887,Hungary,Malta,1,2010
32888,Iran,Senegal,-1,2010
32889,Italy,Republic of Ireland,-1,2010
32890,Kazakhstan,Belarus,-1,2010
32891,South Korea,North Korea,1,2010
32892,Latvia,Luxembourg,1,2010
32893,Lebanon,Namibia,-1,2010
32894,Lesotho,Botswana,-1,2010
32895,Liechtenstein,Russia,-1,2010
32896,Netherlands,North Macedonia,1,2010
32897,Northern Ireland,Slovenia,1,2010
32898,Norway,Finland,1,2010
32899,Poland,San Marino,1,2010
32900,Saudi Arabia,United Arab Emirates,1,2010
32901,Scotland,Iceland,1,2010
32902,Serbia,Sweden,1,2010
32903,Switzerland,Moldova,1,2010
32904,Turkey,Spain,-1,2010
32905,United States,Trinidad and Tobago,1,2010
32906,Wales,Germany,-1,2010
32907,Bolivia,Argentina,1,2010
32908,Ecuador,Paraguay,-1,2010
32909,Chile,Uruguay,-1,2010
32910,Brazil,Peru,1,2010
32911,Angola,Namibia,-1,2010
32912,Pakistan,Taiwan,-1,2010
32913,Sri Lanka,Brunei,1,2010
32914,Brunei,Pakistan,-1,2010
32915,Macau,Mongolia,1,2010
32916,Sri Lanka,Pakistan,-1,2010
32917,Maldives,Turkmenistan,-1,2010
32918,Mongolia,Macau,1,2010
32919,Philippines,Bhutan,1,2010
32920,Bhutan,Turkmenistan,-1,2010
32921,Maldives,Philippines,1,2010
32922,Maldives,Bhutan,1,2010
32923,Turkmenistan,Philippines,1,2010
32924,French Guiana,Suriname,-1,2010
32925,Bangladesh,Cambodia,1,2010
32926,Myanmar,Macau,1,2010
32927,Bangladesh,Myanmar,-1,2010
32928,Macau,Cambodia,-1,2010
32929,Bangladesh,Macau,1,2010
32930,Myanmar,Cambodia,1,2010
32931,Guernsey,Jersey,-1,2010
32932,Tanzania,DR Congo,-1,2010
32933,Jordan,Zimbabwe,1,2010
32934,Venezuela,Costa Rica,-1,2010
32935,Argentina,Panama,1,2010
32936,Jamaica,Haiti,-1,2010
32937,Qatar,Saudi Arabia,1,2010
32938,El Salvador,Ecuador,1,2010
32939,Japan,Chile,1,2010
32940,Jordan,Congo,-1,2010
32941,Tunisia,Sudan,1,2010
32942,Belgium,Chile,-1,2010
32943,China PR,Germany,-1,2010
32944,Republic of Ireland,Nigeria,-1,2010
32945,Wales,Estonia,1,2010
32946,Cyprus,Canada,-1,2010
32947,El Salvador,Jamaica,-1,2010
32948,Oman,Egypt,-1,2010
32949,Bahrain,Congo,1,2010
32950,Ghana,Uganda,1,2010
32951,Japan,Belgium,1,2010
32952,Kuwait,Vietnam,-1,2010
32953,Malawi,Rwanda,1,2010
32954,Qatar,Iraq,1,2010
32955,China PR,Iran,1,2010
32956,Uzbekistan,Bosnia and Herzegovina,-1,2010
32957,France,Nigeria,-1,2010
32958,Turkey,Azerbaijan,1,2010
32959,United Arab Emirates,Germany,-1,2010
32960,Antigua and Barbuda,Guyana,1,2010
32961,Bahrain,Jordan,1,2010
32962,Costa Rica,United States,1,2010
32963,Tanzania,New Zealand,1,2010
32964,China PR,Saudi Arabia,-1,2010
32965,Antigua and Barbuda,French Guiana,-1,2010
32966,Czech Republic,Malta,1,2010
32967,France,Turkey,1,2010
32968,Albania,Portugal,-1,2010
32969,Argentina,Colombia,1,2010
32970,Azerbaijan,Wales,-1,2010
32971,Belarus,Andorra,1,2010
32972,Bolivia,Venezuela,-1,2010
32973,Botswana,New Zealand,-1,2010
32974,Bulgaria,Republic of Ireland,-1,2010
32975,Croatia,Ukraine,-1,2010
32976,Cyprus,Montenegro,-1,2010
32977,El Salvador,Mexico,1,2010
32978,Estonia,Equatorial Guinea,1,2010
32979,Finland,Liechtenstein,1,2010
32980,Gabon,Togo,1,2010
32981,Georgia,Moldova,-1,2010
32982,Iceland,Netherlands,-1,2010
32983,Italy,Northern Ireland,1,2010
32984,Kazakhstan,England,-1,2010
32985,North Korea,Iran,-1,2010
32986,Lithuania,Romania,-1,2010
32987,North Macedonia,Norway,-1,2010
32988,Malawi,Burkina Faso,-1,2010
32989,Namibia,DR Congo,1,2010
32990,Paraguay,Chile,-1,2010
32991,Qatar,Australia,-1,2010
32992,Serbia,Austria,1,2010
32993,Slovakia,San Marino,1,2010
32994,South Africa,Poland,1,2010
32995,Sweden,Denmark,-1,2010
32996,Trinidad and Tobago,Costa Rica,-1,2010
32997,Tunisia,Mozambique,1,2010
32998,United Arab Emirates,South Korea,-1,2010
32999,Uruguay,Brazil,-1,2010
33000,United States,Honduras,1,2010
33001,Uzbekistan,Japan,-1,2010
33002,Zambia,Rwanda,1,2010
33003,Corsica,Congo,-1,2010
33004,Cameroon,Morocco,-1,2010
33005,Guinea,Ivory Coast,-1,2010
33006,Guyana,French Guiana,-1,2010
33007,Jamaica,Panama,1,2010
33008,Peru,Ecuador,-1,2010
33009,Algeria,Egypt,1,2010
33010,Benin,Sudan,1,2010
33011,Mali,Ghana,-1,2010
33012,Nigeria,Kenya,1,2010
33013,Azerbaijan,Spain,-1,2010
33014,Bosnia and Herzegovina,Oman,1,2010
33015,Iraq,Poland,-1,2010
33016,Albania,Georgia,-1,2010
33017,Australia,Bahrain,1,2010
33018,Belarus,Moldova,-1,2010
33019,Brazil,Paraguay,1,2010
33020,Chile,Bolivia,1,2010
33021,Colombia,Peru,1,2010
33022,Ecuador,Argentina,1,2010
33023,England,Andorra,1,2010
33024,Estonia,Portugal,-1,2010
33025,Faroe Islands,Serbia,-1,2010
33026,Finland,Russia,-1,2010
33027,Honduras,El Salvador,1,2010
33028,Iran,United Arab Emirates,1,2010
33029,Italy,New Zealand,1,2010
33030,Japan,Qatar,-1,2010
33031,South Korea,Saudi Arabia,-1,2010
33032,North Macedonia,Iceland,1,2010
33033,Mexico,Trinidad and Tobago,1,2010
33034,Netherlands,Norway,1,2010
33035,Sweden,Malta,1,2010
33036,Ukraine,Kazakhstan,1,2010
33037,Venezuela,Uruguay,-1,2010
33038,Tonga,Cook Islands,-1,2010
33039,Ivory Coast,Cameroon,1,2010
33040,Tonga,Cook Islands,-1,2010
33041,Madagascar,Mayotte,1,2010
33042,New Zealand,Spain,-1,2010
33043,South Africa,Iraq,-1,2010
33044,Brazil,Egypt,1,2010
33045,United States,Italy,-1,2010
33046,Australia,Japan,1,2010
33047,Bahrain,Uzbekistan,1,2010
33048,South Korea,Iran,-1,2010
33049,Saudi Arabia,North Korea,-1,2010
33050,South Africa,New Zealand,1,2010
33051,Spain,Iraq,1,2010
33052,Egypt,Italy,1,2010
33053,United States,Brazil,-1,2010
33054,Haiti,Panama,-1,2010
33055,Eswatini,Lesotho,-1,2010
33056,Burkina Faso,Ivory Coast,-1,2010
33057,Iraq,New Zealand,-1,2010
33058,Kenya,Mozambique,1,2010
33059,Morocco,Togo,-1,2010
33060,South Africa,Spain,-1,2010
33061,Sudan,Ghana,-1,2010
33062,Tunisia,Nigeria,-1,2010
33063,Zambia,Algeria,-1,2010
33064,Egypt,United States,-1,2010
33065,Italy,Brazil,-1,2010
33066,Eswatini,Lesotho,-1,2010
33067,Guinea,Malawi,1,2010
33068,Mali,Benin,1,2010
33069,Padania,Occitania,1,2010
33070,Provence,Gozo,1,2010
33071,Haiti,Martinique,-1,2010
33072,Occitania,Iraqi Kurdistan,-1,2010
33073,Sápmi,Provence,-1,2010
33074,Mexico,Venezuela,1,2010
33075,Spain,United States,-1,2010
33076,Padania,Iraqi Kurdistan,1,2010
33077,Sápmi,Gozo,1,2010
33078,South Africa,Brazil,-1,2010
33079,Provence,Iraqi Kurdistan,-1,2010
33080,Padania,Sápmi,1,2010
33081,Occitania,Gozo,1,2010
33082,Provence,Sápmi,-1,2010
33083,Costa Rica,Venezuela,1,2010
33084,Haiti,Syria,-1,2010
33085,Padania,Iraqi Kurdistan,1,2010
33086,Cayman Islands,Jamaica,-1,2010
33087,Grenada,Antigua and Barbuda,-1,2010
33088,Mexico,Guatemala,-1,2010
33089,Panama,Honduras,-1,2010
33090,South Africa,Spain,-1,2010
33091,United States,Brazil,-1,2010
33092,Åland Islands,Greenland,1,2010
33093,Shetland,Menorca,-1,2010
33094,Gibraltar,Guernsey,-1,2010
33095,Ynys Môn,Frøya,1,2010
33096,Rhodes,Isle of Wight,1,2010
33097,Saare County,Jersey,-1,2010
33098,Western Isles,Gotland,1,2010
33099,Falkland Islands,Isle of Man,-1,2010
33100,Menorca,Greenland,1,2010
33101,Åland Islands,Shetland,1,2010
33102,Ynys Môn,Guernsey,-1,2010
33103,Frøya,Gibraltar,-1,2010
33104,Jersey,Rhodes,1,2010
33105,Isle of Wight,Saare County,1,2010
33106,Isle of Man,Western Isles,1,2010
33107,Gotland,Falkland Islands,1,2010
33108,Guatemala,Canada,-1,2010
33109,Greenland,Shetland,1,2010
33110,Åland Islands,Menorca,-1,2010
33111,Gibraltar,Ynys Môn,-1,2010
33112,Guernsey,Frøya,1,2010
33113,Rhodes,Saare County,1,2010
33114,Jersey,Isle of Wight,1,2010
33115,Western Isles,Falkland Islands,1,2010
33116,Isle of Man,Gotland,1,2010
33117,Falkland Islands,Frøya,-1,2010
33118,Shetland,Saare County,1,2010
33119,Gotland,Greenland,1,2010
33120,Åland Islands,Isle of Man,1,2010
33121,Guernsey,Jersey,-1,2010
33122,Canada,Jamaica,1,2010
33123,Costa Rica,El Salvador,-1,2010
33124,Gibraltar,Isle of Wight,1,2010
33125,Menorca,Western Isles,1,2010
33126,Rhodes,Ynys Môn,1,2010
33127,Isle of Man,Guernsey,-1,2010
33128,Åland Islands,Jersey,-1,2010
33129,Honduras,Haiti,1,2010
33130,United States,Grenada,1,2010
33131,Botswana,Iran,-1,2010
33132,Egypt,Rwanda,1,2010
33133,Nicaragua,Mexico,-1,2010
33134,Panama,Guadeloupe,-1,2010
33135,Malawi,Eswatini,1,2010
33136,El Salvador,Canada,-1,2010
33137,Jamaica,Costa Rica,-1,2010
33138,Haiti,Grenada,1,2010
33139,United States,Honduras,1,2010
33140,Guadeloupe,Nicaragua,1,2010
33141,Mexico,Panama,-1,2010
33142,Costa Rica,Canada,-1,2010
33143,El Salvador,Jamaica,-1,2010
33144,Iraq,Palestine,1,2010
33145,Honduras,Grenada,1,2010
33146,United States,Haiti,-1,2010
33147,Mayotte,Madagascar,-1,2010
33148,Mexico,Guadeloupe,1,2010
33149,Panama,Nicaragua,1,2010
33150,Saint Kitts and Nevis,Trinidad and Tobago,-1,2010
33151,Iraq,Palestine,1,2010
33152,Canada,Honduras,-1,2010
33153,China PR,Palestine,1,2010
33154,United States,Panama,1,2010
33155,Guadeloupe,Costa Rica,-1,2010
33156,Mexico,Haiti,1,2010
33157,Costa Rica,Mexico,-1,2010
33158,United States,Honduras,1,2010
33159,China PR,Kyrgyzstan,1,2010
33160,United States,Mexico,-1,2010
33161,Colombia,El Salvador,1,2010
33162,Benin,Gabon,-1,2010
33163,Albania,Cyprus,1,2010
33164,Algeria,Uruguay,1,2010
33165,Armenia,Moldova,-1,2010
33166,Austria,Cameroon,-1,2010
33167,Azerbaijan,Germany,-1,2010
33168,Belarus,Croatia,-1,2010
33169,Bosnia and Herzegovina,Iran,-1,2010
33170,Bulgaria,Latvia,1,2010
33171,Colombia,Venezuela,-1,2010
33172,DR Congo,Senegal,-1,2010
33173,Czech Republic,Belgium,1,2010
33174,Denmark,Chile,-1,2010
33175,Ecuador,Jamaica,-1,2010
33176,Egypt,Guinea,-1,2010
33177,Estonia,Brazil,-1,2010
33178,Faroe Islands,France,-1,2010
33179,Ghana,Zambia,1,2010
33180,Honduras,Costa Rica,1,2010
33181,Hungary,Romania,-1,2010
33182,Iceland,Slovakia,-1,2010
33183,Republic of Ireland,Australia,-1,2010
33184,South Korea,Paraguay,1,2010
33185,Liechtenstein,Portugal,-1,2010
33186,Luxembourg,Lithuania,-1,2010
33187,North Macedonia,Spain,-1,2010
33188,Malaysia,Kenya,-1,2010
33189,Mali,Burkina Faso,1,2010
33190,Malta,Georgia,1,2010
33191,Mexico,United States,1,2010
33192,Montenegro,Wales,1,2010
33193,Morocco,Congo,-1,2010
33194,Mozambique,Eswatini,1,2010
33195,Netherlands,England,-1,2010
33196,Northern Ireland,Israel,-1,2010
33197,Norway,Scotland,1,2010
33198,Oman,Saudi Arabia,1,2010
33199,Poland,Greece,1,2010
33200,Russia,Argentina,-1,2010
33201,Rwanda,Tanzania,-1,2010
33202,Singapore,China PR,-1,2010
33203,Slovenia,San Marino,1,2010
33204,South Africa,Serbia,-1,2010
33205,Sweden,Finland,1,2010
33206,Switzerland,Italy,-1,2010
33207,Togo,Angola,-1,2010
33208,Trinidad and Tobago,El Salvador,1,2010
33209,Tunisia,Ivory Coast,-1,2010
33210,Ukraine,Turkey,-1,2010
33211,Zimbabwe,Lesotho,-1,2010
33212,Malaysia,China PR,-1,2010
33213,Saint Kitts and Nevis,Jamaica,-1,2010
33214,India,Lebanon,-1,2010
33215,Syria,Kyrgyzstan,1,2010
33216,Sri Lanka,Lebanon,1,2010
33217,India,Kyrgyzstan,1,2010
33218,North Korea,Guam,1,2010
33219,Syria,Sri Lanka,1,2010
33220,Hong Kong,North Korea,-1,2010
33221,Kyrgyzstan,Lebanon,-1,2010
33222,Bahrain,Kenya,1,2010
33223,India,Sri Lanka,1,2010
33224,Hong Kong,Guam,1,2010
33225,Syria,Lebanon,1,2010
33226,Sri Lanka,Kyrgyzstan,-1,2010
33227,India,Syria,-1,2010
33228,Saudi Arabia,Malaysia,1,2010
33229,Bahrain,Iran,1,2010
33230,India,Syria,-1,2010
33231,Malta,Cape Verde,-1,2010
33232,Angola,Senegal,-1,2010
33233,Argentina,Brazil,-1,2010
33234,Armenia,Bosnia and Herzegovina,-1,2010
33235,Austria,Faroe Islands,1,2010
33236,Azerbaijan,Finland,-1,2010
33237,Bahrain,Saudi Arabia,-1,2010
33238,Bulgaria,Montenegro,1,2010
33239,Chile,Venezuela,-1,2010
33240,Colombia,Ecuador,1,2010
33241,Costa Rica,Mexico,-1,2010
33242,Croatia,Belarus,1,2010
33243,Cyprus,Republic of Ireland,-1,2010
33244,Denmark,Portugal,-1,2010
33245,England,Slovenia,1,2010
33246,France,Romania,-1,2010
33247,Gabon,Cameroon,-1,2010
33248,Georgia,Italy,-1,2010
33249,Germany,South Africa,1,2010
33250,Honduras,Trinidad and Tobago,1,2010
33251,Hungary,Sweden,-1,2010
33252,Iceland,Norway,-1,2010
33253,Israel,Latvia,-1,2010
33254,Ivory Coast,Burkina Faso,1,2010
33255,Jordan,Malaysia,-1,2010
33256,South Korea,Australia,1,2010
33257,Malawi,Guinea,1,2010
33258,Moldova,Luxembourg,-1,2010
33259,Namibia,Eswatini,-1,2010
33260,Netherlands,Japan,1,2010
33261,Paraguay,Bolivia,1,2010
33262,Peru,Uruguay,1,2010
33263,Poland,Northern Ireland,-1,2010
33264,Russia,Liechtenstein,1,2010
33265,Rwanda,Egypt,-1,2010
33266,Scotland,North Macedonia,1,2010
33267,Slovakia,Czech Republic,-1,2010
33268,Spain,Belgium,1,2010
33269,Saint Vincent and the Grenadines,Saint Kitts and Nevis,-1,2010
33270,Switzerland,Greece,1,2010
33271,Turkey,Estonia,1,2010
33272,Ukraine,Andorra,1,2010
33273,United States,El Salvador,1,2010
33274,Uzbekistan,Iran,-1,2010
33275,Algeria,Zambia,1,2010
33276,Benin,Mali,-1,2010
33277,Ghana,Sudan,1,2010
33278,Mozambique,Kenya,1,2010
33279,Nigeria,Tunisia,-1,2010
33280,Togo,Morocco,-1,2010
33281,Republic of Ireland,South Africa,1,2010
33282,Albania,Denmark,-1,2010
33283,Andorra,Kazakhstan,-1,2010
33284,Angola,Cape Verde,-1,2010
33285,Armenia,Belgium,1,2010
33286,Belarus,Ukraine,-1,2010
33287,Bolivia,Ecuador,-1,2010
33288,Bosnia and Herzegovina,Turkey,-1,2010
33289,Cameroon,Gabon,1,2010
33290,Czech Republic,San Marino,1,2010
33291,El Salvador,Costa Rica,1,2010
33292,England,Croatia,1,2010
33293,Faroe Islands,Lithuania,1,2010
33294,Germany,Azerbaijan,1,2010
33295,Hungary,Portugal,-1,2010
33296,Iceland,Georgia,1,2010
33297,Israel,Luxembourg,1,2010
33298,Italy,Bulgaria,1,2010
33299,Japan,Ghana,1,2010
33300,Jordan,New Zealand,-1,2010
33301,Latvia,Switzerland,-1,2010
33302,Liechtenstein,Finland,-1,2010
33303,Malta,Sweden,-1,2010
33304,Mexico,Honduras,1,2010
33305,Moldova,Greece,-1,2010
33306,Montenegro,Cyprus,-1,2010
33307,Northern Ireland,Slovakia,-1,2010
33308,Norway,North Macedonia,1,2010
33309,Qatar,Oman,-1,2010
33310,Romania,Austria,-1,2010
33311,Saudi Arabia,Bahrain,-1,2010
33312,Scotland,Netherlands,-1,2010
33313,Serbia,France,-1,2010
33314,Slovenia,Poland,1,2010
33315,Spain,Estonia,1,2010
33316,Trinidad and Tobago,United States,-1,2010
33317,Wales,Russia,-1,2010
33318,Uruguay,Colombia,1,2010
33319,Paraguay,Argentina,1,2010
33320,Brazil,Chile,1,2010
33321,Venezuela,Peru,1,2010
33322,Malaysia,Lesotho,1,2010
33323,South Africa,Madagascar,1,2010
33324,Saint Kitts and Nevis,Saint Vincent and the Grenadines,-1,2010
33325,Argentina,Ghana,1,2010
33326,China PR,Botswana,1,2010
33327,Mexico,Colombia,-1,2010
33328,Egypt,Mauritius,1,2010
33329,Kuwait,Libya,-1,2010
33330,Croatia,Qatar,1,2010
33331,Japan,Hong Kong,1,2010
33332,Argentina,Peru,1,2010
33333,Armenia,Spain,-1,2010
33334,Australia,Netherlands,-1,2010
33335,Austria,Lithuania,1,2010
33336,Bahrain,New Zealand,-1,2010
33337,Belarus,Kazakhstan,1,2010
33338,Belgium,Turkey,1,2010
33339,Cameroon,Togo,1,2010
33340,Colombia,Chile,-1,2010
33341,Costa Rica,Trinidad and Tobago,1,2010
33342,Cyprus,Bulgaria,1,2010
33343,Czech Republic,Poland,1,2010
33344,Denmark,Sweden,1,2010
33345,Ecuador,Uruguay,-1,2010
33346,Estonia,Bosnia and Herzegovina,-1,2010
33347,Finland,Wales,1,2010
33348,France,Faroe Islands,1,2010
33349,Gabon,Morocco,1,2010
33350,Greece,Latvia,1,2010
33351,Honduras,United States,-1,2010
33352,Republic of Ireland,Italy,-1,2010
33353,Israel,Moldova,1,2010
33354,Japan,Scotland,1,2010
33355,Kuwait,Jordan,1,2010
33356,Liechtenstein,Azerbaijan,-1,2010
33357,Luxembourg,Switzerland,-1,2010
33358,Malawi,Ivory Coast,-1,2010
33359,Malta,Angola,-1,2010
33360,Mexico,El Salvador,1,2010
33361,Montenegro,Georgia,1,2010
33362,Norway,South Africa,1,2010
33363,Portugal,Hungary,1,2010
33364,Russia,Germany,-1,2010
33365,Serbia,Romania,1,2010
33366,Slovakia,Slovenia,-1,2010
33367,Ukraine,England,1,2010
33368,United Arab Emirates,Palestine,-1,2010
33369,Venezuela,Paraguay,-1,2010
33370,Zambia,Egypt,-1,2010
33371,Algeria,Rwanda,1,2010
33372,Benin,Ghana,1,2010
33373,Guinea,Burkina Faso,-1,2010
33374,North Macedonia,Qatar,1,2010
33375,Mali,Sudan,1,2010
33376,Nigeria,Mozambique,1,2010
33377,Bolivia,Brazil,1,2010
33378,Tunisia,Kenya,1,2010
33379,Congo,North Korea,-1,2010
33380,Iceland,South Africa,1,2010
33381,Andorra,Ukraine,-1,2010
33382,Angola,Cameroon,-1,2010
33383,Australia,Oman,1,2010
33384,Azerbaijan,Russia,-1,2010
33385,Bosnia and Herzegovina,Spain,-1,2010
33386,Brazil,Venezuela,-1,2010
33387,Bulgaria,Georgia,1,2010
33388,Chile,Ecuador,1,2010
33389,Czech Republic,Northern Ireland,-1,2010
33390,Denmark,Hungary,-1,2010
33391,El Salvador,Honduras,-1,2010
33392,England,Belarus,1,2010
33393,Estonia,Belgium,1,2010
33394,France,Austria,1,2010
33395,Germany,Finland,-1,2010
33396,Greece,Luxembourg,1,2010
33397,Republic of Ireland,Montenegro,-1,2010
33398,Italy,Cyprus,1,2010
33399,Japan,Togo,1,2010
33400,Kazakhstan,Croatia,-1,2010
33401,South Korea,Senegal,1,2010
33402,Latvia,Moldova,1,2010
33403,Liechtenstein,Wales,-1,2010
33404,Lithuania,Serbia,1,2010
33405,Paraguay,Colombia,-1,2010
33406,Peru,Bolivia,1,2010
33407,Poland,Slovakia,-1,2010
33408,Portugal,Malta,1,2010
33409,Qatar,DR Congo,-1,2010
33410,Romania,Faroe Islands,1,2010
33411,San Marino,Slovenia,-1,2010
33412,Sweden,Albania,1,2010
33413,Switzerland,Israel,-1,2010
33414,Trinidad and Tobago,Mexico,-1,2010
33415,Tunisia,Saudi Arabia,-1,2010
33416,Turkey,Armenia,1,2010
33417,United Arab Emirates,Jordan,1,2010
33418,Uruguay,Argentina,-1,2010
33419,United States,Costa Rica,-1,2010
33420,Zimbabwe,Mauritius,1,2010
33421,Comoros,Botswana,-1,2010
33422,Eswatini,Seychelles,1,2010
33423,Zimbabwe,Lesotho,-1,2010
33424,Botswana,Eswatini,1,2010
33425,Seychelles,Comoros,-1,2010
33426,Vietnam,Turkmenistan,1,2010
33427,Mauritius,Lesotho,-1,2010
33428,Seychelles,Botswana,-1,2010
33429,Singapore,Turkmenistan,1,2010
33430,Eswatini,Comoros,1,2010
33431,Vietnam,Singapore,-1,2010
33432,Malawi,Mozambique,-1,2010
33433,Namibia,Zambia,-1,2010
33434,Kuwait,Syria,1,2010
33435,Zimbabwe,Botswana,1,2010
33436,South Africa,Angola,1,2010
33437,Curaçao,French Guiana,-1,2010
33438,Zimbabwe,South Africa,-1,2010
33439,Mozambique,Zambia,-1,2010
33440,Guyana,Curaçao,1,2010
33441,Suriname,French Guiana,1,2010
33442,South Africa,Mozambique,-1,2010
33443,French Guiana,Guyana,-1,2010
33444,Suriname,Curaçao,-1,2010
33445,Zimbabwe,Zambia,1,2010
33446,Kenya,Kuwait,-1,2010
33447,Chile,Paraguay,1,2010
33448,Singapore,Indonesia,1,2010
33449,Egypt,Tanzania,1,2010
33450,Bahrain,Togo,1,2010
33451,Kuwait,China PR,-1,2010
33452,Thailand,Syria,-1,2010
33453,Yemen,Tanzania,-1,2010
33454,Iran,Iceland,1,2010
33455,Yemen,Tanzania,1,2010
33456,Paraguay,Qatar,-1,2010
33457,Angola,Congo,-1,2010
33458,Belgium,Hungary,1,2010
33459,Brazil,England,1,2010
33460,Burkina Faso,Malawi,1,2010
33461,Costa Rica,Uruguay,-1,2010
33462,Croatia,Liechtenstein,1,2010
33463,Denmark,South Korea,-1,2010
33464,Egypt,Algeria,1,2010
33465,Estonia,Albania,-1,2010
33466,Greece,Ukraine,-1,2010
33467,Honduras,Latvia,1,2010
33468,Iran,Jordan,1,2010
33469,Republic of Ireland,France,-1,2010
33470,Italy,Netherlands,-1,2010
33471,Ivory Coast,Guinea,1,2010
33472,Kenya,Nigeria,-1,2010
33473,Kuwait,Indonesia,1,2010
33474,Lebanon,China PR,-1,2010
33475,Luxembourg,Iceland,-1,2010
33476,North Macedonia,Canada,1,2010
33477,Morocco,Cameroon,-1,2010
33478,Mozambique,Tunisia,1,2010
33479,New Zealand,Bahrain,1,2010
33480,Northern Ireland,Serbia,-1,2010
33481,Oman,Australia,-1,2010
33482,Poland,Romania,-1,2010
33483,Portugal,Bosnia and Herzegovina,1,2010
33484,Russia,Slovenia,1,2010
33485,Rwanda,Zambia,-1,2010
33486,Saudi Arabia,Belarus,-1,2010
33487,Singapore,Thailand,-1,2010
33488,Slovakia,United States,1,2010
33489,South Africa,Japan,-1,2010
33490,Spain,Argentina,1,2010
33491,Sudan,Benin,-1,2010
33492,Switzerland,Norway,-1,2010
33493,Togo,Gabon,1,2010
33494,Uzbekistan,Malaysia,1,2010
33495,Vietnam,Syria,-1,2010
33496,Wales,Scotland,1,2010
33497,Ghana,Mali,-1,2010
33498,Iraq,Azerbaijan,1,2010
33499,United Arab Emirates,Czech Republic,-1,2010
33500,Belgium,Qatar,1,2010
33501,Oman,Brazil,-1,2010
33502,Slovakia,Chile,-1,2010
33503,South Africa,Jamaica,-1,2010
33504,Algeria,Egypt,1,2010
33505,Angola,Ghana,-1,2010
33506,Austria,Spain,-1,2010
33507,Azerbaijan,Czech Republic,1,2010
33508,Bahrain,Yemen,1,2010
33509,Bosnia and Herzegovina,Portugal,-1,2010
33510,Denmark,United States,1,2010
33511,France,Republic of Ireland,-1,2010
33512,Germany,Ivory Coast,-1,2010
33513,Honduras,Peru,-1,2010
33514,Hong Kong,Japan,-1,2010
33515,Indonesia,Kuwait,-1,2010
33516,Iran,North Macedonia,-1,2010
33517,Italy,Sweden,1,2010
33518,South Korea,Serbia,-1,2010
33519,Malaysia,Uzbekistan,-1,2010
33520,Malta,Bulgaria,-1,2010
33521,Montenegro,Belarus,1,2010
33522,Netherlands,Paraguay,-1,2010
33523,Poland,Canada,1,2010
33524,Slovenia,Russia,1,2010
33525,Syria,Vietnam,-1,2010
33526,Thailand,Singapore,-1,2010
33527,Ukraine,Greece,-1,2010
33528,United Arab Emirates,Iraq,-1,2010
33529,Uruguay,Costa Rica,-1,2010
33530,Zambia,North Korea,1,2010
33531,China PR,Lebanon,1,2010
33532,Jordan,Iran,1,2010
33533,Kenya,Zambia,-1,2010
33534,Burundi,Zanzibar,-1,2010
33535,Rwanda,Somalia,1,2010
33536,Uganda,Tanzania,1,2010
33537,Ethiopia,Djibouti,1,2010
33538,Zanzibar,Tanzania,-1,2010
33539,Burundi,Uganda,-1,2010
33540,Ethiopia,Zambia,-1,2010
33541,Kenya,Djibouti,1,2010
33542,Rwanda,Eritrea,1,2010
33543,Bangladesh,Bhutan,1,2010
33544,Djibouti,Zambia,-1,2010
33545,Sri Lanka,Pakistan,1,2010
33546,Tanzania,Burundi,1,2010
33547,North Korea,Macau,1,2010
33548,Dominica,British Virgin Islands,1,2010
33549,Kenya,Ethiopia,1,2010
33550,Maldives,Nepal,-1,2010
33551,Somalia,Eritrea,-1,2010
33552,Uganda,Zanzibar,-1,2010
33553,Bangladesh,Pakistan,-1,2010
33554,Sri Lanka,Bhutan,1,2010
33555,Kenya,Uganda,-1,2010
33556,Maldives,Afghanistan,1,2010
33557,Zambia,Zanzibar,-1,2010
33558,Bangladesh,Sri Lanka,1,2010
33559,Pakistan,Bhutan,1,2010
33560,Tanzania,Eritrea,1,2010
33561,Afghanistan,Nepal,-1,2010
33562,Zanzibar,Uganda,-1,2010
33563,Tanzania,Rwanda,-1,2010
33564,Maldives,Sri Lanka,1,2010
33565,Uganda,Rwanda,1,2010
33566,Zanzibar,Tanzania,1,2010
33567,Kuwait,United Arab Emirates,-1,2010
33568,Mozambique,Malawi,-1,2010
33569,Catalonia,Argentina,1,2010
33570,North Korea,Mali,1,2010
33571,Qatar,Iran,1,2010
33572,Egypt,Malawi,-1,2010
33573,Thailand,Zimbabwe,1,2010
33574,Angola,Estonia,-1,2010
33575,China PR,Jordan,-1,2010
33576,Malaysia,Syria,1,2010
33577,Mali,Iran,1,2010
33578,Qatar,North Korea,-1,2010
33579,Yemen,Tajikistan,1,2010
33580,Singapore,Oman,-1,2010
33581,Iran,North Korea,1,2014
33582,Qatar,Mali,-1,2014
33583,Syria,Zimbabwe,1,2014
33584,Yemen,Tajikistan,-1,2014
33585,Angola,Gambia,-1,2014
33586,Egypt,Mali,1,2014
33587,Tanzania,Ivory Coast,-1,2014
33588,Ghana,Malawi,-1,2014
33589,Bahrain,Hong Kong,1,2014
33590,Benin,Libya,1,2014
33591,China PR,Syria,-1,2014
33592,Gabon,Mozambique,1,2014
33593,Indonesia,Oman,-1,2014
33594,Kuwait,Australia,-1,2014
33595,Lebanon,Vietnam,-1,2014
33596,Singapore,Iran,-1,2014
33597,Thailand,Jordan,-1,2014
33598,United Arab Emirates,Malaysia,1,2014
33599,Yemen,Japan,-1,2014
33600,Rwanda,Ivory Coast,-1,2014
33601,Kenya,Cameroon,-1,2014
33602,Tunisia,Gambia,-1,2014
33603,Zambia,South Korea,1,2014
33604,Angola,Mali,-1,2014
33605,Ivory Coast,Burkina Faso,-1,2014
33606,Malawi,Algeria,1,2014
33607,Egypt,Nigeria,1,2014
33608,Mozambique,Benin,-1,2014
33609,Cameroon,Gabon,-1,2014
33610,Zambia,Tunisia,-1,2014
33611,Angola,Malawi,1,2014
33612,Mali,Algeria,-1,2014
33613,Ivory Coast,Ghana,1,2014
33614,Yemen,Kenya,1,2014
33615,Egypt,Mozambique,1,2014
33616,Nigeria,Benin,1,2014
33617,Cameroon,Zambia,1,2014
33618,Gabon,Tunisia,-1,2014
33619,Thailand,Singapore,1,2014
33620,Vietnam,China PR,-1,2014
33621,Angola,Algeria,-1,2014
33622,Finland,South Korea,-1,2014
33623,Mali,Malawi,1,2014
33624,Burkina Faso,Ghana,-1,2014
33625,Chile,Panama,1,2014
33626,Egypt,Benin,1,2014
33627,Nigeria,Mozambique,1,2014
33628,Oman,Sweden,-1,2014
33629,Thailand,Poland,-1,2014
33630,Yemen,Bahrain,1,2014
33631,Cameroon,Tunisia,-1,2014
33632,Gabon,Zambia,-1,2014
33633,Latvia,South Korea,-1,2014
33634,Poland,Singapore,1,2014
33635,Syria,Sweden,-1,2014
33636,United States,Honduras,-1,2014
33637,Angola,Ghana,-1,2014
33638,Ivory Coast,Algeria,-1,2014
33639,Egypt,Cameroon,1,2014
33640,Zambia,Nigeria,-1,2014
33641,Argentina,Costa Rica,1,2014
33642,South Africa,Zimbabwe,1,2014
33643,Algeria,Egypt,-1,2014
33644,Ghana,Nigeria,1,2014
33645,Nigeria,Algeria,1,2014
33646,Ghana,Egypt,-1,2014
33647,Jamaica,Canada,1,2014
33648,Japan,Venezuela,-1,2014
33649,Japan,China PR,-1,2014
33650,South Korea,Hong Kong,1,2014
33651,Argentina,Jamaica,1,2014
33652,China PR,South Korea,1,2014
33653,Japan,Hong Kong,1,2014
33654,Hong Kong,China PR,-1,2014
33655,Japan,South Korea,-1,2014
33656,Sri Lanka,Myanmar,-1,2014
33657,Tajikistan,Bangladesh,-1,2014
33658,North Korea,Turkmenistan,-1,2014
33659,Bangladesh,Myanmar,-1,2014
33660,Sri Lanka,Tajikistan,-1,2014
33661,Kuwait,Syria,-1,2014
33662,Kyrgyzstan,North Korea,-1,2014
33663,Sri Lanka,Bangladesh,1,2014
33664,Tajikistan,Myanmar,1,2014
33665,Turkmenistan,Kyrgyzstan,1,2014
33666,North Korea,Myanmar,1,2014
33667,Mexico,Bolivia,1,2014
33668,Tajikistan,Turkmenistan,-1,2014
33669,United States,El Salvador,1,2014
33670,Jordan,Azerbaijan,-1,2014
33671,Kuwait,Bahrain,1,2014
33672,Turkmenistan,North Korea,-1,2014
33673,Malaysia,Yemen,1,2014
33674,Tajikistan,Myanmar,1,2014
33675,Guadeloupe,Saint Kitts and Nevis,1,2014
33676,Republic of Ireland,Brazil,-1,2014
33677,Albania,Northern Ireland,1,2014
33678,Algeria,Serbia,-1,2014
33679,Angola,Latvia,-1,2014
33680,Armenia,Belarus,-1,2014
33681,Australia,Indonesia,1,2014
33682,Austria,Denmark,1,2014
33683,Belgium,Croatia,-1,2014
33684,Bosnia and Herzegovina,Ghana,1,2014
33685,Cyprus,Iceland,-1,2014
33686,El Salvador,Guatemala,-1,2014
33687,England,Egypt,1,2014
33688,France,Spain,-1,2014
33689,Georgia,Estonia,1,2014
33690,Germany,Argentina,-1,2014
33691,Greece,Senegal,-1,2014
33692,Hong Kong,Yemen,-1,2014
33693,Hungary,Russia,-1,2014
33694,Iran,Thailand,1,2014
33695,Italy,Cameroon,-1,2014
33696,Ivory Coast,South Korea,-1,2014
33697,Japan,Bahrain,1,2014
33698,Jordan,Singapore,1,2014
33699,Kazakhstan,Moldova,-1,2014
33700,Libya,Mali,1,2014
33701,Luxembourg,Azerbaijan,-1,2014
33702,North Macedonia,Montenegro,1,2014
33703,Malta,Finland,-1,2014
33704,Mexico,New Zealand,1,2014
33705,Mozambique,Botswana,-1,2014
33706,Netherlands,United States,1,2014
33707,Nigeria,DR Congo,1,2014
33708,Oman,Kuwait,-1,2014
33709,Poland,Bulgaria,1,2014
33710,Portugal,China PR,1,2014
33711,Romania,Israel,-1,2014
33712,Scotland,Czech Republic,1,2014
33713,Slovakia,Norway,-1,2014
33714,Slovenia,Qatar,1,2014
33715,South Africa,Namibia,-1,2014
33716,Switzerland,Uruguay,-1,2014
33717,Syria,Lebanon,1,2014
33718,Tanzania,Uganda,-1,2014
33719,Turkey,Honduras,1,2014
33720,Uzbekistan,United Arab Emirates,-1,2014
33721,Venezuela,Panama,-1,2014
33722,Wales,Sweden,-1,2014
33723,Zimbabwe,Malawi,1,2014
33724,Venezuela,North Korea,1,2014
33725,Niger,Benin,1,2014
33726,Mexico,North Korea,1,2014
33727,Alderney,Jersey,-1,2014
33728,Iceland,Faroe Islands,1,2014
33729,Namibia,Botswana,-1,2014
33730,Martinique,Haiti,-1,2014
33731,Mexico,Iceland,-1,2014
33732,Chile,Venezuela,-1,2014
33733,Paraguay,South Africa,-1,2014
33734,Saint Kitts and Nevis,Guadeloupe,1,2014
33735,Occitania,Monaco,1,2014
33736,Japan,Serbia,-1,2014
33737,Honduras,Venezuela,-1,2014
33738,South Africa,North Korea,-1,2014
33739,South Africa,Jamaica,1,2014
33740,Argentina,Haiti,1,2014
33741,Chile,Trinidad and Tobago,1,2014
33742,Mexico,Ecuador,-1,2014
33743,Jersey,Guernsey,-1,2014
33744,Mexico,Senegal,1,2014
33745,Yemen,Malawi,1,2014
33746,Germany,Malta,1,2014
33747,Mexico,Angola,1,2014
33748,Paraguay,North Korea,1,2014
33749,South Korea,Ecuador,1,2014
33750,Mexico,Chile,1,2014
33751,South Africa,Thailand,1,2014
33752,Yemen,Oman,-1,2014
33753,Austria,Croatia,-1,2014
33754,Belgium,Bulgaria,1,2014
33755,Gabon,Togo,1,2014
33756,Corsica,Brittany,1,2014
33757,Aruba,Venezuela,-1,2014
33758,DR Congo,Saudi Arabia,-1,2014
33759,Estonia,Finland,1,2014
33760,Brittany,Togo,1,2014
33761,Corsica,Gabon,-1,2014
33762,Turkey,Czech Republic,1,2014
33763,Croatia,Wales,1,2014
33764,Argentina,Canada,1,2014
33765,Australia,New Zealand,1,2014
33766,England,Mexico,1,2014
33767,Japan,South Korea,-1,2014
33768,Portugal,Cape Verde,-1,2014
33769,South Africa,Bulgaria,-1,2014
33770,Armenia,Uzbekistan,1,2014
33771,Georgia,Cameroon,-1,2014
33772,Greece,North Korea,-1,2014
33773,Republic of Ireland,Paraguay,1,2014
33774,Montenegro,Albania,-1,2014
33775,Nigeria,Saudi Arabia,-1,2014
33776,Ukraine,Lithuania,1,2014
33777,United States,Czech Republic,-1,2014
33778,Azerbaijan,Moldova,-1,2014
33779,Chile,Zambia,1,2014
33780,Estonia,Croatia,-1,2014
33781,France,Costa Rica,1,2014
33782,Netherlands,Mexico,1,2014
33783,Northern Ireland,Turkey,-1,2014
33784,Uruguay,Israel,1,2014
33785,Belarus,Honduras,-1,2014
33786,Denmark,Senegal,1,2014
33787,South Africa,Colombia,1,2014
33788,Republic of Ireland,Algeria,1,2014
33789,Azerbaijan,North Macedonia,-1,2014
33790,Hungary,Germany,-1,2014
33791,Iceland,Andorra,1,2014
33792,Moldova,United Arab Emirates,-1,2014
33793,New Zealand,Serbia,1,2014
33794,Norway,Montenegro,1,2014
33795,Poland,Finland,-1,2014
33796,Slovakia,Cameroon,-1,2014
33797,Spain,Saudi Arabia,1,2014
33798,Sweden,Bosnia and Herzegovina,1,2014
33799,Ukraine,Romania,1,2014
33800,United States,Turkey,1,2014
33801,Venezuela,Canada,-1,2014
33802,Belarus,South Korea,1,2014
33803,Chile,Northern Ireland,1,2014
33804,Chile,Israel,1,2014
33805,Grenada,Martinique,-1,2014
33806,Japan,England,-1,2014
33807,Mexico,Gambia,1,2014
33808,Nigeria,Colombia,-1,2014
33809,Paraguay,Ivory Coast,-1,2014
33810,Tunisia,France,-1,2014
33811,South Africa,Guatemala,1,2014
33812,Gozo,Padania,-1,2014
33813,Iraqi Kurdistan,Two Sicilies,1,2014
33814,Australia,Denmark,1,2014
33815,Netherlands,Ghana,1,2014
33816,Portugal,Cameroon,1,2014
33817,Switzerland,Costa Rica,-1,2014
33818,Occitania,Padania,-1,2014
33819,Provence,Two Sicilies,-1,2014
33820,Albania,Andorra,1,2014
33821,Azerbaijan,Honduras,-1,2014
33822,Belarus,Sweden,-1,2014
33823,Greece,Paraguay,-1,2014
33824,Norway,Ukraine,-1,2014
33825,Romania,North Macedonia,-1,2014
33826,Serbia,Poland,-1,2014
33827,Zimbabwe,Brazil,-1,2014
33828,Gozo,Occitania,-1,2014
33829,Iraqi Kurdistan,Provence,1,2014
33830,Germany,Bosnia and Herzegovina,1,2014
33831,Italy,Mexico,-1,2014
33832,Spain,South Korea,1,2014
33833,France,China PR,-1,2014
33834,Japan,Ivory Coast,-1,2014
33835,Luxembourg,Faroe Islands,-1,2014
33836,Slovenia,New Zealand,1,2014
33837,Sudan,Palestine,-1,2014
33838,Iraqi Kurdistan,Occitania,1,2014
33839,Padania,Two Sicilies,1,2014
33840,Gozo,Provence,1,2014
33841,Algeria,United Arab Emirates,1,2014
33842,Australia,United States,-1,2014
33843,Ghana,Latvia,1,2014
33844,Netherlands,Hungary,1,2014
33845,Romania,Honduras,1,2014
33846,Serbia,Cameroon,1,2014
33847,Slovakia,Costa Rica,1,2014
33848,South Africa,Denmark,1,2014
33849,Switzerland,Italy,-1,2014
33850,Occitania,Two Sicilies,1,2014
33851,Iraqi Kurdistan,Padania,-1,2014
33852,Nigeria,North Korea,1,2014
33853,Tanzania,Brazil,-1,2014
33854,Mozambique,Portugal,-1,2014
33855,Spain,Poland,1,2014
33856,South Africa,Mexico,-1,2014
33857,Uruguay,France,-1,2014
33858,Argentina,Nigeria,1,2014
33859,England,United States,-1,2014
33860,South Korea,Greece,1,2014
33861,Algeria,Slovenia,-1,2014
33862,Germany,Australia,1,2014
33863,Serbia,Ghana,-1,2014
33864,Italy,Paraguay,-1,2014
33865,Japan,Cameroon,1,2014
33866,Netherlands,Denmark,1,2014
33867,Brazil,North Korea,1,2014
33868,Ivory Coast,Portugal,-1,2014
33869,New Zealand,Slovakia,-1,2014
33870,Honduras,Chile,-1,2014
33871,South Africa,Uruguay,-1,2014
33872,Spain,Switzerland,-1,2014
33873,Argentina,South Korea,1,2014
33874,France,Mexico,-1,2014
33875,Greece,Nigeria,1,2014
33876,England,Algeria,-1,2014
33877,Germany,Serbia,-1,2014
33878,Lithuania,Latvia,-1,2014
33879,Slovenia,United States,-1,2014
33880,Cameroon,Denmark,-1,2014
33881,Estonia,Latvia,-1,2014
33882,Ghana,Australia,-1,2014
33883,Netherlands,Japan,1,2014
33884,Niger,Chad,-1,2014
33885,Northern Mariana Islands,Guam,-1,2014
33886,Brazil,Ivory Coast,1,2014
33887,Italy,New Zealand,-1,2014
33888,Lithuania,Estonia,1,2014
33889,Slovakia,Paraguay,-1,2014
33890,Sudan,Tunisia,-1,2014
33891,Chile,Switzerland,1,2014
33892,Portugal,North Korea,1,2014
33893,Spain,Honduras,1,2014
33894,Greece,Argentina,-1,2014
33895,Mexico,Uruguay,-1,2014
33896,Nigeria,South Korea,-1,2014
33897,South Africa,France,1,2014
33898,Australia,Serbia,1,2014
33899,Ghana,Germany,-1,2014
33900,Slovenia,England,-1,2014
33901,United States,Algeria,1,2014
33902,Cameroon,Netherlands,-1,2014
33903,Denmark,Japan,-1,2014
33904,Paraguay,New Zealand,-1,2014
33905,Slovakia,Italy,1,2014
33906,Chile,Spain,-1,2014
33907,North Korea,Ivory Coast,-1,2014
33908,Portugal,Brazil,-1,2014
33909,Switzerland,Honduras,-1,2014
33910,China PR,Tajikistan,1,2014
33911,Uruguay,South Korea,1,2014
33912,United States,Ghana,-1,2014
33913,Argentina,Mexico,1,2014
33914,Germany,England,1,2014
33915,Brazil,Chile,1,2014
33916,Netherlands,Slovakia,1,2014
33917,Paraguay,Japan,-1,2014
33918,Spain,Portugal,1,2014
33919,Chad,Togo,-1,2014
33920,Tunisia,Botswana,-1,2014
33921,Netherlands,Brazil,1,2014
33922,Uruguay,Ghana,-1,2014
33923,Argentina,Germany,-1,2014
33924,Paraguay,Spain,-1,2014
33925,Saint Martin,Saint Barthélemy,1,2014
33926,Uruguay,Netherlands,-1,2014
33927,Germany,Spain,-1,2014
33928,Botswana,Chad,1,2014
33929,Togo,Malawi,-1,2014
33930,Uruguay,Germany,-1,2014
33931,Netherlands,Spain,-1,2014
33932,Botswana,Zimbabwe,1,2014
33933,Anguilla,Saint Martin,-1,2014
33934,Bosnia and Herzegovina,Qatar,-1,2014
33935,Italy,Ivory Coast,-1,2014
33936,United States,Brazil,-1,2014
33937,Albania,Uzbekistan,1,2014
33938,Algeria,Gabon,-1,2014
33939,Angola,Uruguay,-1,2014
33940,Armenia,Iran,-1,2014
33941,Austria,Switzerland,-1,2014
33942,Azerbaijan,Kuwait,-1,2014
33943,Benin,Niger,-1,2014
33944,Bolivia,Colombia,-1,2014
33945,Burkina Faso,Congo,1,2014
33946,Chad,Tunisia,-1,2014
33947,China PR,Bahrain,-1,2014
33948,Cyprus,Andorra,1,2014
33949,Czech Republic,Latvia,1,2014
33950,Denmark,Germany,-1,2014
33951,Egypt,DR Congo,1,2014
33952,England,Hungary,1,2014
33953,Estonia,Faroe Islands,1,2014
33954,Finland,Belgium,1,2014
33955,Iceland,Liechtenstein,-1,2014
33956,Republic of Ireland,Argentina,-1,2014
33957,Kazakhstan,Oman,1,2014
33958,South Korea,Nigeria,1,2014
33959,Lithuania,Belarus,-1,2014
33960,Malawi,Botswana,-1,2014
33961,Mali,Guinea,-1,2014
33962,Malta,North Macedonia,-1,2014
33963,Mauritania,Palestine,-1,2014
33964,Mexico,Spain,-1,2014
33965,Moldova,Georgia,-1,2014
33966,Montenegro,Northern Ireland,1,2014
33967,Morocco,Equatorial Guinea,1,2014
33968,Mozambique,Eswatini,1,2014
33969,Norway,France,1,2014
33970,Panama,Venezuela,1,2014
33971,Paraguay,Costa Rica,1,2014
33972,Poland,Cameroon,-1,2014
33973,Russia,Bulgaria,1,2014
33974,Saudi Arabia,Togo,1,2014
33975,Senegal,Cape Verde,1,2014
33976,Serbia,Greece,-1,2014
33977,Slovakia,Croatia,-1,2014
33978,Slovenia,Australia,1,2014
33979,South Africa,Ghana,1,2014
33980,Sweden,Scotland,1,2014
33981,Tanzania,Kenya,-1,2014
33982,Thailand,Singapore,1,2014
33983,Trinidad and Tobago,Jamaica,-1,2014
33984,Turkey,Romania,1,2014
33985,Uganda,Zambia,-1,2014
33986,Ukraine,Netherlands,-1,2014
33987,Wales,Luxembourg,1,2014
33988,Ethiopia,Kenya,-1,2014
33989,Madagascar,Mayotte,-1,2014
33990,Saint Lucia,Martinique,-1,2014
33991,Saint Kitts and Nevis,Antigua and Barbuda,-1,2014
33992,Saint Lucia,Martinique,-1,2014
33993,Ethiopia,Chad,1,2014
33994,Madagascar,Comoros,1,2014
33995,Israel,Malta,1,2014
33996,Algeria,Tanzania,-1,2014
33997,Andorra,Russia,-1,2014
33998,Armenia,Republic of Ireland,-1,2014
33999,Belgium,Germany,-1,2014
34000,China PR,Iran,-1,2014
34001,England,Bulgaria,1,2014
34002,Estonia,Italy,-1,2014
34003,Faroe Islands,Serbia,-1,2014
34004,France,Belarus,-1,2014
34005,Greece,Georgia,-1,2014
34006,Iceland,Norway,-1,2014
34007,Kazakhstan,Turkey,-1,2014
34008,Kuwait,Syria,1,2014
34009,Latvia,Croatia,-1,2014
34010,Liechtenstein,Spain,-1,2014
34011,Lithuania,Scotland,-1,2014
34012,Luxembourg,Bosnia and Herzegovina,-1,2014
34013,Moldova,Finland,1,2014
34014,Montenegro,Wales,1,2014
34015,Oman,Malaysia,1,2014
34016,Panama,Costa Rica,-1,2014
34017,Portugal,Cyprus,-1,2014
34018,Qatar,Bahrain,-1,2014
34019,Romania,Albania,-1,2014
34020,San Marino,Netherlands,-1,2014
34021,Slovakia,North Macedonia,1,2014
34022,Slovenia,Northern Ireland,-1,2014
34023,Sweden,Hungary,1,2014
34024,Switzerland,Australia,-1,2014
34025,Venezuela,Colombia,-1,2014
34026,Botswana,Togo,1,2014
34027,Canada,Peru,-1,2014
34028,Cape Verde,Mali,1,2014
34029,El Salvador,Honduras,-1,2014
34030,Guatemala,Nicaragua,1,2014
34031,Gambia,Namibia,1,2014
34032,Guinea-Bissau,Kenya,1,2014
34033,Ivory Coast,Rwanda,1,2014
34034,Japan,Paraguay,1,2014
34035,Mauritius,Cameroon,-1,2014
34036,Mexico,Ecuador,-1,2014
34037,Morocco,Central African Republic,-1,2014
34038,Poland,Ukraine,-1,2014
34039,South Africa,Niger,1,2014
34040,Sudan,Congo,1,2014
34041,Thailand,India,1,2014
34042,Tunisia,Malawi,-1,2014
34043,Uganda,Angola,1,2014
34044,Benin,Burundi,-1,2014
34045,DR Congo,Senegal,-1,2014
34046,Egypt,Sierra Leone,-1,2014
34047,Ethiopia,Guinea,-1,2014
34048,Jamaica,Costa Rica,1,2014
34049,Liberia,Zimbabwe,-1,2014
34050,Mozambique,Libya,-1,2014
34051,Nigeria,Madagascar,1,2014
34052,Eswatini,Ghana,-1,2014
34053,Zambia,Comoros,1,2014
34054,Burkina Faso,Gabon,-1,2014
34055,Albania,Luxembourg,1,2014
34056,Argentina,Spain,1,2014
34057,Austria,Kazakhstan,1,2014
34058,Bahrain,Togo,1,2014
34059,Belarus,Romania,-1,2014
34060,Bosnia and Herzegovina,France,-1,2014
34061,Bulgaria,Montenegro,-1,2014
34062,Canada,Honduras,1,2014
34063,China PR,Paraguay,-1,2014
34064,Croatia,Greece,-1,2014
34065,Czech Republic,Lithuania,-1,2014
34066,Denmark,Iceland,1,2014
34067,El Salvador,Guatemala,-1,2014
34068,Estonia,Uzbekistan,-1,2014
34069,Georgia,Israel,-1,2014
34070,Germany,Azerbaijan,1,2014
34071,Hungary,Moldova,1,2014
34072,Republic of Ireland,Andorra,1,2014
34073,Italy,Faroe Islands,1,2014
34074,Jamaica,Peru,-1,2014
34075,Japan,Guatemala,1,2014
34076,South Korea,Iran,-1,2014
34077,North Macedonia,Armenia,-1,2014
34078,Malta,Latvia,-1,2014
34079,Mexico,Colombia,1,2014
34080,Netherlands,Finland,1,2014
34081,Norway,Portugal,1,2014
34082,Panama,Trinidad and Tobago,1,2014
34083,Poland,Australia,-1,2014
34084,Qatar,Oman,-1,2014
34085,Russia,Slovakia,-1,2014
34086,Scotland,Liechtenstein,1,2014
34087,Serbia,Slovenia,-1,2014
34088,Sweden,San Marino,1,2014
34089,Switzerland,England,-1,2014
34090,Turkey,Belgium,1,2014
34091,Ukraine,Chile,1,2014
34092,United Arab Emirates,Kuwait,1,2014
34093,Venezuela,Ecuador,1,2014
34094,Yemen,Syria,1,2014
34095,India,Thailand,-1,2014
34096,Belize,Trinidad and Tobago,-1,2014
34097,Saint Lucia,Saint Vincent and the Grenadines,-1,2014
34098,French Guiana,Suriname,-1,2014
34099,India,Namibia,1,2014
34100,Jordan,Iraq,1,2014
34101,Anguilla,British Virgin Islands,-1,2014
34102,Yemen,Zambia,-1,2014
34103,Antigua and Barbuda,Trinidad and Tobago,-1,2014
34104,Jordan,Bahrain,1,2014
34105,Saint Martin,British Virgin Islands,1,2014
34106,Iraq,Oman,1,2014
34107,Saint Lucia,Trinidad and Tobago,-1,2014
34108,Réunion,Saint Pierre and Miquelon,1,2014
34109,French Guiana,Mayotte,-1,2014
34110,Antigua and Barbuda,Saint Lucia,1,2014
34111,Martinique,Tahiti,1,2014
34112,Guadeloupe,New Caledonia,-1,2014
34113,Iran,Bahrain,1,2014
34114,Jordan,Syria,-1,2014
34115,Vietnam,North Korea,-1,2014
34116,Iraq,Yemen,1,2014
34117,Mayotte,Réunion,-1,2014
34118,French Guiana,Saint Pierre and Miquelon,1,2014
34119,Bahrain,Oman,1,2014
34120,Barbados,Dominica,-1,2014
34121,Guyana,Trinidad and Tobago,-1,2014
34122,Syria,Kuwait,-1,2014
34123,New Caledonia,Martinique,-1,2014
34124,Guadeloupe,Tahiti,-1,2014
34125,Yemen,Palestine,1,2014
34126,Jordan,Kuwait,-1,2014
34127,Oman,Iran,-1,2014
34128,French Guiana,Réunion,-1,2014
34129,Mayotte,Saint Pierre and Miquelon,1,2014
34130,Palestine,Iraq,-1,2014
34131,Guadeloupe,Martinique,1,2014
34132,New Caledonia,Tahiti,-1,2014
34133,Iran,Iraq,1,2014
34134,Kuwait,Yemen,-1,2014
34135,Saint Martin,Cayman Islands,-1,2014
34136,Mayotte,Guadeloupe,-1,2014
34137,Puerto Rico,Anguilla,1,2014
34138,Réunion,Martinique,-1,2014
34139,Iran,Kuwait,-1,2014
34140,Cayman Islands,Anguilla,1,2014
34141,India,Hong Kong,-1,2014
34142,Puerto Rico,Saint Martin,1,2014
34143,Anguilla,Saint Martin,1,2014
34144,Barbados,Saint Kitts and Nevis,-1,2014
34145,Puerto Rico,Cayman Islands,1,2014
34146,Iran,Brazil,-1,2014
34147,Albania,Bosnia and Herzegovina,-1,2014
34148,Andorra,North Macedonia,-1,2014
34149,Armenia,Slovakia,1,2014
34150,Austria,Azerbaijan,1,2014
34151,China PR,Syria,1,2014
34152,Colombia,Ecuador,1,2014
34153,Cyprus,Norway,-1,2014
34154,Czech Republic,Scotland,1,2014
34155,Georgia,Malta,1,2014
34156,Germany,Turkey,1,2014
34157,Greece,Latvia,1,2014
34158,Hungary,San Marino,1,2014
34159,India,Vietnam,1,2014
34160,Indonesia,Uruguay,-1,2014
34161,Republic of Ireland,Russia,-1,2014
34162,Japan,Argentina,1,2014
34163,Kazakhstan,Belgium,-1,2014
34164,Kuwait,Bahrain,-1,2014
34165,Luxembourg,Belarus,-1,2014
34166,Moldova,Netherlands,-1,2014
34167,Montenegro,Switzerland,1,2014
34168,Montserrat,Barbados,-1,2014
34169,Northern Ireland,Italy,-1,2014
34170,Oman,Gabon,1,2014
34171,Panama,El Salvador,1,2014
34172,Peru,Costa Rica,1,2014
34173,Portugal,Denmark,1,2014
34174,Serbia,Estonia,-1,2014
34175,Slovenia,Faroe Islands,1,2014
34176,Spain,Lithuania,1,2014
34177,Saint Vincent and the Grenadines,Saint Kitts and Nevis,-1,2014
34178,Ukraine,Canada,-1,2014
34179,Wales,Bulgaria,-1,2014
34180,Angola,Guinea-Bissau,1,2014
34181,Australia,Paraguay,1,2014
34182,Burkina Faso,Gambia,1,2014
34183,Burundi,Ivory Coast,-1,2014
34184,Cameroon,DR Congo,-1,2014
34185,Comoros,Mozambique,-1,2014
34186,France,Romania,1,2014
34187,Guatemala,Belize,1,2014
34188,Israel,Croatia,-1,2014
34189,Kenya,Uganda,-1,2014
34190,Malawi,Chad,1,2014
34191,Mali,Liberia,1,2014
34192,New Zealand,Honduras,-1,2014
34193,Rwanda,Benin,-1,2014
34194,Saudi Arabia,Uzbekistan,1,2014
34195,Senegal,Mauritius,1,2014
34196,Tanzania,Morocco,-1,2014
34197,United Arab Emirates,Chile,-1,2014
34198,United States,Poland,-1,2014
34199,Central African Republic,Algeria,1,2014
34200,Congo,Eswatini,1,2014
34201,Ghana,Sudan,-1,2014
34202,Guinea,Nigeria,1,2014
34203,Jamaica,Trinidad and Tobago,1,2014
34204,Libya,Zambia,1,2014
34205,Madagascar,Ethiopia,-1,2014
34206,Niger,Egypt,1,2014
34207,Sierra Leone,South Africa,-1,2014
34208,Saint Kitts and Nevis,Montserrat,1,2014
34209,Togo,Tunisia,-1,2014
34210,Zimbabwe,Cape Verde,-1,2014
34211,Brazil,Ukraine,1,2014
34212,Armenia,Andorra,1,2014
34213,Azerbaijan,Turkey,1,2014
34214,Bahrain,Uzbekistan,-1,2014
34215,Belarus,Albania,1,2014
34216,Belgium,Austria,-1,2014
34217,Bulgaria,Saudi Arabia,1,2014
34218,China PR,Uruguay,-1,2014
34219,Costa Rica,El Salvador,1,2014
34220,Croatia,Norway,1,2014
34221,Denmark,Cyprus,1,2014
34222,Ecuador,Poland,-1,2014
34223,England,Montenegro,-1,2014
34224,Equatorial Guinea,Botswana,-1,2014
34225,Estonia,Slovenia,-1,2014
34226,Faroe Islands,Northern Ireland,-1,2014
34227,Finland,Hungary,-1,2014
34228,France,Luxembourg,1,2014
34229,Greece,Israel,1,2014
34230,Guatemala,Honduras,-1,2014
34231,Iceland,Portugal,-1,2014
34232,Indonesia,Maldives,1,2014
34233,Italy,Serbia,1,2014
34234,Kazakhstan,Germany,-1,2014
34235,South Korea,Japan,-1,2014
34236,Kuwait,Vietnam,1,2014
34237,Latvia,Georgia,-1,2014
34238,Liechtenstein,Czech Republic,-1,2014
34239,North Macedonia,Russia,-1,2014
34240,Mexico,Venezuela,-1,2014
34241,Netherlands,Sweden,1,2014
34242,New Zealand,Paraguay,-1,2014
34243,Oman,Chile,-1,2014
34244,Panama,Peru,1,2014
34245,Philippines,Macau,1,2014
34246,Qatar,Iraq,-1,2014
34247,San Marino,Moldova,-1,2014
34248,Saudi Arabia,Gabon,1,2014
34249,Scotland,Spain,-1,2014
34250,Slovakia,Republic of Ireland,-1,2014
34251,Switzerland,Wales,1,2014
34252,United Arab Emirates,Angola,-1,2014
34253,United States,Colombia,-1,2014
34254,Guyana,Saint Lucia,1,2014
34255,India,Yemen,-1,2014
34256,Suriname,Curaçao,1,2014
34257,Dominican Republic,British Virgin Islands,1,2014
34258,British Virgin Islands,Dominica,-1,2014
34259,Curaçao,Guyana,-1,2014
34260,Suriname,Saint Lucia,1,2014
34261,Dominican Republic,Dominica,-1,2014
34262,Saint Lucia,Curaçao,-1,2014
34263,Suriname,Guyana,-1,2014
34264,Timor-Leste,Philippines,-1,2014
34265,Grenada,Puerto Rico,1,2014
34266,Laos,Cambodia,-1,2014
34267,Saint Kitts and Nevis,Guadeloupe,-1,2014
34268,Cambodia,Timor-Leste,1,2014
34269,Grenada,Saint Kitts and Nevis,1,2014
34270,Guadeloupe,Puerto Rico,1,2014
34271,Laos,Philippines,-1,2014
34272,Grenada,Guadeloupe,-1,2014
34273,Laos,Timor-Leste,1,2014
34274,Panama,Cuba,-1,2014
34275,Philippines,Cambodia,-1,2014
34276,Puerto Rico,Saint Kitts and Nevis,-1,2014
34277,Botswana,Eswatini,1,2014
34278,Curaçao,Aruba,1,2014
34279,Suriname,Bonaire,1,2014
34280,Aruba,Bonaire,-1,2014
34281,Curaçao,Suriname,-1,2014
34282,Haiti,Guyana,-1,2014
34283,Singapore,North Korea,-1,2014
34284,Trinidad and Tobago,Guyana,1,2014
34285,Vietnam,Singapore,-1,2014
34286,Trinidad and Tobago,Haiti,1,2014
34287,Vietnam,North Korea,-1,2014
34288,Yemen,Uganda,-1,2014
34289,Antigua and Barbuda,Suriname,1,2014
34290,Bahrain,Uganda,-1,2014
34291,Cuba,Dominica,1,2014
34292,Yemen,North Korea,-1,2014
34293,Iraq,India,1,2014
34294,Antigua and Barbuda,Dominica,-1,2014
34295,Suriname,Cuba,-1,2014
34296,Antigua and Barbuda,Cuba,-1,2014
34297,Bahrain,Syria,-1,2014
34298,Dominica,Suriname,-1,2014
34299,India,Kuwait,-1,2014
34300,Cape Verde,Guinea-Bissau,1,2014
34301,Jordan,Cyprus,-1,2014
34302,Saudi Arabia,Uganda,-1,2014
34303,Scotland,Faroe Islands,1,2014
34304,Albania,North Macedonia,-1,2014
34305,Argentina,Brazil,1,2014
34306,Austria,Greece,-1,2014
34307,Botswana,Tunisia,1,2014
34308,Bulgaria,Serbia,-1,2014
34309,Burkina Faso,Guinea,1,2014
34310,Chile,Uruguay,1,2014
34311,China PR,Latvia,1,2014
34312,Colombia,Peru,-1,2014
34313,Croatia,Malta,1,2014
34314,Denmark,Czech Republic,-1,2014
34315,Ecuador,Venezuela,1,2014
34316,Egypt,Australia,1,2014
34317,England,France,-1,2014
34318,Estonia,Liechtenstein,-1,2014
34319,Finland,San Marino,1,2014
34320,Gabon,Senegal,-1,2014
34321,Guatemala,Guyana,1,2014
34322,Hong Kong,Paraguay,-1,2014
34323,Hungary,Lithuania,1,2014
34324,Iraq,Kuwait,-1,2014
34325,Republic of Ireland,Norway,-1,2014
34326,Israel,Iceland,1,2014
34327,Italy,Romania,-1,2014
34328,Jamaica,Costa Rica,-1,2014
34329,Libya,Niger,-1,2014
34330,Luxembourg,Algeria,-1,2014
34331,Malawi,Rwanda,1,2014
34332,Mali,DR Congo,1,2014
34333,Montenegro,Azerbaijan,1,2014
34334,Mozambique,Zimbabwe,-1,2014
34335,Netherlands,Turkey,1,2014
34336,Northern Ireland,Morocco,-1,2014
34337,Oman,Belarus,-1,2014
34338,Panama,Honduras,1,2014
34339,Poland,Ivory Coast,1,2014
34340,Portugal,Spain,1,2014
34341,Russia,Belgium,-1,2014
34342,Saudi Arabia,Ghana,-1,2014
34343,Slovakia,Bosnia and Herzegovina,-1,2014
34344,Slovenia,Georgia,-1,2014
34345,South Africa,United States,-1,2014
34346,Sweden,Germany,-1,2014
34347,Switzerland,Ukraine,-1,2014
34348,Tajikistan,Afghanistan,1,2014
34349,Togo,Chad,-1,2014
34350,Qatar,Haiti,-1,2014
34351,United Arab Emirates,India,1,2014
34352,Indonesia,Timor-Leste,1,2014
34353,Kuwait,Qatar,1,2014
34354,Yemen,Saudi Arabia,-1,2014
34355,Iraq,United Arab Emirates,-1,2014
34356,Oman,Bahrain,-1,2014
34357,Tanzania,Kenya,1,2014
34358,Indonesia,Taiwan,1,2014
34359,Saudi Arabia,Kuwait,-1,2014
34360,Yemen,Qatar,-1,2014
34361,Bahrain,Iraq,-1,2014
34362,Martinique,Grenada,-1,2014
34363,Singapore,Laos,1,2014
34364,Trinidad and Tobago,Cuba,-1,2014
34365,United Arab Emirates,Oman,-1,2014
34366,Guyana,Guadeloupe,-1,2014
34367,Jamaica,Antigua and Barbuda,1,2014
34368,Tanzania,Zambia,-1,2014
34369,Burundi,Somalia,1,2014
34370,Grenada,Trinidad and Tobago,1,2014
34371,Martinique,Cuba,-1,2014
34372,Qatar,Saudi Arabia,-1,2014
34373,Yemen,Kuwait,-1,2014
34374,Zanzibar,Sudan,1,2014
34375,Antigua and Barbuda,Guyana,1,2014
34376,Guadeloupe,Jamaica,-1,2014
34377,Malawi,Kenya,1,2014
34378,Oman,Iraq,-1,2014
34379,Uganda,Ethiopia,1,2014
34380,United Arab Emirates,Bahrain,1,2014
34381,Cuba,Grenada,-1,2014
34382,Martinique,Trinidad and Tobago,-1,2014
34383,Tanzania,Somalia,1,2014
34384,Zambia,Burundi,-1,2014
34385,Guadeloupe,Antigua and Barbuda,1,2014
34386,Guyana,Jamaica,-1,2014
34387,Indonesia,Malaysia,1,2014
34388,Sudan,Rwanda,-1,2014
34389,Thailand,Laos,-1,2014
34390,Ethiopia,Kenya,1,2014
34391,Kuwait,Iraq,-1,2014
34392,Malawi,Uganda,-1,2014
34393,Singapore,Philippines,-1,2014
34394,United Arab Emirates,Saudi Arabia,-1,2014
34395,Vietnam,Myanmar,1,2014
34396,Cuba,Guadeloupe,-1,2014
34397,Jamaica,Grenada,1,2014
34398,Rwanda,Zanzibar,-1,2014
34399,Zambia,Somalia,1,2014
34400,Indonesia,Laos,1,2014
34401,Thailand,Malaysia,-1,2014
34402,Grenada,Cuba,-1,2014
34403,Guadeloupe,Jamaica,-1,2014
34404,Kuwait,Saudi Arabia,1,2014
34405,Singapore,Myanmar,1,2014
34406,Uganda,Kenya,1,2014
34407,Vietnam,Philippines,-1,2014
34408,Indonesia,Thailand,1,2014
34409,Malaysia,Laos,1,2014
34410,Zambia,Ethiopia,-1,2014
34411,Myanmar,Philippines,-1,2014
34412,Tanzania,Rwanda,1,2014
34413,Uganda,Zanzibar,-1,2014
34414,Vietnam,Singapore,1,2014
34415,Bosnia and Herzegovina,Poland,-1,2014
34416,Tanzania,Uganda,-1,2014
34417,Ethiopia,Uganda,-1,2014
34418,Malaysia,Vietnam,1,2014
34419,Indonesia,Philippines,1,2014
34420,Qatar,Egypt,1,2014
34421,China PR,Estonia,1,2014
34422,Honduras,Panama,1,2014
34423,Iraq,Syria,-1,2014
34424,Vietnam,Malaysia,-1,2014
34425,Indonesia,Philippines,1,2014
34426,China PR,North Macedonia,1,2014
34427,Qatar,Estonia,1,2014
34428,Syria,Iraq,-1,2014
34429,Kuwait,North Korea,1,2014
34430,Bahrain,Uzbekistan,-1,2014
34431,Malaysia,Indonesia,1,2014
34432,Kuwait,North Korea,-1,2014
34433,Bahrain,Jordan,1,2014
34434,Saudi Arabia,Iraq,-1,2014
34435,Catalonia,Honduras,1,2014
34436,Indonesia,Malaysia,1,2014
34437,Basque Country,Venezuela,1,2014
34438,Syria,South Korea,-1,2014
34439,Kuwait,Zambia,1,2014
34440,Qatar,North Korea,-1,2014
34441,Iran,Angola,1,2014
34442,Iraq,China PR,-1,2014
34443,Jordan,Uzbekistan,-1,2014
34444,United Arab Emirates,Syria,1,2014
34445,Bahrain,North Korea,-1,2014
34446,Saudi Arabia,Angola,-1,2014
34447,Egypt,Tanzania,1,2014
34448,Kenya,Sudan,1,2014
34449,Uganda,Burundi,1,2014
34450,United Arab Emirates,Australia,-1,2014
34451,Qatar,Uzbekistan,-1,2014
34452,DR Congo,Kenya,1,2014
34453,Egypt,Uganda,1,2014
34454,Kuwait,China PR,-1,2014
34455,Tanzania,Burundi,-1,2014
34456,Japan,Jordan,-1,2014
34457,Saudi Arabia,Syria,-1,2014
34458,India,Australia,-1,2014
34459,South Korea,Bahrain,1,2014
34460,DR Congo,Sudan,1,2014
34461,Egypt,Burundi,1,2014
34462,Iraq,Iran,-1,2014
34463,North Korea,United Arab Emirates,-1,2014
34464,Uganda,Tanzania,-1,2014
34465,Qatar,China PR,1,2014
34466,Uzbekistan,Kuwait,1,2014
34467,Jordan,Saudi Arabia,1,2014
34468,Syria,Japan,-1,2014
34469,Australia,South Korea,-1,2014
34470,Bahrain,India,1,2014
34471,DR Congo,Uganda,-1,2014
34472,Costa Rica,Honduras,-1,2014
34473,Egypt,Kenya,1,2014
34474,El Salvador,Nicaragua,1,2014
34475,Panama,Belize,1,2014
34476,Iran,North Korea,1,2014
34477,United Arab Emirates,Iraq,-1,2014
34478,Belize,El Salvador,-1,2014
34479,China PR,Uzbekistan,-1,2014
34480,Guatemala,Costa Rica,-1,2014
34481,Panama,Nicaragua,1,2014
34482,Qatar,Kuwait,1,2014
34483,Tanzania,Sudan,-1,2014
34484,DR Congo,Kenya,1,2014
34485,Egypt,Uganda,1,2014
34486,Jordan,Syria,1,2014
34487,Saudi Arabia,Japan,-1,2014
34488,Australia,Bahrain,1,2014
34489,Honduras,Guatemala,1,2014
34490,South Korea,India,1,2014
34491,Nicaragua,Belize,-1,2014
34492,Panama,El Salvador,1,2014
34493,Botswana,Sweden,-1,2014
34494,Iraq,North Korea,1,2014
34495,United Arab Emirates,Iran,-1,2014
34496,Honduras,El Salvador,1,2014
34497,Nicaragua,Guatemala,-1,2014
34498,Panama,Costa Rica,-1,2014
34499,Qatar,Japan,-1,2014
34500,Uzbekistan,Jordan,1,2014
34501,Australia,Iraq,1,2014
34502,Iran,South Korea,-1,2014
34503,United States,Chile,-1,2014
34504,Honduras,Costa Rica,1,2014
34505,Panama,El Salvador,-1,2014
34506,Vanuatu,New Caledonia,-1,2014
34507,Japan,South Korea,-1,2014
34508,Uzbekistan,Australia,-1,2014
34509,Uzbekistan,South Korea,-1,2014
34510,Australia,Japan,-1,2014
34511,Moldova,Poland,-1,2014
34512,Cyprus,Sweden,-1,2014
34513,Ghana,Togo,1,2014
34514,Republic of Ireland,Wales,1,2014
34515,Mali,Ivory Coast,-1,2014
34516,Peru,Panama,1,2014
34517,Romania,Ukraine,-1,2014
34518,Albania,Slovenia,-1,2014
34519,Andorra,Moldova,-1,2014
34520,Argentina,Portugal,1,2014
34521,Armenia,Georgia,-1,2014
34522,Azerbaijan,Hungary,-1,2014
34523,Belarus,Kazakhstan,-1,2014
34524,Belgium,Finland,-1,2014
34525,Cambodia,Macau,1,2014
34526,Cape Verde,Burkina Faso,1,2014
34527,DR Congo,Gabon,-1,2014
34528,Croatia,Czech Republic,1,2014
34529,Cyprus,Romania,-1,2014
34530,Denmark,England,-1,2014
34531,El Salvador,Haiti,1,2014
34532,France,Brazil,1,2014
34533,Germany,Italy,-1,2014
34534,Greece,Canada,1,2014
34535,Guinea-Bissau,Gambia,1,2014
34536,Honduras,Ecuador,-1,2014
34537,Iran,Russia,1,2014
34538,Israel,Serbia,-1,2014
34539,Latvia,Bolivia,1,2014
34540,Libya,Benin,1,2014
34541,Luxembourg,Slovakia,1,2014
34542,North Macedonia,Cameroon,-1,2014
34543,Malaysia,Hong Kong,1,2014
34544,Malta,Switzerland,-1,2014
34545,Mexico,Bosnia and Herzegovina,1,2014
34546,Morocco,Niger,1,2014
34547,Mozambique,Botswana,-1,2014
34548,Namibia,Malawi,-1,2014
34549,Netherlands,Austria,1,2014
34550,Nigeria,Sierra Leone,1,2014
34551,Norway,Poland,-1,2014
34552,Philippines,Mongolia,1,2014
34553,San Marino,Liechtenstein,-1,2014
34554,Scotland,Northern Ireland,1,2014
34555,Senegal,Guinea,1,2014
34556,South Africa,Kenya,1,2014
34557,Spain,Colombia,1,2014
34558,Eswatini,Zambia,-1,2014
34559,Sweden,Ukraine,-1,2014
34560,Tanzania,Palestine,1,2014
34561,Turkey,South Korea,-1,2014
34562,Venezuela,Costa Rica,-1,2014
34563,Bahrain,Kuwait,-1,2014
34564,Laos,Taiwan,-1,2014
34565,Macau,Cambodia,1,2014
34566,Gibraltar,Faroe Islands,1,2014
34567,Mongolia,Philippines,1,2014
34568,Argentina,Venezuela,1,2014
34569,Botswana,Namibia,-1,2014
34570,Nepal,Bhutan,1,2014
34571,Nepal,Bhutan,1,2014
34572,Alderney,Guernsey,-1,2014
34573,Myanmar,Philippines,-1,2014
34574,India,Taiwan,1,2014
34575,Maldives,Cambodia,1,2014
34576,Palestine,Bangladesh,1,2014
34577,Tajikistan,Kyrgyzstan,1,2014
34578,Turkmenistan,Pakistan,1,2014
34579,Bhutan,Afghanistan,-1,2014
34580,Myanmar,Bangladesh,-1,2014
34581,Cambodia,Tajikistan,-1,2014
34582,Maldives,Kyrgyzstan,1,2014
34583,Pakistan,India,-1,2014
34584,Philippines,Palestine,-1,2014
34585,Cuba,El Salvador,-1,2014
34586,Afghanistan,Bhutan,1,2014
34587,Austria,Belgium,-1,2014
34588,Bangladesh,Philippines,-1,2014
34589,Myanmar,Palestine,-1,2014
34590,Cambodia,Kyrgyzstan,-1,2014
34591,China PR,New Zealand,-1,2014
34592,Estonia,Uruguay,1,2014
34593,Hungary,Netherlands,-1,2014
34594,Jamaica,Venezuela,-1,2014
34595,South Korea,Honduras,1,2014
34596,Lithuania,Poland,1,2014
34597,Luxembourg,France,-1,2014
34598,Maldives,Tajikistan,-1,2014
34599,Montenegro,Uzbekistan,1,2014
34600,Panama,Bolivia,1,2014
34601,Serbia,Northern Ireland,1,2014
34602,Slovenia,Italy,-1,2014
34603,Spain,Czech Republic,1,2014
34604,Turkmenistan,India,-1,2014
34605,Albania,Belarus,1,2014
34606,Andorra,Slovakia,-1,2014
34607,Armenia,Russia,-1,2014
34608,Bosnia and Herzegovina,Romania,1,2014
34609,Bulgaria,Switzerland,-1,2014
34610,Burkina Faso,Namibia,1,2014
34611,Cape Verde,Liberia,1,2014
34612,Chad,Botswana,-1,2014
34613,Colombia,Ecuador,1,2014
34614,Costa Rica,China PR,-1,2014
34615,Cyprus,Iceland,-1,2014
34616,Georgia,Croatia,1,2014
34617,Germany,Kazakhstan,1,2014
34618,Guinea-Bissau,Uganda,-1,2014
34619,Republic of Ireland,North Macedonia,1,2014
34620,Israel,Latvia,1,2014
34621,Jordan,Kuwait,-1,2014
34622,Kenya,Angola,1,2014
34623,North Korea,Iraq,1,2014
34624,Malawi,Togo,1,2014
34625,Mali,Zimbabwe,1,2014
34626,Malta,Greece,-1,2014
34627,Mexico,Paraguay,1,2014
34628,Norway,Denmark,-1,2014
34629,Portugal,Chile,-1,2014
34630,Rwanda,Burundi,1,2014
34631,Senegal,Cameroon,1,2014
34632,South Africa,Egypt,1,2014
34633,Tanzania,Central African Republic,1,2014
34634,United States,Argentina,-1,2014
34635,Wales,England,-1,2014
34636,Algeria,Morocco,1,2014
34637,Brazil,Scotland,1,2014
34638,Congo,Ghana,-1,2014
34639,DR Congo,Mauritius,1,2014
34640,Ivory Coast,Benin,1,2014
34641,Madagascar,Guinea,-1,2014
34642,Mozambique,Zambia,-1,2014
34643,Niger,Sierra Leone,1,2014
34644,Nigeria,Ethiopia,1,2014
34645,Sri Lanka,Tajikistan,-1,2014
34646,Saint Kitts and Nevis,Grenada,-1,2014
34647,Sudan,Eswatini,1,2014
34648,Libya,Comoros,1,2014
34649,Guatemala,Bolivia,-1,2014
34650,Belarus,Canada,-1,2014
34651,Belgium,Azerbaijan,1,2014
34652,China PR,Honduras,1,2014
34653,Colombia,Chile,-1,2014
34654,Costa Rica,Argentina,-1,2014
34655,Cuba,Panama,-1,2014
34656,Cyprus,Bulgaria,-1,2014
34657,Czech Republic,Liechtenstein,1,2014
34658,Ecuador,Peru,-1,2014
34659,El Salvador,Jamaica,-1,2014
34660,England,Ghana,-1,2014
34661,Equatorial Guinea,Gambia,1,2014
34662,Estonia,Serbia,-1,2014
34663,France,Croatia,-1,2014
34664,Germany,Australia,-1,2014
34665,Greece,Poland,-1,2014
34666,Republic of Ireland,Uruguay,-1,2014
34667,Israel,Georgia,1,2014
34668,Jordan,North Korea,-1,2014
34669,Kuwait,Iraq,1,2014
34670,Lithuania,Spain,-1,2014
34671,Mexico,Venezuela,-1,2014
34672,Netherlands,Hungary,1,2014
34673,Nigeria,Kenya,1,2014
34674,Northern Ireland,Slovenia,-1,2014
34675,Oman,Tunisia,1,2014
34676,Portugal,Finland,1,2014
34677,Qatar,Russia,-1,2014
34678,Romania,Luxembourg,1,2014
34679,Slovakia,Denmark,-1,2014
34680,Sri Lanka,Tajikistan,-1,2014
34681,Sweden,Moldova,1,2014
34682,Turkey,Austria,1,2014
34683,Ukraine,Italy,-1,2014
34684,United States,Paraguay,-1,2014
34685,Grenada,Saint Kitts and Nevis,-1,2014
34686,Tahiti,New Caledonia,-1,2014
34687,North Korea,Sri Lanka,1,2014
34688,Nepal,Afghanistan,1,2014
34689,Tahiti,New Caledonia,1,2014
34690,Nepal,North Korea,-1,2014
34691,Sri Lanka,Afghanistan,-1,2014
34692,North Korea,Afghanistan,1,2014
34693,Nepal,Sri Lanka,-1,2014
34694,Argentina,Ecuador,-1,2014
34695,Mozambique,Tanzania,1,2014
34696,New Caledonia,Réunion,-1,2014
34697,Monaco,Vatican City,1,2014
34698,New Caledonia,Réunion,-1,2014
34699,Guernsey,Jersey,-1,2014
34700,Tanzania,South Africa,-1,2014
34701,Guyana,Barbados,1,2014
34702,Guyana,Barbados,1,2014
34703,Republic of Ireland,Northern Ireland,1,2014
34704,Argentina,Paraguay,1,2014
34705,Eswatini,Botswana,-1,2014
34706,Wales,Scotland,-1,2014
34707,Estonia,Basque Country,-1,2014
34708,Cuba,Nicaragua,-1,2014
34709,Grenada,Antigua and Barbuda,-1,2014
34710,Wales,Northern Ireland,1,2014
34711,Cuba,Nicaragua,1,2014
34712,Mexico,Ecuador,-1,2014
34713,Occitania,Romani people,1,2014
34714,Barbados,Guyana,-1,2014
34715,El Salvador,Honduras,-1,2014
34716,Ethiopia,Sudan,-1,2014
34717,Germany,Uruguay,1,2014
34718,Republic of Ireland,Scotland,1,2014
34719,Panama,Grenada,1,2014
34720,Eswatini,Malawi,-1,2014
34721,Tunisia,Central African Republic,1,2014
34722,Corsica,Bulgaria,1,2014
34723,Canada,Ecuador,-1,2014
34724,Guatemala,Venezuela,-1,2014
34725,Japan,Peru,-1,2014
34726,Mexico,New Zealand,1,2014
34727,Nigeria,Argentina,1,2014
34728,Ukraine,Uzbekistan,1,2014
34729,Brittany,Equatorial Guinea,-1,2014
34730,Austria,Germany,-1,2014
34731,Belarus,France,-1,2014
34732,Belgium,Turkey,-1,2014
34733,Croatia,Georgia,1,2014
34734,Faroe Islands,Slovenia,-1,2014
34735,Hong Kong,Malaysia,-1,2014
34736,Italy,Estonia,1,2014
34737,Kazakhstan,Azerbaijan,1,2014
34738,South Korea,Serbia,1,2014
34739,Liechtenstein,Lithuania,1,2014
34740,Luxembourg,Hungary,-1,2014
34741,Moldova,Sweden,-1,2014
34742,Romania,Bosnia and Herzegovina,1,2014
34743,San Marino,Finland,-1,2014
34744,Ghana,Congo,1,2014
34745,Bolivia,Paraguay,-1,2014
34746,Brazil,Netherlands,-1,2014
34747,Cameroon,Senegal,-1,2014
34748,Central African Republic,Tanzania,1,2014
34749,England,Switzerland,-1,2014
34750,Greece,Malta,1,2014
34751,Iceland,Denmark,-1,2014
34752,Latvia,Israel,-1,2014
34753,North Macedonia,Republic of Ireland,-1,2014
34754,Montenegro,Bulgaria,-1,2014
34755,Morocco,Algeria,1,2014
34756,Namibia,Burkina Faso,-1,2014
34757,Peru,Czech Republic,-1,2014
34758,Portugal,Norway,1,2014
34759,Russia,Armenia,1,2014
34760,Sierra Leone,Niger,1,2014
34761,Slovakia,Andorra,1,2014
34762,Uganda,Guinea-Bissau,1,2014
34763,United States,Spain,-1,2014
34764,Zambia,Mozambique,1,2014
34765,Angola,Kenya,1,2014
34766,Australia,New Zealand,1,2014
34767,Benin,Ivory Coast,-1,2014
34768,Botswana,Malawi,-1,2014
34769,Burundi,Rwanda,1,2014
34770,China PR,Uzbekistan,1,2014
34771,Comoros,Libya,-1,2014
34772,Costa Rica,Cuba,1,2014
34773,Egypt,South Africa,-1,2014
34774,Ethiopia,Nigeria,-1,2014
34775,Guinea,Madagascar,1,2014
34776,Liberia,Cape Verde,1,2014
34777,Mauritius,DR Congo,-1,2014
34778,Mexico,El Salvador,1,2014
34779,Poland,Argentina,1,2014
34780,Eswatini,Sudan,-1,2014
34781,Tunisia,Chad,1,2014
34782,Zimbabwe,Mali,1,2014
34783,Honduras,Guatemala,-1,2014
34784,Jamaica,Grenada,1,2014
34785,Ukraine,France,-1,2014
34786,Australia,Serbia,-1,2014
34787,Austria,Latvia,1,2014
34788,Azerbaijan,Germany,-1,2014
34789,Belarus,Luxembourg,1,2014
34790,Bosnia and Herzegovina,Albania,1,2014
34791,Brazil,Romania,1,2014
34792,Ecuador,Greece,-1,2014
34793,Faroe Islands,Estonia,1,2014
34794,Gabon,Gambia,-1,2014
34795,Italy,Republic of Ireland,-1,2014
34796,Japan,Czech Republic,-1,2014
34797,South Korea,Ghana,1,2014
34798,Norway,Lithuania,1,2014
34799,Panama,Guadeloupe,1,2014
34800,Paraguay,Bolivia,-1,2014
34801,Russia,Cameroon,-1,2014
34802,San Marino,Hungary,-1,2014
34803,Sweden,Finland,1,2014
34804,United States,Canada,1,2014
34805,Venezuela,Spain,-1,2014
34806,China PR,North Korea,1,2014
34807,Uruguay,Netherlands,-1,2014
34808,Costa Rica,El Salvador,-1,2014
34809,Cuba,Mexico,-1,2014
34810,Poland,France,-1,2014
34811,Grenada,Honduras,-1,2014
34812,Jamaica,Guatemala,1,2014
34813,Canada,Guadeloupe,1,2014
34814,Mexico,Venezuela,-1,2014
34815,Paraguay,Romania,1,2014
34816,United States,Panama,-1,2014
34817,El Salvador,Cuba,1,2014
34818,Mexico,Costa Rica,1,2014
34819,Palestine,Vatican City,1,2014
34820,Guatemala,Grenada,1,2014
34821,Honduras,Jamaica,-1,2014
34822,Canada,Panama,-1,2014
34823,United States,Guadeloupe,1,2014
34824,Montserrat,Belize,-1,2014
34825,Costa Rica,Honduras,-1,2014
34826,Malaysia,Myanmar,1,2014
34827,Mexico,Guatemala,1,2014
34828,Chile,Estonia,1,2014
34829,Anguilla,United States Virgin Islands,-1,2014
34830,Panama,El Salvador,-1,2014
34831,United States,Jamaica,1,2014
34832,Argentina,Albania,1,2014
34833,Honduras,Mexico,-1,2014
34834,United States,Panama,1,2014
34835,Uruguay,Estonia,1,2014
34836,Paraguay,Chile,-1,2014
34837,Colombia,Senegal,1,2014
34838,Kenya,Sudan,-1,2014
34839,United States,Mexico,-1,2014
34840,Rhodes,Greenland,1,2014
34841,Jersey,Menorca,1,2014
34842,Alderney,Gibraltar,-1,2014
34843,Isle of Wight,Ynys Môn,1,2014
34844,Gotland,Isle of Man,-1,2014
34845,Guernsey,Falkland Islands,1,2014
34846,Åland Islands,Saare County,-1,2014
34847,Bolivia,Mexico,-1,2014
34848,Greenland,Menorca,-1,2014
34849,Jersey,Rhodes,1,2014
34850,Isle of Wight,Alderney,1,2014
34851,Gibraltar,Ynys Môn,1,2014
34852,Isle of Man,Falkland Islands,1,2014
34853,Gotland,Guernsey,-1,2014
34854,Western Isles,Åland Islands,-1,2014
34855,Peru,Senegal,1,2014
34856,Greenland,Jersey,-1,2014
34857,Alderney,Ynys Môn,-1,2014
34858,Isle of Wight,Gibraltar,1,2014
34859,Guernsey,Isle of Man,1,2014
34860,Falkland Islands,Gotland,-1,2014
34861,Saare County,Western Isles,1,2014
34862,Afghanistan,Palestine,-1,2014
34863,Bangladesh,Pakistan,1,2014
34864,Cambodia,Laos,1,2014
34865,Iraq,Syria,-1,2014
34866,Malaysia,Taiwan,1,2014
34867,Mongolia,Myanmar,1,2014
34868,Nepal,Timor-Leste,1,2014
34869,Sri Lanka,Philippines,-1,2014
34870,Vietnam,Macau,1,2014
34871,Alderney,Falkland Islands,-1,2014
34872,Greenland,Western Isles,1,2014
34873,Gotland,Ynys Môn,-1,2014
34874,Isle of Man,Menorca,-1,2014
34875,Saare County,Gibraltar,-1,2014
34876,Isle of Wight,Jersey,1,2014
34877,Guernsey,Åland Islands,1,2014
34878,Argentina,Bolivia,-1,2014
34879,Jersey,Åland Islands,1,2014
34880,Isle of Wight,Guernsey,1,2014
34881,Colombia,Costa Rica,1,2014
34882,Lebanon,Kuwait,-1,2014
34883,Nepal,Timor-Leste,1,2014
34884,Turks and Caicos Islands,Bahamas,-1,2014
34885,Brazil,Venezuela,-1,2014
34886,Myanmar,Mongolia,1,2014
34887,Laos,Cambodia,1,2014
34888,Macau,Vietnam,-1,2014
34889,Pakistan,Bangladesh,-1,2014
34890,Palestine,Afghanistan,-1,2014
34891,Paraguay,Ecuador,-1,2014
34892,Philippines,Sri Lanka,1,2014
34893,United States Virgin Islands,British Virgin Islands,1,2014
34894,Taiwan,Malaysia,1,2014
34895,Chile,Mexico,1,2014
34896,Uruguay,Peru,-1,2014
34897,Jordan,Syria,-1,2014
34898,Argentina,Colombia,-1,2014
34899,Kuwait,Oman,-1,2014
34900,Malawi,Namibia,-1,2014
34901,Bolivia,Costa Rica,-1,2014
34902,Solomon Islands,Vanuatu,1,2014
34903,Aruba,Saint Lucia,1,2014
34904,Dominican Republic,Anguilla,1,2014
34905,Jordan,Yemen,1,2014
34906,Peru,Mexico,1,2014
34907,Uruguay,Chile,-1,2014
34908,Bahamas,Turks and Caicos Islands,1,2014
34909,Brazil,Paraguay,-1,2014
34910,Lebanon,Oman,-1,2014
34911,Solomon Islands,Vanuatu,-1,2014
34912,Venezuela,Ecuador,1,2014
34913,British Virgin Islands,United States Virgin Islands,-1,2014
34914,Colombia,Bolivia,1,2014
34915,Dominican Republic,Anguilla,1,2014
34916,Maldives,India,-1,2014
34917,Argentina,Costa Rica,1,2014
34918,Chile,Peru,1,2014
34919,Saint Lucia,Aruba,1,2014
34920,Uruguay,Mexico,1,2014
34921,Brazil,Ecuador,1,2014
34922,Iraq,Kuwait,-1,2014
34923,Jordan,Saudi Arabia,-1,2014
34924,Paraguay,Venezuela,-1,2014
34925,Thailand,Myanmar,1,2014
34926,Fiji,Vanuatu,-1,2014
34927,Oman,Syria,-1,2014
34928,Thailand,Myanmar,-1,2014
34929,Argentina,Uruguay,-1,2014
34930,Colombia,Peru,-1,2014
34931,Jordan,Iraq,-1,2014
34932,Kuwait,Saudi Arabia,1,2014
34933,Belize,Montserrat,1,2014
34934,Brazil,Paraguay,-1,2014
34935,Chile,Venezuela,-1,2014
34936,Iran,Madagascar,1,2014
34937,Qatar,India,-1,2014
34938,United Arab Emirates,Lebanon,1,2014
34939,Singapore,Taiwan,1,2014
34940,Peru,Uruguay,-1,2014
34941,Paraguay,Venezuela,-1,2014
34942,China PR,Laos,1,2014
34943,Iran,Maldives,1,2014
34944,Iraq,Yemen,1,2014
34945,Jordan,Nepal,1,2014
34946,Kuwait,Philippines,1,2014
34947,Lebanon,Bangladesh,1,2014
34948,Oman,Myanmar,1,2014
34949,Peru,Venezuela,1,2014
34950,Qatar,Vietnam,1,2014
34951,Saudi Arabia,Hong Kong,1,2014
34952,Singapore,Malaysia,1,2014
34953,Syria,Tajikistan,-1,2014
34954,Thailand,Palestine,1,2014
34955,Turkmenistan,Indonesia,-1,2014
34956,United Arab Emirates,India,1,2014
34957,Uzbekistan,Kyrgyzstan,1,2014
34958,Liberia,Gambia,1,2014
34959,Uruguay,Paraguay,1,2014
34960,Vanuatu,Solomon Islands,-1,2014
34961,Bangladesh,Lebanon,1,2014
34962,Myanmar,Oman,-1,2014
34963,Hong Kong,Saudi Arabia,-1,2014
34964,India,United Arab Emirates,-1,2014
34965,Indonesia,Turkmenistan,1,2014
34966,Kyrgyzstan,Uzbekistan,-1,2014
34967,Laos,China PR,-1,2014
34968,Malaysia,Singapore,-1,2014
34969,Maldives,Iran,-1,2014
34970,Nepal,Jordan,-1,2014
34971,Palestine,Thailand,-1,2014
34972,Philippines,Kuwait,-1,2014
34973,Tajikistan,Syria,1,2014
34974,Vietnam,Qatar,1,2014
34975,Yemen,Iraq,-1,2014
34976,Vanuatu,Solomon Islands,1,2014
34977,Eswatini,Botswana,-1,2014
34978,Seychelles,Comoros,-1,2014
34979,Maldives,Mauritius,-1,2014
34980,Madagascar,Mayotte,-1,2014
34981,Seychelles,Mauritius,1,2014
34982,Comoros,Maldives,-1,2014
34983,Réunion,Madagascar,1,2014
34984,El Salvador,Venezuela,1,2014
34985,Mayotte,Réunion,1,2014
34986,Mauritius,Comoros,1,2014
34987,Seychelles,Maldives,1,2014
34988,Albania,Montenegro,1,2014
34989,Austria,Slovakia,-1,2014
34990,Azerbaijan,North Macedonia,-1,2014
34991,Belarus,Bulgaria,1,2014
34992,Bolivia,Panama,-1,2014
34993,Bosnia and Herzegovina,Greece,-1,2014
34994,Botswana,Kenya,1,2014
34995,China PR,Jamaica,1,2014
34996,Costa Rica,Ecuador,-1,2014
34997,Cyprus,Moldova,1,2014
34998,Equatorial Guinea,Guinea-Bissau,-1,2014
34999,France,Chile,-1,2014
35000,Gabon,Guinea,-1,2014
35001,Gambia,DR Congo,1,2014
35002,Germany,Brazil,1,2014
35003,Honduras,Venezuela,1,2014
35004,Hungary,Iceland,1,2014
35005,Republic of Ireland,Croatia,-1,2014
35006,Israel,Ivory Coast,-1,2014
35007,Italy,Spain,1,2014
35008,Japan,South Korea,1,2014
35009,Kazakhstan,Syria,-1,2014
35010,Kuwait,North Korea,-1,2014
35011,Latvia,Finland,-1,2014
35012,Liberia,Angola,-1,2014
35013,Liechtenstein,Switzerland,-1,2014
35014,Lithuania,Armenia,1,2014
35015,Malta,Central African Republic,1,2014
35016,Niger,Togo,-1,2014
35017,Northern Ireland,Faroe Islands,1,2014
35018,Norway,Czech Republic,1,2014
35019,Oman,Bahrain,-1,2014
35020,Poland,Georgia,1,2014
35021,Portugal,Luxembourg,1,2014
35022,Russia,Serbia,1,2014
35023,San Marino,Romania,-1,2014
35024,Scotland,Denmark,1,2014
35025,Senegal,Morocco,-1,2014
35026,Slovenia,Belgium,-1,2014
35027,South Africa,Burkina Faso,1,2014
35028,Tunisia,Mali,1,2014
35029,Turkey,Estonia,1,2014
35030,Ukraine,Sweden,-1,2014
35031,United States,Mexico,-1,2014
35032,Wales,Australia,-1,2014
35033,Zimbabwe,Zambia,1,2014
35034,Seychelles,Réunion,1,2014
35035,Mayotte,Mauritius,-1,2014
35036,Réunion,Mayotte,1,2014
35037,Seychelles,Mauritius,-1,2014
35038,Liberia,Niger,-1,2014
35039,Fiji,Samoa,1,2014
35040,Lebanon,Syria,-1,2014
35041,Fiji,Samoa,1,2014
35042,Eritrea,Sudan,-1,2014
35043,Qatar,Iraq,-1,2014
35044,Dominican Republic,Curaçao,1,2014
35045,Lesotho,Eswatini,-1,2014
35046,Barbados,Saint Lucia,1,2014
35047,Dominican Republic,Curaçao,1,2014
35048,Trinidad and Tobago,India,1,2014
35049,Indonesia,Palestine,1,2014
35050,Jordan,Tunisia,-1,2014
35051,Lesotho,Eswatini,-1,2014
35052,Tuvalu,Samoa,1,2014
35053,Guyana,India,1,2014
35054,Thailand,Singapore,-1,2014
35055,United Arab Emirates,Qatar,1,2014
35056,Bahrain,Sudan,1,2014
35057,Angola,DR Congo,-1,2014
35058,Fiji,Tahiti,1,2014
35059,Jordan,Indonesia,1,2014
35060,New Caledonia,Vanuatu,1,2014
35061,Oman,Kuwait,1,2014
35062,Papua New Guinea,Cook Islands,1,2014
35063,Solomon Islands,Guam,1,2014
35064,Tuvalu,American Samoa,1,2014
35065,Antigua and Barbuda,Saint Vincent and the Grenadines,-1,2014
35066,American Samoa,Solomon Islands,-1,2014
35067,Fiji,Kiribati,1,2014
35068,New Caledonia,Guam,1,2014
35069,Tahiti,Cook Islands,1,2014
35070,Vanuatu,Tuvalu,1,2014
35071,American Samoa,Guam,-1,2014
35072,Cook Islands,Kiribati,1,2014
35073,New Caledonia,Tuvalu,1,2014
35074,Tahiti,Papua New Guinea,-1,2014
35075,Vanuatu,Solomon Islands,1,2014
35076,Albania,France,-1,2014
35077,Andorra,Armenia,-1,2014
35078,Antigua and Barbuda,Curaçao,1,2014
35079,Argentina,Venezuela,1,2014
35080,Australia,Thailand,1,2014
35081,Azerbaijan,Belgium,-1,2014
35082,Bahrain,Qatar,-1,2014
35083,Belarus,Bosnia and Herzegovina,-1,2014
35084,Bulgaria,England,-1,2014
35085,Canada,Saint Lucia,1,2014
35086,China PR,Singapore,1,2014
35087,Cyprus,Portugal,-1,2014
35088,Dominica,Nicaragua,-1,2014
35089,Ecuador,Jamaica,1,2014
35090,El Salvador,Dominican Republic,1,2014
35091,Faroe Islands,Italy,-1,2014
35092,Finland,Moldova,1,2014
35093,Georgia,Latvia,-1,2014
35094,Germany,Austria,1,2014
35095,Ghana,Eswatini,1,2014
35096,Grenada,Belize,-1,2014
35097,Guyana,Barbados,1,2014
35098,Haiti,United States Virgin Islands,1,2014
35099,Hungary,Sweden,1,2014
35100,Iran,Indonesia,1,2014
35101,Iraq,Jordan,-1,2014
35102,Republic of Ireland,Slovakia,-1,2014
35103,Israel,Greece,-1,2014
35104,Japan,North Korea,1,2014
35105,South Korea,Lebanon,1,2014
35106,Lithuania,Liechtenstein,-1,2014
35107,Luxembourg,Romania,-1,2014
35108,Malta,Croatia,-1,2014
35109,Netherlands,San Marino,1,2014
35110,Northern Ireland,Serbia,-1,2014
35111,Norway,Iceland,1,2014
35112,Oman,Saudi Arabia,-1,2014
35113,Panama,Paraguay,-1,2014
35114,Peru,Bolivia,-1,2014
35115,Poland,Mexico,-1,2014
35116,Russia,North Macedonia,1,2014
35117,Slovenia,Estonia,-1,2014
35118,Spain,Chile,1,2014
35119,Saint Kitts and Nevis,Puerto Rico,-1,2014
35120,Suriname,Cayman Islands,1,2014
35121,Tajikistan,Uzbekistan,-1,2014
35122,Trinidad and Tobago,Bermuda,1,2014
35123,Turkey,Kazakhstan,1,2014
35124,Ukraine,Uruguay,-1,2014
35125,United Arab Emirates,Kuwait,-1,2014
35126,United States,Costa Rica,-1,2014
35127,Wales,Montenegro,1,2014
35128,Guatemala,Saint Vincent and the Grenadines,1,2014
35129,Burkina Faso,Equatorial Guinea,1,2014
35130,Cameroon,Mauritius,1,2014
35131,Cook Islands,Fiji,-1,2014
35132,Guam,Vanuatu,-1,2014
35133,Honduras,Colombia,-1,2014
35134,Kenya,Guinea-Bissau,1,2014
35135,Kiribati,Papua New Guinea,-1,2014
35136,Libya,Mozambique,1,2014
35137,Malawi,Tunisia,-1,2014
35138,Mali,Cape Verde,1,2014
35139,Namibia,Gambia,1,2014
35140,New Caledonia,American Samoa,1,2014
35141,Rwanda,Ivory Coast,-1,2014
35142,Scotland,Czech Republic,-1,2014
35143,Senegal,DR Congo,1,2014
35144,Sierra Leone,Egypt,1,2014
35145,Solomon Islands,Tuvalu,1,2014
35146,Tanzania,Algeria,-1,2014
35147,Angola,Uganda,1,2014
35148,Burundi,Benin,-1,2014
35149,Central African Republic,Morocco,-1,2014
35150,Comoros,Zambia,-1,2014
35151,Congo,Sudan,-1,2014
35152,Guinea,Ethiopia,1,2014
35153,Madagascar,Nigeria,-1,2014
35154,Mexico,Chile,1,2014
35155,Niger,South Africa,1,2014
35156,Togo,Botswana,1,2014
35157,Zimbabwe,Liberia,1,2014
35158,American Samoa,Vanuatu,-1,2014
35159,Bolivia,Peru,-1,2014
35160,Brazil,Ghana,1,2014
35161,Guam,Tuvalu,-1,2014
35162,Kiribati,Tahiti,-1,2014
35163,New Caledonia,Solomon Islands,-1,2014
35164,Papua New Guinea,Fiji,-1,2014
35165,Argentina,Nigeria,1,2014
35166,Austria,Turkey,-1,2014
35167,Azerbaijan,Kazakhstan,1,2014
35168,Barbados,Trinidad and Tobago,-1,2014
35169,Belgium,United States,1,2014
35170,Belize,Guatemala,-1,2014
35171,Bosnia and Herzegovina,Belarus,1,2014
35172,Cayman Islands,El Salvador,-1,2014
35173,Croatia,Israel,1,2014
35174,Curaçao,Haiti,-1,2014
35175,Czech Republic,Ukraine,1,2014
35176,Denmark,Norway,1,2014
35177,Dominican Republic,Suriname,-1,2014
35178,Ecuador,Costa Rica,1,2014
35179,England,Wales,1,2014
35180,Estonia,Northern Ireland,1,2014
35181,Finland,Netherlands,-1,2014
35182,Gabon,Niger,1,2014
35183,Guyana,Bermuda,1,2014
35184,Honduras,Paraguay,-1,2014
35185,Iceland,Cyprus,1,2014
35186,Indonesia,Bahrain,-1,2014
35187,Italy,Slovenia,1,2014
35188,Jamaica,Colombia,-1,2014
35189,Jordan,China PR,1,2014
35190,North Korea,Tajikistan,1,2014
35191,Kuwait,South Korea,-1,2014
35192,Latvia,Greece,-1,2014
35193,Lebanon,United Arab Emirates,1,2014
35194,Luxembourg,Albania,1,2014
35195,North Macedonia,Andorra,1,2014
35196,Malta,Georgia,-1,2014
35197,Moldova,Hungary,-1,2014
35198,Nicaragua,Panama,-1,2014
35199,Poland,Germany,-1,2014
35200,Puerto Rico,Canada,-1,2014
35201,Qatar,Iran,-1,2014
35202,Romania,France,-1,2014
35203,Russia,Republic of Ireland,-1,2014
35204,San Marino,Sweden,-1,2014
35205,Saudi Arabia,Australia,-1,2014
35206,Scotland,Lithuania,1,2014
35207,Serbia,Faroe Islands,1,2014
35208,Singapore,Iraq,-1,2014
35209,Slovakia,Armenia,-1,2014
35210,Spain,Liechtenstein,1,2014
35211,Saint Lucia,Saint Kitts and Nevis,-1,2014
35212,Switzerland,Bulgaria,1,2014
35213,Thailand,Oman,1,2014
35214,Uzbekistan,Japan,-1,2014
35215,Venezuela,Guinea,1,2014
35216,United States Virgin Islands,Antigua and Barbuda,-1,2014
35217,Equatorial Guinea,Central African Republic,1,2014
35218,New Caledonia,Tahiti,1,2014
35219,Solomon Islands,Fiji,1,2014
35220,New Caledonia,Solomon Islands,1,2014
35221,Tahiti,Fiji,1,2014
35222,Saint Vincent and the Grenadines,Dominica,1,2014
35223,Argentina,Brazil,-1,2014
35224,Saint Vincent and the Grenadines,Grenada,1,2014
35225,Suriname,Curaçao,1,2014
35226,Suriname,Curaçao,-1,2014
35227,Brazil,Argentina,1,2014
35228,Antigua and Barbuda,Martinique,1,2014
35229,Hong Kong,Philippines,-1,2014
35230,Ethiopia,Sudan,-1,2014
35231,Antigua and Barbuda,Martinique,-1,2014
35232,Hong Kong,Macau,1,2014
35233,Ethiopia,Malawi,-1,2014
35234,Philippines,Macau,1,2014
35235,Iran,Palestine,1,2014
35236,China PR,United Arab Emirates,1,2014
35237,Thailand,Jordan,-1,2014
35238,Andorra,Republic of Ireland,-1,2014
35239,Argentina,Chile,1,2014
35240,Armenia,North Macedonia,1,2014
35241,Australia,Malaysia,1,2014
35242,Azerbaijan,Austria,-1,2014
35243,Barbados,Guyana,-1,2014
35244,Belgium,Kazakhstan,1,2014
35245,Belize,Grenada,-1,2014
35246,Bermuda,Trinidad and Tobago,1,2014
35247,Bosnia and Herzegovina,Luxembourg,1,2014
35248,Cayman Islands,Suriname,-1,2014
35249,DR Congo,Cameroon,-1,2014
35250,Costa Rica,Brazil,-1,2014
35251,Curaçao,Antigua and Barbuda,-1,2014
35252,Cyprus,Denmark,-1,2014
35253,Czech Republic,Spain,-1,2014
35254,Dominica,Panama,-1,2014
35255,Dominican Republic,El Salvador,-1,2014
35256,Ecuador,Venezuela,1,2014
35257,Finland,Sweden,-1,2014
35258,France,Albania,1,2014
35259,Gabon,Equatorial Guinea,1,2014
35260,Greece,Croatia,1,2014
35261,Indonesia,Saudi Arabia,-1,2014
35262,Japan,Vietnam,1,2014
35263,South Korea,Poland,-1,2014
35264,Latvia,Malta,1,2014
35265,Montenegro,England,-1,2014
35266,Netherlands,Moldova,1,2014
35267,Northern Ireland,Estonia,-1,2014
35268,Peru,Paraguay,1,2014
35269,Portugal,Iceland,1,2014
35270,Puerto Rico,Saint Kitts and Nevis,-1,2014
35271,Romania,Belarus,-1,2014
35272,Serbia,Italy,-1,2014
35273,Singapore,Philippines,1,2014
35274,Slovakia,Russia,-1,2014
35275,Saint Lucia,Canada,-1,2014
35276,Turkey,Germany,-1,2014
35277,Ukraine,Bulgaria,1,2014
35278,Uruguay,Bolivia,1,2014
35279,United States Virgin Islands,Haiti,-1,2014
35280,Wales,Switzerland,1,2014
35281,Saint Vincent and the Grenadines,Guatemala,-1,2014
35282,Cape Verde,Zimbabwe,1,2014
35283,Chad,Malawi,-1,2014
35284,Egypt,Niger,1,2014
35285,Ethiopia,Madagascar,1,2014
35286,Gambia,Burkina Faso,-1,2014
35287,Guinea-Bissau,Angola,-1,2014
35288,Liberia,Mali,-1,2014
35289,Liechtenstein,Scotland,-1,2014
35290,Mozambique,Comoros,1,2014
35291,Nigeria,Guinea,-1,2014
35292,South Africa,Sierra Leone,-1,2014
35293,Sudan,Ghana,-1,2014
35294,Eswatini,Congo,-1,2014
35295,Tunisia,Togo,1,2014
35296,Uganda,Kenya,-1,2014
35297,United States,Honduras,1,2014
35298,Zambia,Libya,-1,2014
35299,Algeria,Central African Republic,1,2014
35300,Benin,Rwanda,-1,2014
35301,Ivory Coast,Burundi,1,2014
35302,Mauritius,Senegal,-1,2014
35303,Morocco,Tanzania,1,2014
35304,Albania,Romania,-1,2014
35305,Antigua and Barbuda,United States Virgin Islands,1,2014
35306,Australia,Oman,1,2014
35307,Belarus,Poland,-1,2014
35308,Bermuda,Guyana,-1,2014
35309,Bolivia,Colombia,-1,2014
35310,Bulgaria,Wales,-1,2014
35311,Canada,Puerto Rico,-1,2014
35312,Chile,Peru,1,2014
35313,China PR,Iraq,-1,2014
35314,Croatia,Latvia,1,2014
35315,Denmark,Portugal,1,2014
35316,El Salvador,Cayman Islands,1,2014
35317,Equatorial Guinea,Cameroon,-1,2014
35318,Estonia,Ukraine,-1,2014
35319,France,Bosnia and Herzegovina,-1,2014
35320,Georgia,Greece,-1,2014
35321,Germany,Belgium,1,2014
35322,Ghana,Nigeria,-1,2014
35323,Guatemala,Belize,1,2014
35324,Haiti,Curaçao,-1,2014
35325,Honduras,Jamaica,1,2014
35326,Hungary,Finland,-1,2014
35327,Indonesia,Qatar,-1,2014
35328,Iran,Bahrain,1,2014
35329,Republic of Ireland,Armenia,1,2014
35330,Italy,Northern Ireland,1,2014
35331,Japan,Tajikistan,1,2014
35332,Kazakhstan,Austria,-1,2014
35333,North Korea,Uzbekistan,-1,2014
35334,South Korea,United Arab Emirates,1,2014
35335,Lebanon,Kuwait,-1,2014
35336,Lithuania,Czech Republic,-1,2014
35337,North Macedonia,Slovakia,-1,2014
35338,Malta,Israel,-1,2014
35339,Mexico,Brazil,-1,2014
35340,Moldova,San Marino,1,2014
35341,Norway,Cyprus,1,2014
35342,Panama,Nicaragua,1,2014
35343,Paraguay,Uruguay,-1,2014
35344,Philippines,Nepal,1,2014
35345,Russia,Andorra,1,2014
35346,Singapore,Jordan,-1,2014
35347,Slovenia,Serbia,1,2014
35348,Spain,Scotland,1,2014
35349,Saint Kitts and Nevis,Saint Lucia,-1,2014
35350,Suriname,Dominican Republic,-1,2014
35351,Sweden,Netherlands,1,2014
35352,Switzerland,Montenegro,1,2014
35353,Thailand,Saudi Arabia,-1,2014
35354,Trinidad and Tobago,Barbados,1,2014
35355,Turkey,Azerbaijan,1,2014
35356,United States,Ecuador,-1,2014
35357,Venezuela,Argentina,1,2014
35358,Grenada,Saint Vincent and the Grenadines,-1,2014
35359,Namibia,Lesotho,-1,2014
35360,Kuwait,Bahrain,-1,2014
35361,Qatar,Oman,-1,2014
35362,Antigua and Barbuda,Guadeloupe,-1,2014
35363,Iraq,Lebanon,1,2014
35364,Lesotho,DR Congo,-1,2014
35365,Gabon,Brazil,-1,2014
35366,Albania,Azerbaijan,-1,2014
35367,Antigua and Barbuda,Haiti,1,2014
35368,Argentina,Bolivia,-1,2014
35369,Bahrain,Iran,-1,2014
35370,Belgium,Romania,1,2014
35371,Bermuda,Barbados,1,2014
35372,Bosnia and Herzegovina,Portugal,-1,2014
35373,Burkina Faso,Mali,-1,2014
35374,Cameroon,Sudan,1,2014
35375,Chad,Tanzania,-1,2014
35376,Colombia,Venezuela,-1,2014
35377,Comoros,Mozambique,-1,2014
35378,Cyprus,Scotland,-1,2014
35379,Czech Republic,Montenegro,1,2014
35380,Denmark,Sweden,1,2014
35381,Djibouti,Namibia,-1,2014
35382,Dominican Republic,Cayman Islands,1,2014
35383,Equatorial Guinea,Madagascar,1,2014
35384,Eritrea,Rwanda,-1,2014
35385,Estonia,Republic of Ireland,-1,2014
35386,France,United States,1,2014
35387,Georgia,Moldova,1,2014
35388,Greece,Russia,-1,2014
35389,Guatemala,Grenada,1,2014
35390,Guinea-Bissau,Togo,-1,2014
35391,Guyana,Trinidad and Tobago,1,2014
35392,Hungary,Liechtenstein,1,2014
35393,Iraq,China PR,1,2014
35394,Jordan,Singapore,1,2014
35395,Kuwait,Lebanon,-1,2014
35396,Lesotho,Burundi,1,2014
35397,Mexico,Serbia,1,2014
35398,Morocco,Uganda,-1,2014
35399,Netherlands,Switzerland,-1,2014
35400,Nicaragua,Dominica,1,2014
35401,Oman,Australia,1,2014
35402,Panama,Costa Rica,1,2014
35403,Paraguay,Ecuador,1,2014
35404,Poland,Italy,-1,2014
35405,Puerto Rico,Saint Lucia,1,2014
35406,Qatar,Indonesia,1,2014
35407,São Tomé and Príncipe,Congo,-1,2014
35408,Saudi Arabia,Thailand,1,2014
35409,Seychelles,Kenya,-1,2014
35410,Saint Kitts and Nevis,Canada,-1,2014
35411,Suriname,El Salvador,-1,2014
35412,Eswatini,DR Congo,-1,2014
35413,Tajikistan,Japan,-1,2014
35414,Turkey,Croatia,-1,2014
35415,Ukraine,Germany,-1,2014
35416,United Arab Emirates,South Korea,-1,2014
35417,Uruguay,Chile,1,2014
35418,Uzbekistan,North Korea,1,2014
35419,United States Virgin Islands,Curaçao,-1,2014
35420,Belize,Saint Vincent and the Grenadines,-1,2014
35421,Algeria,Tunisia,1,2014
35422,England,Spain,1,2014
35423,Nigeria,Botswana,-1,2014
35424,Somalia,Ethiopia,-1,2014
35425,South Africa,Ivory Coast,-1,2014
35426,Wales,Norway,1,2014
35427,India,Malaysia,-1,2014
35428,Morocco,Cameroon,-1,2014
35429,Sudan,Uganda,-1,2014
35430,Bermuda,Barbados,1,2014
35431,Brazil,Egypt,1,2014
35432,Cayman Islands,Dominican Republic,-1,2014
35433,Honduras,Serbia,1,2014
35434,Puerto Rico,Saint Lucia,1,2014
35435,Belarus,Libya,-1,2014
35436,Burundi,Lesotho,-1,2014
35437,Canada,Saint Kitts and Nevis,1,2014
35438,Chile,Paraguay,1,2014
35439,Colombia,Argentina,-1,2014
35440,Congo,São Tomé and Príncipe,-1,2014
35441,DR Congo,Eswatini,1,2014
35442,Costa Rica,Spain,-1,2014
35443,Croatia,Turkey,-1,2014
35444,Curaçao,United States Virgin Islands,1,2014
35445,Denmark,Finland,1,2014
35446,Ecuador,Peru,1,2014
35447,El Salvador,Suriname,1,2014
35448,England,Sweden,1,2014
35449,France,Belgium,-1,2014
35450,Germany,Netherlands,1,2014
35451,Ghana,Gabon,1,2014
35452,Greece,Romania,-1,2014
35453,Grenada,Guatemala,-1,2014
35454,Guinea,Burkina Faso,-1,2014
35455,Haiti,Antigua and Barbuda,1,2014
35456,Indonesia,Iran,-1,2014
35457,Republic of Ireland,Estonia,-1,2014
35458,Italy,Uruguay,-1,2014
35459,Jordan,Iraq,-1,2014
35460,Kenya,Seychelles,1,2014
35461,North Korea,Japan,1,2014
35462,Kuwait,United Arab Emirates,1,2014
35463,Lebanon,South Korea,1,2014
35464,Luxembourg,Switzerland,-1,2014
35465,North Macedonia,Albania,-1,2014
35466,Madagascar,Equatorial Guinea,1,2014
35467,Montenegro,Czech Republic,-1,2014
35468,Mozambique,Comoros,1,2014
35469,Namibia,Djibouti,1,2014
35470,Niger,Botswana,-1,2014
35471,Nigeria,Zambia,1,2014
35472,Panama,Dominica,1,2014
35473,Poland,Hungary,1,2014
35474,Portugal,Bosnia and Herzegovina,1,2014
35475,Qatar,Bahrain,-1,2014
35476,Rwanda,Eritrea,1,2014
35477,Saudi Arabia,Oman,-1,2014
35478,Singapore,China PR,-1,2014
35479,Slovenia,United States,-1,2014
35480,Tanzania,Chad,-1,2014
35481,Thailand,Australia,-1,2014
35482,Togo,Guinea-Bissau,1,2014
35483,Trinidad and Tobago,Guyana,1,2014
35484,Ukraine,Austria,1,2014
35485,Uzbekistan,Tajikistan,1,2014
35486,Venezuela,Bolivia,1,2014
35487,Zimbabwe,South Africa,1,2014
35488,Saint Vincent and the Grenadines,Belize,-1,2014
35489,Ethiopia,Somalia,1,2014
35490,India,Malaysia,1,2014
35491,American Samoa,Tonga,1,2014
35492,Maldives,Seychelles,1,2014
35493,Samoa,Cook Islands,1,2014
35494,American Samoa,Cook Islands,-1,2014
35495,Maldives,Seychelles,1,2014
35496,Samoa,Tonga,-1,2014
35497,Burundi,Somalia,1,2014
35498,Uganda,Zanzibar,1,2014
35499,Samoa,American Samoa,1,2014
35500,Tanzania,Rwanda,-1,2014
35501,Tonga,Cook Islands,1,2014
35502,Zanzibar,Burundi,-1,2014
35503,Zimbabwe,Djibouti,1,2014
35504,Kenya,Malawi,-1,2014
35505,Somalia,Uganda,-1,2014
35506,Sudan,Ethiopia,-1,2014
35507,India,Zambia,-1,2014
35508,Rwanda,Zimbabwe,1,2014
35509,Tanzania,Djibouti,1,2014
35510,Ethiopia,Kenya,-1,2014
35511,Malawi,Sudan,-1,2014
35512,Burundi,Uganda,1,2014
35513,Somalia,Zanzibar,-1,2014
35514,Bangladesh,Pakistan,-1,2014
35515,Curaçao,Bonaire,-1,2014
35516,Ethiopia,Malawi,-1,2014
35517,Maldives,Nepal,-1,2014
35518,Rwanda,Djibouti,1,2014
35519,Suriname,Aruba,-1,2014
35520,India,Afghanistan,-1,2014
35521,Kenya,Sudan,-1,2014
35522,Sri Lanka,Bhutan,1,2014
35523,Tanzania,Zimbabwe,-1,2014
35524,Bangladesh,Nepal,-1,2014
35525,Bonaire,Aruba,-1,2014
35526,Maldives,Pakistan,-1,2014
35527,Suriname,Curaçao,1,2014
35528,Chagos Islands,Raetia,1,2014
35529,Burundi,Sudan,-1,2014
35530,India,Bhutan,1,2014
35531,Rwanda,Zanzibar,1,2014
35532,Sri Lanka,Afghanistan,-1,2014
35533,Bahrain,Palestine,-1,2014
35534,Maldives,Bangladesh,1,2014
35535,Pakistan,Nepal,-1,2014
35536,Tanzania,Malawi,1,2014
35537,Uganda,Zimbabwe,1,2014
35538,Bhutan,Afghanistan,-1,2014
35539,India,Sri Lanka,1,2014
35540,Sudan,Rwanda,-1,2014
35541,Tanzania,Uganda,-1,2014
35542,Afghanistan,Nepal,1,2014
35543,India,Maldives,1,2014
35544,Rwanda,Uganda,-1,2014
35545,Tanzania,Sudan,-1,2014
35546,Cuba,Costa Rica,-1,2014
35547,India,Afghanistan,1,2014
35548,Angola,Cameroon,-1,2014
35549,Angola,Zambia,1,2014
35550,Chile,Paraguay,1,2014
35551,Angola,Namibia,-1,2014
35552,Venezuela,Costa Rica,-1,2014
35553,Basque Country,Tunisia,-1,2014
35554,Occitania,Cilento,1,2014
35555,Catalonia,Tunisia,-1,2014
35556,Equatorial Guinea,South Africa,-1,2014
35557,Botswana,Zimbabwe,-1,2014
35558,Gabon,Burkina Faso,-1,2014
35559,Tunisia,Sudan,1,2014
35560,Nigeria,Angola,-1,2014
35561,Senegal,Sudan,1,2014
35562,Tunisia,Ivory Coast,-1,2014
35563,Angola,Sierra Leone,1,2014
35564,Zambia,Namibia,-1,2014
35565,Gozo,Raetia,1,2014
35566,Oman,DR Congo,-1,2014
35567,São Tomé and Príncipe,Lesotho,1,2014
35568,Gabon,Sudan,-1,2014
35569,Ivory Coast,Libya,1,2014
35570,Kuwait,Uzbekistan,1,2014
35571,Bahrain,Sweden,-1,2014
35572,Thailand,Norway,-1,2014
35573,Equatorial Guinea,Libya,1,2014
35574,Senegal,Zambia,-1,2014
35575,United States,Venezuela,1,2014
35576,Burkina Faso,Angola,-1,2014
35577,Ivory Coast,Sudan,1,2014
35578,Lebanon,Iraq,1,2014
35579,Trinidad and Tobago,Finland,-1,2014
35580,Lesotho,São Tomé and Príncipe,-1,2014
35581,Gabon,Niger,1,2014
35582,Morocco,Tunisia,-1,2014
35583,Ghana,Botswana,1,2014
35584,Mali,Guinea,1,2014
35585,Equatorial Guinea,Senegal,1,2014
35586,Libya,Zambia,-1,2014
35587,Mexico,Venezuela,1,2014
35588,Panama,United States,-1,2014
35589,Ivory Coast,Burkina Faso,1,2014
35590,Sudan,Angola,-1,2014
35591,Gabon,Morocco,1,2014
35592,Niger,Tunisia,-1,2014
35593,Romania,Turkmenistan,1,2014
35594,Botswana,Guinea,-1,2014
35595,Ghana,Mali,1,2014
35596,Equatorial Guinea,Zambia,-1,2014
35597,Libya,Senegal,1,2014
35598,United Arab Emirates,Uzbekistan,1,2014
35599,Ivory Coast,Angola,1,2014
35600,Sudan,Burkina Faso,1,2014
35601,Gabon,Tunisia,1,2014
35602,Niger,Morocco,-1,2014
35603,Botswana,Mali,-1,2014
35604,Ghana,Guinea,-1,2014
35605,Equatorial Guinea,Ivory Coast,-1,2014
35606,Zambia,Sudan,1,2014
35607,Gabon,Mali,-1,2014
35608,Ghana,Tunisia,1,2014
35609,Mali,Ivory Coast,-1,2014
35610,Zambia,Ghana,1,2014
35611,Ghana,Mali,-1,2014
35612,Zambia,Ivory Coast,-1,2014
35613,Liberia,Nigeria,-1,2014
35614,Paraguay,Chile,1,2014
35615,North Korea,Kuwait,-1,2014
35616,China PR,Kuwait,1,2014
35617,Grenada,Guyana,-1,2014
35618,Jamaica,Cuba,1,2014
35619,Paraguay,Guatemala,1,2014
35620,Iran,Jordan,-1,2014
35621,Oman,India,1,2014
35622,Tanzania,DR Congo,-1,2014
35623,Jamaica,Cuba,1,2014
35624,Japan,Iceland,1,2014
35625,Nicaragua,Puerto Rico,1,2014
35626,Singapore,Azerbaijan,-1,2014
35627,Thailand,Maldives,1,2014
35628,United Arab Emirates,Palestine,1,2014
35629,South Korea,Uzbekistan,1,2014
35630,Nicaragua,Puerto Rico,1,2014
35631,Egypt,Kenya,1,2014
35632,India,Azerbaijan,-1,2014
35633,Armenia,Serbia,-1,2014
35634,Bosnia and Herzegovina,Brazil,-1,2014
35635,Antigua and Barbuda,Trinidad and Tobago,-1,2014
35636,Armenia,Canada,1,2014
35637,Australia,Saudi Arabia,1,2014
35638,Austria,Finland,1,2014
35639,Bahrain,Indonesia,1,2014
35640,Bolivia,Cuba,1,2014
35641,Chile,Ghana,-1,2014
35642,China PR,Jordan,1,2014
35643,Croatia,Sweden,-1,2014
35644,Cyprus,Serbia,-1,2014
35645,Denmark,Russia,-1,2014
35646,Ecuador,Honduras,1,2014
35647,Egypt,Niger,1,2014
35648,El Salvador,Estonia,-1,2014
35649,England,Netherlands,-1,2014
35650,Georgia,Albania,1,2014
35651,Germany,France,-1,2014
35652,Greece,Belgium,-1,2014
35653,Guyana,Guatemala,-1,2014
35654,Hong Kong,Taiwan,1,2014
35655,Hungary,Bulgaria,-1,2014
35656,Iran,Qatar,-1,2014
35657,Iraq,Singapore,1,2014
35658,Republic of Ireland,Czech Republic,-1,2014
35659,Israel,Ukraine,-1,2014
35660,Italy,United States,-1,2014
35661,Ivory Coast,Guinea,-1,2014
35662,Japan,Uzbekistan,-1,2014
35663,South Korea,Kuwait,1,2014
35664,Latvia,Kazakhstan,-1,2014
35665,Luxembourg,North Macedonia,1,2014
35666,Malta,Liechtenstein,1,2014
35667,Mexico,Colombia,-1,2014
35668,Moldova,Belarus,-1,2014
35669,Montenegro,Iceland,1,2014
35670,Morocco,Burkina Faso,1,2014
35671,New Zealand,Jamaica,-1,2014
35672,Northern Ireland,Norway,-1,2014
35673,Oman,Thailand,1,2014
35674,Palestine,Azerbaijan,1,2014
35675,Paraguay,Panama,1,2014
35676,Philippines,Malaysia,-1,2014
35677,Poland,Portugal,-1,2014
35678,Romania,Uruguay,-1,2014
35679,Slovenia,Scotland,-1,2014
35680,South Africa,Senegal,-1,2014
35681,Spain,Venezuela,1,2014
35682,Switzerland,Argentina,-1,2014
35683,Tajikistan,North Korea,-1,2014
35684,Tunisia,Peru,-1,2014
35685,Turkey,Slovakia,-1,2014
35686,United Arab Emirates,Lebanon,1,2014
35687,Wales,Costa Rica,-1,2014
35688,Ethiopia,Benin,-1,2014
35689,Rwanda,Nigeria,-1,2014
35690,Congo,Uganda,1,2014
35691,Burundi,Zimbabwe,1,2014
35692,Gambia,Algeria,-1,2014
35693,Kenya,Togo,1,2014
35694,São Tomé and Príncipe,Sierra Leone,1,2014
35695,Guinea-Bissau,Cameroon,-1,2014
35696,Chad,Malawi,1,2014
35697,Seychelles,DR Congo,-1,2014
35698,Tanzania,Mozambique,-1,2014
35699,Madagascar,Cape Verde,-1,2014
35700,Liberia,Namibia,1,2014
35701,Egypt,DR Congo,-1,2014
35702,Martinique,Guadeloupe,-1,2014
35703,Saint Kitts and Nevis,Antigua and Barbuda,1,2014
35704,Nepal,Palestine,-1,2014
35705,Turkmenistan,Maldives,1,2014
35706,India,Tajikistan,-1,2014
35707,North Korea,Philippines,1,2014
35708,Nepal,Maldives,-1,2014
35709,Palestine,Turkmenistan,-1,2014
35710,Philippines,India,1,2014
35711,Tajikistan,North Korea,-1,2014
35712,Maldives,Palestine,-1,2014
35713,Nepal,Turkmenistan,-1,2014
35714,North Korea,India,1,2014
35715,Tajikistan,Philippines,-1,2014
35716,North Korea,Palestine,1,2014
35717,Turkmenistan,Philippines,1,2014
35718,Philippines,Palestine,1,2014
35719,Turkmenistan,North Korea,-1,2014
35720,Chile,Peru,1,2014
35721,French Guiana,Guyana,1,2014
35722,Jamaica,Costa Rica,-1,2014
35723,French Guiana,Guyana,-1,2014
35724,Alderney,Guernsey,-1,2014
35725,Egypt,Uganda,1,2014
35726,Occitania,Sápmi,1,2014
35727,Egypt,Chad,1,2014
35728,Guadeloupe,Martinique,-1,2014
35729,Costa Rica,Honduras,-1,2014
35730,Peru,Chile,-1,2014
35731,Egypt,Nigeria,1,2014
35732,Egypt,Mauritania,1,2014
35733,Egypt,Iraq,-1,2014
35734,Iran,Mauritania,1,2014
35735,Guatemala,Paraguay,-1,2014
35736,Malaysia,Sri Lanka,1,2014
35737,Iran,Mozambique,1,2014
35738,Martinique,Guyana,-1,2014
35739,Guadeloupe,Guyana,-1,2014
35740,Sealand,Chagos Islands,-1,2014
35741,Jersey,Guernsey,-1,2014
35742,Lebanon,Egypt,-1,2014
35743,Angola,Zambia,-1,2014
35744,Jamaica,Guyana,1,2014
35745,Lebanon,Jordan,-1,2014
35746,Egypt,Cameroon,1,2014
35747,Panama,Guyana,1,2014
35748,Albania,Qatar,1,2014
35749,Egypt,Togo,1,2014
35750,Latvia,Poland,-1,2014
35751,Botswana,Lesotho,1,2014
35752,El Salvador,New Zealand,-1,2014
35753,Iraq,Sierra Leone,1,2014
35754,Japan,Azerbaijan,1,2014
35755,Libya,Rwanda,1,2014
35756,Peru,Nigeria,1,2014
35757,Venezuela,Moldova,1,2014
35758,Georgia,Turkey,-1,2014
35759,Belgium,Montenegro,-1,2014
35760,Costa Rica,Guatemala,1,2014
35761,Croatia,Estonia,1,2014
35762,Morocco,Senegal,-1,2014
35763,Russia,Uruguay,-1,2014
35764,Algeria,Niger,1,2014
35765,Burkina Faso,Benin,-1,2014
35766,Czech Republic,Israel,1,2014
35767,Denmark,Brazil,-1,2014
35768,El Salvador,Moldova,1,2014
35769,Finland,Turkey,1,2014
35770,Greece,Slovenia,-1,2014
35771,Guinea,Cameroon,-1,2014
35772,Honduras,New Zealand,-1,2014
35773,Republic of Ireland,Bosnia and Herzegovina,1,2014
35774,Jordan,Sierra Leone,1,2014
35775,Mozambique,Namibia,-1,2014
35776,Netherlands,Bulgaria,-1,2014
35777,Norway,England,-1,2014
35778,Poland,Slovakia,1,2014
35779,Portugal,North Macedonia,-1,2014
35780,Spain,Serbia,1,2014
35781,Switzerland,Germany,1,2014
35782,Tanzania,Malawi,-1,2014
35783,United States,Scotland,1,2014
35784,Albania,Iran,1,2014
35785,Chad,Libya,-1,2014
35786,France,Iceland,1,2014
35787,Jamaica,Panama,-1,2014
35788,Mexico,Wales,1,2014
35789,Oman,Lebanon,-1,2014
35790,Tunisia,Rwanda,1,2014
35791,Iraq,Botswana,-1,2014
35792,Qatar,Palestine,-1,2014
35793,Ukraine,Estonia,1,2014
35794,Angola,North Macedonia,-1,2014
35795,Bulgaria,Turkey,-1,2014
35796,Lithuania,Russia,-1,2014
35797,Azerbaijan,Andorra,-1,2014
35798,Chad,Rwanda,-1,2014
35799,Netherlands,Slovakia,1,2014
35800,Spain,South Korea,1,2014
35801,Sweden,Iceland,1,2014
35802,Switzerland,Romania,-1,2014
35803,United States,Brazil,-1,2014
35804,Armenia,Greece,-1,2014
35805,France,Serbia,1,2014
35806,Germany,Israel,1,2014
35807,Mexico,Bosnia and Herzegovina,1,2014
35808,Austria,Ukraine,1,2014
35809,Czech Republic,Hungary,-1,2014
35810,Egypt,Mozambique,1,2014
35811,Estonia,Finland,-1,2014
35812,Ghana,Lesotho,1,2014
35813,Guatemala,Costa Rica,1,2014
35814,Hong Kong,Singapore,1,2014
35815,Italy,Russia,-1,2014
35816,Kazakhstan,Kyrgyzstan,1,2014
35817,Latvia,Lithuania,1,2014
35818,Malaysia,Philippines,-1,2014
35819,Panama,Jamaica,1,2014
35820,Puerto Rico,Nicaragua,1,2014
35821,Samoa,Tahiti,-1,2014
35822,Vanuatu,New Caledonia,-1,2014
35823,Algeria,Rwanda,1,2014
35824,Argentina,Ecuador,1,2014
35825,Bolivia,Chile,-1,2014
35826,Burkina Faso,Congo,-1,2014
35827,Cameroon,DR Congo,1,2014
35828,Central African Republic,Botswana,1,2014
35829,Denmark,Australia,1,2014
35830,El Salvador,Honduras,-1,2014
35831,England,Belgium,1,2014
35832,Fiji,New Zealand,-1,2014
35833,Gambia,Morocco,-1,2014
35834,Ivory Coast,Tanzania,1,2014
35835,Kenya,Malawi,-1,2014
35836,Luxembourg,Malta,-1,2014
35837,Netherlands,Northern Ireland,1,2014
35838,Norway,Croatia,-1,2014
35839,Poland,Andorra,1,2014
35840,Portugal,Turkey,-1,2014
35841,Senegal,Liberia,1,2014
35842,Sierra Leone,Cape Verde,1,2014
35843,Solomon Islands,Papua New Guinea,1,2014
35844,Sudan,Zambia,-1,2014
35845,Tunisia,Equatorial Guinea,1,2014
35846,Uruguay,Venezuela,-1,2014
35847,Angola,Uganda,-1,2014
35848,Benin,Mali,1,2014
35849,Canada,United States,-1,2014
35850,Estonia,Lithuania,1,2014
35851,Finland,Latvia,-1,2014
35852,Japan,Oman,1,2014
35853,Jordan,Iraq,-1,2014
35854,Lebanon,Qatar,-1,2014
35855,Mexico,Brazil,1,2014
35856,Niger,Gabon,1,2014
35857,Nigeria,Namibia,1,2014
35858,Peru,Colombia,-1,2014
35859,Puerto Rico,Nicaragua,-1,2014
35860,South Africa,Ethiopia,-1,2014
35861,Spain,China PR,1,2014
35862,Tahiti,New Caledonia,1,2014
35863,Togo,Libya,-1,2014
35864,Uzbekistan,Iran,-1,2014
35865,Vanuatu,Samoa,1,2014
35866,Zimbabwe,Guinea,-1,2014
35867,Hungary,Republic of Ireland,-1,2014
35868,Papua New Guinea,New Zealand,-1,2014
35869,Solomon Islands,Fiji,-1,2014
35870,Iraqi Kurdistan,Western Sahara,1,2014
35871,Zanzibar,Raetia,1,2014
35872,Northern Cyprus,Darfur,1,2014
35873,Armenia,Kazakhstan,1,2014
35874,Austria,Romania,-1,2014
35875,France,Estonia,1,2014
35876,New Caledonia,Samoa,1,2014
35877,Philippines,Indonesia,-1,2014
35878,Sweden,Serbia,1,2014
35879,Tahiti,Vanuatu,1,2014
35880,Turkey,Ukraine,1,2014
35881,Western Sahara,Occitania,-1,2014
35882,Raetia,Tamil Eelam,1,2014
35883,Darfur,Provence,-1,2014
35884,Papua New Guinea,Fiji,-1,2014
35885,Solomon Islands,New Zealand,-1,2014
35886,Iraqi Kurdistan,Occitania,1,2014
35887,Tamil Eelam,Zanzibar,-1,2014
35888,Provence,Northern Cyprus,1,2014
35889,Belarus,Lithuania,-1,2014
35890,Western Sahara,Darfur,1,2014
35891,Occitania,Tamil Eelam,1,2014
35892,Bahrain,Kuwait,-1,2014
35893,China PR,Vietnam,1,2014
35894,Costa Rica,El Salvador,-1,2014
35895,Cuba,Canada,-1,2014
35896,Honduras,Panama,-1,2014
35897,Jamaica,Guatemala,1,2014
35898,Japan,Jordan,1,2014
35899,Lebanon,Uzbekistan,-1,2014
35900,Mexico,Guyana,1,2014
35901,New Zealand,New Caledonia,-1,2014
35902,Oman,Australia,-1,2014
35903,Poland,Greece,-1,2014
35904,Qatar,South Korea,-1,2014
35905,Russia,Czech Republic,1,2014
35906,Singapore,Malaysia,-1,2014
35907,Solomon Islands,Tahiti,-1,2014
35908,United States,Antigua and Barbuda,1,2014
35909,Western Sahara,Raetia,1,2014
35910,Iraqi Kurdistan,Provence,1,2014
35911,Zanzibar,Northern Cyprus,-1,2014
35912,Bolivia,Paraguay,1,2014
35913,Botswana,South Africa,-1,2014
35914,Brazil,Argentina,-1,2014
35915,Cape Verde,Tunisia,-1,2014
35916,Congo,Niger,1,2014
35917,Equatorial Guinea,Sierra Leone,-1,2014
35918,French Guiana,Suriname,1,2014
35919,Gabon,Burkina Faso,1,2014
35920,Germany,Portugal,1,2014
35921,Malawi,Nigeria,-1,2014
35922,Morocco,Ivory Coast,-1,2014
35923,Namibia,Kenya,1,2014
35924,Netherlands,Denmark,-1,2014
35925,Uganda,Senegal,-1,2014
35926,Venezuela,Chile,-1,2014
35927,Zambia,Ghana,1,2014
35928,Tamil Eelam,Raetia,1,2014
35929,Occitania,Western Sahara,1,2014
35930,Provence,Zanzibar,-1,2014
35931,Iraqi Kurdistan,Northern Cyprus,1,2014
35932,DR Congo,Togo,1,2014
35933,Ecuador,Colombia,1,2014
35934,Ethiopia,Central African Republic,1,2014
35935,Guinea,Egypt,-1,2014
35936,Hong Kong,Vietnam,-1,2014
35937,Republic of Ireland,Croatia,-1,2014
35938,Lesotho,Sudan,-1,2014
35939,Liberia,Angola,-1,2014
35940,Libya,Cameroon,1,2014
35941,Mali,Algeria,1,2014
35942,Mozambique,Zimbabwe,-1,2014
35943,Rwanda,Benin,-1,2014
35944,Solomon Islands,New Zealand,-1,2014
35945,Spain,Italy,-1,2014
35946,Tahiti,New Caledonia,1,2014
35947,Tanzania,Gambia,1,2014
35948,Uruguay,Peru,1,2014
35949,Monaco,Raetia,-1,2014
35950,France,England,-1,2014
35951,Ukraine,Sweden,1,2014
35952,Antigua and Barbuda,Jamaica,-1,2014
35953,Australia,Japan,-1,2014
35954,Bahrain,Kuwait,-1,2014
35955,Canada,Honduras,-1,2014
35956,El Salvador,Mexico,-1,2014
35957,Greece,Czech Republic,-1,2014
35958,Guatemala,United States,-1,2014
35959,Guyana,Costa Rica,-1,2014
35960,Iran,Qatar,-1,2014
35961,Iraq,Oman,-1,2014
35962,South Korea,Lebanon,1,2014
35963,Malaysia,Singapore,1,2014
35964,Panama,Cuba,1,2014
35965,Philippines,Guam,1,2014
35966,Poland,Russia,-1,2014
35967,Denmark,Portugal,-1,2014
35968,Netherlands,Germany,-1,2014
35969,Italy,Croatia,-1,2014
35970,Spain,Republic of Ireland,1,2014
35971,South Africa,Gabon,1,2014
35972,Sweden,England,-1,2014
35973,Ukraine,France,-1,2014
35974,Algeria,Gambia,1,2014
35975,Egypt,Central African Republic,-1,2014
35976,Greece,Russia,1,2014
35977,Poland,Czech Republic,-1,2014
35978,Nigeria,Rwanda,1,2014
35979,Uganda,Congo,1,2014
35980,Sierra Leone,São Tomé and Príncipe,1,2014
35981,Cameroon,Guinea-Bissau,1,2014
35982,Malawi,Chad,1,2014
35983,Cape Verde,Madagascar,1,2014
35984,Namibia,Liberia,-1,2014
35985,Denmark,Germany,-1,2014
35986,Portugal,Netherlands,1,2014
35987,Benin,Ethiopia,-1,2014
35988,Zimbabwe,Burundi,1,2014
35989,Togo,Kenya,1,2014
35990,DR Congo,Seychelles,1,2014
35991,Mozambique,Tanzania,-1,2014
35992,Croatia,Spain,-1,2014
35993,Italy,Republic of Ireland,1,2014
35994,Saudi Arabia,Morocco,1,2014
35995,Yemen,Palestine,-1,2014
35996,Sweden,France,1,2014
35997,Ukraine,England,-1,2014
35998,Czech Republic,Portugal,-1,2014
35999,Germany,Greece,1,2014
36000,Saudi Arabia,Kuwait,1,2014
36001,Libya,Yemen,1,2014
36002,Spain,France,1,2014
36003,England,Italy,-1,2014
36004,Iraq,Lebanon,1,2014
36005,Kuwait,Palestine,1,2014
36006,Bahrain,Yemen,-1,2014
36007,Lebanon,Sudan,-1,2014
36008,Portugal,Spain,-1,2014
36009,Germany,Italy,-1,2014
36010,Saudi Arabia,Palestine,-1,2014
36011,Libya,Bahrain,1,2014
36012,Sudan,Iraq,-1,2014
36013,Central African Republic,Egypt,-1,2014
36014,Spain,Italy,1,2014
36015,Saudi Arabia,Libya,-1,2014
36016,Saudi Arabia,Iraq,-1,2014
36017,Malawi,Zambia,1,2014
36018,British Virgin Islands,Anguilla,1,2014
36019,South Sudan,Uganda,-1,2014
36020,Kenya,Botswana,1,2014
36021,Aruba,Curaçao,1,2014
36022,Suriname,Bonaire,1,2014
36023,Aruba,Suriname,1,2014
36024,Bonaire,Curaçao,-1,2014
36025,Botswana,Zimbabwe,1,2014
36026,Zimbabwe,Lesotho,1,2014
36027,Botswana,Lesotho,-1,2014
36028,Guam,Northern Mariana Islands,1,2014
36029,Northern Mariana Islands,Macau,-1,2014
36030,Guam,Macau,1,2014
36031,Zambia,Zimbabwe,1,2014
36032,El Salvador,Guatemala,1,2014
36033,Jordan,Uzbekistan,-1,2014
36034,Burkina Faso,Togo,1,2014
36035,Liechtenstein,Andorra,1,2014
36036,San Marino,Malta,-1,2014
36037,Albania,Moldova,-1,2014
36038,Angola,Mozambique,1,2014
36039,Armenia,Belarus,-1,2014
36040,Austria,Turkey,1,2014
36041,Azerbaijan,Bahrain,1,2014
36042,Belgium,Netherlands,1,2014
36043,Bolivia,Guyana,1,2014
36044,Botswana,Tanzania,-1,2014
36045,Bulgaria,Cyprus,1,2014
36046,Canada,Trinidad and Tobago,1,2014
36047,China PR,Ghana,-1,2014
36048,Costa Rica,Peru,-1,2014
36049,Croatia,Switzerland,-1,2014
36050,Denmark,Slovakia,-1,2014
36051,Ecuador,Chile,1,2014
36052,El Salvador,Jamaica,-1,2014
36053,England,Italy,1,2014
36054,Equatorial Guinea,Liberia,1,2014
36055,Estonia,Poland,1,2014
36056,France,Uruguay,-1,2014
36057,Germany,Argentina,-1,2014
36058,Guatemala,Paraguay,-1,2014
36059,Hungary,Israel,-1,2014
36060,Iceland,Faroe Islands,1,2014
36061,Iran,Tunisia,-1,2014
36062,Japan,Venezuela,-1,2014
36063,Jordan,Uzbekistan,1,2014
36064,South Korea,Zambia,1,2014
36065,Luxembourg,Georgia,-1,2014
36066,North Macedonia,Lithuania,1,2014
36067,Mexico,United States,-1,2014
36068,Montenegro,Latvia,1,2014
36069,Morocco,Guinea,-1,2014
36070,Niger,Nigeria,-1,2014
36071,Northern Ireland,Finland,-1,2014
36072,Norway,Greece,-1,2014
36073,Oman,Egypt,-1,2014
36074,Portugal,Panama,1,2014
36075,Puerto Rico,Spain,-1,2014
36076,Russia,Ivory Coast,-1,2014
36077,Scotland,Australia,1,2014
36078,Serbia,Republic of Ireland,-1,2014
36079,Singapore,Hong Kong,1,2014
36080,Slovenia,Romania,1,2014
36081,Sweden,Brazil,-1,2014
36082,Ukraine,Czech Republic,-1,2014
36083,Wales,Bosnia and Herzegovina,-1,2014
36084,India,Syria,1,2014
36085,Maldives,Nepal,1,2014
36086,Syria,Cameroon,-1,2014
36087,India,Maldives,1,2014
36088,Alderney,Sealand,-1,2014
36089,Botswana,Uganda,-1,2014
36090,Libya,Sudan,1,2014
36091,Nepal,Cameroon,-1,2014
36092,Maldives,Syria,1,2014
36093,India,Nepal,-1,2014
36094,Cameroon,Maldives,1,2014
36095,Syria,Nepal,1,2014
36096,India,Cameroon,-1,2014
36097,India,Cameroon,-1,2014
36098,Liberia,Malawi,1,2014
36099,Cambodia,Philippines,-1,2014
36100,Jordan,Iran,-1,2014
36101,Martinique,British Virgin Islands,1,2014
36102,Montserrat,Suriname,-1,2014
36103,Japan,United Arab Emirates,1,2014
36104,Lebanon,Australia,-1,2014
36105,Qatar,Tajikistan,-1,2014
36106,Sweden,China PR,1,2014
36107,Albania,Cyprus,1,2014
36108,Andorra,Hungary,-1,2014
36109,Argentina,Paraguay,1,2014
36110,Azerbaijan,Israel,-1,2014
36111,Bermuda,Puerto Rico,-1,2014
36112,Brazil,South Africa,1,2014
36113,British Virgin Islands,Suriname,-1,2014
36114,Bulgaria,Italy,-1,2014
36115,Canada,Panama,1,2014
36116,Colombia,Uruguay,1,2014
36117,Costa Rica,Mexico,-1,2014
36118,Croatia,North Macedonia,1,2014
36119,Cuba,Honduras,-1,2014
36120,Ecuador,Bolivia,1,2014
36121,El Salvador,Guyana,-1,2014
36122,Estonia,Romania,-1,2014
36123,Finland,France,-1,2014
36124,Georgia,Belarus,1,2014
36125,Germany,Faroe Islands,1,2014
36126,Guatemala,Antigua and Barbuda,1,2014
36127,Haiti,Saint Martin,1,2014
36128,Iceland,Norway,1,2014
36129,Jamaica,United States,1,2014
36130,Kazakhstan,Republic of Ireland,-1,2014
36131,Latvia,Greece,-1,2014
36132,Liechtenstein,Bosnia and Herzegovina,-1,2014
36133,Lithuania,Slovakia,-1,2014
36134,Luxembourg,Portugal,-1,2014
36135,Malta,Armenia,-1,2014
36136,Martinique,Montserrat,1,2014
36137,Moldova,England,-1,2014
36138,Montenegro,Poland,-1,2014
36139,Netherlands,Turkey,1,2014
36140,New Caledonia,New Zealand,-1,2014
36141,Peru,Venezuela,1,2014
36142,Russia,Northern Ireland,1,2014
36143,Singapore,Philippines,-1,2014
36144,Slovenia,Switzerland,-1,2014
36145,Solomon Islands,Tahiti,1,2014
36146,Spain,Saudi Arabia,1,2014
36147,Uzbekistan,Kuwait,1,2014
36148,Wales,Belgium,-1,2014
36149,Denmark,Czech Republic,-1,2014
36150,Scotland,Serbia,-1,2014
36151,Mali,Botswana,1,2014
36152,Ghana,Malawi,1,2014
36153,Liberia,Nigeria,-1,2014
36154,Zambia,Uganda,1,2014
36155,Cape Verde,Cameroon,1,2014
36156,Sierra Leone,Tunisia,-1,2014
36157,Sudan,Ethiopia,1,2014
36158,Ivory Coast,Senegal,1,2014
36159,Gabon,Togo,-1,2014
36160,Central African Republic,Burkina Faso,1,2014
36161,Saint Barthélemy,Guadeloupe,-1,2014
36162,British Virgin Islands,Montserrat,-1,2014
36163,Haiti,Bermuda,1,2014
36164,Martinique,Suriname,-1,2014
36165,Puerto Rico,Saint Martin,1,2014
36166,Zimbabwe,Angola,1,2014
36167,Mozambique,Morocco,1,2014
36168,Guinea,Niger,1,2014
36169,Libya,Algeria,-1,2014
36170,DR Congo,Equatorial Guinea,1,2014
36171,Brazil,China PR,1,2014
36172,Indonesia,North Korea,-1,2014
36173,Laos,Philippines,1,2014
36174,Antigua and Barbuda,Guatemala,-1,2014
36175,Austria,Germany,-1,2014
36176,Belgium,Croatia,-1,2014
36177,Bosnia and Herzegovina,Latvia,1,2014
36178,Bulgaria,Armenia,1,2014
36179,Myanmar,Singapore,-1,2014
36180,Chile,Colombia,-1,2014
36181,Cyprus,Iceland,1,2014
36182,Czech Republic,Finland,-1,2014
36183,England,Ukraine,-1,2014
36184,France,Belarus,1,2014
36185,Gabon,Saudi Arabia,1,2014
36186,Georgia,Spain,-1,2014
36187,Greece,Lithuania,1,2014
36188,Guyana,El Salvador,-1,2014
36189,Haiti,Puerto Rico,1,2014
36190,Honduras,Cuba,1,2014
36191,Hungary,Netherlands,-1,2014
36192,Republic of Ireland,Oman,1,2014
36193,Israel,Russia,-1,2014
36194,Italy,Malta,1,2014
36195,Japan,Iraq,1,2014
36196,Jordan,Australia,1,2014
36197,Lebanon,Iran,1,2014
36198,Liberia,Ghana,1,2014
36199,Malaysia,Vietnam,-1,2014
36200,Mexico,Costa Rica,1,2014
36201,New Zealand,Solomon Islands,1,2014
36202,Northern Ireland,Luxembourg,-1,2014
36203,Norway,Slovenia,1,2014
36204,Panama,Canada,1,2014
36205,Paraguay,Venezuela,-1,2014
36206,Peru,Argentina,-1,2014
36207,Poland,Moldova,1,2014
36208,Portugal,Azerbaijan,1,2014
36209,Romania,Andorra,1,2014
36210,San Marino,Montenegro,-1,2014
36211,Scotland,North Macedonia,-1,2014
36212,Serbia,Wales,1,2014
36213,Slovakia,Liechtenstein,1,2014
36214,South Africa,Mozambique,1,2014
36215,Saint Martin,Bermuda,-1,2014
36216,Sweden,Kazakhstan,1,2014
36217,Switzerland,Albania,1,2014
36218,Tahiti,New Caledonia,-1,2014
36219,Turkey,Estonia,1,2014
36220,United Arab Emirates,Kuwait,1,2014
36221,Uruguay,Ecuador,-1,2014
36222,United States,Jamaica,1,2014
36223,Uzbekistan,South Korea,-1,2014
36224,Thailand,Laos,1,2014
36225,French Guiana,Haiti,-1,2014
36226,Brazil,Argentina,1,2014
36227,Nepal,Bangladesh,-1,2014
36228,Guadeloupe,Saint Pierre and Miquelon,1,2014
36229,Réunion,French Guiana,1,2014
36230,Tahiti,Mayotte,-1,2014
36231,Martinique,New Caledonia,1,2014
36232,Aruba,Dominican Republic,-1,2014
36233,Barbados,Dominica,1,2014
36234,Réunion,Saint Pierre and Miquelon,1,2014
36235,Guadeloupe,French Guiana,1,2014
36236,New Caledonia,Mayotte,-1,2014
36237,Martinique,Tahiti,-1,2014
36238,Barbados,Dominican Republic,-1,2014
36239,Dominica,Aruba,1,2014
36240,Philippines,Guam,1,2014
36241,Abkhazia,Artsakh,-1,2014
36242,Réunion,Guadeloupe,1,2014
36243,French Guiana,Saint Pierre and Miquelon,1,2014
36244,New Caledonia,Tahiti,-1,2014
36245,Martinique,Mayotte,1,2014
36246,Barbados,Aruba,1,2014
36247,Dominican Republic,Dominica,1,2014
36248,Philippines,Macau,1,2014
36249,Oman,Yemen,1,2014
36250,Saint Pierre and Miquelon,New Caledonia,-1,2014
36251,French Guiana,Tahiti,1,2014
36252,Macau,Guam,-1,2014
36253,Philippines,Taiwan,1,2014
36254,Guadeloupe,Mayotte,1,2014
36255,Réunion,Martinique,-1,2014
36256,Myanmar,Brunei,1,2014
36257,Cambodia,Timor-Leste,-1,2014
36258,Myanmar,Timor-Leste,1,2014
36259,Laos,Cambodia,1,2014
36260,Cambodia,Brunei,-1,2014
36261,Timor-Leste,Laos,1,2014
36262,French Guiana,Trinidad and Tobago,-1,2014
36263,Brazil,Iraq,1,2014
36264,Brunei,Laos,-1,2014
36265,Myanmar,Cambodia,1,2014
36266,Kuwait,Syria,-1,2014
36267,Albania,Iceland,-1,2014
36268,Antigua and Barbuda,United States,-1,2014
36269,Argentina,Uruguay,1,2014
36270,Armenia,Italy,-1,2014
36271,Bahrain,Philippines,-1,2014
36272,Belarus,Spain,-1,2014
36273,Bolivia,Peru,-1,2014
36274,Bulgaria,Denmark,-1,2014
36275,Canada,Cuba,1,2014
36276,Colombia,Paraguay,1,2014
36277,Czech Republic,Malta,1,2014
36278,Ecuador,Chile,1,2014
36279,Egypt,Congo,1,2014
36280,El Salvador,Costa Rica,-1,2014
36281,England,San Marino,1,2014
36282,Estonia,Hungary,-1,2014
36283,Faroe Islands,Sweden,-1,2014
36284,Finland,Georgia,-1,2014
36285,France,Japan,-1,2014
36286,French Guiana,Anguilla,1,2014
36287,Greece,Bosnia and Herzegovina,-1,2014
36288,Guatemala,Jamaica,1,2014
36289,Guyana,Mexico,-1,2014
36290,Republic of Ireland,Germany,-1,2014
36291,Kazakhstan,Austria,-1,2014
36292,Lesotho,Eswatini,1,2014
36293,Liechtenstein,Lithuania,-1,2014
36294,Luxembourg,Israel,-1,2014
36295,North Macedonia,Croatia,-1,2014
36296,Moldova,Ukraine,-1,2014
36297,Netherlands,Andorra,1,2014
36298,Panama,Honduras,-1,2014
36299,Poland,South Africa,1,2014
36300,Russia,Portugal,1,2014
36301,Serbia,Belgium,-1,2014
36302,Slovakia,Latvia,1,2014
36303,Slovenia,Cyprus,1,2014
36304,Solomon Islands,New Caledonia,-1,2014
36305,Switzerland,Norway,-1,2014
36306,Tahiti,New Zealand,-1,2014
36307,Turkey,Romania,-1,2014
36308,United Arab Emirates,Uzbekistan,-1,2014
36309,Wales,Scotland,1,2014
36310,Brunei,Timor-Leste,1,2014
36311,Myanmar,Laos,-1,2014
36312,Namibia,Rwanda,-1,2014
36313,Botswana,Mali,-1,2014
36314,Malawi,Ghana,-1,2014
36315,Nigeria,Liberia,1,2014
36316,Uganda,Zambia,1,2014
36317,Morocco,Mozambique,1,2014
36318,Tunisia,Sierra Leone,-1,2014
36319,Senegal,Ivory Coast,-1,2014
36320,Lesotho,Eswatini,-1,2014
36321,Saudi Arabia,Congo,1,2014
36322,Saint Kitts and Nevis,French Guiana,-1,2014
36323,Trinidad and Tobago,Anguilla,1,2014
36324,Angola,Zimbabwe,1,2014
36325,Cameroon,Cape Verde,1,2014
36326,Niger,Guinea,1,2014
36327,Ethiopia,Sudan,1,2014
36328,Algeria,Libya,1,2014
36329,Equatorial Guinea,DR Congo,1,2014
36330,Togo,Gabon,1,2014
36331,Burkina Faso,Central African Republic,1,2014
36332,Albania,Slovenia,1,2014
36333,Andorra,Estonia,-1,2014
36334,Austria,Kazakhstan,1,2014
36335,Belarus,Georgia,1,2014
36336,Belgium,Scotland,1,2014
36337,Bolivia,Uruguay,1,2014
36338,Bosnia and Herzegovina,Lithuania,1,2014
36339,Chile,Argentina,-1,2014
36340,Colombia,Cameroon,1,2014
36341,Costa Rica,Guyana,1,2014
36342,Croatia,Wales,1,2014
36343,Cuba,Panama,-1,2014
36344,Cyprus,Norway,-1,2014
36345,Czech Republic,Bulgaria,-1,2014
36346,Egypt,Tunisia,-1,2014
36347,Faroe Islands,Republic of Ireland,-1,2014
36348,Germany,Sweden,-1,2014
36349,Honduras,Canada,1,2014
36350,Hong Kong,Malaysia,-1,2014
36351,Hungary,Turkey,1,2014
36352,Iceland,Switzerland,-1,2014
36353,Iran,South Korea,1,2014
36354,Iraq,Australia,-1,2014
36355,Israel,Luxembourg,1,2014
36356,Italy,Denmark,1,2014
36357,Jamaica,Antigua and Barbuda,1,2014
36358,Japan,Brazil,-1,2014
36359,Kenya,South Africa,-1,2014
36360,Kuwait,Philippines,1,2014
36361,Latvia,Liechtenstein,1,2014
36362,Lebanon,Yemen,1,2014
36363,North Macedonia,Serbia,1,2014
36364,Mexico,El Salvador,1,2014
36365,New Caledonia,Solomon Islands,1,2014
36366,New Zealand,Tahiti,1,2014
36367,Oman,Jordan,1,2014
36368,Paraguay,Peru,1,2014
36369,Portugal,Northern Ireland,-1,2014
36370,Qatar,Uzbekistan,-1,2014
36371,Romania,Netherlands,-1,2014
36372,Russia,Azerbaijan,1,2014
36373,San Marino,Moldova,-1,2014
36374,Singapore,India,1,2014
36375,Slovakia,Greece,-1,2014
36376,Spain,France,-1,2014
36377,Ukraine,Montenegro,-1,2014
36378,United Arab Emirates,Bahrain,1,2014
36379,United States,Guatemala,1,2014
36380,Venezuela,Ecuador,-1,2014
36381,Vietnam,Indonesia,-1,2014
36382,Poland,England,-1,2014
36383,Saint Lucia,Curaçao,1,2014
36384,Artsakh,Abkhazia,1,2014
36385,Curaçao,Guyana,-1,2014
36386,Guadeloupe,Dominican Republic,-1,2014
36387,Martinique,Puerto Rico,1,2014
36388,Vietnam,Turkmenistan,-1,2014
36389,Dominican Republic,Martinique,-1,2014
36390,Guadeloupe,Puerto Rico,1,2014
36391,Saint Vincent and the Grenadines,Curaçao,1,2014
36392,Vietnam,Laos,1,2014
36393,Guadeloupe,Martinique,-1,2014
36394,Puerto Rico,Dominican Republic,-1,2014
36395,Laos,Turkmenistan,-1,2014
36396,Vietnam,Malaysia,1,2014
36397,Iran,Tajikistan,1,2014
36398,Thailand,Malaysia,1,2014
36399,Bahrain,Jordan,1,2014
36400,Oman,Estonia,-1,2014
36401,Eswatini,Lesotho,-1,2014
36402,Albania,Cameroon,-1,2014
36403,Algeria,Bosnia and Herzegovina,-1,2014
36404,Andorra,Iceland,-1,2014
36405,Angola,Congo,-1,2014
36406,Armenia,Lithuania,1,2014
36407,Austria,Ivory Coast,-1,2014
36408,Bolivia,Costa Rica,-1,2014
36409,Brazil,Colombia,-1,2014
36410,Bulgaria,Ukraine,-1,2014
36411,Cape Verde,Ghana,-1,2014
36412,China PR,New Zealand,-1,2014
36413,DR Congo,Burkina Faso,-1,2014
36414,Cuba,Suriname,1,2014
36415,Cyprus,Finland,-1,2014
36416,Czech Republic,Slovakia,1,2014
36417,Gabon,Portugal,-1,2014
36418,Georgia,Egypt,-1,2014
36419,Grenada,French Guiana,-1,2014
36420,Haiti,Guyana,1,2014
36421,Honduras,Peru,-1,2014
36422,Hungary,Norway,-1,2014
36423,Indonesia,Timor-Leste,1,2014
36424,Iran,Uzbekistan,-1,2014
36425,Iraq,Jordan,1,2014
36426,Republic of Ireland,Greece,-1,2014
36427,Israel,Belarus,-1,2014
36428,Italy,France,-1,2014
36429,South Korea,Australia,-1,2014
36430,Kuwait,Bahrain,-1,2014
36431,Liechtenstein,Malta,-1,2014
36432,Luxembourg,Scotland,-1,2014
36433,North Macedonia,Slovenia,1,2014
36434,Malaysia,Hong Kong,-1,2014
36435,Montenegro,San Marino,1,2014
36436,Morocco,Togo,-1,2014
36437,Netherlands,Germany,-1,2014
36438,Niger,Senegal,-1,2014
36439,Northern Ireland,Azerbaijan,-1,2014
36440,Oman,Japan,-1,2014
36441,Panama,Spain,-1,2014
36442,Paraguay,Guatemala,1,2014
36443,Poland,Uruguay,-1,2014
36444,Qatar,Lebanon,1,2014
36445,Romania,Belgium,1,2014
36446,Russia,United States,-1,2014
36447,Rwanda,Namibia,-1,2014
36448,Saudi Arabia,Argentina,-1,2014
36449,Serbia,Chile,1,2014
36450,South Africa,Zambia,-1,2014
36451,Sweden,England,1,2014
36452,Tanzania,Kenya,1,2014
36453,Thailand,Bhutan,1,2014
36454,Tunisia,Switzerland,-1,2014
36455,Turkey,Denmark,-1,2014
36456,United Arab Emirates,Estonia,1,2014
36457,Venezuela,Nigeria,-1,2014
36458,Philippines,Singapore,1,2014
36459,French Guiana,Haiti,1,2014
36460,Trinidad and Tobago,Suriname,1,2014
36461,Indonesia,Cameroon,-1,2014
36462,Palestine,Syria,-1,2014
36463,Thailand,Bangladesh,1,2014
36464,Guyana,French Guiana,1,2014
36465,Singapore,Pakistan,1,2014
36466,Malaysia,Bangladesh,-1,2014
36467,Palestine,Syria,1,2014
36468,Argentina,Brazil,1,2014
36469,Ethiopia,South Sudan,1,2014
36470,Guam,Northern Mariana Islands,1,2014
36471,Thailand,Philippines,1,2014
36472,Uganda,Kenya,1,2014
36473,Vietnam,Myanmar,-1,2014
36474,Burundi,Somalia,1,2014
36475,Indonesia,Laos,-1,2014
36476,Malaysia,Singapore,-1,2014
36477,Tanzania,Sudan,1,2014
36478,Rwanda,Malawi,1,2014
36479,Zanzibar,Eritrea,-1,2014
36480,South Sudan,Kenya,-1,2014
36481,Thailand,Myanmar,1,2014
36482,Uganda,Ethiopia,1,2014
36483,Vietnam,Philippines,-1,2014
36484,Indonesia,Singapore,1,2014
36485,Malaysia,Laos,1,2014
36486,Somalia,Sudan,-1,2014
36487,Tanzania,Burundi,-1,2014
36488,Malawi,Eritrea,1,2014
36489,Palestine,Bahrain,-1,2014
36490,Rwanda,Zanzibar,-1,2014
36491,Kenya,Ethiopia,1,2014
36492,Philippines,Myanmar,1,2014
36493,Thailand,Vietnam,1,2014
36494,Uganda,South Sudan,1,2014
36495,Eritrea,Rwanda,-1,2014
36496,Hong Kong,Guam,1,2014
36497,Malawi,Zanzibar,1,2014
36498,Malaysia,Indonesia,1,2014
36499,Singapore,Laos,1,2014
36500,Somalia,Tanzania,-1,2014
36501,Sudan,Burundi,-1,2014
36502,Burundi,Zanzibar,-1,2014
36503,Hong Kong,Australia,-1,2014
36504,North Korea,Guam,1,2014
36505,Rwanda,Tanzania,-1,2014
36506,Kenya,Malawi,1,2014
36507,Uganda,Ethiopia,1,2014
36508,North Korea,Australia,-1,2014
36509,Uganda,Tanzania,1,2014
36510,Zanzibar,Kenya,-1,2014
36511,Antigua and Barbuda,Dominican Republic,-1,2014
36512,Guam,Australia,-1,2014
36513,Haiti,Trinidad and Tobago,-1,2014
36514,Hong Kong,Taiwan,1,2014
36515,Jamaica,French Guiana,-1,2014
36516,Kuwait,Palestine,1,2014
36517,Martinique,Cuba,1,2014
36518,Oman,Lebanon,-1,2014
36519,Philippines,Singapore,-1,2014
36520,Tanzania,Zanzibar,-1,2014
36521,Uganda,Kenya,1,2014
36522,Antigua and Barbuda,Trinidad and Tobago,1,2014
36523,Australia,Taiwan,1,2014
36524,Bahrain,Yemen,1,2014
36525,Dominican Republic,Haiti,-1,2014
36526,Hong Kong,North Korea,-1,2014
36527,Iran,Saudi Arabia,-1,2014
36528,Malaysia,Thailand,-1,2014
36529,Cuba,French Guiana,1,2014
36530,Iraq,Jordan,1,2014
36531,Jamaica,Martinique,-1,2014
36532,Antigua and Barbuda,Haiti,-1,2014
36533,Kuwait,Oman,-1,2014
36534,Lebanon,Palestine,-1,2014
36535,Trinidad and Tobago,Dominican Republic,1,2014
36536,French Guiana,Martinique,-1,2014
36537,Iran,Bahrain,-1,2014
36538,Jamaica,Cuba,-1,2014
36539,Singapore,Philippines,1,2014
36540,Yemen,Saudi Arabia,-1,2014
36541,Iraq,Syria,-1,2014
36542,Thailand,Malaysia,1,2014
36543,Haiti,Cuba,-1,2014
36544,Kuwait,Lebanon,1,2014
36545,North Macedonia,Poland,-1,2014
36546,Martinique,Trinidad and Tobago,-1,2014
36547,Oman,Palestine,1,2014
36548,Angola,Gambia,-1,2014
36549,Bahrain,Saudi Arabia,1,2014
36550,Iran,Yemen,1,2014
36551,Cuba,Trinidad and Tobago,1,2014
36552,Haiti,Martinique,1,2014
36553,Syria,Jordan,1,2014
36554,Bahrain,Syria,-1,2014
36555,Oman,Iraq,-1,2014
36556,Oman,Benin,1,2014
36557,Singapore,Thailand,1,2014
36558,Iraq,Syria,-1,2014
36559,Oman,Bahrain,1,2014
36560,Angola,Rwanda,1,2014
36561,South Africa,Malawi,1,2014
36562,Tanzania,Zambia,1,2014
36563,Thailand,Singapore,1,2014
36564,United Arab Emirates,Yemen,1,2014
36565,Bahrain,Burkina Faso,-1,2014
36566,Qatar,Egypt,-1,2014
36567,Bahrain,Guinea,1,2014
36568,Oman,Togo,-1,2014
36569,United Arab Emirates,Yemen,1,2014
36570,Basque Country,Bolivia,1,2014
36571,Ethiopia,Niger,1,2014
36572,Iraq,Tunisia,-1,2014
36573,Catalonia,Nigeria,-1,2014
36574,Bahrain,Oman,-1,2014
36575,Niger,Togo,1,2014
36576,Qatar,United Arab Emirates,-1,2014
36577,Zambia,Angola,-1,2014
36578,Kuwait,Yemen,1,2014
36579,Saudi Arabia,Iraq,-1,2014
36580,Tunisia,Ethiopia,-1,2014
36581,Bahrain,United Arab Emirates,-1,2014
36582,Qatar,Oman,1,2014
36583,South Africa,Norway,-1,2014
36584,Zambia,Morocco,-1,2014
36585,Cape Verde,Nigeria,-1,2014
36586,Iraq,Kuwait,1,2014
36587,Yemen,Saudi Arabia,-1,2014
36588,Gabon,Tunisia,-1,2014
36589,Ghana,Egypt,1,2014
36590,Panama,Guatemala,1,2014
36591,Bahrain,Qatar,1,2014
36592,Ethiopia,Tanzania,1,2014
36593,United Arab Emirates,Oman,1,2014
36594,Iraq,Yemen,1,2014
36595,Kuwait,Saudi Arabia,1,2014
36596,Namibia,Morocco,-1,2014
36597,South Africa,Algeria,-1,2014
36598,Zambia,Norway,-1,2014
36599,Angola,Botswana,1,2014
36600,Ghana,Tunisia,1,2014
36601,Panama,Guatemala,1,2014
36602,Togo,Niger,1,2014
36603,Ivory Coast,Egypt,1,2014
36604,Bahrain,Iraq,-1,2014
36605,Lebanon,Gabon,-1,2014
36606,United Arab Emirates,Kuwait,1,2014
36607,Eswatini,Burkina Faso,-1,2014
36608,Bahrain,Kuwait,-1,2014
36609,Costa Rica,Belize,1,2014
36610,Guatemala,Nicaragua,-1,2014
36611,Honduras,El Salvador,-1,2014
36612,United Arab Emirates,Iraq,1,2014
36613,Angola,Morocco,-1,2014
36614,Chile,Haiti,1,2014
36615,South Africa,Cape Verde,-1,2014
36616,Belize,Guatemala,-1,2014
36617,Costa Rica,Nicaragua,1,2014
36618,El Salvador,Panama,-1,2014
36619,Ghana,DR Congo,-1,2014
36620,Mali,Niger,1,2014
36621,Nigeria,Burkina Faso,-1,2014
36622,Zambia,Ethiopia,-1,2014
36623,Costa Rica,Guatemala,-1,2014
36624,Ivory Coast,Togo,1,2014
36625,Nicaragua,Belize,-1,2014
36626,Panama,Honduras,-1,2014
36627,Tunisia,Algeria,1,2014
36628,Morocco,Cape Verde,-1,2014
36629,South Africa,Angola,1,2014
36630,Sweden,North Korea,-1,2014
36631,Thailand,Finland,-1,2014
36632,Ghana,Mali,1,2014
36633,Niger,DR Congo,-1,2014
36634,Burkina Faso,Ethiopia,1,2014
36635,Costa Rica,El Salvador,1,2014
36636,Guatemala,Panama,-1,2014
36637,Honduras,Belize,1,2014
36638,Zambia,Nigeria,-1,2014
36639,Algeria,Togo,-1,2014
36640,Ivory Coast,Tunisia,1,2014
36641,Sweden,Finland,1,2014
36642,Thailand,North Korea,-1,2014
36643,Cape Verde,Angola,1,2014
36644,Costa Rica,Honduras,1,2014
36645,El Salvador,Belize,1,2014
36646,South Africa,Morocco,-1,2014
36647,DR Congo,Mali,-1,2014
36648,Niger,Ghana,-1,2014
36649,Burkina Faso,Zambia,-1,2014
36650,Ethiopia,Nigeria,-1,2014
36651,United States,Canada,-1,2014
36652,Algeria,Ivory Coast,-1,2014
36653,Oman,China PR,1,2014
36654,Togo,Tunisia,-1,2014
36655,Jordan,Indonesia,1,2014
36656,Qatar,Lebanon,1,2014
36657,Uzbekistan,Azerbaijan,-1,2014
36658,Ghana,Cape Verde,1,2014
36659,South Africa,Mali,-1,2014
36660,Burkina Faso,Togo,1,2014
36661,Ivory Coast,Nigeria,-1,2014
36662,Armenia,Luxembourg,-1,2014
36663,Albania,Georgia,-1,2014
36664,Azerbaijan,Liechtenstein,1,2014
36665,Belgium,Slovakia,1,2014
36666,Burkina Faso,Ghana,-1,2014
36667,Myanmar,Philippines,-1,2014
36668,Chile,Egypt,1,2014
36669,Croatia,South Korea,1,2014
36670,Cyprus,Serbia,-1,2014
36671,England,Brazil,1,2014
36672,France,Germany,-1,2014
36673,Greece,Switzerland,-1,2014
36674,Honduras,United States,1,2014
36675,Hungary,Belarus,-1,2014
36676,Iceland,Russia,-1,2014
36677,India,Palestine,-1,2014
36678,Iran,Lebanon,1,2014
36679,Iraq,Indonesia,1,2014
36680,Republic of Ireland,Poland,1,2014
36681,Israel,Finland,1,2014
36682,Japan,Latvia,1,2014
36683,Jordan,Singapore,1,2014
36684,Kenya,Libya,1,2014
36685,North Korea,Laos,1,2014
36686,North Macedonia,Denmark,1,2014
36687,Mali,Nigeria,-1,2014
36688,Malta,Northern Ireland,-1,2014
36689,Mexico,Jamaica,-1,2014
36690,Moldova,Kazakhstan,-1,2014
36691,Nepal,Pakistan,-1,2014
36692,Netherlands,Italy,-1,2014
36693,Norway,Ukraine,-1,2014
36694,Oman,Syria,1,2014
36695,Panama,Costa Rica,-1,2014
36696,Portugal,Ecuador,-1,2014
36697,Qatar,Malaysia,1,2014
36698,Romania,Australia,1,2014
36699,Rwanda,Uganda,-1,2014
36700,Saudi Arabia,China PR,1,2014
36701,Scotland,Estonia,1,2014
36702,Slovenia,Bosnia and Herzegovina,-1,2014
36703,Spain,Uruguay,1,2014
36704,Sweden,Argentina,-1,2014
36705,Tanzania,Cameroon,1,2014
36706,Thailand,Kuwait,-1,2014
36707,Turkey,Czech Republic,-1,2014
36708,Uzbekistan,Hong Kong,-1,2014
36709,Vietnam,United Arab Emirates,-1,2014
36710,Wales,Austria,1,2014
36711,Yemen,Bahrain,-1,2014
36712,Zimbabwe,Botswana,1,2014
36713,Trinidad and Tobago,Peru,-1,2014
36714,Mali,Ghana,1,2014
36715,Nepal,Pakistan,-1,2014
36716,Nigeria,Burkina Faso,1,2014
36717,Maldives,Pakistan,-1,2014
36718,Provence,Monaco,1,2014
36719,Maldives,Pakistan,1,2014
36720,Gambia,Mauritania,-1,2014
36721,Afghanistan,Sri Lanka,1,2014
36722,Myanmar,Guam,1,2014
36723,Gambia,Mauritania,-1,2014
36724,India,Taiwan,1,2014
36725,Laos,Mongolia,-1,2014
36726,Nepal,Northern Mariana Islands,1,2014
36727,Palestine,Bangladesh,1,2014
36728,Guam,India,-1,2014
36729,Laos,Sri Lanka,1,2014
36730,Mongolia,Afghanistan,-1,2014
36731,Nepal,Bangladesh,-1,2014
36732,Northern Mariana Islands,Palestine,-1,2014
36733,Bangladesh,Northern Mariana Islands,1,2014
36734,Myanmar,India,1,2014
36735,Laos,Afghanistan,-1,2014
36736,Nepal,Palestine,-1,2014
36737,Sri Lanka,Mongolia,1,2014
36738,Qatar,Egypt,1,2014
36739,Sealand,Alderney,1,2014
36740,Senegal,Libya,-1,2014
36741,Alderney,Jersey,-1,2014
36742,Bahrain,Lebanon,-1,2014
36743,Kyrgyzstan,Macau,1,2014
36744,Malaysia,Saudi Arabia,-1,2014
36745,Qatar,Thailand,1,2014
36746,Tajikistan,Pakistan,1,2014
36747,Botswana,Malawi,1,2014
36748,Kyrgyzstan,Pakistan,1,2014
36749,Macau,Tajikistan,-1,2014
36750,Oman,Haiti,1,2014
36751,Rwanda,Libya,-1,2014
36752,Ecuador,El Salvador,1,2014
36753,Italy,Brazil,-1,2014
36754,Jordan,Belarus,1,2014
36755,Kuwait,Palestine,1,2014
36756,Kyrgyzstan,Tajikistan,1,2014
36757,Pakistan,Macau,1,2014
36758,Andorra,Turkey,-1,2014
36759,Argentina,Venezuela,1,2014
36760,Austria,Faroe Islands,1,2014
36761,Bahrain,Qatar,1,2014
36762,Bosnia and Herzegovina,Greece,1,2014
36763,Bulgaria,Malta,1,2014
36764,China PR,Iraq,1,2014
36765,Colombia,Bolivia,1,2014
36766,Croatia,Serbia,1,2014
36767,Czech Republic,Denmark,-1,2014
36768,Egypt,Eswatini,1,2014
36769,France,Georgia,1,2014
36770,Honduras,Mexico,-1,2014
36771,Hong Kong,Vietnam,1,2014
36772,Hungary,Romania,-1,2014
36773,Israel,Portugal,-1,2014
36774,Jamaica,Panama,-1,2014
36775,Japan,Canada,1,2014
36776,Kazakhstan,Germany,-1,2014
36777,Lebanon,Thailand,1,2014
36778,Liechtenstein,Latvia,-1,2014
36779,Luxembourg,Azerbaijan,-1,2014
36780,North Macedonia,Belgium,-1,2014
36781,Malaysia,Yemen,1,2014
36782,Moldova,Montenegro,-1,2014
36783,Netherlands,Estonia,1,2014
36784,New Zealand,New Caledonia,1,2014
36785,Norway,Albania,-1,2014
36786,Peru,Chile,1,2014
36787,Poland,Ukraine,-1,2014
36788,San Marino,England,-1,2014
36789,Scotland,Wales,-1,2014
36790,Slovakia,Lithuania,-1,2014
36791,Slovenia,Iceland,-1,2014
36792,Spain,Finland,-1,2014
36793,Sweden,Republic of Ireland,-1,2014
36794,Tahiti,Solomon Islands,1,2014
36795,Turkmenistan,Cambodia,1,2014
36796,United Arab Emirates,Uzbekistan,1,2014
36797,Uruguay,Paraguay,-1,2014
36798,United States,Costa Rica,1,2014
36799,Belize,Trinidad and Tobago,-1,2014
36800,Burkina Faso,Niger,1,2014
36801,Cameroon,Togo,1,2014
36802,Congo,Gabon,1,2014
36803,Cyprus,Switzerland,-1,2014
36804,Indonesia,Saudi Arabia,-1,2014
36805,Ivory Coast,Gambia,1,2014
36806,Namibia,Malawi,-1,2014
36807,Nigeria,Kenya,-1,2014
36808,Senegal,Angola,-1,2014
36809,South Africa,Central African Republic,1,2014
36810,Tunisia,Sierra Leone,1,2014
36811,DR Congo,Libya,-1,2014
36812,Dominican Republic,Haiti,1,2014
36813,Equatorial Guinea,Cape Verde,-1,2014
36814,Ethiopia,Botswana,1,2014
36815,Ghana,Sudan,1,2014
36816,Lesotho,Zambia,-1,2014
36817,Liberia,Uganda,1,2014
36818,Mozambique,Guinea,-1,2014
36819,Philippines,Cambodia,1,2014
36820,Rwanda,Mali,-1,2014
36821,Tanzania,Morocco,1,2014
36822,Canada,Belarus,-1,2014
36823,Russia,Brazil,-1,2014
36824,Albania,Lithuania,1,2014
36825,Algeria,Benin,1,2014
36826,Armenia,Czech Republic,-1,2014
36827,Australia,Oman,-1,2014
36828,Azerbaijan,Portugal,-1,2014
36829,Belgium,North Macedonia,1,2014
36830,Bolivia,Argentina,-1,2014
36831,Chile,Uruguay,1,2014
36832,Costa Rica,Jamaica,1,2014
36833,Denmark,Bulgaria,-1,2014
36834,Ecuador,Paraguay,1,2014
36835,Egypt,Zimbabwe,1,2014
36836,Estonia,Andorra,1,2014
36837,France,Spain,-1,2014
36838,Germany,Kazakhstan,1,2014
36839,Iraq,Syria,1,2014
36840,Republic of Ireland,Austria,-1,2014
36841,Jordan,Japan,1,2014
36842,South Korea,Qatar,1,2014
36843,Kuwait,Iran,-1,2014
36844,Luxembourg,Finland,-1,2014
36845,Malaysia,Palestine,-1,2014
36846,Malta,Italy,-1,2014
36847,Mexico,United States,-1,2014
36848,Montenegro,England,-1,2014
36849,Netherlands,Romania,1,2014
36850,New Caledonia,Tahiti,1,2014
36851,Northern Ireland,Israel,-1,2014
36852,Panama,Honduras,1,2014
36853,Peru,Trinidad and Tobago,1,2014
36854,Philippines,Turkmenistan,1,2014
36855,Poland,San Marino,1,2014
36856,Serbia,Scotland,1,2014
36857,Slovakia,Sweden,-1,2014
36858,Solomon Islands,New Zealand,-1,2014
36859,Turkey,Hungary,-1,2014
36860,Ukraine,Moldova,1,2014
36861,Uzbekistan,Lebanon,1,2014
36862,Venezuela,Colombia,1,2014
36863,Wales,Croatia,-1,2014
36864,Bolivia,Brazil,-1,2014
36865,Mexico,Peru,-1,2014
36866,Qatar,Palestine,1,2014
36867,Saint Vincent and the Grenadines,Saint Lucia,-1,2014
36868,Brazil,Chile,-1,2014
36869,Zambia,Zimbabwe,1,2014
36870,Libya,Mauritania,1,2014
36871,Guernsey,Jersey,1,2014
36872,Oman,Iran,1,2014
36873,Venezuela,El Salvador,1,2014
36874,Qatar,Latvia,1,2014
36875,Algeria,Mauritania,1,2014
36876,Ethiopia,Sudan,1,2014
36877,Malawi,Zimbabwe,-1,2014
36878,Namibia,Zambia,-1,2014
36879,Iraq,Liberia,-1,2014
36880,Jordan,Libya,1,2014
36881,Canada,Costa Rica,-1,2014
36882,Turkey,Latvia,-1,2014
36883,Brittany,Mali,1,2014
36884,Ecuador,Germany,-1,2014
36885,England,Republic of Ireland,-1,2014
36886,Oman,Lebanon,-1,2014
36887,Qatar,Azerbaijan,-1,2014
36888,United States,Belgium,-1,2014
36889,Japan,Bulgaria,-1,2014
36890,Italy,San Marino,1,2014
36891,Mexico,Nigeria,-1,2014
36892,Turkey,Slovenia,-1,2014
36893,Libya,Uganda,1,2014
36894,Panama,Peru,-1,2014
36895,Algeria,Burkina Faso,1,2014
36896,Brazil,England,-1,2014
36897,Honduras,Israel,-1,2014
36898,Republic of Ireland,Georgia,1,2014
36899,Lesotho,South Africa,-1,2014
36900,Sudan,Tanzania,-1,2014
36901,Ukraine,Cameroon,-1,2014
36902,United States,Germany,1,2014
36903,Estonia,Belarus,-1,2014
36904,Sweden,North Macedonia,1,2014
36905,Myanmar,Singapore,-1,2014
36906,Egypt,Botswana,-1,2014
36907,Hong Kong,Philippines,-1,2014
36908,Jamaica,Mexico,-1,2014
36909,Japan,Australia,-1,2014
36910,Kazakhstan,Bulgaria,-1,2014
36911,Lebanon,South Korea,-1,2014
36912,Oman,Iraq,1,2014
36913,Poland,Liechtenstein,1,2014
36914,Qatar,Iran,-1,2014
36915,Romania,Trinidad and Tobago,1,2014
36916,Tajikistan,Afghanistan,1,2014
36917,Denmark,Georgia,1,2014
36918,Kenya,Nigeria,-1,2014
36919,Malawi,Namibia,-1,2014
36920,Uruguay,France,1,2014
36921,China PR,Uzbekistan,-1,2014
36922,Hungary,Kuwait,1,2014
36923,Albania,Norway,-1,2014
36924,Argentina,Colombia,-1,2014
36925,Armenia,Malta,-1,2014
36926,Austria,Sweden,1,2014
36927,Azerbaijan,Luxembourg,-1,2014
36928,Belgium,Serbia,1,2014
36929,Bolivia,Venezuela,-1,2014
36930,Costa Rica,Honduras,1,2014
36931,Croatia,Scotland,-1,2014
36932,Czech Republic,Italy,-1,2014
36933,Estonia,Trinidad and Tobago,1,2014
36934,Finland,Belarus,1,2014
36935,Iceland,Slovenia,-1,2014
36936,Indonesia,Netherlands,-1,2014
36937,Republic of Ireland,Faroe Islands,1,2014
36938,Jamaica,United States,-1,2014
36939,Laos,Singapore,-1,2014
36940,Latvia,Bosnia and Herzegovina,-1,2014
36941,Libya,DR Congo,-1,2014
36942,Liechtenstein,Slovakia,-1,2014
36943,Lithuania,Greece,-1,2014
36944,Moldova,Poland,-1,2014
36945,Montenegro,Ukraine,-1,2014
36946,Panama,Mexico,-1,2014
36947,Paraguay,Chile,-1,2014
36948,Peru,Ecuador,1,2014
36949,Portugal,Russia,1,2014
36950,Sudan,Ghana,-1,2014
36951,Madrid,Andalusia,-1,2014
36952,Angola,Senegal,-1,2014
36953,Botswana,Ethiopia,1,2014
36954,Cape Verde,Equatorial Guinea,1,2014
36955,Central African Republic,South Africa,-1,2014
36956,Gabon,Congo,-1,2014
36957,Gambia,Ivory Coast,-1,2014
36958,Haiti,Spain,-1,2014
36959,Morocco,Tanzania,1,2014
36960,Sierra Leone,Tunisia,-1,2014
36961,Switzerland,Cyprus,1,2014
36962,Uganda,Liberia,1,2014
36963,Zambia,Lesotho,1,2014
36964,Benin,Algeria,-1,2014
36965,Brazil,France,1,2014
36966,Guinea,Mozambique,1,2014
36967,Mali,Rwanda,-1,2014
36968,Niger,Burkina Faso,-1,2014
36969,Togo,Cameroon,-1,2014
36970,Zimbabwe,Egypt,-1,2014
36971,Croatia,Portugal,-1,2014
36972,Australia,Jordan,1,2014
36973,Belarus,Finland,-1,2014
36974,Chile,Bolivia,1,2014
36975,China PR,Netherlands,-1,2014
36976,Colombia,Peru,1,2014
36977,Denmark,Armenia,-1,2014
36978,Ecuador,Argentina,-1,2014
36979,Estonia,Kyrgyzstan,-1,2014
36980,Guatemala,Belize,-1,2014
36981,Honduras,Jamaica,1,2014
36982,Iran,Lebanon,1,2014
36983,Iraq,Japan,-1,2014
36984,Italy,Haiti,-1,2014
36985,South Korea,Uzbekistan,1,2014
36986,Mexico,Costa Rica,-1,2014
36987,Norway,North Macedonia,1,2014
36988,Qatar,North Korea,-1,2014
36989,Spain,Republic of Ireland,1,2014
36990,Sweden,Faroe Islands,1,2014
36991,United States,Panama,1,2014
36992,Venezuela,Uruguay,-1,2014
36993,Ghana,Ivory Coast,1,2014
36994,Malawi,Kenya,-1,2014
36995,Namibia,Nigeria,-1,2014
36996,Ghana,Ivory Coast,-1,2014
36997,Guatemala,Argentina,-1,2014
36998,Libya,Togo,1,2014
36999,Moldova,Kyrgyzstan,1,2014
37000,Botswana,Central African Republic,1,2014
37001,Brazil,Japan,1,2014
37002,Cape Verde,Sierra Leone,1,2014
37003,China PR,Thailand,-1,2014
37004,Congo,Burkina Faso,-1,2014
37005,Gabon,Niger,1,2014
37006,Morocco,Gambia,1,2014
37007,Uganda,Angola,1,2014
37008,Zambia,Sudan,-1,2014
37009,DR Congo,Cameroon,-1,2014
37010,Equatorial Guinea,Tunisia,-1,2014
37011,Ethiopia,South Africa,1,2014
37012,Guinea,Zimbabwe,1,2014
37013,Lesotho,Ghana,-1,2014
37014,Liberia,Senegal,-1,2014
37015,Mali,Benin,-1,2014
37016,Mexico,Italy,-1,2014
37017,Mozambique,Egypt,-1,2014
37018,Rwanda,Algeria,-1,2014
37019,Spain,Uruguay,1,2014
37020,Tanzania,Ivory Coast,-1,2014
37021,Tahiti,Nigeria,-1,2014
37022,Australia,Iraq,1,2014
37023,Costa Rica,Panama,1,2014
37024,Jordan,Oman,1,2014
37025,South Korea,Iran,-1,2014
37026,United States,Honduras,1,2014
37027,Uzbekistan,Qatar,1,2014
37028,Brazil,Mexico,1,2014
37029,Italy,Japan,1,2014
37030,Nigeria,Uruguay,-1,2014
37031,Spain,Tahiti,1,2014
37032,Brazil,Italy,1,2014
37033,Japan,Mexico,-1,2014
37034,Monaco,Vatican City,1,2014
37035,Nigeria,Spain,-1,2014
37036,Uruguay,Tahiti,1,2014
37037,Brazil,Uruguay,1,2014
37038,Spain,Italy,-1,2014
37039,Libya,Burkina Faso,1,2014
37040,Saugeais,Raetia,-1,2014
37041,Brazil,Spain,1,2014
37042,Uruguay,Italy,-1,2014
37043,Sealand,Tamil Eelam,-1,2014
37044,Sealand,Occitania,-1,2014
37045,Namibia,Mauritius,1,2014
37046,Raetia,Alderney,1,2014
37047,Tamil Eelam,Occitania,-1,2014
37048,Botswana,Eswatini,-1,2014
37049,Canada,Martinique,-1,2014
37050,Mexico,Panama,-1,2014
37051,Raetia,Tamil Eelam,-1,2014
37052,Sealand,Alderney,-1,2014
37053,El Salvador,Trinidad and Tobago,-1,2014
37054,Haiti,Honduras,-1,2014
37055,Kenya,Lesotho,-1,2014
37056,Namibia,Seychelles,1,2014
37057,Costa Rica,Cuba,1,2014
37058,Kenya,Eswatini,1,2014
37059,Lesotho,Botswana,-1,2014
37060,United States,Belize,1,2014
37061,Mauritius,Seychelles,1,2014
37062,Kenya,Botswana,-1,2014
37063,Lesotho,Eswatini,1,2014
37064,Mexico,Canada,1,2014
37065,Panama,Martinique,1,2014
37066,Honduras,El Salvador,1,2014
37067,Trinidad and Tobago,Haiti,-1,2014
37068,Costa Rica,Belize,1,2014
37069,South Africa,Namibia,1,2014
37070,United States,Cuba,1,2014
37071,Zimbabwe,Malawi,-1,2014
37072,Martinique,Mexico,-1,2014
37073,Panama,Canada,-1,2014
37074,Zambia,Mozambique,1,2014
37075,Angola,Lesotho,-1,2014
37076,Bermuda,Greenland,1,2014
37077,Frøya,Falkland Islands,-1,2014
37078,El Salvador,Haiti,1,2014
37079,Honduras,Trinidad and Tobago,-1,2014
37080,Bermuda,Falkland Islands,1,2014
37081,Greenland,Frøya,1,2014
37082,Cuba,Belize,1,2014
37083,Namibia,Mozambique,-1,2014
37084,Malawi,Angola,-1,2014
37085,United States,Costa Rica,1,2014
37086,Zambia,South Africa,-1,2014
37087,Zimbabwe,Lesotho,1,2014
37088,Falkland Islands,Greenland,-1,2014
37089,Bermuda,Frøya,1,2014
37090,Falkland Islands,Frøya,1,2014
37091,Bermuda,Greenland,1,2014
37092,Angola,Mozambique,-1,2014
37093,South Korea,Australia,-1,2014
37094,Lesotho,South Africa,-1,2014
37095,Mexico,Trinidad and Tobago,1,2014
37096,Panama,Cuba,1,2014
37097,Zambia,Zimbabwe,1,2014
37098,Honduras,Costa Rica,1,2014
37099,Japan,China PR,-1,2014
37100,United States,El Salvador,1,2014
37101,South Korea,China PR,-1,2014
37102,Panama,Mexico,1,2014
37103,United States,Honduras,1,2014
37104,Japan,Australia,1,2014
37105,Australia,China PR,-1,2014
37106,South Korea,Japan,-1,2014
37107,United States,Panama,1,2014
37108,Jordan,Libya,1,2014
37109,Albania,Armenia,1,2014
37110,Algeria,Guinea,-1,2014
37111,Austria,Greece,-1,2014
37112,Azerbaijan,Malta,1,2014
37113,Belarus,Montenegro,-1,2014
37114,Belgium,France,-1,2014
37115,Bosnia and Herzegovina,United States,-1,2014
37116,Chile,Iraq,1,2014
37117,Colombia,Serbia,1,2014
37118,Dominican Republic,Costa Rica,-1,2014
37119,Ecuador,Spain,-1,2014
37120,Egypt,Uganda,1,2014
37121,England,Scotland,1,2014
37122,Estonia,Latvia,-1,2014
37123,Finland,Slovenia,1,2014
37124,Gabon,Cape Verde,-1,2014
37125,Germany,Paraguay,-1,2014
37126,Hungary,Czech Republic,-1,2014
37127,Iceland,Faroe Islands,1,2014
37128,Indonesia,Philippines,1,2014
37129,Italy,Argentina,-1,2014
37130,Japan,Uruguay,-1,2014
37131,Kazakhstan,Georgia,1,2014
37132,South Korea,Peru,-1,2014
37133,Libya,Central African Republic,-1,2014
37134,Liechtenstein,Croatia,-1,2014
37135,Luxembourg,Lithuania,1,2014
37136,North Macedonia,Bulgaria,1,2014
37137,Mexico,Ivory Coast,1,2014
37138,Moldova,Andorra,-1,2014
37139,Morocco,Burkina Faso,-1,2014
37140,Northern Ireland,Russia,1,2014
37141,Poland,Denmark,1,2014
37142,Portugal,Netherlands,-1,2014
37143,Romania,Slovakia,-1,2014
37144,Rwanda,Malawi,-1,2014
37145,Singapore,Oman,-1,2014
37146,South Africa,Nigeria,-1,2014
37147,Sweden,Norway,1,2014
37148,Switzerland,Brazil,1,2014
37149,Tajikistan,India,1,2014
37150,Tunisia,Congo,1,2014
37151,Turkey,Ghana,-1,2014
37152,Ukraine,Israel,1,2014
37153,Venezuela,Bolivia,-1,2014
37154,Wales,Republic of Ireland,-1,2014
37155,Zambia,Senegal,-1,2014
37156,Syria,Jordan,-1,2014
37157,South Africa,Burkina Faso,1,2014
37158,Afghanistan,Pakistan,1,2014
37159,Libya,Mali,1,2014
37160,Botswana,Uganda,-1,2014
37161,Libya,Ghana,1,2014
37162,Nepal,Bangladesh,1,2014
37163,India,Pakistan,1,2014
37164,Afghanistan,Bhutan,1,2014
37165,Maldives,Sri Lanka,1,2014
37166,Bangladesh,India,-1,2014
37167,Botswana,Malawi,1,2014
37168,Nepal,Pakistan,-1,2014
37169,Bhutan,Maldives,-1,2014
37170,Equatorial Guinea,Libya,-1,2014
37171,Sri Lanka,Afghanistan,-1,2014
37172,Bangladesh,Pakistan,-1,2014
37173,Nepal,India,1,2014
37174,Qatar,Mauritius,1,2014
37175,Saudi Arabia,New Zealand,-1,2014
37176,United Arab Emirates,Trinidad and Tobago,-1,2014
37177,Afghanistan,Maldives,-1,2014
37178,Belarus,Kyrgyzstan,1,2014
37179,Bosnia and Herzegovina,Slovakia,-1,2014
37180,Myanmar,Hong Kong,-1,2014
37181,Chile,Venezuela,1,2014
37182,China PR,Singapore,1,2014
37183,Colombia,Ecuador,1,2014
37184,Costa Rica,United States,1,2014
37185,Czech Republic,Armenia,-1,2014
37186,England,Moldova,1,2014
37187,Estonia,Netherlands,-1,2014
37188,Finland,Spain,-1,2014
37189,Georgia,France,-1,2014
37190,Germany,Austria,1,2014
37191,Ghana,Zambia,1,2014
37192,Republic of Ireland,Sweden,-1,2014
37193,Italy,Bulgaria,1,2014
37194,Japan,Guatemala,1,2014
37195,Jordan,Uzbekistan,-1,2014
37196,Kazakhstan,Faroe Islands,1,2014
37197,South Korea,Haiti,1,2014
37198,Kuwait,North Korea,1,2014
37199,Latvia,Lithuania,1,2014
37200,Lebanon,Syria,1,2014
37201,Liechtenstein,Greece,-1,2014
37202,North Macedonia,Wales,1,2014
37203,Malta,Denmark,-1,2014
37204,Mexico,Honduras,-1,2014
37205,Northern Ireland,Portugal,-1,2014
37206,Norway,Cyprus,1,2014
37207,Panama,Jamaica,-1,2014
37208,Paraguay,Bolivia,1,2014
37209,Peru,Uruguay,-1,2014
37210,Poland,Montenegro,-1,2014
37211,Romania,Hungary,1,2014
37212,Russia,Luxembourg,1,2014
37213,Scotland,Belgium,-1,2014
37214,Serbia,Croatia,-1,2014
37215,Slovenia,Albania,1,2014
37216,Sri Lanka,Bhutan,1,2014
37217,Switzerland,Iceland,-1,2014
37218,Turkey,Andorra,1,2014
37219,Ukraine,San Marino,1,2014
37220,Angola,Liberia,1,2014
37221,Brazil,Australia,1,2014
37222,Burkina Faso,Gabon,1,2014
37223,Central African Republic,Ethiopia,-1,2014
37224,Gambia,Tanzania,1,2014
37225,Israel,Azerbaijan,-1,2014
37226,Ivory Coast,Morocco,-1,2014
37227,Niger,Congo,-1,2014
37228,Nigeria,Malawi,1,2014
37229,Senegal,Uganda,1,2014
37230,Sierra Leone,Equatorial Guinea,1,2014
37231,South Africa,Botswana,1,2014
37232,Tunisia,Cape Verde,1,2014
37233,Benin,Rwanda,1,2014
37234,Cameroon,Libya,1,2014
37235,Canada,Mauritania,-1,2014
37236,Kenya,Namibia,1,2014
37237,Nepal,Afghanistan,-1,2014
37238,Sudan,Lesotho,-1,2014
37239,Togo,DR Congo,1,2014
37240,Zimbabwe,Mozambique,-1,2014
37241,Kuwait,Bahrain,1,2014
37242,Maldives,India,-1,2014
37243,Qatar,Lebanon,-1,2014
37244,Saudi Arabia,Trinidad and Tobago,-1,2014
37245,United Arab Emirates,New Zealand,1,2014
37246,Algeria,Mali,1,2014
37247,Andorra,Netherlands,-1,2014
37248,Armenia,Denmark,-1,2014
37249,Austria,Republic of Ireland,1,2014
37250,Belarus,France,-1,2014
37251,Bolivia,Ecuador,-1,2014
37252,Brazil,Portugal,1,2014
37253,Canada,Mauritania,-1,2014
37254,China PR,Malaysia,1,2014
37255,Cyprus,Slovenia,-1,2014
37256,Egypt,Guinea,1,2014
37257,Faroe Islands,Germany,-1,2014
37258,Georgia,Finland,-1,2014
37259,Greece,Latvia,1,2014
37260,Honduras,Panama,-1,2014
37261,Hong Kong,Singapore,1,2014
37262,Hungary,Estonia,1,2014
37263,Iceland,Albania,1,2014
37264,Italy,Czech Republic,1,2014
37265,Jamaica,Costa Rica,-1,2014
37266,Japan,Ghana,1,2014
37267,Kazakhstan,Sweden,-1,2014
37268,South Korea,Croatia,-1,2014
37269,Lithuania,Liechtenstein,1,2014
37270,Luxembourg,Northern Ireland,1,2014
37271,North Macedonia,Scotland,-1,2014
37272,Malta,Bulgaria,-1,2014
37273,Nigeria,Burkina Faso,1,2014
37274,Norway,Switzerland,-1,2014
37275,Paraguay,Argentina,-1,2014
37276,Romania,Turkey,-1,2014
37277,Russia,Israel,1,2014
37278,San Marino,Poland,-1,2014
37279,Slovakia,Bosnia and Herzegovina,-1,2014
37280,South Africa,Zimbabwe,-1,2014
37281,Spain,Chile,-1,2014
37282,Ukraine,England,-1,2014
37283,Uruguay,Colombia,1,2014
37284,United States,Mexico,1,2014
37285,Uzbekistan,Jordan,-1,2014
37286,Venezuela,Peru,1,2014
37287,Wales,Serbia,-1,2014
37288,Botswana,Burkina Faso,1,2014
37289,Egypt,Uganda,1,2014
37290,Iraq,Yemen,1,2014
37291,Lebanon,Iraq,-1,2014
37292,Jordan,Kuwait,-1,2014
37293,Oman,Mauritania,-1,2014
37294,Qatar,Vietnam,-1,2014
37295,Singapore,Laos,1,2014
37296,Thailand,Bahrain,1,2014
37297,Albania,Switzerland,-1,2014
37298,Andorra,Romania,-1,2014
37299,Argentina,Peru,1,2014
37300,Armenia,Bulgaria,1,2014
37301,Azerbaijan,Northern Ireland,1,2014
37302,Bosnia and Herzegovina,Liechtenstein,1,2014
37303,Colombia,Chile,-1,2014
37304,Croatia,Belgium,-1,2014
37305,Denmark,Italy,-1,2014
37306,Ecuador,Uruguay,1,2014
37307,England,Montenegro,1,2014
37308,Estonia,Turkey,-1,2014
37309,Faroe Islands,Kazakhstan,-1,2014
37310,France,Australia,1,2014
37311,Germany,Republic of Ireland,1,2014
37312,Greece,Slovakia,1,2014
37313,Honduras,Costa Rica,1,2014
37314,Iceland,Cyprus,1,2014
37315,Lithuania,Latvia,1,2014
37316,Luxembourg,Russia,-1,2014
37317,Malta,Czech Republic,-1,2014
37318,Mexico,Panama,1,2014
37319,Moldova,San Marino,1,2014
37320,Morocco,South Africa,-1,2014
37321,Netherlands,Hungary,1,2014
37322,Philippines,Taiwan,-1,2014
37323,Portugal,Israel,-1,2014
37324,Serbia,Japan,1,2014
37325,Slovenia,Norway,1,2014
37326,Spain,Belarus,1,2014
37327,Sweden,Austria,1,2014
37328,Ukraine,Poland,1,2014
37329,United States,Jamaica,1,2014
37330,Venezuela,Paraguay,-1,2014
37331,Wales,North Macedonia,1,2014
37332,Burkina Faso,Algeria,1,2014
37333,Ivory Coast,Senegal,1,2014
37334,South Korea,Brazil,-1,2014
37335,Ethiopia,Nigeria,-1,2014
37336,Qatar,Yemen,1,2014
37337,Tunisia,Cameroon,-1,2014
37338,Australia,Canada,1,2014
37339,Azerbaijan,Russia,-1,2014
37340,Belarus,Japan,1,2014
37341,Belgium,Wales,-1,2014
37342,Brazil,Zambia,1,2014
37343,Bulgaria,Czech Republic,-1,2014
37344,Chile,Ecuador,1,2014
37345,Costa Rica,Mexico,1,2014
37346,Cyprus,Albania,-1,2014
37347,Denmark,Malta,1,2014
37348,England,Poland,1,2014
37349,Faroe Islands,Austria,-1,2014
37350,France,Finland,1,2014
37351,Ghana,Egypt,1,2014
37352,Greece,Liechtenstein,1,2014
37353,Hong Kong,United Arab Emirates,-1,2014
37354,Hungary,Andorra,1,2014
37355,Indonesia,China PR,-1,2014
37356,Iran,Thailand,1,2014
37357,Iraq,Saudi Arabia,-1,2014
37358,Republic of Ireland,Kazakhstan,1,2014
37359,Israel,Northern Ireland,-1,2014
37360,Italy,Armenia,-1,2014
37361,Jamaica,Honduras,-1,2014
37362,Jordan,Oman,-1,2014
37363,South Korea,Mali,1,2014
37364,Kyrgyzstan,Tajikistan,-1,2014
37365,Latvia,Slovakia,-1,2014
37366,Lebanon,Kuwait,-1,2014
37367,Lithuania,Bosnia and Herzegovina,-1,2014
37368,Malaysia,Bahrain,-1,2014
37369,Montenegro,Moldova,-1,2014
37370,Norway,Iceland,-1,2014
37371,Panama,United States,-1,2014
37372,Paraguay,Colombia,-1,2014
37373,Peru,Bolivia,-1,2014
37374,Philippines,Pakistan,1,2014
37375,Portugal,Luxembourg,1,2014
37376,Romania,Estonia,1,2014
37377,San Marino,Ukraine,-1,2014
37378,Scotland,Croatia,1,2014
37379,Serbia,North Macedonia,1,2014
37380,Singapore,Syria,1,2014
37381,Spain,Georgia,1,2014
37382,Sweden,Germany,-1,2014
37383,Switzerland,Slovenia,1,2014
37384,Trinidad and Tobago,New Zealand,-1,2014
37385,Turkey,Netherlands,-1,2014
37386,Uruguay,Argentina,1,2014
37387,Uzbekistan,Vietnam,1,2014
37388,Jordan,Nigeria,1,2014
37389,Indonesia,Kyrgyzstan,1,2014
37390,Jordan,Zambia,1,2014
37391,Kuwait,Malaysia,1,2014
37392,Bahrain,Lebanon,1,2014
37393,United Arab Emirates,Philippines,1,2014
37394,Jordan,Uruguay,-1,2014
37395,Mexico,New Zealand,1,2014
37396,Belgium,Colombia,-1,2014
37397,Bonaire,Suriname,-1,2014
37398,Curaçao,Aruba,1,2014
37399,Egypt,Zambia,1,2014
37400,Argentina,Ecuador,-1,2014
37401,Bahrain,Malaysia,1,2014
37402,Belarus,Albania,-1,2014
37403,China PR,Indonesia,1,2014
37404,Czech Republic,Canada,1,2014
37405,Denmark,Norway,1,2014
37406,England,Chile,-1,2014
37407,Estonia,Azerbaijan,1,2014
37408,Greece,Romania,1,2014
37409,Iceland,Croatia,-1,2014
37410,India,Philippines,-1,2014
37411,Republic of Ireland,Latvia,1,2014
37412,Italy,Germany,-1,2014
37413,Jamaica,Trinidad and Tobago,-1,2014
37414,South Korea,Switzerland,1,2014
37415,Kuwait,Lebanon,-1,2014
37416,Libya,Niger,-1,2014
37417,Poland,Slovakia,-1,2014
37418,Portugal,Sweden,1,2014
37419,Russia,Serbia,-1,2014
37420,Saudi Arabia,Iraq,1,2014
37421,Scotland,United States,-1,2014
37422,Eswatini,South Africa,-1,2014
37423,Syria,Singapore,1,2014
37424,Thailand,Iran,-1,2014
37425,Turkey,Northern Ireland,1,2014
37426,Ukraine,France,1,2014
37427,United Arab Emirates,Hong Kong,1,2014
37428,Vietnam,Uzbekistan,-1,2014
37429,Yemen,Qatar,-1,2014
37430,Aruba,Bonaire,-1,2014
37431,Curaçao,Suriname,-1,2014
37432,Equatorial Guinea,Spain,-1,2014
37433,Honduras,Brazil,-1,2014
37434,Netherlands,Japan,-1,2014
37435,Nigeria,Ethiopia,1,2014
37436,Senegal,Ivory Coast,-1,2014
37437,Uganda,Rwanda,-1,2014
37438,Wales,Finland,-1,2014
37439,Cameroon,Tunisia,1,2014
37440,Luxembourg,Montenegro,-1,2014
37441,Argentina,Bosnia and Herzegovina,1,2014
37442,Italy,Nigeria,-1,2014
37443,Moldova,Lithuania,-1,2014
37444,Algeria,Burkina Faso,1,2014
37445,Australia,Costa Rica,1,2014
37446,Austria,United States,1,2014
37447,Bahrain,Yemen,1,2014
37448,Belgium,Japan,-1,2014
37449,Brazil,Chile,1,2014
37450,Cambodia,Guam,-1,2014
37451,China PR,Saudi Arabia,-1,2014
37452,Croatia,Iceland,1,2014
37453,Egypt,Ghana,1,2014
37454,England,Germany,-1,2014
37455,France,Ukraine,1,2014
37456,Gibraltar,Slovakia,-1,2014
37457,Honduras,Ecuador,-1,2014
37458,Hong Kong,Uzbekistan,-1,2014
37459,India,Nepal,1,2014
37460,Indonesia,Iraq,-1,2014
37461,Kuwait,Thailand,1,2014
37462,Kyrgyzstan,Azerbaijan,-1,2014
37463,Lebanon,Iran,-1,2014
37464,Liechtenstein,Estonia,-1,2014
37465,Malaysia,Qatar,-1,2014
37466,Malta,Faroe Islands,1,2014
37467,Namibia,Mozambique,-1,2014
37468,Netherlands,Colombia,-1,2014
37469,Norway,Scotland,-1,2014
37470,Poland,Republic of Ireland,-1,2014
37471,Romania,Greece,-1,2014
37472,Russia,South Korea,1,2014
37473,Slovenia,Canada,1,2014
37474,South Africa,Spain,1,2014
37475,Sweden,Portugal,-1,2014
37476,Syria,Oman,-1,2014
37477,Tanzania,Zimbabwe,-1,2014
37478,Trinidad and Tobago,Jamaica,1,2014
37479,Turkey,Belarus,1,2014
37480,United Arab Emirates,Vietnam,1,2014
37481,New Zealand,Mexico,-1,2014
37482,Uruguay,Jordan,-1,2014
37483,Singapore,Cambodia,1,2014
37484,Kenya,Ethiopia,-1,2014
37485,Seychelles,Maldives,1,2014
37486,Zanzibar,South Sudan,1,2014
37487,Burundi,Somalia,1,2014
37488,Tanzania,Zambia,-1,2014
37489,Seychelles,Maldives,1,2014
37490,Sudan,Eritrea,1,2014
37491,Uganda,Rwanda,1,2014
37492,Dominica,Saint Lucia,-1,2014
37493,Ethiopia,Zanzibar,1,2014
37494,Kenya,South Sudan,1,2014
37495,Dominica,Saint Lucia,1,2014
37496,Somalia,Tanzania,-1,2014
37497,Zambia,Burundi,1,2014
37498,Eritrea,Uganda,-1,2014
37499,Sudan,Rwanda,1,2014
37500,Kenya,Zanzibar,1,2014
37501,South Sudan,Ethiopia,-1,2014
37502,Somalia,Zambia,-1,2014
37503,Tanzania,Burundi,1,2014
37504,Rwanda,Eritrea,1,2014
37505,Uganda,Sudan,1,2014
37506,Kenya,Rwanda,1,2014
37507,Uganda,Tanzania,-1,2014
37508,Ethiopia,Sudan,-1,2014
37509,Zambia,Burundi,1,2014
37510,Kenya,Tanzania,1,2014
37511,Zambia,Sudan,-1,2014
37512,Kenya,Sudan,1,2014
37513,Tanzania,Zambia,-1,2014
37514,Libya,Mali,1,2014
37515,Qatar,Bahrain,-1,2014
37516,Oman,Bahrain,-1,2014
37517,Qatar,Palestine,1,2014
37518,Jordan,Lebanon,-1,2014
37519,Bahrain,Iraq,-1,2014
37520,Palestine,Saudi Arabia,-1,2014
37521,Basque Country,Peru,1,2014
37522,Galicia,Occitania,-1,2014
37523,Lebanon,Kuwait,-1,2014
37524,Catalonia,Cape Verde,1,2014
37525,Iraq,Oman,-1,2014
37526,Qatar,Saudi Arabia,1,2014
37527,Kuwait,Jordan,-1,2018
37528,Bahrain,Jordan,-1,2018
37529,Namibia,Ghana,-1,2018
37530,Nigeria,Ethiopia,1,2018
37531,Qatar,Kuwait,1,2018
37532,Bahrain,Kuwait,-1,2018
37533,Qatar,Jordan,1,2018
37534,Zimbabwe,Gabon,1,2018
37535,Moldova,Norway,-1,2018
37536,Moldova,Sweden,-1,2018
37537,Norway,Poland,-1,2018
37538,Moldova,Poland,-1,2018
37539,Iceland,Sweden,-1,2018
37540,Chile,Costa Rica,1,2018
37541,Oman,Finland,-1,2018
37542,Costa Rica,South Korea,-1,2018
37543,Mexico,South Korea,1,2018
37544,Oman,Jordan,-1,2018
37545,United States,South Korea,1,2018
37546,Singapore,Jordan,-1,2018
37547,Lebanon,Pakistan,1,2018
37548,Iraq,North Korea,1,2018
37549,Sealand,Chagos Islands,1,2018
37550,Gibraltar,Faroe Islands,-1,2018
37551,Malaysia,Philippines,-1,2018
37552,Iran,Kuwait,1,2018
37553,Albania,Malta,1,2018
37554,Algeria,Slovenia,1,2018
37555,Andorra,Moldova,-1,2018
37556,Australia,Ecuador,-1,2018
37557,Austria,Uruguay,-1,2018
37558,Belgium,Ivory Coast,-1,2018
37559,Bosnia and Herzegovina,Egypt,-1,2018
37560,Botswana,South Sudan,1,2018
37561,Bulgaria,Belarus,1,2018
37562,Burkina Faso,Comoros,-1,2018
37563,Burundi,Rwanda,-1,2018
37564,Colombia,Tunisia,-1,2018
37565,Cyprus,Northern Ireland,-1,2018
37566,Czech Republic,Norway,-1,2018
37567,England,Denmark,1,2018
37568,France,Netherlands,1,2018
37569,Georgia,Liechtenstein,1,2018
37570,Germany,Chile,1,2018
37571,Gibraltar,Estonia,-1,2018
37572,Greece,South Korea,-1,2018
37573,Hungary,Finland,-1,2018
37574,India,Bangladesh,-1,2018
37575,Iran,Guinea,-1,2018
37576,Iraq,China PR,1,2018
37577,Republic of Ireland,Serbia,-1,2018
37578,Israel,Slovakia,-1,2018
37579,Japan,New Zealand,1,2018
37580,Jordan,Syria,1,2018
37581,Kazakhstan,Lithuania,-1,2018
37582,Kosovo,Haiti,-1,2018
37583,Luxembourg,Cape Verde,-1,2018
37584,North Macedonia,Latvia,1,2018
37585,Malawi,Zimbabwe,-1,2018
37586,Mali,Senegal,-1,2018
37587,Mauritania,Niger,-1,2018
37588,Montenegro,Ghana,1,2018
37589,Morocco,Gabon,-1,2018
37590,Mozambique,Angola,-1,2018
37591,Namibia,Tanzania,-1,2018
37592,Oman,Singapore,1,2018
37593,Philippines,Azerbaijan,-1,2018
37594,Poland,Scotland,-1,2018
37595,Portugal,Cameroon,1,2018
37596,Qatar,Bahrain,-1,2018
37597,Romania,Argentina,-1,2018
37598,Russia,Armenia,1,2018
37599,Saudi Arabia,Indonesia,1,2018
37600,South Africa,Brazil,-1,2018
37601,Spain,Italy,1,2018
37602,Saint Lucia,Jamaica,-1,2018
37603,Switzerland,Croatia,-1,2018
37604,Thailand,Lebanon,-1,2018
37605,Turkey,Sweden,1,2018
37606,Ukraine,United States,1,2018
37607,Uzbekistan,United Arab Emirates,-1,2018
37608,Vietnam,Hong Kong,1,2018
37609,Wales,Iceland,1,2018
37610,Yemen,Malaysia,-1,2018
37611,Zambia,Uganda,1,2018
37612,Lesotho,Eswatini,-1,2018
37613,Lesotho,Eswatini,-1,2018
37614,Alderney,Guernsey,-1,2018
37615,Saint Lucia,Martinique,-1,2018
37616,Yemen,Nepal,1,2018
37617,Andorra,Indonesia,-1,2018
37618,Aruba,Guam,-1,2018
37619,Cuba,Indonesia,1,2018
37620,Aruba,Guam,1,2018
37621,Ellan Vannin,Monaco,1,2018
37622,Mauritania,Mauritius,1,2018
37623,Afghanistan,Kyrgyzstan,-1,2018
37624,Yemen,Chad,-1,2018
37625,Guadeloupe,French Guiana,1,2018
37626,Mauritius,Mauritania,-1,2018
37627,Tanzania,Burundi,-1,2018
37628,Philippines,Malaysia,-1,2018
37629,Grenada,Saint Lucia,-1,2018
37630,Dominica,Grenada,-1,2018
37631,Sealand,Chagos Islands,-1,2018
37632,Vatican City,Monaco,-1,2018
37633,Jersey,Guernsey,-1,2018
37634,Afghanistan,Kyrgyzstan,1,2018
37635,Germany,Poland,-1,2018
37636,Kuwait,Afghanistan,1,2018
37637,Kuwait,Kyrgyzstan,-1,2018
37638,Malawi,Chad,1,2018
37639,Mauritania,Equatorial Guinea,1,2018
37640,Namibia,Congo,1,2018
37641,Netherlands,Ecuador,-1,2018
37642,São Tomé and Príncipe,Benin,-1,2018
37643,Somaliland,Sealand,-1,2018
37644,Belarus,Iran,-1,2018
37645,Burundi,Botswana,-1,2018
37646,Central African Republic,Guinea-Bissau,-1,2018
37647,Eswatini,Sierra Leone,-1,2018
37648,Kenya,Comoros,1,2018
37649,Liberia,Lesotho,1,2018
37650,Libya,Rwanda,-1,2018
37651,Madagascar,Uganda,1,2018
37652,Mozambique,South Sudan,1,2018
37653,Tanzania,Zimbabwe,1,2018
37654,Maldives,Myanmar,-1,2018
37655,Palestine,Kyrgyzstan,1,2018
37656,French Guiana,Suriname,-1,2018
37657,Philippines,Afghanistan,-1,2018
37658,Turkmenistan,Laos,1,2018
37659,Burkina Faso,Senegal,-1,2018
37660,Myanmar,Palestine,-1,2018
37661,Finland,Czech Republic,-1,2018
37662,Kosovo,Turkey,-1,2018
37663,Liechtenstein,Belarus,-1,2018
37664,Maldives,Kyrgyzstan,1,2018
37665,Afghanistan,Turkmenistan,1,2018
37666,Hungary,Denmark,-1,2018
37667,Laos,Philippines,-1,2018
37668,Ukraine,Niger,1,2018
37669,Bulgaria,Canada,-1,2018
37670,Kyrgyzstan,Myanmar,1,2018
37671,Maldives,Palestine,-1,2018
37672,Slovakia,Montenegro,1,2018
37673,Afghanistan,Laos,-1,2018
37674,Moldova,Saudi Arabia,1,2018
37675,Turkmenistan,Philippines,-1,2018
37676,Republic of Ireland,Turkey,-1,2018
37677,Kosovo,Senegal,-1,2018
37678,Mali,Guinea,-1,2018
37679,Thailand,Kuwait,-1,2018
37680,Australia,South Africa,-1,2018
37681,Belgium,Luxembourg,1,2018
37682,Estonia,Gibraltar,-1,2018
37683,Jamaica,Serbia,-1,2018
37684,North Macedonia,Cameroon,-1,2018
37685,Montenegro,Iran,-1,2018
37686,Russia,Slovakia,1,2018
37687,Armenia,United Arab Emirates,1,2018
37688,France,Norway,1,2018
37689,Japan,Cyprus,1,2018
37690,Maldives,Philippines,-1,2018
37691,Moldova,Canada,-1,2018
37692,Palestine,Afghanistan,1,2018
37693,Suriname,French Guiana,1,2018
37694,Tanzania,Malawi,1,2018
37695,Uzbekistan,Oman,-1,2018
37696,Angola,Morocco,1,2018
37697,Denmark,Sweden,1,2018
37698,South Korea,Tunisia,-1,2018
37699,Nigeria,Scotland,-1,2018
37700,Cameroon,Paraguay,-1,2018
37701,Finland,Lithuania,-1,2018
37702,Georgia,Saudi Arabia,1,2018
37703,Latvia,Estonia,-1,2018
37704,Maldives,Afghanistan,-1,2018
37705,Uzbekistan,Oman,-1,2018
37706,Franconia,Raetia,1,2018
37707,Angola,Iran,-1,2018
37708,Aruba,Turks and Caicos Islands,1,2018
37709,Austria,Iceland,-1,2018
37710,Bosnia and Herzegovina,Ivory Coast,1,2018
37711,Comoros,Kenya,-1,2018
37712,England,Peru,1,2018
37713,French Guiana,British Virgin Islands,1,2018
37714,North Macedonia,Qatar,-1,2018
37715,Montserrat,United States Virgin Islands,1,2018
37716,New Zealand,South Africa,-1,2018
37717,Palestine,Philippines,1,2018
37718,South Sudan,Mozambique,-1,2018
37719,Spain,Bolivia,1,2018
37720,Switzerland,Jamaica,1,2018
37721,Uruguay,Northern Ireland,1,2018
37722,Albania,Romania,-1,2018
37723,Armenia,Algeria,-1,2018
37724,Chad,Malawi,1,2018
37725,Colombia,Senegal,-1,2018
37726,Croatia,Mali,1,2018
37727,Finland,Estonia,1,2018
37728,Guinea-Bissau,Central African Republic,1,2018
37729,Italy,Republic of Ireland,-1,2018
37730,Latvia,Lithuania,1,2018
37731,Mexico,Ecuador,1,2018
37732,Netherlands,Ghana,1,2018
37733,Norway,Russia,-1,2018
37734,Portugal,Greece,-1,2018
37735,Rwanda,Libya,1,2018
37736,Sierra Leone,Eswatini,1,2018
37737,Uganda,Madagascar,1,2018
37738,Aruba,British Virgin Islands,1,2018
37739,Benin,São Tomé and Príncipe,1,2018
37740,Botswana,Burundi,1,2018
37741,Congo,Namibia,1,2018
37742,Equatorial Guinea,Mauritania,1,2018
37743,France,Paraguay,-1,2018
37744,Germany,Cameroon,-1,2018
37745,Honduras,Israel,-1,2018
37746,Lesotho,Liberia,1,2018
37747,Sweden,Belgium,-1,2018
37748,Turks and Caicos Islands,French Guiana,-1,2018
37749,United States,Turkey,1,2018
37750,United States Virgin Islands,Bonaire,-1,2018
37751,Zimbabwe,Tanzania,-1,2018
37752,Iraqi Kurdistan,Arameans Suryoye,-1,2018
37753,Abkhazia,Occitania,-1,2018
37754,Darfur,Padania,-1,2018
37755,Ellan Vannin,Artsakh,1,2018
37756,Costa Rica,Japan,-1,2018
37757,Tamil Eelam,Arameans Suryoye,-1,2018
37758,Sápmi,Abkhazia,-1,2018
37759,Darfur,South Ossetia,-1,2018
37760,Ellan Vannin,County of Nice,1,2018
37761,Aruba,French Guiana,-1,2018
37762,Brazil,Panama,1,2018
37763,British Virgin Islands,Turks and Caicos Islands,-1,2018
37764,Czech Republic,Austria,-1,2018
37765,Georgia,United Arab Emirates,-1,2018
37766,Greece,Nigeria,-1,2018
37767,Mexico,Bosnia and Herzegovina,-1,2018
37768,Switzerland,Peru,1,2018
37769,Tamil Eelam,Iraqi Kurdistan,-1,2018
37770,Sápmi,Occitania,-1,2018
37771,South Ossetia,Padania,-1,2018
37772,Artsakh,County of Nice,-1,2018
37773,Argentina,Trinidad and Tobago,1,2018
37774,Ecuador,England,-1,2018
37775,El Salvador,Ivory Coast,-1,2018
37776,Gibraltar,Malta,1,2018
37777,Hungary,Albania,1,2018
37778,Iceland,Estonia,1,2018
37779,Italy,Luxembourg,-1,2018
37780,Jamaica,Egypt,-1,2018
37781,Netherlands,Wales,1,2018
37782,Romania,Algeria,-1,2018
37783,Padania,County of Nice,-1,2018
37784,Abkhazia,South Ossetia,-1,2018
37785,Arameans Suryoye,Occitania,-1,2018
37786,Ellan Vannin,Iraqi Kurdistan,-1,2018
37787,Sápmi,Tamil Eelam,1,2018
37788,Darfur,Artsakh,-1,2018
37789,Padania,Abkhazia,-1,2018
37790,Occitania,Iraqi Kurdistan,-1,2018
37791,Bolivia,Greece,-1,2018
37792,Brazil,Serbia,1,2018
37793,Colombia,Jordan,1,2018
37794,Costa Rica,Republic of Ireland,-1,2018
37795,Croatia,Australia,1,2018
37796,Germany,Armenia,1,2018
37797,Japan,Zambia,1,2018
37798,Mexico,Portugal,-1,2018
37799,Poland,Lithuania,1,2018
37800,Russia,Morocco,1,2018
37801,County of Nice,South Ossetia,1,2018
37802,Arameans Suryoye,Ellan Vannin,-1,2018
37803,Argentina,Slovenia,1,2018
37804,Belgium,Tunisia,1,2018
37805,Cameroon,Moldova,1,2018
37806,El Salvador,Spain,-1,2018
37807,Estonia,Tajikistan,1,2018
37808,Honduras,England,-1,2018
37809,Hungary,Kazakhstan,1,2018
37810,United States,Nigeria,1,2018
37811,Sápmi,Artsakh,-1,2018
37812,Tamil Eelam,Darfur,1,2018
37813,Abkhazia,Occitania,-1,2018
37814,Padania,Iraqi Kurdistan,-1,2018
37815,France,Jamaica,1,2018
37816,Iran,Trinidad and Tobago,1,2018
37817,San Marino,Albania,-1,2018
37818,South Ossetia,Arameans Suryoye,-1,2018
37819,County of Nice,Ellan Vannin,-1,2018
37820,Ghana,South Korea,1,2018
37821,Republic of Ireland,Portugal,-1,2018
37822,Brazil,Croatia,1,2018
37823,Chile,Australia,1,2018
37824,Mexico,Cameroon,1,2018
37825,Spain,Netherlands,-1,2018
37826,Colombia,Greece,1,2018
37827,England,Italy,-1,2018
37828,Ivory Coast,Japan,1,2018
37829,Uruguay,Costa Rica,-1,2018
37830,Argentina,Bosnia and Herzegovina,1,2018
37831,France,Honduras,1,2018
37832,Switzerland,Ecuador,1,2018
37833,Germany,Portugal,1,2018
37834,Ghana,United States,-1,2018
37835,Iran,Nigeria,-1,2018
37836,Belgium,Algeria,1,2018
37837,Brazil,Mexico,-1,2018
37838,Russia,South Korea,-1,2018
37839,Australia,Netherlands,-1,2018
37840,Cameroon,Croatia,-1,2018
37841,China PR,North Macedonia,1,2018
37842,Spain,Chile,-1,2018
37843,Colombia,Ivory Coast,1,2018
37844,Japan,Greece,-1,2018
37845,Uruguay,England,1,2018
37846,Honduras,Ecuador,-1,2018
37847,Italy,Costa Rica,-1,2018
37848,Switzerland,France,-1,2018
37849,Argentina,Iran,1,2018
37850,Germany,Ghana,-1,2018
37851,Indonesia,Pakistan,1,2018
37852,Nigeria,Bosnia and Herzegovina,1,2018
37853,Belgium,Russia,1,2018
37854,China PR,North Macedonia,-1,2018
37855,South Korea,Algeria,-1,2018
37856,United States,Portugal,-1,2018
37857,Australia,Spain,-1,2018
37858,Brazil,Cameroon,1,2018
37859,Croatia,Mexico,-1,2018
37860,Netherlands,Chile,1,2018
37861,Costa Rica,England,-1,2018
37862,Greece,Ivory Coast,1,2018
37863,Italy,Uruguay,-1,2018
37864,Japan,Colombia,-1,2018
37865,Bosnia and Herzegovina,Iran,1,2018
37866,Ecuador,France,-1,2018
37867,Honduras,Switzerland,-1,2018
37868,Indonesia,Nepal,1,2018
37869,Nigeria,Argentina,-1,2018
37870,Algeria,Russia,-1,2018
37871,South Korea,Belgium,-1,2018
37872,Portugal,Ghana,1,2018
37873,United States,Germany,-1,2018
37874,Brazil,Chile,-1,2018
37875,Colombia,Uruguay,1,2018
37876,China PR,Mali,-1,2018
37877,Costa Rica,Greece,-1,2018
37878,Netherlands,Mexico,1,2018
37879,France,Nigeria,1,2018
37880,Germany,Algeria,1,2018
37881,Argentina,Switzerland,1,2018
37882,Belgium,United States,1,2018
37883,Vietnam,Myanmar,1,2018
37884,Brazil,Colombia,1,2018
37885,France,Germany,-1,2018
37886,Argentina,Belgium,1,2018
37887,Netherlands,Costa Rica,-1,2018
37888,Malawi,Mozambique,-1,2018
37889,Brazil,Germany,-1,2018
37890,Netherlands,Argentina,-1,2018
37891,Uganda,Seychelles,1,2018
37892,Brazil,Netherlands,-1,2018
37893,Rwanda,Gabon,1,2018
37894,Germany,Argentina,1,2018
37895,Botswana,Lesotho,1,2018
37896,Qatar,Indonesia,-1,2018
37897,Kenya,Burundi,-1,2018
37898,Uganda,Malawi,-1,2018
37899,Botswana,Guinea-Bissau,1,2018
37900,Sierra Leone,Seychelles,1,2018
37901,Uganda,Mauritania,1,2018
37902,Benin,Malawi,1,2018
37903,Congo,Rwanda,1,2018
37904,Lesotho,Kenya,1,2018
37905,Tanzania,Mozambique,-1,2018
37906,Guam,Macau,-1,2018
37907,Mongolia,Northern Mariana Islands,1,2018
37908,Guam,Mongolia,1,2018
37909,Northern Mariana Islands,Macau,1,2018
37910,Guam,Northern Mariana Islands,1,2018
37911,Macau,Mongolia,1,2018
37912,Gabon,Rwanda,-1,2018
37913,Guinea-Bissau,Botswana,-1,2018
37914,Malawi,Benin,1,2018
37915,Rwanda,Congo,1,2018
37916,Kenya,Lesotho,-1,2018
37917,Mauritania,Uganda,-1,2018
37918,Mozambique,Tanzania,1,2018
37919,Peru,Panama,1,2018
37920,Tajikistan,Malaysia,1,2018
37921,Raetia,Sealand,-1,2018
37922,Seborga,Sealand,-1,2018
37923,Kazakhstan,Tajikistan,1,2018
37924,Angola,Botswana,-1,2018
37925,Guatemala,Nicaragua,1,2018
37926,British Virgin Islands,Saint Martin,-1,2018
37927,Azerbaijan,Uzbekistan,-1,2018
37928,Panama,Cuba,1,2018
37929,Guatemala,Cuba,1,2018
37930,French Guiana,Suriname,-1,2018
37931,Seychelles,Sri Lanka,-1,2018
37932,Saint Lucia,Martinique,-1,2018
37933,Norway,United Arab Emirates,-1,2018
37934,Seychelles,Sri Lanka,1,2018
37935,Saint Lucia,Martinique,-1,2018
37936,Egypt,Kenya,1,2018
37937,El Salvador,Dominican Republic,1,2018
37938,Zambia,Sudan,1,2018
37939,Niger,Uganda,1,2018
37940,Myanmar,Palestine,1,2018
37941,Costa Rica,Nicaragua,1,2018
37942,Czech Republic,United States,-1,2018
37943,Denmark,Turkey,-1,2018
37944,England,Norway,1,2018
37945,Germany,Argentina,-1,2018
37946,Grenada,French Guiana,-1,2018
37947,Guyana,Dominica,-1,2018
37948,Republic of Ireland,Oman,1,2018
37949,Latvia,Armenia,1,2018
37950,Lithuania,United Arab Emirates,-1,2018
37951,Morocco,Qatar,-1,2018
37952,Philippines,Taiwan,1,2018
37953,Puerto Rico,Curaçao,-1,2018
37954,Russia,Azerbaijan,1,2018
37955,Ukraine,Moldova,1,2018
37956,Belarus,Tajikistan,1,2018
37957,Belgium,Australia,1,2018
37958,Bosnia and Herzegovina,Liechtenstein,1,2018
37959,China PR,Kuwait,1,2018
37960,Croatia,Cyprus,1,2018
37961,France,Spain,1,2018
37962,Iraq,Peru,-1,2018
37963,Italy,Netherlands,1,2018
37964,Slovakia,Malta,1,2018
37965,Sweden,Estonia,1,2018
37966,Uzbekistan,Jordan,1,2018
37967,Curaçao,Grenada,1,2018
37968,Guinea,Togo,1,2018
37969,Japan,Uruguay,-1,2018
37970,Brazil,Colombia,1,2018
37971,Kazakhstan,Kyrgyzstan,1,2018
37972,South Korea,Venezuela,1,2018
37973,Puerto Rico,French Guiana,-1,2018
37974,Senegal,Egypt,1,2018
37975,Saint Kitts and Nevis,Dominica,1,2018
37976,Saint Lucia,Guyana,1,2018
37977,Saint Vincent and the Grenadines,Anguilla,1,2018
37978,Sudan,South Africa,-1,2018
37979,Suriname,Bonaire,-1,2018
37980,Burkina Faso,Lesotho,1,2018
37981,DR Congo,Cameroon,-1,2018
37982,Ethiopia,Algeria,-1,2018
37983,Gabon,Angola,1,2018
37984,Ghana,Uganda,-1,2018
37985,Ivory Coast,Sierra Leone,1,2018
37986,Mexico,Chile,-1,2018
37987,Niger,Cape Verde,-1,2018
37988,Nigeria,Congo,-1,2018
37989,Palestine,Taiwan,1,2018
37990,Philippines,Myanmar,-1,2018
37991,Singapore,Papua New Guinea,1,2018
37992,Tunisia,Botswana,1,2018
37993,Vietnam,Hong Kong,1,2018
37994,Zambia,Mozambique,-1,2018
37995,Bonaire,Barbados,-1,2018
37996,Burundi,Tanzania,1,2018
37997,Costa Rica,Panama,-1,2018
37998,Denmark,Armenia,1,2018
37999,Dominica,Saint Lucia,-1,2018
38000,Faroe Islands,Finland,-1,2018
38001,French Guiana,Curaçao,-1,2018
38002,Georgia,Republic of Ireland,-1,2018
38003,Germany,Scotland,1,2018
38004,Gibraltar,Poland,-1,2018
38005,Greece,Romania,-1,2018
38006,Hungary,Northern Ireland,-1,2018
38007,Kosovo,Oman,1,2018
38008,Mali,Malawi,1,2018
38009,Morocco,Libya,1,2018
38010,Paraguay,United Arab Emirates,-1,2018
38011,Portugal,Albania,-1,2018
38012,Puerto Rico,Grenada,-1,2018
38013,Serbia,France,-1,2018
38014,Australia,Saudi Arabia,1,2018
38015,Austria,Sweden,-1,2018
38016,Estonia,Slovenia,1,2018
38017,South Korea,Uruguay,-1,2018
38018,Luxembourg,Belarus,-1,2018
38019,Montenegro,Moldova,1,2018
38020,Russia,Liechtenstein,1,2018
38021,San Marino,Lithuania,-1,2018
38022,Spain,North Macedonia,1,2018
38023,Switzerland,England,-1,2018
38024,Ukraine,Slovakia,-1,2018
38025,Uzbekistan,New Zealand,1,2018
38026,Andorra,Wales,-1,2018
38027,Azerbaijan,Bulgaria,-1,2018
38028,Bosnia and Herzegovina,Cyprus,-1,2018
38029,China PR,Jordan,-1,2018
38030,Croatia,Malta,1,2018
38031,Czech Republic,Netherlands,1,2018
38032,Haiti,Chile,-1,2018
38033,Iceland,Turkey,1,2018
38034,Indonesia,Yemen,-1,2018
38035,Japan,Venezuela,-1,2018
38036,Kazakhstan,Latvia,-1,2018
38037,Kuwait,Bahrain,-1,2018
38038,Mexico,Bolivia,1,2018
38039,Norway,Italy,-1,2018
38040,Qatar,Peru,-1,2018
38041,Singapore,Hong Kong,-1,2018
38042,Algeria,Mali,1,2018
38043,Angola,Burkina Faso,-1,2018
38044,Botswana,Senegal,-1,2018
38045,Cameroon,Ivory Coast,1,2018
38046,Cape Verde,Zambia,1,2018
38047,Congo,Sudan,1,2018
38048,DR Congo,Sierra Leone,1,2018
38049,Egypt,Tunisia,-1,2018
38050,Lesotho,Gabon,-1,2018
38051,Malawi,Ethiopia,1,2018
38052,Mozambique,Niger,-1,2018
38053,South Africa,Nigeria,-1,2018
38054,Togo,Ghana,-1,2018
38055,Uganda,Guinea,1,2018
38056,Indonesia,Malaysia,1,2018
38057,Malaysia,Cambodia,1,2018
38058,Indonesia,Cambodia,1,2018
38059,Botswana,Zimbabwe,1,2018
38060,India,Palestine,-1,2018
38061,Qatar,Uzbekistan,1,2018
38062,Antigua and Barbuda,Saint Lucia,1,2018
38063,Curaçao,Martinique,-1,2018
38064,Haiti,French Guiana,-1,2018
38065,Saint Kitts and Nevis,Barbados,-1,2018
38066,Trinidad and Tobago,Dominican Republic,1,2018
38067,Belarus,Ukraine,-1,2018
38068,England,San Marino,1,2018
38069,Liechtenstein,Montenegro,-1,2018
38070,Lithuania,Estonia,1,2018
38071,North Macedonia,Luxembourg,1,2018
38072,Moldova,Austria,-1,2018
38073,Morocco,Central African Republic,1,2018
38074,Qatar,Lebanon,1,2018
38075,Slovakia,Spain,1,2018
38076,Slovenia,Switzerland,1,2018
38077,Sweden,Russia,-1,2018
38078,Belgium,Andorra,1,2018
38079,Botswana,Egypt,-1,2018
38080,Bulgaria,Croatia,-1,2018
38081,China PR,Thailand,1,2018
38082,Cyprus,Israel,-1,2018
38083,French Guiana,Saint Kitts and Nevis,-1,2018
38084,Hong Kong,Singapore,1,2018
38085,Italy,Azerbaijan,1,2018
38086,Japan,Jamaica,1,2018
38087,Jordan,Kuwait,-1,2018
38088,South Korea,Paraguay,1,2018
38089,Latvia,Iceland,-1,2018
38090,Lesotho,Angola,-1,2018
38091,Malta,Norway,-1,2018
38092,Netherlands,Kazakhstan,1,2018
38093,Oman,Costa Rica,-1,2018
38094,Saudi Arabia,Uruguay,-1,2018
38095,Senegal,Tunisia,-1,2018
38096,Saint Vincent and the Grenadines,Curaçao,1,2018
38097,Trinidad and Tobago,Saint Lucia,1,2018
38098,Turkey,Czech Republic,-1,2018
38099,United Arab Emirates,Australia,-1,2018
38100,Uzbekistan,Bahrain,-1,2018
38101,Wales,Bosnia and Herzegovina,-1,2018
38102,Yemen,Iraq,-1,2018
38103,Chile,Peru,1,2018
38104,Albania,Denmark,-1,2018
38105,Argentina,Brazil,-1,2018
38106,Armenia,Serbia,-1,2018
38107,Cameroon,Sierra Leone,-1,2018
38108,Congo,South Africa,-1,2018
38109,DR Congo,Ivory Coast,-1,2018
38110,Ethiopia,Mali,-1,2018
38111,Finland,Greece,-1,2018
38112,France,Portugal,1,2018
38113,Gabon,Burkina Faso,1,2018
38114,Guinea,Ghana,-1,2018
38115,Republic of Ireland,Gibraltar,1,2018
38116,Malawi,Algeria,-1,2018
38117,Mozambique,Cape Verde,1,2018
38118,Niger,Zambia,-1,2018
38119,Northern Ireland,Faroe Islands,1,2018
38120,Poland,Germany,1,2018
38121,Romania,Hungary,-1,2018
38122,Scotland,Georgia,1,2018
38123,Sudan,Nigeria,1,2018
38124,Uganda,Togo,-1,2018
38125,Austria,Montenegro,1,2018
38126,Barbados,French Guiana,-1,2018
38127,Belarus,Slovakia,-1,2018
38128,Timor-Leste,Brunei,1,2018
38129,Estonia,England,-1,2018
38130,Guadeloupe,Curaçao,-1,2018
38131,Haiti,Saint Kitts and Nevis,-1,2018
38132,Laos,Cambodia,1,2018
38133,Lithuania,Slovenia,-1,2018
38134,Luxembourg,Spain,-1,2018
38135,Mexico,Panama,1,2018
38136,Pakistan,Palestine,-1,2018
38137,Philippines,Papua New Guinea,1,2018
38138,Russia,Moldova,-1,2018
38139,Saint Lucia,Dominican Republic,-1,2018
38140,Sweden,Liechtenstein,1,2018
38141,Tanzania,Benin,1,2018
38142,Trinidad and Tobago,Antigua and Barbuda,1,2018
38143,Ukraine,North Macedonia,1,2018
38144,Andorra,Israel,-1,2018
38145,Bosnia and Herzegovina,Belgium,-1,2018
38146,Croatia,Azerbaijan,1,2018
38147,Iceland,Netherlands,1,2018
38148,Jordan,Kuwait,-1,2018
38149,Kazakhstan,Czech Republic,-1,2018
38150,Latvia,Turkey,-1,2018
38151,Malta,Italy,-1,2018
38152,Morocco,Kenya,1,2018
38153,Norway,Bulgaria,1,2018
38154,Oman,Uruguay,-1,2018
38155,Wales,Cyprus,1,2018
38156,Armenia,France,-1,2018
38157,Bahrain,Iraq,-1,2018
38158,Myanmar,Timor-Leste,-1,2018
38159,China PR,Paraguay,1,2018
38160,Denmark,Portugal,-1,2018
38161,Faroe Islands,Hungary,-1,2018
38162,Finland,Romania,-1,2018
38163,Germany,Republic of Ireland,-1,2018
38164,Gibraltar,Georgia,-1,2018
38165,Greece,Northern Ireland,-1,2018
38166,Hong Kong,Argentina,-1,2018
38167,Japan,Brazil,-1,2018
38168,South Korea,Costa Rica,-1,2018
38169,Laos,Brunei,1,2018
38170,Macau,Singapore,-1,2018
38171,Poland,Scotland,-1,2018
38172,Qatar,Australia,1,2018
38173,San Marino,Switzerland,-1,2018
38174,Saudi Arabia,Lebanon,-1,2018
38175,Serbia,Albania,-1,2018
38176,United Arab Emirates,Uzbekistan,-1,2018
38177,United States,Honduras,-1,2018
38178,Peru,Guatemala,1,2018
38179,Algeria,Malawi,1,2018
38180,Angola,Lesotho,1,2018
38181,Burkina Faso,Gabon,-1,2018
38182,Cameroon,Sierra Leone,1,2018
38183,Cape Verde,Mozambique,1,2018
38184,Egypt,Botswana,1,2018
38185,Ghana,Guinea,1,2018
38186,Ivory Coast,DR Congo,-1,2018
38187,Mali,Ethiopia,-1,2018
38188,Nigeria,Sudan,1,2018
38189,South Africa,Congo,-1,2018
38190,Eswatini,Zimbabwe,-1,2018
38191,Togo,Uganda,1,2018
38192,Tunisia,Senegal,1,2018
38193,Zambia,Niger,1,2018
38194,Brunei,Myanmar,-1,2018
38195,Timor-Leste,Cambodia,-1,2018
38196,Cambodia,Myanmar,-1,2018
38197,Laos,Timor-Leste,1,2018
38198,Cambodia,Brunei,1,2018
38199,Laos,Myanmar,-1,2018
38200,Bangladesh,Sri Lanka,-1,2018
38201,Zambia,Ivory Coast,-1,2018
38202,Bangladesh,Sri Lanka,1,2018
38203,North Korea,Kuwait,-1,2018
38204,Philippines,Nepal,1,2018
38205,Bahrain,North Korea,-1,2018
38206,Kuwait,Yemen,-1,2018
38207,Qatar,North Korea,1,2018
38208,Saudi Arabia,Palestine,1,2018
38209,United Arab Emirates,Lebanon,1,2018
38210,Bahrain,Singapore,1,2018
38211,Oman,Yemen,1,2018
38212,Székely Land,Raetia,1,2018
38213,Thailand,Philippines,1,2018
38214,Uganda,Ethiopia,1,2018
38215,Vietnam,Palestine,-1,2018
38216,Cuba,French Guiana,-1,2018
38217,Curaçao,Trinidad and Tobago,-1,2018
38218,Argentina,Croatia,1,2018
38219,Belgium,Iceland,1,2018
38220,Haiti,Antigua and Barbuda,-1,2018
38221,Netherlands,Mexico,-1,2018
38222,Norway,Estonia,-1,2018
38223,Turkey,Brazil,-1,2018
38224,Curaçao,Cuba,-1,2018
38225,North Korea,Hong Kong,1,2018
38226,Morocco,Benin,1,2018
38227,Saudi Arabia,Qatar,-1,2018
38228,Singapore,Laos,1,2018
38229,Trinidad and Tobago,French Guiana,1,2018
38230,Uruguay,Costa Rica,-1,2018
38231,Yemen,Bahrain,-1,2018
38232,Botswana,Tunisia,-1,2018
38233,China PR,New Zealand,-1,2018
38234,France,Albania,-1,2018
38235,Georgia,Poland,-1,2018
38236,Germany,Gibraltar,1,2018
38237,Greece,Faroe Islands,-1,2018
38238,Hungary,Finland,1,2018
38239,Iraq,Kuwait,-1,2018
38240,Ivory Coast,Sierra Leone,1,2018
38241,Japan,Honduras,1,2018
38242,Jordan,South Korea,-1,2018
38243,Martinique,Haiti,-1,2018
38244,Paraguay,Peru,1,2018
38245,Philippines,Cambodia,1,2018
38246,Portugal,Armenia,1,2018
38247,Romania,Northern Ireland,1,2018
38248,Scotland,Republic of Ireland,1,2018
38249,Serbia,Denmark,-1,2018
38250,United Arab Emirates,Oman,-1,2018
38251,United States,Colombia,-1,2018
38252,Algeria,Ethiopia,1,2018
38253,Angola,Gabon,-1,2018
38254,Austria,Russia,1,2018
38255,Cameroon,DR Congo,1,2018
38256,Cape Verde,Niger,1,2018
38257,Congo,Nigeria,-1,2018
38258,Egypt,Senegal,-1,2018
38259,England,Slovenia,1,2018
38260,French Guiana,Curaçao,1,2018
38261,Indonesia,Syria,-1,2018
38262,Lesotho,Burkina Faso,-1,2018
38263,Luxembourg,Ukraine,-1,2018
38264,North Macedonia,Slovakia,-1,2018
38265,Malawi,Mali,1,2018
38266,Moldova,Liechtenstein,-1,2018
38267,Montenegro,Sweden,-1,2018
38268,Mozambique,Zambia,-1,2018
38269,San Marino,Estonia,-1,2018
38270,South Africa,Sudan,1,2018
38271,Spain,Belarus,1,2018
38272,Switzerland,Lithuania,1,2018
38273,Togo,Guinea,-1,2018
38274,Uganda,Ghana,1,2018
38275,Antigua and Barbuda,Martinique,-1,2018
38276,Azerbaijan,Norway,-1,2018
38277,Belgium,Wales,-1,2018
38278,Bulgaria,Malta,-1,2018
38279,Cyprus,Andorra,1,2018
38280,Czech Republic,Iceland,1,2018
38281,Guam,North Korea,-1,2018
38282,Israel,Bosnia and Herzegovina,1,2018
38283,Italy,Croatia,-1,2018
38284,Morocco,Zimbabwe,1,2018
38285,Netherlands,Latvia,1,2018
38286,Saudi Arabia,Bahrain,1,2018
38287,Eswatini,Tanzania,-1,2018
38288,Turkey,Kazakhstan,1,2018
38289,Vietnam,Malaysia,1,2018
38290,Yemen,Qatar,-1,2018
38291,Iraq,Oman,-1,2018
38292,Singapore,Cambodia,1,2018
38293,United Arab Emirates,Kuwait,-1,2018
38294,Austria,Brazil,-1,2018
38295,Belarus,Mexico,1,2018
38296,Bolivia,Venezuela,1,2018
38297,Chile,Uruguay,-1,2018
38298,China PR,Honduras,-1,2018
38299,Cuba,Haiti,-1,2018
38300,Estonia,Jordan,1,2018
38301,France,Sweden,1,2018
38302,Greece,Serbia,-1,2018
38303,Hungary,Russia,-1,2018
38304,Iran,South Korea,1,2018
38305,Republic of Ireland,United States,1,2018
38306,Italy,Albania,1,2018
38307,Jamaica,Trinidad and Tobago,-1,2018
38308,Japan,Australia,1,2018
38309,Nicaragua,El Salvador,-1,2018
38310,Panama,Canada,-1,2018
38311,Peru,Paraguay,1,2018
38312,Poland,Switzerland,-1,2018
38313,Portugal,Argentina,1,2018
38314,Romania,Denmark,1,2018
38315,Scotland,England,-1,2018
38316,Slovakia,Finland,1,2018
38317,Slovenia,Colombia,-1,2018
38318,Spain,Germany,-1,2018
38319,Thailand,New Zealand,1,2018
38320,Ukraine,Lithuania,-1,2018
38321,Bahrain,Qatar,-1,2018
38322,Burkina Faso,Angola,-1,2018
38323,DR Congo,Sierra Leone,1,2018
38324,Ethiopia,Malawi,-1,2018
38325,Gabon,Lesotho,1,2018
38326,Ghana,Togo,1,2018
38327,Guam,Hong Kong,-1,2018
38328,Guinea,Uganda,1,2018
38329,Ivory Coast,Cameroon,-1,2018
38330,Mali,Algeria,1,2018
38331,Niger,Mozambique,-1,2018
38332,Nigeria,South Africa,-1,2018
38333,Saudi Arabia,Yemen,1,2018
38334,Senegal,Botswana,1,2018
38335,Sudan,Congo,-1,2018
38336,Tunisia,Egypt,1,2018
38337,Zambia,Cape Verde,1,2018
38338,Kuwait,Oman,-1,2018
38339,United Arab Emirates,Iraq,1,2018
38340,Philippines,Laos,1,2018
38341,Vietnam,Indonesia,-1,2018
38342,Malaysia,Myanmar,-1,2018
38343,Oman,Qatar,-1,2018
38344,Saudi Arabia,United Arab Emirates,1,2018
38345,Singapore,Thailand,-1,2018
38346,Philippines,Indonesia,1,2018
38347,Vietnam,Laos,1,2018
38348,United Arab Emirates,Oman,1,2018
38349,Malaysia,Thailand,-1,2018
38350,Saudi Arabia,Qatar,-1,2018
38351,Singapore,Myanmar,1,2018
38352,Indonesia,Laos,1,2018
38353,Vietnam,Philippines,1,2018
38354,Singapore,Malaysia,-1,2018
38355,Thailand,Myanmar,1,2018
38356,South Africa,Ivory Coast,1,2018
38357,Philippines,Thailand,-1,2018
38358,Malaysia,Vietnam,-1,2018
38359,Thailand,Philippines,1,2018
38360,Vietnam,Malaysia,-1,2018
38361,Uzbekistan,Palestine,1,2018
38362,Thailand,Malaysia,1,2018
38363,Malaysia,Thailand,1,2018
38364,China PR,Palestine,-1,2018
38365,Uzbekistan,Jordan,1,2018
38366,Iraq,Kuwait,-1,2018
38367,Uzbekistan,Iraq,1,2018
38368,Qatar,Estonia,1,2018
38369,Uzbekistan,Iraq,-1,2018
38370,Basque Country,Catalonia,-1,2018
38371,Bahrain,Saudi Arabia,1,2018
38372,United Arab Emirates,Jordan,1,2018
38373,Occitania,Ellan Vannin,1,2018
38374,Qatar,Oman,-1,2018
38375,Bahrain,Jordan,1,2018
38376,Iran,Iraq,1,2018
38377,South Korea,Saudi Arabia,1,2018
38378,South Africa,Zambia,1,2018
38379,China PR,Oman,1,2018
38380,Cameroon,DR Congo,-1,2018
38381,Australia,Kuwait,1,2018
38382,Senegal,Gabon,1,2018
38383,Burkina Faso,Eswatini,1,2018
38384,Cameroon,South Africa,-1,2018
38385,Cape Verde,Congo,1,2018
38386,South Korea,Oman,1,2018
38387,Saudi Arabia,China PR,-1,2018
38388,Uzbekistan,North Korea,1,2018
38389,Iran,Bahrain,1,2018
38390,Nigeria,Ivory Coast,-1,2018
38391,Tunisia,Algeria,-1,2018
38392,United Arab Emirates,Qatar,1,2018
38393,Japan,Palestine,1,2018
38394,Jordan,Iraq,-1,2018
38395,Australia,Oman,1,2018
38396,Botswana,Burkina Faso,-1,2018
38397,Kuwait,South Korea,-1,2018
38398,Senegal,Guinea,1,2018
38399,China PR,Uzbekistan,1,2018
38400,North Korea,Saudi Arabia,-1,2018
38401,Mali,South Africa,-1,2018
38402,Bahrain,United Arab Emirates,-1,2018
38403,Qatar,Iran,-1,2018
38404,Sweden,Ivory Coast,1,2018
38405,Canada,Iceland,-1,2018
38406,Iraq,Japan,-1,2018
38407,Palestine,Jordan,-1,2018
38408,Australia,South Korea,-1,2018
38409,Burkina Faso,Gabon,-1,2018
38410,Equatorial Guinea,Congo,-1,2018
38411,Oman,Kuwait,1,2018
38412,Yemen,Nigeria,-1,2018
38413,China PR,North Korea,1,2018
38414,Tunisia,Cape Verde,-1,2018
38415,Uzbekistan,Saudi Arabia,1,2018
38416,Zambia,DR Congo,-1,2018
38417,Algeria,South Africa,1,2018
38418,Canada,Iceland,-1,2018
38419,Finland,Sweden,1,2018
38420,Ghana,Senegal,-1,2018
38421,Iran,United Arab Emirates,1,2018
38422,Qatar,Bahrain,-1,2018
38423,Iraq,Palestine,1,2018
38424,Ivory Coast,Guinea,-1,2018
38425,Japan,Jordan,1,2018
38426,Mali,Cameroon,-1,2018
38427,Equatorial Guinea,Burkina Faso,-1,2018
38428,Gabon,Congo,-1,2018
38429,Australia,China PR,1,2018
38430,Cape Verde,DR Congo,-1,2018
38431,South Korea,Uzbekistan,1,2018
38432,Yemen,Finland,-1,2018
38433,Zambia,Tunisia,-1,2018
38434,Ghana,Algeria,1,2018
38435,Iran,Iraq,-1,2018
38436,Japan,United Arab Emirates,-1,2018
38437,South Africa,Senegal,-1,2018
38438,Cameroon,Guinea,-1,2018
38439,Ivory Coast,Mali,-1,2018
38440,Congo,Burkina Faso,1,2018
38441,Equatorial Guinea,Gabon,1,2018
38442,Cape Verde,Zambia,-1,2018
38443,DR Congo,Tunisia,-1,2018
38444,South Korea,Iraq,1,2018
38445,Australia,United Arab Emirates,1,2018
38446,Senegal,Algeria,-1,2018
38447,South Africa,Ghana,-1,2018
38448,Cameroon,Ivory Coast,-1,2018
38449,Chile,United States,1,2018
38450,Guinea,Mali,-1,2018
38451,Curaçao,Aruba,-1,2018
38452,Iraq,United Arab Emirates,-1,2018
38453,Suriname,Bonaire,1,2018
38454,Australia,South Korea,1,2018
38455,Congo,DR Congo,-1,2018
38456,Equatorial Guinea,Tunisia,1,2018
38457,Curaçao,Bonaire,1,2018
38458,Ghana,Guinea,1,2018
38459,Ivory Coast,Algeria,1,2018
38460,Suriname,Aruba,1,2018
38461,Bangladesh,Sri Lanka,1,2018
38462,DR Congo,Ivory Coast,-1,2018
38463,Honduras,Venezuela,-1,2018
38464,Equatorial Guinea,Ghana,-1,2018
38465,Pakistan,Afghanistan,1,2018
38466,Equatorial Guinea,DR Congo,-1,2018
38467,Ivory Coast,Ghana,-1,2018
38468,United States,Panama,1,2018
38469,Kazakhstan,Moldova,-1,2018
38470,Antigua and Barbuda,United States Virgin Islands,1,2018
38471,Bermuda,Grenada,1,2018
38472,Cambodia,Macau,1,2018
38473,Timor-Leste,Mongolia,-1,2018
38474,India,Nepal,1,2018
38475,Sri Lanka,Bhutan,-1,2018
38476,Yemen,Pakistan,1,2018
38477,Taiwan,Brunei,-1,2018
38478,Antigua and Barbuda,Dominica,1,2018
38479,Bhutan,Sri Lanka,1,2018
38480,Brunei,Taiwan,-1,2018
38481,Macau,Cambodia,-1,2018
38482,Mongolia,Timor-Leste,1,2018
38483,Nepal,India,-1,2018
38484,Antigua and Barbuda,British Virgin Islands,1,2018
38485,Barbados,United States Virgin Islands,-1,2018
38486,Pakistan,Yemen,-1,2018
38487,Nicaragua,Anguilla,1,2018
38488,Saint Kitts and Nevis,Turks and Caicos Islands,1,2018
38489,Botswana,Lesotho,1,2018
38490,Denmark,United States,1,2018
38491,Dominican Republic,Cuba,-1,2018
38492,French Guiana,Honduras,1,2018
38493,Gabon,Mali,1,2018
38494,Georgia,Malta,1,2018
38495,Germany,Australia,-1,2018
38496,Indonesia,Cameroon,-1,2018
38497,Mauritius,Burundi,-1,2018
38498,Nigeria,Uganda,-1,2018
38499,Scotland,Northern Ireland,1,2018
38500,Eswatini,South Africa,-1,2018
38501,Bahamas,Bermuda,-1,2018
38502,Bahrain,Colombia,-1,2018
38503,Chile,Iran,-1,2018
38504,Egypt,Equatorial Guinea,1,2018
38505,France,Brazil,-1,2018
38506,Ivory Coast,Angola,1,2018
38507,Jordan,Syria,-1,2018
38508,Maldives,Tajikistan,-1,2018
38509,Oman,Malaysia,1,2018
38510,Qatar,Algeria,1,2018
38511,Thailand,Singapore,1,2018
38512,United States Virgin Islands,Barbados,-1,2018
38513,Dominica,British Virgin Islands,1,2018
38514,Turks and Caicos Islands,Saint Kitts and Nevis,-1,2018
38515,Canada,Guatemala,1,2018
38516,China PR,Haiti,-1,2018
38517,Curaçao,Montserrat,1,2018
38518,England,Lithuania,1,2018
38519,Gambia,Mauritania,1,2018
38520,Japan,Tunisia,1,2018
38521,South Korea,Uzbekistan,-1,2018
38522,Liechtenstein,Austria,-1,2018
38523,North Macedonia,Belarus,-1,2018
38524,Moldova,Sweden,-1,2018
38525,Slovakia,Luxembourg,1,2018
38526,Slovenia,San Marino,1,2018
38527,Spain,Ukraine,1,2018
38528,Switzerland,Estonia,1,2018
38529,Trinidad and Tobago,Panama,-1,2018
38530,Argentina,El Salvador,1,2018
38531,Andorra,Bosnia and Herzegovina,-1,2018
38532,Azerbaijan,Malta,1,2018
38533,Belgium,Cyprus,1,2018
38534,Bulgaria,Italy,-1,2018
38535,Croatia,Norway,1,2018
38536,Czech Republic,Latvia,-1,2018
38537,Ghana,Senegal,-1,2018
38538,Hong Kong,Guam,1,2018
38539,Iraq,DR Congo,1,2018
38540,Israel,Wales,-1,2018
38541,Kazakhstan,Iceland,-1,2018
38542,Mauritius,Togo,-1,2018
38543,Morocco,Uruguay,-1,2018
38544,Netherlands,Turkey,-1,2018
38545,Alderney,Jersey,-1,2018
38546,Albania,Armenia,1,2018
38547,Anguilla,Nicaragua,-1,2018
38548,Bermuda,Bahamas,1,2018
38549,Botswana,Mozambique,-1,2018
38550,Brazil,Chile,1,2018
38551,Dominica,British Virgin Islands,-1,2018
38552,France,Denmark,1,2018
38553,Georgia,Germany,-1,2018
38554,Guyana,Grenada,1,2018
38555,Honduras,French Guiana,1,2018
38556,Hungary,Greece,-1,2018
38557,Republic of Ireland,Poland,-1,2018
38558,Ivory Coast,Equatorial Guinea,-1,2018
38559,Northern Ireland,Finland,1,2018
38560,Portugal,Serbia,1,2018
38561,Romania,Faroe Islands,1,2018
38562,Scotland,Gibraltar,1,2018
38563,South Africa,Nigeria,-1,2018
38564,Tanzania,Malawi,-1,2018
38565,Zambia,Rwanda,1,2018
38566,Cayman Islands,Belize,-1,2018
38567,Bahrain,Philippines,1,2018
38568,Belarus,Gabon,-1,2018
38569,Indonesia,Myanmar,1,2018
38570,Jamaica,Cuba,1,2018
38571,Kuwait,Colombia,-1,2018
38572,North Macedonia,Australia,-1,2018
38573,Oman,Algeria,-1,2018
38574,Qatar,Slovenia,1,2018
38575,Saudi Arabia,Jordan,1,2018
38576,Thailand,Cameroon,-1,2018
38577,Argentina,Ecuador,1,2018
38578,Austria,Bosnia and Herzegovina,-1,2018
38579,China PR,Tunisia,-1,2018
38580,Estonia,Iceland,-1,2018
38581,Ghana,Mali,-1,2018
38582,Iraq,DR Congo,1,2018
38583,Israel,Belgium,-1,2018
38584,Italy,England,-1,2018
38585,Japan,Uzbekistan,1,2018
38586,South Korea,New Zealand,1,2018
38587,Liechtenstein,San Marino,1,2018
38588,Luxembourg,Turkey,-1,2018
38589,Mauritania,Niger,1,2018
38590,Montserrat,Curaçao,-1,2018
38591,Netherlands,Spain,1,2018
38592,Panama,Costa Rica,1,2018
38593,Peru,Venezuela,-1,2018
38594,Portugal,Cape Verde,-1,2018
38595,Russia,Kazakhstan,-1,2018
38596,Singapore,Guam,-1,2018
38597,Slovakia,Czech Republic,1,2018
38598,Sweden,Iran,1,2018
38599,Switzerland,United States,-1,2018
38600,Tajikistan,Syria,-1,2018
38601,Ukraine,Latvia,-1,2018
38602,United States,Mexico,1,2018
38603,Abkhazia,Luhansk PR,1,2018
38604,Barbados,Saint Kitts and Nevis,-1,2018
38605,Zambia,Malawi,1,2018
38606,Kazakhstan,Burkina Faso,-1,2018
38607,Dominican Republic,Cayman Islands,1,2018
38608,Grenada,Dominica,-1,2018
38609,Lesotho,South Africa,-1,2018
38610,Saint Lucia,Saint Vincent and the Grenadines,-1,2018
38611,Abkhazia,Donetsk PR,1,2018
38612,Lesotho,South Africa,-1,2018
38613,Saint Lucia,Grenada,-1,2018
38614,Guernsey,Jersey,-1,2018
38615,Namibia,Seychelles,-1,2018
38616,Vietnam,North Korea,-1,2018
38617,Zimbabwe,Mauritius,1,2018
38618,Lesotho,Madagascar,-1,2018
38619,Tanzania,Eswatini,-1,2018
38620,Namibia,Mauritius,1,2018
38621,Seychelles,Zimbabwe,-1,2018
38622,Lesotho,Eswatini,-1,2018
38623,Madagascar,Tanzania,1,2018
38624,Thailand,North Korea,-1,2018
38625,Namibia,Zimbabwe,1,2018
38626,Seychelles,Mauritius,-1,2018
38627,Lesotho,Tanzania,1,2018
38628,Madagascar,Eswatini,-1,2018
38629,Lebanon,Syria,-1,2018
38630,South Africa,Botswana,-1,2018
38631,Thailand,Vietnam,1,2018
38632,Zambia,Namibia,-1,2018
38633,Ghana,Madagascar,-1,2018
38634,Mozambique,Malawi,-1,2018
38635,South Africa,Malawi,-1,2018
38636,Zambia,Ghana,1,2018
38637,Botswana,Mozambique,-1,2018
38638,Namibia,Madagascar,1,2018
38639,Laos,Afghanistan,-1,2018
38640,Zambia,Malawi,-1,2018
38641,Corsica,Burkina Faso,1,2018
38642,Bahrain,Oman,-1,2018
38643,Bangladesh,Singapore,-1,2018
38644,Jordan,Lebanon,-1,2018
38645,Madagascar,Botswana,1,2018
38646,Mexico,Guatemala,1,2018
38647,Namibia,Mozambique,1,2018
38648,Alderney,Felvidék,-1,2018
38649,Ellan Vannin,Panjab,1,2018
38650,Ellan Vannin,Felvidék,1,2018
38651,El Salvador,Honduras,-1,2018
38652,Northern Ireland,Qatar,-1,2018
38653,Panjab,Alderney,1,2018
38654,Bangladesh,Afghanistan,-1,2018
38655,Cambodia,Laos,-1,2018
38656,Panama,Ecuador,-1,2018
38657,Peru,Mexico,-1,2018
38658,Cambodia,Myanmar,1,2018
38659,Curaçao,Trinidad and Tobago,1,2018
38660,Hungary,Lithuania,1,2018
38661,Jordan,Kuwait,-1,2018
38662,Netherlands,United States,-1,2018
38663,Oman,Syria,-1,2018
38664,Scotland,Qatar,1,2018
38665,Thailand,Bahrain,-1,2018
38666,Argentina,Bolivia,1,2018
38667,Andorra,Equatorial Guinea,-1,2018
38668,Burkina Faso,Cameroon,-1,2018
38669,Colombia,Costa Rica,1,2018
38670,Ecuador,Panama,1,2018
38671,Guinea,Chad,1,2018
38672,Malaysia,Hong Kong,-1,2018
38673,Niger,Gabon,1,2018
38674,Paraguay,Honduras,-1,2018
38675,Rwanda,Kenya,-1,2018
38676,Singapore,Brunei,1,2018
38677,Uruguay,Guatemala,1,2018
38678,Brazil,Mexico,1,2018
38679,Croatia,Gibraltar,1,2018
38680,Ethiopia,Zambia,-1,2018
38681,France,Belgium,-1,2018
38682,Republic of Ireland,England,-1,2018
38683,Kenya,South Sudan,1,2018
38684,Russia,Belarus,1,2018
38685,Rwanda,Tanzania,1,2018
38686,Serbia,Azerbaijan,1,2018
38687,Nicaragua,Suriname,1,2018
38688,Denmark,Montenegro,1,2018
38689,Egypt,Malawi,1,2018
38690,Ghana,Togo,1,2018
38691,Malta,Lithuania,1,2018
38692,Norway,Sweden,-1,2018
38693,Turkey,Bulgaria,1,2018
38694,DR Congo,Cameroon,-1,2018
38695,Finland,Estonia,-1,2018
38696,Georgia,Ukraine,-1,2018
38697,Luxembourg,Moldova,-1,2018
38698,Uganda,Gambia,-1,2018
38699,Brazil,Honduras,1,2018
38700,Curaçao,Cuba,-1,2018
38701,Germany,United States,-1,2018
38702,Switzerland,Liechtenstein,1,2018
38703,Antigua and Barbuda,Saint Lucia,-1,2018
38704,Aruba,Barbados,-1,2018
38705,Saint Vincent and the Grenadines,Guyana,-1,2018
38706,Afghanistan,Syria,-1,2018
38707,Bangladesh,Kyrgyzstan,-1,2018
38708,Cambodia,Singapore,-1,2018
38709,Chile,Ecuador,1,2018
38710,Dominican Republic,Belize,-1,2018
38711,Guam,Turkmenistan,1,2018
38712,Hong Kong,Bhutan,1,2018
38713,India,Oman,-1,2018
38714,Japan,Iraq,1,2018
38715,South Korea,United Arab Emirates,1,2018
38716,Laos,Myanmar,-1,2018
38717,Lebanon,Kuwait,-1,2018
38718,Malaysia,Timor-Leste,1,2018
38719,Maldives,Qatar,-1,2018
38720,Philippines,Bahrain,1,2018
38721,Saudi Arabia,Palestine,1,2018
38722,Spain,Costa Rica,1,2018
38723,Tajikistan,Jordan,-1,2018
38724,Uzbekistan,Iran,-1,2018
38725,Yemen,North Korea,-1,2018
38726,Dominica,Canada,-1,2018
38727,Saint Kitts and Nevis,El Salvador,-1,2018
38728,Andorra,Cyprus,-1,2018
38729,Bosnia and Herzegovina,Israel,1,2018
38730,Croatia,Italy,-1,2018
38731,Guinea,Eswatini,-1,2018
38732,Iceland,Czech Republic,1,2018
38733,Kazakhstan,Turkey,-1,2018
38734,Latvia,Netherlands,-1,2018
38735,Malta,Bulgaria,-1,2018
38736,Mexico,Bolivia,-1,2018
38737,Morocco,Libya,1,2018
38738,Norway,Azerbaijan,-1,2018
38739,Wales,Belgium,1,2018
38740,Puerto Rico,Grenada,1,2018
38741,Guatemala,Bermuda,-1,2018
38742,Tunisia,Djibouti,1,2018
38743,Albania,France,1,2018
38744,Algeria,Seychelles,1,2018
38745,Angola,Central African Republic,1,2018
38746,Argentina,Paraguay,-1,2018
38747,Armenia,Portugal,-1,2018
38748,Burkina Faso,Comoros,1,2018
38749,Cape Verde,São Tomé and Príncipe,1,2018
38750,Denmark,Serbia,1,2018
38751,Faroe Islands,Greece,1,2018
38752,Finland,Hungary,-1,2018
38753,Gibraltar,Germany,-1,2018
38754,Republic of Ireland,Scotland,-1,2018
38755,Malawi,Zimbabwe,-1,2018
38756,Mali,South Sudan,1,2018
38757,Northern Ireland,Romania,-1,2018
38758,Poland,Georgia,1,2018
38759,Senegal,Burundi,1,2018
38760,South Africa,Gambia,-1,2018
38761,Uganda,Botswana,1,2018
38762,Uruguay,Jamaica,1,2018
38763,Zambia,Guinea-Bissau,-1,2018
38764,Barbados,Aruba,-1,2018
38765,Belarus,Spain,-1,2018
38766,Brazil,Peru,1,2018
38767,Cameroon,Mauritania,1,2018
38768,Colombia,Venezuela,-1,2018
38769,Congo,Kenya,-1,2018
38770,DR Congo,Madagascar,1,2018
38771,Cuba,Curaçao,-1,2018
38772,Egypt,Tanzania,1,2018
38773,Equatorial Guinea,Benin,-1,2018
38774,Estonia,San Marino,1,2018
38775,Gabon,Ivory Coast,-1,2018
38776,Ghana,Mauritius,1,2018
38777,Liechtenstein,Moldova,-1,2018
38778,Lithuania,Switzerland,-1,2018
38779,Mozambique,Rwanda,-1,2018
38780,Niger,Namibia,1,2018
38781,Russia,Austria,-1,2018
38782,Slovakia,North Macedonia,1,2018
38783,Slovenia,England,-1,2018
38784,Sudan,Sierra Leone,1,2018
38785,Sweden,Montenegro,1,2018
38786,Togo,Liberia,1,2018
38787,Ukraine,Luxembourg,1,2018
38788,Belize,Dominican Republic,1,2018
38789,Guyana,Saint Vincent and the Grenadines,-1,2018
38790,Antigua and Barbuda,Saint Lucia,1,2018
38791,Ethiopia,Lesotho,1,2018
38792,Chile,Mexico,-1,2018
38793,Ecuador,Bolivia,-1,2018
38794,Bermuda,Guatemala,-1,2018
38795,Argentina,Uruguay,1,2018
38796,Bangladesh,Tajikistan,-1,2018
38797,Bhutan,China PR,-1,2018
38798,Myanmar,South Korea,-1,2018
38799,Cambodia,Afghanistan,-1,2018
38800,Timor-Leste,United Arab Emirates,-1,2018
38801,Grenada,Puerto Rico,1,2018
38802,Guam,India,1,2018
38803,Hong Kong,Maldives,1,2018
38804,Italy,Portugal,-1,2018
38805,Japan,Singapore,-1,2018
38806,Jordan,Trinidad and Tobago,1,2018
38807,North Korea,Uzbekistan,1,2018
38808,Kyrgyzstan,Australia,-1,2018
38809,Laos,Lebanon,-1,2018
38810,Malaysia,Palestine,-1,2018
38811,Paraguay,Jamaica,1,2018
38812,Poland,Greece,-1,2018
38813,South Africa,Angola,1,2018
38814,Suriname,Nicaragua,-1,2018
38815,Turkmenistan,Iran,-1,2018
38816,Yemen,Philippines,-1,2018
38817,Canada,Dominica,1,2018
38818,El Salvador,Saint Kitts and Nevis,1,2018
38819,Taiwan,Thailand,-1,2018
38820,Brazil,Colombia,-1,2018
38821,Székely Land,County of Nice,-1,2018
38822,Padania,Romani people,1,2018
38823,Peru,Venezuela,1,2018
38824,Székely Land,Felvidék,-1,2018
38825,Romani people,Ellan Vannin,-1,2018
38826,Chile,Bolivia,1,2018
38827,Mexico,Ecuador,-1,2018
38828,Felvidék,County of Nice,-1,2018
38829,Padania,Ellan Vannin,1,2018
38830,Székely Land,Romani people,-1,2018
38831,Argentina,Jamaica,1,2018
38832,Uruguay,Paraguay,-1,2018
38833,County of Nice,Ellan Vannin,1,2018
38834,Padania,Felvidék,1,2018
38835,Brazil,Venezuela,1,2018
38836,Colombia,Peru,-1,2018
38837,Ellan Vannin,Felvidék,-1,2018
38838,County of Nice,Padania,-1,2018
38839,Chile,Uruguay,1,2018
38840,Bolivia,Peru,-1,2018
38841,Argentina,Colombia,-1,2018
38842,Brazil,Paraguay,-1,2018
38843,Mexico,Costa Rica,-1,2018
38844,Greenland,Menorca,-1,2018
38845,Saare County,Åland Islands,-1,2018
38846,Gibraltar,Gotland,1,2018
38847,Ynys Môn,Guernsey,-1,2018
38848,Falkland Islands,Hitra,1,2018
38849,Shetland,Isle of Wight,-1,2018
38850,Western Isles,Isle of Man,-1,2018
38851,Jersey,Alderney,1,2018
38852,Chile,Peru,1,2018
38853,Isle of Man,Alderney,1,2018
38854,Jersey,Western Isles,1,2018
38855,Åland Islands,Greenland,-1,2018
38856,Menorca,Saare County,1,2018
38857,Guernsey,Gotland,1,2018
38858,Gibraltar,Ynys Môn,-1,2018
38859,Isle of Wight,Falkland Islands,1,2018
38860,Hitra,Shetland,-1,2018
38861,Argentina,Paraguay,1,2018
38862,Åland Islands,Menorca,-1,2018
38863,Greenland,Saare County,1,2018
38864,Gotland,Ynys Môn,-1,2018
38865,Gibraltar,Guernsey,-1,2018
38866,Isle of Wight,Hitra,1,2018
38867,Falkland Islands,Shetland,-1,2018
38868,Jersey,Isle of Man,-1,2018
38869,Alderney,Western Isles,-1,2018
38870,Honduras,Mexico,-1,2018
38871,Hitra,Alderney,1,2018
38872,Gotland,Saare County,-1,2018
38873,Falkland Islands,Western Isles,-1,2018
38874,Gibraltar,Åland Islands,-1,2018
38875,Jersey,Ynys Môn,1,2018
38876,Isle of Wight,Greenland,-1,2018
38877,Menorca,Guernsey,-1,2018
38878,Shetland,Isle of Man,-1,2018
38879,Peru,Paraguay,1,2018
38880,Menorca,Shetland,1,2018
38881,Guernsey,Isle of Man,1,2018
38882,Chile,Argentina,-1,2018
38883,Malawi,Uganda,1,2018
38884,Panama,Haiti,-1,2018
38885,United States,Honduras,1,2018
38886,Costa Rica,Jamaica,-1,2018
38887,El Salvador,Canada,-1,2018
38888,Mexico,Cuba,1,2018
38889,Trinidad and Tobago,Guatemala,1,2018
38890,Luhansk PR,Donetsk PR,1,2018
38891,Honduras,Panama,-1,2018
38892,United States,Haiti,1,2018
38893,Costa Rica,El Salvador,-1,2018
38894,Jamaica,Canada,1,2018
38895,Guatemala,Mexico,-1,2018
38896,Trinidad and Tobago,Cuba,1,2018
38897,Honduras,Haiti,-1,2018
38898,United States,Panama,-1,2018
38899,Canada,Costa Rica,-1,2018
38900,Jamaica,El Salvador,1,2018
38901,Guatemala,Cuba,-1,2018
38902,Trinidad and Tobago,Mexico,-1,2018
38903,Haiti,Jamaica,-1,2018
38904,United States,Cuba,1,2018
38905,Mexico,Costa Rica,1,2018
38906,Trinidad and Tobago,Panama,-1,2018
38907,Panama,Mexico,-1,2018
38908,United States,Jamaica,-1,2018
38909,United States,Panama,-1,2018
38910,Jamaica,Mexico,-1,2018
38911,Seychelles,Madagascar,1,2018
38912,Maldives,Mayotte,-1,2018
38913,Réunion,Mauritius,1,2018
38914,China PR,South Korea,-1,2018
38915,North Korea,Japan,1,2018
38916,Seychelles,Maldives,-1,2018
38917,Mayotte,Madagascar,-1,2018
38918,Comoros,Mauritius,-1,2018
38919,Maldives,Madagascar,-1,2018
38920,Seychelles,Mayotte,-1,2018
38921,Réunion,Comoros,1,2018
38922,China PR,North Korea,1,2018
38923,Japan,South Korea,-1,2018
38924,Mayotte,Mauritius,1,2018
38925,Réunion,Madagascar,1,2018
38926,Mauritius,Madagascar,1,2018
38927,Donetsk PR,Luhansk PR,1,2018
38928,Réunion,Mayotte,1,2018
38929,China PR,Japan,-1,2018
38930,South Korea,North Korea,-1,2018
38931,Fiji,Tonga,1,2018
38932,Cambodia,Bhutan,1,2018
38933,Lebanon,Iraq,-1,2018
38934,Fiji,American Samoa,1,2018
38935,Oman,Yemen,1,2018
38936,Qatar,Singapore,1,2018
38937,Rwanda,Ethiopia,1,2018
38938,Tanzania,Libya,-1,2018
38939,United Arab Emirates,Myanmar,1,2018
38940,Laos,Cambodia,1,2018
38941,Malaysia,Bangladesh,-1,2018
38942,Niger,Burkina Faso,-1,2018
38943,India,Nepal,-1,2018
38944,Lebanon,Palestine,-1,2018
38945,Samoa,American Samoa,1,2018
38946,Tonga,Cook Islands,-1,2018
38947,Congo,Ghana,-1,2018
38948,Cook Islands,Samoa,1,2018
38949,Tonga,American Samoa,-1,2018
38950,Australia,Bangladesh,1,2018
38951,Azerbaijan,Croatia,-1,2018
38952,Bahrain,North Korea,-1,2018
38953,Belgium,Bosnia and Herzegovina,1,2018
38954,Bulgaria,Norway,-1,2018
38955,China PR,Hong Kong,-1,2018
38956,Cyprus,Wales,-1,2018
38957,Czech Republic,Kazakhstan,1,2018
38958,Iran,Guam,1,2018
38959,Iraq,Taiwan,1,2018
38960,Israel,Andorra,1,2018
38961,Italy,Malta,1,2018
38962,Japan,Cambodia,1,2018
38963,Jordan,Kyrgyzstan,-1,2018
38964,South Korea,Laos,1,2018
38965,Kuwait,Myanmar,1,2018
38966,Netherlands,Iceland,-1,2018
38967,Oman,Turkmenistan,1,2018
38968,Philippines,Maldives,1,2018
38969,Qatar,Bhutan,1,2018
38970,Saudi Arabia,Timor-Leste,1,2018
38971,Syria,Singapore,1,2018
38972,Thailand,Afghanistan,1,2018
38973,Turkey,Latvia,-1,2018
38974,United Arab Emirates,Malaysia,1,2018
38975,Uzbekistan,Yemen,1,2018
38976,American Samoa,Cook Islands,1,2018
38977,Curaçao,El Salvador,-1,2018
38978,Denmark,Albania,-1,2018
38979,Djibouti,Togo,-1,2018
38980,Faroe Islands,Northern Ireland,-1,2018
38981,Georgia,Scotland,1,2018
38982,Germany,Poland,1,2018
38983,Gibraltar,Republic of Ireland,-1,2018
38984,Greece,Finland,-1,2018
38985,Grenada,Haiti,-1,2018
38986,Hungary,Romania,-1,2018
38987,Portugal,France,-1,2018
38988,Serbia,Armenia,1,2018
38989,Tonga,Samoa,-1,2018
38990,Venezuela,Honduras,-1,2018
38991,Antigua and Barbuda,Guatemala,1,2018
38992,Canada,Belize,1,2018
38993,Jamaica,Nicaragua,-1,2018
38994,Saint Vincent and the Grenadines,Aruba,1,2018
38995,United States,Peru,1,2018
38996,Argentina,Bolivia,1,2018
38997,Austria,Moldova,1,2018
38998,Botswana,Burkina Faso,1,2018
38999,Burundi,Niger,1,2018
39000,Chile,Paraguay,1,2018
39001,Comoros,Uganda,-1,2018
39002,Costa Rica,Brazil,-1,2018
39003,Estonia,Lithuania,1,2018
39004,Gabon,Sudan,1,2018
39005,Guinea-Bissau,Congo,-1,2018
39006,Liberia,Tunisia,1,2018
39007,Luxembourg,North Macedonia,1,2018
39008,Mauritania,South Africa,1,2018
39009,Montenegro,Liechtenstein,1,2018
39010,Namibia,Senegal,-1,2018
39011,Russia,Sweden,1,2018
39012,Rwanda,Ghana,-1,2018
39013,San Marino,England,-1,2018
39014,São Tomé and Príncipe,Morocco,-1,2018
39015,Seychelles,Ethiopia,-1,2018
39016,South Sudan,Equatorial Guinea,1,2018
39017,Spain,Slovakia,1,2018
39018,Switzerland,Slovenia,1,2018
39019,Tanzania,Nigeria,-1,2018
39020,Ukraine,Belarus,1,2018
39021,Raetia,Franconia,1,2018
39022,Bosnia and Herzegovina,Andorra,1,2018
39023,Central African Republic,DR Congo,1,2018
39024,Benin,Mali,-1,2018
39025,Cyprus,Belgium,-1,2018
39026,Iceland,Kazakhstan,-1,2018
39027,Italy,Bulgaria,1,2018
39028,Latvia,Czech Republic,-1,2018
39029,Gambia,Cameroon,-1,2018
39030,Kenya,Zambia,-1,2018
39031,Lesotho,Algeria,-1,2018
39032,Libya,Cape Verde,-1,2018
39033,Madagascar,Angola,-1,2018
39034,Malta,Azerbaijan,-1,2018
39035,Mauritius,Mozambique,1,2018
39036,Norway,Croatia,1,2018
39037,Sierra Leone,Ivory Coast,-1,2018
39038,Eswatini,Malawi,-1,2018
39039,Zimbabwe,Guinea,-1,2018
39040,Turkey,Netherlands,1,2018
39041,Wales,Israel,-1,2018
39042,Albania,Portugal,-1,2018
39043,Armenia,Denmark,-1,2018
39044,Myanmar,New Zealand,-1,2018
39045,Finland,Faroe Islands,1,2018
39046,France,Serbia,1,2018
39047,Republic of Ireland,Georgia,1,2018
39048,Northern Ireland,Hungary,-1,2018
39049,Poland,Gibraltar,1,2018
39050,Romania,Greece,-1,2018
39051,Scotland,Germany,-1,2018
39052,United States,Brazil,-1,2018
39053,Afghanistan,Japan,-1,2018
39054,Bangladesh,Jordan,-1,2018
39055,Belarus,Luxembourg,1,2018
39056,Cambodia,Syria,-1,2018
39057,China PR,Maldives,1,2018
39058,Ecuador,Honduras,1,2018
39059,El Salvador,Curaçao,1,2018
39060,England,Switzerland,1,2018
39061,Guam,Oman,-1,2018
39062,Hong Kong,Qatar,-1,2018
39063,India,Iran,-1,2018
39064,Laos,Kuwait,-1,2018
39065,Lebanon,South Korea,-1,2018
39066,Liechtenstein,Russia,-1,2018
39067,Lithuania,San Marino,1,2018
39068,North Macedonia,Spain,-1,2018
39069,Malaysia,Saudi Arabia,-1,2018
39070,Mexico,Argentina,-1,2018
39071,Moldova,Montenegro,-1,2018
39072,Nigeria,Niger,1,2018
39073,Palestine,United Arab Emirates,-1,2018
39074,Philippines,Uzbekistan,-1,2018
39075,Slovakia,Ukraine,-1,2018
39076,Slovenia,Estonia,1,2018
39077,South Africa,Senegal,1,2018
39078,Sweden,Austria,-1,2018
39079,Tajikistan,Australia,-1,2018
39080,Thailand,Iraq,-1,2018
39081,Venezuela,Panama,-1,2018
39082,Yemen,Bahrain,-1,2018
39083,Zambia,Gabon,-1,2018
39084,Aruba,Saint Vincent and the Grenadines,1,2018
39085,Belize,Canada,-1,2018
39086,Guatemala,Antigua and Barbuda,1,2018
39087,Haiti,Grenada,1,2018
39088,Nicaragua,Jamaica,-1,2018
39089,Taiwan,Vietnam,-1,2018
39090,Colombia,Peru,-1,2018
39091,Rwanda,Gabon,-1,2018
39092,Botswana,Ethiopia,-1,2018
39093,Oman,Syria,1,2018
39094,Jordan,Iraq,1,2018
39095,Comoros,Lesotho,-1,2018
39096,Mauritius,Kenya,-1,2018
39097,Seychelles,Burundi,-1,2018
39098,South Sudan,Mauritania,-1,2018
39099,Tanzania,Malawi,1,2018
39100,Albania,Serbia,-1,2018
39101,Argentina,Ecuador,-1,2018
39102,Bahrain,Uzbekistan,-1,2018
39103,Bhutan,Maldives,-1,2018
39104,Bolivia,Uruguay,-1,2018
39105,Myanmar,Lebanon,-1,2018
39106,Chile,Brazil,1,2018
39107,Colombia,Peru,1,2018
39108,Timor-Leste,Palestine,-1,2018
39109,France,Armenia,1,2018
39110,Georgia,Gibraltar,1,2018
39111,Hungary,Faroe Islands,1,2018
39112,Republic of Ireland,Germany,1,2018
39113,Jordan,Australia,1,2018
39114,North Korea,Philippines,-1,2018
39115,Kuwait,South Korea,-1,2018
39116,Kyrgyzstan,Tajikistan,-1,2018
39117,Laos,Malaysia,-1,2018
39118,Liberia,Guinea-Bissau,-1,2018
39119,Nigeria,DR Congo,-1,2018
39120,Northern Ireland,Greece,1,2018
39121,Oman,Iran,-1,2018
39122,Portugal,Denmark,1,2018
39123,Qatar,China PR,1,2018
39124,Romania,Finland,-1,2018
39125,São Tomé and Príncipe,Ethiopia,1,2018
39126,Saudi Arabia,United Arab Emirates,1,2018
39127,Scotland,Poland,-1,2018
39128,Singapore,Afghanistan,1,2018
39129,Syria,Japan,-1,2018
39130,Turkmenistan,India,1,2018
39131,Venezuela,Paraguay,-1,2018
39132,Vietnam,Iraq,-1,2018
39133,Algeria,Guinea,-1,2018
39134,Burkina Faso,Mali,-1,2018
39135,Djibouti,Eswatini,-1,2018
39136,England,Estonia,1,2018
39137,Gambia,Namibia,-1,2018
39138,Liechtenstein,Sweden,-1,2018
39139,North Macedonia,Ukraine,-1,2018
39140,Moldova,Russia,-1,2018
39141,Montenegro,Austria,-1,2018
39142,Morocco,Ivory Coast,-1,2018
39143,Slovakia,Belarus,-1,2018
39144,Slovenia,Lithuania,-1,2018
39145,Somalia,Niger,-1,2018
39146,Spain,Luxembourg,1,2018
39147,Switzerland,San Marino,1,2018
39148,Thailand,Hong Kong,1,2018
39149,Tunisia,Gabon,-1,2018
39150,Andorra,Belgium,-1,2018
39151,Azerbaijan,Italy,-1,2018
39152,Bosnia and Herzegovina,Wales,1,2018
39153,Chad,Sierra Leone,1,2018
39154,Croatia,Bulgaria,1,2018
39155,Czech Republic,Turkey,-1,2018
39156,Eritrea,Botswana,-1,2018
39157,Iceland,Latvia,-1,2018
39158,Israel,Cyprus,-1,2018
39159,Kazakhstan,Netherlands,-1,2018
39160,Kosovo,Equatorial Guinea,1,2018
39161,Madagascar,Central African Republic,1,2018
39162,Norway,Malta,1,2018
39163,United States,Mexico,-1,2018
39164,Armenia,Albania,-1,2018
39165,Denmark,France,-1,2018
39166,Egypt,Zambia,1,2018
39167,Ethiopia,São Tomé and Príncipe,1,2018
39168,Faroe Islands,Romania,-1,2018
39169,Finland,Northern Ireland,-1,2018
39170,Germany,Georgia,1,2018
39171,Gibraltar,Scotland,-1,2018
39172,Greece,Hungary,1,2018
39173,Kenya,Mauritius,-1,2018
39174,Malawi,Tanzania,1,2018
39175,Nigeria,Cameroon,1,2018
39176,Poland,Republic of Ireland,1,2018
39177,Serbia,Portugal,-1,2018
39178,Austria,Liechtenstein,1,2018
39179,Belarus,North Macedonia,-1,2018
39180,Estonia,Switzerland,-1,2018
39181,Gabon,DR Congo,-1,2018
39182,Lithuania,England,-1,2018
39183,Luxembourg,Slovakia,-1,2018
39184,Morocco,Guinea,-1,2018
39185,Russia,Montenegro,1,2018
39186,San Marino,Slovenia,-1,2018
39187,Sweden,Moldova,1,2018
39188,Ukraine,Spain,-1,2018
39189,Algeria,Senegal,1,2018
39190,Bahrain,Philippines,1,2018
39191,Belgium,Israel,1,2018
39192,Bhutan,Hong Kong,-1,2018
39193,Botswana,Eritrea,1,2018
39194,Brazil,Venezuela,1,2018
39195,Bulgaria,Azerbaijan,1,2018
39196,Myanmar,Laos,1,2018
39197,Burundi,Seychelles,1,2018
39198,Congo,Benin,1,2018
39199,Cyprus,Bosnia and Herzegovina,-1,2018
39200,Timor-Leste,Malaysia,-1,2018
39201,Ecuador,Bolivia,1,2018
39202,El Salvador,Guatemala,-1,2018
39203,Guinea-Bissau,Liberia,-1,2018
39204,Iran,Japan,-1,2018
39205,Italy,Norway,1,2018
39206,Jordan,Tajikistan,1,2018
39207,North Korea,Yemen,1,2018
39208,South Korea,Jamaica,1,2018
39209,Kuwait,Lebanon,-1,2018
39210,Kyrgyzstan,Bangladesh,1,2018
39211,Latvia,Kazakhstan,-1,2018
39212,Lesotho,Comoros,-1,2018
39213,Madagascar,Central African Republic,-1,2018
39214,Malta,Croatia,-1,2018
39215,Mauritania,South Sudan,1,2018
39216,Namibia,Gambia,1,2018
39217,Netherlands,Czech Republic,-1,2018
39218,Niger,Somalia,1,2018
39219,Oman,India,1,2018
39220,Paraguay,Argentina,-1,2018
39221,Peru,Chile,-1,2018
39222,Qatar,Maldives,1,2018
39223,Sierra Leone,Chad,1,2018
39224,Singapore,Cambodia,1,2018
39225,Syria,Afghanistan,1,2018
39226,Turkey,Iceland,1,2018
39227,Turkmenistan,Guam,1,2018
39228,Uruguay,Colombia,1,2018
39229,Vietnam,Thailand,-1,2018
39230,Wales,Andorra,1,2018
39231,Eswatini,Djibouti,1,2018
39232,Cambodia,Brunei,1,2018
39233,United Arab Emirates,Turkmenistan,1,2018
39234,Angola,Namibia,1,2018
39235,DR Congo,Zambia,1,2018
39236,Angola,DR Congo,1,2018
39237,Hong Kong,Myanmar,1,2018
39238,Namibia,Zambia,-1,2018
39239,Vanuatu,Fiji,-1,2018
39240,Palestine,Saudi Arabia,-1,2018
39241,Vanuatu,Fiji,1,2018
39242,Estonia,Georgia,1,2018
39243,Jordan,Malta,1,2018
39244,Mozambique,Gabon,1,2018
39245,Sudan,Zambia,-1,2018
39246,Afghanistan,Cambodia,1,2018
39247,Andorra,Saint Kitts and Nevis,-1,2018
39248,Australia,Kyrgyzstan,1,2018
39249,Benin,Burkina Faso,1,2018
39250,Bolivia,Venezuela,1,2018
39251,Burundi,DR Congo,-1,2018
39252,Chile,Colombia,-1,2018
39253,China PR,Bhutan,1,2018
39254,Ecuador,Uruguay,1,2018
39255,India,Guam,1,2018
39256,Iran,Turkmenistan,1,2018
39257,South Korea,Myanmar,1,2018
39258,Lebanon,Laos,1,2018
39259,North Macedonia,Montenegro,1,2018
39260,Maldives,Hong Kong,-1,2018
39261,Morocco,Equatorial Guinea,1,2018
39262,Namibia,Guinea,-1,2018
39263,Norway,Hungary,-1,2018
39264,Oman,New Zealand,-1,2018
39265,Palestine,Malaysia,1,2018
39266,Philippines,Yemen,-1,2018
39267,Singapore,Japan,-1,2018
39268,Tajikistan,Bangladesh,1,2018
39269,Thailand,Taiwan,1,2018
39270,Togo,Uganda,-1,2018
39271,United Arab Emirates,Timor-Leste,1,2018
39272,Uzbekistan,North Korea,1,2018
39273,Angola,South Africa,-1,2018
39274,Argentina,Brazil,-1,2018
39275,Belgium,Italy,1,2018
39276,Bosnia and Herzegovina,Republic of Ireland,-1,2018
39277,Comoros,Ghana,-1,2018
39278,Costa Rica,Haiti,1,2018
39279,Czech Republic,Serbia,1,2018
39280,France,Germany,1,2018
39281,Kenya,Cape Verde,1,2018
39282,Kosovo,Albania,-1,2018
39283,Liberia,Ivory Coast,-1,2018
39284,Libya,Rwanda,1,2018
39285,Luxembourg,Greece,1,2018
39286,Madagascar,Senegal,-1,2018
39287,Mauritania,Tunisia,-1,2018
39288,Niger,Cameroon,-1,2018
39289,Northern Ireland,Latvia,1,2018
39290,Peru,Paraguay,1,2018
39291,Poland,Iceland,1,2018
39292,Qatar,Turkey,-1,2018
39293,Slovakia,Switzerland,1,2018
39294,Spain,England,1,2018
39295,Eswatini,Nigeria,-1,2018
39296,Wales,Netherlands,-1,2018
39297,Canada,Honduras,1,2018
39298,Guatemala,Trinidad and Tobago,-1,2018
39299,Jamaica,Panama,-1,2018
39300,Mexico,El Salvador,1,2018
39301,United States,Saint Vincent and the Grenadines,1,2018
39302,Botswana,Mali,1,2018
39303,Chad,Egypt,1,2018
39304,Ethiopia,Congo,-1,2018
39305,Gabon,Mozambique,1,2018
39306,Hong Kong,Macau,1,2018
39307,Russia,Portugal,1,2018
39308,Sweden,Denmark,1,2018
39309,Tanzania,Algeria,-1,2018
39310,Ukraine,Slovenia,1,2018
39311,DR Congo,Burundi,1,2018
39312,Equatorial Guinea,Morocco,1,2018
39313,Guinea,Namibia,1,2018
39314,Hungary,Norway,1,2018
39315,Uganda,Togo,1,2018
39316,Zambia,Sudan,1,2018
39317,Albania,Georgia,-1,2018
39318,Republic of Ireland,Bosnia and Herzegovina,1,2018
39319,Algeria,Tanzania,1,2018
39320,Austria,Switzerland,-1,2018
39321,Azerbaijan,Moldova,1,2018
39322,Bangladesh,Australia,-1,2018
39323,Bhutan,Qatar,-1,2018
39324,Brazil,Peru,1,2018
39325,Burkina Faso,Benin,1,2018
39326,Myanmar,Kuwait,1,2018
39327,Cambodia,Japan,-1,2018
39328,Cameroon,Niger,-1,2018
39329,Cape Verde,Kenya,1,2018
39330,Colombia,Argentina,-1,2018
39331,Congo,Ethiopia,1,2018
39332,Denmark,Sweden,-1,2018
39333,Timor-Leste,Saudi Arabia,-1,2018
39334,Egypt,Chad,1,2018
39335,England,France,1,2018
39336,Estonia,Saint Kitts and Nevis,1,2018
39337,Ghana,Comoros,1,2018
39338,Guam,Iran,-1,2018
39339,Honduras,Mexico,-1,2018
39340,Hong Kong,China PR,-1,2018
39341,Italy,Romania,-1,2018
39342,Ivory Coast,Liberia,1,2018
39343,North Korea,Bahrain,1,2018
39344,Kyrgyzstan,Jordan,1,2018
39345,Laos,South Korea,-1,2018
39346,Luxembourg,Portugal,-1,2018
39347,North Macedonia,Lebanon,-1,2018
39348,Malaysia,United Arab Emirates,-1,2018
39349,Mali,Botswana,1,2018
39350,Nigeria,Eswatini,1,2018
39351,Paraguay,Bolivia,1,2018
39352,Poland,Czech Republic,1,2018
39353,Russia,Croatia,-1,2018
39354,Rwanda,Libya,-1,2018
39355,Senegal,Madagascar,1,2018
39356,Singapore,Syria,-1,2018
39357,Slovakia,Iceland,1,2018
39358,Slovenia,Ukraine,-1,2018
39359,South Africa,Angola,1,2018
39360,Tunisia,Mauritania,1,2018
39361,Turkey,Greece,-1,2018
39362,Turkmenistan,Oman,1,2018
39363,Uruguay,Chile,1,2018
39364,Venezuela,Ecuador,-1,2018
39365,Yemen,Uzbekistan,-1,2018
39366,Haiti,Jamaica,-1,2018
39367,Panama,Costa Rica,-1,2018
39368,Saint Vincent and the Grenadines,Guatemala,-1,2018
39369,Taiwan,Iraq,-1,2018
39370,Burundi,Zanzibar,1,2018
39371,Ethiopia,Rwanda,-1,2018
39372,Kenya,Uganda,1,2018
39373,Somalia,Tanzania,-1,2018
39374,South Sudan,Djibouti,1,2018
39375,Sudan,Malawi,-1,2018
39376,Rwanda,Tanzania,-1,2018
39377,Zanzibar,Uganda,-1,2018
39378,Ethiopia,Somalia,1,2018
39379,Kenya,Burundi,-1,2018
39380,Malawi,Djibouti,1,2018
39381,South Sudan,Sudan,-1,2018
39382,Djibouti,Sudan,-1,2018
39383,Rwanda,Somalia,1,2018
39384,South Sudan,Malawi,1,2018
39385,Zanzibar,Kenya,1,2018
39386,Ethiopia,Tanzania,-1,2018
39387,Uganda,Burundi,1,2018
39388,Ethiopia,Tanzania,-1,2018
39389,Uganda,Malawi,1,2018
39390,Rwanda,Kenya,-1,2018
39391,South Sudan,Sudan,-1,2018
39392,Ethiopia,Uganda,-1,2018
39393,Rwanda,Sudan,-1,2018
39394,Ethiopia,Sudan,-1,2018
39395,Uganda,Rwanda,1,2018
39396,Nicaragua,Cuba,1,2018
39397,Nicaragua,Cuba,1,2018
39398,Honduras,Cuba,1,2018
39399,Bangladesh,Nepal,1,2018
39400,Panjab,Chagos Islands,1,2018
39401,Nepal,Sri Lanka,-1,2018
39402,Afghanistan,Bangladesh,1,2018
39403,Maldives,Bhutan,1,2018
39404,India,Sri Lanka,1,2018
39405,Bangladesh,Maldives,-1,2018
39406,Bhutan,Afghanistan,-1,2018
39407,Martinique,Guadeloupe,1,2018
39408,Catalonia,Basque Country,-1,2018
39409,India,Nepal,1,2018
39410,Afghanistan,Maldives,1,2018
39411,Bhutan,Bangladesh,-1,2018
39412,Afghanistan,Sri Lanka,1,2018
39413,India,Maldives,1,2018
39414,India,Afghanistan,1,2018
39415,Rwanda,Cameroon,-1,2018
39416,Sweden,Estonia,-1,2018
39417,Bangladesh,Sri Lanka,1,2018
39418,Trinidad and Tobago,Haiti,-1,2018
39419,Panama,Cuba,1,2018
39420,Rwanda,DR Congo,1,2018
39421,Sweden,Finland,1,2018
39422,Maldives,Cambodia,1,2018
39423,Finland,Iceland,-1,2018
39424,Nepal,Sri Lanka,1,2018
39425,Uganda,Cameroon,-1,2018
39426,Bangladesh,Nepal,-1,2018
39427,United Arab Emirates,Iceland,1,2018
39428,Maldives,Nepal,-1,2018
39429,Egypt,Jordan,-1,2018
39430,Egypt,Libya,1,2018
39431,United States,Iceland,1,2018
39432,Bahrain,Lebanon,1,2018
39433,Guadeloupe,Martinique,-1,2018
39434,Uzbekistan,Lebanon,1,2018
39435,Guyana,Suriname,1,2018
39436,French Guiana,Suriname,-1,2018
39437,Egypt,Burkina Faso,1,2018
39438,Sint Maarten,Anguilla,1,2018
39439,Tamil Eelam,Romani people,1,2018
39440,Iraq,Syria,-1,2018
39441,United Arab Emirates,Bangladesh,1,2018
39442,Cuba,Bermuda,1,2018
39443,Antigua and Barbuda,Aruba,1,2018
39444,Barbados,Curaçao,1,2018
39445,Croatia,Israel,1,2018
39446,Gibraltar,Liechtenstein,-1,2018
39447,Guadeloupe,Suriname,-1,2018
39448,Guinea-Bissau,Kenya,1,2018
39449,Martinique,British Virgin Islands,1,2018
39450,Poland,Serbia,1,2018
39451,Romania,Lithuania,1,2018
39452,São Tomé and Príncipe,Libya,1,2018
39453,Slovenia,North Macedonia,1,2018
39454,South Sudan,Benin,-1,2018
39455,Zambia,Congo,-1,2018
39456,Australia,Tajikistan,1,2018
39457,Bahrain,Yemen,1,2018
39458,Bolivia,Colombia,-1,2018
39459,Chile,Argentina,-1,2018
39460,China PR,Maldives,1,2018
39461,Comoros,Botswana,1,2018
39462,Czech Republic,Scotland,-1,2018
39463,Denmark,Iceland,1,2018
39464,Djibouti,Liberia,-1,2018
39465,Ecuador,Paraguay,-1,2018
39466,Estonia,Norway,-1,2018
39467,Ghana,Mozambique,1,2018
39468,Greece,Montenegro,1,2018
39469,Iran,India,1,2018
39470,Iraq,Thailand,-1,2018
39471,Italy,Spain,-1,2018
39472,Japan,Afghanistan,1,2018
39473,Jordan,Bangladesh,1,2018
39474,South Korea,Lebanon,1,2018
39475,Madagascar,Central African Republic,-1,2018
39476,Malta,Moldova,-1,2018
39477,Oman,Guam,1,2018
39478,Peru,Venezuela,-1,2018
39479,Qatar,Hong Kong,1,2018
39480,Saudi Arabia,Malaysia,1,2018
39481,Singapore,Myanmar,1,2018
39482,Solomon Islands,Papua New Guinea,1,2018
39483,Syria,Cambodia,1,2018
39484,Turkey,Sweden,1,2018
39485,Ukraine,Cyprus,1,2018
39486,United Arab Emirates,Palestine,1,2018
39487,Uzbekistan,Philippines,1,2018
39488,Vietnam,Taiwan,1,2018
39489,Wales,Northern Ireland,-1,2018
39490,Algeria,Ethiopia,1,2018
39491,Armenia,Belarus,-1,2018
39492,Brazil,Uruguay,-1,2018
39493,Canada,Mexico,-1,2018
39494,El Salvador,Honduras,-1,2018
39495,Gabon,Sierra Leone,1,2018
39496,Guatemala,United States,1,2018
39497,Guinea,Malawi,-1,2018
39498,Haiti,Panama,-1,2018
39499,Republic of Ireland,Switzerland,1,2018
39500,Ivory Coast,Sudan,1,2018
39501,Jamaica,Costa Rica,-1,2018
39502,Luxembourg,Bosnia and Herzegovina,-1,2018
39503,Mali,Equatorial Guinea,1,2018
39504,Mauritania,Gambia,1,2018
39505,Netherlands,France,-1,2018
39506,Nigeria,Egypt,-1,2018
39507,Portugal,Bulgaria,-1,2018
39508,Slovakia,Latvia,-1,2018
39509,Eswatini,Zimbabwe,-1,2018
39510,Tunisia,Togo,1,2018
39511,Saint Vincent and the Grenadines,Trinidad and Tobago,-1,2018
39512,Anguilla,Puerto Rico,-1,2018
39513,Aruba,Saint Kitts and Nevis,-1,2018
39514,Austria,Albania,1,2018
39515,Azerbaijan,Kazakhstan,-1,2018
39516,Bermuda,French Guiana,1,2018
39517,British Virgin Islands,Dominica,-1,2018
39518,Burkina Faso,Uganda,1,2018
39519,Burundi,Namibia,-1,2018
39520,Cameroon,South Africa,-1,2018
39521,Cape Verde,Morocco,-1,2018
39522,DR Congo,Angola,1,2018
39523,Zimbabwe,Eswatini,1,2018
39524,Curaçao,Dominican Republic,1,2018
39525,Germany,England,-1,2018
39526,Hungary,Croatia,-1,2018
39527,Mauritius,Rwanda,1,2018
39528,Poland,Finland,1,2018
39529,Russia,Lithuania,1,2018
39530,Senegal,Niger,1,2018
39531,Seychelles,Lesotho,1,2018
39532,Sint Maarten,United States Virgin Islands,-1,2018
39533,Benin,South Sudan,1,2018
39534,Botswana,Comoros,1,2018
39535,Congo,Zambia,-1,2018
39536,Kenya,Guinea-Bissau,-1,2018
39537,Mozambique,Ghana,-1,2018
39538,Romania,Spain,-1,2018
39539,Thailand,South Korea,-1,2018
39540,Andorra,Moldova,-1,2018
39541,Central African Republic,Madagascar,1,2018
39542,Equatorial Guinea,Mali,-1,2018
39543,Libya,São Tomé and Príncipe,1,2018
39544,Liechtenstein,Faroe Islands,-1,2018
39545,Northern Ireland,Slovenia,1,2018
39546,Sierra Leone,Gabon,1,2018
39547,Ukraine,Wales,1,2018
39548,Afghanistan,Singapore,1,2018
39549,Angola,DR Congo,-1,2018
39550,Argentina,Bolivia,1,2018
39551,Australia,Jordan,1,2018
39552,Austria,Turkey,-1,2018
39553,China PR,Qatar,1,2018
39554,Colombia,Ecuador,1,2018
39555,Costa Rica,Jamaica,1,2018
39556,Dominica,Martinique,-1,2018
39557,Dominican Republic,Barbados,1,2018
39558,Egypt,Nigeria,1,2018
39559,England,Netherlands,-1,2018
39560,Estonia,Serbia,-1,2018
39561,Ethiopia,Algeria,-1,2018
39562,France,Russia,1,2018
39563,French Guiana,Cuba,1,2018
39564,Gambia,Mauritania,-1,2018
39565,Georgia,Kazakhstan,-1,2018
39566,Germany,Italy,1,2018
39567,Gibraltar,Latvia,-1,2018
39568,Greece,Iceland,-1,2018
39569,Honduras,El Salvador,1,2018
39570,India,Turkmenistan,-1,2018
39571,Iran,Oman,1,2018
39572,Iraq,Vietnam,1,2018
39573,Republic of Ireland,Slovakia,-1,2018
39574,Japan,Syria,1,2018
39575,Lebanon,Myanmar,-1,2018
39576,Lesotho,Seychelles,1,2018
39577,Liberia,Djibouti,1,2018
39578,Luxembourg,Albania,-1,2018
39579,North Macedonia,Bulgaria,-1,2018
39580,Malawi,Guinea,-1,2018
39581,Malaysia,Macau,-1,2018
39582,Maldives,Bhutan,1,2018
39583,Mexico,Canada,1,2018
39584,Montenegro,Belarus,-1,2018
39585,Morocco,Cape Verde,1,2018
39586,Namibia,Burundi,-1,2018
39587,Niger,Senegal,-1,2018
39588,Norway,Finland,1,2018
39589,Palestine,Timor-Leste,1,2018
39590,Panama,Haiti,1,2018
39591,Paraguay,Brazil,-1,2018
39592,Philippines,North Korea,1,2018
39593,Portugal,Belgium,1,2018
39594,Rwanda,Mauritius,1,2018
39595,Scotland,Denmark,1,2018
39596,South Africa,Cameroon,-1,2018
39597,Saint Kitts and Nevis,Antigua and Barbuda,1,2018
39598,Sudan,Ivory Coast,-1,2018
39599,Suriname,Guadeloupe,1,2018
39600,Sweden,Czech Republic,-1,2018
39601,Switzerland,Bosnia and Herzegovina,-1,2018
39602,Tajikistan,Kyrgyzstan,-1,2018
39603,Togo,Tunisia,-1,2018
39604,Uganda,Burkina Faso,-1,2018
39605,United Arab Emirates,Saudi Arabia,-1,2018
39606,Uruguay,Peru,1,2018
39607,United States,Guatemala,1,2018
39608,Uzbekistan,Bahrain,1,2018
39609,Venezuela,Chile,-1,2018
39610,United States Virgin Islands,Grenada,-1,2018
39611,Trinidad and Tobago,Saint Vincent and the Grenadines,1,2018
39612,Alderney,Guernsey,-1,2018
39613,Panjab,Jersey,-1,2018
39614,Martinique,Panama,-1,2018
39615,Jersey,Guernsey,1,2018
39616,Romani people,Padania,-1,2018
39617,Hungary,Ivory Coast,-1,2018
39618,Galicia,Venezuela,-1,2018
39619,Botswana,Lesotho,1,2018
39620,Abkhazia,Donetsk PR,-1,2018
39621,England,Turkey,1,2018
39622,Puerto Rico,United States,-1,2018
39623,Peru,Trinidad and Tobago,1,2018
39624,Romania,DR Congo,-1,2018
39625,Serbia,Cyprus,1,2018
39626,Azerbaijan,Andorra,-1,2018
39627,Croatia,Moldova,1,2018
39628,Czech Republic,Malta,1,2018
39629,England,Australia,1,2018
39630,Republic of Ireland,Netherlands,-1,2018
39631,Morocco,Congo,1,2018
39632,Nigeria,Mali,1,2018
39633,Northern Ireland,Belarus,1,2018
39634,Slovakia,Georgia,1,2018
39635,Togo,Zambia,1,2018
39636,Corsica,Basque Country,-1,2018
39637,Myanmar,Malaysia,-1,2018
39638,Costa Rica,Venezuela,1,2018
39639,El Salvador,Peru,-1,2018
39640,Gabon,Mauritania,-1,2018
39641,Guatemala,Armenia,-1,2018
39642,Mexico,Paraguay,1,2018
39643,New Zealand,Fiji,1,2018
39644,Rwanda,Senegal,-1,2018
39645,Switzerland,Belgium,-1,2018
39646,Vanuatu,Solomon Islands,-1,2018
39647,Albania,Qatar,1,2018
39648,Azerbaijan,North Macedonia,-1,2018
39649,Bosnia and Herzegovina,Spain,-1,2018
39650,Cambodia,Timor-Leste,1,2018
39651,Germany,Slovakia,-1,2018
39652,Italy,Scotland,1,2018
39653,Kenya,Tanzania,-1,2018
39654,Laos,Nepal,-1,2018
39655,Lithuania,Estonia,1,2018
39656,Papua New Guinea,New Caledonia,-1,2018
39657,Portugal,Norway,1,2018
39658,Romania,Ukraine,-1,2018
39659,Tahiti,Samoa,1,2018
39660,Turkey,Montenegro,1,2018
39661,Abkhazia,Chagos Islands,1,2018
39662,Iraqi Kurdistan,Székely Land,1,2018
39663,Padania,Northern Cyprus,-1,2018
39664,Sápmi,Somaliland,1,2018
39665,France,Cameroon,1,2018
39666,Gambia,Zambia,-1,2018
39667,Sweden,Slovenia,-1,2018
39668,Chagos Islands,Western Armenia,-1,2018
39669,United Koreans in Japan,Székely Land,1,2018
39670,Raetia,Padania,-1,2018
39671,Sápmi,Panjab,-1,2018
39672,Austria,Malta,1,2018
39673,Republic of Ireland,Belarus,-1,2018
39674,Kenya,Sudan,-1,2018
39675,Luxembourg,Nigeria,-1,2018
39676,Serbia,Israel,1,2018
39677,Solomon Islands,Fiji,-1,2018
39678,Vanuatu,New Zealand,-1,2018
39679,Vietnam,Syria,1,2018
39680,Zimbabwe,Uganda,1,2018
39681,Abkhazia,Western Armenia,1,2018
39682,United Koreans in Japan,Iraqi Kurdistan,-1,2018
39683,Northern Cyprus,Raetia,1,2018
39684,Somaliland,Panjab,-1,2018
39685,Belgium,Finland,-1,2018
39686,Curaçao,Guyana,1,2018
39687,Czech Republic,Russia,1,2018
39688,El Salvador,Armenia,-1,2018
39689,Estonia,Andorra,1,2018
39690,Grenada,Puerto Rico,-1,2018
39691,Latvia,Lithuania,1,2018
39692,Martinique,Guadeloupe,1,2018
39693,New Caledonia,Samoa,1,2018
39694,Norway,Iceland,1,2018
39695,Papua New Guinea,Tahiti,-1,2018
39696,Poland,Netherlands,-1,2018
39697,Spain,South Korea,1,2018
39698,Saint Kitts and Nevis,Suriname,1,2018
39699,United Koreans in Japan,Northern Cyprus,-1,2018
39700,Abkhazia,Sápmi,1,2018
39701,England,Portugal,1,2018
39702,Laos,India,-1,2018
39703,North Macedonia,Iran,-1,2018
39704,Malaysia,Timor-Leste,1,2018
39705,Maldives,Yemen,-1,2018
39706,Seychelles,Algeria,-1,2018
39707,Tajikistan,Bangladesh,1,2018
39708,Iraqi Kurdistan,Padania,-1,2018
39709,Western Armenia,Panjab,-1,2018
39710,Chagos Islands,Somaliland,-1,2018
39711,Székely Land,Raetia,1,2018
39712,Albania,Ukraine,-1,2018
39713,Azerbaijan,Canada,-1,2018
39714,Bosnia and Herzegovina,Denmark,-1,2018
39715,Myanmar,Singapore,-1,2018
39716,China PR,Trinidad and Tobago,1,2018
39717,Djibouti,Tunisia,-1,2018
39718,Faroe Islands,Kosovo,-1,2018
39719,Japan,Bulgaria,1,2018
39720,Libya,Morocco,-1,2018
39721,Mauritania,Cameroon,-1,2018
39722,Romania,Georgia,1,2018
39723,Sierra Leone,Sudan,1,2018
39724,Switzerland,Moldova,1,2018
39725,Thailand,Syria,-1,2018
39726,United Arab Emirates,Jordan,-1,2018
39727,United States,Colombia,-1,2018
39728,Vietnam,Hong Kong,-1,2018
39729,United Koreans in Japan,Sápmi,-1,2018
39730,Iraqi Kurdistan,Western Armenia,-1,2018
39731,Chagos Islands,Raetia,-1,2018
39732,Somaliland,Székely Land,1,2018
39733,Australia,Greece,1,2018
39734,Austria,Netherlands,-1,2018
39735,Botswana,Uganda,-1,2018
39736,Burundi,Senegal,-1,2018
39737,Brazil,Ecuador,-1,2018
39738,Costa Rica,Paraguay,-1,2018
39739,Croatia,San Marino,1,2018
39740,Estonia,Latvia,-1,2018
39741,Fiji,Vanuatu,-1,2018
39742,France,Scotland,1,2018
39743,Gambia,South Africa,-1,2018
39744,Germany,Hungary,1,2018
39745,Guadeloupe,Dominica,1,2018
39746,Haiti,Peru,-1,2018
39747,Ivory Coast,Gabon,1,2018
39748,New Zealand,Solomon Islands,1,2018
39749,Rwanda,Mozambique,-1,2018
39750,Namibia,Niger,1,2018
39751,Guinea-Bissau,Zambia,1,2018
39752,Slovakia,Northern Ireland,-1,2018
39753,São Tomé and Príncipe,Cape Verde,-1,2018
39754,South Sudan,Mali,-1,2018
39755,Tanzania,Egypt,-1,2018
39756,United States Virgin Islands,Guyana,-1,2018
39757,Abkhazia,Northern Cyprus,1,2018
39758,Padania,Panjab,1,2018
39759,United Koreans in Japan,Iraqi Kurdistan,-1,2018
39760,Sápmi,Western Armenia,1,2018
39761,Belgium,Norway,1,2018
39762,Central African Republic,Angola,1,2018
39763,Comoros,Burkina Faso,-1,2018
39764,Czech Republic,South Korea,-1,2018
39765,Jamaica,Venezuela,-1,2018
39766,Kenya,Congo,1,2018
39767,Lesotho,Ethiopia,-1,2018
39768,Liberia,Togo,-1,2018
39769,Madagascar,DR Congo,-1,2018
39770,Mauritius,Ghana,-1,2018
39771,Mexico,Uruguay,1,2018
39772,Papua New Guinea,Samoa,1,2018
39773,Russia,Serbia,-1,2018
39774,Slovenia,Turkey,-1,2018
39775,Eswatini,Guinea,1,2018
39776,Sweden,Wales,1,2018
39777,Tahiti,New Caledonia,-1,2018
39778,Thailand,Jordan,1,2018
39779,United Arab Emirates,Syria,-1,2018
39780,Zimbabwe,Malawi,1,2018
39781,Padania,Northern Cyprus,-1,2018
39782,Abkhazia,Panjab,-1,2018
39783,Argentina,Chile,1,2018
39784,Myanmar,Hong Kong,1,2018
39785,Iceland,Liechtenstein,1,2018
39786,Italy,Finland,1,2018
39787,Malaysia,Timor-Leste,1,2018
39788,Panama,Bolivia,1,2018
39789,Poland,Lithuania,-1,2018
39790,Singapore,Vietnam,-1,2018
39791,Australia,Greece,-1,2018
39792,Bangladesh,Tajikistan,-1,2018
39793,Bulgaria,Denmark,-1,2018
39794,Cambodia,Taiwan,1,2018
39795,Canada,Uzbekistan,1,2018
39796,China PR,Kazakhstan,-1,2018
39797,Colombia,Paraguay,1,2018
39798,Curaçao,United States Virgin Islands,1,2018
39799,Dominican Republic,French Guiana,1,2018
39800,India,Laos,1,2018
39801,Iran,Kyrgyzstan,1,2018
39802,Japan,Bosnia and Herzegovina,-1,2018
39803,Spain,Georgia,-1,2018
39804,Saint Vincent and the Grenadines,Saint Kitts and Nevis,-1,2018
39805,United States,Costa Rica,1,2018
39806,Yemen,Maldives,1,2018
39807,Brazil,Haiti,1,2018
39808,Ecuador,Peru,-1,2018
39809,New Zealand,New Caledonia,1,2018
39810,Papua New Guinea,Solomon Islands,1,2018
39811,Portugal,Estonia,1,2018
39812,Mexico,Jamaica,1,2018
39813,Uruguay,Venezuela,-1,2018
39814,Argentina,Panama,1,2018
39815,Chile,Bolivia,1,2018
39816,France,Romania,1,2018
39817,Albania,Switzerland,-1,2018
39818,Colombia,Costa Rica,-1,2018
39819,England,Russia,-1,2018
39820,Papua New Guinea,New Zealand,-1,2018
39821,Seychelles,Madagascar,-1,2018
39822,United States,Paraguay,1,2018
39823,Wales,Slovakia,1,2018
39824,Zimbabwe,Eswatini,-1,2018
39825,Benin,Equatorial Guinea,1,2018
39826,Brazil,Peru,-1,2018
39827,Ecuador,Haiti,1,2018
39828,Germany,Ukraine,1,2018
39829,Lesotho,Mauritius,1,2018
39830,Malawi,Angola,1,2018
39831,Poland,Northern Ireland,1,2018
39832,Turkey,Croatia,-1,2018
39833,Belgium,Italy,-1,2018
39834,Republic of Ireland,Sweden,-1,2018
39835,Madagascar,Zimbabwe,-1,2018
39836,Mexico,Venezuela,-1,2018
39837,Spain,Czech Republic,1,2018
39838,Eswatini,Seychelles,1,2018
39839,Uruguay,Jamaica,1,2018
39840,Angola,Lesotho,-1,2018
39841,Argentina,Bolivia,1,2018
39842,Austria,Hungary,-1,2018
39843,Chile,Panama,1,2018
39844,Mauritius,Malawi,-1,2018
39845,Portugal,Iceland,-1,2018
39846,France,Albania,1,2018
39847,Romania,Switzerland,-1,2018
39848,Russia,Slovakia,-1,2018
39849,Eswatini,Madagascar,1,2018
39850,Zimbabwe,Seychelles,1,2018
39851,Angola,Mauritius,-1,2018
39852,England,Wales,1,2018
39853,Germany,Poland,-1,2018
39854,Malawi,Lesotho,-1,2018
39855,Ukraine,Northern Ireland,-1,2018
39856,United States,Ecuador,1,2018
39857,Czech Republic,Croatia,-1,2018
39858,Italy,Sweden,1,2018
39859,Peru,Colombia,-1,2018
39860,Spain,Turkey,1,2018
39861,Argentina,Venezuela,1,2018
39862,Belgium,Republic of Ireland,1,2018
39863,Iceland,Hungary,-1,2018
39864,Mexico,Chile,-1,2018
39865,Namibia,Botswana,-1,2018
39866,Portugal,Austria,-1,2018
39867,South Africa,Lesotho,-1,2018
39868,DR Congo,Mozambique,1,2018
39869,France,Switzerland,-1,2018
39870,French Guiana,Bermuda,1,2018
39871,Romania,Albania,-1,2018
39872,Zambia,Eswatini,-1,2018
39873,Russia,Wales,-1,2018
39874,Slovakia,England,-1,2018
39875,Croatia,Spain,1,2018
39876,Czech Republic,Turkey,-1,2018
39877,Lesotho,Zambia,-1,2018
39878,Namibia,Mozambique,1,2018
39879,Northern Ireland,Germany,-1,2018
39880,Ukraine,Poland,-1,2018
39881,United States,Argentina,-1,2018
39882,Botswana,DR Congo,-1,2018
39883,Colombia,Chile,-1,2018
39884,Hungary,Portugal,-1,2018
39885,Iceland,Austria,1,2018
39886,Italy,Republic of Ireland,-1,2018
39887,New Caledonia,Malaysia,-1,2018
39888,South Africa,Eswatini,1,2018
39889,Sweden,Belgium,-1,2018
39890,Namibia,Zambia,1,2018
39891,Croatia,Portugal,-1,2018
39892,South Africa,Botswana,1,2018
39893,Eswatini,DR Congo,1,2018
39894,Switzerland,Poland,-1,2018
39895,United States,Colombia,-1,2018
39896,Wales,Northern Ireland,1,2018
39897,Argentina,Chile,-1,2018
39898,Fiji,Malaysia,-1,2018
39899,France,Republic of Ireland,1,2018
39900,Germany,Slovakia,1,2018
39901,Hungary,Belgium,-1,2018
39902,England,Iceland,-1,2018
39903,Italy,Spain,1,2018
39904,Macau,Mongolia,-1,2018
39905,Poland,Portugal,-1,2018
39906,Wales,Belgium,1,2018
39907,Germany,Italy,-1,2018
39908,Mongolia,Taiwan,-1,2018
39909,Northern Mariana Islands,Macau,-1,2018
39910,France,Iceland,1,2018
39911,Northern Mariana Islands,Mongolia,-1,2018
39912,Portugal,Wales,1,2018
39913,France,Germany,1,2018
39914,France,Portugal,-1,2018
39915,Uzbekistan,Iraq,1,2018
39916,Cambodia,Singapore,1,2018
39917,Felvidék,Kárpátalja,-1,2018
39918,Délvidék,Székely Land,1,2018
39919,Délvidék,Felvidék,-1,2018
39920,Oman,Turkmenistan,1,2018
39921,Qatar,Iraq,1,2018
39922,Bhutan,India,-1,2018
39923,Donetsk PR,Luhansk PR,-1,2018
39924,Jordan,Qatar,-1,2018
39925,Iraq,North Korea,-1,2018
39926,Honduras,Nicaragua,1,2018
39927,North Korea,United Arab Emirates,1,2018
39928,Saudi Arabia,Laos,1,2018
39929,Uzbekistan,Burkina Faso,1,2018
39930,Barawa,Tamil Eelam,-1,2018
39931,Barawa,Chagos Islands,-1,2018
39932,Tajikistan,Syria,-1,2018
39933,Dominican Republic,Puerto Rico,1,2018
39934,Chagos Islands,Tamil Eelam,-1,2018
39935,Egypt,Guinea,-1,2018
39936,Kyrgyzstan,Kazakhstan,1,2018
39937,Uganda,Kenya,-1,2018
39938,Albania,Morocco,-1,2018
39939,Czech Republic,Armenia,1,2018
39940,Denmark,Liechtenstein,1,2018
39941,Estonia,Malta,-1,2018
39942,Germany,Finland,1,2018
39943,Republic of Ireland,Oman,1,2018
39944,Lebanon,Jordan,-1,2018
39945,Norway,Belarus,-1,2018
39946,Turkey,Russia,-1,2018
39947,Argentina,Uruguay,1,2018
39948,Australia,Iraq,1,2018
39949,Bahrain,Singapore,1,2018
39950,Belgium,Spain,-1,2018
39951,Bolivia,Peru,-1,2018
39952,Colombia,Venezuela,1,2018
39953,Ecuador,Brazil,-1,2018
39954,Hong Kong,Cambodia,1,2018
39955,Iran,Qatar,1,2018
39956,Italy,France,-1,2018
39957,Japan,United Arab Emirates,-1,2018
39958,South Korea,China PR,1,2018
39959,Maldives,Bangladesh,1,2018
39960,Netherlands,Greece,-1,2018
39961,Paraguay,Chile,1,2018
39962,Portugal,Gibraltar,1,2018
39963,Saudi Arabia,Thailand,1,2018
39964,Uzbekistan,Syria,1,2018
39965,El Salvador,Mexico,-1,2018
39966,Haiti,Costa Rica,-1,2018
39967,Honduras,Canada,1,2018
39968,Latvia,Luxembourg,1,2018
39969,Panama,Jamaica,1,2018
39970,South Africa,Mauritania,-1,2018
39971,Saint Vincent and the Grenadines,United States,-1,2018
39972,Sudan,Gabon,-1,2018
39973,Trinidad and Tobago,Guatemala,-1,2018
39974,Angola,Madagascar,-1,2018
39975,Cameroon,Gambia,1,2018
39976,Cape Verde,Libya,-1,2018
39977,Ethiopia,Seychelles,1,2018
39978,Ghana,Rwanda,-1,2018
39979,India,Puerto Rico,1,2018
39980,Ivory Coast,Sierra Leone,-1,2018
39981,Mozambique,Mauritius,1,2018
39982,Nigeria,Tanzania,1,2018
39983,Senegal,Namibia,1,2018
39984,Algeria,Lesotho,1,2018
39985,Bahrain,Jordan,-1,2018
39986,Burkina Faso,Botswana,1,2018
39987,Congo,Guinea-Bissau,1,2018
39988,DR Congo,Central African Republic,1,2018
39989,Czech Republic,Northern Ireland,-1,2018
39990,Denmark,Armenia,1,2018
39991,Equatorial Guinea,South Sudan,1,2018
39992,Guinea,Zimbabwe,1,2018
39993,Kazakhstan,Poland,-1,2018
39994,Lithuania,Slovenia,-1,2018
39995,Malawi,Eswatini,1,2018
39996,Mali,Benin,1,2018
39997,Morocco,São Tomé and Príncipe,1,2018
39998,Niger,Burundi,1,2018
39999,Malta,Scotland,-1,2018
40000,Norway,Germany,-1,2018
40001,Romania,Montenegro,-1,2018
40002,San Marino,Azerbaijan,-1,2018
40003,Slovakia,England,-1,2018
40004,Togo,Djibouti,1,2018
40005,Tunisia,Liberia,1,2018
40006,Uganda,Comoros,1,2018
40007,Zambia,Kenya,-1,2018
40008,Albania,North Macedonia,1,2018
40009,Croatia,Turkey,-1,2018
40010,Finland,Kosovo,-1,2018
40011,Georgia,Austria,-1,2018
40012,Israel,Italy,-1,2018
40013,Lebanon,Afghanistan,1,2018
40014,Serbia,Republic of Ireland,-1,2018
40015,Spain,Liechtenstein,1,2018
40016,Ukraine,Iceland,-1,2018
40017,Wales,Moldova,1,2018
40018,Andorra,Latvia,-1,2018
40019,Bangladesh,Bhutan,-1,2018
40020,Belarus,France,-1,2018
40021,Bosnia and Herzegovina,Estonia,1,2018
40022,Brazil,Colombia,1,2018
40023,Bulgaria,Luxembourg,1,2018
40024,Cameroon,Gabon,1,2018
40025,Canada,El Salvador,1,2018
40026,Chile,Bolivia,1,2018
40027,China PR,Iran,-1,2018
40028,Costa Rica,Panama,1,2018
40029,Cyprus,Belgium,-1,2018
40030,Faroe Islands,Hungary,-1,2018
40031,Gibraltar,Greece,-1,2018
40032,Indonesia,Malaysia,1,2018
40033,Iraq,Saudi Arabia,-1,2018
40034,Jamaica,Haiti,-1,2018
40035,Kyrgyzstan,Philippines,-1,2018
40036,Maldives,Laos,1,2018
40037,Mexico,Honduras,-1,2018
40038,Palestine,Tajikistan,-1,2018
40039,Peru,Ecuador,1,2018
40040,Qatar,Uzbekistan,-1,2018
40041,Russia,Ghana,1,2018
40042,South Africa,Egypt,1,2018
40043,Sweden,Netherlands,-1,2018
40044,Switzerland,Portugal,1,2018
40045,Syria,South Korea,-1,2018
40046,Thailand,Japan,-1,2018
40047,United Arab Emirates,Australia,-1,2018
40048,Uruguay,Paraguay,1,2018
40049,United States,Trinidad and Tobago,1,2018
40050,Venezuela,Argentina,-1,2018
40051,Guatemala,Saint Vincent and the Grenadines,1,2018
40052,Qatar,Serbia,1,2018
40053,Botswana,Angola,-1,2018
40054,DR Congo,Kenya,-1,2018
40055,Togo,Uganda,1,2018
40056,Curaçao,Antigua and Barbuda,1,2018
40057,Solomon Islands,New Caledonia,-1,2018
40058,Tajikistan,Palestine,-1,2018
40059,Trinidad and Tobago,Dominican Republic,1,2018
40060,Austria,Wales,-1,2018
40061,Brazil,Bolivia,1,2018
40062,Cambodia,Hong Kong,-1,2018
40063,China PR,Syria,-1,2018
40064,Ecuador,Chile,1,2018
40065,Iceland,Finland,1,2018
40066,Republic of Ireland,Georgia,1,2018
40067,Italy,Spain,-1,2018
40068,Japan,Iraq,1,2018
40069,South Korea,Qatar,1,2018
40070,Kosovo,Croatia,-1,2018
40071,Kyrgyzstan,Lebanon,-1,2018
40072,Liechtenstein,Albania,-1,2018
40073,North Macedonia,Israel,-1,2018
40074,Mauritania,Canada,-1,2018
40075,Moldova,Serbia,-1,2018
40076,Paraguay,Colombia,-1,2018
40077,Peru,Argentina,-1,2018
40078,Saudi Arabia,Australia,-1,2018
40079,Turkey,Ukraine,-1,2018
40080,United Arab Emirates,Thailand,1,2018
40081,Uruguay,Venezuela,1,2018
40082,Uzbekistan,Iran,-1,2018
40083,Vietnam,North Korea,1,2018
40084,Belgium,Bosnia and Herzegovina,1,2018
40085,Cuba,United States,-1,2018
40086,Estonia,Gibraltar,1,2018
40087,France,Bulgaria,1,2018
40088,Ghana,Uganda,-1,2018
40089,Greece,Cyprus,1,2018
40090,Hungary,Switzerland,-1,2018
40091,Latvia,Faroe Islands,-1,2018
40092,Luxembourg,Sweden,-1,2018
40093,Netherlands,Belarus,1,2018
40094,Oman,Jordan,-1,2018
40095,Philippines,Bahrain,-1,2018
40096,Portugal,Andorra,1,2018
40097,Singapore,Malaysia,-1,2018
40098,Armenia,Romania,-1,2018
40099,Azerbaijan,Norway,1,2018
40100,Belize,Honduras,-1,2018
40101,Burkina Faso,South Africa,-1,2018
40102,DR Congo,Libya,1,2018
40103,Dominican Republic,Martinique,-1,2018
40104,England,Malta,1,2018
40105,French Guiana,Saint Kitts and Nevis,1,2018
40106,Gabon,Morocco,-1,2018
40107,Germany,Czech Republic,1,2018
40108,Ivory Coast,Mali,1,2018
40109,Mexico,New Zealand,1,2018
40110,Montenegro,Kazakhstan,1,2018
40111,Northern Ireland,San Marino,1,2018
40112,Poland,Denmark,1,2018
40113,Scotland,Lithuania,-1,2018
40114,Senegal,Cape Verde,1,2018
40115,Slovenia,Slovakia,1,2018
40116,Solomon Islands,New Caledonia,-1,2018
40117,Suriname,Guyana,1,2018
40118,Taiwan,Timor-Leste,1,2018
40119,Albania,Spain,-1,2018
40120,Algeria,Cameroon,-1,2018
40121,Cambodia,Sri Lanka,1,2018
40122,Congo,Egypt,-1,2018
40123,Finland,Croatia,-1,2018
40124,Iceland,Turkey,1,2018
40125,Indonesia,Vietnam,-1,2018
40126,Israel,Liechtenstein,1,2018
40127,North Macedonia,Italy,-1,2018
40128,Moldova,Republic of Ireland,-1,2018
40129,Russia,Costa Rica,-1,2018
40130,Serbia,Austria,1,2018
40131,Togo,Mozambique,1,2018
40132,Tunisia,Guinea,1,2018
40133,Ukraine,Kosovo,1,2018
40134,Wales,Georgia,-1,2018
40135,Zambia,Nigeria,-1,2018
40136,Andorra,Switzerland,-1,2018
40137,Belarus,Luxembourg,-1,2018
40138,Bhutan,Bangladesh,1,2018
40139,Bosnia and Herzegovina,Cyprus,1,2018
40140,Estonia,Greece,-1,2018
40141,Faroe Islands,Portugal,-1,2018
40142,Gibraltar,Belgium,-1,2018
40143,Latvia,Hungary,-1,2018
40144,Netherlands,France,-1,2018
40145,Philippines,North Korea,-1,2018
40146,Sweden,Bulgaria,1,2018
40147,Argentina,Paraguay,-1,2018
40148,Australia,Japan,-1,2018
40149,Bolivia,Ecuador,-1,2018
40150,Chile,Peru,1,2018
40151,Colombia,Uruguay,-1,2018
40152,Czech Republic,Azerbaijan,-1,2018
40153,Denmark,Montenegro,-1,2018
40154,Germany,Northern Ireland,1,2018
40155,Hong Kong,Singapore,1,2018
40156,Iran,South Korea,1,2018
40157,Iraq,Thailand,1,2018
40158,Kazakhstan,Romania,-1,2018
40159,Kyrgyzstan,Turkmenistan,1,2018
40160,Laos,Maldives,-1,2018
40161,Lebanon,Equatorial Guinea,-1,2018
40162,Lithuania,Malta,1,2018
40163,Malaysia,Afghanistan,-1,2018
40164,Mexico,Panama,1,2018
40165,Morocco,Canada,1,2018
40166,Norway,San Marino,1,2018
40167,Oman,Bahrain,-1,2018
40168,Poland,Armenia,1,2018
40169,Puerto Rico,Curaçao,-1,2018
40170,Qatar,Syria,1,2018
40171,Saudi Arabia,United Arab Emirates,1,2018
40172,Slovakia,Scotland,1,2018
40173,Slovenia,England,-1,2018
40174,South Africa,Ghana,-1,2018
40175,Uzbekistan,China PR,1,2018
40176,Venezuela,Brazil,-1,2018
40177,Brunei,Timor-Leste,1,2018
40178,Cambodia,Laos,1,2018
40179,Cambodia,Brunei,1,2018
40180,Timor-Leste,Laos,-1,2018
40181,Cambodia,Timor-Leste,1,2018
40182,Laos,Brunei,1,2018
40183,Brunei,Timor-Leste,1,2018
40184,Macau,Mongolia,1,2018
40185,Sri Lanka,Laos,-1,2018
40186,Myanmar,Indonesia,-1,2018
40187,Timor-Leste,Nepal,-1,2018
40188,Zimbabwe,Zambia,1,2018
40189,Hong Kong,Guam,1,2018
40190,Jordan,Iraq,-1,2018
40191,North Korea,Taiwan,1,2018
40192,Laos,Macau,-1,2018
40193,Mongolia,Sri Lanka,1,2018
40194,Tahiti,Solomon Islands,1,2018
40195,Nepal,Brunei,1,2018
40196,Uganda,Zambia,-1,2018
40197,Vietnam,Indonesia,1,2018
40198,Greece,Belarus,-1,2018
40199,Guam,North Korea,-1,2018
40200,Haiti,French Guiana,-1,2018
40201,Hong Kong,Taiwan,1,2018
40202,Mongolia,Laos,-1,2018
40203,Netherlands,Belgium,-1,2018
40204,Philippines,Kyrgyzstan,1,2018
40205,Sri Lanka,Macau,-1,2018
40206,Syria,Singapore,1,2018
40207,Tajikistan,Turkmenistan,1,2018
40208,United Arab Emirates,Bahrain,1,2018
40209,Brazil,Argentina,1,2018
40210,Colombia,Chile,-1,2018
40211,Iran,Papua New Guinea,1,2018
40212,Lebanon,Palestine,-1,2018
40213,Paraguay,Peru,-1,2018
40214,Qatar,Russia,1,2018
40215,Uruguay,Ecuador,1,2018
40216,Uzbekistan,Jordan,1,2018
40217,Venezuela,Bolivia,1,2018
40218,Armenia,Montenegro,1,2018
40219,Czech Republic,Norway,1,2018
40220,Denmark,Kazakhstan,1,2018
40221,England,Scotland,1,2018
40222,France,Sweden,1,2018
40223,Honduras,Panama,-1,2018
40224,Japan,Oman,1,2018
40225,South Korea,Canada,1,2018
40226,Libya,Tunisia,-1,2018
40227,Malta,Slovenia,-1,2018
40228,Northern Ireland,Azerbaijan,1,2018
40229,Romania,Poland,-1,2018
40230,San Marino,Germany,-1,2018
40231,Slovakia,Lithuania,1,2018
40232,Togo,Comoros,-1,2018
40233,Trinidad and Tobago,Costa Rica,-1,2018
40234,United States,Mexico,-1,2018
40235,Albania,Israel,-1,2018
40236,Austria,Republic of Ireland,-1,2018
40237,Cameroon,Zambia,-1,2018
40238,Cape Verde,Burkina Faso,-1,2018
40239,Croatia,Iceland,1,2018
40240,Georgia,Moldova,-1,2018
40241,Hong Kong,North Korea,-1,2018
40242,Kenya,Mozambique,1,2018
40243,Liechtenstein,Italy,-1,2018
40244,Macau,Brunei,-1,2018
40245,Mali,Gabon,-1,2018
40246,Morocco,Ivory Coast,-1,2018
40247,Nepal,Laos,-1,2018
40248,New Zealand,New Caledonia,1,2018
40249,Nigeria,Algeria,1,2018
40250,Spain,North Macedonia,1,2018
40251,Turkey,Kosovo,1,2018
40252,Uganda,Congo,1,2018
40253,Ukraine,Finland,1,2018
40254,Wales,Serbia,-1,2018
40255,Belgium,Estonia,1,2018
40256,Bulgaria,Belarus,1,2018
40257,Cyprus,Gibraltar,1,2018
40258,Egypt,Ghana,1,2018
40259,Greece,Bosnia and Herzegovina,-1,2018
40260,Guinea,DR Congo,-1,2018
40261,Hungary,Andorra,1,2018
40262,Jamaica,Suriname,1,2018
40263,Luxembourg,Netherlands,-1,2018
40264,Portugal,Latvia,1,2018
40265,Singapore,Cambodia,1,2018
40266,Solomon Islands,Tahiti,1,2018
40267,Saint Kitts and Nevis,Haiti,-1,2018
40268,Switzerland,Faroe Islands,1,2018
40269,Tajikistan,Afghanistan,1,2018
40270,Zimbabwe,Tanzania,1,2018
40271,Myanmar,Oman,-1,2018
40272,Laos,Brunei,1,2018
40273,Malaysia,Papua New Guinea,1,2018
40274,Poland,Slovenia,-1,2018
40275,Argentina,Colombia,1,2018
40276,Austria,Slovakia,-1,2018
40277,Bahrain,Kyrgyzstan,-1,2018
40278,Bolivia,Paraguay,1,2018
40279,Chile,Uruguay,1,2018
40280,China PR,Qatar,-1,2018
40281,Costa Rica,United States,1,2018
40282,Czech Republic,Denmark,-1,2018
40283,Ecuador,Venezuela,1,2018
40284,England,Spain,-1,2018
40285,France,Ivory Coast,-1,2018
40286,Gabon,Comoros,-1,2018
40287,Honduras,Trinidad and Tobago,1,2018
40288,Italy,Germany,-1,2018
40289,Japan,Saudi Arabia,1,2018
40290,Jordan,Lebanon,-1,2018
40291,Kenya,Liberia,1,2018
40292,South Korea,Uzbekistan,1,2018
40293,Malta,Iceland,-1,2018
40294,Morocco,Togo,1,2018
40295,Mozambique,South Africa,-1,2018
40296,Nepal,Macau,1,2018
40297,New Caledonia,New Zealand,-1,2018
40298,Northern Ireland,Croatia,-1,2018
40299,Panama,Mexico,-1,2018
40300,Peru,Brazil,-1,2018
40301,Russia,Romania,1,2018
40302,Syria,Iran,-1,2018
40303,Thailand,Australia,-1,2018
40304,Tunisia,Mauritania,-1,2018
40305,Ukraine,Serbia,1,2018
40306,United Arab Emirates,Iraq,1,2018
40307,Philippines,Singapore,-1,2018
40308,Saint Kitts and Nevis,Estonia,-1,2018
40309,Thailand,Indonesia,1,2018
40310,Myanmar,Vietnam,-1,2018
40311,Malaysia,Cambodia,1,2018
40312,Antigua and Barbuda,Estonia,-1,2018
40313,Philippines,Indonesia,-1,2018
40314,Thailand,Singapore,1,2018
40315,Myanmar,Cambodia,1,2018
40316,Malaysia,Vietnam,-1,2018
40317,Philippines,Thailand,-1,2018
40318,Singapore,Indonesia,-1,2018
40319,Ryūkyū,United Koreans in Japan,-1,2018
40320,Myanmar,Malaysia,1,2018
40321,Vietnam,Cambodia,1,2018
40322,Indonesia,Vietnam,1,2018
40323,Myanmar,Thailand,-1,2018
40324,Vietnam,Indonesia,-1,2018
40325,Thailand,Myanmar,1,2018
40326,Indonesia,Thailand,1,2018
40327,Thailand,Indonesia,1,2018
40328,Ivory Coast,Zimbabwe,-1,2018
40329,Nicaragua,Trinidad and Tobago,1,2018
40330,Catalonia,Tunisia,-1,2018
40331,Nicaragua,Trinidad and Tobago,-1,2018
40332,Basque Country,Tunisia,1,2018
40333,Trinidad and Tobago,Suriname,-1,2018
40334,Tunisia,Uganda,1,2018
40335,Cameroon,DR Congo,1,2018
40336,Suriname,Haiti,-1,2018
40337,Algeria,Mauritania,1,2018
40338,Burkina Faso,Mali,1,2018
40339,Egypt,Tunisia,1,2018
40340,Ivory Coast,Sweden,1,2018
40341,Libya,Senegal,-1,2018
40342,Trinidad and Tobago,Haiti,-1,2018
40343,Morocco,Finland,-1,2018
40344,Algeria,Mauritania,1,2018
40345,Cameroon,Zimbabwe,-1,2018
40346,China PR,Iceland,-1,2018
40347,Chile,Croatia,-1,2018
40348,Congo,Senegal,-1,2018
40349,Ivory Coast,Uganda,1,2018
40350,Honduras,Nicaragua,1,2018
40351,Burkina Faso,Cameroon,-1,2018
40352,Cambodia,Saudi Arabia,-1,2018
40353,China PR,Croatia,-1,2018
40354,Gabon,Guinea-Bissau,-1,2018
40355,Algeria,Zimbabwe,-1,2018
40356,Belize,Costa Rica,-1,2018
40357,El Salvador,Honduras,-1,2018
40358,Iceland,Chile,-1,2018
40359,Tunisia,Senegal,-1,2018
40360,DR Congo,Morocco,1,2018
40361,Ivory Coast,Togo,-1,2018
40362,El Salvador,Belize,1,2018
40363,Ghana,Uganda,1,2018
40364,Mali,Egypt,-1,2018
40365,Qatar,Moldova,-1,2018
40366,Cameroon,Guinea-Bissau,1,2018
40367,Gabon,Burkina Faso,-1,2018
40368,Algeria,Tunisia,-1,2018
40369,Senegal,Zimbabwe,1,2018
40370,Ivory Coast,DR Congo,-1,2018
40371,Morocco,Togo,1,2018
40372,Nicaragua,Belize,1,2018
40373,Egypt,Uganda,1,2018
40374,Ghana,Mali,1,2018
40375,Belize,Honduras,-1,2018
40376,Bermuda,Canada,-1,2018
40377,El Salvador,Nicaragua,1,2018
40378,Gabon,Cameroon,-1,2018
40379,Guinea-Bissau,Burkina Faso,-1,2018
40380,Panama,Costa Rica,1,2018
40381,Senegal,Algeria,-1,2018
40382,Uzbekistan,Georgia,-1,2018
40383,Zimbabwe,Tunisia,-1,2018
40384,Morocco,Ivory Coast,1,2018
40385,Togo,DR Congo,-1,2018
40386,Egypt,Ghana,1,2018
40387,Jordan,Georgia,1,2018
40388,Uganda,Mali,-1,2018
40389,Brazil,Colombia,1,2018
40390,Burkina Faso,Tunisia,1,2018
40391,Senegal,Cameroon,-1,2018
40392,DR Congo,Ghana,-1,2018
40393,Egypt,Morocco,1,2018
40394,United States,Serbia,-1,2018
40395,Burkina Faso,Egypt,-1,2018
40396,Cameroon,Ghana,1,2018
40397,Burkina Faso,Ghana,1,2018
40398,Egypt,Cameroon,-1,2018
40399,Mexico,Iceland,1,2018
40400,Ecuador,Honduras,1,2018
40401,Qatar,Azerbaijan,-1,2018
40402,Trinidad and Tobago,Barbados,1,2018
40403,Burundi,Djibouti,1,2018
40404,Raetia,Tamil Eelam,-1,2018
40405,Burundi,Djibouti,1,2018
40406,Honduras,Nicaragua,1,2018
40407,Iran,Iraq,-1,2018
40408,San Marino,Moldova,-1,2018
40409,Indonesia,Myanmar,-1,2018
40410,Cambodia,India,-1,2018
40411,Curaçao,El Salvador,-1,2018
40412,Cyprus,Kazakhstan,1,2018
40413,Czech Republic,Lithuania,1,2018
40414,Djibouti,South Sudan,1,2018
40415,Germany,England,1,2018
40416,Philippines,Malaysia,-1,2018
40417,São Tomé and Príncipe,Madagascar,-1,2018
40418,Scotland,Canada,-1,2018
40419,Vietnam,Taiwan,-1,2018
40420,Yemen,Palestine,-1,2018
40421,Afghanistan,Singapore,1,2018
40422,Argentina,Chile,1,2018
40423,Bahrain,Tajikistan,-1,2018
40424,China PR,South Korea,1,2018
40425,Colombia,Bolivia,1,2018
40426,Iraq,Australia,-1,2018
40427,Jordan,Hong Kong,1,2018
40428,Kenya,Uganda,-1,2018
40429,Nigeria,Senegal,-1,2018
40430,Papua New Guinea,Tahiti,-1,2018
40431,Paraguay,Ecuador,1,2018
40432,Qatar,Iran,-1,2018
40433,Syria,Uzbekistan,1,2018
40434,Thailand,Saudi Arabia,-1,2018
40435,United Arab Emirates,Japan,-1,2018
40436,Uruguay,Brazil,-1,2018
40437,Venezuela,Peru,-1,2018
40438,Austria,Moldova,1,2018
40439,Comoros,Mauritius,1,2018
40440,Croatia,Ukraine,1,2018
40441,Georgia,Serbia,-1,2018
40442,Guinea,Gabon,-1,2018
40443,Republic of Ireland,Wales,-1,2018
40444,Italy,Albania,1,2018
40445,Kosovo,Iceland,-1,2018
40446,Libya,Togo,-1,2018
40447,Liechtenstein,North Macedonia,-1,2018
40448,Mauritania,Benin,1,2018
40449,Mexico,Costa Rica,1,2018
40450,Morocco,Burkina Faso,1,2018
40451,Russia,Ivory Coast,-1,2018
40452,Spain,Israel,1,2018
40453,Trinidad and Tobago,Panama,1,2018
40454,Tunisia,Cameroon,-1,2018
40455,Turkey,Finland,1,2018
40456,United States,Honduras,1,2018
40457,Andorra,Faroe Islands,-1,2018
40458,Belgium,Greece,-1,2018
40459,Bosnia and Herzegovina,Gibraltar,1,2018
40460,Bulgaria,Netherlands,1,2018
40461,Cyprus,Estonia,-1,2018
40462,Fiji,New Zealand,-1,2018
40463,Luxembourg,France,-1,2018
40464,Mozambique,Angola,1,2018
40465,Portugal,Hungary,1,2018
40466,South Africa,Guinea-Bissau,1,2018
40467,Sweden,Belarus,1,2018
40468,Switzerland,Latvia,1,2018
40469,Tanzania,Botswana,1,2018
40470,Alderney,Jersey,-1,2018
40471,Armenia,Kazakhstan,1,2018
40472,Azerbaijan,Germany,-1,2018
40473,Barbados,Martinique,1,2018
40474,England,Lithuania,1,2018
40475,Kenya,DR Congo,1,2018
40476,Madagascar,São Tomé and Príncipe,1,2018
40477,Malta,Slovakia,-1,2018
40478,Montenegro,Poland,-1,2018
40479,Northern Ireland,Norway,1,2018
40480,Romania,Denmark,-1,2018
40481,San Marino,Czech Republic,-1,2018
40482,Scotland,Slovenia,1,2018
40483,Zimbabwe,Zambia,-1,2018
40484,Central African Republic,Gambia,-1,2018
40485,Ivory Coast,Senegal,-1,2018
40486,Mauritania,Congo,1,2018
40487,Turkey,Moldova,1,2018
40488,Afghanistan,Vietnam,-1,2018
40489,Albania,Bosnia and Herzegovina,-1,2018
40490,Australia,United Arab Emirates,1,2018
40491,Austria,Finland,-1,2018
40492,Bahrain,Singapore,-1,2018
40493,Bolivia,Argentina,1,2018
40494,Brazil,Paraguay,1,2018
40495,Myanmar,India,-1,2018
40496,Cameroon,Guinea,-1,2018
40497,Chile,Venezuela,1,2018
40498,Ecuador,Colombia,-1,2018
40499,Egypt,Togo,1,2018
40500,Estonia,Croatia,1,2018
40501,France,Spain,-1,2018
40502,Georgia,Latvia,1,2018
40503,Guyana,Martinique,-1,2018
40504,Honduras,Costa Rica,-1,2018
40505,Iran,China PR,1,2018
40506,Republic of Ireland,Iceland,-1,2018
40507,Japan,Thailand,1,2018
40508,Jordan,Cambodia,1,2018
40509,South Korea,Syria,1,2018
40510,Kyrgyzstan,Macau,1,2018
40511,Lebanon,Hong Kong,1,2018
40512,Luxembourg,Cape Verde,-1,2018
40513,North Macedonia,Belarus,1,2018
40514,Maldives,Palestine,-1,2018
40515,Mauritius,Comoros,-1,2018
40516,Morocco,Tunisia,1,2018
40517,Mozambique,Lesotho,1,2018
40518,Netherlands,Italy,-1,2018
40519,New Zealand,Fiji,1,2018
40520,Oman,Bhutan,1,2018
40521,Panama,United States,-1,2018
40522,Peru,Uruguay,1,2018
40523,Philippines,Nepal,1,2018
40524,Portugal,Sweden,-1,2018
40525,Russia,Belgium,-1,2018
40526,Saudi Arabia,Iraq,1,2018
40527,South Africa,Angola,-1,2018
40528,South Sudan,Djibouti,1,2018
40529,Tanzania,Burundi,1,2018
40530,Trinidad and Tobago,Mexico,-1,2018
40531,Uzbekistan,Qatar,1,2018
40532,Yemen,Tajikistan,1,2018
40533,Tahiti,Papua New Guinea,-1,2018
40534,Jersey,Panjab,-1,2018
40535,Martinique,Guadeloupe,1,2018
40536,Vatican City,Monaco,-1,2018
40537,Burkina Faso,Benin,-1,2018
40538,Saint Kitts and Nevis,Barbados,1,2018
40539,Senegal,Mauritania,1,2018
40540,Egypt,Libya,1,2018
40541,Guernsey,Jersey,1,2018
40542,Guadeloupe,Dominica,-1,2018
40543,Benin,Burkina Faso,-1,2018
40544,Fiji,Solomon Islands,-1,2018
40545,Ghana,Benin,-1,2018
40546,Corsica,Nigeria,-1,2018
40547,El Salvador,Honduras,-1,2018
40548,Fiji,Solomon Islands,1,2018
40549,Mexico,Croatia,-1,2018
40550,Italy,San Marino,1,2018
40551,Ivory Coast,Benin,-1,2018
40552,Morocco,Netherlands,-1,2018
40553,Iraq,Jordan,1,2018
40554,Mexico,Republic of Ireland,1,2018
40555,Nigeria,Togo,1,2018
40556,Switzerland,Belarus,1,2018
40557,Chile,Burkina Faso,1,2018
40558,France,Paraguay,1,2018
40559,Nicaragua,Bolivia,-1,2018
40560,Northern Ireland,New Zealand,1,2018
40561,Oman,Syria,-1,2018
40562,Ethiopia,Uganda,-1,2018
40563,Portugal,Cyprus,1,2018
40564,United States,Venezuela,-1,2018
40565,Armenia,Saint Kitts and Nevis,1,2018
40566,Gabon,Zambia,-1,2018
40567,Republic of Ireland,Uruguay,1,2018
40568,Lesotho,Mauritania,1,2018
40569,Luxembourg,Albania,1,2018
40570,Montenegro,Iran,-1,2018
40571,Netherlands,Ivory Coast,1,2018
40572,Togo,Comoros,1,2018
40573,Northern Cyprus,Kárpátalja,1,2018
40574,Belgium,Czech Republic,1,2018
40575,DR Congo,Botswana,1,2018
40576,Egypt,Libya,1,2018
40577,Hungary,Russia,-1,2018
40578,North Macedonia,Turkey,-1,2018
40579,Senegal,Uganda,-1,2018
40580,Abkhazia,South Ossetia,1,2018
40581,Padania,Ellan Vannin,1,2018
40582,Felvidék,Székely Land,1,2018
40583,Afghanistan,Maldives,1,2018
40584,Algeria,Guinea,1,2018
40585,Bahrain,Palestine,-1,2018
40586,Denmark,Germany,-1,2018
40587,India,Nepal,1,2018
40588,Israel,Moldova,-1,2018
40589,Malta,Ukraine,1,2018
40590,Qatar,North Korea,-1,2018
40591,Uzbekistan,Thailand,1,2018
40592,Northern Cyprus,South Ossetia,1,2018
40593,Kárpátalja,Abkhazia,-1,2018
40594,Székely Land,Padania,-1,2018
40595,Ellan Vannin,Felvidék,1,2018
40596,Bolivia,Nicaragua,1,2018
40597,China PR,Philippines,1,2018
40598,Fiji,New Caledonia,-1,2018
40599,Finland,Liechtenstein,-1,2018
40600,Georgia,Saint Kitts and Nevis,1,2018
40601,Hong Kong,Jordan,-1,2018
40602,Iraq,South Korea,-1,2018
40603,Italy,Uruguay,1,2018
40604,Japan,Syria,-1,2018
40605,Spain,Colombia,-1,2018
40606,United Arab Emirates,Laos,1,2018
40607,Northern Cyprus,Abkhazia,-1,2018
40608,South Ossetia,Kárpátalja,-1,2018
40609,Ellan Vannin,Székely Land,-1,2018
40610,Padania,Felvidék,1,2018
40611,Australia,Saudi Arabia,1,2018
40612,Cambodia,Indonesia,-1,2018
40613,Costa Rica,Panama,-1,2018
40614,Ecuador,Venezuela,-1,2018
40615,Mexico,Honduras,1,2018
40616,Peru,Paraguay,1,2018
40617,United States,Trinidad and Tobago,1,2018
40618,Andorra,Hungary,1,2018
40619,Argentina,Brazil,1,2018
40620,Belarus,Bulgaria,1,2018
40621,Bosnia and Herzegovina,Greece,-1,2018
40622,Estonia,Belgium,-1,2018
40623,Faroe Islands,Switzerland,-1,2018
40624,Gibraltar,Cyprus,-1,2018
40625,Latvia,Portugal,-1,2018
40626,Libya,Seychelles,1,2018
40627,Netherlands,Luxembourg,1,2018
40628,Russia,Chile,-1,2018
40629,Solomon Islands,Papua New Guinea,1,2018
40630,Sudan,Madagascar,-1,2018
40631,Sweden,France,1,2018
40632,South Ossetia,Felvidék,-1,2018
40633,Kárpátalja,Ellan Vannin,-1,2018
40634,Northern Cyprus,Székely Land,1,2018
40635,Padania,Abkhazia,-1,2018
40636,Azerbaijan,Northern Ireland,-1,2018
40637,Burkina Faso,Angola,1,2018
40638,Burundi,South Sudan,1,2018
40639,Cameroon,Morocco,1,2018
40640,DR Congo,Congo,1,2018
40641,Germany,San Marino,1,2018
40642,Grenada,Bermuda,-1,2018
40643,Guinea-Bissau,Namibia,1,2018
40644,Ivory Coast,Guinea,-1,2018
40645,Kazakhstan,Denmark,-1,2018
40646,Lithuania,Slovakia,-1,2018
40647,Malawi,Comoros,1,2018
40648,Mali,Gabon,1,2018
40649,Montenegro,Armenia,1,2018
40650,Niger,Eswatini,-1,2018
40651,Nigeria,South Africa,-1,2018
40652,Norway,Czech Republic,-1,2018
40653,Poland,Romania,1,2018
40654,Scotland,England,-1,2018
40655,Senegal,Equatorial Guinea,1,2018
40656,Singapore,Taiwan,-1,2018
40657,Slovenia,Malta,1,2018
40658,Tanzania,Lesotho,-1,2018
40659,Zambia,Mozambique,-1,2018
40660,Székely Land,Abkhazia,1,2018
40661,Northern Cyprus,Padania,-1,2018
40662,Botswana,Mauritania,-1,2018
40663,Algeria,Togo,1,2018
40664,Benin,Gambia,1,2018
40665,Cape Verde,Uganda,-1,2018
40666,Central African Republic,Rwanda,1,2018
40667,Finland,Ukraine,-1,2018
40668,Ghana,Ethiopia,1,2018
40669,Iceland,Croatia,1,2018
40670,Republic of Ireland,Austria,-1,2018
40671,Israel,Albania,-1,2018
40672,Italy,Liechtenstein,1,2018
40673,Kosovo,Turkey,-1,2018
40674,North Macedonia,Spain,-1,2018
40675,Mexico,United States,-1,2018
40676,Moldova,Georgia,-1,2018
40677,New Caledonia,Fiji,1,2018
40678,Serbia,Wales,-1,2018
40679,Zimbabwe,Liberia,1,2018
40680,Tunisia,Egypt,1,2018
40681,Belarus,New Zealand,1,2018
40682,Iran,Uzbekistan,1,2018
40683,Latvia,Estonia,-1,2018
40684,Australia,Brazil,-1,2018
40685,Bhutan,Maldives,-1,2018
40686,Cambodia,Afghanistan,1,2018
40687,Cameroon,Colombia,-1,2018
40688,Canada,Curaçao,1,2018
40689,Costa Rica,Trinidad and Tobago,1,2018
40690,El Salvador,Ecuador,-1,2018
40691,France,England,1,2018
40692,Hong Kong,North Korea,-1,2018
40693,India,Kyrgyzstan,1,2018
40694,Indonesia,Puerto Rico,-1,2018
40695,Iraq,Japan,-1,2018
40696,Macau,Myanmar,-1,2018
40697,Malaysia,Lebanon,-1,2018
40698,Nepal,Yemen,-1,2018
40699,Norway,Sweden,-1,2018
40700,Palestine,Oman,1,2018
40701,Panama,Honduras,-1,2018
40702,Papua New Guinea,Solomon Islands,-1,2018
40703,Qatar,South Korea,1,2018
40704,Romania,Chile,1,2018
40705,Singapore,Argentina,-1,2018
40706,South Africa,Zambia,-1,2018
40707,Syria,China PR,-1,2018
40708,Tajikistan,Philippines,-1,2018
40709,Thailand,United Arab Emirates,-1,2018
40710,Turkmenistan,Bahrain,-1,2018
40711,Vietnam,Jordan,-1,2018
40712,Peru,Jamaica,1,2018
40713,Curaçao,Nicaragua,-1,2018
40714,French Guiana,Barbados,1,2018
40715,Russia,New Zealand,1,2018
40716,Cameroon,Chile,-1,2018
40717,Portugal,Mexico,-1,2018
40718,Australia,Germany,-1,2018
40719,Mexico,New Zealand,1,2018
40720,Russia,Portugal,-1,2018
40721,Cameroon,Australia,-1,2018
40722,Germany,Chile,-1,2018
40723,Jamaica,French Guiana,-1,2018
40724,Martinique,Curaçao,-1,2018
40725,New Zealand,Portugal,-1,2018
40726,Russia,Mexico,-1,2018
40727,Chile,Australia,-1,2018
40728,Germany,Cameroon,1,2018
40729,Jamaica,Curaçao,-1,2018
40730,Martinique,French Guiana,-1,2018
40731,Mauritius,Angola,-1,2018
40732,Tanzania,Malawi,1,2018
40733,Menorca,Orkney,1,2018
40734,Alderney,Jersey,-1,2018
40735,Gotland,Frøya,1,2018
40736,Western Isles,Greenland,-1,2018
40737,Guernsey,Åland Islands,-1,2018
40738,Saare County,Shetland,-1,2018
40739,Isle of Man,Hitra,1,2018
40740,Ynys Môn,Falkland Islands,1,2018
40741,Madagascar,Seychelles,1,2018
40742,Mozambique,Zimbabwe,-1,2018
40743,Jersey,Menorca,-1,2018
40744,Orkney,Alderney,1,2018
40745,Gotland,Western Isles,1,2018
40746,Frøya,Greenland,-1,2018
40747,Shetland,Guernsey,-1,2018
40748,Åland Islands,Saare County,-1,2018
40749,Falkland Islands,Isle of Man,-1,2018
40750,Hitra,Ynys Môn,-1,2018
40751,Angola,Tanzania,-1,2018
40752,Malawi,Mauritius,-1,2018
40753,Menorca,Alderney,1,2018
40754,Orkney,Jersey,-1,2018
40755,Gotland,Greenland,-1,2018
40756,Frøya,Western Isles,-1,2018
40757,Guernsey,Saare County,-1,2018
40758,Åland Islands,Shetland,1,2018
40759,Isle of Man,Ynys Môn,1,2018
40760,Hitra,Falkland Islands,1,2018
40761,Portugal,Chile,-1,2018
40762,Seychelles,Mozambique,-1,2018
40763,Saint Lucia,Saint Vincent and the Grenadines,1,2018
40764,Zimbabwe,Madagascar,-1,2018
40765,Germany,Mexico,1,2018
40766,Malawi,Angola,-1,2018
40767,Tanzania,Mauritius,-1,2018
40768,Falkland Islands,Alderney,-1,2018
40769,Saare County,Frøya,1,2018
40770,Hitra,Western Isles,-1,2018
40771,Orkney,Shetland,1,2018
40772,Ynys Môn,Åland Islands,-1,2018
40773,Gotland,Jersey,-1,2018
40774,Greenland,Menorca,-1,2018
40775,Guernsey,Isle of Man,-1,2018
40776,Dominica,Barbados,1,2018
40777,Mozambique,Madagascar,-1,2018
40778,Zimbabwe,Seychelles,1,2018
40779,Menorca,Guernsey,-1,2018
40780,Greenland,Isle of Man,-1,2018
40781,Botswana,Zambia,-1,2018
40782,Gambia,Guinea-Bissau,-1,2018
40783,Mexico,Paraguay,1,2018
40784,Namibia,Lesotho,-1,2018
40785,United States,Ghana,1,2018
40786,Chile,Germany,-1,2018
40787,Portugal,Mexico,1,2018
40788,South Africa,Tanzania,-1,2018
40789,Eswatini,Zimbabwe,-1,2018
40790,Barbados,Saint Lucia,-1,2018
40791,Grenada,Saint Vincent and the Grenadines,1,2018
40792,Namibia,Eswatini,1,2018
40793,South Africa,Botswana,1,2018
40794,Saint Lucia,Dominica,-1,2018
40795,Saint Vincent and the Grenadines,Barbados,1,2018
40796,Lesotho,Zimbabwe,-1,2018
40797,Zambia,Tanzania,1,2018
40798,Dominica,Saint Vincent and the Grenadines,-1,2018
40799,Grenada,Barbados,-1,2018
40800,French Guiana,Canada,-1,2018
40801,Honduras,Costa Rica,-1,2018
40802,South Africa,Namibia,1,2018
40803,Tanzania,Lesotho,-1,2018
40804,Guinea-Bissau,Gambia,-1,2018
40805,Martinique,Nicaragua,1,2018
40806,United States,Panama,-1,2018
40807,Curaçao,Jamaica,-1,2018
40808,Mexico,El Salvador,1,2018
40809,Zambia,Zimbabwe,-1,2018
40810,Costa Rica,Canada,-1,2018
40811,Honduras,French Guiana,-1,2018
40812,Panama,Nicaragua,1,2018
40813,United States,Martinique,1,2018
40814,El Salvador,Curaçao,1,2018
40815,Mexico,Jamaica,-1,2018
40816,Canada,Honduras,-1,2018
40817,Costa Rica,French Guiana,1,2018
40818,Thailand,North Korea,1,2018
40819,Panama,Martinique,1,2018
40820,United States,Nicaragua,1,2018
40821,Burkina Faso,North Korea,-1,2018
40822,Curaçao,Mexico,-1,2018
40823,Jamaica,El Salvador,-1,2018
40824,Thailand,Belarus,-1,2018
40825,Costa Rica,Panama,1,2018
40826,United States,El Salvador,1,2018
40827,Jamaica,Canada,1,2018
40828,Mexico,Honduras,1,2018
40829,United States,Costa Rica,1,2018
40830,Mexico,Jamaica,-1,2018
40831,Ecuador,Trinidad and Tobago,1,2018
40832,United States,Jamaica,1,2018
40833,Zambia,Ethiopia,-1,2018
40834,Rwanda,Sudan,1,2018
40835,Andorra,Qatar,-1,2018
40836,India,Mauritius,1,2018
40837,Malaysia,Syria,-1,2018
40838,Mauritius,Saint Kitts and Nevis,-1,2018
40839,Qatar,Turkmenistan,1,2018
40840,India,Saint Kitts and Nevis,-1,2018
40841,Trinidad and Tobago,Jamaica,-1,2018
40842,Iraq,Syria,-1,2018
40843,Bahrain,Jordan,-1,2018
40844,Myanmar,Malaysia,1,2018
40845,United Arab Emirates,Saudi Arabia,1,2018
40846,Oman,Afghanistan,1,2018
40847,Belgium,Gibraltar,1,2018
40848,Brazil,Ecuador,1,2018
40849,Bulgaria,Sweden,1,2018
40850,Chile,Paraguay,-1,2018
40851,China PR,Uzbekistan,1,2018
40852,Cyprus,Bosnia and Herzegovina,1,2018
40853,France,Netherlands,1,2018
40854,Greece,Estonia,-1,2018
40855,Guinea,Libya,1,2018
40856,Hungary,Latvia,1,2018
40857,Japan,Australia,1,2018
40858,Kenya,Mauritania,-1,2018
40859,South Korea,Iran,-1,2018
40860,Luxembourg,Belarus,1,2018
40861,Niger,Togo,-1,2018
40862,Peru,Bolivia,1,2018
40863,Portugal,Faroe Islands,1,2018
40864,Singapore,Hong Kong,-1,2018
40865,Switzerland,Andorra,1,2018
40866,Syria,Qatar,1,2018
40867,Thailand,Iraq,-1,2018
40868,Uganda,Egypt,1,2018
40869,Uruguay,Argentina,-1,2018
40870,Venezuela,Colombia,-1,2018
40871,Abkhazia,Donetsk PR,-1,2018
40872,Cape Verde,South Africa,1,2018
40873,Czech Republic,Germany,-1,2018
40874,Denmark,Poland,1,2018
40875,Ghana,Congo,-1,2018
40876,Kazakhstan,Montenegro,-1,2018
40877,Lithuania,Scotland,-1,2018
40878,Malta,England,-1,2018
40879,Mexico,Panama,1,2018
40880,Morocco,Mali,1,2018
40881,New Zealand,Solomon Islands,1,2018
40882,Nigeria,Cameroon,1,2018
40883,Norway,Azerbaijan,1,2018
40884,Romania,Armenia,1,2018
40885,San Marino,Northern Ireland,-1,2018
40886,Slovakia,Slovenia,1,2018
40887,Trinidad and Tobago,Honduras,-1,2018
40888,Tunisia,DR Congo,1,2018
40889,United States,Costa Rica,-1,2018
40890,Albania,Liechtenstein,1,2018
40891,Canada,Jamaica,1,2018
40892,Croatia,Kosovo,1,2018
40893,Finland,Iceland,1,2018
40894,Gabon,Ivory Coast,-1,2018
40895,Georgia,Republic of Ireland,-1,2018
40896,Indonesia,Fiji,-1,2018
40897,Israel,North Macedonia,-1,2018
40898,Mozambique,Kenya,-1,2018
40899,Senegal,Burkina Faso,-1,2018
40900,Serbia,Moldova,1,2018
40901,Spain,Italy,1,2018
40902,Ukraine,Turkey,1,2018
40903,Wales,Austria,1,2018
40904,Zambia,Algeria,1,2018
40905,Belarus,Sweden,-1,2018
40906,Equatorial Guinea,Benin,-1,2018
40907,Estonia,Cyprus,1,2018
40908,Faroe Islands,Andorra,1,2018
40909,France,Luxembourg,-1,2018
40910,Gibraltar,Bosnia and Herzegovina,-1,2018
40911,Greece,Belgium,-1,2018
40912,Hungary,Portugal,-1,2018
40913,Latvia,Switzerland,-1,2018
40914,Netherlands,Bulgaria,1,2018
40915,Armenia,Denmark,-1,2018
40916,Azerbaijan,San Marino,1,2018
40917,Cameroon,Nigeria,-1,2018
40918,England,Slovakia,1,2018
40919,Germany,Norway,1,2018
40920,Libya,Guinea,1,2018
40921,Malawi,Togo,1,2018
40922,Montenegro,Romania,1,2018
40923,Northern Ireland,Czech Republic,1,2018
40924,Poland,Kazakhstan,1,2018
40925,Scotland,Malta,1,2018
40926,Slovenia,Lithuania,1,2018
40927,Algeria,Zambia,-1,2018
40928,Argentina,Venezuela,-1,2018
40929,Australia,Thailand,1,2018
40930,Austria,Georgia,-1,2018
40931,Bahrain,Taiwan,1,2018
40932,Bhutan,Palestine,-1,2018
40933,Bolivia,Chile,1,2018
40934,Burkina Faso,Senegal,-1,2018
40935,Cambodia,Vietnam,-1,2018
40936,Colombia,Brazil,-1,2018
40937,Congo,Ghana,-1,2018
40938,DR Congo,Tunisia,-1,2018
40939,Costa Rica,Mexico,-1,2018
40940,Ecuador,Peru,-1,2018
40941,Egypt,Uganda,1,2018
40942,Honduras,United States,-1,2018
40943,Iceland,Ukraine,1,2018
40944,Iran,Syria,-1,2018
40945,Iraq,United Arab Emirates,1,2018
40946,Republic of Ireland,Serbia,-1,2018
40947,Italy,Israel,1,2018
40948,Ivory Coast,Gabon,-1,2018
40949,Jordan,Afghanistan,1,2018
40950,North Korea,Lebanon,-1,2018
40951,Kosovo,Finland,-1,2018
40952,Liechtenstein,Spain,-1,2018
40953,Macau,India,-1,2018
40954,North Macedonia,Albania,-1,2018
40955,Malaysia,Hong Kong,-1,2018
40956,Mali,Morocco,-1,2018
40957,Mauritania,Niger,-1,2018
40958,Moldova,Wales,-1,2018
40959,Nepal,Tajikistan,-1,2018
40960,Oman,Maldives,1,2018
40961,Panama,Trinidad and Tobago,1,2018
40962,Paraguay,Uruguay,-1,2018
40963,Philippines,Yemen,-1,2018
40964,Qatar,China PR,-1,2018
40965,Saudi Arabia,Japan,1,2018
40966,Singapore,Turkmenistan,-1,2018
40967,Solomon Islands,New Zealand,-1,2018
40968,South Africa,Cape Verde,-1,2018
40969,Turkey,Croatia,1,2018
40970,Uzbekistan,South Korea,-1,2018
40971,Macau,Laos,1,2018
40972,Argentina,Peru,-1,2018
40973,Armenia,Poland,-1,2018
40974,Azerbaijan,Czech Republic,-1,2018
40975,Bolivia,Brazil,-1,2018
40976,Myanmar,Thailand,-1,2018
40977,Chile,Ecuador,1,2018
40978,Colombia,Paraguay,-1,2018
40979,England,Slovenia,1,2018
40980,Hong Kong,Laos,1,2018
40981,Iran,Togo,1,2018
40982,Iraq,Kenya,1,2018
40983,Malta,Lithuania,-1,2018
40984,Montenegro,Denmark,-1,2018
40985,Northern Ireland,Germany,-1,2018
40986,Qatar,Singapore,1,2018
40987,Romania,Kazakhstan,1,2018
40988,San Marino,Norway,-1,2018
40989,Scotland,Slovakia,1,2018
40990,Syria,Australia,-1,2018
40991,Taiwan,Mongolia,1,2018
40992,Venezuela,Uruguay,-1,2018
40993,Austria,Serbia,1,2018
40994,Croatia,Finland,-1,2018
40995,Georgia,Wales,-1,2018
40996,Republic of Ireland,Moldova,1,2018
40997,Italy,North Macedonia,-1,2018
40998,Japan,New Zealand,1,2018
40999,Kosovo,Ukraine,-1,2018
41000,Liechtenstein,Israel,-1,2018
41001,Mali,Ivory Coast,-1,2018
41002,Mauritania,Comoros,-1,2018
41003,Mexico,Trinidad and Tobago,1,2018
41004,Spain,Albania,1,2018
41005,Turkey,Iceland,-1,2018
41006,United States,Panama,1,2018
41007,Andorra,Portugal,-1,2018
41008,Belarus,Netherlands,-1,2018
41009,Bosnia and Herzegovina,Belgium,-1,2018
41010,Bulgaria,France,-1,2018
41011,Cameroon,Algeria,1,2018
41012,Cape Verde,Senegal,-1,2018
41013,Costa Rica,Honduras,-1,2018
41014,Cyprus,Greece,-1,2018
41015,Faroe Islands,Latvia,-1,2018
41016,Gibraltar,Estonia,-1,2018
41017,Grenada,Guyana,1,2018
41018,Guinea,Tunisia,-1,2018
41019,Libya,DR Congo,-1,2018
41020,Morocco,Gabon,1,2018
41021,Nigeria,Zambia,1,2018
41022,Russia,South Korea,1,2018
41023,Saudi Arabia,Jamaica,1,2018
41024,South Africa,Burkina Faso,1,2018
41025,Sweden,Luxembourg,1,2018
41026,Switzerland,Hungary,1,2018
41027,Tanzania,Malawi,-1,2018
41028,Uganda,Ghana,-1,2018
41029,Czech Republic,San Marino,1,2018
41030,Denmark,Romania,-1,2018
41031,Egypt,Congo,1,2018
41032,El Salvador,Canada,1,2018
41033,Germany,Azerbaijan,1,2018
41034,Kazakhstan,Armenia,-1,2018
41035,Lithuania,England,-1,2018
41036,Norway,Northern Ireland,1,2018
41037,Poland,Montenegro,1,2018
41038,Slovakia,Malta,1,2018
41039,Slovenia,Scotland,-1,2018
41040,Thailand,Kenya,1,2018
41041,Albania,Italy,-1,2018
41042,Equatorial Guinea,Mauritius,1,2018
41043,Finland,Turkey,-1,2018
41044,Iceland,Kosovo,1,2018
41045,Israel,Spain,-1,2018
41046,North Macedonia,Liechtenstein,1,2018
41047,Moldova,Austria,-1,2018
41048,Serbia,Georgia,1,2018
41049,Ukraine,Croatia,-1,2018
41050,Wales,Republic of Ireland,-1,2018
41051,Afghanistan,Jordan,-1,2018
41052,Australia,Syria,1,2018
41053,Belgium,Cyprus,1,2018
41054,Benin,Gabon,1,2018
41055,Brazil,Chile,1,2018
41056,Myanmar,Kyrgyzstan,-1,2018
41057,Ecuador,Argentina,-1,2018
41058,Estonia,Bosnia and Herzegovina,-1,2018
41059,France,Belarus,1,2018
41060,Greece,Gibraltar,1,2018
41061,Honduras,Mexico,1,2018
41062,Hong Kong,Malaysia,1,2018
41063,Hungary,Faroe Islands,1,2018
41064,Japan,Haiti,-1,2018
41065,South Korea,Morocco,-1,2018
41066,Latvia,Andorra,1,2018
41067,Lebanon,North Korea,1,2018
41068,Luxembourg,Bulgaria,-1,2018
41069,Maldives,Oman,-1,2018
41070,Netherlands,Sweden,1,2018
41071,Palestine,Bhutan,1,2018
41072,Panama,Costa Rica,1,2018
41073,Paraguay,Venezuela,-1,2018
41074,Peru,Colombia,-1,2018
41075,Portugal,Switzerland,1,2018
41076,Qatar,Curaçao,-1,2018
41077,Russia,Iran,-1,2018
41078,Saudi Arabia,Ghana,-1,2018
41079,Taiwan,Bahrain,1,2018
41080,Tajikistan,Nepal,1,2018
41081,Trinidad and Tobago,United States,1,2018
41082,Turkmenistan,Singapore,1,2018
41083,Uruguay,Bolivia,1,2018
41084,Vietnam,Cambodia,1,2018
41085,Yemen,Philippines,-1,2018
41086,India,Macau,1,2018
41087,Grenada,Panama,-1,2018
41088,Bermuda,Barbados,-1,2018
41089,Congo,Benin,-1,2018
41090,Iceland,Czech Republic,-1,2018
41091,Nicaragua,Dominican Republic,-1,2018
41092,Armenia,Belarus,1,2018
41093,Cambodia,Myanmar,-1,2018
41094,Croatia,Greece,1,2018
41095,Finland,Estonia,1,2018
41096,Hong Kong,Bahrain,-1,2018
41097,Iran,Panama,1,2018
41098,Luxembourg,Hungary,1,2018
41099,Northern Ireland,Switzerland,-1,2018
41100,Romania,Turkey,1,2018
41101,Scotland,Netherlands,-1,2018
41102,Singapore,Lebanon,-1,2018
41103,Algeria,Nigeria,1,2018
41104,Belgium,Mexico,-1,2018
41105,China PR,Serbia,-1,2018
41106,England,Germany,-1,2018
41107,France,Wales,1,2018
41108,Georgia,Cyprus,1,2018
41109,Honduras,Australia,-1,2018
41110,Japan,Brazil,-1,2018
41111,North Korea,Malaysia,1,2018
41112,South Korea,Colombia,1,2018
41113,Poland,Uruguay,-1,2018
41114,Portugal,Saudi Arabia,1,2018
41115,South Africa,Senegal,-1,2018
41116,Sweden,Italy,1,2018
41117,Ukraine,Slovakia,1,2018
41118,Comoros,Madagascar,-1,2018
41119,DR Congo,Guinea,1,2018
41120,Denmark,Republic of Ireland,-1,2018
41121,Dominican Republic,Nicaragua,1,2018
41122,Gabon,Mali,-1,2018
41123,Ivory Coast,Morocco,-1,2018
41124,North Macedonia,Norway,1,2018
41125,Malawi,Lesotho,-1,2018
41126,Namibia,Zimbabwe,1,2018
41127,New Zealand,Peru,-1,2018
41128,Qatar,Czech Republic,-1,2018
41129,Russia,Argentina,-1,2018
41130,Spain,Costa Rica,1,2018
41131,Trinidad and Tobago,Grenada,-1,2018
41132,Tunisia,Libya,-1,2018
41133,Zambia,Cameroon,-1,2018
41134,Benin,Tanzania,-1,2018
41135,Congo,Uganda,-1,2018
41136,Ghana,Egypt,-1,2018
41137,Greece,Croatia,-1,2018
41138,Malta,Estonia,-1,2018
41139,Switzerland,Northern Ireland,-1,2018
41140,Togo,Mauritius,1,2018
41141,Armenia,Cyprus,1,2018
41142,Bulgaria,Saudi Arabia,1,2018
41143,Georgia,Belarus,-1,2018
41144,Iran,Venezuela,1,2018
41145,Iraq,Syria,-1,2018
41146,Italy,Sweden,-1,2018
41147,Kosovo,Latvia,1,2018
41148,Malaysia,North Korea,-1,2018
41149,Poland,Mexico,-1,2018
41150,Turkey,Albania,-1,2018
41151,Algeria,Central African Republic,1,2018
41152,Argentina,Nigeria,-1,2018
41153,Austria,Uruguay,1,2018
41154,Belgium,Japan,1,2018
41155,Bhutan,Oman,-1,2018
41156,Burkina Faso,Cape Verde,1,2018
41157,Cambodia,Jordan,-1,2018
41158,China PR,Colombia,-1,2018
41159,England,Brazil,-1,2018
41160,Gabon,Botswana,-1,2018
41161,Germany,France,-1,2018
41162,Hong Kong,Lebanon,-1,2018
41163,Hungary,Costa Rica,1,2018
41164,India,Myanmar,-1,2018
41165,Republic of Ireland,Denmark,-1,2018
41166,South Korea,Serbia,-1,2018
41167,Macau,Kyrgyzstan,-1,2018
41168,Nepal,Philippines,-1,2018
41169,Palestine,Maldives,1,2018
41170,Portugal,United States,-1,2018
41171,Qatar,Iceland,-1,2018
41172,Romania,Netherlands,-1,2018
41173,Russia,Spain,-1,2018
41174,Senegal,South Africa,1,2018
41175,Singapore,Bahrain,-1,2018
41176,Slovakia,Norway,1,2018
41177,Tajikistan,Yemen,-1,2018
41178,Trinidad and Tobago,Guyana,-1,2018
41179,Turkmenistan,Taiwan,1,2018
41180,United Arab Emirates,Uzbekistan,1,2018
41181,Vietnam,Afghanistan,-1,2018
41182,Wales,Panama,-1,2018
41183,Australia,Honduras,1,2018
41184,Peru,New Zealand,1,2018
41185,Fiji,Estonia,-1,2018
41186,Vanuatu,Estonia,-1,2018
41187,Indonesia,Guyana,1,2018
41188,New Caledonia,Estonia,-1,2018
41189,Laos,Philippines,-1,2018
41190,Fiji,Tuvalu,1,2018
41191,Indonesia,Brunei,1,2018
41192,Kyrgyzstan,Mongolia,1,2018
41193,Tonga,Solomon Islands,-1,2018
41194,Vanuatu,New Caledonia,1,2018
41195,Kenya,Rwanda,1,2018
41196,Laos,Timor-Leste,1,2018
41197,Libya,Tanzania,-1,2018
41198,Saint Kitts and Nevis,Grenada,1,2018
41199,Taiwan,Philippines,1,2018
41200,Brunei,Kyrgyzstan,-1,2018
41201,Indonesia,Mongolia,1,2018
41202,Taiwan,Timor-Leste,1,2018
41203,Uganda,Burundi,-1,2018
41204,Timor-Leste,Philippines,1,2018
41205,Kenya,Libya,-1,2018
41206,Tuvalu,New Caledonia,1,2018
41207,South Sudan,Ethiopia,-1,2018
41208,Taiwan,Laos,1,2018
41209,Zanzibar,Rwanda,1,2018
41210,Indonesia,Kyrgyzstan,-1,2018
41211,Solomon Islands,Fiji,-1,2018
41212,Vanuatu,Tonga,1,2018
41213,Burundi,Ethiopia,1,2018
41214,Rwanda,Libya,-1,2018
41215,Tanzania,Zanzibar,-1,2018
41216,Uganda,South Sudan,1,2018
41217,Tonga,New Caledonia,-1,2018
41218,Japan,North Korea,1,2018
41219,Kenya,Zanzibar,-1,2018
41220,South Korea,China PR,-1,2018
41221,Rwanda,Tanzania,1,2018
41222,Solomon Islands,Tuvalu,1,2018
41223,Vanuatu,Fiji,-1,2018
41224,Ethiopia,Uganda,-1,2018
41225,Kenya,Tanzania,1,2018
41226,Libya,Zanzibar,1,2018
41227,South Sudan,Burundi,-1,2018
41228,Fiji,Tonga,1,2018
41229,New Caledonia,Solomon Islands,-1,2018
41230,Japan,China PR,1,2018
41231,North Korea,South Korea,-1,2018
41232,Vanuatu,Tuvalu,1,2018
41233,Kenya,Burundi,1,2018
41234,Qatar,Liechtenstein,-1,2018
41235,Tuvalu,Tonga,1,2018
41236,Uganda,Zanzibar,-1,2018
41237,Fiji,New Caledonia,1,2018
41238,Vanuatu,Solomon Islands,1,2018
41239,China PR,North Korea,-1,2018
41240,Japan,South Korea,-1,2018
41241,Burundi,Uganda,-1,2018
41242,Kenya,Zanzibar,-1,2018
41243,Bahrain,Kuwait,-1,2018
41244,Kuwait,Saudi Arabia,-1,2018
41245,Oman,United Arab Emirates,-1,2018
41246,Bahrain,Iraq,-1,2018
41247,Qatar,Yemen,1,2018
41248,Jordan,Libya,-1,2018
41249,Kuwait,Oman,-1,2018
41250,United Arab Emirates,Saudi Arabia,-1,2018
41251,Iraq,Qatar,1,2018
41252,Yemen,Bahrain,-1,2018
41253,Kuwait,United Arab Emirates,-1,2018
41254,Saudi Arabia,Oman,-1,2018
41255,Iraq,Yemen,1,2018
41256,Qatar,Bahrain,-1,2018
41257,Iraq,United Arab Emirates,-1,2022
41258,Oman,Bahrain,1,2022
41259,Oman,United Arab Emirates,-1,2022
41260,Estonia,Sweden,-1,2022
41261,Denmark,Sweden,-1,2022
41262,Indonesia,Iceland,-1,2022
41263,Jordan,Finland,-1,2022
41264,Indonesia,Iceland,-1,2022
41265,Moldova,South Korea,-1,2022
41266,United States,Bosnia and Herzegovina,-1,2022
41267,Yorkshire,Ellan Vannin,-1,2022
41268,Azerbaijan,Moldova,-1,2022
41269,Jamaica,South Korea,-1,2022
41270,Mexico,Bosnia and Herzegovina,1,2022
41271,Latvia,South Korea,-1,2022
41272,Saudi Arabia,Moldova,1,2022
41273,Iraq,Saudi Arabia,1,2022
41274,Iran,Sierra Leone,1,2022
41275,Andorra,Liechtenstein,1,2022
41276,Antigua and Barbuda,Bermuda,1,2022
41277,Iraq,Qatar,-1,2022
41278,Jordan,Kuwait,1,2022
41279,Laos,Cambodia,-1,2022
41280,Madagascar,Togo,-1,2022
41281,South Africa,Angola,-1,2022
41282,Tahiti,New Caledonia,-1,2022
41283,Zambia,Zimbabwe,-1,2022
41284,Algeria,Tanzania,1,2022
41285,Bahrain,Palestine,-1,2022
41286,Belize,Grenada,1,2022
41287,Burkina Faso,Guinea-Bissau,1,2022
41288,China PR,Wales,-1,2022
41289,Denmark,Panama,1,2022
41290,Dominican Republic,Turks and Caicos Islands,1,2022
41291,Faroe Islands,Latvia,-1,2022
41292,Kyrgyzstan,Myanmar,1,2022
41293,Macau,Mauritius,-1,2022
41294,Malaysia,Mongolia,-1,2022
41295,Malta,Luxembourg,-1,2022
41296,Nicaragua,Cuba,1,2022
41297,Philippines,Fiji,1,2022
41298,Slovakia,United Arab Emirates,1,2022
41299,Thailand,Gabon,-1,2022
41300,Austria,Slovenia,1,2022
41301,Azerbaijan,Belarus,-1,2022
41302,Bulgaria,Bosnia and Herzegovina,-1,2022
41303,Curaçao,Bolivia,-1,2022
41304,Cyprus,Montenegro,-1,2022
41305,Finland,North Macedonia,-1,2022
41306,France,Colombia,-1,2022
41307,Gambia,Central African Republic,-1,2022
41308,Germany,Spain,-1,2022
41309,Greece,Switzerland,-1,2022
41310,Guadeloupe,Trinidad and Tobago,-1,2022
41311,Hungary,Kazakhstan,-1,2022
41312,Italy,Argentina,-1,2022
41313,Japan,Mali,-1,2022
41314,Mexico,Iceland,1,2022
41315,Netherlands,England,-1,2022
41316,Norway,Australia,1,2022
41317,Peru,Croatia,1,2022
41318,Poland,Nigeria,-1,2022
41319,Portugal,Egypt,1,2022
41320,Russia,Brazil,-1,2022
41321,Scotland,Costa Rica,-1,2022
41322,Senegal,Uzbekistan,-1,2022
41323,Serbia,Morocco,-1,2022
41324,Singapore,Maldives,1,2022
41325,Tunisia,Iran,1,2022
41326,Turkey,Republic of Ireland,1,2022
41327,Ukraine,Saudi Arabia,-1,2022
41328,Uruguay,Czech Republic,1,2022
41329,Angola,Zimbabwe,-1,2022
41330,Armenia,Estonia,-1,2022
41331,Botswana,Lesotho,1,2022
41332,Canada,New Zealand,1,2022
41333,Comoros,Kenya,-1,2022
41334,Georgia,Lithuania,1,2022
41335,Israel,Romania,-1,2022
41336,Ivory Coast,Togo,-1,2022
41337,Kosovo,Madagascar,1,2022
41338,Mauritania,Guinea,1,2022
41339,Northern Ireland,South Korea,1,2022
41340,Qatar,Syria,-1,2022
41341,Sweden,Chile,-1,2022
41342,Tahiti,New Caledonia,1,2022
41343,Uganda,São Tomé and Príncipe,1,2022
41344,Zambia,South Africa,-1,2022
41345,Alderney,Guernsey,-1,2022
41346,Barbados,Bermuda,-1,2022
41347,Dominican Republic,Saint Kitts and Nevis,1,2022
41348,Faroe Islands,Liechtenstein,1,2022
41349,Gibraltar,Latvia,1,2022
41350,Jamaica,Antigua and Barbuda,-1,2022
41351,Kuwait,Cameroon,-1,2022
41352,Martinique,Trinidad and Tobago,-1,2022
41353,Nicaragua,Cuba,-1,2022
41354,Thailand,Slovakia,-1,2022
41355,Yorkshire,Chagos Islands,1,2022
41356,Albania,Norway,-1,2022
41357,Bulgaria,Kazakhstan,1,2022
41358,China PR,Czech Republic,-1,2022
41359,Curaçao,Bolivia,1,2022
41360,Finland,Malta,1,2022
41361,Portugal,Netherlands,-1,2022
41362,Wales,Uruguay,-1,2022
41363,Afghanistan,Cambodia,1,2022
41364,Algeria,Iran,-1,2022
41365,Armenia,Lithuania,-1,2022
41366,Australia,Colombia,-1,2022
41367,Azerbaijan,North Macedonia,-1,2022
41368,Bahrain,Turkmenistan,1,2022
41369,Belgium,Saudi Arabia,1,2022
41370,Bosnia and Herzegovina,Senegal,-1,2022
41371,Myanmar,Macau,1,2022
41372,Central African Republic,Kenya,1,2022
41373,Denmark,Chile,-1,2022
41374,England,Italy,-1,2022
41375,Georgia,Estonia,1,2022
41376,Germany,Brazil,-1,2022
41377,Greece,Egypt,1,2022
41378,Hungary,Scotland,-1,2022
41379,Iraq,Syria,-1,2022
41380,Jordan,Vietnam,-1,2022
41381,North Korea,Hong Kong,1,2022
41382,Kosovo,Burkina Faso,1,2022
41383,Kyrgyzstan,India,1,2022
41384,Laos,Bangladesh,-1,2022
41385,Lebanon,Malaysia,1,2022
41386,Luxembourg,Austria,-1,2022
41387,Maldives,Bhutan,1,2022
41388,Mexico,Croatia,-1,2022
41389,Moldova,Ivory Coast,-1,2022
41390,Mongolia,Mauritius,-1,2022
41391,Montenegro,Turkey,-1,2022
41392,Morocco,Uzbekistan,1,2022
41393,Namibia,Lesotho,1,2022
41394,Oman,Palestine,1,2022
41395,Peru,Iceland,1,2022
41396,Philippines,Tajikistan,1,2022
41397,Poland,South Korea,1,2022
41398,Romania,Sweden,1,2022
41399,Russia,France,-1,2022
41400,Serbia,Nigeria,1,2022
41401,Seychelles,Eswatini,-1,2022
41402,Slovenia,Belarus,-1,2022
41403,Spain,Argentina,1,2022
41404,Switzerland,Panama,1,2022
41405,Taiwan,Singapore,1,2022
41406,Tanzania,DR Congo,1,2022
41407,Tunisia,Costa Rica,1,2022
41408,Uganda,Malawi,-1,2022
41409,Ukraine,Japan,1,2022
41410,United States,Paraguay,1,2022
41411,Yemen,Nepal,1,2022
41412,Malaysia,Bhutan,1,2022
41413,Barawa,Chagos Islands,1,2022
41414,Barawa,Yorkshire,-1,2022
41415,Trinidad and Tobago,Panama,-1,2022
41416,Zimbabwe,Botswana,-1,2022
41417,Saint Kitts and Nevis,Jamaica,-1,2022
41418,Ellan Vannin,Panjab,1,2022
41419,Saint Barthélemy,Saint Martin,1,2022
41420,Antigua and Barbuda,Jamaica,-1,2022
41421,Barawa,Surrey,-1,2022
41422,Iraq,Palestine,-1,2022
41423,Algeria,Saudi Arabia,-1,2022
41424,Kuwait,Palestine,1,2022
41425,Jersey,Guernsey,1,2022
41426,Saudi Arabia,Greece,1,2022
41427,Iran,Uzbekistan,1,2022
41428,Jordan,Cyprus,1,2022
41429,Kuwait,Egypt,-1,2022
41430,Kenya,Eswatini,-1,2022
41431,China PR,Myanmar,1,2022
41432,Saint Barthélemy,Sint Maarten,1,2022
41433,Cameroon,Burkina Faso,-1,2022
41434,Niger,Central African Republic,-1,2022
41435,Madagascar,Mozambique,1,2022
41436,Comoros,Seychelles,-1,2022
41437,United States,Bolivia,1,2022
41438,Nigeria,DR Congo,-1,2022
41439,Kenya,Equatorial Guinea,1,2022
41440,Portugal,Tunisia,-1,2022
41441,Italy,Saudi Arabia,1,2022
41442,France,Republic of Ireland,1,2022
41443,Mexico,Wales,-1,2022
41444,Turkey,Iran,1,2022
41445,South Korea,Honduras,1,2022
41446,Bosnia and Herzegovina,Montenegro,-1,2022
41447,Malawi,Mauritius,-1,2022
41448,Angola,Botswana,-1,2022
41449,Argentina,Haiti,1,2022
41450,Albania,Kosovo,-1,2022
41451,Armenia,Malta,-1,2022
41452,Azerbaijan,Kyrgyzstan,1,2022
41453,Peru,Scotland,1,2022
41454,Panama,Northern Ireland,-1,2022
41455,Madagascar,Seychelles,-1,2022
41456,Comoros,Mozambique,-1,2022
41457,Japan,Ghana,-1,2022
41458,Central African Republic,Uganda,1,2022
41459,Austria,Russia,1,2022
41460,Malawi,Botswana,-1,2022
41461,Angola,Mauritius,1,2022
41462,Estonia,Lithuania,1,2022
41463,Ukraine,Morocco,-1,2022
41464,Romania,Chile,1,2022
41465,Luxembourg,Senegal,-1,2022
41466,Mozambique,Seychelles,1,2022
41467,Comoros,Madagascar,-1,2022
41468,Slovakia,Netherlands,-1,2022
41469,Ellan Vannin,Cascadia,1,2022
41470,Barawa,Tamil Eelam,1,2022
41471,Abkhazia,Tibet,1,2022
41472,Northern Cyprus,Kárpátalja,-1,2022
41473,Székely Land,Tuvalu,1,2022
41474,Padania,Matabeleland,1,2022
41475,United Koreans in Japan,Western Armenia,-1,2022
41476,Panjab,Kabylia,1,2022
41477,France,Italy,1,2022
41478,Turkey,Tunisia,-1,2022
41479,South Korea,Bosnia and Herzegovina,-1,2022
41480,Czech Republic,Australia,-1,2022
41481,Algeria,Cape Verde,-1,2022
41482,Colombia,Egypt,-1,2022
41483,Malta,Georgia,-1,2022
41484,Botswana,Mauritius,1,2022
41485,Angola,Malawi,-1,2022
41486,India,Taiwan,1,2022
41487,El Salvador,Honduras,1,2022
41488,Thailand,China PR,-1,2022
41489,England,Nigeria,1,2022
41490,Montenegro,Slovenia,-1,2022
41491,Mexico,Scotland,1,2022
41492,Sweden,Denmark,-1,2022
41493,Republic of Ireland,United States,1,2022
41494,Belgium,Portugal,-1,2022
41495,Austria,Germany,1,2022
41496,Niger,Uganda,1,2022
41497,Iceland,Norway,-1,2022
41498,Zambia,Namibia,-1,2022
41499,Lesotho,Eswatini,1,2022
41500,Latvia,Estonia,1,2022
41501,Kenya,New Zealand,1,2022
41502,Ellan Vannin,Tamil Eelam,1,2022
41503,Barawa,Cascadia,-1,2022
41504,Abkhazia,Kárpátalja,-1,2022
41505,Northern Cyprus,Tibet,1,2022
41506,Székely Land,Matabeleland,1,2022
41507,Padania,Tuvalu,1,2022
41508,United Koreans in Japan,Kabylia,-1,2022
41509,Panjab,Western Armenia,-1,2022
41510,Albania,Ukraine,-1,2022
41511,Saudi Arabia,Peru,-1,2022
41512,Spain,Switzerland,-1,2022
41513,Croatia,Brazil,-1,2022
41514,Costa Rica,Northern Ireland,1,2022
41515,Barbados,Belize,-1,2022
41516,Andorra,Cape Verde,-1,2022
41517,South Africa,Madagascar,-1,2022
41518,Zimbabwe,Botswana,-1,2022
41519,Tamil Eelam,Cascadia,-1,2022
41520,Barawa,Ellan Vannin,1,2022
41521,Abkhazia,Northern Cyprus,-1,2022
41522,Kárpátalja,Tibet,1,2022
41523,Padania,Székely Land,1,2022
41524,Tuvalu,Matabeleland,-1,2022
41525,Panjab,United Koreans in Japan,-1,2022
41526,Western Armenia,Kabylia,1,2022
41527,Italy,Netherlands,-1,2022
41528,Serbia,Chile,-1,2022
41529,Slovakia,Morocco,-1,2022
41530,Armenia,Moldova,-1,2022
41531,India,Kenya,1,2022
41532,Russia,Turkey,-1,2022
41533,Romania,Finland,1,2022
41534,Luxembourg,Georgia,1,2022
41535,Kazakhstan,Azerbaijan,1,2022
41536,Martinique,French Guiana,1,2022
41537,Lithuania,Latvia,-1,2022
41538,Taiwan,New Zealand,-1,2022
41539,South Africa,Namibia,1,2022
41540,Eswatini,Botswana,-1,2022
41541,Matabeleland,Kabylia,-1,2022
41542,Abkhazia,Tamil Eelam,1,2022
41543,United Koreans in Japan,Tuvalu,1,2022
41544,Barawa,Northern Cyprus,-1,2022
41545,Padania,Panjab,1,2022
41546,Kárpátalja,Cascadia,1,2022
41547,Western Armenia,Székely Land,-1,2022
41548,Norway,Panama,1,2022
41549,Czech Republic,Nigeria,1,2022
41550,Belgium,Egypt,1,2022
41551,Belarus,Hungary,-1,2022
41552,Zambia,Madagascar,1,2022
41553,Lesotho,Zimbabwe,-1,2022
41554,England,Costa Rica,1,2022
41555,Uruguay,Uzbekistan,1,2022
41556,Portugal,Algeria,1,2022
41557,South Korea,Bolivia,-1,2022
41558,Iceland,Ghana,-1,2022
41559,Guadeloupe,French Guiana,-1,2022
41560,India,New Zealand,-1,2022
41561,Tamil Eelam,Tuvalu,1,2022
41562,Tibet,Kabylia,-1,2022
41563,Abkhazia,United Koreans in Japan,1,2022
41564,Barawa,Panjab,-1,2022
41565,Cascadia,Western Armenia,1,2022
41566,Northern Cyprus,Padania,1,2022
41567,Kárpátalja,Székely Land,1,2022
41568,Germany,Saudi Arabia,1,2022
41569,Croatia,Senegal,1,2022
41570,Switzerland,Japan,1,2022
41571,Lithuania,Iran,-1,2022
41572,Poland,Chile,-1,2022
41573,Taiwan,Kenya,-1,2022
41574,South Africa,Botswana,1,2022
41575,Madagascar,Lesotho,-1,2022
41576,Zambia,Zimbabwe,-1,2022
41577,Serbia,Bolivia,1,2022
41578,Denmark,Mexico,1,2022
41579,Sweden,Peru,-1,2022
41580,Hungary,Australia,-1,2022
41581,Estonia,Morocco,-1,2022
41582,Latvia,Azerbaijan,-1,2022
41583,Finland,Belarus,1,2022
41584,Tunisia,Spain,-1,2022
41585,France,United States,-1,2022
41586,Matabeleland,Tamil Eelam,1,2022
41587,Tibet,United Koreans in Japan,-1,2022
41588,Kabylia,Abkhazia,-1,2022
41589,Barawa,Western Armenia,-1,2022
41590,Panjab,Cascadia,-1,2022
41591,Padania,Székely Land,-1,2022
41592,Northern Cyprus,Kárpátalja,-1,2022
41593,Austria,Brazil,-1,2022
41594,India,Kenya,1,2022
41595,South Korea,Senegal,-1,2022
41596,Belgium,Costa Rica,1,2022
41597,Japan,Paraguay,1,2022
41598,Poland,Lithuania,1,2022
41599,Russia,Saudi Arabia,1,2022
41600,Egypt,Uruguay,-1,2022
41601,Morocco,Iran,-1,2022
41602,Portugal,Spain,-1,2022
41603,France,Australia,1,2022
41604,Argentina,Iceland,-1,2022
41605,Peru,Denmark,-1,2022
41606,Croatia,Nigeria,1,2022
41607,Costa Rica,Serbia,-1,2022
41608,Germany,Mexico,-1,2022
41609,Brazil,Switzerland,-1,2022
41610,Sweden,South Korea,1,2022
41611,Belgium,Panama,1,2022
41612,Tunisia,England,-1,2022
41613,Colombia,Japan,-1,2022
41614,Poland,Senegal,-1,2022
41615,Russia,Egypt,1,2022
41616,Portugal,Morocco,1,2022
41617,Uruguay,Saudi Arabia,1,2022
41618,Iran,Spain,-1,2022
41619,Denmark,Australia,-1,2022
41620,France,Peru,1,2022
41621,Argentina,Croatia,-1,2022
41622,Brazil,Costa Rica,1,2022
41623,Nigeria,Iceland,1,2022
41624,Serbia,Switzerland,-1,2022
41625,Belgium,Tunisia,1,2022
41626,South Korea,Mexico,-1,2022
41627,Germany,Sweden,1,2022
41628,England,Panama,1,2022
41629,Japan,Senegal,-1,2022
41630,Poland,Colombia,-1,2022
41631,Russia,Uruguay,-1,2022
41632,Saudi Arabia,Egypt,1,2022
41633,Spain,Morocco,-1,2022
41634,Iran,Portugal,-1,2022
41635,Australia,Peru,-1,2022
41636,Denmark,France,-1,2022
41637,Nigeria,Argentina,-1,2022
41638,Iceland,Croatia,-1,2022
41639,South Korea,Germany,1,2022
41640,Mexico,Sweden,-1,2022
41641,Serbia,Brazil,-1,2022
41642,Switzerland,Costa Rica,-1,2022
41643,Japan,Poland,-1,2022
41644,Senegal,Colombia,-1,2022
41645,Panama,Tunisia,-1,2022
41646,England,Belgium,-1,2022
41647,France,Argentina,1,2022
41648,Uruguay,Portugal,1,2022
41649,Russia,Spain,-1,2022
41650,Croatia,Denmark,-1,2022
41651,Brazil,Mexico,1,2022
41652,Belgium,Japan,1,2022
41653,Sweden,Switzerland,1,2022
41654,Colombia,England,-1,2022
41655,Malaysia,Fiji,1,2022
41656,Uruguay,France,-1,2022
41657,Brazil,Belgium,-1,2022
41658,Sweden,England,-1,2022
41659,Russia,Croatia,-1,2022
41660,France,Belgium,1,2022
41661,Croatia,England,1,2022
41662,Belgium,England,1,2022
41663,France,Croatia,1,2022
41664,Liberia,Sierra Leone,-1,2022
41665,Saint Barthélemy,Anguilla,-1,2022
41666,Saint Barthélemy,British Virgin Islands,-1,2022
41667,Belize,Barbados,1,2022
41668,Palestine,Iraq,-1,2022
41669,Guatemala,Cuba,1,2022
41670,Andorra,United Arab Emirates,-1,2022
41671,Grenada,Jamaica,-1,2022
41672,Guatemala,Cuba,1,2022
41673,Barbados,Jamaica,-1,2022
41674,Sint Maarten,Anguilla,-1,2022
41675,Anguilla,Saint Martin,-1,2022
41676,Barbados,Cuba,-1,2022
41677,Bangladesh,Sri Lanka,-1,2022
41678,Barbados,Cuba,-1,2022
41679,Macau,Solomon Islands,-1,2022
41680,Timor-Leste,Brunei,1,2022
41681,Ethiopia,Burundi,-1,2022
41682,Guam,Northern Mariana Islands,1,2022
41683,Mongolia,Macau,1,2022
41684,Macau,Guam,1,2022
41685,Mongolia,Northern Mariana Islands,1,2022
41686,Nepal,Pakistan,-1,2022
41687,Bangladesh,Bhutan,1,2022
41688,Fiji,Solomon Islands,-1,2022
41689,Slovakia,Denmark,1,2022
41690,India,Sri Lanka,1,2022
41691,Germany,France,-1,2022
41692,Czech Republic,Ukraine,-1,2022
41693,Wales,Republic of Ireland,1,2022
41694,Norway,Cyprus,1,2022
41695,Slovenia,Bulgaria,-1,2022
41696,Kazakhstan,Georgia,-1,2022
41697,Latvia,Andorra,-1,2022
41698,Armenia,Liechtenstein,1,2022
41699,Gibraltar,North Macedonia,-1,2022
41700,Austria,Sweden,1,2022
41701,Bahrain,Philippines,-1,2022
41702,Jordan,Lebanon,-1,2022
41703,Kyrgyzstan,Palestine,-1,2022
41704,Netherlands,Peru,1,2022
41705,Portugal,Croatia,-1,2022
41706,Trinidad and Tobago,United Arab Emirates,1,2022
41707,Uzbekistan,Syria,-1,2022
41708,Northern Mariana Islands,Macau,-1,2022
41709,Mongolia,Guam,-1,2022
41710,Nepal,Bhutan,1,2022
41711,Bangladesh,Pakistan,1,2022
41712,Dominica,Suriname,-1,2022
41713,Guyana,Barbados,1,2022
41714,Italy,Poland,-1,2022
41715,Turkey,Russia,-1,2022
41716,Albania,Israel,1,2022
41717,Lithuania,Serbia,-1,2022
41718,Romania,Montenegro,-1,2022
41719,Faroe Islands,Malta,1,2022
41720,Azerbaijan,Kosovo,-1,2022
41721,Argentina,Guatemala,1,2022
41722,Taiwan,Malaysia,1,2022
41723,Ecuador,Jamaica,1,2022
41724,South Korea,Costa Rica,1,2022
41725,Mexico,Uruguay,-1,2022
41726,Qatar,China PR,1,2022
41727,Scotland,Belgium,-1,2022
41728,Singapore,Mauritius,-1,2022
41729,United States,Brazil,-1,2022
41730,Venezuela,Colombia,-1,2022
41731,Maldives,Sri Lanka,-1,2022
41732,Anguilla,French Guiana,-1,2022
41733,Antigua and Barbuda,Saint Lucia,-1,2022
41734,Belize,Bahamas,1,2022
41735,Switzerland,Iceland,1,2022
41736,England,Spain,-1,2022
41737,Northern Ireland,Bosnia and Herzegovina,-1,2022
41738,Finland,Hungary,1,2022
41739,Estonia,Greece,-1,2022
41740,Belarus,San Marino,1,2022
41741,Luxembourg,Moldova,1,2022
41742,Brunei,Timor-Leste,1,2022
41743,Equatorial Guinea,Sudan,1,2022
41744,Comoros,Cameroon,-1,2022
41745,Gabon,Burundi,-1,2022
41746,Gambia,Algeria,-1,2022
41747,South Africa,Libya,-1,2022
41748,Mauritania,Burkina Faso,1,2022
41749,Egypt,Niger,1,2022
41750,Namibia,Zambia,-1,2022
41751,Uganda,Tanzania,-1,2022
41752,Pakistan,Bhutan,1,2022
41753,Bangladesh,Nepal,-1,2022
41754,Saint Vincent and the Grenadines,Nicaragua,-1,2022
41755,Cuba,Turks and Caicos Islands,1,2022
41756,Montserrat,El Salvador,-1,2022
41757,Morocco,Malawi,1,2022
41758,Seychelles,Nigeria,-1,2022
41759,Kenya,Ghana,1,2022
41760,Mozambique,Guinea-Bissau,-1,2022
41761,France,Netherlands,1,2022
41762,Ukraine,Slovakia,1,2022
41763,Denmark,Wales,1,2022
41764,Bulgaria,Norway,1,2022
41765,Cyprus,Slovenia,1,2022
41766,Georgia,Latvia,1,2022
41767,North Macedonia,Armenia,1,2022
41768,Liechtenstein,Gibraltar,1,2022
41769,Germany,Peru,1,2022
41770,Lebanon,Oman,-1,2022
41771,Congo,Zimbabwe,-1,2022
41772,Rwanda,Ivory Coast,-1,2022
41773,India,Maldives,1,2022
41774,Bonaire,Dominican Republic,-1,2022
41775,United States Virgin Islands,Canada,-1,2022
41776,Aruba,Bermuda,1,2022
41777,Jamaica,Cayman Islands,1,2022
41778,Saint Kitts and Nevis,Puerto Rico,1,2022
41779,Madagascar,Senegal,-1,2022
41780,South Sudan,Mali,-1,2022
41781,Togo,Benin,-1,2022
41782,Guinea,Central African Republic,1,2022
41783,Angola,Botswana,1,2022
41784,Eswatini,Tunisia,-1,2022
41785,Lesotho,Cape Verde,-1,2022
41786,Liberia,DR Congo,-1,2022
41787,Portugal,Italy,1,2022
41788,Sweden,Turkey,-1,2022
41789,Scotland,Albania,1,2022
41790,Montenegro,Lithuania,1,2022
41791,Serbia,Romania,-1,2022
41792,Andorra,Kazakhstan,-1,2022
41793,Kosovo,Faroe Islands,1,2022
41794,Malta,Azerbaijan,-1,2022
41795,Bahrain,China PR,-1,2022
41796,Cambodia,Malaysia,-1,2022
41797,Kuwait,Iraq,-1,2022
41798,Kyrgyzstan,Syria,1,2022
41799,Russia,Czech Republic,1,2022
41800,Saudi Arabia,Bolivia,-1,2022
41801,Haiti,Sint Maarten,1,2022
41802,Curaçao,Grenada,1,2022
41803,Iceland,Belgium,-1,2022
41804,Spain,Croatia,1,2022
41805,Bosnia and Herzegovina,Austria,1,2022
41806,Hungary,Greece,1,2022
41807,Finland,Estonia,1,2022
41808,San Marino,Luxembourg,-1,2022
41809,Moldova,Belarus,-1,2022
41810,Colombia,Argentina,-1,2022
41811,Ecuador,Guatemala,1,2022
41812,England,Switzerland,1,2022
41813,Gabon,Zambia,-1,2022
41814,Indonesia,Mauritius,1,2022
41815,Japan,Costa Rica,1,2022
41816,Jordan,Oman,-1,2022
41817,Kenya,Malawi,1,2022
41818,South Korea,Chile,-1,2022
41819,Laos,United Arab Emirates,-1,2022
41820,Liberia,Nigeria,-1,2022
41821,Northern Ireland,Israel,1,2022
41822,Panama,Venezuela,-1,2022
41823,Poland,Republic of Ireland,-1,2022
41824,Qatar,Palestine,1,2022
41825,Singapore,Fiji,1,2022
41826,United States,Mexico,1,2022
41827,Uzbekistan,Iran,-1,2022
41828,Saint Martin,Guadeloupe,-1,2022
41829,Brazil,El Salvador,1,2022
41830,India,Pakistan,1,2022
41831,Nepal,Maldives,-1,2022
41832,Maldives,India,1,2022
41833,Botswana,Namibia,1,2022
41834,Saint Vincent and the Grenadines,Barbados,-1,2022
41835,Albania,Jordan,-1,2022
41836,Indonesia,Myanmar,1,2022
41837,Italy,Ukraine,-1,2022
41838,Ethiopia,Kenya,-1,2022
41839,Zambia,Guinea-Bissau,1,2022
41840,Poland,Portugal,-1,2022
41841,Russia,Sweden,-1,2022
41842,Israel,Scotland,1,2022
41843,Montenegro,Serbia,-1,2022
41844,Lithuania,Romania,-1,2022
41845,Faroe Islands,Azerbaijan,-1,2022
41846,Kosovo,Malta,1,2022
41847,Argentina,Iraq,1,2022
41848,Bahrain,Syria,-1,2022
41849,France,Iceland,-1,2022
41850,Honduras,United Arab Emirates,-1,2022
41851,Hong Kong,Thailand,-1,2022
41852,Kuwait,Lebanon,1,2022
41853,Mexico,Costa Rica,1,2022
41854,Turkey,Bosnia and Herzegovina,-1,2022
41855,United States,Colombia,-1,2022
41856,Wales,Spain,-1,2022
41857,Congo,Liberia,1,2022
41858,French Guiana,Saint Vincent and the Grenadines,-1,2022
41859,Belgium,Switzerland,1,2022
41860,Croatia,England,-1,2022
41861,Austria,Northern Ireland,1,2022
41862,Estonia,Finland,-1,2022
41863,Greece,Hungary,1,2022
41864,Belarus,Luxembourg,1,2022
41865,Moldova,San Marino,1,2022
41866,Cambodia,Timor-Leste,-1,2022
41867,Japan,Panama,1,2022
41868,South Korea,Uruguay,1,2022
41869,Peru,Chile,1,2022
41870,Qatar,Ecuador,1,2022
41871,Saudi Arabia,Brazil,-1,2022
41872,Singapore,Mongolia,1,2022
41873,Sri Lanka,Malaysia,-1,2022
41874,Cameroon,Malawi,1,2022
41875,Gabon,South Sudan,1,2022
41876,Togo,Gambia,-1,2022
41877,Ivory Coast,Central African Republic,1,2022
41878,Angola,Mauritania,1,2022
41879,Egypt,Eswatini,1,2022
41880,Cape Verde,Tanzania,1,2022
41881,Basque Country,Venezuela,1,2022
41882,United States Virgin Islands,Curaçao,-1,2022
41883,Bahamas,Antigua and Barbuda,-1,2022
41884,Dominican Republic,Cayman Islands,1,2022
41885,Bermuda,Sint Maarten,1,2022
41886,Grenada,Cuba,-1,2022
41887,Mali,Burundi,-1,2022
41888,Algeria,Benin,1,2022
41889,Guinea,Rwanda,1,2022
41890,Netherlands,Germany,1,2022
41891,Slovakia,Czech Republic,-1,2022
41892,Republic of Ireland,Denmark,-1,2022
41893,Norway,Slovenia,1,2022
41894,Bulgaria,Cyprus,1,2022
41895,Latvia,Kazakhstan,-1,2022
41896,Georgia,Andorra,1,2022
41897,Armenia,Gibraltar,-1,2022
41898,North Macedonia,Liechtenstein,1,2022
41899,China PR,India,-1,2022
41900,Myanmar,Bolivia,-1,2022
41901,Oman,Philippines,-1,2022
41902,Uzbekistan,North Korea,1,2022
41903,Equatorial Guinea,Madagascar,-1,2022
41904,Nigeria,Libya,1,2022
41905,Puerto Rico,Martinique,-1,2022
41906,Turks and Caicos Islands,Guyana,-1,2022
41907,Suriname,British Virgin Islands,1,2022
41908,El Salvador,Barbados,1,2022
41909,Senegal,Sudan,1,2022
41910,Morocco,Comoros,1,2022
41911,South Africa,Seychelles,1,2022
41912,DR Congo,Zimbabwe,-1,2022
41913,Burkina Faso,Botswana,1,2022
41914,Tunisia,Niger,1,2022
41915,Mozambique,Namibia,-1,2022
41916,Uganda,Lesotho,1,2022
41917,Poland,Italy,-1,2022
41918,Russia,Turkey,1,2022
41919,Israel,Albania,1,2022
41920,Romania,Serbia,-1,2022
41921,Lithuania,Montenegro,-1,2022
41922,Faroe Islands,Kosovo,-1,2022
41923,Azerbaijan,Malta,-1,2022
41924,Scotland,Portugal,-1,2022
41925,Thailand,Trinidad and Tobago,1,2022
41926,Guinea-Bissau,Zambia,1,2022
41927,Saint Martin,Saint Kitts and Nevis,-1,2022
41928,Bonaire,Jamaica,-1,2022
41929,Montserrat,Belize,1,2022
41930,Nicaragua,Anguilla,1,2022
41931,Kenya,Ethiopia,1,2022
41932,Iceland,Switzerland,-1,2022
41933,Spain,England,-1,2022
41934,Bosnia and Herzegovina,Northern Ireland,1,2022
41935,Estonia,Hungary,-1,2022
41936,Finland,Greece,1,2022
41937,Luxembourg,San Marino,1,2022
41938,Belarus,Moldova,-1,2022
41939,Croatia,Jordan,1,2022
41940,Kuwait,Australia,-1,2022
41941,Saudi Arabia,Iraq,-1,2022
41942,France,Germany,1,2022
41943,Ukraine,Czech Republic,1,2022
41944,Republic of Ireland,Wales,-1,2022
41945,Norway,Bulgaria,1,2022
41946,Slovenia,Cyprus,-1,2022
41947,Kazakhstan,Andorra,1,2022
41948,Latvia,Georgia,-1,2022
41949,Armenia,North Macedonia,1,2022
41950,Gibraltar,Liechtenstein,1,2022
41951,Bahrain,Myanmar,1,2022
41952,Belgium,Netherlands,-1,2022
41953,Cambodia,Singapore,-1,2022
41954,China PR,Syria,1,2022
41955,Colombia,Costa Rica,1,2022
41956,Denmark,Austria,1,2022
41957,Indonesia,Hong Kong,-1,2022
41958,Iran,Bolivia,1,2022
41959,Japan,Uruguay,1,2022
41960,South Korea,Panama,-1,2022
41961,Laos,Mongolia,-1,2022
41962,Malaysia,Kyrgyzstan,-1,2022
41963,Mexico,Chile,-1,2022
41964,Oman,Ecuador,-1,2022
41965,Sweden,Slovakia,-1,2022
41966,United Arab Emirates,Venezuela,-1,2022
41967,United States,Peru,-1,2022
41968,Uzbekistan,Qatar,1,2022
41969,Madagascar,Equatorial Guinea,1,2022
41970,Malawi,Cameroon,-1,2022
41971,Burundi,Mali,-1,2022
41972,Benin,Algeria,1,2022
41973,Seychelles,South Africa,-1,2022
41974,Liberia,Congo,1,2022
41975,Central African Republic,Ivory Coast,-1,2022
41976,Mauritania,Angola,1,2022
41977,Eswatini,Egypt,-1,2022
41978,Tanzania,Cape Verde,1,2022
41979,Argentina,Brazil,-1,2022
41980,Martinique,British Virgin Islands,1,2022
41981,Canada,Dominica,1,2022
41982,Guadeloupe,Aruba,-1,2022
41983,Saint Lucia,Haiti,-1,2022
41984,Sudan,Senegal,-1,2022
41985,Comoros,Morocco,-1,2022
41986,South Sudan,Gabon,-1,2022
41987,Gambia,Togo,-1,2022
41988,Libya,Nigeria,-1,2022
41989,Rwanda,Guinea,-1,2022
41990,Zimbabwe,DR Congo,-1,2022
41991,Botswana,Burkina Faso,-1,2022
41992,Niger,Tunisia,-1,2022
41993,Namibia,Mozambique,1,2022
41994,Lesotho,Uganda,-1,2022
41995,Parishes of Jersey,Yorkshire,1,2022
41996,Malaysia,Maldives,1,2022
41997,Cambodia,Malaysia,-1,2022
41998,Laos,Vietnam,-1,2022
41999,Singapore,Indonesia,1,2022
42000,Thailand,Timor-Leste,1,2022
42001,North Korea,Mongolia,1,2022
42002,Taiwan,Hong Kong,-1,2022
42003,Myanmar,Cambodia,1,2022
42004,Malaysia,Laos,1,2022
42005,Indonesia,Timor-Leste,1,2022
42006,Philippines,Singapore,1,2022
42007,Taiwan,Mongolia,1,2022
42008,Hong Kong,North Korea,-1,2022
42009,Switzerland,Qatar,-1,2022
42010,Vanuatu,New Caledonia,-1,2022
42011,Belgium,Iceland,1,2022
42012,Croatia,Spain,1,2022
42013,Austria,Bosnia and Herzegovina,-1,2022
42014,Hungary,Estonia,1,2022
42015,Greece,Finland,1,2022
42016,Andorra,Georgia,-1,2022
42017,Kazakhstan,Latvia,-1,2022
42018,Luxembourg,Belarus,-1,2022
42019,San Marino,Moldova,-1,2022
42020,England,United States,1,2022
42021,Germany,Russia,1,2022
42022,Iran,Trinidad and Tobago,1,2022
42023,Israel,Guatemala,1,2022
42024,Peru,Ecuador,-1,2022
42025,Poland,Czech Republic,-1,2022
42026,Republic of Ireland,Northern Ireland,-1,2022
42027,Uzbekistan,Lebanon,-1,2022
42028,Netherlands,France,1,2022
42029,Slovakia,Ukraine,1,2022
42030,Wales,Denmark,-1,2022
42031,Slovenia,Norway,-1,2022
42032,Cyprus,Bulgaria,-1,2022
42033,Gibraltar,Armenia,-1,2022
42034,Liechtenstein,North Macedonia,-1,2022
42035,Argentina,Mexico,1,2022
42036,Brazil,Uruguay,1,2022
42037,Chile,Costa Rica,-1,2022
42038,Honduras,Panama,1,2022
42039,Japan,Venezuela,-1,2022
42040,Oman,Syria,-1,2022
42041,Palestine,Pakistan,1,2022
42042,Saudi Arabia,Yemen,1,2022
42043,United Arab Emirates,Bolivia,-1,2022
42044,Laos,Myanmar,-1,2022
42045,Vietnam,Malaysia,1,2022
42046,Morocco,Cameroon,1,2022
42047,South Sudan,Burundi,-1,2022
42048,Egypt,Tunisia,1,2022
42049,Taiwan,North Korea,-1,2022
42050,Mongolia,Hong Kong,-1,2022
42051,Grenada,Saint Martin,1,2022
42052,Bermuda,El Salvador,1,2022
42053,Aruba,Montserrat,-1,2022
42054,Belize,Puerto Rico,1,2022
42055,Italy,Portugal,-1,2022
42056,Turkey,Sweden,-1,2022
42057,Albania,Scotland,-1,2022
42058,Serbia,Montenegro,1,2022
42059,Romania,Lithuania,1,2022
42060,Malta,Kosovo,-1,2022
42061,Azerbaijan,Faroe Islands,1,2022
42062,Australia,South Korea,-1,2022
42063,Jordan,India,1,2022
42064,Vanuatu,New Caledonia,-1,2022
42065,Thailand,Indonesia,1,2022
42066,Timor-Leste,Philippines,-1,2022
42067,Equatorial Guinea,Senegal,-1,2022
42068,Gambia,Benin,1,2022
42069,Seychelles,Libya,-1,2022
42070,Namibia,Guinea-Bissau,-1,2022
42071,Uganda,Cape Verde,1,2022
42072,Cuba,Dominican Republic,1,2022
42073,Jamaica,Suriname,1,2022
42074,Cayman Islands,Saint Lucia,-1,2022
42075,Nicaragua,Haiti,-1,2022
42076,Comoros,Malawi,1,2022
42077,Gabon,Mali,-1,2022
42078,South Africa,Nigeria,-1,2022
42079,Switzerland,Belgium,1,2022
42080,England,Croatia,1,2022
42081,Northern Ireland,Austria,-1,2022
42082,Greece,Estonia,-1,2022
42083,Hungary,Finland,1,2022
42084,San Marino,Belarus,-1,2022
42085,Moldova,Luxembourg,-1,2022
42086,Spain,Bosnia and Herzegovina,1,2022
42087,Ethiopia,Ghana,-1,2022
42088,Congo,DR Congo,-1,2022
42089,Guinea,Ivory Coast,-1,2022
42090,Angola,Burkina Faso,1,2022
42091,Yorkshire,Panjab,1,2022
42092,Turks and Caicos Islands,Saint Vincent and the Grenadines,1,2022
42093,Bahamas,Anguilla,-1,2022
42094,Barbados,United States Virgin Islands,1,2022
42095,Saint Kitts and Nevis,Canada,-1,2022
42096,Madagascar,Sudan,-1,2022
42097,Togo,Algeria,-1,2022
42098,Liberia,Zimbabwe,1,2022
42099,Rwanda,Central African Republic,-1,2022
42100,Mauritania,Botswana,1,2022
42101,Eswatini,Niger,-1,2022
42102,Mozambique,Zambia,1,2022
42103,Lesotho,Tanzania,1,2022
42104,Germany,Netherlands,-1,2022
42105,Czech Republic,Slovakia,1,2022
42106,Denmark,Republic of Ireland,-1,2022
42107,Bulgaria,Slovenia,-1,2022
42108,Cyprus,Norway,-1,2022
42109,Andorra,Latvia,-1,2022
42110,Georgia,Kazakhstan,1,2022
42111,North Macedonia,Gibraltar,1,2022
42112,Liechtenstein,Armenia,-1,2022
42113,Iceland,Qatar,-1,2022
42114,Oman,Bahrain,1,2022
42115,Curaçao,Guadeloupe,1,2022
42116,Martinique,Antigua and Barbuda,1,2022
42117,Portugal,Poland,-1,2022
42118,Sweden,Russia,1,2022
42119,Scotland,Israel,1,2022
42120,Montenegro,Romania,-1,2022
42121,Serbia,Lithuania,1,2022
42122,Kosovo,Azerbaijan,1,2022
42123,Malta,Faroe Islands,-1,2022
42124,Albania,Wales,1,2022
42125,Argentina,Mexico,1,2022
42126,Australia,Lebanon,1,2022
42127,Brazil,Cameroon,1,2022
42128,Chile,Honduras,1,2022
42129,China PR,Palestine,-1,2022
42130,El Salvador,Haiti,1,2022
42131,France,Uruguay,1,2022
42132,Iran,Venezuela,-1,2022
42133,Iraq,Bolivia,-1,2022
42134,Italy,United States,1,2022
42135,Japan,Kyrgyzstan,1,2022
42136,Jordan,Saudi Arabia,-1,2022
42137,South Korea,Uzbekistan,1,2022
42138,Kuwait,Syria,-1,2022
42139,Nigeria,Uganda,-1,2022
42140,Panama,Ecuador,-1,2022
42141,Peru,Costa Rica,-1,2022
42142,South Africa,Paraguay,-1,2022
42143,Tunisia,Morocco,-1,2022
42144,Turkey,Ukraine,-1,2022
42145,United Arab Emirates,Yemen,1,2022
42146,Myanmar,Vietnam,-1,2022
42147,Cambodia,Laos,1,2022
42148,Sint Maarten,Dominica,-1,2022
42149,French Guiana,Guyana,1,2022
42150,Philippines,Thailand,-1,2022
42151,Singapore,Timor-Leste,1,2022
42152,Vietnam,Cambodia,1,2022
42153,Malaysia,Myanmar,1,2022
42154,Indonesia,Philippines,-1,2022
42155,Thailand,Singapore,1,2022
42156,Malaysia,Thailand,-1,2022
42157,Philippines,Vietnam,-1,2022
42158,Thailand,Malaysia,-1,2022
42159,Vietnam,Philippines,1,2022
42160,Malaysia,Vietnam,-1,2022
42161,Oman,Tajikistan,1,2022
42162,Vietnam,Malaysia,1,2022
42163,Oman,Tajikistan,1,2022
42164,Palestine,Pakistan,1,2022
42165,Bahrain,Tajikistan,1,2022
42166,Jordan,Kyrgyzstan,-1,2022
42167,Qatar,Jordan,1,2022
42168,Iraq,China PR,1,2022
42169,Palestine,Iran,-1,2022
42170,Afghanistan,Turkmenistan,-1,2022
42171,Qatar,Kyrgyzstan,1,2022
42172,Vietnam,North Korea,-1,2022
42173,Bahrain,Lebanon,1,2022
42174,India,Oman,-1,2022
42175,Qatar,Algeria,-1,2022
42176,China PR,Jordan,-1,2022
42177,Iraq,Palestine,1,2022
42178,United Arab Emirates,Kuwait,-1,2022
42179,Bahrain,North Korea,1,2022
42180,Australia,Oman,1,2022
42181,Yemen,Syria,-1,2022
42182,South Korea,Saudi Arabia,-1,2022
42183,Kyrgyzstan,Palestine,1,2022
42184,Philippines,Vietnam,-1,2022
42185,Qatar,Iran,-1,2022
42186,Oman,Thailand,1,2022
42187,United Arab Emirates,Bahrain,-1,2022
42188,Thailand,India,-1,2022
42189,Australia,Jordan,-1,2022
42190,Syria,Palestine,-1,2022
42191,China PR,Kyrgyzstan,1,2022
42192,South Korea,Philippines,1,2022
42193,Iran,Yemen,1,2022
42194,Finland,Sweden,1,2022
42195,Iraq,Vietnam,1,2022
42196,Saudi Arabia,North Korea,1,2022
42197,Qatar,Lebanon,1,2022
42198,Japan,Turkmenistan,1,2022
42199,Uzbekistan,Oman,1,2022
42200,Bahrain,Thailand,-1,2022
42201,Jordan,Syria,1,2022
42202,United Arab Emirates,India,1,2022
42203,Estonia,Finland,1,2022
42204,Iceland,Sweden,-1,2022
42205,Palestine,Australia,-1,2022
42206,Philippines,China PR,-1,2022
42207,Kyrgyzstan,South Korea,-1,2022
42208,Vietnam,Iran,-1,2022
42209,Yemen,Iraq,-1,2022
42210,Lebanon,Saudi Arabia,-1,2022
42211,North Korea,Qatar,-1,2022
42212,Oman,Japan,-1,2022
42213,Turkmenistan,Uzbekistan,-1,2022
42214,India,Bahrain,-1,2022
42215,United Arab Emirates,Thailand,-1,2022
42216,Estonia,Iceland,-1,2022
42217,Australia,Syria,1,2022
42218,Palestine,Jordan,-1,2022
42219,South Korea,China PR,1,2022
42220,Kyrgyzstan,Philippines,1,2022
42221,Iran,Iraq,-1,2022
42222,Vietnam,Yemen,1,2022
42223,Lebanon,North Korea,1,2022
42224,Saudi Arabia,Qatar,-1,2022
42225,Japan,Uzbekistan,1,2022
42226,Oman,Turkmenistan,1,2022
42227,Iran,Oman,1,2022
42228,Jordan,Vietnam,-1,2022
42229,Thailand,China PR,-1,2022
42230,Australia,Uzbekistan,-1,2022
42231,Japan,Saudi Arabia,1,2022
42232,United Arab Emirates,Kyrgyzstan,1,2022
42233,South Korea,Bahrain,1,2022
42234,Qatar,Iraq,1,2022
42235,China PR,Iran,-1,2022
42236,Vietnam,Japan,-1,2022
42237,South Korea,Qatar,-1,2022
42238,United Arab Emirates,Australia,1,2022
42239,United States,Panama,1,2022
42240,Iran,Japan,-1,2022
42241,United Arab Emirates,Qatar,-1,2022
42242,Japan,Qatar,-1,2022
42243,United States,Costa Rica,1,2022
42244,Kazakhstan,Moldova,1,2022
42245,Sint Maarten,Saint Barthélemy,-1,2022
42246,Cuba,Bermuda,1,2022
42247,Bolivia,Nicaragua,-1,2022
42248,Barbados,Grenada,1,2022
42249,El Salvador,Guatemala,1,2022
42250,Cambodia,Bangladesh,-1,2022
42251,Bahamas,Turks and Caicos Islands,1,2022
42252,Saint Barthélemy,Saint Martin,1,2022
42253,Fiji,New Caledonia,1,2022
42254,Solomon Islands,Vanuatu,1,2022
42255,Myanmar,Taiwan,-1,2022
42256,Germany,Serbia,-1,2022
42257,Wales,Trinidad and Tobago,1,2022
42258,Kosovo,Denmark,-1,2022
42259,Kuwait,Nepal,-1,2022
42260,Mauritius,New Caledonia,1,2022
42261,United Arab Emirates,Saudi Arabia,1,2022
42262,United States,Ecuador,1,2022
42263,Northern Ireland,Estonia,1,2022
42264,Netherlands,Belarus,1,2022
42265,Croatia,Azerbaijan,1,2022
42266,Slovakia,Hungary,1,2022
42267,Austria,Poland,-1,2022
42268,North Macedonia,Latvia,1,2022
42269,Israel,Slovenia,-1,2022
42270,Cyprus,San Marino,1,2022
42271,Belgium,Russia,1,2022
42272,Kazakhstan,Scotland,1,2022
42273,British Virgin Islands,Turks and Caicos Islands,-1,2022
42274,Argentina,Venezuela,-1,2022
42275,Guatemala,Costa Rica,1,2022
42276,Japan,Colombia,-1,2022
42277,South Korea,Bolivia,1,2022
42278,Mexico,Chile,1,2022
42279,Peru,Paraguay,1,2022
42280,Bulgaria,Montenegro,-1,2022
42281,England,Czech Republic,1,2022
42282,Portugal,Ukraine,-1,2022
42283,Luxembourg,Lithuania,1,2022
42284,Albania,Turkey,-1,2022
42285,Andorra,Iceland,-1,2022
42286,Moldova,France,-1,2022
42287,Botswana,Angola,-1,2022
42288,Anguilla,United States Virgin Islands,-1,2022
42289,Saint Vincent and the Grenadines,Bonaire,1,2022
42290,Cayman Islands,Montserrat,-1,2022
42291,Saint Lucia,Aruba,1,2022
42292,Sudan,Equatorial Guinea,-1,2022
42293,Malawi,Morocco,-1,2022
42294,Algeria,Gambia,-1,2022
42295,Nigeria,Seychelles,1,2022
42296,Burkina Faso,Mauritania,1,2022
42297,Tunisia,Eswatini,1,2022
42298,Brazil,Panama,-1,2022
42299,Malaysia,Afghanistan,1,2022
42300,Oman,Singapore,-1,2022
42301,Georgia,Switzerland,-1,2022
42302,Gibraltar,Republic of Ireland,-1,2022
42303,Malta,Faroe Islands,1,2022
42304,Sweden,Romania,1,2022
42305,Spain,Norway,1,2022
42306,Bosnia and Herzegovina,Armenia,1,2022
42307,Italy,Finland,1,2022
42308,Liechtenstein,Greece,-1,2022
42309,Senegal,Madagascar,1,2022
42310,Cameroon,Comoros,1,2022
42311,Mali,South Sudan,1,2022
42312,Ghana,Kenya,1,2022
42313,Niger,Egypt,-1,2022
42314,Zambia,Namibia,1,2022
42315,Dominica,Bahamas,1,2022
42316,Sint Maarten,Saint Martin,1,2022
42317,Antigua and Barbuda,Curaçao,1,2022
42318,Guyana,Belize,1,2022
42319,Suriname,Saint Kitts and Nevis,1,2022
42320,Guadeloupe,Martinique,-1,2022
42321,Burundi,Gabon,-1,2022
42322,Ivory Coast,Rwanda,1,2022
42323,Guinea-Bissau,Mozambique,-1,2022
42324,Vatican City,Raetia,-1,2022
42325,Alderney,Jersey,-1,2022
42326,Taiwan,Solomon Islands,-1,2022
42327,Fiji,Mauritius,1,2022
42328,Northern Ireland,Belarus,1,2022
42329,Netherlands,Germany,-1,2022
42330,Wales,Slovakia,1,2022
42331,Hungary,Croatia,1,2022
42332,Israel,Austria,1,2022
42333,Poland,Latvia,1,2022
42334,Slovenia,North Macedonia,-1,2022
42335,San Marino,Scotland,-1,2022
42336,Kazakhstan,Russia,-1,2022
42337,Cyprus,Belgium,-1,2022
42338,Benin,Togo,1,2022
42339,Libya,South Africa,-1,2022
42340,Zimbabwe,Congo,1,2022
42341,Central African Republic,Guinea,-1,2022
42342,Tanzania,Uganda,1,2022
42343,British Virgin Islands,Bonaire,-1,2022
42344,Puerto Rico,Grenada,-1,2022
42345,Canada,French Guiana,1,2022
42346,Dominican Republic,Bermuda,-1,2022
42347,Haiti,Cuba,1,2022
42348,Barbados,Nicaragua,-1,2022
42349,El Salvador,Jamaica,1,2022
42350,DR Congo,Liberia,1,2022
42351,Cape Verde,Lesotho,-1,2022
42352,Catalonia,Venezuela,1,2022
42353,Azerbaijan,Lithuania,-1,2022
42354,Kuwait,Nepal,1,2022
42355,Myanmar,Indonesia,-1,2022
42356,Saudi Arabia,Equatorial Guinea,1,2022
42357,Kosovo,Bulgaria,-1,2022
42358,Montenegro,England,-1,2022
42359,Portugal,Serbia,-1,2022
42360,Luxembourg,Ukraine,-1,2022
42361,Turkey,Moldova,1,2022
42362,Andorra,Albania,-1,2022
42363,France,Iceland,1,2022
42364,Algeria,Tunisia,1,2022
42365,Costa Rica,Jamaica,1,2022
42366,Czech Republic,Brazil,-1,2022
42367,Ghana,Mauritania,1,2022
42368,Gibraltar,Estonia,-1,2022
42369,Honduras,Ecuador,-1,2022
42370,Ivory Coast,Liberia,1,2022
42371,Japan,Bolivia,1,2022
42372,South Korea,Colombia,1,2022
42373,Morocco,Argentina,-1,2022
42374,Nicaragua,Guatemala,-1,2022
42375,Nigeria,Egypt,1,2022
42376,Paraguay,Mexico,-1,2022
42377,Peru,El Salvador,-1,2022
42378,Senegal,Mali,1,2022
42379,United Arab Emirates,Syria,-1,2022
42380,United States,Chile,-1,2022
42381,Republic of Ireland,Georgia,1,2022
42382,Switzerland,Denmark,-1,2022
42383,Malta,Spain,-1,2022
42384,Norway,Sweden,-1,2022
42385,Romania,Faroe Islands,1,2022
42386,Bosnia and Herzegovina,Greece,-1,2022
42387,Italy,Liechtenstein,1,2022
42388,Armenia,Finland,-1,2022
42389,Yorkshire,Somaliland,1,2022
42390,Guernsey,Jersey,-1,2022
42391,Eswatini,Mauritius,-1,2022
42392,Kernow,Barawa,1,2022
42393,Cascadia,Chagos Islands,1,2022
42394,Mozambique,Namibia,-1,2022
42395,Malawi,Seychelles,1,2022
42396,Eswatini,Comoros,-1,2022
42397,Seychelles,Mozambique,-1,2022
42398,Namibia,Malawi,-1,2022
42399,Laos,Sri Lanka,1,2022
42400,Comoros,Mauritius,1,2022
42401,Panama,Basque Country,-1,2022
42402,Mozambique,Malawi,-1,2022
42403,Namibia,Seychelles,1,2022
42404,Turkey,Greece,1,2022
42405,Laos,Sri Lanka,-1,2022
42406,Lesotho,Uganda,-1,2022
42407,Zimbabwe,Comoros,1,2022
42408,Venezuela,Ecuador,-1,2022
42409,Yorkshire,Parishes of Jersey,1,2022
42410,South Africa,Botswana,-1,2022
42411,Zambia,Malawi,-1,2022
42412,El Salvador,Haiti,1,2022
42413,France,Bolivia,1,2022
42414,Luxembourg,Madagascar,-1,2022
42415,Malaysia,Nepal,1,2022
42416,Turkey,Uzbekistan,1,2022
42417,Abkhazia,Chameria,1,2022
42418,Artsakh,Sápmi,1,2022
42419,Padania,Székely Land,1,2022
42420,Western Armenia,South Ossetia,-1,2022
42421,Parishes of Jersey,Chagos Islands,1,2022
42422,Colombia,Panama,1,2022
42423,Vanuatu,Tahiti,1,2022
42424,Artsakh,Chameria,-1,2022
42425,Sápmi,Abkhazia,-1,2022
42426,Székely Land,Western Armenia,-1,2022
42427,South Ossetia,Padania,1,2022
42428,Comoros,Malawi,-1,2022
42429,Artsakh,Abkhazia,-1,2022
42430,Chameria,Sápmi,1,2022
42431,South Ossetia,Székely Land,-1,2022
42432,Padania,Western Armenia,-1,2022
42433,South Africa,Uganda,-1,2022
42434,Lesotho,Botswana,-1,2022
42435,Zimbabwe,Zambia,-1,2022
42436,Brazil,Qatar,1,2022
42437,Japan,Trinidad and Tobago,-1,2022
42438,Mexico,Venezuela,1,2022
42439,Paraguay,Honduras,-1,2022
42440,Peru,Costa Rica,1,2022
42441,United States,Jamaica,-1,2022
42442,Portugal,Switzerland,1,2022
42443,Bermuda,Guyana,1,2022
42444,Chile,Haiti,1,2022
42445,Taiwan,Nepal,-1,2022
42446,Iran,Syria,1,2022
42447,Slovakia,Jordan,1,2022
42448,Tajikistan,Afghanistan,-1,2022
42449,England,Netherlands,-1,2022
42450,Abkhazia,Western Armenia,-1,2022
42451,South Ossetia,Chameria,-1,2022
42452,Padania,Sápmi,1,2022
42453,Artsakh,Székely Land,1,2022
42454,Bhutan,Guam,1,2022
42455,Cambodia,Pakistan,1,2022
42456,Laos,Bangladesh,-1,2022
42457,Macau,Sri Lanka,1,2022
42458,Mongolia,Brunei,1,2022
42459,Czech Republic,Bulgaria,1,2022
42460,Montenegro,Kosovo,-1,2022
42461,Lithuania,Luxembourg,-1,2022
42462,Ukraine,Serbia,1,2022
42463,Georgia,Gibraltar,1,2022
42464,Denmark,Republic of Ireland,-1,2022
42465,Faroe Islands,Spain,-1,2022
42466,Norway,Romania,-1,2022
42467,Sweden,Malta,1,2022
42468,Austria,Slovenia,1,2022
42469,North Macedonia,Poland,-1,2022
42470,Latvia,Israel,-1,2022
42471,Lesotho,Zimbabwe,-1,2022
42472,South Africa,Malawi,-1,2022
42473,Argentina,Nicaragua,1,2022
42474,China PR,Philippines,1,2022
42475,Fiji,Tahiti,-1,2022
42476,Ivory Coast,Comoros,1,2022
42477,Kenya,Madagascar,1,2022
42478,South Korea,Australia,1,2022
42479,Tunisia,Iraq,1,2022
42480,Uruguay,Panama,1,2022
42481,Uzbekistan,North Korea,1,2022
42482,Malaysia,Timor-Leste,1,2022
42483,Estonia,Northern Ireland,-1,2022
42484,Belarus,Germany,-1,2022
42485,Croatia,Wales,1,2022
42486,Azerbaijan,Hungary,-1,2022
42487,Iceland,Albania,1,2022
42488,Moldova,Andorra,1,2022
42489,Turkey,France,1,2022
42490,Russia,San Marino,1,2022
42491,Scotland,Cyprus,1,2022
42492,Belgium,Kazakhstan,1,2022
42493,Finland,Bosnia and Herzegovina,1,2022
42494,Armenia,Liechtenstein,1,2022
42495,Greece,Italy,-1,2022
42496,Botswana,Zambia,-1,2022
42497,Angola,Guinea-Bissau,1,2022
42498,Nigeria,Zimbabwe,-1,2022
42499,Singapore,Solomon Islands,1,2022
42500,Abkhazia,Chameria,-1,2022
42501,Sápmi,Székely Land,1,2022
42502,Artsakh,Padania,1,2022
42503,Brazil,Honduras,1,2022
42504,Cameroon,Zambia,1,2022
42505,DR Congo,Burkina Faso,-1,2022
42506,Japan,El Salvador,1,2022
42507,Mexico,Ecuador,1,2022
42508,Paraguay,Guatemala,1,2022
42509,Peru,Colombia,-1,2022
42510,Turkmenistan,Uganda,-1,2022
42511,United States,Venezuela,-1,2022
42512,Switzerland,England,-1,2022
42513,Portugal,Netherlands,1,2022
42514,Western Armenia,South Ossetia,-1,2022
42515,Czech Republic,Montenegro,1,2022
42516,Bulgaria,Kosovo,-1,2022
42517,Serbia,Lithuania,1,2022
42518,Ukraine,Luxembourg,1,2022
42519,Republic of Ireland,Gibraltar,1,2022
42520,Denmark,Georgia,1,2022
42521,Faroe Islands,Norway,-1,2022
42522,Malta,Romania,-1,2022
42523,Spain,Sweden,1,2022
42524,North Macedonia,Austria,-1,2022
42525,Poland,Israel,1,2022
42526,Latvia,Slovenia,-1,2022
42527,Vanuatu,Fiji,-1,2022
42528,Germany,Estonia,1,2022
42529,Belarus,Northern Ireland,-1,2022
42530,Azerbaijan,Slovakia,-1,2022
42531,Hungary,Wales,1,2022
42532,Iceland,Turkey,1,2022
42533,Albania,Moldova,1,2022
42534,Andorra,France,-1,2022
42535,Kazakhstan,San Marino,1,2022
42536,Belgium,Scotland,1,2022
42537,Russia,Cyprus,1,2022
42538,Italy,Bosnia and Herzegovina,1,2022
42539,Liechtenstein,Finland,-1,2022
42540,Greece,Armenia,-1,2022
42541,Algeria,Burundi,-1,2022
42542,Benin,Guinea,1,2022
42543,China PR,Tajikistan,1,2022
42544,Croatia,Tunisia,-1,2022
42545,Hong Kong,Taiwan,-1,2022
42546,Jordan,Indonesia,1,2022
42547,South Korea,Iran,-1,2022
42548,Kyrgyzstan,Palestine,-1,2022
42549,Singapore,Myanmar,-1,2022
42550,Uzbekistan,Syria,1,2022
42551,Bangladesh,Laos,-1,2022
42552,Brunei,Mongolia,1,2022
42553,Guam,Bhutan,1,2022
42554,Pakistan,Cambodia,-1,2022
42555,Sri Lanka,Macau,1,2022
42556,Malaysia,Timor-Leste,1,2022
42557,Morocco,Gambia,-1,2022
42558,Ynys Môn,Saint Helena,1,2022
42559,Egypt,Tanzania,1,2022
42560,Cameroon,Mali,-1,2022
42561,Madagascar,Mauritania,-1,2022
42562,Brazil,Bolivia,1,2022
42563,Venezuela,Peru,-1,2022
42564,Argentina,Colombia,-1,2022
42565,Canada,Martinique,1,2022
42566,Mexico,Cuba,1,2022
42567,Ghana,South Africa,-1,2022
42568,Indonesia,Vanuatu,1,2022
42569,Ivory Coast,Uganda,-1,2022
42570,Kenya,DR Congo,-1,2022
42571,Tanzania,Zimbabwe,-1,2022
42572,Jersey,Orkney,1,2022
42573,Ynys Môn,Western Isles,1,2022
42574,Alderney,Hitra,-1,2022
42575,Saint Helena,Shetland,-1,2022
42576,Paraguay,Qatar,-1,2022
42577,Uruguay,Ecuador,1,2022
42578,Haiti,Bermuda,1,2022
42579,Costa Rica,Nicaragua,1,2022
42580,Algeria,Mali,1,2022
42581,Egypt,Guinea,1,2022
42582,Morocco,Zambia,-1,2022
42583,Senegal,Nigeria,1,2022
42584,Ynys Môn,Orkney,1,2022
42585,Jersey,Western Isles,1,2022
42586,Isle of Man,Hitra,1,2022
42587,Guernsey,Shetland,1,2022
42588,Japan,Chile,-1,2022
42589,Curaçao,El Salvador,-1,2022
42590,Jamaica,Honduras,1,2022
42591,Tunisia,Burundi,1,2022
42592,Ynys Môn,Jersey,1,2022
42593,Western Isles,Orkney,-1,2022
42594,Isle of Man,Alderney,1,2022
42595,Guernsey,Saint Helena,1,2022
42596,Bolivia,Peru,-1,2022
42597,Brazil,Venezuela,-1,2022
42598,Panama,Trinidad and Tobago,1,2022
42599,United States,Guyana,1,2022
42600,Benin,Mauritania,1,2022
42601,Colombia,Qatar,1,2022
42602,Argentina,Paraguay,-1,2022
42603,Cuba,Martinique,-1,2022
42604,Mexico,Canada,1,2022
42605,Ivory Coast,Zambia,1,2022
42606,Western Isles,Saint Helena,1,2022
42607,Orkney,Alderney,-1,2022
42608,Jersey,Hitra,1,2022
42609,Ynys Môn,Shetland,1,2022
42610,Isle of Man,Guernsey,-1,2022
42611,Uruguay,Japan,-1,2022
42612,Nicaragua,Haiti,-1,2022
42613,Costa Rica,Bermuda,1,2022
42614,Shetland,Isle of Man,-1,2022
42615,Ynys Môn,Guernsey,1,2022
42616,Egypt,Zimbabwe,1,2022
42617,Ecuador,Chile,-1,2022
42618,El Salvador,Jamaica,-1,2022
42619,Honduras,Curaçao,-1,2022
42620,DR Congo,Uganda,-1,2022
42621,Nigeria,Burundi,1,2022
42622,Guinea,Madagascar,-1,2022
42623,Bolivia,Venezuela,-1,2022
42624,Guyana,Panama,-1,2022
42625,United States,Trinidad and Tobago,1,2022
42626,Brazil,Peru,1,2022
42627,Senegal,Tanzania,1,2022
42628,Algeria,Kenya,1,2022
42629,Morocco,Namibia,1,2022
42630,Colombia,Paraguay,1,2022
42631,Qatar,Argentina,-1,2022
42632,Canada,Cuba,1,2022
42633,Martinique,Mexico,-1,2022
42634,Ivory Coast,South Africa,1,2022
42635,Tunisia,Angola,-1,2022
42636,Mali,Mauritania,1,2022
42637,Chile,Uruguay,-1,2022
42638,Ecuador,Japan,-1,2022
42639,Bermuda,Nicaragua,1,2022
42640,Haiti,Costa Rica,1,2022
42641,Cameroon,Guinea-Bissau,1,2022
42642,Ghana,Benin,-1,2022
42643,Jamaica,Curaçao,-1,2022
42644,Honduras,El Salvador,1,2022
42645,Raetia,Franconia,-1,2022
42646,Uganda,Zimbabwe,-1,2022
42647,Egypt,DR Congo,1,2022
42648,Nigeria,Guinea,1,2022
42649,Trinidad and Tobago,Guyana,-1,2022
42650,United States,Panama,1,2022
42651,Madagascar,Burundi,1,2022
42652,Senegal,Algeria,-1,2022
42653,Kenya,Tanzania,1,2022
42654,Brazil,Paraguay,-1,2022
42655,Morocco,Ivory Coast,1,2022
42656,South Africa,Namibia,1,2022
42657,Tunisia,Mali,-1,2022
42658,Colombia,Chile,-1,2022
42659,Venezuela,Argentina,-1,2022
42660,Mauritania,Angola,-1,2022
42661,Cameroon,Ghana,-1,2022
42662,Benin,Guinea-Bissau,-1,2022
42663,Uruguay,Peru,-1,2022
42664,Haiti,Canada,1,2022
42665,Mexico,Costa Rica,-1,2022
42666,Egypt,Uganda,1,2022
42667,Zimbabwe,DR Congo,-1,2022
42668,Burundi,Guinea,-1,2022
42669,Madagascar,Nigeria,1,2022
42670,Jamaica,Panama,1,2022
42671,United States,Curaçao,1,2022
42672,Kenya,Senegal,-1,2022
42673,Tanzania,Algeria,-1,2022
42674,Namibia,Ivory Coast,-1,2022
42675,South Africa,Morocco,-1,2022
42676,Angola,Mali,-1,2022
42677,Mauritania,Tunisia,-1,2022
42678,Benin,Cameroon,-1,2022
42679,Guinea-Bissau,Ghana,-1,2022
42680,Brazil,Argentina,1,2022
42681,Haiti,Mexico,-1,2022
42682,Chile,Peru,-1,2022
42683,United States,Jamaica,1,2022
42684,Morocco,Benin,-1,2022
42685,Uganda,Senegal,-1,2022
42686,Egypt,South Africa,-1,2022
42687,Nigeria,Cameroon,1,2022
42688,Argentina,Chile,1,2022
42689,Algeria,Guinea,1,2022
42690,Madagascar,DR Congo,-1,2022
42691,Brazil,Peru,1,2022
42692,United States,Mexico,-1,2022
42693,India,Tajikistan,-1,2022
42694,Ghana,Tunisia,-1,2022
42695,Mali,Ivory Coast,-1,2022
42696,Samoa,Papua New Guinea,-1,2022
42697,American Samoa,New Caledonia,-1,2022
42698,Tuvalu,Solomon Islands,-1,2022
42699,Tahiti,Fiji,-1,2022
42700,Syria,North Korea,1,2022
42701,Nigeria,South Africa,1,2022
42702,Senegal,Benin,1,2022
42703,Papua New Guinea,Vanuatu,1,2022
42704,Tuvalu,Tahiti,-1,2022
42705,American Samoa,Fiji,-1,2022
42706,Solomon Islands,New Caledonia,-1,2022
42707,Tajikistan,Syria,1,2022
42708,Ivory Coast,Algeria,-1,2022
42709,Madagascar,Tunisia,-1,2022
42710,Samoa,Tonga,1,2022
42711,American Samoa,Tuvalu,-1,2022
42712,Solomon Islands,Tahiti,-1,2022
42713,New Caledonia,Fiji,1,2022
42714,India,North Korea,-1,2022
42715,Algeria,Nigeria,1,2022
42716,Senegal,Tunisia,1,2022
42717,Tonga,Vanuatu,-1,2022
42718,Fiji,Tuvalu,1,2022
42719,Solomon Islands,American Samoa,1,2022
42720,Tahiti,New Caledonia,-1,2022
42721,North Korea,Tajikistan,1,2022
42722,India,Syria,-1,2022
42723,Tunisia,Nigeria,-1,2022
42724,Papua New Guinea,Tonga,1,2022
42725,Samoa,Vanuatu,-1,2022
42726,New Caledonia,Tuvalu,1,2022
42727,Tahiti,American Samoa,1,2022
42728,Fiji,Solomon Islands,-1,2022
42729,Mauritius,Seychelles,-1,2022
42730,Réunion,Maldives,1,2022
42731,Comoros,Mayotte,-1,2022
42732,Senegal,Algeria,-1,2022
42733,Tajikistan,North Korea,-1,2022
42734,Papua New Guinea,Fiji,-1,2022
42735,Seychelles,Madagascar,-1,2022
42736,Réunion,Mayotte,1,2022
42737,Comoros,Maldives,1,2022
42738,Equatorial Guinea,Liberia,-1,2022
42739,Mauritius,Madagascar,-1,2022
42740,Mayotte,Maldives,1,2022
42741,Réunion,Comoros,-1,2022
42742,Mauritius,Mayotte,1,2022
42743,Réunion,Seychelles,1,2022
42744,Seychelles,Mayotte,-1,2022
42745,Mauritius,Réunion,-1,2022
42746,Iraq,Lebanon,1,2022
42747,Yemen,Palestine,-1,2022
42748,Iraq,Palestine,1,2022
42749,Lebanon,Syria,1,2022
42750,Jordan,Bahrain,-1,2022
42751,Saudi Arabia,Kuwait,-1,2022
42752,Syria,Yemen,-1,2022
42753,Lebanon,Palestine,-1,2022
42754,Bahrain,Saudi Arabia,-1,2022
42755,Kuwait,Jordan,-1,2022
42756,Yemen,Lebanon,1,2022
42757,Iraq,Syria,-1,2022
42758,South Ossetia,Luhansk PR,1,2022
42759,Jordan,Saudi Arabia,1,2022
42760,Kuwait,Bahrain,-1,2022
42761,Saint Vincent and the Grenadines,Trinidad and Tobago,1,2022
42762,Palestine,Syria,1,2022
42763,Iraq,Yemen,1,2022
42764,Dominican Republic,Guatemala,-1,2022
42765,Iraq,Bahrain,-1,2022
42766,Saint Kitts and Nevis,Antigua and Barbuda,1,2022
42767,Belize,Saint Vincent and the Grenadines,-1,2022
42768,Taiwan,Guam,1,2022
42769,United Arab Emirates,Dominican Republic,1,2022
42770,Belize,Saint Vincent and the Grenadines,1,2022
42771,China PR,Myanmar,1,2022
42772,Malaysia,Jordan,-1,2022
42773,United Arab Emirates,Sri Lanka,1,2022
42774,Libya,Burkina Faso,-1,2022
42775,Burundi,Tanzania,-1,2022
42776,Djibouti,Eswatini,1,2022
42777,Eritrea,Namibia,-1,2022
42778,Ethiopia,Lesotho,-1,2022
42779,Liberia,Sierra Leone,1,2022
42780,Mauritius,Mozambique,-1,2022
42781,São Tomé and Príncipe,Guinea-Bissau,-1,2022
42782,South Sudan,Equatorial Guinea,-1,2022
42783,Argentina,Chile,-1,2022
42784,Honduras,Puerto Rico,1,2022
42785,South Korea,Georgia,-1,2022
42786,Montenegro,Hungary,1,2022
42787,Northern Ireland,Luxembourg,1,2022
42788,Peru,Ecuador,-1,2022
42789,Saudi Arabia,Mali,-1,2022
42790,Republic of Ireland,Switzerland,-1,2022
42791,Gibraltar,Denmark,-1,2022
42792,Faroe Islands,Sweden,-1,2022
42793,Norway,Malta,1,2022
42794,Romania,Spain,-1,2022
42795,Israel,North Macedonia,-1,2022
42796,Armenia,Italy,-1,2022
42797,Bosnia and Herzegovina,Liechtenstein,1,2022
42798,Finland,Greece,1,2022
42799,Japan,Paraguay,1,2022
42800,Bermuda,Panama,-1,2022
42801,Grenada,Saint Kitts and Nevis,1,2022
42802,French Guiana,Belize,1,2022
42803,Dominica,Suriname,-1,2022
42804,United States Virgin Islands,Cayman Islands,-1,2022
42805,Barbados,Saint Martin,1,2022
42806,Guatemala,Anguilla,1,2022
42807,Guam,Maldives,-1,2022
42808,Philippines,Syria,-1,2022
42809,Taiwan,Jordan,-1,2022
42810,Kuwait,Nepal,1,2022
42811,Cambodia,Hong Kong,-1,2022
42812,Bahrain,Iraq,-1,2022
42813,Palestine,Uzbekistan,1,2022
42814,Singapore,Yemen,-1,2022
42815,India,Oman,-1,2022
42816,Qatar,Afghanistan,1,2022
42817,Mongolia,Myanmar,1,2022
42818,Tajikistan,Kyrgyzstan,1,2022
42819,Thailand,Vietnam,-1,2022
42820,Indonesia,Malaysia,-1,2022
42821,North Korea,Lebanon,1,2022
42822,Sri Lanka,Turkmenistan,-1,2022
42823,Chad,Sudan,-1,2022
42824,Seychelles,Rwanda,-1,2022
42825,Somalia,Zimbabwe,1,2022
42826,Brazil,Colombia,-1,2022
42827,Costa Rica,Uruguay,-1,2022
42828,Ivory Coast,Benin,-1,2022
42829,Morocco,Burkina Faso,-1,2022
42830,Tunisia,Mauritania,1,2022
42831,United States,Mexico,-1,2022
42832,Estonia,Belarus,-1,2022
42833,Germany,Netherlands,-1,2022
42834,Wales,Azerbaijan,1,2022
42835,Slovakia,Croatia,-1,2022
42836,Austria,Latvia,1,2022
42837,Slovenia,Poland,1,2022
42838,Cyprus,Kazakhstan,-1,2022
42839,Scotland,Russia,-1,2022
42840,San Marino,Belgium,-1,2022
42841,Martinique,Trinidad and Tobago,-1,2022
42842,Aruba,Guyana,-1,2022
42843,Jamaica,Antigua and Barbuda,1,2022
42844,Nicaragua,Saint Vincent and the Grenadines,-1,2022
42845,Bonaire,British Virgin Islands,1,2022
42846,Comoros,Togo,-1,2022
42847,Gambia,Angola,-1,2022
42848,Libya,Niger,1,2022
42849,Kosovo,Czech Republic,1,2022
42850,England,Bulgaria,1,2022
42851,Lithuania,Ukraine,-1,2022
42852,Serbia,Portugal,-1,2022
42853,Iceland,Moldova,1,2022
42854,France,Albania,1,2022
42855,Turkey,Andorra,1,2022
42856,Canada,Cuba,1,2022
42857,Curaçao,Haiti,1,2022
42858,Montserrat,Dominican Republic,1,2022
42859,El Salvador,Saint Lucia,1,2022
42860,Guadeloupe,Sint Maarten,1,2022
42861,Botswana,Malawi,-1,2022
42862,Kenya,Uganda,-1,2022
42863,Switzerland,Gibraltar,1,2022
42864,Georgia,Denmark,-1,2022
42865,Romania,Malta,1,2022
42866,Spain,Faroe Islands,1,2022
42867,Sweden,Norway,-1,2022
42868,Armenia,Bosnia and Herzegovina,1,2022
42869,Finland,Italy,-1,2022
42870,Greece,Liechtenstein,-1,2022
42871,Panama,Bermuda,-1,2022
42872,Belize,Grenada,-1,2022
42873,Saint Kitts and Nevis,French Guiana,-1,2022
42874,Saint Vincent and the Grenadines,Dominica,1,2022
42875,Suriname,Nicaragua,1,2022
42876,Saint Martin,United States Virgin Islands,-1,2022
42877,Cayman Islands,Barbados,1,2022
42878,Equatorial Guinea,South Sudan,1,2022
42879,Lesotho,Ethiopia,-1,2022
42880,Sierra Leone,Liberia,1,2022
42881,Tanzania,Burundi,-1,2022
42882,Algeria,Benin,1,2022
42883,Iraq,Uzbekistan,-1,2022
42884,Wales,Belarus,1,2022
42885,Northern Ireland,Germany,-1,2022
42886,Estonia,Netherlands,-1,2022
42887,Azerbaijan,Croatia,-1,2022
42888,Hungary,Slovakia,-1,2022
42889,Poland,Austria,-1,2022
42890,Slovenia,Israel,1,2022
42891,Latvia,North Macedonia,-1,2022
42892,Scotland,Belgium,-1,2022
42893,Russia,Kazakhstan,1,2022
42894,San Marino,Cyprus,-1,2022
42895,Trinidad and Tobago,Martinique,-1,2022
42896,Antigua and Barbuda,Aruba,1,2022
42897,Guyana,Jamaica,-1,2022
42898,Bahamas,Bonaire,1,2022
42899,Argentina,Mexico,1,2022
42900,Brazil,Peru,-1,2022
42901,Colombia,Venezuela,-1,2022
42902,Ecuador,Bolivia,1,2022
42903,Honduras,Chile,1,2022
42904,Ivory Coast,Tunisia,1,2022
42905,Jordan,Paraguay,-1,2022
42906,Morocco,Niger,1,2022
42907,Oman,Lebanon,1,2022
42908,Republic of Ireland,Bulgaria,1,2022
42909,Ukraine,Nigeria,-1,2022
42910,United States,Uruguay,-1,2022
42911,England,Kosovo,1,2022
42912,Montenegro,Czech Republic,-1,2022
42913,Luxembourg,Serbia,-1,2022
42914,Lithuania,Portugal,-1,2022
42915,Albania,Iceland,1,2022
42916,France,Andorra,1,2022
42917,Moldova,Turkey,-1,2022
42918,Cuba,Canada,-1,2022
42919,Haiti,Curaçao,-1,2022
42920,Montserrat,Saint Lucia,-1,2022
42921,Dominican Republic,El Salvador,1,2022
42922,Puerto Rico,Guatemala,-1,2022
42923,Turks and Caicos Islands,Guadeloupe,-1,2022
42924,Guam,Philippines,-1,2022
42925,Maldives,China PR,-1,2022
42926,Kuwait,Australia,-1,2022
42927,Taiwan,Nepal,-1,2022
42928,Cambodia,Bahrain,-1,2022
42929,Hong Kong,Iran,-1,2022
42930,Yemen,Saudi Arabia,-1,2022
42931,Singapore,Palestine,1,2022
42932,Afghanistan,Bangladesh,1,2022
42933,Qatar,India,-1,2022
42934,Mongolia,Tajikistan,-1,2022
42935,Myanmar,Japan,-1,2022
42936,Indonesia,Thailand,-1,2022
42937,Malaysia,United Arab Emirates,-1,2022
42938,Turkmenistan,South Korea,-1,2022
42939,Sri Lanka,North Korea,-1,2022
42940,Angola,Gambia,1,2022
42941,Guinea-Bissau,São Tomé and Príncipe,1,2022
42942,Malawi,Botswana,1,2022
42943,Mozambique,Mauritius,1,2022
42944,Namibia,Eritrea,1,2022
42945,Rwanda,Seychelles,1,2022
42946,Sudan,Chad,-1,2022
42947,Eswatini,Djibouti,-1,2022
42948,Togo,Comoros,1,2022
42949,Zimbabwe,Somalia,1,2022
42950,DR Congo,Rwanda,-1,2022
42951,Bangladesh,Bhutan,1,2022
42952,Botswana,Liberia,-1,2022
42953,Mexico,Trinidad and Tobago,1,2022
42954,Bangladesh,Bhutan,1,2022
42955,Jordan,Singapore,-1,2022
42956,Malaysia,Sri Lanka,1,2022
42957,Djibouti,Gambia,-1,2022
42958,Liberia,Chad,1,2022
42959,Mauritius,São Tomé and Príncipe,-1,2022
42960,South Sudan,Seychelles,1,2022
42961,Bahrain,Azerbaijan,-1,2022
42962,Germany,Argentina,-1,2022
42963,Belarus,Estonia,-1,2022
42964,Netherlands,Northern Ireland,1,2022
42965,Croatia,Hungary,1,2022
42966,Slovakia,Wales,-1,2022
42967,Austria,Israel,1,2022
42968,North Macedonia,Slovenia,1,2022
42969,Latvia,Poland,-1,2022
42970,Kazakhstan,Cyprus,-1,2022
42971,Belgium,San Marino,1,2022
42972,Russia,Scotland,1,2022
42973,Algeria,DR Congo,-1,2022
42974,Brazil,Senegal,-1,2022
42975,Cape Verde,Togo,1,2022
42976,Gabon,Burkina Faso,1,2022
42977,Kosovo,Gibraltar,1,2022
42978,Niger,Zambia,-1,2022
42979,Serbia,Paraguay,1,2022
42980,Thailand,Congo,-1,2022
42981,Venezuela,Bolivia,1,2022
42982,Trinidad and Tobago,Honduras,-1,2022
42983,Haiti,Costa Rica,-1,2022
42984,Belize,Saint Kitts and Nevis,-1,2022
42985,French Guiana,Grenada,-1,2022
42986,British Virgin Islands,Bahamas,-1,2022
42987,Sint Maarten,Turks and Caicos Islands,-1,2022
42988,Syria,Maldives,1,2022
42989,China PR,Guam,1,2022
42990,Jordan,Kuwait,-1,2022
42991,Australia,Nepal,1,2022
42992,Iran,Cambodia,1,2022
42993,Iraq,Hong Kong,1,2022
42994,Uzbekistan,Yemen,1,2022
42995,Saudi Arabia,Singapore,1,2022
42996,Bangladesh,Qatar,-1,2022
42997,Oman,Afghanistan,1,2022
42998,Japan,Mongolia,1,2022
42999,Kyrgyzstan,Myanmar,1,2022
43000,United Arab Emirates,Indonesia,1,2022
43001,Vietnam,Malaysia,1,2022
43002,Lebanon,Turkmenistan,1,2022
43003,South Korea,Sri Lanka,1,2022
43004,Czech Republic,England,1,2022
43005,Montenegro,Bulgaria,-1,2022
43006,Portugal,Luxembourg,1,2022
43007,Ukraine,Lithuania,1,2022
43008,Iceland,France,-1,2022
43009,Andorra,Moldova,1,2022
43010,Turkey,Albania,1,2022
43011,Morocco,Libya,-1,2022
43012,Uruguay,Peru,1,2022
43013,United States,Cuba,1,2022
43014,Bermuda,Mexico,-1,2022
43015,Antigua and Barbuda,Guyana,1,2022
43016,Saint Vincent and the Grenadines,Suriname,-1,2022
43017,Nicaragua,Dominica,1,2022
43018,Georgia,Republic of Ireland,-1,2022
43019,Denmark,Switzerland,1,2022
43020,Faroe Islands,Romania,-1,2022
43021,Malta,Sweden,-1,2022
43022,Norway,Spain,-1,2022
43023,Bosnia and Herzegovina,Finland,1,2022
43024,Italy,Greece,1,2022
43025,Liechtenstein,Armenia,-1,2022
43026,Colombia,Chile,-1,2022
43027,Guinea,Comoros,-1,2022
43028,Ivory Coast,DR Congo,1,2022
43029,Tunisia,Cameroon,-1,2022
43030,Dominican Republic,Saint Lucia,1,2022
43031,Montserrat,El Salvador,-1,2022
43032,Jamaica,Aruba,1,2022
43033,Barbados,United States Virgin Islands,1,2022
43034,Saint Martin,Cayman Islands,1,2022
43035,Anguilla,Guatemala,-1,2022
43036,Belarus,Netherlands,-1,2022
43037,Estonia,Germany,-1,2022
43038,Hungary,Azerbaijan,1,2022
43039,Wales,Croatia,-1,2022
43040,Poland,North Macedonia,1,2022
43041,Slovenia,Austria,-1,2022
43042,Scotland,San Marino,1,2022
43043,Cyprus,Russia,-1,2022
43044,Kazakhstan,Belgium,-1,2022
43045,Gambia,Djibouti,-1,2022
43046,Chad,Liberia,1,2022
43047,São Tomé and Príncipe,Mauritius,1,2022
43048,Seychelles,South Sudan,-1,2022
43049,Benin,Zambia,-1,2022
43050,Brazil,Nigeria,-1,2022
43051,Ecuador,Argentina,-1,2022
43052,Equatorial Guinea,Togo,-1,2022
43053,Ethiopia,Uganda,-1,2022
43054,Kenya,Mozambique,-1,2022
43055,Lesotho,Malawi,-1,2022
43056,Niger,Central African Republic,-1,2022
43057,Slovakia,Paraguay,-1,2022
43058,South Africa,Mali,1,2022
43059,Honduras,Martinique,1,2022
43060,Costa Rica,Curaçao,-1,2022
43061,Saint Kitts and Nevis,Belize,-1,2022
43062,Grenada,French Guiana,1,2022
43063,British Virgin Islands,Bonaire,-1,2022
43064,Kosovo,Montenegro,1,2022
43065,Bulgaria,England,-1,2022
43066,Lithuania,Serbia,-1,2022
43067,Ukraine,Portugal,1,2022
43068,Iceland,Andorra,1,2022
43069,France,Turkey,-1,2022
43070,Moldova,Albania,-1,2022
43071,Czech Republic,Northern Ireland,-1,2022
43072,Egypt,Botswana,1,2022
43073,Rwanda,Tanzania,-1,2022
43074,Venezuela,Trinidad and Tobago,1,2022
43075,Guyana,Antigua and Barbuda,1,2022
43076,Dominica,Nicaragua,-1,2022
43077,Suriname,Saint Vincent and the Grenadines,-1,2022
43078,Sint Maarten,Guadeloupe,-1,2022
43079,Gibraltar,Georgia,-1,2022
43080,Switzerland,Republic of Ireland,1,2022
43081,Faroe Islands,Malta,1,2022
43082,Sweden,Spain,-1,2022
43083,Romania,Norway,-1,2022
43084,Israel,Latvia,1,2022
43085,Finland,Armenia,1,2022
43086,Liechtenstein,Italy,-1,2022
43087,Greece,Bosnia and Herzegovina,1,2022
43088,Algeria,Colombia,1,2022
43089,Bermuda,Guatemala,-1,2022
43090,Bolivia,Haiti,1,2022
43091,Chile,Guinea,1,2022
43092,Denmark,Luxembourg,1,2022
43093,Kuwait,Turkmenistan,-1,2022
43094,Mauritania,Libya,-1,2022
43095,Morocco,Gabon,-1,2022
43096,Peru,Uruguay,-1,2022
43097,Canada,United States,1,2022
43098,Mexico,Panama,1,2022
43099,Dominican Republic,Montserrat,-1,2022
43100,Saint Lucia,El Salvador,-1,2022
43101,Aruba,Jamaica,-1,2022
43102,Cayman Islands,Saint Martin,1,2022
43103,United States Virgin Islands,Barbados,-1,2022
43104,Anguilla,Puerto Rico,-1,2022
43105,Syria,Guam,1,2022
43106,Philippines,China PR,-1,2022
43107,Jordan,Nepal,1,2022
43108,Taiwan,Australia,-1,2022
43109,Cambodia,Iraq,-1,2022
43110,Bahrain,Iran,1,2022
43111,Palestine,Saudi Arabia,-1,2022
43112,Singapore,Uzbekistan,-1,2022
43113,India,Bangladesh,-1,2022
43114,Qatar,Oman,1,2022
43115,Mongolia,Kyrgyzstan,-1,2022
43116,Tajikistan,Japan,-1,2022
43117,Thailand,United Arab Emirates,1,2022
43118,Indonesia,Vietnam,-1,2022
43119,North Korea,South Korea,-1,2022
43120,Sri Lanka,Lebanon,-1,2022
43121,Egypt,Liberia,1,2022
43122,Nicaragua,Cuba,-1,2022
43123,Malaysia,Tajikistan,1,2022
43124,Namibia,Zambia,-1,2022
43125,Uzbekistan,Kyrgyzstan,1,2022
43126,Nicaragua,Cuba,-1,2022
43127,Trinidad and Tobago,Anguilla,1,2022
43128,Namibia,Chad,1,2022
43129,Malawi,South Sudan,1,2022
43130,Burkina Faso,Uganda,-1,2022
43131,Sudan,São Tomé and Príncipe,1,2022
43132,Angola,Gambia,-1,2022
43133,Central African Republic,Burundi,1,2022
43134,Cameroon,Cape Verde,-1,2022
43135,Guinea-Bissau,Eswatini,1,2022
43136,Senegal,Congo,1,2022
43137,Nigeria,Benin,1,2022
43138,Sierra Leone,Lesotho,-1,2022
43139,Mali,Guinea,-1,2022
43140,Ghana,South Africa,1,2022
43141,DR Congo,Gabon,-1,2022
43142,Mozambique,Rwanda,1,2022
43143,Egypt,Kenya,-1,2022
43144,Togo,Comoros,-1,2022
43145,Algeria,Zambia,1,2022
43146,England,Montenegro,1,2022
43147,Czech Republic,Kosovo,1,2022
43148,Portugal,Lithuania,1,2022
43149,Serbia,Luxembourg,1,2022
43150,Turkey,Iceland,-1,2022
43151,Albania,Andorra,-1,2022
43152,France,Moldova,1,2022
43153,Martinique,Honduras,-1,2022
43154,Curaçao,Costa Rica,-1,2022
43155,Saint Kitts and Nevis,Grenada,-1,2022
43156,Belize,French Guiana,1,2022
43157,Bahamas,British Virgin Islands,1,2022
43158,Turks and Caicos Islands,Sint Maarten,1,2022
43159,Bulgaria,Paraguay,-1,2022
43160,Cambodia,Mongolia,-1,2022
43161,Ecuador,Trinidad and Tobago,1,2022
43162,Qatar,Singapore,1,2022
43163,Republic of Ireland,New Zealand,1,2022
43164,Ukraine,Estonia,1,2022
43165,Maldives,Philippines,-1,2022
43166,Syria,China PR,1,2022
43167,Jordan,Australia,-1,2022
43168,Kuwait,Taiwan,1,2022
43169,Iraq,Iran,1,2022
43170,Hong Kong,Bahrain,-1,2022
43171,Uzbekistan,Saudi Arabia,-1,2022
43172,Yemen,Palestine,1,2022
43173,Afghanistan,India,-1,2022
43174,Oman,Bangladesh,1,2022
43175,Myanmar,Tajikistan,1,2022
43176,Kyrgyzstan,Japan,-1,2022
43177,Vietnam,United Arab Emirates,1,2022
43178,Malaysia,Thailand,1,2022
43179,Lebanon,South Korea,-1,2022
43180,Turkmenistan,North Korea,1,2022
43181,Morocco,Mauritania,-1,2022
43182,Zimbabwe,Botswana,-1,2022
43183,Tanzania,Equatorial Guinea,1,2022
43184,Tunisia,Libya,1,2022
43185,Denmark,Gibraltar,1,2022
43186,Switzerland,Georgia,1,2022
43187,Norway,Faroe Islands,1,2022
43188,Spain,Malta,1,2022
43189,Romania,Sweden,-1,2022
43190,Finland,Liechtenstein,1,2022
43191,Brazil,Argentina,-1,2022
43192,Bosnia and Herzegovina,Italy,-1,2022
43193,Armenia,Greece,-1,2022
43194,United States,Canada,1,2022
43195,Panama,Mexico,-1,2022
43196,Antigua and Barbuda,Jamaica,-1,2022
43197,Guyana,Aruba,1,2022
43198,Saint Vincent and the Grenadines,Nicaragua,1,2022
43199,Suriname,Dominica,1,2022
43200,Colombia,Peru,1,2022
43201,Hungary,Uruguay,-1,2022
43202,Ivory Coast,Niger,1,2022
43203,Madagascar,Ethiopia,1,2022
43204,Northern Ireland,Netherlands,-1,2022
43205,Germany,Belarus,1,2022
43206,Croatia,Slovakia,1,2022
43207,Azerbaijan,Wales,-1,2022
43208,Slovenia,Latvia,1,2022
43209,Austria,North Macedonia,1,2022
43210,Israel,Poland,-1,2022
43211,Cyprus,Scotland,-1,2022
43212,San Marino,Kazakhstan,-1,2022
43213,Russia,Belgium,-1,2022
43214,Saint Lucia,Dominican Republic,1,2022
43215,El Salvador,Montserrat,1,2022
43216,Saint Martin,Barbados,1,2022
43217,Cayman Islands,United States Virgin Islands,1,2022
43218,Guatemala,Puerto Rico,1,2022
43219,Chad,Mali,-1,2022
43220,Guinea,Namibia,1,2022
43221,South Sudan,Burkina Faso,-1,2022
43222,Uganda,Malawi,1,2022
43223,South Africa,Sudan,1,2022
43224,Gabon,Angola,1,2022
43225,Rwanda,Cameroon,-1,2022
43226,Congo,Guinea-Bissau,1,2022
43227,Eswatini,Senegal,-1,2022
43228,Benin,Sierra Leone,1,2022
43229,Lesotho,Nigeria,-1,2022
43230,Kosovo,England,-1,2022
43231,Bulgaria,Czech Republic,1,2022
43232,Luxembourg,Portugal,-1,2022
43233,Serbia,Ukraine,-1,2022
43234,Albania,France,-1,2022
43235,Andorra,Turkey,-1,2022
43236,Moldova,Iceland,-1,2022
43237,Honduras,Trinidad and Tobago,1,2022
43238,Costa Rica,Haiti,-1,2022
43239,Grenada,Belize,1,2022
43240,French Guiana,Saint Kitts and Nevis,1,2022
43241,Bonaire,Bahamas,-1,2022
43242,Guadeloupe,Turks and Caicos Islands,1,2022
43243,Lithuania,New Zealand,1,2022
43244,São Tomé and Príncipe,Ghana,-1,2022
43245,Gambia,DR Congo,-1,2022
43246,Cape Verde,Mozambique,-1,2022
43247,Comoros,Egypt,-1,2022
43248,Kenya,Togo,-1,2022
43249,Botswana,Algeria,-1,2022
43250,Niger,Madagascar,-1,2022
43251,Republic of Ireland,Denmark,-1,2022
43252,Gibraltar,Switzerland,-1,2022
43253,Malta,Norway,-1,2022
43254,Spain,Romania,1,2022
43255,Sweden,Faroe Islands,1,2022
43256,Italy,Armenia,1,2022
43257,Liechtenstein,Bosnia and Herzegovina,-1,2022
43258,Greece,Finland,1,2022
43259,Jamaica,Guyana,-1,2022
43260,Aruba,Antigua and Barbuda,-1,2022
43261,Nicaragua,Suriname,-1,2022
43262,Dominica,Saint Vincent and the Grenadines,1,2022
43263,Argentina,Uruguay,-1,2022
43264,Burundi,Morocco,-1,2022
43265,Mauritania,Central African Republic,1,2022
43266,Zambia,Zimbabwe,-1,2022
43267,Equatorial Guinea,Tunisia,-1,2022
43268,Libya,Tanzania,1,2022
43269,Ethiopia,Ivory Coast,1,2022
43270,Germany,Northern Ireland,1,2022
43271,Netherlands,Estonia,1,2022
43272,Wales,Hungary,1,2022
43273,Slovakia,Azerbaijan,1,2022
43274,North Macedonia,Israel,1,2022
43275,Japan,Venezuela,-1,2022
43276,Poland,Slovenia,1,2022
43277,Latvia,Austria,1,2022
43278,Scotland,Kazakhstan,1,2022
43279,Belgium,Cyprus,1,2022
43280,San Marino,Russia,-1,2022
43281,Cuba,United States,-1,2022
43282,Mexico,Bermuda,1,2022
43283,El Salvador,Dominican Republic,1,2022
43284,Saint Lucia,Montserrat,-1,2022
43285,Barbados,Cayman Islands,1,2022
43286,United States Virgin Islands,Saint Martin,-1,2022
43287,Puerto Rico,Anguilla,1,2022
43288,Brazil,South Korea,1,2022
43289,Croatia,Georgia,1,2022
43290,Ecuador,Colombia,-1,2022
43291,Montenegro,Belarus,1,2022
43292,Saudi Arabia,Paraguay,-1,2022
43293,Maldives,Guam,1,2022
43294,Syria,Philippines,1,2022
43295,Nepal,Kuwait,-1,2022
43296,Jordan,Taiwan,1,2022
43297,Iraq,Bahrain,-1,2022
43298,Hong Kong,Cambodia,1,2022
43299,Uzbekistan,Palestine,1,2022
43300,Yemen,Singapore,-1,2022
43301,Afghanistan,Qatar,-1,2022
43302,Oman,India,1,2022
43303,Myanmar,Mongolia,1,2022
43304,Kyrgyzstan,Tajikistan,-1,2022
43305,Vietnam,Thailand,-1,2022
43306,Malaysia,Indonesia,1,2022
43307,Turkmenistan,Sri Lanka,1,2022
43308,Lebanon,North Korea,-1,2022
43309,Guatemala,Antigua and Barbuda,1,2022
43310,Qatar,Iraq,-1,2022
43311,United Arab Emirates,Yemen,1,2022
43312,Oman,Bahrain,-1,2022
43313,Saudi Arabia,Kuwait,-1,2022
43314,United Arab Emirates,Iraq,-1,2022
43315,Qatar,Yemen,1,2022
43316,Kuwait,Oman,-1,2022
43317,Bahrain,Saudi Arabia,-1,2022
43318,Qatar,United Arab Emirates,1,2022
43319,Yemen,Iraq,-1,2022
43320,Kuwait,Bahrain,-1,2022
43321,Oman,Saudi Arabia,-1,2022
43322,Iraq,Bahrain,-1,2022
43323,Qatar,Saudi Arabia,-1,2022
43324,Bahrain,Saudi Arabia,1,2022
43325,Luhansk PR,South Ossetia,1,2022
43326,China PR,Japan,-1,2022
43327,South Korea,Hong Kong,1,2022
43328,Japan,Hong Kong,1,2022
43329,South Korea,China PR,1,2022
43330,Hong Kong,China PR,-1,2022
43331,South Korea,Japan,1,2022
43332,Chagos Islands,Panjab,-1,2022
43333,Barbados,Canada,-1,2022
43334,Moldova,Sweden,-1,2022
43335,Barbados,Canada,-1,2022
43336,Kosovo,Sweden,-1,2022
43337,Canada,Iceland,-1,2022
43338,El Salvador,Iceland,-1,2022
43339,United States,Costa Rica,1,2022
43340,Germany,Spain,-1,2022
43341,Ukraine,Switzerland,1,2022
43342,Russia,Serbia,1,2022
43343,Turkey,Hungary,-1,2022
43344,Bulgaria,Republic of Ireland,-1,2022
43345,Finland,Wales,-1,2022
43346,Moldova,Kosovo,-1,2022
43347,Slovenia,Greece,-1,2022
43348,Latvia,Andorra,-1,2022
43349,Faroe Islands,Malta,1,2022
43350,Italy,Bosnia and Herzegovina,-1,2022
43351,Netherlands,Poland,1,2022
43352,Norway,Austria,-1,2022
43353,Romania,Northern Ireland,-1,2022
43354,Scotland,Israel,-1,2022
43355,Slovakia,Czech Republic,-1,2022
43356,Lithuania,Kazakhstan,-1,2022
43357,Belarus,Albania,-1,2022
43358,Iceland,England,-1,2022
43359,Denmark,Belgium,-1,2022
43360,Portugal,Croatia,1,2022
43361,Sweden,France,-1,2022
43362,Cyprus,Montenegro,-1,2022
43363,Azerbaijan,Luxembourg,-1,2022
43364,North Macedonia,Armenia,1,2022
43365,Estonia,Georgia,-1,2022
43366,Gibraltar,San Marino,1,2022
43367,Spain,Ukraine,1,2022
43368,Switzerland,Germany,-1,2022
43369,Hungary,Russia,-1,2022
43370,Serbia,Turkey,-1,2022
43371,Wales,Bulgaria,1,2022
43372,Republic of Ireland,Finland,-1,2022
43373,Slovenia,Moldova,1,2022
43374,Kosovo,Greece,-1,2022
43375,Andorra,Faroe Islands,-1,2022
43376,Malta,Latvia,-1,2022
43377,Bosnia and Herzegovina,Poland,-1,2022
43378,Netherlands,Italy,-1,2022
43379,Northern Ireland,Norway,-1,2022
43380,Austria,Romania,-1,2022
43381,Czech Republic,Scotland,-1,2022
43382,Israel,Slovakia,-1,2022
43383,Kazakhstan,Belarus,-1,2022
43384,Albania,Lithuania,-1,2022
43385,Belgium,Iceland,1,2022
43386,Denmark,England,-1,2022
43387,France,Croatia,1,2022
43388,Sweden,Portugal,-1,2022
43389,Luxembourg,Montenegro,-1,2022
43390,Cyprus,Azerbaijan,-1,2022
43391,Armenia,Estonia,1,2022
43392,Georgia,North Macedonia,-1,2022
43393,San Marino,Liechtenstein,-1,2022
43394,Nicaragua,Guatemala,-1,2022
43395,Andorra,Cape Verde,-1,2022
43396,Austria,Greece,1,2022
43397,Cyprus,Czech Republic,-1,2022
43398,Denmark,Faroe Islands,1,2022
43399,Estonia,Lithuania,-1,2022
43400,France,Ukraine,1,2022
43401,Germany,Turkey,-1,2022
43402,Italy,Moldova,1,2022
43403,Luxembourg,Liechtenstein,-1,2022
43404,Malta,Gibraltar,1,2022
43405,Montenegro,Latvia,-1,2022
43406,Netherlands,Mexico,-1,2022
43407,Poland,Finland,1,2022
43408,Portugal,Spain,-1,2022
43409,Slovenia,San Marino,1,2022
43410,Switzerland,Croatia,-1,2022
43411,Zambia,Malawi,1,2022
43412,Belgium,Ivory Coast,-1,2022
43413,England,Wales,1,2022
43414,Russia,Sweden,-1,2022
43415,South Africa,Namibia,-1,2022
43416,Uzbekistan,Iran,-1,2022
43417,Paraguay,Peru,-1,2022
43418,Uruguay,Chile,1,2022
43419,Argentina,Ecuador,1,2022
43420,Iceland,Romania,1,2022
43421,Bulgaria,Hungary,-1,2022
43422,Bosnia and Herzegovina,Northern Ireland,-1,2022
43423,Slovakia,Republic of Ireland,-1,2022
43424,Scotland,Israel,-1,2022
43425,Norway,Serbia,-1,2022
43426,Georgia,Belarus,1,2022
43427,North Macedonia,Kosovo,1,2022
43428,Burkina Faso,DR Congo,1,2022
43429,Congo,Gambia,-1,2022
43430,Japan,Cameroon,-1,2022
43431,Kenya,Zambia,1,2022
43432,Mali,Ghana,1,2022
43433,Mauritania,Sierra Leone,1,2022
43434,Morocco,Senegal,1,2022
43435,Nigeria,Algeria,-1,2022
43436,Tunisia,Sudan,1,2022
43437,Colombia,Venezuela,1,2022
43438,Brazil,Bolivia,1,2022
43439,Spain,Switzerland,1,2022
43440,Ukraine,Germany,-1,2022
43441,Luxembourg,Cyprus,1,2022
43442,Montenegro,Azerbaijan,1,2022
43443,Faroe Islands,Latvia,-1,2022
43444,Andorra,Malta,-1,2022
43445,Liechtenstein,Gibraltar,-1,2022
43446,Cape Verde,Guinea,-1,2022
43447,Costa Rica,Panama,-1,2022
43448,Honduras,Nicaragua,-1,2022
43449,Niger,Chad,1,2022
43450,Bosnia and Herzegovina,Netherlands,-1,2022
43451,Poland,Italy,-1,2022
43452,England,Belgium,1,2022
43453,Iceland,Denmark,-1,2022
43454,Croatia,Sweden,1,2022
43455,France,Portugal,-1,2022
43456,Norway,Romania,1,2022
43457,Northern Ireland,Austria,-1,2022
43458,Scotland,Slovakia,1,2022
43459,Israel,Czech Republic,-1,2022
43460,Serbia,Hungary,-1,2022
43461,Russia,Turkey,-1,2022
43462,Republic of Ireland,Wales,-1,2022
43463,Finland,Bulgaria,1,2022
43464,Armenia,Georgia,-1,2022
43465,Estonia,North Macedonia,-1,2022
43466,Kosovo,Slovenia,-1,2022
43467,Greece,Moldova,1,2022
43468,Kazakhstan,Albania,-1,2022
43469,Lithuania,Belarus,-1,2022
43470,Gabon,Benin,-1,2022
43471,Malawi,Zimbabwe,-1,2022
43472,South Africa,Zambia,-1,2022
43473,Tanzania,Burundi,-1,2022
43474,Burkina Faso,Madagascar,1,2022
43475,Ghana,Qatar,1,2022
43476,Togo,Sudan,-1,2022
43477,United Arab Emirates,Uzbekistan,-1,2022
43478,Cameroon,South Sudan,-1,2022
43479,Germany,Switzerland,-1,2022
43480,Ukraine,Spain,1,2022
43481,Azerbaijan,Cyprus,-1,2022
43482,Montenegro,Luxembourg,-1,2022
43483,Latvia,Malta,-1,2022
43484,Faroe Islands,Andorra,1,2022
43485,Liechtenstein,San Marino,-1,2022
43486,Costa Rica,Panama,-1,2022
43487,Japan,Ivory Coast,1,2022
43488,Mexico,Algeria,-1,2022
43489,Morocco,DR Congo,-1,2022
43490,Mozambique,Angola,-1,2022
43491,Niger,Sierra Leone,1,2022
43492,Nigeria,Tunisia,-1,2022
43493,Bolivia,Argentina,-1,2022
43494,Ecuador,Uruguay,1,2022
43495,Venezuela,Paraguay,-1,2022
43496,Peru,Brazil,-1,2022
43497,Chile,Colombia,-1,2022
43498,Italy,Netherlands,-1,2022
43499,Poland,Bosnia and Herzegovina,1,2022
43500,Iceland,Belgium,-1,2022
43501,England,Denmark,-1,2022
43502,Portugal,Sweden,1,2022
43503,Croatia,France,-1,2022
43504,Norway,Northern Ireland,1,2022
43505,Romania,Austria,-1,2022
43506,Scotland,Czech Republic,1,2022
43507,Slovakia,Israel,-1,2022
43508,Russia,Hungary,-1,2022
43509,Turkey,Serbia,-1,2022
43510,Finland,Republic of Ireland,1,2022
43511,Bulgaria,Wales,-1,2022
43512,North Macedonia,Georgia,-1,2022
43513,Estonia,Armenia,-1,2022
43514,Greece,Kosovo,-1,2022
43515,Moldova,Slovenia,-1,2022
43516,Lithuania,Albania,-1,2022
43517,Belarus,Kazakhstan,1,2022
43518,Ethiopia,Sudan,-1,2022
43519,Bahrain,Tajikistan,1,2022
43520,Albania,Kosovo,1,2022
43521,Belgium,Switzerland,1,2022
43522,Bulgaria,Gibraltar,1,2022
43523,Denmark,Sweden,1,2022
43524,France,Finland,-1,2022
43525,Germany,Czech Republic,1,2022
43526,Greece,Cyprus,1,2022
43527,Italy,Estonia,1,2022
43528,Lithuania,Faroe Islands,1,2022
43529,Luxembourg,Austria,-1,2022
43530,Malta,Liechtenstein,1,2022
43531,Montenegro,Kazakhstan,-1,2022
43532,Netherlands,Spain,-1,2022
43533,Poland,Ukraine,1,2022
43534,Portugal,Andorra,1,2022
43535,Romania,Belarus,1,2022
43536,San Marino,Latvia,-1,2022
43537,Slovenia,Azerbaijan,-1,2022
43538,Turkey,Croatia,-1,2022
43539,Guinea,Chad,1,2022
43540,Mauritania,Burundi,-1,2022
43541,Kenya,Comoros,-1,2022
43542,Senegal,Guinea-Bissau,1,2022
43543,Libya,Equatorial Guinea,-1,2022
43544,Hungary,Iceland,1,2022
43545,Northern Ireland,Slovakia,-1,2022
43546,Serbia,Scotland,-1,2022
43547,Georgia,North Macedonia,-1,2022
43548,Bosnia and Herzegovina,Iran,-1,2022
43549,England,Republic of Ireland,1,2022
43550,Jordan,Iraq,-1,2022
43551,Lebanon,Bahrain,-1,2022
43552,Moldova,Russia,-1,2022
43553,United Arab Emirates,Tajikistan,1,2022
43554,Uzbekistan,Syria,-1,2022
43555,Wales,United States,-1,2022
43556,Bolivia,Ecuador,-1,2022
43557,Argentina,Paraguay,-1,2022
43558,Burkina Faso,Malawi,1,2022
43559,Uganda,South Sudan,1,2022
43560,Ghana,Sudan,1,2022
43561,Gabon,Gambia,1,2022
43562,Cape Verde,Rwanda,-1,2022
43563,Cameroon,Mozambique,1,2022
43564,Zambia,Botswana,1,2022
43565,Algeria,Zimbabwe,1,2022
43566,Congo,Eswatini,1,2022
43567,Ivory Coast,Madagascar,1,2022
43568,Bangladesh,Nepal,1,2022
43569,Costa Rica,Qatar,-1,2022
43570,Japan,Panama,1,2022
43571,Colombia,Uruguay,-1,2022
43572,Chile,Peru,1,2022
43573,Brazil,Venezuela,1,2022
43574,Mali,Namibia,1,2022
43575,South Africa,São Tomé and Príncipe,1,2022
43576,Morocco,Central African Republic,1,2022
43577,Tunisia,Tanzania,1,2022
43578,Niger,Ethiopia,1,2022
43579,Nigeria,Sierra Leone,-1,2022
43580,Portugal,France,-1,2022
43581,Sweden,Croatia,1,2022
43582,Germany,Ukraine,1,2022
43583,Switzerland,Spain,-1,2022
43584,Azerbaijan,Montenegro,-1,2022
43585,Cyprus,Luxembourg,1,2022
43586,Malta,Andorra,1,2022
43587,Latvia,Faroe Islands,-1,2022
43588,San Marino,Gibraltar,-1,2022
43589,Mexico,South Korea,1,2022
43590,Saudi Arabia,Jamaica,1,2022
43591,DR Congo,Angola,-1,2022
43592,Egypt,Togo,1,2022
43593,Benin,Lesotho,1,2022
43594,Netherlands,Bosnia and Herzegovina,1,2022
43595,Italy,Poland,1,2022
43596,Belgium,England,1,2022
43597,Denmark,Iceland,1,2022
43598,Austria,Northern Ireland,1,2022
43599,Romania,Norway,1,2022
43600,Slovakia,Scotland,1,2022
43601,Czech Republic,Israel,1,2022
43602,Turkey,Russia,1,2022
43603,Hungary,Serbia,-1,2022
43604,Wales,Republic of Ireland,1,2022
43605,Bulgaria,Finland,-1,2022
43606,North Macedonia,Estonia,1,2022
43607,Georgia,Armenia,-1,2022
43608,Slovenia,Kosovo,1,2022
43609,Moldova,Greece,-1,2022
43610,Albania,Kazakhstan,1,2022
43611,Belarus,Lithuania,1,2022
43612,Guatemala,Honduras,1,2022
43613,Chad,Guinea,-1,2022
43614,Burundi,Mauritania,1,2022
43615,Comoros,Kenya,1,2022
43616,Guinea-Bissau,Senegal,-1,2022
43617,Equatorial Guinea,Libya,1,2022
43618,Jordan,Syria,1,2022
43619,United Arab Emirates,Bahrain,-1,2022
43620,United States,Panama,1,2022
43621,Basque Country,Costa Rica,1,2022
43622,Malawi,Burkina Faso,-1,2022
43623,South Sudan,Uganda,1,2022
43624,South Africa,São Tomé and Príncipe,1,2022
43625,Gambia,Gabon,1,2022
43626,Mozambique,Cameroon,-1,2022
43627,Zimbabwe,Algeria,-1,2022
43628,Botswana,Zambia,1,2022
43629,Eswatini,Congo,-1,2022
43630,Croatia,Portugal,-1,2022
43631,France,Sweden,1,2022
43632,Spain,Germany,1,2022
43633,Switzerland,Ukraine,1,2022
43634,Luxembourg,Azerbaijan,-1,2022
43635,Montenegro,Cyprus,1,2022
43636,Andorra,Latvia,-1,2022
43637,Malta,Faroe Islands,-1,2022
43638,Gibraltar,Liechtenstein,-1,2022
43639,Bangladesh,Nepal,-1,2022
43640,Japan,Mexico,-1,2022
43641,South Korea,Qatar,1,2022
43642,Saudi Arabia,Jamaica,-1,2022
43643,Uzbekistan,Iraq,-1,2022
43644,Ecuador,Colombia,1,2022
43645,Venezuela,Chile,1,2022
43646,Peru,Argentina,-1,2022
43647,Paraguay,Bolivia,-1,2022
43648,Uruguay,Brazil,-1,2022
43649,Namibia,Mali,-1,2022
43650,Sudan,Ghana,1,2022
43651,Angola,DR Congo,-1,2022
43652,Central African Republic,Morocco,-1,2022
43653,Rwanda,Cape Verde,-1,2022
43654,Togo,Egypt,-1,2022
43655,Tanzania,Tunisia,-1,2022
43656,Ethiopia,Niger,1,2022
43657,Madagascar,Ivory Coast,-1,2022
43658,Sierra Leone,Nigeria,-1,2022
43659,Lesotho,Benin,-1,2022
43660,Bosnia and Herzegovina,Italy,-1,2022
43661,Poland,Netherlands,-1,2022
43662,England,Iceland,1,2022
43663,Belgium,Denmark,1,2022
43664,Northern Ireland,Romania,-1,2022
43665,Austria,Norway,-1,2022
43666,Czech Republic,Slovakia,1,2022
43667,Israel,Scotland,1,2022
43668,Hungary,Turkey,1,2022
43669,Serbia,Russia,1,2022
43670,Republic of Ireland,Bulgaria,-1,2022
43671,Wales,Finland,1,2022
43672,Armenia,North Macedonia,1,2022
43673,Georgia,Estonia,-1,2022
43674,Kosovo,Moldova,1,2022
43675,Greece,Slovenia,-1,2022
43676,Albania,Belarus,1,2022
43677,Kazakhstan,Lithuania,-1,2022
43678,Qatar,Bangladesh,1,2022
43679,United States,El Salvador,1,2022
43680,United Arab Emirates,Iraq,-1,2022
43681,Kuwait,Palestine,-1,2022
43682,Dominican Republic,Puerto Rico,-1,2022
43683,Guatemala,Puerto Rico,1,2022
43684,Dominican Republic,Serbia,-1,2022
43685,Iraq,Kuwait,1,2022
43686,Panama,Serbia,-1,2022
43687,United States,Trinidad and Tobago,1,2022
43688,Jordan,Tajikistan,1,2022
43689,Jordan,Tajikistan,-1,2022
43690,Jordan,Uzbekistan,-1,2022
43691,Guatemala,Nicaragua,1,2022
43692,Kenya,South Sudan,1,2022
43693,Kenya,Tanzania,1,2022
43694,Ethiopia,Malawi,1,2022
43695,Oman,Jordan,-1,2022
43696,Belarus,Honduras,-1,2022
43697,Jordan,Lebanon,1,2022
43698,Kosovo,Lithuania,1,2022
43699,Qatar,Luxembourg,1,2022
43700,Antigua and Barbuda,Montserrat,-1,2022
43701,Suriname,Cayman Islands,1,2022
43702,Guatemala,Cuba,1,2022
43703,Dominican Republic,Dominica,1,2022
43704,Saint Kitts and Nevis,Puerto Rico,1,2022
43705,Portugal,Azerbaijan,1,2022
43706,Serbia,Republic of Ireland,1,2022
43707,France,Ukraine,-1,2022
43708,Finland,Bosnia and Herzegovina,-1,2022
43709,Belgium,Wales,1,2022
43710,Estonia,Czech Republic,-1,2022
43711,Turkey,Netherlands,1,2022
43712,Gibraltar,Norway,-1,2022
43713,Latvia,Montenegro,-1,2022
43714,Malta,Russia,-1,2022
43715,Slovenia,Croatia,1,2022
43716,Cyprus,Slovakia,-1,2022
43717,Chad,Namibia,-1,2022
43718,Guinea,Mali,1,2022
43719,South Sudan,Malawi,-1,2022
43720,Uganda,Burkina Faso,-1,2022
43721,São Tomé and Príncipe,Sudan,-1,2022
43722,Rwanda,Mozambique,1,2022
43723,Ethiopia,Madagascar,1,2022
43724,Bahrain,Syria,1,2022
43725,India,Oman,-1,2022
43726,Japan,South Korea,1,2022
43727,Saudi Arabia,Kuwait,1,2022
43728,United States,Jamaica,1,2022
43729,El Salvador,Grenada,1,2022
43730,Canada,Bermuda,1,2022
43731,Curaçao,Saint Vincent and the Grenadines,1,2022
43732,Panama,Barbados,1,2022
43733,Haiti,Belize,1,2022
43734,Trinidad and Tobago,Guyana,1,2022
43735,Spain,Greece,-1,2022
43736,Sweden,Georgia,1,2022
43737,Bulgaria,Switzerland,-1,2022
43738,Italy,Northern Ireland,1,2022
43739,Israel,Denmark,-1,2022
43740,Scotland,Austria,-1,2022
43741,Moldova,Faroe Islands,-1,2022
43742,England,San Marino,1,2022
43743,Andorra,Albania,-1,2022
43744,Hungary,Poland,-1,2022
43745,Germany,Iceland,1,2022
43746,Liechtenstein,Armenia,-1,2022
43747,Romania,North Macedonia,1,2022
43748,South Africa,Ghana,-1,2022
43749,Gambia,Angola,1,2022
43750,Gabon,DR Congo,1,2022
43751,Comoros,Togo,-1,2022
43752,Kenya,Egypt,-1,2022
43753,Botswana,Zimbabwe,-1,2022
43754,Zambia,Algeria,-1,2022
43755,Equatorial Guinea,Tanzania,1,2022
43756,Libya,Tunisia,-1,2022
43757,Tajikistan,Mongolia,1,2022
43758,Chile,Bolivia,1,2022
43759,Burundi,Central African Republic,-1,2022
43760,Mauritania,Morocco,-1,2022
43761,Cape Verde,Cameroon,1,2022
43762,Eswatini,Guinea-Bissau,-1,2022
43763,Congo,Senegal,-1,2022
43764,Niger,Ivory Coast,-1,2022
43765,Bosnia and Herzegovina,Costa Rica,-1,2022
43766,Nepal,Bangladesh,-1,2022
43767,Qatar,Azerbaijan,1,2022
43768,Wales,Mexico,1,2022
43769,United States Virgin Islands,Antigua and Barbuda,-1,2022
43770,Aruba,Suriname,-1,2022
43771,British Virgin Islands,Guatemala,-1,2022
43772,Anguilla,Dominican Republic,-1,2022
43773,Turks and Caicos Islands,Nicaragua,-1,2022
43774,Bahamas,Saint Kitts and Nevis,-1,2022
43775,Republic of Ireland,Luxembourg,-1,2022
43776,Serbia,Portugal,-1,2022
43777,Belarus,Estonia,1,2022
43778,Czech Republic,Belgium,-1,2022
43779,Montenegro,Gibraltar,1,2022
43780,Netherlands,Latvia,1,2022
43781,Norway,Turkey,-1,2022
43782,Russia,Slovenia,1,2022
43783,Croatia,Cyprus,1,2022
43784,Slovakia,Malta,-1,2022
43785,Lesotho,Sierra Leone,-1,2022
43786,Benin,Nigeria,-1,2022
43787,Greece,Honduras,1,2022
43788,Northern Ireland,United States,-1,2022
43789,Montserrat,El Salvador,-1,2022
43790,Cuba,Curaçao,-1,2022
43791,Dominica,Panama,-1,2022
43792,Puerto Rico,Trinidad and Tobago,-1,2022
43793,Georgia,Spain,-1,2022
43794,Kosovo,Sweden,-1,2022
43795,Switzerland,Lithuania,1,2022
43796,Bulgaria,Italy,-1,2022
43797,Kazakhstan,France,-1,2022
43798,Ukraine,Finland,-1,2022
43799,Denmark,Moldova,1,2022
43800,Austria,Faroe Islands,1,2022
43801,Israel,Scotland,-1,2022
43802,Albania,England,-1,2022
43803,Poland,Andorra,1,2022
43804,San Marino,Hungary,-1,2022
43805,Armenia,Iceland,1,2022
43806,North Macedonia,Liechtenstein,1,2022
43807,Romania,Germany,-1,2022
43808,Namibia,Guinea,1,2022
43809,Mali,Chad,1,2022
43810,Ghana,São Tomé and Príncipe,1,2022
43811,Sudan,South Africa,1,2022
43812,Tunisia,Equatorial Guinea,1,2022
43813,Tanzania,Libya,1,2022
43814,Ecuador,Bolivia,1,2022
43815,Kuwait,Lebanon,-1,2022
43816,Nepal,Bangladesh,1,2022
43817,Uzbekistan,Iraq,-1,2022
43818,Cayman Islands,Canada,-1,2022
43819,Burkina Faso,South Sudan,1,2022
43820,Malawi,Uganda,1,2022
43821,Angola,Gabon,1,2022
43822,DR Congo,Gambia,1,2022
43823,Togo,Kenya,-1,2022
43824,Egypt,Comoros,1,2022
43825,Algeria,Botswana,1,2022
43826,Zimbabwe,Zambia,-1,2022
43827,United Arab Emirates,India,1,2022
43828,Bahrain,Jordan,-1,2022
43829,Costa Rica,Mexico,-1,2022
43830,Iran,Syria,1,2022
43831,Republic of Ireland,Qatar,-1,2022
43832,Grenada,United States Virgin Islands,1,2022
43833,Bermuda,Aruba,1,2022
43834,Saint Vincent and the Grenadines,British Virgin Islands,1,2022
43835,Barbados,Anguilla,1,2022
43836,Belize,Turks and Caicos Islands,1,2022
43837,Guyana,Bahamas,1,2022
43838,Azerbaijan,Serbia,-1,2022
43839,Luxembourg,Portugal,-1,2022
43840,Wales,Czech Republic,1,2022
43841,Belgium,Belarus,1,2022
43842,Gibraltar,Netherlands,-1,2022
43843,Montenegro,Norway,-1,2022
43844,Turkey,Latvia,-1,2022
43845,Cyprus,Slovenia,1,2022
43846,Croatia,Malta,1,2022
43847,Slovakia,Russia,1,2022
43848,Saudi Arabia,Palestine,1,2022
43849,Japan,Mongolia,1,2022
43850,Central African Republic,Mauritania,-1,2022
43851,Morocco,Burundi,1,2022
43852,Cameroon,Rwanda,-1,2022
43853,Mozambique,Cape Verde,-1,2022
43854,Guinea-Bissau,Congo,1,2022
43855,Senegal,Eswatini,-1,2022
43856,Ivory Coast,Ethiopia,1,2022
43857,Madagascar,Niger,-1,2022
43858,Nigeria,Lesotho,1,2022
43859,Sweden,Estonia,1,2022
43860,Switzerland,Finland,1,2022
43861,Spain,Kosovo,1,2022
43862,Greece,Georgia,-1,2022
43863,Northern Ireland,Bulgaria,-1,2022
43864,Lithuania,Italy,-1,2022
43865,Bosnia and Herzegovina,France,-1,2022
43866,Ukraine,Kazakhstan,-1,2022
43867,Scotland,Faroe Islands,1,2022
43868,Austria,Denmark,-1,2022
43869,Moldova,Israel,-1,2022
43870,England,Poland,1,2022
43871,Andorra,Hungary,-1,2022
43872,San Marino,Albania,-1,2022
43873,Armenia,Romania,1,2022
43874,Germany,North Macedonia,-1,2022
43875,Liechtenstein,Iceland,-1,2022
43876,Ukraine,Bahrain,-1,2022
43877,Iraq,Tajikistan,-1,2022
43878,United Arab Emirates,Jordan,1,2022
43879,Indonesia,Afghanistan,-1,2022
43880,Oman,Thailand,1,2022
43881,Turkey,Azerbaijan,1,2022
43882,Bahrain,Malaysia,1,2022
43883,Italy,San Marino,1,2022
43884,Japan,Myanmar,1,2022
43885,Indonesia,Oman,-1,2022
43886,Iraq,Nepal,1,2022
43887,Mexico,Iceland,1,2022
43888,Singapore,Afghanistan,-1,2022
43889,Sweden,Finland,1,2022
43890,Thailand,Tajikistan,-1,2022
43891,Malta,Northern Ireland,-1,2022
43892,Switzerland,United States,1,2022
43893,China PR,Guam,1,2022
43894,Jordan,Vietnam,-1,2022
43895,Turkey,Guinea,-1,2022
43896,Croatia,Armenia,-1,2022
43897,Kosovo,San Marino,1,2022
43898,North Macedonia,Slovenia,-1,2022
43899,Poland,Russia,-1,2022
43900,Slovakia,Bulgaria,-1,2022
43901,Lithuania,Estonia,-1,2022
43902,Belarus,Azerbaijan,-1,2022
43903,Bosnia and Herzegovina,Montenegro,-1,2022
43904,England,Austria,1,2022
43905,France,Wales,1,2022
43906,Germany,Denmark,-1,2022
43907,Mozambique,Lesotho,1,2022
43908,Netherlands,Scotland,-1,2022
43909,Norway,Luxembourg,1,2022
43910,Romania,Georgia,-1,2022
43911,Montserrat,United States Virgin Islands,1,2022
43912,Cayman Islands,Aruba,-1,2022
43913,Cuba,British Virgin Islands,1,2022
43914,Dominica,Anguilla,1,2022
43915,Puerto Rico,Bahamas,1,2022
43916,Algeria,Mauritania,1,2022
43917,Andorra,Republic of Ireland,-1,2022
43918,Belgium,Greece,-1,2022
43919,Switzerland,Liechtenstein,1,2022
43920,Turkey,Moldova,1,2022
43921,Ukraine,Northern Ireland,1,2022
43922,Mexico,Costa Rica,-1,2022
43923,United States,Honduras,1,2022
43924,Nepal,Taiwan,1,2022
43925,Iran,Hong Kong,1,2022
43926,Bahrain,Cambodia,1,2022
43927,Palestine,Singapore,1,2022
43928,Bangladesh,Afghanistan,-1,2022
43929,United Arab Emirates,Malaysia,1,2022
43930,Thailand,Indonesia,-1,2022
43931,Bolivia,Venezuela,1,2022
43932,Uruguay,Paraguay,-1,2022
43933,Argentina,Chile,-1,2022
43934,Peru,Colombia,-1,2022
43935,Kuwait,Australia,-1,2022
43936,Qatar,India,1,2022
43937,Faroe Islands,Iceland,-1,2022
43938,Finland,Estonia,-1,2022
43939,Hungary,Cyprus,1,2022
43940,Italy,Czech Republic,1,2022
43941,Kosovo,Malta,1,2022
43942,Nigeria,Cameroon,-1,2022
43943,North Macedonia,Kazakhstan,1,2022
43944,Rwanda,Central African Republic,1,2022
43945,Slovenia,Gibraltar,1,2022
43946,Spain,Portugal,-1,2022
43947,Latvia,Lithuania,1,2022
43948,Maldives,Syria,-1,2022
43949,Antigua and Barbuda,Grenada,1,2022
43950,Suriname,Bermuda,1,2022
43951,Guatemala,Saint Vincent and the Grenadines,1,2022
43952,Dominican Republic,Barbados,-1,2022
43953,Nicaragua,Belize,1,2022
43954,Saint Kitts and Nevis,Guyana,1,2022
43955,Brazil,Ecuador,1,2022
43956,Guinea,Togo,-1,2022
43957,Ivory Coast,Burkina Faso,1,2022
43958,Montenegro,Israel,-1,2022
43959,Niger,Gambia,-1,2022
43960,Russia,Bulgaria,1,2022
43961,Senegal,Zambia,1,2022
43962,Sweden,Armenia,1,2022
43963,Tunisia,DR Congo,1,2022
43964,Wales,Albania,-1,2022
43965,Saudi Arabia,Yemen,1,2022
43966,Lebanon,Sri Lanka,1,2022
43967,South Korea,Turkmenistan,1,2022
43968,United States Virgin Islands,El Salvador,-1,2022
43969,Aruba,Canada,-1,2022
43970,British Virgin Islands,Curaçao,-1,2022
43971,Panama,Anguilla,1,2022
43972,Turks and Caicos Islands,Haiti,-1,2022
43973,Bahamas,Trinidad and Tobago,-1,2022
43974,Algeria,Mali,1,2022
43975,Austria,Slovakia,-1,2022
43976,Belgium,Croatia,1,2022
43977,Denmark,Bosnia and Herzegovina,1,2022
43978,England,Romania,1,2022
43979,Luxembourg,Scotland,-1,2022
43980,Moldova,Azerbaijan,1,2022
43981,Netherlands,Georgia,1,2022
43982,Norway,Greece,-1,2022
43983,Honduras,Costa Rica,-1,2022
43984,United States,Mexico,1,2022
43985,Andorra,Gibraltar,-1,2022
43986,Faroe Islands,Liechtenstein,1,2022
43987,Germany,Latvia,1,2022
43988,Rwanda,Central African Republic,1,2022
43989,Serbia,Jamaica,-1,2022
43990,Ukraine,Cyprus,1,2022
43991,Guam,Syria,-1,2022
43992,China PR,Philippines,1,2022
43993,Nepal,Jordan,-1,2022
43994,Australia,Taiwan,1,2022
43995,Iraq,Cambodia,1,2022
43996,Uzbekistan,Singapore,1,2022
43997,Bangladesh,India,-1,2022
43998,Kyrgyzstan,Mongolia,-1,2022
43999,Japan,Tajikistan,1,2022
44000,United Arab Emirates,Thailand,1,2022
44001,Vietnam,Indonesia,1,2022
44002,Bahrain,Iran,-1,2022
44003,Qatar,Oman,1,2022
44004,Benin,Zambia,-1,2022
44005,Cameroon,Nigeria,-1,2022
44006,Czech Republic,Albania,1,2022
44007,France,Bulgaria,1,2022
44008,Gambia,Togo,1,2022
44009,Hungary,Republic of Ireland,-1,2022
44010,Kosovo,Guinea,-1,2022
44011,Morocco,Ghana,1,2022
44012,Mozambique,Eswatini,-1,2022
44013,Poland,Iceland,-1,2022
44014,Senegal,Cape Verde,1,2022
44015,Spain,Lithuania,1,2022
44016,Grenada,Montserrat,-1,2022
44017,El Salvador,Antigua and Barbuda,1,2022
44018,Canada,Suriname,1,2022
44019,Bermuda,Cayman Islands,-1,2022
44020,Saint Vincent and the Grenadines,Cuba,-1,2022
44021,Curaçao,Guatemala,-1,2022
44022,Barbados,Dominica,-1,2022
44023,Panama,Dominican Republic,1,2022
44024,Haiti,Nicaragua,1,2022
44025,Guyana,Puerto Rico,-1,2022
44026,Trinidad and Tobago,Saint Kitts and Nevis,1,2022
44027,Ecuador,Peru,-1,2022
44028,Colombia,Argentina,-1,2022
44029,Venezuela,Uruguay,-1,2022
44030,Paraguay,Brazil,-1,2022
44031,Chile,Bolivia,-1,2022
44032,Turkmenistan,Lebanon,1,2022
44033,Niger,Congo,-1,2022
44034,Portugal,Israel,1,2022
44035,United States,Costa Rica,1,2022
44036,South Korea,Sri Lanka,1,2022
44037,Estonia,Latvia,1,2022
44038,South Africa,Uganda,1,2022
44039,Philippines,Guam,1,2022
44040,China PR,Maldives,1,2022
44041,Nepal,Australia,-1,2022
44042,Kuwait,Jordan,-1,2022
44043,Cambodia,Iran,-1,2022
44044,Hong Kong,Iraq,-1,2022
44045,Yemen,Uzbekistan,-1,2022
44046,Afghanistan,Oman,-1,2022
44047,Myanmar,Kyrgyzstan,-1,2022
44048,Malaysia,Vietnam,-1,2022
44049,Japan,Serbia,1,2022
44050,DR Congo,Mali,-1,2022
44051,Guinea,Niger,1,2022
44052,Kosovo,Gambia,1,2022
44053,Mauritania,Liberia,1,2022
44054,Tunisia,Algeria,-1,2022
44055,Italy,Turkey,1,2022
44056,Saudi Arabia,Singapore,1,2022
44057,United Arab Emirates,Indonesia,1,2022
44058,Haiti,Canada,-1,2022
44059,Panama,Curaçao,1,2022
44060,Saint Kitts and Nevis,El Salvador,-1,2022
44061,Ghana,Ivory Coast,-1,2022
44062,Mexico,Honduras,-1,2022
44063,Morocco,Burkina Faso,1,2022
44064,Wales,Switzerland,-1,2022
44065,Denmark,Finland,-1,2022
44066,Russia,Belgium,-1,2022
44067,South Korea,Lebanon,1,2022
44068,Sudan,Zambia,-1,2022
44069,Tanzania,Malawi,1,2022
44070,Austria,North Macedonia,1,2022
44071,Netherlands,Ukraine,1,2022
44072,England,Croatia,1,2022
44073,Brazil,Venezuela,1,2022
44074,Colombia,Ecuador,1,2022
44075,Libya,Liberia,-1,2022
44076,Scotland,Czech Republic,-1,2022
44077,Poland,Slovakia,-1,2022
44078,Spain,Sweden,-1,2022
44079,Argentina,Chile,-1,2022
44080,Paraguay,Bolivia,1,2022
44081,Philippines,Maldives,-1,2022
44082,China PR,Syria,1,2022
44083,Australia,Jordan,1,2022
44084,Bahrain,Hong Kong,1,2022
44085,Iran,Iraq,1,2022
44086,Palestine,Yemen,1,2022
44087,Saudi Arabia,Uzbekistan,1,2022
44088,Bangladesh,Oman,-1,2022
44089,India,Afghanistan,-1,2022
44090,Tajikistan,Myanmar,1,2022
44091,Japan,Kyrgyzstan,1,2022
44092,Thailand,Malaysia,-1,2022
44093,United Arab Emirates,Vietnam,1,2022
44094,Canada,Haiti,1,2022
44095,Curaçao,Panama,-1,2022
44096,El Salvador,Saint Kitts and Nevis,1,2022
44097,Tunisia,Mali,1,2022
44098,Djibouti,Somalia,1,2022
44099,Hungary,Portugal,-1,2022
44100,Germany,France,-1,2022
44101,Kuwait,Taiwan,1,2022
44102,Sierra Leone,Benin,1,2022
44103,Turkey,Wales,-1,2022
44104,Italy,Switzerland,1,2022
44105,Russia,Finland,1,2022
44106,Denmark,Belgium,-1,2022
44107,Ukraine,North Macedonia,1,2022
44108,Netherlands,Austria,1,2022
44109,Colombia,Venezuela,-1,2022
44110,Brazil,Peru,1,2022
44111,Algeria,Liberia,1,2022
44112,Croatia,Czech Republic,-1,2022
44113,England,Scotland,-1,2022
44114,Sweden,Slovakia,1,2022
44115,Chile,Bolivia,1,2022
44116,Argentina,Uruguay,1,2022
44117,Spain,Poland,-1,2022
44118,Hungary,France,-1,2022
44119,Germany,Portugal,1,2022
44120,Libya,Sudan,-1,2022
44121,Italy,Wales,1,2022
44122,Switzerland,Turkey,1,2022
44123,Venezuela,Ecuador,-1,2022
44124,Colombia,Peru,-1,2022
44125,Oman,Somalia,1,2022
44126,Denmark,Russia,1,2022
44127,Finland,Belgium,-1,2022
44128,Netherlands,North Macedonia,1,2022
44129,Ukraine,Austria,-1,2022
44130,Uruguay,Chile,-1,2022
44131,Argentina,Paraguay,1,2022
44132,Scotland,Croatia,-1,2022
44133,England,Czech Republic,1,2022
44134,Mauritania,Yemen,1,2022
44135,Spain,Slovakia,1,2022
44136,Sweden,Poland,1,2022
44137,Germany,Hungary,-1,2022
44138,Portugal,France,-1,2022
44139,Ecuador,Peru,-1,2022
44140,Brazil,Colombia,1,2022
44141,Lebanon,Djibouti,1,2022
44142,Bolivia,Uruguay,-1,2022
44143,Chile,Paraguay,-1,2022
44144,Palestine,Comoros,1,2022
44145,Bahrain,Kuwait,1,2022
44146,Italy,Austria,1,2022
44147,Wales,Denmark,-1,2022
44148,Netherlands,Czech Republic,-1,2022
44149,Belgium,Portugal,1,2022
44150,Brazil,Ecuador,-1,2022
44151,Venezuela,Peru,-1,2022
44152,El Salvador,Guatemala,-1,2022
44153,Croatia,Spain,-1,2022
44154,France,Switzerland,-1,2022
44155,Argentina,Bolivia,1,2022
44156,Uruguay,Paraguay,1,2022
44157,England,Germany,1,2022
44158,Sweden,Ukraine,-1,2022
44159,Mexico,Panama,1,2022
44160,Switzerland,Spain,-1,2022
44161,Belgium,Italy,-1,2022
44162,Peru,Paraguay,-1,2022
44163,Brazil,Chile,1,2022
44164,Haiti,Saint Vincent and the Grenadines,1,2022
44165,Trinidad and Tobago,Montserrat,1,2022
44166,Bermuda,Barbados,1,2022
44167,Czech Republic,Denmark,-1,2022
44168,Ukraine,England,-1,2022
44169,Mexico,Nigeria,1,2022
44170,Uruguay,Colombia,-1,2022
44171,Argentina,Ecuador,1,2022
44172,Guatemala,Guyana,1,2022
44173,Cuba,French Guiana,-1,2022
44174,Guadeloupe,Bahamas,1,2022
44175,Qatar,El Salvador,1,2022
44176,Brazil,Peru,1,2022
44177,Argentina,Colombia,-1,2022
44178,Italy,Spain,-1,2022
44179,Haiti,Bermuda,1,2022
44180,Guatemala,Guadeloupe,-1,2022
44181,Trinidad and Tobago,French Guiana,-1,2022
44182,Eswatini,Lesotho,1,2022
44183,South Africa,Botswana,1,2022
44184,England,Denmark,1,2022
44185,Mozambique,Zimbabwe,-1,2022
44186,Senegal,Namibia,-1,2022
44187,Zambia,Lesotho,-1,2022
44188,South Africa,Eswatini,1,2022
44189,Peru,Colombia,-1,2022
44190,Malawi,Zimbabwe,-1,2022
44191,Senegal,Mozambique,1,2022
44192,Brazil,Argentina,-1,2022
44193,Lesotho,Botswana,-1,2022
44194,Zambia,Eswatini,-1,2022
44195,Mexico,Trinidad and Tobago,-1,2022
44196,England,Italy,-1,2022
44197,Namibia,Zimbabwe,1,2022
44198,Mozambique,Malawi,1,2022
44199,El Salvador,Guatemala,1,2022
44200,Canada,Martinique,1,2022
44201,United States,Haiti,1,2022
44202,Jamaica,Suriname,1,2022
44203,Costa Rica,Guadeloupe,1,2022
44204,Botswana,Zambia,-1,2022
44205,South Africa,Lesotho,1,2022
44206,Senegal,Zimbabwe,1,2022
44207,Malawi,Namibia,-1,2022
44208,Qatar,Panama,-1,2022
44209,Honduras,Grenada,1,2022
44210,South Africa,Zambia,-1,2022
44211,Eswatini,Botswana,-1,2022
44212,Mozambique,Namibia,1,2022
44213,Senegal,Malawi,1,2022
44214,Trinidad and Tobago,El Salvador,-1,2022
44215,Guatemala,Mexico,-1,2022
44216,Haiti,Canada,-1,2022
44217,United States,Martinique,1,2022
44218,Senegal,Eswatini,-1,2022
44219,South Africa,Mozambique,1,2022
44220,Guadeloupe,Jamaica,-1,2022
44221,Suriname,Costa Rica,-1,2022
44222,Grenada,Qatar,-1,2022
44223,Panama,Honduras,-1,2022
44224,Eswatini,Mozambique,-1,2022
44225,South Africa,Senegal,-1,2022
44226,Guatemala,Trinidad and Tobago,-1,2022
44227,Mexico,El Salvador,1,2022
44228,Martinique,Haiti,-1,2022
44229,United States,Canada,1,2022
44230,Suriname,Guadeloupe,1,2022
44231,Costa Rica,Jamaica,1,2022
44232,Panama,Grenada,1,2022
44233,Honduras,Qatar,-1,2022
44234,Mexico,Honduras,1,2022
44235,Qatar,El Salvador,1,2022
44236,Costa Rica,Canada,-1,2022
44237,United States,Jamaica,1,2022
44238,Mexico,Canada,1,2022
44239,United States,Qatar,1,2022
44240,United States,Mexico,1,2022
44241,El Salvador,Costa Rica,-1,2022
44242,Niger,Sudan,1,2022
44243,Sudan,Niger,1,2022
44244,Ethiopia,Sierra Leone,-1,2022
44245,Ethiopia,Uganda,1,2022
44246,Bahrain,Haiti,1,2022
44247,Comoros,Seychelles,1,2022
44248,Finland,Wales,-1,2022
44249,Qatar,Serbia,-1,2022
44250,Switzerland,Greece,1,2022
44251,Central African Republic,Cape Verde,-1,2022
44252,Mali,Rwanda,1,2022
44253,Egypt,Angola,1,2022
44254,Libya,Gabon,1,2022
44255,Senegal,Togo,1,2022
44256,Guinea-Bissau,Guinea,-1,2022
44257,Portugal,Republic of Ireland,1,2022
44258,Luxembourg,Azerbaijan,1,2022
44259,Kazakhstan,Ukraine,-1,2022
44260,France,Bosnia and Herzegovina,-1,2022
44261,Faroe Islands,Israel,-1,2022
44262,Denmark,Scotland,1,2022
44263,Moldova,Austria,-1,2022
44264,Norway,Netherlands,-1,2022
44265,Latvia,Gibraltar,1,2022
44266,Turkey,Montenegro,-1,2022
44267,Malta,Cyprus,1,2022
44268,Slovenia,Slovakia,-1,2022
44269,Russia,Croatia,-1,2022
44270,Kyrgyzstan,Palestine,1,2022
44271,Nepal,India,-1,2022
44272,Niger,Burkina Faso,-1,2022
44273,Algeria,Djibouti,1,2022
44274,Kenya,Uganda,-1,2022
44275,Namibia,Congo,-1,2022
44276,Morocco,Sudan,1,2022
44277,DR Congo,Tanzania,-1,2022
44278,Madagascar,Benin,-1,2022
44279,South Korea,Iraq,-1,2022
44280,Iran,Syria,1,2022
44281,United Arab Emirates,Lebanon,-1,2022
44282,Japan,Oman,-1,2022
44283,Australia,China PR,1,2022
44284,Saudi Arabia,Vietnam,1,2022
44285,Georgia,Kosovo,-1,2022
44286,Sweden,Spain,1,2022
44287,Italy,Bulgaria,-1,2022
44288,Lithuania,Northern Ireland,-1,2022
44289,Czech Republic,Belarus,1,2022
44290,Estonia,Belgium,-1,2022
44291,Andorra,San Marino,1,2022
44292,Hungary,England,-1,2022
44293,Poland,Albania,1,2022
44294,Iceland,Romania,-1,2022
44295,Liechtenstein,Germany,-1,2022
44296,North Macedonia,Armenia,-1,2022
44297,Bolivia,Colombia,-1,2022
44298,Ecuador,Paraguay,1,2022
44299,Peru,Uruguay,-1,2022
44300,Venezuela,Argentina,-1,2022
44301,Chile,Brazil,-1,2022
44302,Canada,Honduras,-1,2022
44303,El Salvador,United States,-1,2022
44304,Panama,Costa Rica,-1,2022
44305,Mexico,Jamaica,1,2022
44306,Mauritania,Zambia,-1,2022
44307,Tunisia,Equatorial Guinea,1,2022
44308,Nigeria,Liberia,1,2022
44309,Mozambique,Ivory Coast,-1,2022
44310,Cameroon,Malawi,1,2022
44311,Zimbabwe,South Africa,-1,2022
44312,Ghana,Ethiopia,1,2022
44313,Bosnia and Herzegovina,Kuwait,1,2022
44314,Burundi,Seychelles,1,2022
44315,Haiti,Jordan,1,2022
44316,Qatar,Portugal,-1,2022
44317,Republic of Ireland,Azerbaijan,-1,2022
44318,Serbia,Luxembourg,1,2022
44319,Finland,Kazakhstan,1,2022
44320,Ukraine,France,-1,2022
44321,Faroe Islands,Denmark,-1,2022
44322,Scotland,Moldova,1,2022
44323,Israel,Austria,1,2022
44324,Latvia,Norway,-1,2022
44325,Gibraltar,Turkey,-1,2022
44326,Netherlands,Montenegro,1,2022
44327,Slovenia,Malta,1,2022
44328,Cyprus,Russia,-1,2022
44329,Slovakia,Croatia,-1,2022
44330,Bangladesh,Palestine,-1,2022
44331,Estonia,Northern Ireland,-1,2022
44332,Nepal,India,-1,2022
44333,Sweden,Uzbekistan,1,2022
44334,Rwanda,Kenya,-1,2022
44335,Gabon,Egypt,-1,2022
44336,Togo,Namibia,-1,2022
44337,Kosovo,Greece,-1,2022
44338,Spain,Georgia,1,2022
44339,Bulgaria,Lithuania,1,2022
44340,Switzerland,Italy,-1,2022
44341,Belarus,Wales,-1,2022
44342,Belgium,Czech Republic,1,2022
44343,England,Andorra,1,2022
44344,Albania,Hungary,1,2022
44345,San Marino,Poland,-1,2022
44346,Iceland,North Macedonia,-1,2022
44347,Germany,Armenia,1,2022
44348,Romania,Liechtenstein,1,2022
44349,Ecuador,Chile,-1,2022
44350,Paraguay,Colombia,-1,2022
44351,Uruguay,Bolivia,1,2022
44352,Peru,Venezuela,1,2022
44353,Costa Rica,Mexico,-1,2022
44354,El Salvador,Honduras,-1,2022
44355,Jamaica,Panama,-1,2022
44356,United States,Canada,-1,2022
44357,Djibouti,Niger,-1,2022
44358,Liberia,Central African Republic,1,2022
44359,Ivory Coast,Cameroon,1,2022
44360,Uganda,Mali,-1,2022
44361,South Africa,Ghana,1,2022
44362,Benin,DR Congo,-1,2022
44363,Kyrgyzstan,Bangladesh,1,2022
44364,Bahrain,Jordan,-1,2022
44365,Comoros,Burundi,1,2022
44366,Luxembourg,Qatar,-1,2022
44367,Burkina Faso,Algeria,-1,2022
44368,Zambia,Tunisia,-1,2022
44369,Equatorial Guinea,Mauritania,1,2022
44370,Cape Verde,Nigeria,-1,2022
44371,Malawi,Mozambique,1,2022
44372,Angola,Libya,-1,2022
44373,Ethiopia,Zimbabwe,1,2022
44374,Congo,Senegal,-1,2022
44375,Sudan,Guinea-Bissau,-1,2022
44376,Tanzania,Madagascar,1,2022
44377,Syria,United Arab Emirates,-1,2022
44378,South Korea,Lebanon,1,2022
44379,Iraq,Iran,-1,2022
44380,China PR,Japan,-1,2022
44381,Vietnam,Australia,-1,2022
44382,Oman,Saudi Arabia,-1,2022
44383,Republic of Ireland,Serbia,-1,2022
44384,Azerbaijan,Portugal,-1,2022
44385,Bosnia and Herzegovina,Kazakhstan,-1,2022
44386,France,Finland,1,2022
44387,Faroe Islands,Moldova,1,2022
44388,Austria,Scotland,-1,2022
44389,Denmark,Israel,1,2022
44390,Montenegro,Latvia,-1,2022
44391,Netherlands,Turkey,1,2022
44392,Norway,Gibraltar,1,2022
44393,Croatia,Slovenia,1,2022
44394,Slovakia,Cyprus,1,2022
44395,Russia,Malta,1,2022
44396,Bulgaria,Georgia,1,2022
44397,Czech Republic,Ukraine,-1,2022
44398,Guatemala,Nicaragua,-1,2022
44399,Kosovo,Spain,-1,2022
44400,Greece,Sweden,1,2022
44401,Northern Ireland,Switzerland,-1,2022
44402,Italy,Lithuania,1,2022
44403,Wales,Estonia,-1,2022
44404,Belarus,Belgium,-1,2022
44405,Albania,San Marino,1,2022
44406,Hungary,Andorra,1,2022
44407,Poland,England,-1,2022
44408,Iceland,Germany,-1,2022
44409,Armenia,Liechtenstein,-1,2022
44410,North Macedonia,Romania,-1,2022
44411,Costa Rica,Jamaica,-1,2022
44412,Panama,Mexico,-1,2022
44413,Canada,El Salvador,1,2022
44414,Honduras,United States,-1,2022
44415,Colombia,Chile,1,2022
44416,Paraguay,Venezuela,1,2022
44417,Uruguay,Ecuador,1,2022
44418,Argentina,Bolivia,1,2022
44419,Brazil,Peru,1,2022
44420,El Salvador,Guatemala,-1,2022
44421,Egypt,Liberia,1,2022
44422,Sri Lanka,Bangladesh,-1,2022
44423,Maldives,Nepal,-1,2022
44424,Bangladesh,India,-1,2022
44425,Sri Lanka,Nepal,-1,2022
44426,Sudan,Guinea,-1,2022
44427,Morocco,Guinea-Bissau,1,2022
44428,Bahrain,Curaçao,1,2022
44429,Jordan,Malaysia,1,2022
44430,Sierra Leone,South Sudan,-1,2022
44431,Italy,Spain,-1,2022
44432,Iraq,Lebanon,-1,2022
44433,South Korea,Syria,1,2022
44434,United Arab Emirates,Iran,-1,2022
44435,Saudi Arabia,Japan,1,2022
44436,China PR,Vietnam,1,2022
44437,Australia,Oman,1,2022
44438,Honduras,Costa Rica,-1,2022
44439,United States,Jamaica,1,2022
44440,El Salvador,Panama,1,2022
44441,Mexico,Canada,-1,2022
44442,Equatorial Guinea,Zambia,1,2022
44443,Tunisia,Mauritania,1,2022
44444,Liberia,Cape Verde,-1,2022
44445,Nigeria,Central African Republic,-1,2022
44446,Rwanda,Uganda,-1,2022
44447,Mali,Kenya,1,2022
44448,DR Congo,Madagascar,1,2022
44449,Tanzania,Benin,-1,2022
44450,Ecuador,Bolivia,1,2022
44451,Venezuela,Brazil,-1,2022
44452,Paraguay,Argentina,-1,2022
44453,Peru,Chile,1,2022
44454,Uruguay,Colombia,-1,2022
44455,Indonesia,Taiwan,1,2022
44456,India,Sri Lanka,-1,2022
44457,Maldives,Bangladesh,1,2022
44458,Belgium,France,-1,2022
44459,Czech Republic,Wales,-1,2022
44460,Estonia,Belarus,1,2022
44461,Gibraltar,Montenegro,-1,2022
44462,Latvia,Netherlands,-1,2022
44463,Turkey,Norway,-1,2022
44464,Malta,Slovenia,-1,2022
44465,Cyprus,Croatia,-1,2022
44466,Russia,Slovakia,1,2022
44467,Iceland,Armenia,-1,2022
44468,Germany,Romania,1,2022
44469,Liechtenstein,North Macedonia,-1,2022
44470,Algeria,Niger,1,2022
44471,Djibouti,Burkina Faso,-1,2022
44472,Malawi,Ivory Coast,-1,2022
44473,Cameroon,Mozambique,1,2022
44474,Angola,Gabon,1,2022
44475,Egypt,Libya,1,2022
44476,Azerbaijan,Republic of Ireland,-1,2022
44477,Luxembourg,Serbia,-1,2022
44478,Sweden,Kosovo,1,2022
44479,Georgia,Greece,-1,2022
44480,Lithuania,Bulgaria,1,2022
44481,Switzerland,Northern Ireland,1,2022
44482,Finland,Ukraine,-1,2022
44483,Kazakhstan,Bosnia and Herzegovina,-1,2022
44484,Scotland,Israel,1,2022
44485,Faroe Islands,Austria,-1,2022
44486,Moldova,Denmark,-1,2022
44487,Andorra,England,-1,2022
44488,Hungary,Albania,-1,2022
44489,Poland,San Marino,1,2022
44490,Ethiopia,South Africa,-1,2022
44491,Ghana,Zimbabwe,1,2022
44492,Togo,Congo,-1,2022
44493,Senegal,Namibia,1,2022
44494,Guinea,Sudan,-1,2022
44495,Curaçao,New Zealand,-1,2022
44496,Gambia,Sierra Leone,-1,2022
44497,Portugal,Qatar,1,2022
44498,Uzbekistan,Malaysia,1,2022
44499,Guam,Cambodia,-1,2022
44500,Morocco,Guinea-Bissau,1,2022
44501,Costa Rica,El Salvador,1,2022
44502,Jamaica,Canada,-1,2022
44503,Panama,United States,1,2022
44504,Mexico,Honduras,1,2022
44505,Zambia,Equatorial Guinea,-1,2022
44506,Mauritania,Tunisia,-1,2022
44507,Central African Republic,Nigeria,-1,2022
44508,Cape Verde,Liberia,1,2022
44509,Kenya,Mali,-1,2022
44510,Uganda,Rwanda,1,2022
44511,Benin,Tanzania,-1,2022
44512,Madagascar,DR Congo,1,2022
44513,Bolivia,Peru,1,2022
44514,Colombia,Brazil,-1,2022
44515,Venezuela,Ecuador,1,2022
44516,Argentina,Uruguay,1,2022
44517,Chile,Paraguay,1,2022
44518,Maldives,Sri Lanka,1,2022
44519,Nepal,India,-1,2022
44520,Italy,Belgium,1,2022
44521,Spain,France,-1,2022
44522,Belarus,Czech Republic,-1,2022
44523,Estonia,Wales,-1,2022
44524,Netherlands,Gibraltar,1,2022
44525,Norway,Montenegro,1,2022
44526,Latvia,Turkey,-1,2022
44527,Cyprus,Malta,-1,2022
44528,Croatia,Slovakia,-1,2022
44529,Slovenia,Russia,-1,2022
44530,Iceland,Liechtenstein,1,2022
44531,North Macedonia,Germany,-1,2022
44532,Romania,Armenia,1,2022
44533,Burkina Faso,Djibouti,1,2022
44534,Mozambique,Cameroon,-1,2022
44535,Ivory Coast,Malawi,1,2022
44536,Gabon,Angola,1,2022
44537,Libya,Egypt,-1,2022
44538,Taiwan,Indonesia,-1,2022
44539,Iran,South Korea,-1,2022
44540,Syria,Lebanon,-1,2022
44541,United Arab Emirates,Iraq,-1,2022
44542,Japan,Australia,1,2022
44543,Oman,Vietnam,1,2022
44544,Saudi Arabia,China PR,1,2022
44545,Portugal,Luxembourg,1,2022
44546,Serbia,Azerbaijan,1,2022
44547,Kosovo,Georgia,-1,2022
44548,Sweden,Greece,1,2022
44549,Bulgaria,Northern Ireland,1,2022
44550,Lithuania,Switzerland,-1,2022
44551,Kazakhstan,Finland,-1,2022
44552,Ukraine,Bosnia and Herzegovina,-1,2022
44553,Faroe Islands,Scotland,-1,2022
44554,Denmark,Austria,1,2022
44555,Israel,Moldova,1,2022
44556,England,Hungary,-1,2022
44557,Albania,Poland,-1,2022
44558,San Marino,Andorra,-1,2022
44559,Niger,Algeria,-1,2022
44560,Zimbabwe,Ghana,-1,2022
44561,South Africa,Ethiopia,1,2022
44562,Namibia,Senegal,-1,2022
44563,Congo,Togo,-1,2022
44564,Bahrain,New Zealand,-1,2022
44565,Jordan,Uzbekistan,1,2022
44566,Republic of Ireland,Qatar,1,2022
44567,South Sudan,Gambia,-1,2022
44568,Cambodia,Guam,1,2022
44569,Morocco,Guinea,1,2022
44570,Honduras,Jamaica,-1,2022
44571,United States,Costa Rica,1,2022
44572,Canada,Panama,1,2022
44573,El Salvador,Mexico,-1,2022
44574,Bangladesh,Nepal,-1,2022
44575,Maldives,India,-1,2022
44576,Bolivia,Paraguay,1,2022
44577,Colombia,Ecuador,-1,2022
44578,Argentina,Peru,1,2022
44579,Brazil,Uruguay,1,2022
44580,Chile,Venezuela,1,2022
44581,India,Nepal,1,2022
44582,Mexico,Ecuador,-1,2022
44583,El Salvador,Bolivia,-1,2022
44584,Sri Lanka,Maldives,-1,2022
44585,Kosovo,Jordan,-1,2022
44586,Nicaragua,Cuba,-1,2022
44587,Bangladesh,Seychelles,-1,2022
44588,Czech Republic,Kuwait,1,2022
44589,Kyrgyzstan,Singapore,1,2022
44590,Serbia,Qatar,1,2022
44591,Ukraine,Bulgaria,-1,2022
44592,Uganda,Kenya,-1,2022
44593,Rwanda,Mali,-1,2022
44594,Ethiopia,Ghana,-1,2022
44595,South Africa,Zimbabwe,1,2022
44596,Congo,Namibia,-1,2022
44597,Togo,Senegal,-1,2022
44598,Tanzania,DR Congo,-1,2022
44599,Benin,Madagascar,1,2022
44600,Lebanon,Iran,-1,2022
44601,Iraq,Syria,-1,2022
44602,South Korea,United Arab Emirates,1,2022
44603,China PR,Oman,-1,2022
44604,Vietnam,Japan,-1,2022
44605,Australia,Saudi Arabia,-1,2022
44606,Republic of Ireland,Portugal,-1,2022
44607,Azerbaijan,Luxembourg,-1,2022
44608,Georgia,Sweden,1,2022
44609,Greece,Spain,-1,2022
44610,Russia,Cyprus,1,2022
44611,Malta,Croatia,-1,2022
44612,Slovakia,Slovenia,-1,2022
44613,Germany,Liechtenstein,1,2022
44614,Armenia,North Macedonia,-1,2022
44615,Romania,Iceland,-1,2022
44616,Ecuador,Venezuela,1,2022
44617,Paraguay,Chile,-1,2022
44618,Peru,Bolivia,1,2022
44619,Brazil,Colombia,1,2022
44620,Burkina Faso,Niger,-1,2022
44621,Djibouti,Algeria,-1,2022
44622,Gabon,Libya,1,2022
44623,Angola,Egypt,-1,2022
44624,Guinea,Guinea-Bissau,-1,2022
44625,Morocco,Sudan,1,2022
44626,Canada,Costa Rica,1,2022
44627,Honduras,Panama,-1,2022
44628,El Salvador,Jamaica,-1,2022
44629,United States,Mexico,1,2022
44630,Northern Ireland,Lithuania,1,2022
44631,Italy,Switzerland,-1,2022
44632,Moldova,Scotland,-1,2022
44633,Denmark,Faroe Islands,1,2022
44634,Austria,Israel,1,2022
44635,England,Albania,1,2022
44636,Andorra,Poland,-1,2022
44637,Hungary,San Marino,1,2022
44638,Uruguay,Argentina,-1,2022
44639,Burundi,Myanmar,1,2022
44640,Nicaragua,Cuba,1,2022
44641,Sierra Leone,Comoros,-1,2022
44642,Bangladesh,Maldives,1,2022
44643,Sri Lanka,Seychelles,-1,2022
44644,Zambia,Mauritania,1,2022
44645,Equatorial Guinea,Tunisia,1,2022
44646,Cape Verde,Central African Republic,1,2022
44647,Liberia,Nigeria,-1,2022
44648,Malawi,Cameroon,-1,2022
44649,Ivory Coast,Mozambique,1,2022
44650,Bosnia and Herzegovina,Finland,-1,2022
44651,France,Kazakhstan,1,2022
44652,Wales,Belarus,1,2022
44653,Belgium,Estonia,1,2022
44654,Norway,Latvia,-1,2022
44655,Turkey,Gibraltar,1,2022
44656,Montenegro,Netherlands,-1,2022
44657,Azerbaijan,Qatar,-1,2022
44658,Nicaragua,Cuba,1,2022
44659,Mali,Uganda,1,2022
44660,Zimbabwe,Ethiopia,-1,2022
44661,Ghana,South Africa,1,2022
44662,Senegal,Congo,1,2022
44663,DR Congo,Benin,1,2022
44664,Madagascar,Tanzania,-1,2022
44665,Portugal,Serbia,-1,2022
44666,Luxembourg,Republic of Ireland,-1,2022
44667,Spain,Sweden,1,2022
44668,Greece,Kosovo,-1,2022
44669,Croatia,Russia,1,2022
44670,Malta,Slovakia,-1,2022
44671,Slovenia,Cyprus,1,2022
44672,Liechtenstein,Romania,-1,2022
44673,North Macedonia,Iceland,1,2022
44674,Armenia,Germany,-1,2022
44675,Georgia,Uzbekistan,1,2022
44676,Lithuania,Kuwait,-1,2022
44677,Niger,Djibouti,1,2022
44678,Kenya,Rwanda,1,2022
44679,Namibia,Togo,-1,2022
44680,Guinea-Bissau,Sudan,-1,2022
44681,Northern Ireland,Italy,-1,2022
44682,Switzerland,Bulgaria,1,2022
44683,Scotland,Denmark,1,2022
44684,Austria,Moldova,1,2022
44685,Israel,Faroe Islands,1,2022
44686,Albania,Andorra,1,2022
44687,Poland,Hungary,-1,2022
44688,San Marino,England,-1,2022
44689,Bahrain,Kyrgyzstan,1,2022
44690,Belarus,Jordan,1,2022
44691,Kazakhstan,Tajikistan,1,2022
44692,New Zealand,Gambia,1,2022
44693,Indonesia,Afghanistan,-1,2022
44694,Maldives,Seychelles,-1,2022
44695,Sri Lanka,Bangladesh,1,2022
44696,Algeria,Burkina Faso,-1,2022
44697,Mauritania,Equatorial Guinea,-1,2022
44698,Tunisia,Zambia,1,2022
44699,Liberia,Central African Republic,1,2022
44700,Nigeria,Cape Verde,-1,2022
44701,Mozambique,Malawi,1,2022
44702,Cameroon,Ivory Coast,1,2022
44703,Egypt,Gabon,1,2022
44704,Libya,Angola,-1,2022
44705,Morocco,Guinea,1,2022
44706,Lebanon,United Arab Emirates,-1,2022
44707,Iraq,South Korea,-1,2022
44708,Syria,Iran,-1,2022
44709,China PR,Australia,-1,2022
44710,Vietnam,Saudi Arabia,-1,2022
44711,Oman,Japan,-1,2022
44712,Jamaica,United States,-1,2022
44713,Canada,Mexico,1,2022
44714,Costa Rica,Honduras,1,2022
44715,Panama,El Salvador,1,2022
44716,Bosnia and Herzegovina,Ukraine,-1,2022
44717,Finland,France,-1,2022
44718,Wales,Belgium,-1,2022
44719,Czech Republic,Estonia,1,2022
44720,Gibraltar,Latvia,-1,2022
44721,Montenegro,Turkey,-1,2022
44722,Netherlands,Norway,1,2022
44723,Bolivia,Uruguay,1,2022
44724,Venezuela,Peru,-1,2022
44725,Colombia,Paraguay,-1,2022
44726,Argentina,Brazil,-1,2022
44727,Chile,Ecuador,-1,2022
44728,Sri Lanka,Seychelles,-1,2022
44729,Indonesia,Myanmar,1,2022
44730,Iraq,Oman,-1,2022
44731,Qatar,Bahrain,1,2022
44732,Tunisia,Mauritania,1,2022
44733,United Arab Emirates,Syria,1,2022
44734,Morocco,Palestine,1,2022
44735,Saudi Arabia,Jordan,-1,2022
44736,Algeria,Sudan,1,2022
44737,Egypt,Lebanon,1,2022
44738,Bahrain,Iraq,-1,2022
44739,Qatar,Oman,1,2022
44740,Mauritania,United Arab Emirates,-1,2022
44741,Syria,Tunisia,1,2022
44742,El Salvador,Ecuador,-1,2022
44743,Jordan,Morocco,-1,2022
44744,Palestine,Saudi Arabia,-1,2022
44745,Lebanon,Algeria,-1,2022
44746,Sudan,Egypt,-1,2022
44747,Timor-Leste,Thailand,-1,2022
44748,Singapore,Myanmar,1,2022
44749,Oman,Bahrain,1,2022
44750,Qatar,Iraq,1,2022
44751,Syria,Mauritania,-1,2022
44752,Tunisia,United Arab Emirates,1,2022
44753,Cambodia,Malaysia,-1,2022
44754,Laos,Vietnam,-1,2022
44755,Jordan,Palestine,1,2022
44756,Morocco,Saudi Arabia,1,2022
44757,Algeria,Egypt,-1,2022
44758,Lebanon,Sudan,1,2022
44759,Mexico,Chile,-1,2022
44760,Myanmar,Timor-Leste,1,2022
44761,Singapore,Philippines,1,2022
44762,Tanzania,Uganda,-1,2022
44763,Malaysia,Laos,1,2022
44764,Indonesia,Cambodia,1,2022
44765,Tunisia,Oman,1,2022
44766,Qatar,United Arab Emirates,1,2022
44767,Egypt,Jordan,1,2022
44768,Morocco,Algeria,-1,2022
44769,El Salvador,Chile,-1,2022
44770,Timor-Leste,Philippines,-1,2022
44771,Thailand,Myanmar,1,2022
44772,Laos,Indonesia,-1,2022
44773,Vietnam,Malaysia,1,2022
44774,Philippines,Thailand,-1,2022
44775,Singapore,Timor-Leste,1,2022
44776,Tunisia,Egypt,1,2022
44777,Qatar,Algeria,-1,2022
44778,Cambodia,Laos,1,2022
44779,Indonesia,Vietnam,-1,2022
44780,Qatar,Egypt,-1,2022
44781,Tunisia,Algeria,-1,2022
44782,United States,Bosnia and Herzegovina,1,2022
44783,Singapore,Thailand,-1,2022
44784,Myanmar,Philippines,-1,2022
44785,Vietnam,Cambodia,1,2022
44786,Malaysia,Indonesia,-1,2022
44787,Singapore,Indonesia,-1,2022
44788,Vietnam,Thailand,-1,2022
44789,Singapore,Indonesia,-1,2022
44790,Thailand,Vietnam,-1,2022
44791,Indonesia,Thailand,-1,2022
44792,Mauritania,Burkina Faso,-1,2022
44793,Sudan,Ethiopia,-1,2022
44794,Malawi,Comoros,1,2022
