,year,home_team,away_team,home_rate
0,1930,Argentina,Chile,1.0
1,1930,Argentina,France,1.0
2,1930,Argentina,Mexico,1.0
3,1930,Argentina,United States,1.0
4,1930,Brazil,Bolivia,1.0
5,1930,Chile,France,1.0
6,1930,Chile,Mexico,1.0
7,1930,France,Mexico,1.0
8,1930,Paraguay,Belgium,1.0
9,1930,Romania,Peru,1.0
10,1930,United States,Belgium,1.0
11,1930,United States,Paraguay,1.0
12,1930,Uruguay,Argentina,1.0
13,1930,Uruguay,Peru,1.0
14,1930,Uruguay,Romania,1.0
15,1930,Uruguay,Yugoslavia,1.0
16,1930,Yugoslavia,Bolivia,1.0
17,1930,Yugoslavia,Brazil,1.0
18,1934,Austria,France,1.0
19,1934,Austria,Hungary,1.0
20,1934,Czech Republic,Germany,1.0
21,1934,Czech Republic,Romania,1.0
22,1934,Czech Republic,Switzerland,1.0
23,1934,Germany,Austria,1.0
24,1934,Germany,Belgium,1.0
25,1934,Germany,Sweden,1.0
26,1934,Hungary,Egypt,1.0
27,1934,Italy,Austria,1.0
28,1934,Italy,Czech Republic,1.0
29,1934,Italy,Spain,0.5
30,1934,Italy,United States,1.0
31,1934,Spain,Brazil,1.0
32,1934,Sweden,Argentina,1.0
33,1934,Switzerland,Netherlands,1.0
34,1938,Brazil,Czech Republic,0.5
35,1938,Brazil,Poland,1.0
36,1938,Brazil,Sweden,1.0
37,1938,Cuba,Romania,0.5
38,1938,Czech Republic,Netherlands,1.0
39,1938,France,Belgium,1.0
40,1938,Hungary,Dutch East Indies,1.0
41,1938,Hungary,Sweden,1.0
42,1938,Hungary,Switzerland,1.0
43,1938,Italy,Brazil,1.0
44,1938,Italy,France,1.0
45,1938,Italy,Hungary,1.0
46,1938,Italy,Norway,1.0
47,1938,Sweden,Cuba,1.0
48,1938,Switzerland,Germany,0.5
49,1950,Brazil,Mexico,1.0
50,1950,Brazil,Spain,1.0
51,1950,Brazil,Sweden,1.0
52,1950,Brazil,Switzerland,0.0
53,1950,Brazil,Yugoslavia,1.0
54,1950,Chile,United States,1.0
55,1950,England,Chile,1.0
56,1950,Italy,Paraguay,1.0
57,1950,Spain,Chile,1.0
58,1950,Spain,England,1.0
59,1950,Spain,United States,1.0
60,1950,Sweden,Italy,1.0
61,1950,Sweden,Paraguay,0.0
62,1950,Sweden,Spain,1.0
63,1950,Switzerland,Mexico,1.0
64,1950,United States,England,1.0
65,1950,Uruguay,Bolivia,1.0
66,1950,Uruguay,Brazil,1.0
67,1950,Uruguay,Spain,0.0
68,1950,Uruguay,Sweden,1.0
69,1950,Yugoslavia,Mexico,1.0
70,1950,Yugoslavia,Switzerland,1.0
71,1954,Austria,Czech Republic,1.0
72,1954,Austria,Scotland,1.0
73,1954,Austria,Uruguay,1.0
74,1954,Brazil,Mexico,1.0
75,1954,Brazil,Yugoslavia,0.0
76,1954,England,Belgium,0.0
77,1954,France,Mexico,1.0
78,1954,Germany,Austria,1.0
79,1954,Germany,Hungary,1.0
80,1954,Germany,Turkey,1.0
81,1954,Germany,Yugoslavia,1.0
82,1954,Hungary,Brazil,1.0
83,1954,Hungary,Germany,1.0
84,1954,Hungary,South Korea,1.0
85,1954,Hungary,Uruguay,1.0
86,1954,Italy,Belgium,1.0
87,1954,Switzerland,Austria,0.0
88,1954,Switzerland,England,0.0
89,1954,Switzerland,Italy,1.0
90,1954,Turkey,South Korea,1.0
91,1954,Uruguay,Czech Republic,1.0
92,1954,Uruguay,England,1.0
93,1954,Uruguay,Scotland,1.0
94,1954,Yugoslavia,France,1.0
95,1958,Argentina,Northern Ireland,1.0
96,1958,Argentina,West Germany,0.0
97,1958,Brazil,Austria,1.0
98,1958,Brazil,England,0.0
99,1958,Brazil,France,1.0
100,1958,Brazil,Russia,1.0
101,1958,Brazil,Sweden,1.0
102,1958,Brazil,Wales,1.0
103,1958,Czech Republic,Argentina,1.0
104,1958,England,Austria,0.0
105,1958,France,Northern Ireland,1.0
106,1958,France,Paraguay,1.0
107,1958,France,Scotland,1.0
108,1958,France,West Germany,1.0
109,1958,Hungary,Mexico,1.0
110,1958,Hungary,Wales,0.0
111,1958,Mexico,Wales,0.0
112,1958,Northern Ireland,Czech Republic,1.0
113,1958,Paraguay,Scotland,1.0
114,1958,Paraguay,Yugoslavia,0.0
115,1958,Russia,Austria,1.0
116,1958,Russia,England,0.5
117,1958,Sweden,Hungary,1.0
118,1958,Sweden,Mexico,1.0
119,1958,Sweden,Russia,1.0
120,1958,Sweden,Wales,0.0
121,1958,Sweden,West Germany,1.0
122,1958,Wales,Hungary,1.0
123,1958,West Germany,Czech Republic,0.0
124,1958,West Germany,Northern Ireland,0.0
125,1958,West Germany,Yugoslavia,1.0
126,1958,Yugoslavia,France,1.0
127,1958,Yugoslavia,Scotland,0.0
128,1962,Argentina,Bulgaria,1.0
129,1962,Brazil,Chile,1.0
130,1962,Brazil,Czech Republic,0.5
131,1962,Brazil,England,1.0
132,1962,Brazil,Mexico,1.0
133,1962,Brazil,Spain,1.0
134,1962,Chile,Italy,1.0
135,1962,Chile,Russia,1.0
136,1962,Chile,Switzerland,1.0
137,1962,Chile,Yugoslavia,1.0
138,1962,Czech Republic,Hungary,1.0
139,1962,Czech Republic,Spain,1.0
140,1962,Czech Republic,Yugoslavia,1.0
141,1962,England,Argentina,1.0
142,1962,England,Bulgaria,0.0
143,1962,Hungary,Argentina,0.0
144,1962,Hungary,Bulgaria,1.0
145,1962,Hungary,England,1.0
146,1962,Italy,Switzerland,1.0
147,1962,Mexico,Czech Republic,1.0
148,1962,Russia,Colombia,0.0
149,1962,Russia,Uruguay,1.0
150,1962,Russia,Yugoslavia,1.0
151,1962,Spain,Mexico,1.0
152,1962,Uruguay,Colombia,1.0
153,1962,West Germany,Chile,1.0
154,1962,West Germany,Italy,0.0
155,1962,West Germany,Switzerland,1.0
156,1962,Yugoslavia,Colombia,1.0
157,1962,Yugoslavia,Uruguay,1.0
158,1962,Yugoslavia,West Germany,1.0
159,1966,Argentina,Spain,1.0
160,1966,Argentina,Switzerland,1.0
161,1966,Brazil,Bulgaria,1.0
162,1966,England,Argentina,1.0
163,1966,England,France,1.0
164,1966,England,Mexico,1.0
165,1966,England,Portugal,1.0
166,1966,England,Uruguay,0.0
167,1966,England,West Germany,1.0
168,1966,France,Mexico,0.0
169,1966,Hungary,Brazil,1.0
170,1966,Hungary,Bulgaria,1.0
171,1966,Italy,Chile,1.0
172,1966,North Korea,Chile,0.0
173,1966,North Korea,Italy,1.0
174,1966,Portugal,Brazil,1.0
175,1966,Portugal,Bulgaria,1.0
176,1966,Portugal,Hungary,1.0
177,1966,Portugal,North Korea,1.0
178,1966,Portugal,Russia,1.0
179,1966,Russia,Chile,1.0
180,1966,Russia,Hungary,1.0
181,1966,Russia,Italy,1.0
182,1966,Russia,North Korea,1.0
183,1966,Spain,Switzerland,1.0
184,1966,Uruguay,France,1.0
185,1966,Uruguay,Mexico,0.0
186,1966,West Germany,Argentina,0.0
187,1966,West Germany,Russia,1.0
188,1966,West Germany,Spain,1.0
189,1966,West Germany,Switzerland,1.0
190,1966,West Germany,Uruguay,1.0
191,1970,Belgium,El Salvador,1.0
192,1970,Brazil,Czech Republic,1.0
193,1970,Brazil,England,1.0
194,1970,Brazil,Italy,1.0
195,1970,Brazil,Peru,1.0
196,1970,Brazil,Romania,1.0
197,1970,Brazil,Uruguay,1.0
198,1970,Bulgaria,Morocco,0.0
199,1970,England,Czech Republic,1.0
200,1970,England,Romania,1.0
201,1970,Italy,Israel,0.0
202,1970,Italy,Mexico,1.0
203,1970,Italy,Sweden,1.0
204,1970,Italy,West Germany,1.0
205,1970,Mexico,Belgium,1.0
206,1970,Mexico,El Salvador,1.0
207,1970,Mexico,Russia,0.0
208,1970,Peru,Bulgaria,1.0
209,1970,Peru,Morocco,1.0
210,1970,Romania,Czech Republic,1.0
211,1970,Russia,Belgium,1.0
212,1970,Russia,El Salvador,1.0
213,1970,Sweden,Israel,0.0
214,1970,Sweden,Uruguay,1.0
215,1970,Uruguay,Israel,1.0
216,1970,Uruguay,Italy,0.0
217,1970,Uruguay,Russia,1.0
218,1970,West Germany,Bulgaria,1.0
219,1970,West Germany,England,1.0
220,1970,West Germany,Morocco,1.0
221,1970,West Germany,Peru,1.0
222,1970,West Germany,Uruguay,1.0
223,1974,Argentina,Brazil,0.0
224,1974,Argentina,Germany DR,0.0
225,1974,Argentina,Haiti,1.0
226,1974,Argentina,Italy,0.0
227,1974,Australia,Chile,0.0
228,1974,Australia,West Germany,0.0
229,1974,Brazil,Germany DR,1.0
230,1974,Brazil,Poland,0.0
231,1974,Brazil,Yugoslavia,0.0
232,1974,Bulgaria,Netherlands,0.0
233,1974,Bulgaria,Uruguay,0.0
234,1974,Chile,Germany DR,0.0
235,1974,Germany DR,Australia,1.0
236,1974,Germany DR,Netherlands,0.0
237,1974,Germany DR,West Germany,1.0
238,1974,Haiti,Poland,0.0
239,1974,Italy,Haiti,1.0
240,1974,Netherlands,Argentina,1.0
241,1974,Netherlands,Brazil,1.0
242,1974,Netherlands,Sweden,0.0
243,1974,Netherlands,West Germany,0.0
244,1974,Poland,Argentina,1.0
245,1974,Poland,Italy,1.0
246,1974,Poland,West Germany,0.0
247,1974,Poland,Yugoslavia,1.0
248,1974,Scotland,Brazil,0.0
249,1974,Scotland,Yugoslavia,0.0
250,1974,Sweden,Bulgaria,0.0
251,1974,Sweden,Poland,0.0
252,1974,Sweden,Uruguay,1.0
253,1974,Sweden,Yugoslavia,1.0
254,1974,Uruguay,Netherlands,0.0
255,1974,West Germany,Chile,1.0
256,1974,West Germany,Sweden,1.0
257,1974,Yugoslavia,West Germany,0.0
258,1974,Yugoslavia,Zaire,1.0
259,1974,Zaire,Brazil,0.0
260,1974,Zaire,Scotland,0.0
261,1978,Argentina,Brazil,0.0
262,1978,Argentina,France,1.0
263,1978,Argentina,Hungary,1.0
264,1978,Argentina,Netherlands,1.0
265,1978,Argentina,Peru,1.0
266,1978,Argentina,Poland,1.0
267,1978,Austria,Spain,1.0
268,1978,Austria,Sweden,1.0
269,1978,Austria,West Germany,1.0
270,1978,Brazil,Austria,1.0
271,1978,Brazil,Italy,1.0
272,1978,Brazil,Peru,1.0
273,1978,Brazil,Poland,1.0
274,1978,Brazil,Spain,0.0
275,1978,France,Hungary,1.0
276,1978,Italy,Argentina,1.0
277,1978,Italy,Austria,1.0
278,1978,Italy,France,1.0
279,1978,Italy,Hungary,1.0
280,1978,Netherlands,Austria,1.0
281,1978,Netherlands,Iran,1.0
282,1978,Netherlands,Italy,1.0
283,1978,Netherlands,Peru,0.0
284,1978,Peru,Iran,1.0
285,1978,Peru,Scotland,1.0
286,1978,Poland,Mexico,1.0
287,1978,Poland,Peru,1.0
288,1978,Poland,Tunisia,1.0
289,1978,Scotland,Iran,0.0
290,1978,Scotland,Netherlands,1.0
291,1978,Spain,Sweden,1.0
292,1978,Sweden,Brazil,0.0
293,1978,Tunisia,Mexico,1.0
294,1978,West Germany,Italy,0.0
295,1978,West Germany,Mexico,1.0
296,1978,West Germany,Netherlands,0.0
297,1978,West Germany,Poland,0.0
298,1978,West Germany,Tunisia,0.0
299,1982,Algeria,Austria,0.0
300,1982,Algeria,Chile,1.0
301,1982,Argentina,Belgium,0.0
302,1982,Argentina,Brazil,0.0
303,1982,Argentina,El Salvador,1.0
304,1982,Argentina,Hungary,1.0
305,1982,Austria,France,0.0
306,1982,Austria,Northern Ireland,0.0
307,1982,Belgium,El Salvador,1.0
308,1982,Belgium,Hungary,0.0
309,1982,Belgium,Russia,0.0
310,1982,Brazil,New Zealand,1.0
311,1982,Brazil,Russia,1.0
312,1982,Brazil,Scotland,1.0
313,1982,Chile,Austria,0.0
314,1982,Czech Republic,Kuwait,0.0
315,1982,England,Czech Republic,1.0
316,1982,England,France,1.0
317,1982,England,Kuwait,1.0
318,1982,France,Czech Republic,0.0
319,1982,France,Kuwait,1.0
320,1982,France,Northern Ireland,1.0
321,1982,Honduras,Northern Ireland,0.0
322,1982,Honduras,Yugoslavia,0.0
323,1982,Hungary,El Salvador,1.0
324,1982,Italy,Argentina,1.0
325,1982,Italy,Brazil,1.0
326,1982,Italy,Cameroon,0.0
327,1982,Italy,Peru,0.0
328,1982,Italy,Poland,0.0
329,1982,Italy,West Germany,1.0
330,1982,Northern Ireland,Spain,1.0
331,1982,Peru,Cameroon,0.0
332,1982,Poland,Belgium,1.0
333,1982,Poland,Cameroon,0.0
334,1982,Poland,France,1.0
335,1982,Poland,Italy,0.0
336,1982,Poland,Peru,1.0
337,1982,Poland,Russia,0.0
338,1982,Russia,New Zealand,1.0
339,1982,Russia,Scotland,0.0
340,1982,Scotland,New Zealand,1.0
341,1982,Spain,England,0.0
342,1982,Spain,Honduras,0.0
343,1982,Spain,Yugoslavia,1.0
344,1982,West Germany,Algeria,0.0
345,1982,West Germany,Austria,1.0
346,1982,West Germany,Chile,1.0
347,1982,West Germany,England,0.0
348,1982,West Germany,France,0.0
349,1982,West Germany,Spain,1.0
350,1982,Yugoslavia,Northern Ireland,0.0
351,1986,Algeria,Northern Ireland,0.0
352,1986,Algeria,Spain,0.0
353,1986,Argentina,Belgium,1.0
354,1986,Argentina,Bulgaria,1.0
355,1986,Argentina,England,1.0
356,1986,Argentina,South Korea,1.0
357,1986,Argentina,Uruguay,1.0
358,1986,Argentina,West Germany,1.0
359,1986,Belgium,Mexico,0.0
360,1986,Brazil,Algeria,1.0
361,1986,Brazil,France,0.0
362,1986,Brazil,Poland,1.0
363,1986,Bulgaria,Italy,0.0
364,1986,Canada,France,0.0
365,1986,Denmark,Spain,0.0
366,1986,Denmark,Uruguay,1.0
367,1986,Denmark,West Germany,1.0
368,1986,England,Morocco,0.0
369,1986,England,Paraguay,1.0
370,1986,England,Poland,1.0
371,1986,France,Belgium,1.0
372,1986,France,Russia,0.0
373,1986,France,West Germany,0.0
374,1986,Hungary,Canada,1.0
375,1986,Hungary,France,0.0
376,1986,Iraq,Belgium,0.0
377,1986,Iraq,Mexico,0.0
378,1986,Italy,Argentina,0.0
379,1986,Italy,France,0.0
380,1986,Mexico,Bulgaria,1.0
381,1986,Mexico,Paraguay,0.0
382,1986,Morocco,Poland,0.0
383,1986,Morocco,West Germany,0.0
384,1986,Northern Ireland,Brazil,0.0
385,1986,Northern Ireland,Spain,0.0
386,1986,Paraguay,Belgium,0.0
387,1986,Paraguay,Iraq,1.0
388,1986,Poland,Portugal,1.0
389,1986,Portugal,England,1.0
390,1986,Portugal,Morocco,0.0
391,1986,Russia,Belgium,0.0
392,1986,Russia,Canada,1.0
393,1986,Russia,Hungary,1.0
394,1986,Scotland,Denmark,0.0
395,1986,Scotland,Uruguay,0.0
396,1986,South Korea,Bulgaria,0.0
397,1986,South Korea,Italy,0.0
398,1986,Spain,Belgium,0.0
399,1986,Spain,Brazil,0.0
400,1986,Uruguay,West Germany,0.0
401,1986,West Germany,Mexico,0.0
402,1986,West Germany,Scotland,1.0
403,1990,Argentina,Cameroon,0.0
404,1990,Argentina,Romania,0.0
405,1990,Argentina,Russia,1.0
406,1990,Austria,Czech Republic,0.0
407,1990,Austria,United States,1.0
408,1990,Belgium,South Korea,1.0
409,1990,Belgium,Spain,0.0
410,1990,Belgium,Uruguay,1.0
411,1990,Brazil,Argentina,0.0
412,1990,Brazil,Costa Rica,1.0
413,1990,Brazil,Scotland,1.0
414,1990,Brazil,Sweden,1.0
415,1990,Cameroon,Colombia,1.0
416,1990,Cameroon,Romania,1.0
417,1990,Cameroon,Russia,0.0
418,1990,Costa Rica,Scotland,1.0
419,1990,Czech Republic,Costa Rica,1.0
420,1990,England,Belgium,1.0
421,1990,England,Cameroon,1.0
422,1990,England,Egypt,1.0
423,1990,England,Netherlands,0.0
424,1990,England,Republic of Ireland,0.0
425,1990,Italy,Argentina,0.0
426,1990,Italy,Austria,1.0
427,1990,Italy,Czech Republic,1.0
428,1990,Italy,England,1.0
429,1990,Italy,Republic of Ireland,1.0
430,1990,Italy,United States,1.0
431,1990,Italy,Uruguay,1.0
432,1990,Netherlands,Egypt,0.0
433,1990,Republic of Ireland,Egypt,0.0
434,1990,Republic of Ireland,Netherlands,0.0
435,1990,Republic of Ireland,Romania,0.0
436,1990,Russia,Romania,0.0
437,1990,South Korea,Spain,0.0
438,1990,South Korea,Uruguay,0.0
439,1990,Spain,Yugoslavia,0.0
440,1990,Sweden,Costa Rica,0.0
441,1990,Sweden,Scotland,0.0
442,1990,United Arab Emirates,Colombia,0.0
443,1990,United States,Czech Republic,0.0
444,1990,Uruguay,Spain,0.0
445,1990,West Germany,Argentina,1.0
446,1990,West Germany,Colombia,0.0
447,1990,West Germany,Czech Republic,1.0
448,1990,West Germany,England,0.0
449,1990,West Germany,Netherlands,1.0
450,1990,West Germany,United Arab Emirates,1.0
451,1990,West Germany,Yugoslavia,1.0
452,1990,Yugoslavia,Argentina,0.0
453,1990,Yugoslavia,Colombia,1.0
454,1990,Yugoslavia,United Arab Emirates,1.0
455,1994,Argentina,Bulgaria,0.0
456,1994,Argentina,Greece,1.0
457,1994,Argentina,Nigeria,1.0
458,1994,Belgium,Morocco,1.0
459,1994,Belgium,Netherlands,1.0
460,1994,Belgium,Saudi Arabia,0.0
461,1994,Bolivia,Spain,0.0
462,1994,Brazil,Cameroon,1.0
463,1994,Brazil,Italy,0.0
464,1994,Brazil,Russia,1.0
465,1994,Brazil,Sweden,0.0
466,1994,Brazil,United States,1.0
467,1994,Bulgaria,Germany,1.0
468,1994,Bulgaria,Greece,1.0
469,1994,Bulgaria,Italy,0.0
470,1994,Cameroon,Sweden,0.0
471,1994,Colombia,Romania,0.0
472,1994,Germany,Belgium,1.0
473,1994,Germany,Bolivia,1.0
474,1994,Germany,South Korea,1.0
475,1994,Germany,Spain,0.0
476,1994,Greece,Nigeria,0.0
477,1994,Italy,Mexico,0.0
478,1994,Italy,Norway,1.0
479,1994,Italy,Republic of Ireland,0.0
480,1994,Italy,Spain,1.0
481,1994,Mexico,Bulgaria,0.0
482,1994,Mexico,Republic of Ireland,1.0
483,1994,Morocco,Netherlands,0.0
484,1994,Netherlands,Brazil,0.0
485,1994,Netherlands,Republic of Ireland,1.0
486,1994,Netherlands,Saudi Arabia,1.0
487,1994,Nigeria,Bulgaria,1.0
488,1994,Nigeria,Italy,0.0
489,1994,Norway,Mexico,1.0
490,1994,Republic of Ireland,Norway,0.0
491,1994,Romania,Argentina,1.0
492,1994,Romania,Sweden,0.0
493,1994,Romania,Switzerland,0.0
494,1994,Russia,Cameroon,1.0
495,1994,Saudi Arabia,Morocco,1.0
496,1994,Saudi Arabia,Sweden,0.0
497,1994,South Korea,Bolivia,0.0
498,1994,Spain,South Korea,0.0
499,1994,Spain,Switzerland,1.0
500,1994,Sweden,Brazil,0.0
501,1994,Sweden,Bulgaria,1.0
502,1994,Sweden,Russia,1.0
503,1994,Switzerland,Colombia,0.0
504,1994,United States,Colombia,1.0
505,1994,United States,Romania,0.0
506,1994,United States,Switzerland,0.0
507,1998,Argentina,Croatia,1.0
508,1998,Argentina,England,0.0
509,1998,Argentina,Jamaica,1.0
510,1998,Argentina,Japan,1.0
511,1998,Belgium,Mexico,0.0
512,1998,Belgium,South Korea,0.0
513,1998,Brazil,Chile,1.0
514,1998,Brazil,Denmark,1.0
515,1998,Brazil,France,0.0
516,1998,Brazil,Morocco,1.0
517,1998,Brazil,Netherlands,0.0
518,1998,Brazil,Norway,0.0
519,1998,Brazil,Scotland,1.0
520,1998,Cameroon,Austria,0.0
521,1998,Chile,Austria,0.0
522,1998,Chile,Cameroon,0.0
523,1998,Colombia,England,0.0
524,1998,Colombia,Tunisia,1.0
525,1998,England,Tunisia,1.0
526,1998,FR Yugoslavia,Iran,1.0
527,1998,France,Croatia,1.0
528,1998,France,Denmark,1.0
529,1998,France,Paraguay,1.0
530,1998,France,Saudi Arabia,1.0
531,1998,France,South Africa,1.0
532,1998,Germany,Croatia,0.0
533,1998,Germany,FR Yugoslavia,0.0
534,1998,Germany,Iran,1.0
535,1998,Germany,Mexico,1.0
536,1998,Germany,United States,1.0
537,1998,Italy,Austria,1.0
538,1998,Italy,Cameroon,1.0
539,1998,Italy,Chile,0.0
540,1998,Italy,France,0.0
541,1998,Italy,Norway,1.0
542,1998,Jamaica,Croatia,0.0
543,1998,Japan,Croatia,0.0
544,1998,Japan,Jamaica,0.0
545,1998,Morocco,Norway,0.0
546,1998,Netherlands,Argentina,1.0
547,1998,Netherlands,Belgium,0.0
548,1998,Netherlands,Croatia,0.0
549,1998,Netherlands,FR Yugoslavia,1.0
550,1998,Netherlands,Mexico,0.0
551,1998,Netherlands,South Korea,1.0
552,1998,Nigeria,Bulgaria,1.0
553,1998,Nigeria,Denmark,0.0
554,1998,Nigeria,Paraguay,0.0
555,1998,Paraguay,Bulgaria,0.0
556,1998,Romania,Colombia,1.0
557,1998,Romania,Croatia,0.0
558,1998,Romania,England,1.0
559,1998,Romania,Tunisia,0.0
560,1998,Saudi Arabia,Denmark,0.0
561,1998,Scotland,Morocco,0.0
562,1998,Scotland,Norway,0.0
563,1998,South Africa,Denmark,0.0
564,1998,South Africa,Saudi Arabia,0.0
565,1998,South Korea,Mexico,0.0
566,1998,Spain,Bulgaria,1.0
567,1998,Spain,Nigeria,0.0
568,1998,Spain,Paraguay,0.0
569,1998,United States,FR Yugoslavia,0.0
570,1998,United States,Iran,0.0
571,2002,Albania,Bosnia and Herzegovina,1.0
572,2002,Albania,Bulgaria,0.0
573,2002,Albania,Cyprus,0.0
574,2002,Albania,Czechoslovakia,0.0
575,2002,Albania,France,0.0
576,2002,Albania,Georgia,0.5
577,2002,Albania,Germany,0.0
578,2002,Albania,Greece,0.5
579,2002,Albania,Iceland,1.0
580,2002,Albania,Latvia,0.0
581,2002,Albania,Malta,1.0
582,2002,Albania,Moldova,1.0
583,2002,Albania,North Macedonia,1.0
584,2002,Albania,Norway,0.0
585,2002,Albania,Slovenia,0.0
586,2002,Albania,Wales,0.0
587,2002,Algeria,Angola,1.0
588,2002,Algeria,Benin,1.0
589,2002,Algeria,Bulgaria,0.0
590,2002,Algeria,Burkina Faso,0.6666666666666666
591,2002,Algeria,Burundi,1.0
592,2002,Algeria,Cameroon,0.6666666666666666
593,2002,Algeria,Congo,0.0
594,2002,Algeria,Egypt,1.0
595,2002,Algeria,Ethiopia,1.0
596,2002,Algeria,Gabon,1.0
597,2002,Algeria,Ghana,0.0
598,2002,Algeria,Guinea,0.5
599,2002,Algeria,Guinea-Bissau,1.0
600,2002,Algeria,Iran,1.0
601,2002,Algeria,Ivory Coast,0.4
602,2002,Algeria,Kenya,0.0
603,2002,Algeria,Liberia,1.0
604,2002,Algeria,Libya,1.0
605,2002,Algeria,Mali,1.0
606,2002,Algeria,Mauritania,1.0
607,2002,Algeria,Morocco,0.0
608,2002,Algeria,Nigeria,1.0
609,2002,Algeria,Romania,0.3333333333333333
610,2002,Algeria,Senegal,1.0
611,2002,Algeria,Sierra Leone,0.5
612,2002,Algeria,Slovakia,0.0
613,2002,Algeria,Sudan,0.0
614,2002,Algeria,Sweden,0.0
615,2002,Algeria,Tanzania,1.0
616,2002,Algeria,Togo,0.0
617,2002,Algeria,Tunisia,1.0
618,2002,Algeria,Uganda,0.5
619,2002,Algeria,United Arab Emirates,0.0
620,2002,Algeria,Zambia,0.0
621,2002,American Samoa,Tonga,0.0
622,2002,Andalusia,Estonia,1.0
623,2002,Andalusia,Iraq,1.0
624,2002,Andalusia,Morocco,1.0
625,2002,Andalusia,Tunisia,0.0
626,2002,Andalusia,Uruguay,0.0
627,2002,Andalusia,Yugoslavia,0.0
628,2002,Andorra,Armenia,0.0
629,2002,Andorra,Azerbaijan,0.0
630,2002,Andorra,Belarus,1.0
631,2002,Andorra,Brazil,0.0
632,2002,Andorra,Estonia,0.0
633,2002,Andorra,France,0.0
634,2002,Andorra,Iceland,0.0
635,2002,Andorra,Russia,0.0
636,2002,Andorra,Ukraine,0.0
637,2002,Angola,Algeria,0.0
638,2002,Angola,Benin,1.0
639,2002,Angola,Botswana,1.0
640,2002,Angola,Burkina Faso,1.0
641,2002,Angola,Burundi,1.0
642,2002,Angola,Cameroon,0.0
643,2002,Angola,Congo,1.0
644,2002,Angola,Equatorial Guinea,1.0
645,2002,Angola,Eswatini,0.0
646,2002,Angola,Gabon,1.0
647,2002,Angola,Ghana,1.0
648,2002,Angola,Guinea,1.0
649,2002,Angola,Lesotho,1.0
650,2002,Angola,Madagascar,0.0
651,2002,Angola,Mali,1.0
652,2002,Angola,Mauritius,0.5
653,2002,Angola,Mozambique,1.0
654,2002,Angola,Namibia,0.6666666666666666
655,2002,Angola,South Africa,0.0
656,2002,Angola,Zambia,0.0
657,2002,Angola,Zimbabwe,0.5
658,2002,Antigua and Barbuda,British Virgin Islands,0.0
659,2002,Antigua and Barbuda,Dominica,0.5
660,2002,Antigua and Barbuda,Jamaica,0.0
661,2002,Antigua and Barbuda,Saint Kitts and Nevis,1.0
662,2002,Antigua and Barbuda,Saint Lucia,0.25
663,2002,Argentina,Australia,1.0
664,2002,Argentina,Bolivia,1.0
665,2002,Argentina,Bosnia and Herzegovina,1.0
666,2002,Argentina,Brazil,0.4
667,2002,Argentina,Bulgaria,1.0
668,2002,Argentina,Chile,1.0
669,2002,Argentina,Colombia,0.4
670,2002,Argentina,Denmark,0.0
671,2002,Argentina,Ecuador,0.5
672,2002,Argentina,England,0.0
673,2002,Argentina,Germany,1.0
674,2002,Argentina,Hungary,1.0
675,2002,Argentina,Lithuania,0.0
676,2002,Argentina,Mexico,0.3333333333333333
677,2002,Argentina,Morocco,1.0
678,2002,Argentina,Nigeria,1.0
679,2002,Argentina,Paraguay,0.6666666666666666
680,2002,Argentina,Peru,1.0
681,2002,Argentina,Poland,1.0
682,2002,Argentina,Russia,0.0
683,2002,Argentina,Serbia,0.6666666666666666
684,2002,Argentina,South Africa,1.0
685,2002,Argentina,United States,0.0
686,2002,Argentina,Venezuela,1.0
687,2002,Armenia,Andorra,1.0
688,2002,Armenia,Belgium,0.0
689,2002,Armenia,Cyprus,0.0
690,2002,Armenia,Denmark,0.0
691,2002,Armenia,Estonia,1.0
692,2002,Armenia,France,0.0
693,2002,Armenia,Georgia,0.0
694,2002,Armenia,Iceland,0.0
695,2002,Armenia,Lebanon,1.0
696,2002,Armenia,Malta,1.0
697,2002,Armenia,Moldova,0.0
698,2002,Armenia,Morocco,0.0
699,2002,Armenia,North Macedonia,0.0
700,2002,Armenia,Russia,0.0
701,2002,Armenia,Spain,0.0
702,2002,Armenia,Ukraine,0.0
703,2002,Armenia,Uzbekistan,1.0
704,2002,Aruba,Curaçao,0.0
705,2002,Australia,Bulgaria,0.0
706,2002,Australia,Chile,0.0
707,2002,Australia,Colombia,0.0
708,2002,Australia,Cook Islands,1.0
709,2002,Australia,Croatia,0.6666666666666666
710,2002,Australia,Czechoslovakia,0.0
711,2002,Australia,England,0.0
712,2002,Australia,Fiji,1.0
713,2002,Australia,France,0.0
714,2002,Australia,Ghana,0.6666666666666666
715,2002,Australia,Japan,0.5
716,2002,Australia,Kuwait,0.3333333333333333
717,2002,Australia,Malaysia,0.0
718,2002,Australia,New Zealand,0.6666666666666666
719,2002,Australia,Norway,1.0
720,2002,Australia,Paraguay,0.3333333333333333
721,2002,Australia,Slovakia,0.0
722,2002,Australia,South Africa,1.0
723,2002,Australia,South Korea,1.0
724,2002,Australia,Sweden,0.4
725,2002,Australia,Tahiti,1.0
726,2002,Australia,Vanuatu,1.0
727,2002,Austria,Argentina,0.0
728,2002,Austria,Croatia,0.0
729,2002,Austria,Cyprus,1.0
730,2002,Austria,Czech Republic,1.0
731,2002,Austria,Denmark,0.0
732,2002,Austria,Faroe Islands,1.0
733,2002,Austria,France,0.0
734,2002,Austria,Germany,0.0
735,2002,Austria,Greece,1.0
736,2002,Austria,Hungary,0.3333333333333333
737,2002,Austria,Iran,1.0
738,2002,Austria,Israel,0.0
739,2002,Austria,Latvia,1.0
740,2002,Austria,Liechtenstein,1.0
741,2002,Austria,Lithuania,1.0
742,2002,Austria,Netherlands,1.0
743,2002,Austria,Northern Ireland,0.0
744,2002,Austria,Norway,0.0
745,2002,Austria,Poland,0.0
746,2002,Austria,Portugal,0.0
747,2002,Austria,Republic of Ireland,1.0
748,2002,Austria,Russia,0.0
749,2002,Austria,San Marino,1.0
750,2002,Austria,Scotland,0.0
751,2002,Austria,Slovenia,0.0
752,2002,Austria,Spain,0.0
753,2002,Austria,Sweden,0.0
754,2002,Austria,Switzerland,0.3333333333333333
755,2002,Austria,Tunisia,1.0
756,2002,Austria,United States,0.0
757,2002,Austria,Wales,0.0
758,2002,Austria,Yugoslavia,0.0
759,2002,Azerbaijan,Estonia,0.25
760,2002,Azerbaijan,Faroe Islands,1.0
761,2002,Azerbaijan,France,0.0
762,2002,Azerbaijan,Georgia,0.6666666666666666
763,2002,Azerbaijan,Hungary,0.0
764,2002,Azerbaijan,Israel,0.0
765,2002,Azerbaijan,Kyrgyzstan,1.0
766,2002,Azerbaijan,Liechtenstein,1.0
767,2002,Azerbaijan,Lithuania,1.0
768,2002,Azerbaijan,Moldova,1.0
769,2002,Azerbaijan,North Macedonia,0.0
770,2002,Azerbaijan,Poland,0.0
771,2002,Azerbaijan,Portugal,0.0
772,2002,Azerbaijan,Romania,0.0
773,2002,Azerbaijan,Slovakia,0.0
774,2002,Azerbaijan,Tajikistan,1.0
775,2002,Azerbaijan,Turkey,0.0
776,2002,Azerbaijan,Turkmenistan,1.0
777,2002,Azerbaijan,Uzbekistan,0.5
778,2002,Bahamas,Haiti,0.0
779,2002,Bahrain,Algeria,0.0
780,2002,Bahrain,Burkina Faso,1.0
781,2002,Bahrain,Chad,0.0
782,2002,Bahrain,China PR,0.0
783,2002,Bahrain,Iran,1.0
784,2002,Bahrain,Jordan,0.0
785,2002,Bahrain,Kazakhstan,0.0
786,2002,Bahrain,Libya,0.0
787,2002,Bahrain,Maldives,1.0
788,2002,Bahrain,Oman,0.3333333333333333
789,2002,Bahrain,Qatar,1.0
790,2002,Bahrain,Sudan,0.0
791,2002,Bahrain,Syria,0.5
792,2002,Bahrain,Turkmenistan,0.0
793,2002,Bangladesh,Bhutan,1.0
794,2002,Bangladesh,India,0.25
795,2002,Bangladesh,Japan,0.0
796,2002,Bangladesh,Maldives,0.0
797,2002,Bangladesh,Myanmar,1.0
798,2002,Bangladesh,Nepal,0.75
799,2002,Bangladesh,Sri Lanka,0.5
800,2002,Bangladesh,Uzbekistan,0.0
801,2002,Barbados,Antigua and Barbuda,0.0
802,2002,Barbados,Grenada,0.3333333333333333
803,2002,Barbados,Saint Kitts and Nevis,0.6666666666666666
804,2002,Barbados,Suriname,1.0
805,2002,Barbados,Trinidad and Tobago,0.0
806,2002,Basque Country,Bolivia,1.0
807,2002,Basque Country,Estonia,1.0
808,2002,Basque Country,Ghana,1.0
809,2002,Basque Country,Morocco,1.0
810,2002,Basque Country,Nigeria,1.0
811,2002,Basque Country,Paraguay,0.0
812,2002,Basque Country,Romania,0.0
813,2002,Basque Country,Russia,1.0
814,2002,Basque Country,Uruguay,1.0
815,2002,Basque Country,Yugoslavia,1.0
816,2002,Belarus,Azerbaijan,0.0
817,2002,Belarus,Czech Republic,0.0
818,2002,Belarus,Denmark,0.0
819,2002,Belarus,Israel,0.0
820,2002,Belarus,Italy,0.0
821,2002,Belarus,Lithuania,0.5
822,2002,Belarus,Luxembourg,1.0
823,2002,Belarus,Malta,0.0
824,2002,Belarus,Netherlands,1.0
825,2002,Belarus,Norway,0.0
826,2002,Belarus,Russia,0.0
827,2002,Belarus,Switzerland,0.0
828,2002,Belarus,Ukraine,0.0
829,2002,Belarus,United Arab Emirates,0.0
830,2002,Belarus,Wales,0.0
831,2002,Belgium,Armenia,1.0
832,2002,Belgium,Bulgaria,0.0
833,2002,Belgium,Colombia,1.0
834,2002,Belgium,Cyprus,1.0
835,2002,Belgium,Czech Republic,0.0
836,2002,Belgium,Denmark,0.0
837,2002,Belgium,Egypt,0.0
838,2002,Belgium,Finland,0.0
839,2002,Belgium,France,0.0
840,2002,Belgium,Gabon,1.0
841,2002,Belgium,German DR,0.0
842,2002,Belgium,Germany,0.0
843,2002,Belgium,Hungary,1.0
844,2002,Belgium,Italy,0.0
845,2002,Belgium,Luxembourg,1.0
846,2002,Belgium,Mexico,1.0
847,2002,Belgium,Morocco,1.0
848,2002,Belgium,Netherlands,0.0
849,2002,Belgium,North Macedonia,0.0
850,2002,Belgium,Norway,0.0
851,2002,Belgium,Paraguay,1.0
852,2002,Belgium,Poland,0.0
853,2002,Belgium,Portugal,0.0
854,2002,Belgium,Romania,0.0
855,2002,Belgium,Russia,0.5
856,2002,Belgium,Spain,0.0
857,2002,Belgium,Sweden,0.5
858,2002,Belgium,Turkey,0.0
859,2002,Belgium,United States,1.0
860,2002,Belgium,Wales,0.0
861,2002,Belize,Cuba,1.0
862,2002,Belize,Nicaragua,1.0
863,2002,Benin,Algeria,0.0
864,2002,Benin,Angola,1.0
865,2002,Benin,Burkina Faso,0.0
866,2002,Benin,Cameroon,0.0
867,2002,Benin,Gabon,0.0
868,2002,Benin,Ghana,0.0
869,2002,Benin,Ivory Coast,0.0
870,2002,Benin,Mali,0.0
871,2002,Benin,Mauritania,1.0
872,2002,Benin,Namibia,1.0
873,2002,Benin,Niger,0.0
874,2002,Benin,Nigeria,0.0
875,2002,Benin,Togo,0.0
876,2002,Bermuda,Antigua and Barbuda,0.6666666666666666
877,2002,Bermuda,Barbados,1.0
878,2002,Bermuda,Canada,0.0
879,2002,Bermuda,Cayman Islands,1.0
880,2002,Bermuda,Iceland,0.0
881,2002,Bermuda,Jamaica,0.0
882,2002,Bermuda,Norway,0.0
883,2002,Bermuda,Saint Martin,1.0
884,2002,Bermuda,Trinidad and Tobago,0.0
885,2002,Bermuda,United States,0.5
886,2002,Bhutan,Turkmenistan,0.0
887,2002,Bolivia,Brazil,0.0
888,2002,Bolivia,Cameroon,0.0
889,2002,Bolivia,Chile,0.0
890,2002,Bolivia,Colombia,0.5
891,2002,Bolivia,Costa Rica,0.0
892,2002,Bolivia,Ecuador,0.0
893,2002,Bolivia,Haiti,1.0
894,2002,Bolivia,Honduras,1.0
895,2002,Bolivia,Jamaica,0.5
896,2002,Bolivia,Japan,0.0
897,2002,Bolivia,Mexico,1.0
898,2002,Bolivia,Paraguay,0.3333333333333333
899,2002,Bolivia,Peru,0.6666666666666666
900,2002,Bolivia,Saudi Arabia,1.0
901,2002,Bolivia,Slovakia,0.0
902,2002,Bolivia,Switzerland,0.0
903,2002,Bolivia,United States,0.0
904,2002,Bolivia,Uruguay,0.3333333333333333
905,2002,Bolivia,Venezuela,0.3333333333333333
906,2002,Bosnia and Herzegovina,Albania,0.0
907,2002,Bosnia and Herzegovina,Czech Republic,0.0
908,2002,Bosnia and Herzegovina,Estonia,0.0
909,2002,Bosnia and Herzegovina,Faroe Islands,1.0
910,2002,Bosnia and Herzegovina,Hungary,0.0
911,2002,Bosnia and Herzegovina,Iran,0.0
912,2002,Bosnia and Herzegovina,Italy,1.0
913,2002,Bosnia and Herzegovina,Lithuania,1.0
914,2002,Bosnia and Herzegovina,Malta,1.0
915,2002,Bosnia and Herzegovina,North Macedonia,1.0
916,2002,Bosnia and Herzegovina,Scotland,0.0
917,2002,Bosnia and Herzegovina,Turkey,1.0
918,2002,Botswana,Angola,0.0
919,2002,Botswana,Cameroon,0.0
920,2002,Botswana,Eswatini,0.6666666666666666
921,2002,Botswana,Ghana,0.0
922,2002,Botswana,Guinea,0.0
923,2002,Botswana,Kenya,0.0
924,2002,Botswana,Lesotho,0.5
925,2002,Botswana,Madagascar,1.0
926,2002,Botswana,Malawi,0.0
927,2002,Botswana,Mali,0.0
928,2002,Botswana,Mauritius,0.0
929,2002,Botswana,Mozambique,0.16666666666666666
930,2002,Botswana,Namibia,0.25
931,2002,Botswana,South Africa,0.0
932,2002,Botswana,Tanzania,0.0
933,2002,Botswana,Zimbabwe,0.0
934,2002,Brazil,Argentina,0.42857142857142855
935,2002,Brazil,Belgium,1.0
936,2002,Brazil,Bosnia and Herzegovina,1.0
937,2002,Brazil,Bulgaria,1.0
938,2002,Brazil,Cameroon,1.0
939,2002,Brazil,Canada,1.0
940,2002,Brazil,Chile,0.5
941,2002,Brazil,China,1.0
942,2002,Brazil,Colombia,0.8
943,2002,Brazil,Costa Rica,1.0
944,2002,Brazil,Czechoslovakia,1.0
945,2002,Brazil,Ecuador,1.0
946,2002,Brazil,Finland,1.0
947,2002,Brazil,German DR,0.0
948,2002,Brazil,Germany,1.0
949,2002,Brazil,Ghana,1.0
950,2002,Brazil,Guatemala,0.0
951,2002,Brazil,Honduras,0.0
952,2002,Brazil,Iceland,1.0
953,2002,Brazil,Jamaica,0.5
954,2002,Brazil,Japan,1.0
955,2002,Brazil,Latvia,1.0
956,2002,Brazil,Lithuania,1.0
957,2002,Brazil,Mexico,0.6666666666666666
958,2002,Brazil,Morocco,1.0
959,2002,Brazil,Netherlands,0.5
960,2002,Brazil,Panama,1.0
961,2002,Brazil,Paraguay,0.8
962,2002,Brazil,Peru,0.75
963,2002,Brazil,Poland,0.6666666666666666
964,2002,Brazil,Russia,1.0
965,2002,Brazil,Serbia,0.5
966,2002,Brazil,Slovakia,1.0
967,2002,Brazil,Sweden,1.0
968,2002,Brazil,Turkey,1.0
969,2002,Brazil,United States,1.0
970,2002,Brazil,Uruguay,0.5
971,2002,Brazil,Venezuela,1.0
972,2002,Brazil,Wales,1.0
973,2002,Brazil,Yugoslavia,1.0
974,2002,British Virgin Islands,Anguilla,0.5
975,2002,British Virgin Islands,Antigua and Barbuda,0.0
976,2002,British Virgin Islands,Saint Lucia,0.0
977,2002,British Virgin Islands,Saint Vincent and the Grenadines,0.0
978,2002,British Virgin Islands,Sint Maarten,0.0
979,2002,British Virgin Islands,United States Virgin Islands,1.0
980,2002,Brittany,Cameroon,0.0
981,2002,Brunei,Cambodia,0.0
982,2002,Brunei,Indonesia,0.0
983,2002,Brunei,Malaysia,0.0
984,2002,Brunei,Myanmar,0.0
985,2002,Brunei,Philippines,1.0
986,2002,Brunei,Singapore,0.0
987,2002,Brunei,Thailand,0.0
988,2002,Bulgaria,Albania,1.0
989,2002,Bulgaria,Algeria,0.5
990,2002,Bulgaria,Azerbaijan,1.0
991,2002,Bulgaria,Belarus,1.0
992,2002,Bulgaria,Belgium,0.0
993,2002,Bulgaria,England,0.0
994,2002,Bulgaria,Georgia,1.0
995,2002,Bulgaria,Germany,1.0
996,2002,Bulgaria,Italy,1.0
997,2002,Bulgaria,Luxembourg,1.0
998,2002,Bulgaria,Mexico,0.0
999,2002,Bulgaria,Moldova,1.0
1000,2002,Bulgaria,Morocco,1.0
1001,2002,Bulgaria,North Macedonia,1.0
1002,2002,Bulgaria,Poland,0.0
1003,2002,Bulgaria,Portugal,0.0
1004,2002,Bulgaria,Romania,0.5
1005,2002,Bulgaria,San Marino,1.0
1006,2002,Bulgaria,Scotland,0.0
1007,2002,Bulgaria,Slovakia,1.0
1008,2002,Bulgaria,Sweden,0.0
1009,2002,Bulgaria,Switzerland,0.0
1010,2002,Bulgaria,Turkey,0.0
1011,2002,Bulgaria,Ukraine,0.0
1012,2002,Bulgaria,United Arab Emirates,1.0
1013,2002,Bulgaria,Wales,1.0
1014,2002,Burkina Faso,Algeria,0.75
1015,2002,Burkina Faso,Angola,1.0
1016,2002,Burkina Faso,Benin,1.0
1017,2002,Burkina Faso,Burundi,1.0
1018,2002,Burkina Faso,Cameroon,0.0
1019,2002,Burkina Faso,DR Congo,0.0
1020,2002,Burkina Faso,Egypt,0.0
1021,2002,Burkina Faso,Gabon,0.25
1022,2002,Burkina Faso,Ghana,1.0
1023,2002,Burkina Faso,Guadeloupe,1.0
1024,2002,Burkina Faso,Guinea,0.5
1025,2002,Burkina Faso,Ivory Coast,0.25
1026,2002,Burkina Faso,Mali,0.75
1027,2002,Burkina Faso,Morocco,1.0
1028,2002,Burkina Faso,Mozambique,1.0
1029,2002,Burkina Faso,Namibia,1.0
1030,2002,Burkina Faso,Niger,0.25
1031,2002,Burkina Faso,Nigeria,0.0
1032,2002,Burkina Faso,Senegal,0.0
1033,2002,Burkina Faso,Togo,0.4
1034,2002,Burkina Faso,Tunisia,0.0
1035,2002,Burkina Faso,Zambia,0.0
1036,2002,Burundi,Algeria,0.0
1037,2002,Burundi,Angola,0.0
1038,2002,Burundi,Burkina Faso,0.0
1039,2002,Burundi,Congo,1.0
1040,2002,Burundi,Djibouti,1.0
1041,2002,Burundi,Guinea,0.0
1042,2002,Burundi,Senegal,1.0
1043,2002,Burundi,Somalia,1.0
1044,2002,Burundi,Tanzania,0.6666666666666666
1045,2002,Burundi,Uganda,0.0
1046,2002,Cambodia,China PR,0.0
1047,2002,Cambodia,Hong Kong,0.0
1048,2002,Cambodia,Indonesia,0.0
1049,2002,Cambodia,Laos,1.0
1050,2002,Cambodia,Malaysia,0.0
1051,2002,Cambodia,Philippines,0.0
1052,2002,Cambodia,Singapore,0.0
1053,2002,Cambodia,Vietnam,0.0
1054,2002,Cameroon,Algeria,1.0
1055,2002,Cameroon,Angola,1.0
1056,2002,Cameroon,Benin,1.0
1057,2002,Cameroon,Burkina Faso,1.0
1058,2002,Cameroon,Congo,1.0
1059,2002,Cameroon,DR Congo,0.3333333333333333
1060,2002,Cameroon,Egypt,0.5
1061,2002,Cameroon,Eritrea,1.0
1062,2002,Cameroon,Gabon,0.3333333333333333
1063,2002,Cameroon,Germany,0.0
1064,2002,Cameroon,Guinea,0.5
1065,2002,Cameroon,Ivory Coast,0.5
1066,2002,Cameroon,Kenya,0.5
1067,2002,Cameroon,Liberia,1.0
1068,2002,Cameroon,Malawi,0.0
1069,2002,Cameroon,Mali,0.5
1070,2002,Cameroon,Mauritius,1.0
1071,2002,Cameroon,Morocco,1.0
1072,2002,Cameroon,Mozambique,1.0
1073,2002,Cameroon,Namibia,1.0
1074,2002,Cameroon,Niger,1.0
1075,2002,Cameroon,Nigeria,0.3333333333333333
1076,2002,Cameroon,Saudi Arabia,1.0
1077,2002,Cameroon,Senegal,0.0
1078,2002,Cameroon,Sierra Leone,1.0
1079,2002,Cameroon,Togo,0.3333333333333333
1080,2002,Cameroon,Tunisia,0.6666666666666666
1081,2002,Cameroon,Zambia,0.0
1082,2002,Cameroon,Zimbabwe,1.0
1083,2002,Canada,Brazil,0.0
1084,2002,Canada,Chile,0.0
1085,2002,Canada,China PR,1.0
1086,2002,Canada,Colombia,1.0
1087,2002,Canada,Costa Rica,0.0
1088,2002,Canada,Cuba,0.0
1089,2002,Canada,Ecuador,0.0
1090,2002,Canada,El Salvador,1.0
1091,2002,Canada,Germany,0.0
1092,2002,Canada,Guatemala,1.0
1093,2002,Canada,Haiti,1.0
1094,2002,Canada,Honduras,0.6666666666666666
1095,2002,Canada,Hong Kong,1.0
1096,2002,Canada,Iran,0.3333333333333333
1097,2002,Canada,Jamaica,1.0
1098,2002,Canada,Martinique,0.0
1099,2002,Canada,Mexico,0.0
1100,2002,Canada,Morocco,0.0
1101,2002,Canada,Netherlands,0.0
1102,2002,Canada,North Macedonia,1.0
1103,2002,Canada,Northern Ireland,1.0
1104,2002,Canada,Portugal,0.0
1105,2002,Canada,Saudi Arabia,0.0
1106,2002,Canada,Scotland,0.0
1107,2002,Canada,South Korea,0.3333333333333333
1108,2002,Canada,Spain,0.0
1109,2002,Canada,Trinidad and Tobago,1.0
1110,2002,Canada,Turkey,0.0
1111,2002,Canada,United States,0.0
1112,2002,Canary Islands,Latvia,1.0
1113,2002,Canary Islands,Venezuela,1.0
1114,2002,Cape Verde,Angola,0.0
1115,2002,Cape Verde,Guinea-Bissau,1.0
1116,2002,Cape Verde,Mali,0.0
1117,2002,Catalonia,Bulgaria,0.0
1118,2002,Catalonia,Chile,1.0
1119,2002,Catalonia,Lithuania,1.0
1120,2002,Catalonia,Nigeria,1.0
1121,2002,Catalonia,Yugoslavia,1.0
1122,2002,Cayman Islands,Bahamas,1.0
1123,2002,Cayman Islands,Jamaica,0.0
1124,2002,Cayman Islands,Trinidad and Tobago,0.0
1125,2002,Cayman Islands,Turks and Caicos Islands,1.0
1126,2002,Central African Republic,Cameroon,0.0
1127,2002,Central African Republic,Chad,1.0
1128,2002,Central African Republic,Congo,1.0
1129,2002,Central African Republic,DR Congo,0.0
1130,2002,Central African Republic,Equatorial Guinea,0.0
1131,2002,Central African Republic,Gabon,0.0
1132,2002,Central African Republic,São Tomé and Príncipe,1.0
1133,2002,Chad,Cameroon,0.0
1134,2002,Chad,Congo,0.0
1135,2002,Chad,Egypt,0.0
1136,2002,Chad,Equatorial Guinea,1.0
1137,2002,Chad,Eritrea,0.0
1138,2002,Chad,Gabon,1.0
1139,2002,Chad,Libya,1.0
1140,2002,Chad,São Tomé and Príncipe,1.0
1141,2002,Chad,Tunisia,0.0
1142,2002,Chile,Argentina,0.0
1143,2002,Chile,Armenia,1.0
1144,2002,Chile,Australia,1.0
1145,2002,Chile,Bolivia,0.6
1146,2002,Chile,Brazil,0.0
1147,2002,Chile,Bulgaria,1.0
1148,2002,Chile,Canada,1.0
1149,2002,Chile,Colombia,0.25
1150,2002,Chile,Costa Rica,1.0
1151,2002,Chile,Ecuador,0.5
1152,2002,Chile,France,1.0
1153,2002,Chile,Guatemala,1.0
1154,2002,Chile,Honduras,1.0
1155,2002,Chile,Iceland,0.0
1156,2002,Chile,Lithuania,1.0
1157,2002,Chile,Mexico,0.25
1158,2002,Chile,Morocco,0.0
1159,2002,Chile,Northern Ireland,1.0
1160,2002,Chile,Paraguay,0.3333333333333333
1161,2002,Chile,Peru,0.75
1162,2002,Chile,Slovakia,0.0
1163,2002,Chile,Tunisia,1.0
1164,2002,Chile,Turkey,0.0
1165,2002,Chile,United States,0.0
1166,2002,Chile,Uruguay,0.5
1167,2002,Chile,Venezuela,1.0
1168,2002,China,Costa Rica,0.0
1169,2002,China PR,Colombia,1.0
1170,2002,China PR,England,0.0
1171,2002,China PR,Guam,1.0
1172,2002,China PR,Indonesia,1.0
1173,2002,China PR,Iran,0.0
1174,2002,China PR,Iraq,1.0
1175,2002,China PR,Japan,0.5
1176,2002,China PR,Kazakhstan,0.5
1177,2002,China PR,Kuwait,0.5
1178,2002,China PR,Lebanon,1.0
1179,2002,China PR,Macau,1.0
1180,2002,China PR,Malaysia,1.0
1181,2002,China PR,Mongolia,1.0
1182,2002,China PR,Myanmar,1.0
1183,2002,China PR,New Zealand,1.0
1184,2002,China PR,North Korea,0.0
1185,2002,China PR,Norway,1.0
1186,2002,China PR,Pakistan,1.0
1187,2002,China PR,Paraguay,0.0
1188,2002,China PR,Philippines,1.0
1189,2002,China PR,Qatar,1.0
1190,2002,China PR,Saudi Arabia,0.5
1191,2002,China PR,Serbia,0.0
1192,2002,China PR,Singapore,1.0
1193,2002,China PR,Slovakia,0.0
1194,2002,China PR,South Korea,0.0
1195,2002,China PR,Tajikistan,1.0
1196,2002,China PR,Thailand,0.3333333333333333
1197,2002,China PR,Trinidad and Tobago,1.0
1198,2002,China PR,United Arab Emirates,0.0
1199,2002,China PR,United States,0.5
1200,2002,China PR,Uruguay,0.0
1201,2002,China PR,Uzbekistan,0.0
1202,2002,China PR,Yemen,1.0
1203,2002,Colombia,Argentina,0.0
1204,2002,Colombia,Australia,1.0
1205,2002,Colombia,Bolivia,0.3333333333333333
1206,2002,Colombia,Chile,1.0
1207,2002,Colombia,Costa Rica,1.0
1208,2002,Colombia,Ecuador,1.0
1209,2002,Colombia,Germany,0.0
1210,2002,Colombia,Greece,1.0
1211,2002,Colombia,Honduras,1.0
1212,2002,Colombia,Jamaica,1.0
1213,2002,Colombia,Liberia,1.0
1214,2002,Colombia,Mexico,1.0
1215,2002,Colombia,Nigeria,1.0
1216,2002,Colombia,Northern Ireland,1.0
1217,2002,Colombia,Paraguay,0.0
1218,2002,Colombia,Peru,0.5
1219,2002,Colombia,Scotland,1.0
1220,2002,Colombia,Serbia,0.0
1221,2002,Colombia,Slovakia,1.0
1222,2002,Colombia,South Korea,0.0
1223,2002,Colombia,Trinidad and Tobago,1.0
1224,2002,Colombia,United States,1.0
1225,2002,Colombia,Uruguay,0.3333333333333333
1226,2002,Colombia,Venezuela,0.5
1227,2002,Congo,Benin,0.0
1228,2002,Congo,Burkina Faso,1.0
1229,2002,Congo,Burundi,0.0
1230,2002,Congo,Cameroon,1.0
1231,2002,Congo,Chad,0.3333333333333333
1232,2002,Congo,DR Congo,0.6
1233,2002,Congo,Equatorial Guinea,1.0
1234,2002,Congo,Gabon,1.0
1235,2002,Congo,Ghana,0.0
1236,2002,Congo,Guadeloupe,0.0
1237,2002,Congo,Guinea,0.0
1238,2002,Congo,Haiti,1.0
1239,2002,Congo,Ivory Coast,1.0
1240,2002,Congo,Liberia,0.0
1241,2002,Congo,Malawi,1.0
1242,2002,Congo,Mali,0.0
1243,2002,Congo,Mauritius,0.0
1244,2002,Congo,Mozambique,1.0
1245,2002,Congo,Namibia,1.0
1246,2002,Congo,Rwanda,1.0
1247,2002,Congo,Sierra Leone,0.0
1248,2002,Congo,South Africa,0.0
1249,2002,Congo,São Tomé and Príncipe,1.0
1250,2002,Congo,Togo,0.5
1251,2002,Congo,Zimbabwe,1.0
1252,2002,Cook Islands,American Samoa,1.0
1253,2002,Cook Islands,New Caledonia,0.0
1254,2002,Cook Islands,Samoa,1.0
1255,2002,Cook Islands,Solomon Islands,0.0
1256,2002,Cook Islands,Tahiti,0.0
1257,2002,Cook Islands,Tonga,0.0
1258,2002,Cook Islands,Wallis Islands and Futuna,1.0
1259,2002,Corsica,Cameroon,0.0
1260,2002,Costa Rica,Brazil,0.0
1261,2002,Costa Rica,Cameroon,1.0
1262,2002,Costa Rica,Canada,0.0
1263,2002,Costa Rica,Chile,1.0
1264,2002,Costa Rica,Colombia,0.0
1265,2002,Costa Rica,Ecuador,0.5
1266,2002,Costa Rica,El Salvador,1.0
1267,2002,Costa Rica,Guatemala,1.0
1268,2002,Costa Rica,Honduras,0.0
1269,2002,Costa Rica,Italy,0.0
1270,2002,Costa Rica,Jamaica,0.5
1271,2002,Costa Rica,Martinique,1.0
1272,2002,Costa Rica,Mexico,0.0
1273,2002,Costa Rica,Norway,0.0
1274,2002,Costa Rica,Panama,1.0
1275,2002,Costa Rica,Saudi Arabia,1.0
1276,2002,Costa Rica,Slovakia,0.5
1277,2002,Costa Rica,Trinidad and Tobago,0.5
1278,2002,Costa Rica,Turkey,0.0
1279,2002,Costa Rica,United States,0.0
1280,2002,Costa Rica,Venezuela,0.5
1281,2002,Croatia,Argentina,0.0
1282,2002,Croatia,Australia,1.0
1283,2002,Croatia,Austria,1.0
1284,2002,Croatia,Denmark,0.5
1285,2002,Croatia,Estonia,1.0
1286,2002,Croatia,France,0.0
1287,2002,Croatia,Germany,0.0
1288,2002,Croatia,Greece,0.0
1289,2002,Croatia,Hungary,1.0
1290,2002,Croatia,Iran,1.0
1291,2002,Croatia,Israel,1.0
1292,2002,Croatia,Italy,0.0
1293,2002,Croatia,Lithuania,1.0
1294,2002,Croatia,Malta,1.0
1295,2002,Croatia,Mexico,0.5
1296,2002,Croatia,North Macedonia,1.0
1297,2002,Croatia,Poland,1.0
1298,2002,Croatia,Portugal,0.0
1299,2002,Croatia,Republic of Ireland,1.0
1300,2002,Croatia,Romania,1.0
1301,2002,Croatia,Serbia,0.0
1302,2002,Croatia,Slovenia,1.0
1303,2002,Croatia,South Korea,1.0
1304,2002,Croatia,Spain,0.0
1305,2002,Croatia,Ukraine,1.0
1306,2002,Croatia,United States,1.0
1307,2002,Cuba,Cameroon,0.0
1308,2002,Cuba,Costa Rica,0.0
1309,2002,Cuba,El Salvador,1.0
1310,2002,Cuba,Haiti,0.0
1311,2002,Cuba,Jamaica,0.0
1312,2002,Cuba,Nicaragua,1.0
1313,2002,Cuba,Panama,1.0
1314,2002,Cyprus,Albania,1.0
1315,2002,Cyprus,Armenia,1.0
1316,2002,Cyprus,Austria,0.0
1317,2002,Cyprus,Belgium,0.0
1318,2002,Cyprus,Denmark,0.0
1319,2002,Cyprus,Estonia,0.75
1320,2002,Cyprus,Georgia,0.5
1321,2002,Cyprus,Greece,0.0
1322,2002,Cyprus,Hungary,0.0
1323,2002,Cyprus,Iceland,0.0
1324,2002,Cyprus,Iran,0.0
1325,2002,Cyprus,Israel,0.5
1326,2002,Cyprus,Italy,0.0
1327,2002,Cyprus,Latvia,1.0
1328,2002,Cyprus,Malta,1.0
1329,2002,Cyprus,North Macedonia,0.0
1330,2002,Cyprus,Norway,0.0
1331,2002,Cyprus,Poland,0.0
1332,2002,Cyprus,Romania,0.0
1333,2002,Cyprus,Russia,0.0
1334,2002,Cyprus,San Marino,1.0
1335,2002,Cyprus,Slovenia,0.0
1336,2002,Cyprus,Spain,0.5
1337,2002,Cyprus,Sweden,0.0
1338,2002,Czech Republic,Australia,1.0
1339,2002,Czech Republic,Belarus,1.0
1340,2002,Czech Republic,Belgium,0.0
1341,2002,Czech Republic,Bosnia and Herzegovina,1.0
1342,2002,Czech Republic,Denmark,1.0
1343,2002,Czech Republic,Estonia,1.0
1344,2002,Czech Republic,Faroe Islands,1.0
1345,2002,Czech Republic,Finland,1.0
1346,2002,Czech Republic,France,0.0
1347,2002,Czech Republic,Germany,0.0
1348,2002,Czech Republic,Iceland,1.0
1349,2002,Czech Republic,Israel,1.0
1350,2002,Czech Republic,Italy,1.0
1351,2002,Czech Republic,Lithuania,1.0
1352,2002,Czech Republic,Luxembourg,1.0
1353,2002,Czech Republic,Malta,1.0
1354,2002,Czech Republic,Netherlands,1.0
1355,2002,Czech Republic,Norway,1.0
1356,2002,Czech Republic,Poland,1.0
1357,2002,Czech Republic,Portugal,1.0
1358,2002,Czech Republic,Republic of Ireland,1.0
1359,2002,Czech Republic,Scotland,1.0
1360,2002,Czech Republic,Slovenia,0.0
1361,2002,Czech Republic,South Korea,1.0
1362,2002,Czech Republic,Switzerland,1.0
1363,2002,Czech Republic,Turkey,1.0
1364,2002,Czechoslovakia,Albania,1.0
1365,2002,Czechoslovakia,Austria,0.0
1366,2002,Czechoslovakia,Egypt,0.0
1367,2002,Czechoslovakia,England,0.0
1368,2002,Czechoslovakia,France,0.0
1369,2002,Czechoslovakia,Germany,0.0
1370,2002,Czechoslovakia,Iceland,1.0
1371,2002,Czechoslovakia,Poland,1.0
1372,2002,Czechoslovakia,Spain,1.0
1373,2002,Czechoslovakia,Switzerland,0.0
1374,2002,Czechoslovakia,Yugoslavia,0.0
1375,2002,DR Congo,Algeria,0.0
1376,2002,DR Congo,Cameroon,1.0
1377,2002,DR Congo,Central African Republic,1.0
1378,2002,DR Congo,Congo,0.4
1379,2002,DR Congo,Gabon,0.3333333333333333
1380,2002,DR Congo,Ghana,1.0
1381,2002,DR Congo,Ivory Coast,1.0
1382,2002,DR Congo,Kenya,0.5
1383,2002,DR Congo,Lesotho,0.5
1384,2002,DR Congo,Liberia,0.0
1385,2002,DR Congo,Madagascar,1.0
1386,2002,DR Congo,Malawi,0.0
1387,2002,DR Congo,Mozambique,1.0
1388,2002,DR Congo,Nigeria,0.0
1389,2002,DR Congo,South Africa,0.0
1390,2002,DR Congo,Tanzania,0.5
1391,2002,DR Congo,Togo,1.0
1392,2002,DR Congo,Uganda,0.3333333333333333
1393,2002,DR Congo,Zambia,0.0
1394,2002,DR Congo,Zimbabwe,1.0
1395,2002,Denmark,Armenia,1.0
1396,2002,Denmark,Austria,1.0
1397,2002,Denmark,Belarus,1.0
1398,2002,Denmark,Belgium,0.5
1399,2002,Denmark,Bulgaria,0.0
1400,2002,Denmark,Cameroon,0.0
1401,2002,Denmark,Cyprus,1.0
1402,2002,Denmark,Czech Republic,0.0
1403,2002,Denmark,England,0.0
1404,2002,Denmark,Faroe Islands,1.0
1405,2002,Denmark,Finland,1.0
1406,2002,Denmark,France,1.0
1407,2002,Denmark,Germany,0.6666666666666666
1408,2002,Denmark,Ghana,1.0
1409,2002,Denmark,Hungary,1.0
1410,2002,Denmark,Iran,0.0
1411,2002,Denmark,Israel,1.0
1412,2002,Denmark,Italy,0.0
1413,2002,Denmark,Netherlands,0.0
1414,2002,Denmark,North Macedonia,1.0
1415,2002,Denmark,Northern Ireland,1.0
1416,2002,Denmark,Norway,0.5
1417,2002,Denmark,Portugal,0.0
1418,2002,Denmark,Russia,0.0
1419,2002,Denmark,Scotland,1.0
1420,2002,Denmark,Senegal,0.0
1421,2002,Denmark,Slovenia,1.0
1422,2002,Denmark,South Africa,0.0
1423,2002,Denmark,Spain,0.0
1424,2002,Denmark,Sweden,0.5
1425,2002,Denmark,Switzerland,1.0
1426,2002,Denmark,Turkey,1.0
1427,2002,Denmark,Wales,0.5
1428,2002,Denmark,Yugoslavia,0.0
1429,2002,Djibouti,Burundi,0.0
1430,2002,Djibouti,Somalia,0.0
1431,2002,Dominica,Antigua and Barbuda,1.0
1432,2002,Dominica,Saint Lucia,0.6666666666666666
1433,2002,Dominica,Sint Maarten,1.0
1434,2002,Dominican Republic,British Virgin Islands,1.0
1435,2002,Ecuador,Argentina,1.0
1436,2002,Ecuador,Armenia,1.0
1437,2002,Ecuador,Belarus,0.0
1438,2002,Ecuador,Chile,0.3333333333333333
1439,2002,Ecuador,Colombia,0.0
1440,2002,Ecuador,Costa Rica,0.0
1441,2002,Ecuador,Croatia,1.0
1442,2002,Ecuador,Guatemala,1.0
1443,2002,Ecuador,Honduras,0.0
1444,2002,Ecuador,Iran,0.0
1445,2002,Ecuador,Jamaica,1.0
1446,2002,Ecuador,Mexico,0.0
1447,2002,Ecuador,Panama,1.0
1448,2002,Ecuador,Paraguay,1.0
1449,2002,Ecuador,Peru,0.25
1450,2002,Ecuador,Romania,1.0
1451,2002,Ecuador,South Korea,1.0
1452,2002,Ecuador,United States,1.0
1453,2002,Ecuador,Uruguay,0.5
1454,2002,Ecuador,Venezuela,1.0
1455,2002,Egypt,Algeria,0.0
1456,2002,Egypt,Angola,1.0
1457,2002,Egypt,Austria,0.0
1458,2002,Egypt,Belarus,1.0
1459,2002,Egypt,Burkina Faso,1.0
1460,2002,Egypt,Cameroon,0.5
1461,2002,Egypt,Canada,1.0
1462,2002,Egypt,Chad,1.0
1463,2002,Egypt,Colombia,0.0
1464,2002,Egypt,Czechoslovakia,1.0
1465,2002,Egypt,Denmark,0.0
1466,2002,Egypt,Estonia,0.0
1467,2002,Egypt,Ethiopia,1.0
1468,2002,Egypt,Gabon,1.0
1469,2002,Egypt,Ghana,0.5
1470,2002,Egypt,Ivory Coast,0.5
1471,2002,Egypt,Kenya,1.0
1472,2002,Egypt,Kuwait,0.0
1473,2002,Egypt,Libya,1.0
1474,2002,Egypt,Malawi,1.0
1475,2002,Egypt,Mali,0.4
1476,2002,Egypt,Malta,1.0
1477,2002,Egypt,Morocco,0.0
1478,2002,Egypt,Mozambique,1.0
1479,2002,Egypt,New Zealand,0.5
1480,2002,Egypt,Nigeria,0.0
1481,2002,Egypt,North Korea,1.0
1482,2002,Egypt,Norway,0.0
1483,2002,Egypt,Poland,0.5
1484,2002,Egypt,Romania,0.3333333333333333
1485,2002,Egypt,Senegal,1.0
1486,2002,Egypt,South Korea,0.0
1487,2002,Egypt,Sudan,1.0
1488,2002,Egypt,Tanzania,1.0
1489,2002,Egypt,Togo,1.0
1490,2002,Egypt,Tunisia,0.5
1491,2002,Egypt,Uganda,1.0
1492,2002,Egypt,United Arab Emirates,1.0
1493,2002,Egypt,Zambia,0.5
1494,2002,Egypt,Zimbabwe,0.0
1495,2002,El Salvador,Bolivia,0.0
1496,2002,El Salvador,Brazil,0.0
1497,2002,El Salvador,Colombia,0.5
1498,2002,El Salvador,Costa Rica,0.0
1499,2002,El Salvador,Ecuador,0.0
1500,2002,El Salvador,Guatemala,0.16666666666666666
1501,2002,El Salvador,Haiti,0.25
1502,2002,El Salvador,Honduras,0.2
1503,2002,El Salvador,Hungary,0.0
1504,2002,El Salvador,Mexico,0.0
1505,2002,El Salvador,Panama,1.0
1506,2002,El Salvador,Russia,0.0
1507,2002,El Salvador,Serbia,0.0
1508,2002,El Salvador,Trinidad and Tobago,1.0
1509,2002,El Salvador,United States,0.5
1510,2002,El Salvador,Venezuela,0.0
1511,2002,England,Argentina,0.0
1512,2002,England,Belgium,1.0
1513,2002,England,Brazil,0.2
1514,2002,England,Bulgaria,0.5
1515,2002,England,Cameroon,1.0
1516,2002,England,Chile,0.0
1517,2002,England,Colombia,0.0
1518,2002,England,Croatia,0.0
1519,2002,England,Czech Republic,1.0
1520,2002,England,Czechoslovakia,1.0
1521,2002,England,Denmark,1.0
1522,2002,England,France,0.5
1523,2002,England,Germany,0.3333333333333333
1524,2002,England,Greece,1.0
1525,2002,England,Hungary,1.0
1526,2002,England,Japan,1.0
1527,2002,England,Luxembourg,1.0
1528,2002,England,Mexico,1.0
1529,2002,England,Netherlands,0.5
1530,2002,England,Nigeria,1.0
1531,2002,England,Norway,0.0
1532,2002,England,Poland,1.0
1533,2002,England,Portugal,0.5
1534,2002,England,Republic of Ireland,0.0
1535,2002,England,Romania,0.0
1536,2002,England,Russia,1.0
1537,2002,England,Saudi Arabia,0.0
1538,2002,England,Scotland,0.5
1539,2002,England,South Africa,1.0
1540,2002,England,Spain,0.5
1541,2002,England,Sweden,0.0
1542,2002,England,Switzerland,0.5
1543,2002,England,Turkey,1.0
1544,2002,England,Ukraine,1.0
1545,2002,England,United States,1.0
1546,2002,England,Uruguay,0.0
1547,2002,Equatorial Guinea,Angola,0.0
1548,2002,Equatorial Guinea,Central African Republic,1.0
1549,2002,Equatorial Guinea,Gabon,0.0
1550,2002,Eritrea,Cameroon,0.0
1551,2002,Eritrea,Mozambique,1.0
1552,2002,Eritrea,Rwanda,0.0
1553,2002,Eritrea,Somalia,0.0
1554,2002,Eritrea,Sudan,1.0
1555,2002,Estonia,Andorra,1.0
1556,2002,Estonia,Armenia,1.0
1557,2002,Estonia,Azerbaijan,0.5
1558,2002,Estonia,Belarus,1.0
1559,2002,Estonia,Bosnia and Herzegovina,0.0
1560,2002,Estonia,Croatia,0.0
1561,2002,Estonia,Czech Republic,0.0
1562,2002,Estonia,Egypt,0.0
1563,2002,Estonia,Faroe Islands,0.3333333333333333
1564,2002,Estonia,Finland,0.0
1565,2002,Estonia,Georgia,1.0
1566,2002,Estonia,Iceland,0.0
1567,2002,Estonia,Indonesia,1.0
1568,2002,Estonia,Italy,0.0
1569,2002,Estonia,Kazakhstan,0.0
1570,2002,Estonia,Kyrgyzstan,1.0
1571,2002,Estonia,Lithuania,0.0
1572,2002,Estonia,Mexico,0.0
1573,2002,Estonia,Moldova,0.0
1574,2002,Estonia,Norway,0.0
1575,2002,Estonia,Scotland,0.0
1576,2002,Estonia,Slovenia,0.0
1577,2002,Estonia,Turkey,0.0
1578,2002,Estonia,Ukraine,0.0
1579,2002,Estonia,Wales,0.0
1580,2002,Eswatini,Angola,0.3333333333333333
1581,2002,Eswatini,Botswana,0.5
1582,2002,Eswatini,Ghana,0.0
1583,2002,Eswatini,Kenya,1.0
1584,2002,Eswatini,Lesotho,0.5
1585,2002,Eswatini,Madagascar,0.0
1586,2002,Eswatini,Mauritius,0.0
1587,2002,Eswatini,Mozambique,0.16666666666666666
1588,2002,Eswatini,Namibia,0.5
1589,2002,Eswatini,Tanzania,0.0
1590,2002,Eswatini,Zambia,0.5
1591,2002,Eswatini,Zimbabwe,0.0
1592,2002,Ethiopia,Algeria,0.0
1593,2002,Ethiopia,Burundi,0.5
1594,2002,Ethiopia,DR Congo,0.0
1595,2002,Ethiopia,Djibouti,1.0
1596,2002,Ethiopia,Egypt,0.0
1597,2002,Ethiopia,Ghana,1.0
1598,2002,Ethiopia,Kenya,0.0
1599,2002,Ethiopia,Malawi,0.0
1600,2002,Ethiopia,Morocco,0.0
1601,2002,Ethiopia,Nigeria,1.0
1602,2002,Ethiopia,Rwanda,0.0
1603,2002,Ethiopia,Senegal,0.0
1604,2002,Ethiopia,Somalia,1.0
1605,2002,Ethiopia,Sudan,0.6666666666666666
1606,2002,Ethiopia,Tanzania,1.0
1607,2002,Ethiopia,Tunisia,0.0
1608,2002,Ethiopia,Uganda,0.0
1609,2002,Ethiopia,Zambia,0.3333333333333333
1610,2002,Ethiopia,Zanzibar,0.75
1611,2002,Faroe Islands,Austria,1.0
1612,2002,Faroe Islands,Bosnia and Herzegovina,0.0
1613,2002,Faroe Islands,Czech Republic,0.0
1614,2002,Faroe Islands,Denmark,0.0
1615,2002,Faroe Islands,Estonia,0.0
1616,2002,Faroe Islands,Finland,0.0
1617,2002,Faroe Islands,Greece,0.0
1618,2002,Faroe Islands,Iceland,0.0
1619,2002,Faroe Islands,Israel,0.0
1620,2002,Faroe Islands,Lithuania,0.0
1621,2002,Faroe Islands,Northern Ireland,0.0
1622,2002,Faroe Islands,Norway,0.0
1623,2002,Faroe Islands,Russia,0.0
1624,2002,Faroe Islands,San Marino,1.0
1625,2002,Faroe Islands,Scotland,0.0
1626,2002,Faroe Islands,Turkey,0.0
1627,2002,Faroe Islands,Yugoslavia,0.0
1628,2002,Fiji,Cook Islands,1.0
1629,2002,Fiji,Guam,1.0
1630,2002,Fiji,Malaysia,0.6666666666666666
1631,2002,Fiji,New Caledonia,0.8333333333333334
1632,2002,Fiji,Papua New Guinea,0.75
1633,2002,Fiji,Solomon Islands,0.3333333333333333
1634,2002,Fiji,Tahiti,0.6666666666666666
1635,2002,Fiji,Vanuatu,1.0
1636,2002,Finland,Belgium,1.0
1637,2002,Finland,Czechoslovakia,0.0
1638,2002,Finland,Denmark,0.0
1639,2002,Finland,England,0.0
1640,2002,Finland,Estonia,0.0
1641,2002,Finland,Faroe Islands,1.0
1642,2002,Finland,France,0.0
1643,2002,Finland,Germany,0.0
1644,2002,Finland,Greece,0.5
1645,2002,Finland,Malta,1.0
1646,2002,Finland,Moldova,1.0
1647,2002,Finland,Netherlands,0.0
1648,2002,Finland,Northern Ireland,1.0
1649,2002,Finland,Poland,0.0
1650,2002,Finland,Portugal,0.0
1651,2002,Finland,Russia,0.0
1652,2002,Finland,San Marino,1.0
1653,2002,Finland,Scotland,0.0
1654,2002,Finland,Spain,0.0
1655,2002,Finland,Turkey,0.0
1656,2002,France,Albania,1.0
1657,2002,France,Algeria,1.0
1658,2002,France,Andorra,1.0
1659,2002,France,Armenia,1.0
1660,2002,France,Azerbaijan,1.0
1661,2002,France,Belgium,0.0
1662,2002,France,Brazil,0.0
1663,2002,France,Bulgaria,1.0
1664,2002,France,Cameroon,0.0
1665,2002,France,Chile,1.0
1666,2002,France,Croatia,1.0
1667,2002,France,Czech Republic,0.0
1668,2002,France,Czechoslovakia,1.0
1669,2002,France,Denmark,0.6666666666666666
1670,2002,France,England,0.0
1671,2002,France,Finland,1.0
1672,2002,France,German DR,1.0
1673,2002,France,Germany,1.0
1674,2002,France,Greece,1.0
1675,2002,France,Iceland,1.0
1676,2002,France,Israel,1.0
1677,2002,France,Italy,1.0
1678,2002,France,Japan,1.0
1679,2002,France,Mexico,1.0
1680,2002,France,Morocco,1.0
1681,2002,France,Netherlands,0.3333333333333333
1682,2002,France,Norway,0.0
1683,2002,France,Poland,0.3333333333333333
1684,2002,France,Portugal,1.0
1685,2002,France,Romania,0.0
1686,2002,France,Russia,0.5
1687,2002,France,Scotland,1.0
1688,2002,France,Senegal,0.0
1689,2002,France,Slovakia,1.0
1690,2002,France,Slovenia,1.0
1691,2002,France,South Africa,1.0
1692,2002,France,Spain,0.6666666666666666
1693,2002,France,Sweden,1.0
1694,2002,France,Turkey,1.0
1695,2002,France,Ukraine,0.0
1696,2002,France,Uruguay,0.0
1697,2002,Gabon,Algeria,1.0
1698,2002,Gabon,Angola,1.0
1699,2002,Gabon,Benin,1.0
1700,2002,Gabon,Burkina Faso,0.5
1701,2002,Gabon,Burundi,0.0
1702,2002,Gabon,Cameroon,0.0
1703,2002,Gabon,Central African Republic,1.0
1704,2002,Gabon,Chad,1.0
1705,2002,Gabon,Congo,0.0
1706,2002,Gabon,DR Congo,0.5
1707,2002,Gabon,Equatorial Guinea,1.0
1708,2002,Gabon,Ghana,0.0
1709,2002,Gabon,Ivory Coast,0.0
1710,2002,Gabon,Kenya,0.5
1711,2002,Gabon,Liberia,0.0
1712,2002,Gabon,Mali,0.25
1713,2002,Gabon,Malta,0.0
1714,2002,Gabon,Martinique,0.0
1715,2002,Gabon,Mauritius,1.0
1716,2002,Gabon,Morocco,1.0
1717,2002,Gabon,Namibia,0.0
1718,2002,Gabon,Niger,1.0
1719,2002,Gabon,Nigeria,0.0
1720,2002,Gabon,Senegal,0.0
1721,2002,Gabon,Sierra Leone,1.0
1722,2002,Gabon,South Africa,1.0
1723,2002,Gabon,São Tomé and Príncipe,1.0
1724,2002,Gabon,Tanzania,1.0
1725,2002,Gabon,Togo,0.75
1726,2002,Gabon,Tunisia,0.0
1727,2002,Gabon,Uganda,1.0
1728,2002,Gabon,Zambia,1.0
1729,2002,Gambia,Burkina Faso,0.0
1730,2002,Gambia,Ghana,0.5
1731,2002,Gambia,Guinea,0.0
1732,2002,Gambia,Guinea-Bissau,0.0
1733,2002,Gambia,Mauritania,0.2
1734,2002,Gambia,Morocco,0.0
1735,2002,Gambia,Senegal,0.0
1736,2002,Gambia,Sierra Leone,0.0
1737,2002,Gambia,Zambia,0.0
1738,2002,Georgia,Albania,1.0
1739,2002,Georgia,Armenia,1.0
1740,2002,Georgia,Azerbaijan,1.0
1741,2002,Georgia,Bulgaria,1.0
1742,2002,Georgia,Estonia,1.0
1743,2002,Georgia,Germany,0.0
1744,2002,Georgia,Greece,0.0
1745,2002,Georgia,Israel,1.0
1746,2002,Georgia,Latvia,0.0
1747,2002,Georgia,Lithuania,0.0
1748,2002,Georgia,Malta,0.0
1749,2002,Georgia,Moldova,0.0
1750,2002,Georgia,Norway,0.0
1751,2002,Georgia,Russia,0.0
1752,2002,Georgia,Slovenia,0.0
1753,2002,Georgia,Ukraine,0.0
1754,2002,Georgia,Wales,1.0
1755,2002,German DR,Egypt,1.0
1756,2002,German DR,United States,1.0
1757,2002,Germany,Albania,1.0
1758,2002,Germany,Austria,0.0
1759,2002,Germany,Belgium,1.0
1760,2002,Germany,Brazil,0.3333333333333333
1761,2002,Germany,Bulgaria,1.0
1762,2002,Germany,Colombia,1.0
1763,2002,Germany,Croatia,1.0
1764,2002,Germany,Czech Republic,1.0
1765,2002,Germany,Czechoslovakia,1.0
1766,2002,Germany,Denmark,1.0
1767,2002,Germany,Finland,1.0
1768,2002,Germany,France,0.0
1769,2002,Germany,Georgia,1.0
1770,2002,Germany,Ghana,1.0
1771,2002,Germany,Italy,1.0
1772,2002,Germany,Liechtenstein,1.0
1773,2002,Germany,Luxembourg,1.0
1774,2002,Germany,Mexico,0.0
1775,2002,Germany,Moldova,1.0
1776,2002,Germany,Netherlands,0.0
1777,2002,Germany,Nigeria,1.0
1778,2002,Germany,Northern Ireland,0.5
1779,2002,Germany,Paraguay,1.0
1780,2002,Germany,Republic of Ireland,0.0
1781,2002,Germany,Romania,0.0
1782,2002,Germany,Russia,1.0
1783,2002,Germany,Saudi Arabia,1.0
1784,2002,Germany,Scotland,0.0
1785,2002,Germany,Slovakia,1.0
1786,2002,Germany,South Africa,1.0
1787,2002,Germany,South Korea,1.0
1788,2002,Germany,Spain,1.0
1789,2002,Germany,Switzerland,0.5
1790,2002,Germany,Turkey,0.5
1791,2002,Germany,United States,1.0
1792,2002,Germany,Uruguay,0.5
1793,2002,Germany,Wales,0.5
1794,2002,Ghana,Angola,1.0
1795,2002,Ghana,Benin,1.0
1796,2002,Ghana,Burkina Faso,1.0
1797,2002,Ghana,Cameroon,0.0
1798,2002,Ghana,Congo,1.0
1799,2002,Ghana,DR Congo,0.6666666666666666
1800,2002,Ghana,Egypt,0.3333333333333333
1801,2002,Ghana,Guinea,1.0
1802,2002,Ghana,Ivory Coast,0.0
1803,2002,Ghana,Jamaica,1.0
1804,2002,Ghana,Lesotho,1.0
1805,2002,Ghana,Liberia,0.0
1806,2002,Ghana,Mali,0.0
1807,2002,Ghana,Mozambique,0.5
1808,2002,Ghana,Niger,1.0
1809,2002,Ghana,Nigeria,1.0
1810,2002,Ghana,Senegal,0.5
1811,2002,Ghana,Sierra Leone,1.0
1812,2002,Ghana,South Africa,0.0
1813,2002,Ghana,Togo,0.6666666666666666
1814,2002,Ghana,Tunisia,0.75
1815,2002,Ghana,Uganda,0.0
1816,2002,Ghana,Zambia,1.0
1817,2002,Ghana,Zimbabwe,1.0
1818,2002,Gibraltar,Monaco,1.0
1819,2002,Greece,Albania,0.75
1820,2002,Greece,Austria,1.0
1821,2002,Greece,Belgium,1.0
1822,2002,Greece,Bolivia,0.0
1823,2002,Greece,Bulgaria,1.0
1824,2002,Greece,Cameroon,0.0
1825,2002,Greece,Croatia,1.0
1826,2002,Greece,Cyprus,0.3333333333333333
1827,2002,Greece,Egypt,1.0
1828,2002,Greece,El Salvador,1.0
1829,2002,Greece,Estonia,0.5
1830,2002,Greece,Faroe Islands,1.0
1831,2002,Greece,Finland,1.0
1832,2002,Greece,Georgia,1.0
1833,2002,Greece,Ghana,0.0
1834,2002,Greece,Israel,1.0
1835,2002,Greece,Latvia,0.0
1836,2002,Greece,Malta,1.0
1837,2002,Greece,Moldova,1.0
1838,2002,Greece,Netherlands,0.0
1839,2002,Greece,Nigeria,1.0
1840,2002,Greece,Norway,0.0
1841,2002,Greece,Poland,0.0
1842,2002,Greece,Portugal,0.5
1843,2002,Greece,Romania,1.0
1844,2002,Greece,Russia,0.0
1845,2002,Greece,San Marino,1.0
1846,2002,Greece,Saudi Arabia,1.0
1847,2002,Greece,Scotland,1.0
1848,2002,Greece,Serbia,0.0
1849,2002,Greece,Slovakia,0.0
1850,2002,Greece,Slovenia,0.0
1851,2002,Greece,Sweden,0.0
1852,2002,Greece,Switzerland,0.0
1853,2002,Greenland,Tibet,1.0
1854,2002,Grenada,Jamaica,1.0
1855,2002,Grenada,Trinidad and Tobago,0.0
1856,2002,Guadeloupe,Martinique,1.0
1857,2002,Guadeloupe,Réunion,0.0
1858,2002,Guam,China PR,0.0
1859,2002,Guam,Japan,0.0
1860,2002,Guam,Micronesia,1.0
1861,2002,Guam,Mongolia,0.0
1862,2002,Guam,New Caledonia,0.0
1863,2002,Guam,Northern Mariana Islands,0.5
1864,2002,Guam,Papua New Guinea,0.0
1865,2002,Guam,Tahiti,0.0
1866,2002,Guam,Vanuatu,0.0
1867,2002,Guatemala,Armenia,0.0
1868,2002,Guatemala,Bolivia,0.0
1869,2002,Guatemala,Chile,0.5
1870,2002,Guatemala,Cuba,0.0
1871,2002,Guatemala,Ecuador,0.0
1872,2002,Guatemala,El Salvador,0.0
1873,2002,Guatemala,Haiti,1.0
1874,2002,Guatemala,Honduras,0.0
1875,2002,Guatemala,Iran,0.0
1876,2002,Guatemala,Jamaica,0.5
1877,2002,Guatemala,Mexico,0.0
1878,2002,Guatemala,Nicaragua,1.0
1879,2002,Guatemala,Panama,0.5
1880,2002,Guatemala,Paraguay,0.0
1881,2002,Guatemala,Poland,0.0
1882,2002,Guatemala,Russia,0.0
1883,2002,Guatemala,Saint Vincent and the Grenadines,1.0
1884,2002,Guatemala,Slovakia,0.0
1885,2002,Guatemala,Venezuela,1.0
1886,2002,Guernsey,Kernow,0.0
1887,2002,Guinea,Angola,1.0
1888,2002,Guinea,Botswana,1.0
1889,2002,Guinea,Burundi,0.0
1890,2002,Guinea,Cameroon,0.0
1891,2002,Guinea,Congo,1.0
1892,2002,Guinea,Gabon,0.0
1893,2002,Guinea,Gambia,1.0
1894,2002,Guinea,Ivory Coast,1.0
1895,2002,Guinea,Mali,1.0
1896,2002,Guinea,Morocco,0.0
1897,2002,Guinea,Mozambique,0.0
1898,2002,Guinea,Namibia,1.0
1899,2002,Guinea,Niger,0.0
1900,2002,Guinea,Sierra Leone,0.6666666666666666
1901,2002,Guinea,Togo,1.0
1902,2002,Guinea,Tunisia,1.0
1903,2002,Guinea-Bissau,Algeria,0.0
1904,2002,Guinea-Bissau,Cape Verde,1.0
1905,2002,Guinea-Bissau,Gambia,1.0
1906,2002,Guinea-Bissau,Guinea,1.0
1907,2002,Guinea-Bissau,Mauritania,1.0
1908,2002,Guinea-Bissau,Senegal,0.0
1909,2002,Guinea-Bissau,Sierra Leone,0.0
1910,2002,Guyana,Barbados,0.0
1911,2002,Guyana,Haiti,0.0
1912,2002,Guyana,Trinidad and Tobago,0.0
1913,2002,Haiti,Cuba,0.0
1914,2002,Haiti,Honduras,0.0
1915,2002,Haiti,Jamaica,0.0
1916,2002,Haiti,Martinique,1.0
1917,2002,Haiti,Panama,0.0
1918,2002,Haiti,Peru,0.0
1919,2002,Haiti,Venezuela,1.0
1920,2002,Honduras,Bolivia,0.3333333333333333
1921,2002,Honduras,Brazil,0.0
1922,2002,Honduras,Chile,1.0
1923,2002,Honduras,Colombia,0.5
1924,2002,Honduras,Costa Rica,0.3333333333333333
1925,2002,Honduras,Cuba,0.5
1926,2002,Honduras,Ecuador,0.0
1927,2002,Honduras,El Salvador,0.5
1928,2002,Honduras,Jamaica,0.6666666666666666
1929,2002,Honduras,Nicaragua,1.0
1930,2002,Honduras,Panama,0.75
1931,2002,Honduras,Peru,0.0
1932,2002,Honduras,South Korea,0.0
1933,2002,Honduras,Trinidad and Tobago,0.3333333333333333
1934,2002,Honduras,Turkey,0.0
1935,2002,Honduras,United States,1.0
1936,2002,Honduras,Uruguay,1.0
1937,2002,Honduras,Venezuela,1.0
1938,2002,Honduras,Zambia,1.0
1939,2002,Hong Kong,Cambodia,1.0
1940,2002,Hong Kong,China PR,0.0
1941,2002,Hong Kong,Estonia,0.0
1942,2002,Hong Kong,Indonesia,0.0
1943,2002,Hong Kong,Kuwait,0.0
1944,2002,Hong Kong,Macau,1.0
1945,2002,Hong Kong,Malaysia,1.0
1946,2002,Hong Kong,Mauritius,1.0
1947,2002,Hong Kong,Oman,0.0
1948,2002,Hong Kong,Philippines,1.0
1949,2002,Hong Kong,Saudi Arabia,0.0
1950,2002,Hong Kong,Singapore,0.5
1951,2002,Hong Kong,Taiwan,0.0
1952,2002,Hong Kong,Thailand,0.0
1953,2002,Hong Kong,Uzbekistan,0.0
1954,2002,Hong Kong,Vietnam,0.0
1955,2002,Hong Kong,Yemen,1.0
1956,2002,Hungary,Australia,0.0
1957,2002,Hungary,Austria,0.3333333333333333
1958,2002,Hungary,Azerbaijan,1.0
1959,2002,Hungary,Belgium,0.0
1960,2002,Hungary,Bosnia and Herzegovina,0.0
1961,2002,Hungary,Colombia,1.0
1962,2002,Hungary,Croatia,0.0
1963,2002,Hungary,Cyprus,1.0
1964,2002,Hungary,England,0.0
1965,2002,Hungary,Finland,0.0
1966,2002,Hungary,France,0.0
1967,2002,Hungary,Germany,0.0
1968,2002,Hungary,Iceland,1.0
1969,2002,Hungary,Israel,0.3333333333333333
1970,2002,Hungary,Italy,0.0
1971,2002,Hungary,Latvia,1.0
1972,2002,Hungary,Liechtenstein,1.0
1973,2002,Hungary,Lithuania,1.0
1974,2002,Hungary,Malta,1.0
1975,2002,Hungary,Moldova,0.0
1976,2002,Hungary,North Macedonia,0.5
1977,2002,Hungary,Norway,0.0
1978,2002,Hungary,Poland,0.0
1979,2002,Hungary,Portugal,0.0
1980,2002,Hungary,Republic of Ireland,0.0
1981,2002,Hungary,Romania,0.0
1982,2002,Hungary,Russia,0.0
1983,2002,Hungary,Saudi Arabia,0.0
1984,2002,Hungary,Slovakia,0.0
1985,2002,Hungary,Slovenia,0.5
1986,2002,Hungary,Sweden,0.5
1987,2002,Hungary,Switzerland,0.3333333333333333
1988,2002,Hungary,Turkey,0.5
1989,2002,Hungary,Ukraine,1.0
1990,2002,Hungary,United Arab Emirates,1.0
1991,2002,Hungary,United States,1.0
1992,2002,Iceland,Albania,1.0
1993,2002,Iceland,Andorra,1.0
1994,2002,Iceland,Armenia,1.0
1995,2002,Iceland,Bolivia,1.0
1996,2002,Iceland,Cyprus,1.0
1997,2002,Iceland,Czechoslovakia,0.0
1998,2002,Iceland,Denmark,0.0
1999,2002,Iceland,Estonia,1.0
2000,2002,Iceland,Faroe Islands,1.0
2001,2002,Iceland,France,0.0
2002,2002,Iceland,Hungary,1.0
2003,2002,Iceland,Israel,0.0
2004,2002,Iceland,Latvia,1.0
2005,2002,Iceland,Malta,1.0
2006,2002,Iceland,Norway,0.0
2007,2002,Iceland,Poland,0.0
2008,2002,Iceland,Russia,1.0
2009,2002,Iceland,Saudi Arabia,0.0
2010,2002,Iceland,South Africa,0.0
2011,2002,Iceland,Spain,1.0
2012,2002,Iceland,Sweden,0.0
2013,2002,Iceland,Switzerland,0.0
2014,2002,Iceland,Turkey,0.5
2015,2002,Iceland,Ukraine,0.0
2016,2002,Iceland,United Arab Emirates,1.0
2017,2002,Iceland,United States,0.0
2018,2002,India,Bangladesh,0.42857142857142855
2019,2002,India,Bhutan,1.0
2020,2002,India,Iran,0.0
2021,2002,India,Maldives,1.0
2022,2002,India,Nepal,1.0
2023,2002,India,North Korea,0.0
2024,2002,India,Oman,0.0
2025,2002,India,Pakistan,0.75
2026,2002,India,Sri Lanka,0.6666666666666666
2027,2002,India,Uzbekistan,0.0
2028,2002,India,Yemen,0.0
2029,2002,Indonesia,Australia,0.0
2030,2002,Indonesia,Cambodia,1.0
2031,2002,Indonesia,Hong Kong,1.0
2032,2002,Indonesia,India,1.0
2033,2002,Indonesia,Iraq,0.3333333333333333
2034,2002,Indonesia,Kuwait,0.0
2035,2002,Indonesia,Laos,1.0
2036,2002,Indonesia,Malaysia,0.6666666666666666
2037,2002,Indonesia,Moldova,0.0
2038,2002,Indonesia,Myanmar,1.0
2039,2002,Indonesia,New Zealand,1.0
2040,2002,Indonesia,Philippines,1.0
2041,2002,Indonesia,Singapore,0.3333333333333333
2042,2002,Indonesia,Taiwan,1.0
2043,2002,Indonesia,Tanzania,1.0
2044,2002,Indonesia,Thailand,0.0
2045,2002,Indonesia,Vietnam,0.4
2046,2002,Iran,Bahrain,0.5
2047,2002,Iran,Bosnia and Herzegovina,1.0
2048,2002,Iran,Cameroon,0.0
2049,2002,Iran,China PR,0.6666666666666666
2050,2002,Iran,Egypt,0.0
2051,2002,Iran,Georgia,1.0
2052,2002,Iran,Hungary,0.0
2053,2002,Iran,Iraq,0.5
2054,2002,Iran,Jamaica,1.0
2055,2002,Iran,Japan,1.0
2056,2002,Iran,Kazakhstan,1.0
2057,2002,Iran,Kenya,1.0
2058,2002,Iran,Kuwait,0.3333333333333333
2059,2002,Iran,Laos,1.0
2060,2002,Iran,Malaysia,1.0
2061,2002,Iran,Maldives,1.0
2062,2002,Iran,Nepal,1.0
2063,2002,Iran,North Korea,0.0
2064,2002,Iran,North Macedonia,1.0
2065,2002,Iran,Oman,0.6666666666666666
2066,2002,Iran,Pakistan,1.0
2067,2002,Iran,Poland,0.0
2068,2002,Iran,Qatar,1.0
2069,2002,Iran,Saudi Arabia,0.0
2070,2002,Iran,South Korea,0.0
2071,2002,Iran,Sri Lanka,1.0
2072,2002,Iran,Syria,0.6666666666666666
2073,2002,Iran,Tajikistan,1.0
2074,2002,Iran,Thailand,0.0
2075,2002,Iran,Turkmenistan,0.5
2076,2002,Iran,Yemen,1.0
2077,2002,Iraq,Jordan,1.0
2078,2002,Iraq,Kyrgyzstan,1.0
2079,2002,Iraq,Oman,1.0
2080,2002,Iraq,Pakistan,1.0
2081,2002,Iraq,South Korea,0.0
2082,2002,Iraq,Syria,0.0
2083,2002,Iraq,Taiwan,1.0
2084,2002,Iraq,Thailand,1.0
2085,2002,Iraq,Uzbekistan,1.0
2086,2002,Israel,Argentina,0.3333333333333333
2087,2002,Israel,Austria,1.0
2088,2002,Israel,Azerbaijan,1.0
2089,2002,Israel,Belarus,1.0
2090,2002,Israel,Brazil,0.0
2091,2002,Israel,Croatia,0.0
2092,2002,Israel,Cyprus,1.0
2093,2002,Israel,Denmark,0.0
2094,2002,Israel,Estonia,1.0
2095,2002,Israel,France,0.0
2096,2002,Israel,Georgia,0.5
2097,2002,Israel,Germany,0.0
2098,2002,Israel,Greece,0.0
2099,2002,Israel,Iceland,0.0
2100,2002,Israel,Latvia,1.0
2101,2002,Israel,Lithuania,1.0
2102,2002,Israel,Luxembourg,1.0
2103,2002,Israel,Moldova,1.0
2104,2002,Israel,Norway,0.0
2105,2002,Israel,Poland,0.6666666666666666
2106,2002,Israel,Romania,0.0
2107,2002,Israel,Russia,0.5
2108,2002,Israel,San Marino,1.0
2109,2002,Israel,Serbia,1.0
2110,2002,Israel,Slovakia,0.0
2111,2002,Israel,South Korea,0.0
2112,2002,Israel,Spain,0.0
2113,2002,Israel,Sweden,0.0
2114,2002,Israel,Turkey,1.0
2115,2002,Israel,Ukraine,1.0
2116,2002,Israel,Uruguay,1.0
2117,2002,Israel,Uzbekistan,1.0
2118,2002,Italy,Argentina,0.0
2119,2002,Italy,Belarus,0.0
2120,2002,Italy,Belgium,0.0
2121,2002,Italy,Croatia,0.0
2122,2002,Italy,Cyprus,1.0
2123,2002,Italy,Denmark,0.0
2124,2002,Italy,Ecuador,1.0
2125,2002,Italy,England,1.0
2126,2002,Italy,Estonia,1.0
2127,2002,Italy,Finland,1.0
2128,2002,Italy,France,0.0
2129,2002,Italy,Germany,0.5
2130,2002,Italy,Greece,0.0
2131,2002,Italy,Hungary,1.0
2132,2002,Italy,Lithuania,1.0
2133,2002,Italy,Mexico,1.0
2134,2002,Italy,Morocco,1.0
2135,2002,Italy,Netherlands,1.0
2136,2002,Italy,Northern Ireland,1.0
2137,2002,Italy,Norway,0.0
2138,2002,Italy,Paraguay,1.0
2139,2002,Italy,Portugal,1.0
2140,2002,Italy,Romania,1.0
2141,2002,Italy,Russia,0.5
2142,2002,Italy,San Marino,1.0
2143,2002,Italy,Slovakia,1.0
2144,2002,Italy,Slovenia,1.0
2145,2002,Italy,South Africa,1.0
2146,2002,Italy,Spain,0.0
2147,2002,Italy,Sweden,1.0
2148,2002,Italy,Switzerland,1.0
2149,2002,Italy,Turkey,1.0
2150,2002,Italy,Ukraine,1.0
2151,2002,Italy,Wales,1.0
2152,2002,Ivory Coast,Algeria,1.0
2153,2002,Ivory Coast,Angola,1.0
2154,2002,Ivory Coast,Benin,1.0
2155,2002,Ivory Coast,Burkina Faso,0.25
2156,2002,Ivory Coast,Cameroon,1.0
2157,2002,Ivory Coast,Congo,0.5
2158,2002,Ivory Coast,Egypt,0.5
2159,2002,Ivory Coast,Gabon,0.0
2160,2002,Ivory Coast,Ghana,0.5
2161,2002,Ivory Coast,Guinea,0.5
2162,2002,Ivory Coast,Liberia,0.6666666666666666
2163,2002,Ivory Coast,Libya,1.0
2164,2002,Ivory Coast,Mali,0.6666666666666666
2165,2002,Ivory Coast,Mauritania,1.0
2166,2002,Ivory Coast,Morocco,1.0
2167,2002,Ivory Coast,Mozambique,1.0
2168,2002,Ivory Coast,Namibia,1.0
2169,2002,Ivory Coast,Niger,1.0
2170,2002,Ivory Coast,Nigeria,1.0
2171,2002,Ivory Coast,Senegal,1.0
2172,2002,Ivory Coast,Sierra Leone,1.0
2173,2002,Ivory Coast,Sudan,1.0
2174,2002,Ivory Coast,Togo,0.3333333333333333
2175,2002,Ivory Coast,Zambia,1.0
2176,2002,Jamaica,Barbados,0.6666666666666666
2177,2002,Jamaica,Bermuda,0.0
2178,2002,Jamaica,Bulgaria,0.0
2179,2002,Jamaica,Canada,0.0
2180,2002,Jamaica,Colombia,0.5
2181,2002,Jamaica,Costa Rica,0.4
2182,2002,Jamaica,Cuba,0.4
2183,2002,Jamaica,El Salvador,1.0
2184,2002,Jamaica,Guatemala,1.0
2185,2002,Jamaica,Haiti,1.0
2186,2002,Jamaica,Honduras,0.3333333333333333
2187,2002,Jamaica,Mexico,0.5
2188,2002,Jamaica,New Zealand,1.0
2189,2002,Jamaica,Nigeria,0.0
2190,2002,Jamaica,North Macedonia,0.0
2191,2002,Jamaica,Norway,0.0
2192,2002,Jamaica,Panama,0.0
2193,2002,Jamaica,Paraguay,0.5
2194,2002,Jamaica,Saint Vincent and the Grenadines,0.0
2195,2002,Jamaica,Saudi Arabia,0.3333333333333333
2196,2002,Jamaica,South Africa,0.0
2197,2002,Jamaica,Sweden,0.0
2198,2002,Jamaica,Trinidad and Tobago,1.0
2199,2002,Jamaica,United States,0.0
2200,2002,Jamaica,Venezuela,0.0
2201,2002,Jamaica,Zambia,0.5
2202,2002,Japan,Australia,0.5
2203,2002,Japan,Belgium,0.0
2204,2002,Japan,Brazil,0.0
2205,2002,Japan,Brunei,1.0
2206,2002,Japan,China PR,0.6666666666666666
2207,2002,Japan,Costa Rica,1.0
2208,2002,Japan,Egypt,1.0
2209,2002,Japan,Ghana,1.0
2210,2002,Japan,India,1.0
2211,2002,Japan,Iran,0.5
2212,2002,Japan,Iraq,1.0
2213,2002,Japan,Italy,0.0
2214,2002,Japan,Ivory Coast,1.0
2215,2002,Japan,Kuwait,1.0
2216,2002,Japan,Mexico,0.0
2217,2002,Japan,Mongolia,1.0
2218,2002,Japan,Myanmar,1.0
2219,2002,Japan,Nigeria,0.0
2220,2002,Japan,North Korea,0.0
2221,2002,Japan,Paraguay,0.0
2222,2002,Japan,Qatar,0.0
2223,2002,Japan,Russia,1.0
2224,2002,Japan,Saudi Arabia,0.8
2225,2002,Japan,Senegal,0.0
2226,2002,Japan,South Korea,0.0
2227,2002,Japan,Switzerland,0.0
2228,2002,Japan,Syria,1.0
2229,2002,Japan,Tunisia,1.0
2230,2002,Japan,Turkey,0.0
2231,2002,Japan,United Arab Emirates,0.25
2232,2002,Japan,Uruguay,1.0
2233,2002,Japan,Uzbekistan,1.0
2234,2002,Jordan,Bosnia and Herzegovina,0.0
2235,2002,Jordan,Bulgaria,0.0
2236,2002,Jordan,China PR,0.0
2237,2002,Jordan,Hungary,0.0
2238,2002,Jordan,Iran,0.0
2239,2002,Jordan,Iraq,0.0
2240,2002,Jordan,Kazakhstan,0.0
2241,2002,Jordan,Kyrgyzstan,1.0
2242,2002,Jordan,Lebanon,0.0
2243,2002,Jordan,North Korea,0.5
2244,2002,Jordan,Pakistan,1.0
2245,2002,Jordan,Saudi Arabia,1.0
2246,2002,Jordan,Syria,0.4
2247,2002,Kazakhstan,Guam,1.0
2248,2002,Kazakhstan,Iran,0.0
2249,2002,Kazakhstan,Japan,0.0
2250,2002,Kazakhstan,Kyrgyzstan,0.5
2251,2002,Kazakhstan,Lebanon,0.0
2252,2002,Kazakhstan,Libya,1.0
2253,2002,Kazakhstan,Palestine,1.0
2254,2002,Kazakhstan,Qatar,1.0
2255,2002,Kazakhstan,Syria,0.0
2256,2002,Kazakhstan,Tajikistan,1.0
2257,2002,Kazakhstan,Turkmenistan,0.5
2258,2002,Kazakhstan,Uzbekistan,1.0
2259,2002,Kenya,Burkina Faso,0.0
2260,2002,Kenya,Burundi,0.5
2261,2002,Kenya,DR Congo,0.0
2262,2002,Kenya,Djibouti,1.0
2263,2002,Kenya,Egypt,0.0
2264,2002,Kenya,Eritrea,1.0
2265,2002,Kenya,Eswatini,1.0
2266,2002,Kenya,Ethiopia,0.5
2267,2002,Kenya,Gabon,1.0
2268,2002,Kenya,Lesotho,0.5
2269,2002,Kenya,Madagascar,0.0
2270,2002,Kenya,Malawi,1.0
2271,2002,Kenya,Morocco,0.0
2272,2002,Kenya,Mozambique,1.0
2273,2002,Kenya,Rwanda,0.6666666666666666
2274,2002,Kenya,Seychelles,0.5
2275,2002,Kenya,Somalia,1.0
2276,2002,Kenya,Sudan,0.6666666666666666
2277,2002,Kenya,Tanzania,0.6666666666666666
2278,2002,Kenya,Tunisia,0.0
2279,2002,Kenya,Uganda,0.2857142857142857
2280,2002,Kenya,Zambia,0.2857142857142857
2281,2002,Kenya,Zanzibar,0.75
2282,2002,Kernow,Guernsey,0.0
2283,2002,Kuwait,Bahrain,1.0
2284,2002,Kuwait,Bhutan,1.0
2285,2002,Kuwait,Bulgaria,0.0
2286,2002,Kuwait,China PR,1.0
2287,2002,Kuwait,Cyprus,0.0
2288,2002,Kuwait,Czech Republic,0.0
2289,2002,Kuwait,Ecuador,0.0
2290,2002,Kuwait,Egypt,0.3333333333333333
2291,2002,Kuwait,Finland,0.3333333333333333
2292,2002,Kuwait,France,0.0
2293,2002,Kuwait,German DR,0.0
2294,2002,Kuwait,Hong Kong,1.0
2295,2002,Kuwait,Iceland,0.0
2296,2002,Kuwait,Indonesia,0.0
2297,2002,Kuwait,Iran,0.16666666666666666
2298,2002,Kuwait,Japan,1.0
2299,2002,Kuwait,Kazakhstan,0.0
2300,2002,Kuwait,Lebanon,0.3333333333333333
2301,2002,Kuwait,Mali,1.0
2302,2002,Kuwait,Nepal,1.0
2303,2002,Kuwait,North Korea,0.5
2304,2002,Kuwait,Oman,0.6666666666666666
2305,2002,Kuwait,Poland,0.0
2306,2002,Kuwait,Qatar,0.0
2307,2002,Kuwait,Saudi Arabia,0.0
2308,2002,Kuwait,South Korea,1.0
2309,2002,Kuwait,Syria,0.5
2310,2002,Kuwait,Thailand,1.0
2311,2002,Kuwait,Trinidad and Tobago,0.0
2312,2002,Kuwait,Turkmenistan,1.0
2313,2002,Kuwait,United Arab Emirates,1.0
2314,2002,Kuwait,Yemen,1.0
2315,2002,Kuwait,Zambia,1.0
2316,2002,Kyrgyzstan,Kazakhstan,0.0
2317,2002,Kyrgyzstan,Lebanon,0.0
2318,2002,Kyrgyzstan,Tajikistan,0.0
2319,2002,Kyrgyzstan,Turkmenistan,0.0
2320,2002,Kyrgyzstan,Uzbekistan,0.0
2321,2002,Kyrgyzstan,Yemen,1.0
2322,2002,Laos,Brunei,1.0
2323,2002,Laos,Cambodia,1.0
2324,2002,Laos,Indonesia,0.0
2325,2002,Laos,Kazakhstan,0.0
2326,2002,Laos,Malaysia,0.5
2327,2002,Laos,Mongolia,1.0
2328,2002,Laos,Myanmar,0.0
2329,2002,Laos,Philippines,1.0
2330,2002,Laos,Thailand,0.0
2331,2002,Laos,Vietnam,0.0
2332,2002,Latvia,Albania,0.0
2333,2002,Latvia,Andorra,1.0
2334,2002,Latvia,Austria,1.0
2335,2002,Latvia,Azerbaijan,0.0
2336,2002,Latvia,Belarus,0.0
2337,2002,Latvia,Estonia,0.0
2338,2002,Latvia,Finland,0.5
2339,2002,Latvia,Georgia,0.5
2340,2002,Latvia,Greece,0.0
2341,2002,Latvia,Israel,0.0
2342,2002,Latvia,Liechtenstein,1.0
2343,2002,Latvia,Malta,1.0
2344,2002,Latvia,Northern Ireland,0.0
2345,2002,Latvia,Norway,0.0
2346,2002,Latvia,Portugal,0.0
2347,2002,Latvia,Republic of Ireland,0.0
2348,2002,Latvia,Russia,0.0
2349,2002,Latvia,Slovenia,0.0
2350,2002,Latvia,Ukraine,0.0
2351,2002,Lebanon,Algeria,0.0
2352,2002,Lebanon,Bahrain,0.0
2353,2002,Lebanon,Cambodia,1.0
2354,2002,Lebanon,Cyprus,1.0
2355,2002,Lebanon,Ecuador,1.0
2356,2002,Lebanon,Egypt,0.0
2357,2002,Lebanon,Estonia,1.0
2358,2002,Lebanon,Georgia,1.0
2359,2002,Lebanon,Iran,0.0
2360,2002,Lebanon,Iraq,0.0
2361,2002,Lebanon,Jordan,0.5
2362,2002,Lebanon,Kazakhstan,1.0
2363,2002,Lebanon,Kuwait,0.5
2364,2002,Lebanon,Libya,1.0
2365,2002,Lebanon,Malta,0.0
2366,2002,Lebanon,New Zealand,0.0
2367,2002,Lebanon,North Korea,1.0
2368,2002,Lebanon,Oman,0.3333333333333333
2369,2002,Lebanon,Philippines,1.0
2370,2002,Lebanon,Saudi Arabia,0.0
2371,2002,Lebanon,Syria,0.0
2372,2002,Lebanon,Thailand,0.0
2373,2002,Lebanon,Turkmenistan,1.0
2374,2002,Lebanon,United Arab Emirates,0.0
2375,2002,Lesotho,Angola,0.5
2376,2002,Lesotho,Botswana,0.0
2377,2002,Lesotho,DR Congo,0.0
2378,2002,Lesotho,Eswatini,0.5
2379,2002,Lesotho,Ghana,0.0
2380,2002,Lesotho,Kenya,0.0
2381,2002,Lesotho,Mauritius,0.25
2382,2002,Lesotho,Mozambique,0.25
2383,2002,Lesotho,Namibia,0.6666666666666666
2384,2002,Lesotho,Zambia,0.0
2385,2002,Lesotho,Zimbabwe,0.0
2386,2002,Liberia,Algeria,0.0
2387,2002,Liberia,Burkina Faso,0.0
2388,2002,Liberia,Congo,1.0
2389,2002,Liberia,DR Congo,0.5
2390,2002,Liberia,Ghana,0.0
2391,2002,Liberia,Guinea,0.0
2392,2002,Liberia,Mali,1.0
2393,2002,Liberia,Mauritania,1.0
2394,2002,Liberia,Mauritius,1.0
2395,2002,Liberia,Niger,1.0
2396,2002,Liberia,Senegal,0.0
2397,2002,Liberia,South Africa,0.0
2398,2002,Liberia,Tanzania,1.0
2399,2002,Liberia,Togo,0.3333333333333333
2400,2002,Liberia,Tunisia,1.0
2401,2002,Liberia,Uganda,1.0
2402,2002,Libya,Algeria,0.0
2403,2002,Libya,Bahrain,1.0
2404,2002,Libya,Chad,1.0
2405,2002,Libya,Egypt,1.0
2406,2002,Libya,Gabon,1.0
2407,2002,Libya,Ivory Coast,0.0
2408,2002,Libya,Jordan,0.0
2409,2002,Libya,Mali,0.0
2410,2002,Libya,Niger,0.0
2411,2002,Libya,Senegal,1.0
2412,2002,Libya,Sudan,1.0
2413,2002,Libya,Togo,1.0
2414,2002,Liechtenstein,Austria,0.0
2415,2002,Liechtenstein,Azerbaijan,1.0
2416,2002,Liechtenstein,Bosnia and Herzegovina,0.0
2417,2002,Liechtenstein,Estonia,0.0
2418,2002,Liechtenstein,Faroe Islands,0.0
2419,2002,Liechtenstein,Hungary,0.0
2420,2002,Liechtenstein,Latvia,0.0
2421,2002,Liechtenstein,Northern Ireland,0.0
2422,2002,Liechtenstein,Portugal,0.0
2423,2002,Liechtenstein,Republic of Ireland,0.0
2424,2002,Liechtenstein,Romania,0.0
2425,2002,Liechtenstein,Slovakia,0.0
2426,2002,Liechtenstein,Switzerland,0.0
2427,2002,Liechtenstein,United States,0.0
2428,2002,Lithuania,Andorra,1.0
2429,2002,Lithuania,Belarus,0.0
2430,2002,Lithuania,Bosnia and Herzegovina,1.0
2431,2002,Lithuania,Croatia,0.0
2432,2002,Lithuania,Czech Republic,0.0
2433,2002,Lithuania,Estonia,0.5
2434,2002,Lithuania,Faroe Islands,0.0
2435,2002,Lithuania,Georgia,1.0
2436,2002,Lithuania,Greece,1.0
2437,2002,Lithuania,Indonesia,0.5
2438,2002,Lithuania,Israel,0.0
2439,2002,Lithuania,Italy,0.0
2440,2002,Lithuania,Moldova,0.0
2441,2002,Lithuania,Scotland,0.0
2442,2002,Lithuania,Slovakia,0.0
2443,2002,Lithuania,Slovenia,1.0
2444,2002,Lithuania,Ukraine,0.0
2445,2002,Luxembourg,Belarus,0.0
2446,2002,Luxembourg,Belgium,0.0
2447,2002,Luxembourg,Bulgaria,0.0
2448,2002,Luxembourg,Cameroon,0.0
2449,2002,Luxembourg,Czech Republic,1.0
2450,2002,Luxembourg,England,0.0
2451,2002,Luxembourg,Estonia,0.0
2452,2002,Luxembourg,Finland,0.0
2453,2002,Luxembourg,Georgia,0.0
2454,2002,Luxembourg,Germany,0.0
2455,2002,Luxembourg,Iceland,0.0
2456,2002,Luxembourg,Malta,1.0
2457,2002,Luxembourg,Morocco,0.0
2458,2002,Luxembourg,Netherlands,0.0
2459,2002,Luxembourg,Northern Ireland,0.0
2460,2002,Luxembourg,Norway,0.0
2461,2002,Luxembourg,Poland,0.0
2462,2002,Luxembourg,Portugal,0.0
2463,2002,Luxembourg,Spain,0.0
2464,2002,Luxembourg,Sweden,0.0
2465,2002,Luxembourg,Switzerland,0.0
2466,2002,Luxembourg,Turkey,0.0
2467,2002,Luxembourg,Wales,0.0
2468,2002,Macau,Brunei,1.0
2469,2002,Macau,Hong Kong,0.0
2470,2002,Macau,Japan,0.0
2471,2002,Macau,Philippines,1.0
2472,2002,Macau,Singapore,0.0
2473,2002,Macau,Taiwan,1.0
2474,2002,Madagascar,Angola,0.0
2475,2002,Madagascar,Botswana,1.0
2476,2002,Madagascar,DR Congo,1.0
2477,2002,Madagascar,Eswatini,0.0
2478,2002,Madagascar,Kenya,0.0
2479,2002,Madagascar,Mauritius,0.5
2480,2002,Madagascar,Mayotte,1.0
2481,2002,Madagascar,Namibia,0.0
2482,2002,Madagascar,Nigeria,0.0
2483,2002,Madagascar,Zambia,0.0
2484,2002,Malawi,Angola,0.0
2485,2002,Malawi,Botswana,0.0
2486,2002,Malawi,Cameroon,0.0
2487,2002,Malawi,Congo,0.0
2488,2002,Malawi,DR Congo,0.5
2489,2002,Malawi,Egypt,1.0
2490,2002,Malawi,Eswatini,0.4
2491,2002,Malawi,Kenya,0.0
2492,2002,Malawi,Libya,0.0
2493,2002,Malawi,Mali,0.0
2494,2002,Malawi,Mauritius,1.0
2495,2002,Malawi,Morocco,0.0
2496,2002,Malawi,Mozambique,0.6666666666666666
2497,2002,Malawi,Namibia,0.0
2498,2002,Malawi,Rwanda,0.0
2499,2002,Malawi,South Africa,1.0
2500,2002,Malawi,Tanzania,0.4444444444444444
2501,2002,Malawi,Uganda,0.0
2502,2002,Malawi,Zambia,0.18181818181818182
2503,2002,Malawi,Zanzibar,1.0
2504,2002,Malawi,Zimbabwe,0.3
2505,2002,Malaysia,Brunei,1.0
2506,2002,Malaysia,Cambodia,0.75
2507,2002,Malaysia,England,0.0
2508,2002,Malaysia,Hong Kong,1.0
2509,2002,Malaysia,India,1.0
2510,2002,Malaysia,Indonesia,0.5
2511,2002,Malaysia,Kuwait,0.0
2512,2002,Malaysia,Laos,0.5
2513,2002,Malaysia,Maldives,1.0
2514,2002,Malaysia,Myanmar,0.5
2515,2002,Malaysia,New Zealand,0.5
2516,2002,Malaysia,North Korea,0.0
2517,2002,Malaysia,Philippines,1.0
2518,2002,Malaysia,Saudi Arabia,0.0
2519,2002,Malaysia,Singapore,0.6666666666666666
2520,2002,Malaysia,Sri Lanka,1.0
2521,2002,Malaysia,Taiwan,0.5
2522,2002,Malaysia,Thailand,1.0
2523,2002,Malaysia,United Arab Emirates,0.0
2524,2002,Malaysia,Vietnam,1.0
2525,2002,Malaysia,Yemen,0.0
2526,2002,Maldives,Bangladesh,0.0
2527,2002,Maldives,India,0.5
2528,2002,Maldives,Iran,0.0
2529,2002,Maldives,Nepal,1.0
2530,2002,Maldives,Qatar,0.0
2531,2002,Maldives,Singapore,0.0
2532,2002,Maldives,Sri Lanka,0.0
2533,2002,Maldives,Thailand,0.0
2534,2002,Mali,Algeria,0.5
2535,2002,Mali,Angola,0.0
2536,2002,Mali,Benin,1.0
2537,2002,Mali,Botswana,1.0
2538,2002,Mali,Burkina Faso,0.875
2539,2002,Mali,Cameroon,0.0
2540,2002,Mali,Cape Verde,1.0
2541,2002,Mali,Congo,1.0
2542,2002,Mali,DR Congo,0.0
2543,2002,Mali,Egypt,1.0
2544,2002,Mali,Gabon,0.0
2545,2002,Mali,Ghana,0.0
2546,2002,Mali,Guinea,0.2
2547,2002,Mali,Ivory Coast,0.0
2548,2002,Mali,Liberia,1.0
2549,2002,Mali,Libya,1.0
2550,2002,Mali,Malawi,1.0
2551,2002,Mali,Mauritania,0.25
2552,2002,Mali,Mauritius,1.0
2553,2002,Mali,Morocco,1.0
2554,2002,Mali,Mozambique,1.0
2555,2002,Mali,Namibia,1.0
2556,2002,Mali,Senegal,0.3333333333333333
2557,2002,Mali,Sierra Leone,0.0
2558,2002,Mali,Tunisia,0.0
2559,2002,Malta,Albania,1.0
2560,2002,Malta,Azerbaijan,1.0
2561,2002,Malta,Belarus,0.0
2562,2002,Malta,Belgium,1.0
2563,2002,Malta,Bosnia and Herzegovina,1.0
2564,2002,Malta,Canada,1.0
2565,2002,Malta,Croatia,0.0
2566,2002,Malta,Czech Republic,0.0
2567,2002,Malta,England,0.0
2568,2002,Malta,Finland,0.0
2569,2002,Malta,Germany,0.0
2570,2002,Malta,Greece,0.0
2571,2002,Malta,Hungary,0.0
2572,2002,Malta,Iceland,0.0
2573,2002,Malta,Latvia,1.0
2574,2002,Malta,Libya,1.0
2575,2002,Malta,Luxembourg,0.0
2576,2002,Malta,Moldova,0.0
2577,2002,Malta,Netherlands,0.0
2578,2002,Malta,North Macedonia,0.0
2579,2002,Malta,Northern Ireland,0.0
2580,2002,Malta,Norway,0.0
2581,2002,Malta,Poland,0.0
2582,2002,Malta,Portugal,0.0
2583,2002,Malta,Qatar,1.0
2584,2002,Malta,Republic of Ireland,0.0
2585,2002,Malta,Scotland,0.0
2586,2002,Malta,Serbia,0.0
2587,2002,Malta,Slovakia,0.0
2588,2002,Malta,South Africa,0.0
2589,2002,Malta,Sweden,0.0
2590,2002,Malta,Wales,0.0
2591,2002,Martinique,Cameroon,1.0
2592,2002,Martinique,DR Congo,0.0
2593,2002,Martinique,Guadeloupe,1.0
2594,2002,Martinique,Saint Lucia,1.0
2595,2002,Martinique,Trinidad and Tobago,0.6666666666666666
2596,2002,Mauritania,Benin,0.0
2597,2002,Mauritania,Cape Verde,0.0
2598,2002,Mauritania,Gambia,1.0
2599,2002,Mauritania,Liberia,0.0
2600,2002,Mauritania,Mali,0.0
2601,2002,Mauritania,Morocco,0.0
2602,2002,Mauritania,Niger,0.0
2603,2002,Mauritania,Senegal,0.0
2604,2002,Mauritania,Togo,1.0
2605,2002,Mauritania,Tunisia,0.0
2606,2002,Mauritius,Angola,0.0
2607,2002,Mauritius,Congo,0.0
2608,2002,Mauritius,Gabon,0.0
2609,2002,Mauritius,Lesotho,1.0
2610,2002,Mauritius,Liberia,0.0
2611,2002,Mauritius,Madagascar,0.0
2612,2002,Mauritius,Malawi,0.0
2613,2002,Mauritius,Mozambique,0.0
2614,2002,Mauritius,Namibia,1.0
2615,2002,Mauritius,Seychelles,1.0
2616,2002,Mauritius,South Africa,0.0
2617,2002,Mauritius,Tanzania,1.0
2618,2002,Mauritius,Tunisia,0.0
2619,2002,Mauritius,Uganda,1.0
2620,2002,Mauritius,Zambia,0.0
2621,2002,Mauritius,Zimbabwe,0.0
2622,2002,Mexico,Argentina,0.25
2623,2002,Mexico,Bolivia,0.5
2624,2002,Mexico,Brazil,0.2
2625,2002,Mexico,Bulgaria,0.0
2626,2002,Mexico,Cameroon,1.0
2627,2002,Mexico,Canada,0.5
2628,2002,Mexico,Chile,0.6666666666666666
2629,2002,Mexico,China PR,1.0
2630,2002,Mexico,Colombia,0.25
2631,2002,Mexico,Costa Rica,0.3333333333333333
2632,2002,Mexico,Ecuador,0.5
2633,2002,Mexico,El Salvador,1.0
2634,2002,Mexico,Germany,0.0
2635,2002,Mexico,Guatemala,0.5
2636,2002,Mexico,Honduras,0.5
2637,2002,Mexico,Hungary,1.0
2638,2002,Mexico,Iran,1.0
2639,2002,Mexico,Italy,0.0
2640,2002,Mexico,Jamaica,1.0
2641,2002,Mexico,Liberia,1.0
2642,2002,Mexico,Martinique,1.0
2643,2002,Mexico,Netherlands,0.0
2644,2002,Mexico,Northern Ireland,1.0
2645,2002,Mexico,Paraguay,0.25
2646,2002,Mexico,Peru,0.6666666666666666
2647,2002,Mexico,Poland,0.0
2648,2002,Mexico,Romania,0.0
2649,2002,Mexico,Russia,0.3333333333333333
2650,2002,Mexico,Saint Vincent and the Grenadines,1.0
2651,2002,Mexico,Saudi Arabia,1.0
2652,2002,Mexico,Serbia,0.0
2653,2002,Mexico,Slovakia,1.0
2654,2002,Mexico,Slovenia,0.0
2655,2002,Mexico,South Africa,1.0
2656,2002,Mexico,Sweden,1.0
2657,2002,Mexico,Switzerland,0.0
2658,2002,Mexico,Trinidad and Tobago,1.0
2659,2002,Mexico,Ukraine,1.0
2660,2002,Mexico,United States,0.5
2661,2002,Mexico,Uruguay,0.6
2662,2002,Mexico,Venezuela,1.0
2663,2002,Micronesia,Northern Mariana Islands,1.0
2664,2002,Moldova,Albania,0.0
2665,2002,Moldova,Bulgaria,0.0
2666,2002,Moldova,Estonia,0.0
2667,2002,Moldova,Finland,0.0
2668,2002,Moldova,Georgia,0.5
2669,2002,Moldova,Germany,0.0
2670,2002,Moldova,Lithuania,0.0
2671,2002,Moldova,Malta,1.0
2672,2002,Moldova,Northern Ireland,0.0
2673,2002,Moldova,Russia,0.0
2674,2002,Moldova,Turkey,0.0
2675,2002,Moldova,Ukraine,0.0
2676,2002,Moldova,Wales,1.0
2677,2002,Monaco,Tibet,1.0
2678,2002,Mongolia,China PR,0.0
2679,2002,Mongolia,Kazakhstan,0.0
2680,2002,Mongolia,Kuwait,0.0
2681,2002,Mongolia,Macau,1.0
2682,2002,Mongolia,Uzbekistan,0.0
2683,2002,Morocco,Algeria,0.0
2684,2002,Morocco,Angola,1.0
2685,2002,Morocco,Burkina Faso,0.0
2686,2002,Morocco,Cameroon,0.0
2687,2002,Morocco,Congo,1.0
2688,2002,Morocco,DR Congo,0.5
2689,2002,Morocco,Egypt,0.3333333333333333
2690,2002,Morocco,Ethiopia,1.0
2691,2002,Morocco,Finland,0.0
2692,2002,Morocco,Gabon,0.5
2693,2002,Morocco,Greece,0.0
2694,2002,Morocco,Guinea,1.0
2695,2002,Morocco,Ivory Coast,1.0
2696,2002,Morocco,Kenya,1.0
2697,2002,Morocco,Libya,0.0
2698,2002,Morocco,Luxembourg,1.0
2699,2002,Morocco,Malawi,0.0
2700,2002,Morocco,Mali,1.0
2701,2002,Morocco,Mauritania,1.0
2702,2002,Morocco,Mozambique,1.0
2703,2002,Morocco,Niger,1.0
2704,2002,Morocco,Senegal,0.75
2705,2002,Morocco,South Africa,0.0
2706,2002,Morocco,Togo,0.5
2707,2002,Morocco,Trinidad and Tobago,1.0
2708,2002,Morocco,Tunisia,1.0
2709,2002,Morocco,United States,1.0
2710,2002,Morocco,Zambia,1.0
2711,2002,Mozambique,Angola,0.5
2712,2002,Mozambique,Botswana,0.75
2713,2002,Mozambique,Cameroon,0.0
2714,2002,Mozambique,DR Congo,0.0
2715,2002,Mozambique,Eritrea,1.0
2716,2002,Mozambique,Eswatini,1.0
2717,2002,Mozambique,Gabon,1.0
2718,2002,Mozambique,Ghana,0.0
2719,2002,Mozambique,Guinea,1.0
2720,2002,Mozambique,Ivory Coast,0.0
2721,2002,Mozambique,Kenya,0.5
2722,2002,Mozambique,Lesotho,0.8
2723,2002,Mozambique,Malawi,1.0
2724,2002,Mozambique,Mali,1.0
2725,2002,Mozambique,Mauritius,1.0
2726,2002,Mozambique,Namibia,0.5
2727,2002,Mozambique,Nigeria,0.0
2728,2002,Mozambique,South Africa,0.0
2729,2002,Mozambique,Sudan,1.0
2730,2002,Mozambique,Tanzania,1.0
2731,2002,Mozambique,Zambia,0.0
2732,2002,Mozambique,Zimbabwe,0.4
2733,2002,Myanmar,Bangladesh,0.5
2734,2002,Myanmar,Brunei,1.0
2735,2002,Myanmar,Cambodia,0.5
2736,2002,Myanmar,Indonesia,0.0
2737,2002,Myanmar,Iraq,0.0
2738,2002,Myanmar,Laos,1.0
2739,2002,Myanmar,Malaysia,1.0
2740,2002,Myanmar,Maldives,1.0
2741,2002,Myanmar,Mongolia,1.0
2742,2002,Myanmar,Philippines,1.0
2743,2002,Myanmar,Singapore,0.0
2744,2002,Myanmar,Sri Lanka,1.0
2745,2002,Myanmar,Thailand,0.0
2746,2002,Myanmar,United Arab Emirates,0.0
2747,2002,Myanmar,Vietnam,0.0
2748,2002,Namibia,Angola,0.0
2749,2002,Namibia,Benin,1.0
2750,2002,Namibia,Botswana,0.3333333333333333
2751,2002,Namibia,Congo,0.0
2752,2002,Namibia,Egypt,0.0
2753,2002,Namibia,Eswatini,0.0
2754,2002,Namibia,Guinea,0.0
2755,2002,Namibia,Ivory Coast,0.5
2756,2002,Namibia,Madagascar,0.0
2757,2002,Namibia,Malawi,1.0
2758,2002,Namibia,Mali,0.5
2759,2002,Namibia,Mauritius,0.0
2760,2002,Namibia,Mozambique,0.5
2761,2002,Namibia,Nigeria,0.0
2762,2002,Namibia,South Africa,0.5
2763,2002,Namibia,Zambia,0.0
2764,2002,Namibia,Zimbabwe,1.0
2765,2002,Nepal,Bangladesh,0.0
2766,2002,Nepal,Bhutan,1.0
2767,2002,Nepal,India,0.0
2768,2002,Nepal,Iran,0.0
2769,2002,Nepal,Japan,0.0
2770,2002,Nepal,Maldives,0.5
2771,2002,Nepal,Oman,0.0
2772,2002,Nepal,Pakistan,0.6666666666666666
2773,2002,Nepal,Sri Lanka,0.0
2774,2002,Nepal,Yemen,0.0
2775,2002,Netherlands,Argentina,0.0
2776,2002,Netherlands,Austria,1.0
2777,2002,Netherlands,Belarus,1.0
2778,2002,Netherlands,Belgium,0.0
2779,2002,Netherlands,Brazil,0.0
2780,2002,Netherlands,Cameroon,0.0
2781,2002,Netherlands,China PR,1.0
2782,2002,Netherlands,Czech Republic,0.3333333333333333
2783,2002,Netherlands,Denmark,0.5
2784,2002,Netherlands,Finland,1.0
2785,2002,Netherlands,France,0.5
2786,2002,Netherlands,Germany,0.6666666666666666
2787,2002,Netherlands,Ghana,0.0
2788,2002,Netherlands,Greece,1.0
2789,2002,Netherlands,Hungary,1.0
2790,2002,Netherlands,Italy,0.0
2791,2002,Netherlands,Luxembourg,1.0
2792,2002,Netherlands,Malta,1.0
2793,2002,Netherlands,Morocco,0.0
2794,2002,Netherlands,Nigeria,1.0
2795,2002,Netherlands,Norway,1.0
2796,2002,Netherlands,Paraguay,1.0
2797,2002,Netherlands,Peru,1.0
2798,2002,Netherlands,Poland,0.5
2799,2002,Netherlands,Portugal,0.5
2800,2002,Netherlands,Republic of Ireland,0.5
2801,2002,Netherlands,Romania,1.0
2802,2002,Netherlands,Russia,0.0
2803,2002,Netherlands,Scotland,0.5
2804,2002,Netherlands,Serbia,1.0
2805,2002,Netherlands,Turkey,0.0
2806,2002,Netherlands,Wales,1.0
2807,2002,Netherlands,Yugoslavia,1.0
2808,2002,New Caledonia,Fiji,0.0
2809,2002,New Caledonia,Papua New Guinea,0.6666666666666666
2810,2002,New Caledonia,Solomon Islands,0.6
2811,2002,New Caledonia,Tahiti,0.0
2812,2002,New Caledonia,Tonga,1.0
2813,2002,New Caledonia,Vanuatu,1.0
2814,2002,New Caledonia,Wallis Islands and Futuna,1.0
2815,2002,New Zealand,Chile,0.0
2816,2002,New Zealand,China PR,1.0
2817,2002,New Zealand,England,0.0
2818,2002,New Zealand,Fiji,1.0
2819,2002,New Zealand,Norway,0.0
2820,2002,New Zealand,Singapore,1.0
2821,2002,New Zealand,Solomon Islands,1.0
2822,2002,New Zealand,South Korea,0.0
2823,2002,New Zealand,Tahiti,1.0
2824,2002,New Zealand,Turkey,0.0
2825,2002,New Zealand,Vanuatu,1.0
2826,2002,Niger,Benin,0.5
2827,2002,Niger,Cameroon,0.0
2828,2002,Niger,Gabon,0.0
2829,2002,Niger,Ghana,0.0
2830,2002,Niger,Ivory Coast,0.3333333333333333
2831,2002,Niger,Liberia,1.0
2832,2002,Niger,Mali,0.0
2833,2002,Niger,Mauritania,1.0
2834,2002,Niger,Morocco,1.0
2835,2002,Niger,Namibia,1.0
2836,2002,Niger,Togo,1.0
2837,2002,Nigeria,Benin,1.0
2838,2002,Nigeria,Burkina Faso,1.0
2839,2002,Nigeria,Cameroon,0.0
2840,2002,Nigeria,Congo,0.0
2841,2002,Nigeria,DR Congo,1.0
2842,2002,Nigeria,Egypt,0.5
2843,2002,Nigeria,England,0.0
2844,2002,Nigeria,Ethiopia,1.0
2845,2002,Nigeria,Gabon,1.0
2846,2002,Nigeria,Georgia,1.0
2847,2002,Nigeria,Ghana,0.0
2848,2002,Nigeria,Ivory Coast,0.6666666666666666
2849,2002,Nigeria,Kenya,1.0
2850,2002,Nigeria,Madagascar,1.0
2851,2002,Nigeria,Malawi,1.0
2852,2002,Nigeria,Morocco,1.0
2853,2002,Nigeria,Namibia,1.0
2854,2002,Nigeria,Senegal,0.5
2855,2002,Nigeria,South Africa,1.0
2856,2002,Nigeria,Sudan,1.0
2857,2002,Nigeria,Suriname,1.0
2858,2002,Nigeria,Togo,0.5
2859,2002,Nigeria,Tunisia,1.0
2860,2002,Nigeria,Uganda,1.0
2861,2002,Nigeria,Uzbekistan,1.0
2862,2002,Nigeria,Zambia,1.0
2863,2002,Nigeria,Zimbabwe,1.0
2864,2002,North Korea,Hong Kong,0.0
2865,2002,North Korea,Iran,0.0
2866,2002,North Korea,Macau,1.0
2867,2002,North Korea,Mongolia,1.0
2868,2002,North Korea,South Korea,1.0
2869,2002,North Korea,Taiwan,1.0
2870,2002,North Korea,Turkmenistan,0.0
2871,2002,North Korea,Uzbekistan,0.0
2872,2002,North Macedonia,Albania,1.0
2873,2002,North Macedonia,Armenia,0.0
2874,2002,North Macedonia,Australia,0.0
2875,2002,North Macedonia,Belgium,0.0
2876,2002,North Macedonia,Bosnia and Herzegovina,0.0
2877,2002,North Macedonia,Bulgaria,0.5
2878,2002,North Macedonia,Croatia,0.0
2879,2002,North Macedonia,Cyprus,1.0
2880,2002,North Macedonia,Czech Republic,0.0
2881,2002,North Macedonia,Denmark,0.0
2882,2002,North Macedonia,Egypt,0.0
2883,2002,North Macedonia,Estonia,1.0
2884,2002,North Macedonia,Hungary,0.0
2885,2002,North Macedonia,Malta,1.0
2886,2002,North Macedonia,Qatar,0.0
2887,2002,North Macedonia,Republic of Ireland,0.0
2888,2002,North Macedonia,Serbia,0.0
2889,2002,North Macedonia,Slovenia,1.0
2890,2002,North Macedonia,South Korea,0.0
2891,2002,North Macedonia,Spain,0.0
2892,2002,North Macedonia,Turkey,0.0
2893,2002,Northern Ireland,Austria,1.0
2894,2002,Northern Ireland,Belgium,1.0
2895,2002,Northern Ireland,Canada,0.0
2896,2002,Northern Ireland,Denmark,0.0
2897,2002,Northern Ireland,Faroe Islands,0.0
2898,2002,Northern Ireland,Finland,1.0
2899,2002,Northern Ireland,France,0.0
2900,2002,Northern Ireland,Germany,0.0
2901,2002,Northern Ireland,Hungary,0.0
2902,2002,Northern Ireland,Latvia,0.0
2903,2002,Northern Ireland,Liechtenstein,1.0
2904,2002,Northern Ireland,Moldova,0.0
2905,2002,Northern Ireland,Norway,0.0
2906,2002,Northern Ireland,Poland,1.0
2907,2002,Northern Ireland,Portugal,0.0
2908,2002,Northern Ireland,Republic of Ireland,0.0
2909,2002,Northern Ireland,Romania,1.0
2910,2002,Northern Ireland,Serbia,0.0
2911,2002,Northern Ireland,Slovakia,1.0
2912,2002,Northern Ireland,Sweden,0.0
2913,2002,Northern Ireland,Switzerland,1.0
2914,2002,Northern Ireland,Turkey,0.0
2915,2002,Northern Ireland,Uruguay,1.0
2916,2002,Northern Ireland,Yugoslavia,0.0
2917,2002,Norway,Albania,0.0
2918,2002,Norway,Belarus,1.0
2919,2002,Norway,Belgium,0.0
2920,2002,Norway,Brazil,1.0
2921,2002,Norway,Bulgaria,1.0
2922,2002,Norway,Cameroon,1.0
2923,2002,Norway,Colombia,0.0
2924,2002,Norway,Cyprus,1.0
2925,2002,Norway,Czech Republic,0.0
2926,2002,Norway,Czechoslovakia,0.0
2927,2002,Norway,Denmark,0.5
2928,2002,Norway,England,0.0
2929,2002,Norway,Faroe Islands,1.0
2930,2002,Norway,France,0.0
2931,2002,Norway,Georgia,1.0
2932,2002,Norway,Germany,0.0
2933,2002,Norway,Ghana,1.0
2934,2002,Norway,Greece,1.0
2935,2002,Norway,Hungary,0.0
2936,2002,Norway,Italy,1.0
2937,2002,Norway,Jamaica,1.0
2938,2002,Norway,Latvia,0.0
2939,2002,Norway,Lithuania,1.0
2940,2002,Norway,Luxembourg,1.0
2941,2002,Norway,Malta,1.0
2942,2002,Norway,Mexico,1.0
2943,2002,Norway,Netherlands,0.0
2944,2002,Norway,Portugal,0.0
2945,2002,Norway,Romania,0.5
2946,2002,Norway,Russia,0.0
2947,2002,Norway,Saudi Arabia,1.0
2948,2002,Norway,Scotland,0.0
2949,2002,Norway,Serbia,0.0
2950,2002,Norway,Slovakia,1.0
2951,2002,Norway,Slovenia,1.0
2952,2002,Norway,Spain,0.0
2953,2002,Norway,Sweden,0.0
2954,2002,Norway,Turkey,0.0
2955,2002,Norway,United States,1.0
2956,2002,Oman,Azerbaijan,1.0
2957,2002,Oman,Bahrain,1.0
2958,2002,Oman,Bulgaria,0.0
2959,2002,Oman,Burkina Faso,0.5
2960,2002,Oman,China PR,0.0
2961,2002,Oman,Ecuador,0.0
2962,2002,Oman,Finland,0.0
2963,2002,Oman,Germany,0.0
2964,2002,Oman,Iran,0.0
2965,2002,Oman,Iraq,1.0
2966,2002,Oman,Kenya,0.6666666666666666
2967,2002,Oman,Kuwait,0.0
2968,2002,Oman,Kyrgyzstan,1.0
2969,2002,Oman,Malaysia,1.0
2970,2002,Oman,Maldives,1.0
2971,2002,Oman,Mali,0.5
2972,2002,Oman,Mozambique,0.0
2973,2002,Oman,Nepal,1.0
2974,2002,Oman,New Zealand,0.25
2975,2002,Oman,North Macedonia,1.0
2976,2002,Oman,Senegal,0.5
2977,2002,Oman,Slovenia,0.0
2978,2002,Oman,Sri Lanka,1.0
2979,2002,Oman,Sudan,0.0
2980,2002,Oman,Switzerland,0.0
2981,2002,Oman,Syria,0.6666666666666666
2982,2002,Oman,United Arab Emirates,0.5
2983,2002,Oman,Yemen,1.0
2984,2002,Oman,Zambia,0.3333333333333333
2985,2002,Pakistan,Bangladesh,0.6666666666666666
2986,2002,Pakistan,Bhutan,1.0
2987,2002,Pakistan,India,0.0
2988,2002,Pakistan,Jordan,0.0
2989,2002,Pakistan,Kazakhstan,0.0
2990,2002,Pakistan,Maldives,1.0
2991,2002,Pakistan,South Korea,0.0
2992,2002,Pakistan,Sri Lanka,1.0
2993,2002,Pakistan,Turkmenistan,0.0
2994,2002,Palau,Guam,0.0
2995,2002,Palestine,Iran,0.0
2996,2002,Palestine,Jordan,0.0
2997,2002,Palestine,Pakistan,1.0
2998,2002,Panama,Cuba,0.5
2999,2002,Panama,Ecuador,0.0
3000,2002,Panama,El Salvador,1.0
3001,2002,Panama,Guatemala,0.6666666666666666
3002,2002,Panama,Haiti,1.0
3003,2002,Panama,Honduras,1.0
3004,2002,Panama,Jamaica,1.0
3005,2002,Panama,Trinidad and Tobago,0.3333333333333333
3006,2002,Panama,Venezuela,0.0
3007,2002,Papua New Guinea,Fiji,0.0
3008,2002,Papua New Guinea,New Caledonia,1.0
3009,2002,Papua New Guinea,Solomon Islands,0.0
3010,2002,Papua New Guinea,Vanuatu,0.0
3011,2002,Papua New Guinea,Wallis Islands and Futuna,1.0
3012,2002,Paraguay,Armenia,0.5
3013,2002,Paraguay,Bolivia,0.4
3014,2002,Paraguay,Bosnia and Herzegovina,1.0
3015,2002,Paraguay,Chile,1.0
3016,2002,Paraguay,Colombia,0.3333333333333333
3017,2002,Paraguay,Costa Rica,1.0
3018,2002,Paraguay,Ecuador,0.5
3019,2002,Paraguay,Japan,1.0
3020,2002,Paraguay,Mexico,0.5
3021,2002,Paraguay,New Zealand,1.0
3022,2002,Paraguay,Peru,0.6666666666666666
3023,2002,Paraguay,Poland,1.0
3024,2002,Paraguay,South Africa,0.0
3025,2002,Paraguay,Uruguay,0.0
3026,2002,Paraguay,Venezuela,1.0
3027,2002,Peru,Argentina,1.0
3028,2002,Peru,Armenia,1.0
3029,2002,Peru,Belarus,0.0
3030,2002,Peru,Bolivia,0.75
3031,2002,Peru,Chile,1.0
3032,2002,Peru,Colombia,1.0
3033,2002,Peru,Costa Rica,1.0
3034,2002,Peru,Ecuador,0.2
3035,2002,Peru,Honduras,0.0
3036,2002,Peru,Japan,1.0
3037,2002,Peru,Mexico,0.5
3038,2002,Peru,Paraguay,0.0
3039,2002,Peru,Romania,0.0
3040,2002,Peru,Slovakia,1.0
3041,2002,Peru,United States,1.0
3042,2002,Peru,Uruguay,0.5
3043,2002,Peru,Venezuela,1.0
3044,2002,Philippines,Brunei,1.0
3045,2002,Philippines,China PR,0.0
3046,2002,Philippines,Estonia,0.0
3047,2002,Philippines,Guam,1.0
3048,2002,Philippines,Indonesia,0.0
3049,2002,Philippines,Laos,0.0
3050,2002,Philippines,Malaysia,1.0
3051,2002,Philippines,Singapore,0.0
3052,2002,Philippines,Thailand,0.0
3053,2002,Philippines,Vietnam,0.0
3054,2002,Poland,Armenia,1.0
3055,2002,Poland,Austria,0.0
3056,2002,Poland,Azerbaijan,1.0
3057,2002,Poland,Belarus,0.0
3058,2002,Poland,Bulgaria,1.0
3059,2002,Poland,Cameroon,0.0
3060,2002,Poland,Cyprus,0.0
3061,2002,Poland,Czech Republic,1.0
3062,2002,Poland,Czechoslovakia,1.0
3063,2002,Poland,England,0.0
3064,2002,Poland,Finland,0.3333333333333333
3065,2002,Poland,France,0.0
3066,2002,Poland,Germany,0.0
3067,2002,Poland,Hungary,1.0
3068,2002,Poland,Iceland,1.0
3069,2002,Poland,Israel,0.6666666666666666
3070,2002,Poland,Latvia,1.0
3071,2002,Poland,Lithuania,0.6666666666666666
3072,2002,Poland,Luxembourg,1.0
3073,2002,Poland,Republic of Ireland,0.0
3074,2002,Poland,Romania,0.0
3075,2002,Poland,Russia,1.0
3076,2002,Poland,Saudi Arabia,1.0
3077,2002,Poland,Scotland,0.0
3078,2002,Poland,Slovakia,1.0
3079,2002,Poland,Slovenia,0.5
3080,2002,Poland,Spain,0.0
3081,2002,Poland,Sweden,0.5
3082,2002,Poland,Turkey,1.0
3083,2002,Poland,United Arab Emirates,1.0
3084,2002,Poland,United States,0.5
3085,2002,Poland,Wales,0.0
3086,2002,Poland,Yugoslavia,0.0
3087,2002,Portugal,Andorra,1.0
3088,2002,Portugal,Angola,1.0
3089,2002,Portugal,Austria,0.5
3090,2002,Portugal,Azerbaijan,1.0
3091,2002,Portugal,Denmark,1.0
3092,2002,Portugal,England,1.0
3093,2002,Portugal,Finland,1.0
3094,2002,Portugal,France,0.0
3095,2002,Portugal,Germany,0.3333333333333333
3096,2002,Portugal,Greece,1.0
3097,2002,Portugal,Hungary,1.0
3098,2002,Portugal,Israel,1.0
3099,2002,Portugal,Latvia,1.0
3100,2002,Portugal,Liechtenstein,1.0
3101,2002,Portugal,Lithuania,1.0
3102,2002,Portugal,Malta,1.0
3103,2002,Portugal,Moldova,1.0
3104,2002,Portugal,Mozambique,1.0
3105,2002,Portugal,Netherlands,0.6666666666666666
3106,2002,Portugal,Northern Ireland,0.0
3107,2002,Portugal,Norway,0.0
3108,2002,Portugal,Poland,1.0
3109,2002,Portugal,Republic of Ireland,1.0
3110,2002,Portugal,Romania,0.0
3111,2002,Portugal,Slovakia,1.0
3112,2002,Portugal,South Korea,0.0
3113,2002,Portugal,Spain,0.0
3114,2002,Portugal,Turkey,1.0
3115,2002,Portugal,United States,1.0
3116,2002,Portugal,Wales,1.0
3117,2002,Qatar,Bahrain,0.0
3118,2002,Qatar,Bosnia and Herzegovina,1.0
3119,2002,Qatar,Burkina Faso,0.0
3120,2002,Qatar,Ecuador,0.0
3121,2002,Qatar,Egypt,0.0
3122,2002,Qatar,Finland,0.5
3123,2002,Qatar,Hungary,0.0
3124,2002,Qatar,Iran,0.3333333333333333
3125,2002,Qatar,Iraq,0.0
3126,2002,Qatar,Jordan,0.0
3127,2002,Qatar,Kazakhstan,0.6666666666666666
3128,2002,Qatar,Kuwait,0.4
3129,2002,Qatar,Lebanon,1.0
3130,2002,Qatar,Myanmar,0.0
3131,2002,Qatar,New Zealand,1.0
3132,2002,Qatar,Norway,0.0
3133,2002,Qatar,Oman,0.5
3134,2002,Qatar,Pakistan,1.0
3135,2002,Qatar,Palestine,1.0
3136,2002,Qatar,Russia,0.0
3137,2002,Qatar,Sudan,0.5
3138,2002,Qatar,Syria,1.0
3139,2002,Qatar,Tajikistan,1.0
3140,2002,Qatar,Thailand,0.3333333333333333
3141,2002,Qatar,Uzbekistan,0.0
3142,2002,Qatar,Wales,0.0
3143,2002,Qatar,Yemen,1.0
3144,2002,Republic of Ireland,Argentina,0.0
3145,2002,Republic of Ireland,Austria,0.0
3146,2002,Republic of Ireland,Bolivia,1.0
3147,2002,Republic of Ireland,Cameroon,0.0
3148,2002,Republic of Ireland,Chile,0.0
3149,2002,Republic of Ireland,Croatia,0.3333333333333333
3150,2002,Republic of Ireland,Czech Republic,0.5
3151,2002,Republic of Ireland,England,0.5
3152,2002,Republic of Ireland,Finland,0.5
3153,2002,Republic of Ireland,Greece,0.0
3154,2002,Republic of Ireland,Hungary,0.0
3155,2002,Republic of Ireland,Latvia,1.0
3156,2002,Republic of Ireland,Liechtenstein,1.0
3157,2002,Republic of Ireland,Malta,1.0
3158,2002,Republic of Ireland,Mexico,0.0
3159,2002,Republic of Ireland,Morocco,1.0
3160,2002,Republic of Ireland,Netherlands,0.0
3161,2002,Republic of Ireland,North Macedonia,1.0
3162,2002,Republic of Ireland,Northern Ireland,0.0
3163,2002,Republic of Ireland,Paraguay,1.0
3164,2002,Republic of Ireland,Poland,0.0
3165,2002,Republic of Ireland,Portugal,0.5
3166,2002,Republic of Ireland,Russia,0.3333333333333333
3167,2002,Republic of Ireland,Scotland,0.0
3168,2002,Republic of Ireland,Serbia,1.0
3169,2002,Republic of Ireland,Sweden,1.0
3170,2002,Republic of Ireland,Switzerland,1.0
3171,2002,Republic of Ireland,Turkey,0.5
3172,2002,Republic of Ireland,United States,1.0
3173,2002,Republic of Ireland,Wales,0.6666666666666666
3174,2002,Romania,Azerbaijan,1.0
3175,2002,Romania,Belgium,1.0
3176,2002,Romania,Bolivia,1.0
3177,2002,Romania,Bulgaria,0.0
3178,2002,Romania,Cyprus,1.0
3179,2002,Romania,Egypt,1.0
3180,2002,Romania,Estonia,1.0
3181,2002,Romania,France,0.0
3182,2002,Romania,Georgia,1.0
3183,2002,Romania,Greece,1.0
3184,2002,Romania,Hungary,1.0
3185,2002,Romania,Israel,0.6
3186,2002,Romania,Latvia,1.0
3187,2002,Romania,Liechtenstein,1.0
3188,2002,Romania,Mexico,1.0
3189,2002,Romania,Moldova,1.0
3190,2002,Romania,Paraguay,1.0
3191,2002,Romania,Poland,0.6666666666666666
3192,2002,Romania,Portugal,0.0
3193,2002,Romania,San Marino,1.0
3194,2002,Romania,Scotland,1.0
3195,2002,Romania,Serbia,1.0
3196,2002,Romania,Slovakia,0.3333333333333333
3197,2002,Romania,Slovenia,0.0
3198,2002,Romania,Spain,0.0
3199,2002,Romania,Sweden,0.0
3200,2002,Romania,Switzerland,1.0
3201,2002,Romania,United Arab Emirates,0.0
3202,2002,Romania,United States,0.0
3203,2002,Russia,Andorra,1.0
3204,2002,Russia,Armenia,1.0
3205,2002,Russia,Belarus,0.0
3206,2002,Russia,Brazil,0.0
3207,2002,Russia,Cyprus,1.0
3208,2002,Russia,Czech Republic,0.0
3209,2002,Russia,England,0.0
3210,2002,Russia,Faroe Islands,1.0
3211,2002,Russia,Finland,1.0
3212,2002,Russia,France,0.5
3213,2002,Russia,Germany,0.0
3214,2002,Russia,Greece,0.5
3215,2002,Russia,Hungary,0.0
3216,2002,Russia,Iceland,1.0
3217,2002,Russia,Israel,1.0
3218,2002,Russia,Italy,0.0
3219,2002,Russia,Netherlands,1.0
3220,2002,Russia,Norway,1.0
3221,2002,Russia,Poland,1.0
3222,2002,Russia,Romania,0.0
3223,2002,Russia,San Marino,1.0
3224,2002,Russia,Scotland,0.0
3225,2002,Russia,Serbia,0.0
3226,2002,Russia,Slovakia,0.5
3227,2002,Russia,Tunisia,1.0
3228,2002,Russia,Turkey,1.0
3229,2002,Russia,Ukraine,0.0
3230,2002,Russia,United Arab Emirates,1.0
3231,2002,Russia,United States,1.0
3232,2002,Rwanda,Burundi,0.0
3233,2002,Rwanda,Congo,1.0
3234,2002,Rwanda,Djibouti,1.0
3235,2002,Rwanda,Eritrea,1.0
3236,2002,Rwanda,Ethiopia,0.0
3237,2002,Rwanda,Kenya,0.0
3238,2002,Rwanda,Somalia,1.0
3239,2002,Rwanda,Tanzania,0.3333333333333333
3240,2002,Rwanda,Uganda,0.6
3241,2002,Rwanda,Zanzibar,0.0
3242,2002,Rwanda,Zimbabwe,1.0
3243,2002,Réunion,Congo,1.0
3244,2002,Saint Kitts and Nevis,Antigua and Barbuda,1.0
3245,2002,Saint Kitts and Nevis,Cuba,0.0
3246,2002,Saint Kitts and Nevis,Jamaica,0.0
3247,2002,Saint Kitts and Nevis,Puerto Rico,1.0
3248,2002,Saint Kitts and Nevis,Saint Lucia,0.5
3249,2002,Saint Lucia,Antigua and Barbuda,0.0
3250,2002,Saint Lucia,Dominica,1.0
3251,2002,Saint Lucia,Grenada,0.0
3252,2002,Saint Lucia,Jamaica,0.0
3253,2002,Saint Lucia,Martinique,0.0
3254,2002,Saint Lucia,Saint Kitts and Nevis,1.0
3255,2002,Saint Vincent and the Grenadines,Barbados,1.0
3256,2002,Saint Vincent and the Grenadines,Grenada,1.0
3257,2002,Saint Vincent and the Grenadines,Jamaica,0.0
3258,2002,Saint Vincent and the Grenadines,Saint Kitts and Nevis,1.0
3259,2002,Saint Vincent and the Grenadines,Trinidad and Tobago,1.0
3260,2002,Samoa,American Samoa,1.0
3261,2002,Samoa,Tahiti,0.0
3262,2002,Samoa,Tonga,0.5
3263,2002,San Marino,Austria,0.0
3264,2002,San Marino,Bulgaria,0.0
3265,2002,San Marino,Cyprus,0.0
3266,2002,San Marino,Faroe Islands,0.0
3267,2002,San Marino,Finland,0.0
3268,2002,San Marino,Greece,0.0
3269,2002,San Marino,Israel,0.0
3270,2002,San Marino,Moldova,0.0
3271,2002,San Marino,Romania,0.0
3272,2002,San Marino,Russia,0.0
3273,2002,San Marino,Scotland,0.0
3274,2002,San Marino,Spain,0.0
3275,2002,San Marino,Switzerland,0.0
3276,2002,Saudi Arabia,Australia,0.0
3277,2002,Saudi Arabia,Bangladesh,1.0
3278,2002,Saudi Arabia,Bulgaria,1.0
3279,2002,Saudi Arabia,Cameroon,1.0
3280,2002,Saudi Arabia,Chile,0.0
3281,2002,Saudi Arabia,China PR,0.5
3282,2002,Saudi Arabia,Colombia,0.0
3283,2002,Saudi Arabia,Costa Rica,0.3333333333333333
3284,2002,Saudi Arabia,Germany,0.0
3285,2002,Saudi Arabia,Ghana,0.0
3286,2002,Saudi Arabia,Iceland,0.0
3287,2002,Saudi Arabia,Indonesia,1.0
3288,2002,Saudi Arabia,Iran,0.0
3289,2002,Saudi Arabia,Iraq,1.0
3290,2002,Saudi Arabia,Japan,0.0
3291,2002,Saudi Arabia,Jordan,1.0
3292,2002,Saudi Arabia,Kazakhstan,1.0
3293,2002,Saudi Arabia,Kyrgyzstan,1.0
3294,2002,Saudi Arabia,Mali,0.5
3295,2002,Saudi Arabia,Mexico,0.0
3296,2002,Saudi Arabia,Namibia,1.0
3297,2002,Saudi Arabia,New Zealand,1.0
3298,2002,Saudi Arabia,North Korea,0.5
3299,2002,Saudi Arabia,North Macedonia,0.0
3300,2002,Saudi Arabia,Poland,0.0
3301,2002,Saudi Arabia,Qatar,0.0
3302,2002,Saudi Arabia,Republic of Ireland,0.0
3303,2002,Saudi Arabia,Russia,1.0
3304,2002,Saudi Arabia,Senegal,1.0
3305,2002,Saudi Arabia,South Africa,0.0
3306,2002,Saudi Arabia,Sudan,1.0
3307,2002,Saudi Arabia,Syria,1.0
3308,2002,Saudi Arabia,Tanzania,1.0
3309,2002,Saudi Arabia,Thailand,1.0
3310,2002,Saudi Arabia,Trinidad and Tobago,1.0
3311,2002,Saudi Arabia,Uganda,1.0
3312,2002,Saudi Arabia,United Arab Emirates,0.6666666666666666
3313,2002,Saudi Arabia,United States,1.0
3314,2002,Saudi Arabia,Uzbekistan,0.5
3315,2002,Saudi Arabia,Yemen,1.0
3316,2002,Saudi Arabia,Zambia,0.6666666666666666
3317,2002,Saudi Arabia,Zimbabwe,0.0
3318,2002,Scotland,Argentina,1.0
3319,2002,Scotland,Australia,0.5
3320,2002,Scotland,Bosnia and Herzegovina,1.0
3321,2002,Scotland,Bulgaria,0.0
3322,2002,Scotland,Czech Republic,0.0
3323,2002,Scotland,Denmark,0.0
3324,2002,Scotland,Egypt,0.0
3325,2002,Scotland,England,0.0
3326,2002,Scotland,Estonia,1.0
3327,2002,Scotland,Faroe Islands,1.0
3328,2002,Scotland,Finland,0.3333333333333333
3329,2002,Scotland,France,0.0
3330,2002,Scotland,German DR,0.0
3331,2002,Scotland,Germany,0.0
3332,2002,Scotland,Greece,1.0
3333,2002,Scotland,Lithuania,1.0
3334,2002,Scotland,Netherlands,0.0
3335,2002,Scotland,Northern Ireland,1.0
3336,2002,Scotland,Poland,0.0
3337,2002,Scotland,Romania,1.0
3338,2002,Scotland,Russia,0.3333333333333333
3339,2002,Scotland,San Marino,1.0
3340,2002,Scotland,Switzerland,1.0
3341,2002,Scotland,Wales,0.0
3342,2002,Senegal,Algeria,0.25
3343,2002,Senegal,Burkina Faso,0.0
3344,2002,Senegal,Burundi,1.0
3345,2002,Senegal,Cameroon,0.0
3346,2002,Senegal,Cape Verde,1.0
3347,2002,Senegal,Eritrea,1.0
3348,2002,Senegal,Ethiopia,1.0
3349,2002,Senegal,Gambia,1.0
3350,2002,Senegal,Guinea,1.0
3351,2002,Senegal,Guinea-Bissau,1.0
3352,2002,Senegal,Ivory Coast,0.3333333333333333
3353,2002,Senegal,Kenya,0.5
3354,2002,Senegal,Liberia,1.0
3355,2002,Senegal,Mali,0.5
3356,2002,Senegal,Mauritania,0.0
3357,2002,Senegal,Niger,1.0
3358,2002,Senegal,Nigeria,0.0
3359,2002,Senegal,Sierra Leone,0.0
3360,2002,Senegal,Togo,0.5
3361,2002,Senegal,Tunisia,0.0
3362,2002,Senegal,Turkey,0.0
3363,2002,Senegal,Uganda,1.0
3364,2002,Senegal,Uruguay,0.0
3365,2002,Senegal,Zambia,0.0
3366,2002,Senegal,Zimbabwe,1.0
3367,2002,Serbia,China PR,1.0
3368,2002,Serbia,Croatia,0.0
3369,2002,Serbia,Japan,1.0
3370,2002,Serbia,Malta,1.0
3371,2002,Serbia,Nigeria,1.0
3372,2002,Serbia,North Macedonia,1.0
3373,2002,Serbia,Republic of Ireland,1.0
3374,2002,Serbia,Romania,1.0
3375,2002,Serbia,Russia,0.0
3376,2002,Serbia,Slovenia,0.0
3377,2002,Serbia,South Korea,1.0
3378,2002,Serbia,Spain,0.0
3379,2002,Serbia,Switzerland,0.0
3380,2002,Serbia,Uruguay,1.0
3381,2002,Seychelles,Kenya,0.0
3382,2002,Seychelles,Mauritius,0.0
3383,2002,Seychelles,Uganda,0.0
3384,2002,Seychelles,Zimbabwe,0.0
3385,2002,Sierra Leone,Algeria,1.0
3386,2002,Sierra Leone,Burkina Faso,1.0
3387,2002,Sierra Leone,Cameroon,0.0
3388,2002,Sierra Leone,Congo,1.0
3389,2002,Sierra Leone,Gambia,0.0
3390,2002,Sierra Leone,Ghana,0.5
3391,2002,Sierra Leone,Guinea,0.0
3392,2002,Sierra Leone,Guinea-Bissau,1.0
3393,2002,Sierra Leone,Liberia,1.0
3394,2002,Sierra Leone,Mali,1.0
3395,2002,Sierra Leone,Senegal,1.0
3396,2002,Sierra Leone,Togo,1.0
3397,2002,Sierra Leone,Zambia,0.0
3398,2002,Singapore,Brunei,0.75
3399,2002,Singapore,Cambodia,1.0
3400,2002,Singapore,China PR,0.0
3401,2002,Singapore,Indonesia,0.6666666666666666
3402,2002,Singapore,Japan,0.0
3403,2002,Singapore,Laos,0.6666666666666666
3404,2002,Singapore,Malaysia,0.6
3405,2002,Singapore,Maldives,1.0
3406,2002,Singapore,Myanmar,0.5
3407,2002,Singapore,New Zealand,0.5
3408,2002,Singapore,Pakistan,1.0
3409,2002,Singapore,Philippines,1.0
3410,2002,Singapore,Qatar,0.0
3411,2002,Singapore,Saudi Arabia,0.0
3412,2002,Singapore,Sri Lanka,1.0
3413,2002,Singapore,Thailand,0.0
3414,2002,Singapore,United Arab Emirates,0.0
3415,2002,Singapore,Vietnam,1.0
3416,2002,Slovakia,Azerbaijan,1.0
3417,2002,Slovakia,Belarus,1.0
3418,2002,Slovakia,Bulgaria,0.5
3419,2002,Slovakia,Croatia,0.5
3420,2002,Slovakia,Czech Republic,0.0
3421,2002,Slovakia,Finland,0.0
3422,2002,Slovakia,France,0.0
3423,2002,Slovakia,Hungary,0.0
3424,2002,Slovakia,Iceland,1.0
3425,2002,Slovakia,Iran,0.0
3426,2002,Slovakia,Israel,1.0
3427,2002,Slovakia,Liechtenstein,1.0
3428,2002,Slovakia,Lithuania,0.0
3429,2002,Slovakia,Malta,0.0
3430,2002,Slovakia,Poland,0.5
3431,2002,Slovakia,Portugal,0.0
3432,2002,Slovakia,Romania,0.0
3433,2002,Slovakia,Russia,1.0
3434,2002,Slovakia,Saudi Arabia,0.0
3435,2002,Slovakia,Slovenia,1.0
3436,2002,Slovakia,South Korea,0.0
3437,2002,Slovakia,Switzerland,1.0
3438,2002,Slovenia,Albania,1.0
3439,2002,Slovenia,Croatia,0.0
3440,2002,Slovenia,Cyprus,1.0
3441,2002,Slovenia,Czech Republic,0.0
3442,2002,Slovenia,Estonia,1.0
3443,2002,Slovenia,Finland,0.0
3444,2002,Slovenia,Georgia,1.0
3445,2002,Slovenia,Greece,0.0
3446,2002,Slovenia,Italy,0.0
3447,2002,Slovenia,Latvia,1.0
3448,2002,Slovenia,Lithuania,0.0
3449,2002,Slovenia,North Macedonia,0.0
3450,2002,Slovenia,Norway,0.0
3451,2002,Slovenia,Paraguay,0.0
3452,2002,Slovenia,Romania,0.0
3453,2002,Slovenia,Saudi Arabia,1.0
3454,2002,Slovenia,Spain,0.0
3455,2002,Slovenia,Switzerland,0.0
3456,2002,Slovenia,Ukraine,1.0
3457,2002,Slovenia,United Arab Emirates,0.0
3458,2002,Slovenia,Uruguay,0.0
3459,2002,Solomon Islands,Australia,0.0
3460,2002,Solomon Islands,Cook Islands,1.0
3461,2002,Solomon Islands,Fiji,1.0
3462,2002,Solomon Islands,Guam,1.0
3463,2002,Solomon Islands,New Caledonia,1.0
3464,2002,Solomon Islands,Papua New Guinea,1.0
3465,2002,Solomon Islands,Tahiti,0.0
3466,2002,Solomon Islands,Vanuatu,1.0
3467,2002,Solomon Islands,Wallis Islands and Futuna,1.0
3468,2002,Somalia,Djibouti,1.0
3469,2002,Somalia,Ethiopia,0.0
3470,2002,Somalia,Uganda,0.0
3471,2002,South Africa,Algeria,0.5
3472,2002,South Africa,Angola,0.6666666666666666
3473,2002,South Africa,Argentina,0.0
3474,2002,South Africa,Brazil,0.0
3475,2002,South Africa,Cameroon,0.5
3476,2002,South Africa,Congo,0.0
3477,2002,South Africa,DR Congo,1.0
3478,2002,South Africa,Egypt,0.5
3479,2002,South Africa,Eswatini,1.0
3480,2002,South Africa,France,0.0
3481,2002,South Africa,Gabon,1.0
3482,2002,South Africa,Germany,0.0
3483,2002,South Africa,Ghana,1.0
3484,2002,South Africa,Ivory Coast,0.0
3485,2002,South Africa,Liberia,1.0
3486,2002,South Africa,Mauritius,0.75
3487,2002,South Africa,Mozambique,1.0
3488,2002,South Africa,Namibia,1.0
3489,2002,South Africa,Netherlands,0.0
3490,2002,South Africa,Saudi Arabia,1.0
3491,2002,South Africa,Slovenia,1.0
3492,2002,South Africa,Spain,0.0
3493,2002,South Africa,Sweden,1.0
3494,2002,South Africa,Tunisia,0.5
3495,2002,South Africa,Zambia,0.0
3496,2002,South Africa,Zimbabwe,0.25
3497,2002,South Korea,Australia,0.75
3498,2002,South Korea,Bangladesh,1.0
3499,2002,South Korea,Belgium,0.0
3500,2002,South Korea,Brazil,0.3333333333333333
3501,2002,South Korea,Cameroon,0.3333333333333333
3502,2002,South Korea,China PR,0.25
3503,2002,South Korea,Colombia,1.0
3504,2002,South Korea,Costa Rica,0.0
3505,2002,South Korea,Croatia,0.5
3506,2002,South Korea,Czech Republic,0.0
3507,2002,South Korea,Guam,1.0
3508,2002,South Korea,Indonesia,1.0
3509,2002,South Korea,Iran,0.0
3510,2002,South Korea,Iraq,0.0
3511,2002,South Korea,Italy,1.0
3512,2002,South Korea,Jamaica,0.5
3513,2002,South Korea,Japan,1.0
3514,2002,South Korea,Kuwait,0.5
3515,2002,South Korea,Laos,1.0
3516,2002,South Korea,Mongolia,1.0
3517,2002,South Korea,Myanmar,1.0
3518,2002,South Korea,Nepal,1.0
3519,2002,South Korea,New Zealand,1.0
3520,2002,South Korea,Nigeria,0.5
3521,2002,South Korea,North Korea,1.0
3522,2002,South Korea,North Macedonia,1.0
3523,2002,South Korea,Norway,1.0
3524,2002,South Korea,Oman,1.0
3525,2002,South Korea,Poland,1.0
3526,2002,South Korea,Romania,0.0
3527,2002,South Korea,Saudi Arabia,0.0
3528,2002,South Korea,Senegal,0.0
3529,2002,South Korea,Serbia,0.0
3530,2002,South Korea,Singapore,1.0
3531,2002,South Korea,Sweden,0.0
3532,2002,South Korea,Taiwan,1.0
3533,2002,South Korea,Tajikistan,1.0
3534,2002,South Korea,Thailand,1.0
3535,2002,South Korea,Turkey,0.0
3536,2002,South Korea,Turkmenistan,0.0
3537,2002,South Korea,Ukraine,1.0
3538,2002,South Korea,United Arab Emirates,0.0
3539,2002,South Korea,United States,0.5
3540,2002,Spain,Albania,1.0
3541,2002,Spain,Argentina,0.5
3542,2002,Spain,Armenia,1.0
3543,2002,Spain,Austria,0.5
3544,2002,Spain,Belgium,0.0
3545,2002,Spain,Brazil,0.5
3546,2002,Spain,Bulgaria,0.0
3547,2002,Spain,Chile,1.0
3548,2002,Spain,Croatia,0.5
3549,2002,Spain,Cyprus,1.0
3550,2002,Spain,Czechoslovakia,1.0
3551,2002,Spain,Denmark,1.0
3552,2002,Spain,England,1.0
3553,2002,Spain,Finland,1.0
3554,2002,Spain,France,0.3333333333333333
3555,2002,Spain,Germany,0.0
3556,2002,Spain,Hungary,0.0
3557,2002,Spain,Iceland,1.0
3558,2002,Spain,Israel,1.0
3559,2002,Spain,Italy,1.0
3560,2002,Spain,Japan,1.0
3561,2002,Spain,Mexico,0.5
3562,2002,Spain,Netherlands,0.0
3563,2002,Spain,North Macedonia,1.0
3564,2002,Spain,Northern Ireland,1.0
3565,2002,Spain,Norway,0.5
3566,2002,Spain,Paraguay,1.0
3567,2002,Spain,Poland,0.5
3568,2002,Spain,Portugal,0.0
3569,2002,Spain,Republic of Ireland,0.0
3570,2002,Spain,Romania,0.0
3571,2002,Spain,Russia,0.5
3572,2002,Spain,San Marino,1.0
3573,2002,Spain,Slovenia,1.0
3574,2002,Spain,South Korea,0.0
3575,2002,Spain,Sweden,1.0
3576,2002,Spain,United States,1.0
3577,2002,Spain,Uruguay,0.5
3578,2002,Sri Lanka,Bangladesh,0.0
3579,2002,Sri Lanka,Cambodia,1.0
3580,2002,Sri Lanka,India,0.3333333333333333
3581,2002,Sri Lanka,Iran,0.0
3582,2002,Sri Lanka,Maldives,0.16666666666666666
3583,2002,Sri Lanka,Nepal,0.4
3584,2002,Sri Lanka,Oman,0.0
3585,2002,Sri Lanka,Pakistan,1.0
3586,2002,Sri Lanka,Uzbekistan,0.0
3587,2002,Sudan,Algeria,0.0
3588,2002,Sudan,Chad,1.0
3589,2002,Sudan,Egypt,0.0
3590,2002,Sudan,Eritrea,0.5
3591,2002,Sudan,Ethiopia,1.0
3592,2002,Sudan,Ivory Coast,0.0
3593,2002,Sudan,Kenya,0.5
3594,2002,Sudan,Libya,1.0
3595,2002,Sudan,Mozambique,1.0
3596,2002,Sudan,Nigeria,0.0
3597,2002,Sudan,Tanzania,0.6666666666666666
3598,2002,Sudan,Uganda,0.16666666666666666
3599,2002,Sudan,Zambia,0.0
3600,2002,Sudan,Zanzibar,0.0
3601,2002,Suriname,French Guiana,1.0
3602,2002,Suriname,Guyana,1.0
3603,2002,Sweden,Argentina,0.0
3604,2002,Sweden,Austria,0.5
3605,2002,Sweden,Bulgaria,1.0
3606,2002,Sweden,Colombia,0.0
3607,2002,Sweden,Denmark,0.5
3608,2002,Sweden,England,1.0
3609,2002,Sweden,Finland,1.0
3610,2002,Sweden,France,0.0
3611,2002,Sweden,Germany,0.0
3612,2002,Sweden,Hungary,1.0
3613,2002,Sweden,Iceland,0.0
3614,2002,Sweden,Italy,1.0
3615,2002,Sweden,Jamaica,1.0
3616,2002,Sweden,Japan,0.0
3617,2002,Sweden,Lithuania,1.0
3618,2002,Sweden,Luxembourg,1.0
3619,2002,Sweden,Nigeria,1.0
3620,2002,Sweden,Norway,1.0
3621,2002,Sweden,Poland,0.6666666666666666
3622,2002,Sweden,Russia,1.0
3623,2002,Sweden,Scotland,1.0
3624,2002,Sweden,Senegal,0.0
3625,2002,Sweden,Slovakia,1.0
3626,2002,Sweden,South Africa,1.0
3627,2002,Sweden,Spain,0.0
3628,2002,Sweden,Switzerland,0.0
3629,2002,Sweden,Turkey,0.0
3630,2002,Sweden,United States,1.0
3631,2002,Sweden,Wales,1.0
3632,2002,Sweden,Yugoslavia,1.0
3633,2002,Switzerland,Argentina,0.0
3634,2002,Switzerland,Austria,0.0
3635,2002,Switzerland,Belarus,1.0
3636,2002,Switzerland,Bulgaria,0.5
3637,2002,Switzerland,Czech Republic,0.5
3638,2002,Switzerland,Denmark,0.0
3639,2002,Switzerland,England,0.0
3640,2002,Switzerland,France,1.0
3641,2002,Switzerland,Germany,0.0
3642,2002,Switzerland,Greece,0.0
3643,2002,Switzerland,Hungary,1.0
3644,2002,Switzerland,Iceland,1.0
3645,2002,Switzerland,Italy,0.0
3646,2002,Switzerland,Latvia,1.0
3647,2002,Switzerland,Liechtenstein,1.0
3648,2002,Switzerland,Netherlands,0.0
3649,2002,Switzerland,Norway,0.0
3650,2002,Switzerland,Poland,0.0
3651,2002,Switzerland,Romania,0.5
3652,2002,Switzerland,San Marino,1.0
3653,2002,Switzerland,Scotland,0.0
3654,2002,Switzerland,Serbia,0.0
3655,2002,Switzerland,Sweden,0.6666666666666666
3656,2002,Switzerland,Turkey,0.0
3657,2002,Switzerland,United Arab Emirates,1.0
3658,2002,Switzerland,United States,1.0
3659,2002,Switzerland,Wales,1.0
3660,2002,Syria,Bahrain,1.0
3661,2002,Syria,China PR,0.0
3662,2002,Syria,Egypt,0.0
3663,2002,Syria,Iran,0.0
3664,2002,Syria,Jordan,0.5
3665,2002,Syria,Kazakhstan,1.0
3666,2002,Syria,Kuwait,0.0
3667,2002,Syria,Libya,0.0
3668,2002,Syria,Maldives,1.0
3669,2002,Syria,North Korea,0.5
3670,2002,Syria,Oman,0.5
3671,2002,Syria,Palestine,1.0
3672,2002,Syria,Qatar,1.0
3673,2002,Syria,Sudan,0.5
3674,2002,São Tomé and Príncipe,Equatorial Guinea,1.0
3675,2002,São Tomé and Príncipe,Gabon,0.0
3676,2002,São Tomé and Príncipe,Togo,0.0
3677,2002,Tahiti,American Samoa,1.0
3678,2002,Tahiti,Australia,0.0
3679,2002,Tahiti,Cook Islands,1.0
3680,2002,Tahiti,Fiji,0.6666666666666666
3681,2002,Tahiti,Guam,1.0
3682,2002,Tahiti,New Caledonia,1.0
3683,2002,Tahiti,New Zealand,0.5
3684,2002,Tahiti,Samoa,1.0
3685,2002,Tahiti,Solomon Islands,1.0
3686,2002,Tahiti,Tonga,1.0
3687,2002,Tahiti,Vanuatu,0.6666666666666666
3688,2002,Tahiti,Wallis Islands and Futuna,1.0
3689,2002,Tajikistan,Iran,0.0
3690,2002,Tajikistan,Iraq,0.0
3691,2002,Tajikistan,Kyrgyzstan,1.0
3692,2002,Tajikistan,Maldives,1.0
3693,2002,Tajikistan,Oman,0.5
3694,2002,Tajikistan,Turkmenistan,0.0
3695,2002,Tajikistan,Uzbekistan,0.5
3696,2002,Tanzania,Algeria,0.5
3697,2002,Tanzania,Burkina Faso,1.0
3698,2002,Tanzania,Burundi,0.0
3699,2002,Tanzania,DR Congo,0.3333333333333333
3700,2002,Tanzania,Djibouti,1.0
3701,2002,Tanzania,Egypt,0.0
3702,2002,Tanzania,Eritrea,1.0
3703,2002,Tanzania,Ethiopia,0.6666666666666666
3704,2002,Tanzania,Gabon,0.0
3705,2002,Tanzania,Kenya,0.25
3706,2002,Tanzania,Liberia,0.0
3707,2002,Tanzania,Malawi,0.3333333333333333
3708,2002,Tanzania,Mauritius,0.0
3709,2002,Tanzania,Namibia,0.0
3710,2002,Tanzania,Somalia,1.0
3711,2002,Tanzania,Sudan,0.5
3712,2002,Tanzania,Togo,1.0
3713,2002,Tanzania,Uganda,0.2857142857142857
3714,2002,Tanzania,Zambia,0.0
3715,2002,Tanzania,Zanzibar,0.0
3716,2002,Tanzania,Zimbabwe,1.0
3717,2002,Thailand,Bangladesh,1.0
3718,2002,Thailand,Brunei,1.0
3719,2002,Thailand,Bulgaria,0.0
3720,2002,Thailand,Cambodia,1.0
3721,2002,Thailand,China PR,0.0
3722,2002,Thailand,Hong Kong,0.5
3723,2002,Thailand,Indonesia,1.0
3724,2002,Thailand,Iran,0.0
3725,2002,Thailand,Japan,1.0
3726,2002,Thailand,Kazakhstan,0.0
3727,2002,Thailand,Kuwait,0.75
3728,2002,Thailand,Kyrgyzstan,1.0
3729,2002,Thailand,Laos,1.0
3730,2002,Thailand,Lebanon,1.0
3731,2002,Thailand,Malaysia,0.5714285714285714
3732,2002,Thailand,Maldives,1.0
3733,2002,Thailand,Myanmar,0.875
3734,2002,Thailand,Nepal,1.0
3735,2002,Thailand,Nigeria,0.0
3736,2002,Thailand,North Korea,0.3333333333333333
3737,2002,Thailand,Northern Ireland,0.0
3738,2002,Thailand,Oman,1.0
3739,2002,Thailand,Philippines,1.0
3740,2002,Thailand,Qatar,0.0
3741,2002,Thailand,Saudi Arabia,0.0
3742,2002,Thailand,Singapore,0.6666666666666666
3743,2002,Thailand,South Korea,1.0
3744,2002,Thailand,Taiwan,1.0
3745,2002,Thailand,Turkmenistan,0.0
3746,2002,Thailand,Uzbekistan,0.8
3747,2002,Thailand,Vietnam,1.0
3748,2002,Togo,Benin,0.75
3749,2002,Togo,Burkina Faso,0.6
3750,2002,Togo,Cameroon,0.0
3751,2002,Togo,Congo,1.0
3752,2002,Togo,DR Congo,0.0
3753,2002,Togo,Egypt,1.0
3754,2002,Togo,Gabon,0.0
3755,2002,Togo,Ghana,0.6666666666666666
3756,2002,Togo,Guinea,1.0
3757,2002,Togo,Liberia,0.5
3758,2002,Togo,Mali,0.25
3759,2002,Togo,Mauritania,0.0
3760,2002,Togo,Morocco,0.0
3761,2002,Togo,Mozambique,0.0
3762,2002,Togo,Nigeria,0.0
3763,2002,Togo,Senegal,1.0
3764,2002,Togo,Sierra Leone,1.0
3765,2002,Togo,São Tomé and Príncipe,1.0
3766,2002,Togo,Tanzania,1.0
3767,2002,Togo,Tunisia,0.0
3768,2002,Togo,Uganda,1.0
3769,2002,Tonga,American Samoa,1.0
3770,2002,Tonga,Cook Islands,0.0
3771,2002,Tonga,Papua New Guinea,0.0
3772,2002,Trinidad and Tobago,Barbados,0.0
3773,2002,Trinidad and Tobago,Canada,0.0
3774,2002,Trinidad and Tobago,Colombia,1.0
3775,2002,Trinidad and Tobago,Costa Rica,1.0
3776,2002,Trinidad and Tobago,Cuba,1.0
3777,2002,Trinidad and Tobago,El Salvador,0.0
3778,2002,Trinidad and Tobago,Finland,0.5
3779,2002,Trinidad and Tobago,Grenada,0.5
3780,2002,Trinidad and Tobago,Guatemala,0.6666666666666666
3781,2002,Trinidad and Tobago,Guyana,1.0
3782,2002,Trinidad and Tobago,Haiti,1.0
3783,2002,Trinidad and Tobago,Jamaica,0.4
3784,2002,Trinidad and Tobago,Mexico,0.0
3785,2002,Trinidad and Tobago,Norway,1.0
3786,2002,Trinidad and Tobago,Russia,0.0
3787,2002,Trinidad and Tobago,Saudi Arabia,0.0
3788,2002,Trinidad and Tobago,South Africa,1.0
3789,2002,Trinidad and Tobago,United States,0.5
3790,2002,Trinidad and Tobago,Venezuela,0.0
3791,2002,Tunisia,Algeria,0.42857142857142855
3792,2002,Tunisia,Belgium,0.5
3793,2002,Tunisia,Bosnia and Herzegovina,1.0
3794,2002,Tunisia,Bulgaria,1.0
3795,2002,Tunisia,Burkina Faso,1.0
3796,2002,Tunisia,Cameroon,0.0
3797,2002,Tunisia,Chad,1.0
3798,2002,Tunisia,Congo,1.0
3799,2002,Tunisia,DR Congo,0.5
3800,2002,Tunisia,Egypt,0.6666666666666666
3801,2002,Tunisia,England,0.0
3802,2002,Tunisia,Finland,0.0
3803,2002,Tunisia,Gabon,1.0
3804,2002,Tunisia,Georgia,0.0
3805,2002,Tunisia,Germany,0.0
3806,2002,Tunisia,Ghana,1.0
3807,2002,Tunisia,Guinea,1.0
3808,2002,Tunisia,Iceland,1.0
3809,2002,Tunisia,Ivory Coast,1.0
3810,2002,Tunisia,Japan,0.0
3811,2002,Tunisia,Kenya,1.0
3812,2002,Tunisia,Latvia,1.0
3813,2002,Tunisia,Liberia,0.6666666666666666
3814,2002,Tunisia,Mali,0.5
3815,2002,Tunisia,Mauritania,1.0
3816,2002,Tunisia,Morocco,0.0
3817,2002,Tunisia,Mozambique,0.0
3818,2002,Tunisia,Netherlands,0.0
3819,2002,Tunisia,Niger,1.0
3820,2002,Tunisia,Nigeria,0.5
3821,2002,Tunisia,Norway,0.0
3822,2002,Tunisia,Saudi Arabia,1.0
3823,2002,Tunisia,Senegal,1.0
3824,2002,Tunisia,Serbia,0.0
3825,2002,Tunisia,Sierra Leone,1.0
3826,2002,Tunisia,Sweden,0.0
3827,2002,Tunisia,Switzerland,0.0
3828,2002,Tunisia,Togo,0.75
3829,2002,Tunisia,Turkey,0.0
3830,2002,Tunisia,United Arab Emirates,1.0
3831,2002,Tunisia,Wales,1.0
3832,2002,Tunisia,Zambia,0.6666666666666666
3833,2002,Tunisia,Zimbabwe,0.5
3834,2002,Turkey,Albania,0.0
3835,2002,Turkey,Belarus,1.0
3836,2002,Turkey,Bulgaria,1.0
3837,2002,Turkey,China,1.0
3838,2002,Turkey,Croatia,0.0
3839,2002,Turkey,Czech Republic,0.0
3840,2002,Turkey,Denmark,0.5
3841,2002,Turkey,England,0.0
3842,2002,Turkey,Finland,0.0
3843,2002,Turkey,France,0.0
3844,2002,Turkey,Germany,1.0
3845,2002,Turkey,Hungary,1.0
3846,2002,Turkey,Iceland,1.0
3847,2002,Turkey,Israel,1.0
3848,2002,Turkey,Italy,0.0
3849,2002,Turkey,Moldova,1.0
3850,2002,Turkey,North Macedonia,1.0
3851,2002,Turkey,Northern Ireland,1.0
3852,2002,Turkey,Norway,0.0
3853,2002,Turkey,Poland,0.0
3854,2002,Turkey,Portugal,0.0
3855,2002,Turkey,Republic of Ireland,0.0
3856,2002,Turkey,Romania,0.0
3857,2002,Turkey,Russia,0.0
3858,2002,Turkey,Sweden,1.0
3859,2002,Turkey,Switzerland,0.0
3860,2002,Turkey,Ukraine,1.0
3861,2002,Turkey,United States,0.0
3862,2002,Turkey,Yugoslavia,0.0
3863,2002,Turkmenistan,Azerbaijan,1.0
3864,2002,Turkmenistan,China PR,0.0
3865,2002,Turkmenistan,India,1.0
3866,2002,Turkmenistan,Iran,0.0
3867,2002,Turkmenistan,Kazakhstan,0.0
3868,2002,Turkmenistan,Kuwait,0.0
3869,2002,Turkmenistan,Kyrgyzstan,1.0
3870,2002,Turkmenistan,Lebanon,0.0
3871,2002,Turkmenistan,Nepal,1.0
3872,2002,Turkmenistan,Tajikistan,0.5
3873,2002,Turkmenistan,Uzbekistan,1.0
3874,2002,Turkmenistan,Vietnam,1.0
3875,2002,Uganda,Algeria,0.0
3876,2002,Uganda,Burundi,0.5
3877,2002,Uganda,DR Congo,1.0
3878,2002,Uganda,Djibouti,1.0
3879,2002,Uganda,Egypt,0.0
3880,2002,Uganda,Eritrea,0.0
3881,2002,Uganda,Ethiopia,0.5
3882,2002,Uganda,Gabon,0.0
3883,2002,Uganda,Kenya,0.14285714285714285
3884,2002,Uganda,Liberia,1.0
3885,2002,Uganda,Libya,1.0
3886,2002,Uganda,Malawi,1.0
3887,2002,Uganda,Mauritius,1.0
3888,2002,Uganda,Nigeria,0.0
3889,2002,Uganda,Rwanda,0.6666666666666666
3890,2002,Uganda,Senegal,0.0
3891,2002,Uganda,Seychelles,1.0
3892,2002,Uganda,Somalia,1.0
3893,2002,Uganda,Sudan,0.8
3894,2002,Uganda,Tanzania,0.8571428571428571
3895,2002,Uganda,Togo,0.0
3896,2002,Uganda,Tunisia,0.0
3897,2002,Uganda,Zambia,0.0
3898,2002,Uganda,Zanzibar,0.0
3899,2002,Uganda,Zimbabwe,0.0
3900,2002,Ukraine,Andorra,1.0
3901,2002,Ukraine,Armenia,1.0
3902,2002,Ukraine,Belarus,1.0
3903,2002,Ukraine,Bulgaria,0.0
3904,2002,Ukraine,Croatia,1.0
3905,2002,Ukraine,Estonia,1.0
3906,2002,Ukraine,France,0.0
3907,2002,Ukraine,Georgia,1.0
3908,2002,Ukraine,Hungary,0.0
3909,2002,Ukraine,Iceland,0.0
3910,2002,Ukraine,Israel,0.0
3911,2002,Ukraine,Italy,0.0
3912,2002,Ukraine,Lithuania,0.5
3913,2002,Ukraine,Poland,0.0
3914,2002,Ukraine,Russia,1.0
3915,2002,Ukraine,Slovenia,0.0
3916,2002,Ukraine,United Arab Emirates,0.0
3917,2002,United Arab Emirates,Bangladesh,1.0
3918,2002,United Arab Emirates,Bulgaria,0.5
3919,2002,United Arab Emirates,Denmark,0.0
3920,2002,United Arab Emirates,Egypt,0.5
3921,2002,United Arab Emirates,Finland,0.0
3922,2002,United Arab Emirates,Germany,0.0
3923,2002,United Arab Emirates,Hong Kong,0.0
3924,2002,United Arab Emirates,Iceland,0.0
3925,2002,United Arab Emirates,India,1.0
3926,2002,United Arab Emirates,Indonesia,1.0
3927,2002,United Arab Emirates,Iran,0.5
3928,2002,United Arab Emirates,Iraq,0.5
3929,2002,United Arab Emirates,Jordan,0.5
3930,2002,United Arab Emirates,Kuwait,0.6666666666666666
3931,2002,United Arab Emirates,Lebanon,1.0
3932,2002,United Arab Emirates,Libya,1.0
3933,2002,United Arab Emirates,Malta,0.0
3934,2002,United Arab Emirates,North Korea,0.5
3935,2002,United Arab Emirates,Norway,0.0
3936,2002,United Arab Emirates,Qatar,0.5
3937,2002,United Arab Emirates,Saudi Arabia,0.0
3938,2002,United Arab Emirates,Senegal,0.3333333333333333
3939,2002,United Arab Emirates,Slovenia,0.0
3940,2002,United Arab Emirates,South Korea,0.0
3941,2002,United Arab Emirates,Sri Lanka,1.0
3942,2002,United Arab Emirates,Sweden,0.5
3943,2002,United Arab Emirates,Switzerland,1.0
3944,2002,United Arab Emirates,Syria,0.5
3945,2002,United Arab Emirates,Uzbekistan,0.6666666666666666
3946,2002,United States,Argentina,0.5
3947,2002,United States,Armenia,1.0
3948,2002,United States,Australia,0.0
3949,2002,United States,Bolivia,0.0
3950,2002,United States,Brazil,0.2
3951,2002,United States,Canada,0.0
3952,2002,United States,Cayman Islands,1.0
3953,2002,United States,Chile,0.6666666666666666
3954,2002,United States,China PR,1.0
3955,2002,United States,Colombia,0.0
3956,2002,United States,Costa Rica,0.6
3957,2002,United States,Cuba,1.0
3958,2002,United States,Denmark,0.0
3959,2002,United States,Ecuador,0.0
3960,2002,United States,El Salvador,1.0
3961,2002,United States,Estonia,1.0
3962,2002,United States,Finland,1.0
3963,2002,United States,Germany,0.5
3964,2002,United States,Greece,0.0
3965,2002,United States,Guatemala,1.0
3966,2002,United States,Haiti,1.0
3967,2002,United States,Honduras,0.3333333333333333
3968,2002,United States,Iceland,0.3333333333333333
3969,2002,United States,Iran,0.0
3970,2002,United States,Israel,1.0
3971,2002,United States,Jamaica,1.0
3972,2002,United States,Kuwait,1.0
3973,2002,United States,Malta,1.0
3974,2002,United States,Mexico,0.5
3975,2002,United States,Moldova,0.5
3976,2002,United States,Netherlands,0.0
3977,2002,United States,North Korea,0.0
3978,2002,United States,North Macedonia,0.0
3979,2002,United States,Norway,1.0
3980,2002,United States,Panama,1.0
3981,2002,United States,Paraguay,0.0
3982,2002,United States,Peru,0.5
3983,2002,United States,Poland,1.0
3984,2002,United States,Portugal,1.0
3985,2002,United States,Republic of Ireland,0.0
3986,2002,United States,Romania,0.0
3987,2002,United States,Russia,0.14285714285714285
3988,2002,United States,Saudi Arabia,0.5
3989,2002,United States,Scotland,0.3333333333333333
3990,2002,United States,South Korea,0.5
3991,2002,United States,Sweden,1.0
3992,2002,United States,Switzerland,0.0
3993,2002,United States,Trinidad and Tobago,1.0
3994,2002,United States,Tunisia,0.0
3995,2002,United States,Ukraine,0.0
3996,2002,United States,Uruguay,0.5
3997,2002,United States,Venezuela,0.0
3998,2002,United States Virgin Islands,British Virgin Islands,1.0
3999,2002,United States Virgin Islands,Saint Lucia,0.0
4000,2002,Uruguay,Argentina,0.0
4001,2002,Uruguay,Australia,1.0
4002,2002,Uruguay,Bolivia,1.0
4003,2002,Uruguay,Brazil,0.5
4004,2002,Uruguay,Chile,0.5
4005,2002,Uruguay,Colombia,0.5
4006,2002,Uruguay,Costa Rica,0.75
4007,2002,Uruguay,Denmark,0.0
4008,2002,Uruguay,Ecuador,0.6666666666666666
4009,2002,Uruguay,Germany,0.0
4010,2002,Uruguay,Honduras,0.0
4011,2002,Uruguay,Mexico,0.0
4012,2002,Uruguay,New Zealand,0.5
4013,2002,Uruguay,Paraguay,0.5
4014,2002,Uruguay,Peru,0.6666666666666666
4015,2002,Uruguay,Poland,0.0
4016,2002,Uruguay,United States,1.0
4017,2002,Uruguay,Venezuela,0.75
4018,2002,Uzbekistan,Azerbaijan,1.0
4019,2002,Uzbekistan,Iran,0.0
4020,2002,Uzbekistan,Kazakhstan,0.5
4021,2002,Uzbekistan,Kuwait,0.0
4022,2002,Uzbekistan,Kyrgyzstan,1.0
4023,2002,Uzbekistan,Malaysia,1.0
4024,2002,Uzbekistan,Mongolia,1.0
4025,2002,Uzbekistan,Nigeria,0.0
4026,2002,Uzbekistan,South Korea,1.0
4027,2002,Uzbekistan,Syria,0.0
4028,2002,Uzbekistan,Tajikistan,0.5
4029,2002,Uzbekistan,Turkmenistan,0.8
4030,2002,Vanuatu,Fiji,0.0
4031,2002,Vanuatu,New Caledonia,0.42857142857142855
4032,2002,Vanuatu,Papua New Guinea,0.5
4033,2002,Vanuatu,Solomon Islands,0.25
4034,2002,Vanuatu,Tahiti,0.0
4035,2002,Vanuatu,Tonga,1.0
4036,2002,Vanuatu,Wallis Islands and Futuna,1.0
4037,2002,Venezuela,Argentina,0.0
4038,2002,Venezuela,Bolivia,0.0
4039,2002,Venezuela,Colombia,0.0
4040,2002,Venezuela,Ecuador,0.5
4041,2002,Venezuela,Panama,1.0
4042,2002,Venezuela,Peru,0.5
4043,2002,Vietnam,Cambodia,1.0
4044,2002,Vietnam,China PR,0.0
4045,2002,Vietnam,Estonia,1.0
4046,2002,Vietnam,Guam,1.0
4047,2002,Vietnam,Indonesia,0.3333333333333333
4048,2002,Vietnam,Laos,1.0
4049,2002,Vietnam,Malaysia,0.4
4050,2002,Vietnam,Myanmar,1.0
4051,2002,Vietnam,Philippines,1.0
4052,2002,Vietnam,Singapore,0.6
4053,2002,Vietnam,South Korea,0.0
4054,2002,Vietnam,Sri Lanka,0.0
4055,2002,Vietnam,Taiwan,1.0
4056,2002,Vietnam,Thailand,0.5
4057,2002,Wales,Albania,1.0
4058,2002,Wales,Belarus,1.0
4059,2002,Wales,Belgium,1.0
4060,2002,Wales,Brazil,0.5
4061,2002,Wales,Bulgaria,0.0
4062,2002,Wales,Costa Rica,1.0
4063,2002,Wales,Denmark,0.0
4064,2002,Wales,Finland,0.0
4065,2002,Wales,Georgia,0.0
4066,2002,Wales,Germany,0.5
4067,2002,Wales,Iceland,1.0
4068,2002,Wales,Italy,0.0
4069,2002,Wales,Jamaica,0.0
4070,2002,Wales,Luxembourg,1.0
4071,2002,Wales,Moldova,1.0
4072,2002,Wales,Norway,0.0
4073,2002,Wales,Republic of Ireland,0.0
4074,2002,Wales,Sweden,0.0
4075,2002,Wales,Switzerland,0.0
4076,2002,Wallis Islands and Futuna,Guam,1.0
4077,2002,Wallis Islands and Futuna,Tahiti,0.0
4078,2002,Yemen,Bahrain,0.0
4079,2002,Yemen,Bhutan,1.0
4080,2002,Yemen,Kuwait,0.0
4081,2002,Yemen,Kyrgyzstan,1.0
4082,2002,Yemen,Thailand,0.0
4083,2002,Yemen,Turkmenistan,0.0
4084,2002,Yugoslavia,Austria,1.0
4085,2002,Yugoslavia,Denmark,0.0
4086,2002,Yugoslavia,Faroe Islands,1.0
4087,2002,Yugoslavia,Netherlands,0.0
4088,2002,Yugoslavia,Northern Ireland,1.0
4089,2002,Yugoslavia,Spain,0.0
4090,2002,Zambia,Algeria,0.0
4091,2002,Zambia,Angola,0.3333333333333333
4092,2002,Zambia,Botswana,1.0
4093,2002,Zambia,Burkina Faso,0.0
4094,2002,Zambia,Cameroon,1.0
4095,2002,Zambia,DR Congo,0.0
4096,2002,Zambia,Egypt,0.5
4097,2002,Zambia,Eswatini,1.0
4098,2002,Zambia,Ethiopia,1.0
4099,2002,Zambia,Gabon,1.0
4100,2002,Zambia,Ghana,0.6666666666666666
4101,2002,Zambia,Ivory Coast,1.0
4102,2002,Zambia,Jamaica,1.0
4103,2002,Zambia,Kenya,1.0
4104,2002,Zambia,Lesotho,1.0
4105,2002,Zambia,Madagascar,0.3333333333333333
4106,2002,Zambia,Malawi,0.5
4107,2002,Zambia,Mali,1.0
4108,2002,Zambia,Mauritius,1.0
4109,2002,Zambia,Morocco,0.0
4110,2002,Zambia,Mozambique,0.8
4111,2002,Zambia,Namibia,0.0
4112,2002,Zambia,Nigeria,0.0
4113,2002,Zambia,Rwanda,0.0
4114,2002,Zambia,Saudi Arabia,0.0
4115,2002,Zambia,Senegal,0.3333333333333333
4116,2002,Zambia,Sierra Leone,0.0
4117,2002,Zambia,South Africa,1.0
4118,2002,Zambia,Tanzania,0.6666666666666666
4119,2002,Zambia,Tunisia,0.5
4120,2002,Zambia,Zanzibar,1.0
4121,2002,Zambia,Zimbabwe,0.6666666666666666
4122,2002,Zanzibar,Malawi,1.0
4123,2002,Zanzibar,Rwanda,1.0
4124,2002,Zanzibar,Sudan,0.0
4125,2002,Zanzibar,Tanzania,0.0
4126,2002,Zanzibar,Zimbabwe,0.0
4127,2002,Zimbabwe,Angola,0.5
4128,2002,Zimbabwe,Cameroon,1.0
4129,2002,Zimbabwe,Congo,0.0
4130,2002,Zimbabwe,DR Congo,1.0
4131,2002,Zimbabwe,Egypt,0.0
4132,2002,Zimbabwe,Eritrea,1.0
4133,2002,Zimbabwe,Eswatini,0.6666666666666666
4134,2002,Zimbabwe,Gabon,0.0
4135,2002,Zimbabwe,Ghana,0.0
4136,2002,Zimbabwe,Lesotho,0.6666666666666666
4137,2002,Zimbabwe,Libya,1.0
4138,2002,Zimbabwe,Malawi,0.6666666666666666
4139,2002,Zimbabwe,Mauritius,1.0
4140,2002,Zimbabwe,Namibia,1.0
4141,2002,Zimbabwe,Senegal,1.0
4142,2002,Zimbabwe,Seychelles,1.0
4143,2002,Zimbabwe,South Africa,1.0
4144,2002,Zimbabwe,Tanzania,0.5
4145,2002,Zimbabwe,Zambia,0.0
4146,2006,Afghanistan,India,0.0
4147,2006,Afghanistan,Pakistan,0.0
4148,2006,Albania,Azerbaijan,1.0
4149,2006,Albania,Estonia,1.0
4150,2006,Albania,Georgia,1.0
4151,2006,Albania,Iceland,1.0
4152,2006,Albania,Republic of Ireland,0.0
4153,2006,Albania,Russia,1.0
4154,2006,Albania,Sweden,1.0
4155,2006,Albania,Switzerland,0.0
4156,2006,Albania,Vietnam,1.0
4157,2006,Algeria,Belgium,0.0
4158,2006,Algeria,Benin,1.0
4159,2006,Algeria,Burkina Faso,0.25
4160,2006,Algeria,Chad,1.0
4161,2006,Algeria,China PR,0.0
4162,2006,Algeria,DR Congo,0.0
4163,2006,Algeria,Egypt,1.0
4164,2006,Algeria,Gabon,0.0
4165,2006,Algeria,Jordan,0.0
4166,2006,Algeria,Madagascar,1.0
4167,2006,Algeria,Mali,0.0
4168,2006,Algeria,Namibia,1.0
4169,2006,Algeria,Nigeria,0.0
4170,2006,Algeria,Qatar,1.0
4171,2006,Algeria,Senegal,0.0
4172,2006,Algeria,Uganda,0.0
4173,2006,Algeria,Zimbabwe,0.0
4174,2006,American Samoa,New Caledonia,0.0
4175,2006,American Samoa,Papua New Guinea,0.0
4176,2006,American Samoa,Tonga,0.0
4177,2006,Andalusia,Chile,1.0
4178,2006,Andalusia,China PR,1.0
4179,2006,Andalusia,Latvia,1.0
4180,2006,Andalusia,Malta,0.0
4181,2006,Andorra,Albania,1.0
4182,2006,Andorra,Armenia,0.0
4183,2006,Andorra,Belgium,0.0
4184,2006,Andorra,Bulgaria,0.0
4185,2006,Andorra,China PR,0.0
4186,2006,Andorra,Croatia,0.0
4187,2006,Andorra,Estonia,0.0
4188,2006,Andorra,Gabon,0.0
4189,2006,Angola,Algeria,0.0
4190,2006,Angola,Botswana,0.0
4191,2006,Angola,Cape Verde,1.0
4192,2006,Angola,DR Congo,0.0
4193,2006,Angola,Gabon,1.0
4194,2006,Angola,Malawi,1.0
4195,2006,Angola,Namibia,1.0
4196,2006,Angola,Nigeria,0.0
4197,2006,Angola,Portugal,0.0
4198,2006,Angola,Zimbabwe,0.0
4199,2006,Antigua and Barbuda,Curaçao,0.0
4200,2006,Antigua and Barbuda,Dominica,1.0
4201,2006,Antigua and Barbuda,Hungary,0.0
4202,2006,Antigua and Barbuda,Trinidad and Tobago,1.0
4203,2006,Argentina,Brazil,0.0
4204,2006,Argentina,Cameroon,0.0
4205,2006,Argentina,Colombia,0.5
4206,2006,Argentina,Ecuador,1.0
4207,2006,Argentina,Ivory Coast,1.0
4208,2006,Argentina,Mexico,0.5
4209,2006,Argentina,Peru,1.0
4210,2006,Argentina,Serbia,1.0
4211,2006,Argentina,Uruguay,0.6666666666666666
4212,2006,Armenia,Greece,0.0
4213,2006,Armenia,Northern Ireland,1.0
4214,2006,Armenia,Spain,0.0
4215,2006,Armenia,Turkmenistan,1.0
4216,2006,Armenia,Ukraine,0.0
4217,2006,Aruba,Suriname,0.0
4218,2006,Australia,Fiji,1.0
4219,2006,Australia,Indonesia,1.0
4220,2006,Australia,Iraq,1.0
4221,2006,Australia,Jamaica,1.0
4222,2006,Australia,Japan,1.0
4223,2006,Australia,New Caledonia,1.0
4224,2006,Australia,New Zealand,1.0
4225,2006,Australia,Norway,0.0
4226,2006,Australia,Solomon Islands,0.5
4227,2006,Australia,South Africa,1.0
4228,2006,Australia,Tahiti,1.0
4229,2006,Australia,Turkey,0.0
4230,2006,Australia,Vanuatu,1.0
4231,2006,Austria,Belarus,1.0
4232,2006,Austria,Cameroon,0.0
4233,2006,Austria,Costa Rica,1.0
4234,2006,Austria,Czech Republic,0.0
4235,2006,Austria,Germany,0.0
4236,2006,Austria,Greece,0.0
4237,2006,Austria,Luxembourg,1.0
4238,2006,Austria,Moldova,1.0
4239,2006,Austria,Netherlands,0.0
4240,2006,Austria,Norway,0.0
4241,2006,Austria,Russia,0.0
4242,2006,Austria,Scotland,0.0
4243,2006,Austria,Slovakia,1.0
4244,2006,Azerbaijan,Bulgaria,0.0
4245,2006,Azerbaijan,Finland,0.0
4246,2006,Azerbaijan,Italy,0.0
4247,2006,Azerbaijan,Moldova,0.0
4248,2006,Azerbaijan,Serbia,1.0
4249,2006,Azerbaijan,Uzbekistan,1.0
4250,2006,Azerbaijan,Wales,0.0
4251,2006,Bahamas,Haiti,0.0
4252,2006,Bahrain,Indonesia,1.0
4253,2006,Bahrain,Iraq,0.3333333333333333
4254,2006,Bahrain,Japan,0.0
4255,2006,Bahrain,Jordan,0.0
4256,2006,Bahrain,Kuwait,0.0
4257,2006,Bahrain,Lebanon,1.0
4258,2006,Bahrain,Malaysia,1.0
4259,2006,Bahrain,Myanmar,1.0
4260,2006,Bahrain,Norway,0.0
4261,2006,Bahrain,Oman,0.0
4262,2006,Bahrain,Palestine,1.0
4263,2006,Bahrain,Panama,1.0
4264,2006,Bahrain,Qatar,0.0
4265,2006,Bahrain,Syria,0.0
4266,2006,Bahrain,Turkmenistan,1.0
4267,2006,Bangladesh,Bhutan,1.0
4268,2006,Bangladesh,India,0.3333333333333333
4269,2006,Bangladesh,Maldives,0.5
4270,2006,Bangladesh,Nepal,1.0
4271,2006,Bangladesh,Pakistan,0.0
4272,2006,Barbados,Antigua and Barbuda,1.0
4273,2006,Barbados,Canada,0.0
4274,2006,Barbados,Dominica,1.0
4275,2006,Barbados,Finland,0.0
4276,2006,Barbados,Grenada,1.0
4277,2006,Barbados,Guadeloupe,0.0
4278,2006,Barbados,Guyana,0.0
4279,2006,Barbados,Jamaica,0.5
4280,2006,Barbados,Martinique,0.0
4281,2006,Barbados,Northern Ireland,0.0
4282,2006,Barbados,Saint Lucia,1.0
4283,2006,Basque Country,Cameroon,0.0
4284,2006,Basque Country,Honduras,1.0
4285,2006,Basque Country,North Macedonia,0.0
4286,2006,Basque Country,Uruguay,1.0
4287,2006,Belarus,Austria,0.0
4288,2006,Belarus,Czech Republic,0.0
4289,2006,Belarus,Estonia,0.0
4290,2006,Belarus,Iran,1.0
4291,2006,Belarus,Latvia,1.0
4292,2006,Belarus,Lithuania,1.0
4293,2006,Belarus,Moldova,1.0
4294,2006,Belarus,Netherlands,0.0
4295,2006,Belarus,Ukraine,1.0
4296,2006,Belarus,Uzbekistan,0.0
4297,2006,Belgium,Algeria,0.0
4298,2006,Belgium,Andorra,1.0
4299,2006,Belgium,Bulgaria,0.0
4300,2006,Belgium,Costa Rica,1.0
4301,2006,Belgium,Croatia,1.0
4302,2006,Belgium,Estonia,1.0
4303,2006,Belgium,France,0.0
4304,2006,Belgium,Greece,1.0
4305,2006,Belgium,Netherlands,0.0
4306,2006,Belgium,Norway,1.0
4307,2006,Belgium,Poland,1.0
4308,2006,Belgium,Slovakia,0.0
4309,2006,Belgium,Turkey,0.0
4310,2006,Belize,Guyana,1.0
4311,2006,Belize,Nicaragua,1.0
4312,2006,Benin,Burkina Faso,0.5
4313,2006,Benin,Equatorial Guinea,1.0
4314,2006,Benin,Gabon,0.0
4315,2006,Benin,Ghana,1.0
4316,2006,Benin,Sudan,1.0
4317,2006,Benin,Tanzania,1.0
4318,2006,Benin,Togo,0.0
4319,2006,Benin,Zambia,1.0
4320,2006,Bermuda,Barbados,0.0
4321,2006,Bermuda,Nicaragua,1.0
4322,2006,Bermuda,Trinidad and Tobago,0.0
4323,2006,Bhutan,Guam,1.0
4324,2006,Bhutan,Indonesia,0.0
4325,2006,Bhutan,Mongolia,0.0
4326,2006,Bhutan,Yemen,0.0
4327,2006,Bolivia,Honduras,1.0
4328,2006,Bolivia,Panama,1.0
4329,2006,Bosnia and Herzegovina,Denmark,0.0
4330,2006,Bosnia and Herzegovina,Finland,1.0
4331,2006,Bosnia and Herzegovina,Germany,0.0
4332,2006,Bosnia and Herzegovina,Luxembourg,1.0
4333,2006,Bosnia and Herzegovina,North Macedonia,0.0
4334,2006,Bosnia and Herzegovina,Norway,1.0
4335,2006,Bosnia and Herzegovina,Romania,0.0
4336,2006,Bosnia and Herzegovina,Serbia,0.0
4337,2006,Botswana,Angola,0.0
4338,2006,Botswana,DR Congo,0.0
4339,2006,Botswana,Eswatini,0.5
4340,2006,Botswana,Lesotho,0.0
4341,2006,Botswana,Libya,0.0
4342,2006,Botswana,Malawi,0.0
4343,2006,Botswana,Namibia,1.0
4344,2006,Botswana,South Africa,0.0
4345,2006,Botswana,Trinidad and Tobago,0.0
4346,2006,Botswana,Zambia,0.6666666666666666
4347,2006,Botswana,Zimbabwe,0.0
4348,2006,Brazil,Australia,1.0
4349,2006,Brazil,Bolivia,1.0
4350,2006,Brazil,Chile,1.0
4351,2006,Brazil,Costa Rica,1.0
4352,2006,Brazil,Croatia,1.0
4353,2006,Brazil,France,0.0
4354,2006,Brazil,Ghana,1.0
4355,2006,Brazil,Guatemala,1.0
4356,2006,Brazil,Honduras,1.0
4357,2006,Brazil,Iceland,1.0
4358,2006,Brazil,Jamaica,1.0
4359,2006,Brazil,Paraguay,0.0
4360,2006,Brazil,Serbia,1.0
4361,2006,British Virgin Islands,Anguilla,1.0
4362,2006,British Virgin Islands,Dominica,0.0
4363,2006,British Virgin Islands,Saint Lucia,0.0
4364,2006,British Virgin Islands,United States Virgin Islands,1.0
4365,2006,Bulgaria,Albania,1.0
4366,2006,Bulgaria,Andorra,1.0
4367,2006,Bulgaria,Belgium,0.0
4368,2006,Bulgaria,Cameroon,1.0
4369,2006,Bulgaria,Croatia,1.0
4370,2006,Bulgaria,Denmark,0.0
4371,2006,Bulgaria,Ecuador,0.0
4372,2006,Bulgaria,Estonia,1.0
4373,2006,Bulgaria,Georgia,1.0
4374,2006,Bulgaria,Germany,0.0
4375,2006,Bulgaria,Hungary,1.0
4376,2006,Bulgaria,Lithuania,1.0
4377,2006,Bulgaria,Russia,0.0
4378,2006,Bulgaria,Serbia,0.0
4379,2006,Bulgaria,Turkey,1.0
4380,2006,Burkina Faso,Benin,1.0
4381,2006,Burkina Faso,Cameroon,0.0
4382,2006,Burkina Faso,Central African Republic,1.0
4383,2006,Burkina Faso,Congo,1.0
4384,2006,Burkina Faso,Ghana,0.0
4385,2006,Burkina Faso,Kenya,0.0
4386,2006,Burkina Faso,Libya,1.0
4387,2006,Burkina Faso,Mali,0.0
4388,2006,Burkina Faso,Morocco,0.0
4389,2006,Burkina Faso,Mozambique,1.0
4390,2006,Burkina Faso,Zimbabwe,0.0
4391,2006,Burundi,Burkina Faso,0.0
4392,2006,Burundi,Eritrea,0.0
4393,2006,Burundi,Ivory Coast,0.0
4394,2006,Burundi,Rwanda,1.0
4395,2006,Burundi,South Africa,0.0
4396,2006,Burundi,Tanzania,0.0
4397,2006,Burundi,Zanzibar,0.5
4398,2006,Cambodia,Philippines,1.0
4399,2006,Cambodia,Singapore,0.0
4400,2006,Cameroon,Algeria,0.0
4401,2006,Cameroon,DR Congo,1.0
4402,2006,Cameroon,Egypt,0.5
4403,2006,Cameroon,England,0.0
4404,2006,Cameroon,Ivory Coast,0.5
4405,2006,Cameroon,Madagascar,1.0
4406,2006,Cameroon,Nigeria,0.0
4407,2006,Cameroon,Senegal,1.0
4408,2006,Cameroon,Togo,1.0
4409,2006,Cameroon,Zimbabwe,1.0
4410,2006,Canada,Costa Rica,0.0
4411,2006,Canada,Cuba,0.5
4412,2006,Canada,Ecuador,0.0
4413,2006,Canada,Honduras,0.0
4414,2006,Canada,Martinique,0.0
4415,2006,Canada,South Korea,1.0
4416,2006,Canary Islands,Venezuela,0.0
4417,2006,Cape Verde,Kenya,0.0
4418,2006,Cape Verde,Mauritania,1.0
4419,2006,Cape Verde,Senegal,0.0
4420,2006,Cape Verde,Togo,1.0
4421,2006,Catalonia,Argentina,0.0
4422,2006,Catalonia,Brazil,0.0
4423,2006,Catalonia,China PR,1.0
4424,2006,Catalonia,Ecuador,1.0
4425,2006,Catalonia,Paraguay,0.0
4426,2006,Cayman Islands,Cuba,0.0
4427,2006,Cayman Islands,Dominican Republic,1.0
4428,2006,Cayman Islands,Martinique,0.0
4429,2006,Cayman Islands,Nicaragua,0.0
4430,2006,Central African Republic,Burkina Faso,0.0
4431,2006,Central African Republic,Congo,0.0
4432,2006,Central African Republic,Mozambique,0.0
4433,2006,Chad,Algeria,0.0
4434,2006,Chad,Ethiopia,1.0
4435,2006,Chad,Namibia,1.0
4436,2006,Chad,Uganda,0.0
4437,2006,Chechnya,Ambazonia,0.0
4438,2006,Chile,Costa Rica,1.0
4439,2006,Chile,Ecuador,1.0
4440,2006,Chile,Palestine,1.0
4441,2006,Chile,Peru,0.5
4442,2006,China PR,Bahrain,0.0
4443,2006,China PR,Brazil,0.0
4444,2006,China PR,Chile,0.0
4445,2006,China PR,Costa Rica,0.5
4446,2006,China PR,Estonia,1.0
4447,2006,China PR,Finland,1.0
4448,2006,China PR,Hong Kong,1.0
4449,2006,China PR,Hungary,1.0
4450,2006,China PR,Indonesia,1.0
4451,2006,China PR,Iran,0.0
4452,2006,China PR,Iraq,1.0
4453,2006,China PR,Japan,0.0
4454,2006,China PR,Lebanon,1.0
4455,2006,China PR,Myanmar,1.0
4456,2006,China PR,North Korea,1.0
4457,2006,China PR,North Macedonia,0.5
4458,2006,China PR,Portugal,0.0
4459,2006,China PR,Qatar,1.0
4460,2006,China PR,Serbia,0.0
4461,2006,China PR,United Arab Emirates,0.0
4462,2006,China PR,Uruguay,0.0
4463,2006,Colombia,Bolivia,1.0
4464,2006,Colombia,Brazil,0.0
4465,2006,Colombia,Costa Rica,1.0
4466,2006,Colombia,Ecuador,0.0
4467,2006,Colombia,England,0.0
4468,2006,Colombia,Guatemala,0.0
4469,2006,Colombia,Panama,0.0
4470,2006,Colombia,Slovakia,0.0
4471,2006,Colombia,South Korea,1.0
4472,2006,Colombia,Trinidad and Tobago,1.0
4473,2006,Colombia,Uruguay,0.0
4474,2006,Congo,Angola,0.0
4475,2006,Congo,Burkina Faso,0.0
4476,2006,Congo,Central African Republic,1.0
4477,2006,Congo,DR Congo,0.0
4478,2006,Congo,Gabon,0.0
4479,2006,Congo,Mozambique,0.0
4480,2006,Cook Islands,Samoa,0.0
4481,2006,Costa Rica,Canada,0.0
4482,2006,Costa Rica,Chile,1.0
4483,2006,Costa Rica,China PR,1.0
4484,2006,Costa Rica,Colombia,0.0
4485,2006,Costa Rica,Cuba,1.0
4486,2006,Costa Rica,Ecuador,0.0
4487,2006,Costa Rica,El Salvador,1.0
4488,2006,Costa Rica,Finland,1.0
4489,2006,Costa Rica,Haiti,0.5
4490,2006,Costa Rica,Nicaragua,1.0
4491,2006,Costa Rica,Paraguay,0.5
4492,2006,Costa Rica,Poland,0.0
4493,2006,Costa Rica,South Korea,1.0
4494,2006,Costa Rica,Trinidad and Tobago,0.0
4495,2006,Croatia,Andorra,1.0
4496,2006,Croatia,Australia,0.0
4497,2006,Croatia,Belgium,1.0
4498,2006,Croatia,Bosnia and Herzegovina,1.0
4499,2006,Croatia,Brazil,0.0
4500,2006,Croatia,Bulgaria,0.5
4501,2006,Croatia,England,0.0
4502,2006,Croatia,Estonia,0.0
4503,2006,Croatia,France,0.0
4504,2006,Croatia,Germany,0.0
4505,2006,Croatia,Israel,1.0
4506,2006,Croatia,North Macedonia,0.0
4507,2006,Croatia,Poland,0.0
4508,2006,Croatia,Slovakia,1.0
4509,2006,Croatia,Slovenia,0.0
4510,2006,Croatia,Turkey,0.0
4511,2006,Croatia,Wales,0.0
4512,2006,Cuba,Antigua and Barbuda,1.0
4513,2006,Cuba,Costa Rica,0.0
4514,2006,Cuba,Grenada,0.0
4515,2006,Cuba,Guatemala,0.0
4516,2006,Cuba,Jamaica,0.5
4517,2006,Cuba,Martinique,0.0
4518,2006,Cuba,Panama,0.5
4519,2006,Curaçao,Aruba,1.0
4520,2006,Curaçao,Dominican Republic,1.0
4521,2006,Curaçao,Guyana,1.0
4522,2006,Curaçao,Suriname,1.0
4523,2006,Cyprus,Albania,1.0
4524,2006,Cyprus,France,0.0
4525,2006,Cyprus,Greece,0.0
4526,2006,Cyprus,Iraq,1.0
4527,2006,Cyprus,Israel,0.0
4528,2006,Cyprus,Jordan,0.5
4529,2006,Cyprus,Malta,1.0
4530,2006,Cyprus,Slovenia,0.0
4531,2006,Cyprus,Wales,1.0
4532,2006,Czech Republic,Austria,1.0
4533,2006,Czech Republic,Belarus,1.0
4534,2006,Czech Republic,Bulgaria,1.0
4535,2006,Czech Republic,Canada,1.0
4536,2006,Czech Republic,Denmark,1.0
4537,2006,Czech Republic,Estonia,1.0
4538,2006,Czech Republic,Ghana,0.0
4539,2006,Czech Republic,Greece,0.0
4540,2006,Czech Republic,Italy,0.5
4541,2006,Czech Republic,Japan,0.0
4542,2006,Czech Republic,Latvia,1.0
4543,2006,Czech Republic,Moldova,1.0
4544,2006,Czech Republic,Netherlands,1.0
4545,2006,Czech Republic,Serbia,1.0
4546,2006,Czech Republic,Slovakia,1.0
4547,2006,Czech Republic,Sweden,0.0
4548,2006,Czech Republic,Turkey,1.0
4549,2006,DR Congo,Angola,0.0
4550,2006,DR Congo,Botswana,1.0
4551,2006,DR Congo,Congo,1.0
4552,2006,DR Congo,Eswatini,1.0
4553,2006,DR Congo,Guinea,0.5
4554,2006,DR Congo,Ivory Coast,1.0
4555,2006,DR Congo,Libya,1.0
4556,2006,DR Congo,Mali,0.0
4557,2006,DR Congo,Togo,0.0
4558,2006,DR Congo,Tunisia,0.0
4559,2006,DR Congo,Zambia,0.0
4560,2006,Denmark,Bosnia and Herzegovina,0.0
4561,2006,Denmark,Cameroon,1.0
4562,2006,Denmark,Croatia,0.0
4563,2006,Denmark,England,1.0
4564,2006,Denmark,Finland,0.0
4565,2006,Denmark,Israel,1.0
4566,2006,Denmark,Italy,0.0
4567,2006,Denmark,Luxembourg,1.0
4568,2006,Denmark,Norway,1.0
4569,2006,Denmark,Poland,1.0
4570,2006,Denmark,Romania,0.0
4571,2006,Denmark,Scotland,1.0
4572,2006,Denmark,Sweden,0.0
4573,2006,Denmark,Tunisia,1.0
4574,2006,Denmark,Ukraine,1.0
4575,2006,Djibouti,Ethiopia,0.0
4576,2006,Djibouti,Somalia,0.0
4577,2006,Djibouti,Sudan,0.0
4578,2006,Djibouti,Uganda,0.0
4579,2006,Dominica,United States Virgin Islands,1.0
4580,2006,Dominican Republic,Cuba,0.0
4581,2006,Dominican Republic,United States Virgin Islands,1.0
4582,2006,Ecuador,Costa Rica,0.5
4583,2006,Ecuador,Estonia,1.0
4584,2006,Ecuador,Germany,0.0
4585,2006,Ecuador,Guatemala,1.0
4586,2006,Ecuador,Haiti,0.0
4587,2006,Ecuador,Italy,0.0
4588,2006,Ecuador,Jordan,0.0
4589,2006,Ecuador,Panama,1.0
4590,2006,Ecuador,Paraguay,1.0
4591,2006,Ecuador,Peru,0.0
4592,2006,Ecuador,Poland,0.0
4593,2006,Ecuador,Senegal,0.0
4594,2006,Ecuador,Serbia,1.0
4595,2006,Ecuador,South Africa,0.0
4596,2006,Ecuador,Uganda,0.0
4597,2006,Ecuador,Venezuela,1.0
4598,2006,Egypt,Belgium,1.0
4599,2006,Egypt,Bulgaria,0.0
4600,2006,Egypt,Burkina Faso,0.0
4601,2006,Egypt,DR Congo,0.0
4602,2006,Egypt,Denmark,0.0
4603,2006,Egypt,Ethiopia,1.0
4604,2006,Egypt,Gabon,1.0
4605,2006,Egypt,Ghana,0.5
4606,2006,Egypt,Libya,0.0
4607,2006,Egypt,Madagascar,1.0
4608,2006,Egypt,Mali,0.0
4609,2006,Egypt,Mauritius,1.0
4610,2006,Egypt,Qatar,1.0
4611,2006,Egypt,Rwanda,1.0
4612,2006,Egypt,Senegal,0.6666666666666666
4613,2006,Egypt,South Africa,1.0
4614,2006,Egypt,Sudan,1.0
4615,2006,Egypt,Sweden,1.0
4616,2006,Egypt,Trinidad and Tobago,1.0
4617,2006,Egypt,Tunisia,0.5
4618,2006,Egypt,Uganda,1.0
4619,2006,Egypt,United Arab Emirates,0.0
4620,2006,Egypt,Zambia,1.0
4621,2006,Egypt,Zimbabwe,1.0
4622,2006,El Salvador,Colombia,0.0
4623,2006,El Salvador,Guatemala,0.0
4624,2006,El Salvador,Haiti,0.0
4625,2006,El Salvador,Honduras,0.0
4626,2006,El Salvador,Martinique,1.0
4627,2006,El Salvador,Mexico,0.5
4628,2006,El Salvador,Panama,0.0
4629,2006,El Salvador,Paraguay,0.0
4630,2006,England,Argentina,1.0
4631,2006,England,Australia,0.0
4632,2006,England,Croatia,1.0
4633,2006,England,Denmark,0.0
4634,2006,England,Ecuador,1.0
4635,2006,England,Iceland,1.0
4636,2006,England,Italy,0.0
4637,2006,England,Japan,0.0
4638,2006,England,Liechtenstein,1.0
4639,2006,England,Netherlands,0.0
4640,2006,England,North Macedonia,0.0
4641,2006,England,Paraguay,1.0
4642,2006,England,Portugal,0.0
4643,2006,England,Serbia,1.0
4644,2006,England,Slovakia,1.0
4645,2006,England,Switzerland,1.0
4646,2006,England,Trinidad and Tobago,1.0
4647,2006,England,Turkey,1.0
4648,2006,England,Ukraine,1.0
4649,2006,Equatorial Guinea,Gabon,1.0
4650,2006,Equatorial Guinea,Morocco,0.0
4651,2006,Equatorial Guinea,Sierra Leone,0.0
4652,2006,Equatorial Guinea,São Tomé and Príncipe,1.0
4653,2006,Eritrea,Mali,0.0
4654,2006,Eritrea,Seychelles,1.0
4655,2006,Eritrea,Sudan,1.0
4656,2006,Eritrea,Tanzania,0.0
4657,2006,Eritrea,Zanzibar,0.0
4658,2006,Eritrea,Zimbabwe,0.0
4659,2006,Estonia,Albania,0.0
4660,2006,Estonia,Andorra,1.0
4661,2006,Estonia,Azerbaijan,0.0
4662,2006,Estonia,Belgium,0.0
4663,2006,Estonia,Bosnia and Herzegovina,1.0
4664,2006,Estonia,Bulgaria,0.0
4665,2006,Estonia,Canada,1.0
4666,2006,Estonia,Croatia,0.0
4667,2006,Estonia,Denmark,0.0
4668,2006,Estonia,Iceland,1.0
4669,2006,Estonia,Moldova,1.0
4670,2006,Estonia,New Zealand,1.0
4671,2006,Estonia,North Macedonia,0.0
4672,2006,Estonia,Northern Ireland,0.0
4673,2006,Estonia,Norway,0.0
4674,2006,Estonia,Poland,0.0
4675,2006,Estonia,Russia,1.0
4676,2006,Estonia,Saudi Arabia,1.0
4677,2006,Estonia,Scotland,0.0
4678,2006,Eswatini,Botswana,0.5
4679,2006,Eswatini,DR Congo,0.0
4680,2006,Eswatini,Lesotho,0.6666666666666666
4681,2006,Eswatini,Libya,1.0
4682,2006,Eswatini,Madagascar,1.0
4683,2006,Eswatini,Mauritius,0.0
4684,2006,Eswatini,Mozambique,0.0
4685,2006,Eswatini,Namibia,1.0
4686,2006,Eswatini,Zimbabwe,0.0
4687,2006,Ethiopia,Burundi,1.0
4688,2006,Ethiopia,Guinea,1.0
4689,2006,Ethiopia,Kenya,0.0
4690,2006,Ethiopia,Liberia,1.0
4691,2006,Ethiopia,Niger,1.0
4692,2006,Ethiopia,Rwanda,0.0
4693,2006,Ethiopia,Somalia,0.5
4694,2006,Ethiopia,Sudan,1.0
4695,2006,Ethiopia,Tanzania,1.0
4696,2006,Ethiopia,Uganda,0.0
4697,2006,Ethiopia,Zanzibar,0.5
4698,2006,Faroe Islands,Germany,0.0
4699,2006,Faroe Islands,Iceland,0.0
4700,2006,Faroe Islands,Kazakhstan,1.0
4701,2006,Faroe Islands,Liechtenstein,1.0
4702,2006,Faroe Islands,Lithuania,0.0
4703,2006,Faroe Islands,Luxembourg,1.0
4704,2006,Faroe Islands,Malta,1.0
4705,2006,Faroe Islands,Poland,0.0
4706,2006,Faroe Islands,Scotland,0.0
4707,2006,Fiji,India,1.0
4708,2006,Fiji,Kiribati,1.0
4709,2006,Fiji,New Caledonia,1.0
4710,2006,Fiji,New Zealand,0.0
4711,2006,Fiji,Solomon Islands,0.5
4712,2006,Fiji,Tahiti,1.0
4713,2006,Fiji,Tuvalu,1.0
4714,2006,Fiji,Vanuatu,0.3333333333333333
4715,2006,Finland,Azerbaijan,1.0
4716,2006,Finland,Canada,1.0
4717,2006,Finland,Denmark,0.0
4718,2006,Finland,Estonia,0.0
4719,2006,Finland,Iceland,1.0
4720,2006,Finland,Italy,0.0
4721,2006,Finland,Latvia,1.0
4722,2006,Finland,Republic of Ireland,0.0
4723,2006,Finland,Serbia,1.0
4724,2006,Finland,South Korea,0.0
4725,2006,Finland,Sweden,0.0
4726,2006,Finland,Wales,0.0
4727,2006,France,Andorra,1.0
4728,2006,France,Belgium,0.0
4729,2006,France,Bosnia and Herzegovina,0.0
4730,2006,France,Brazil,0.0
4731,2006,France,Costa Rica,1.0
4732,2006,France,Cyprus,1.0
4733,2006,France,Czech Republic,0.0
4734,2006,France,Egypt,1.0
4735,2006,France,England,1.0
4736,2006,France,Germany,0.0
4737,2006,France,Greece,0.0
4738,2006,France,Hungary,1.0
4739,2006,France,Israel,1.0
4740,2006,France,Ivory Coast,1.0
4741,2006,France,Malta,1.0
4742,2006,France,Poland,0.0
4743,2006,France,Romania,1.0
4744,2006,France,Russia,0.0
4745,2006,France,Scotland,1.0
4746,2006,France,Serbia,1.0
4747,2006,France,Slovenia,1.0
4748,2006,France,South Korea,0.0
4749,2006,France,Sweden,0.0
4750,2006,France,Switzerland,0.0
4751,2006,France,Ukraine,1.0
4752,2006,French Guiana,Suriname,0.0
4753,2006,Gabon,Angola,0.0
4754,2006,Gabon,Benin,1.0
4755,2006,Gabon,Burkina Faso,0.0
4756,2006,Gabon,Congo,0.0
4757,2006,Gabon,Equatorial Guinea,1.0
4758,2006,Gabon,Morocco,0.0
4759,2006,Gabon,Sierra Leone,1.0
4760,2006,Gabon,Zambia,0.0
4761,2006,Galicia,Uruguay,1.0
4762,2006,Gambia,Guinea,0.5
4763,2006,Gambia,Lesotho,1.0
4764,2006,Gambia,Mauritania,1.0
4765,2006,Gambia,Morocco,0.0
4766,2006,Gambia,Nigeria,0.0
4767,2006,Gambia,Senegal,0.0
4768,2006,Gambia,Sierra Leone,1.0
4769,2006,Georgia,Albania,1.0
4770,2006,Georgia,Israel,0.0
4771,2006,Georgia,Jordan,1.0
4772,2006,Georgia,Lithuania,1.0
4773,2006,Georgia,Moldova,0.0
4774,2006,Georgia,Republic of Ireland,0.0
4775,2006,Georgia,Russia,1.0
4776,2006,Georgia,South Africa,1.0
4777,2006,Georgia,Switzerland,0.0
4778,2006,Germany,Argentina,0.0
4779,2006,Germany,Austria,1.0
4780,2006,Germany,Belgium,1.0
4781,2006,Germany,Brazil,0.0
4782,2006,Germany,Cameroon,1.0
4783,2006,Germany,Canada,1.0
4784,2006,Germany,China PR,1.0
4785,2006,Germany,Costa Rica,1.0
4786,2006,Germany,Czech Republic,0.0
4787,2006,Germany,Faroe Islands,1.0
4788,2006,Germany,France,0.0
4789,2006,Germany,Hungary,0.0
4790,2006,Germany,Iceland,1.0
4791,2006,Germany,Israel,1.0
4792,2006,Germany,Italy,0.0
4793,2006,Germany,Kuwait,1.0
4794,2006,Germany,Lithuania,0.0
4795,2006,Germany,Malta,1.0
4796,2006,Germany,Netherlands,0.0
4797,2006,Germany,Poland,1.0
4798,2006,Germany,Portugal,1.0
4799,2006,Germany,Russia,0.0
4800,2006,Germany,Scotland,1.0
4801,2006,Germany,Serbia,1.0
4802,2006,Germany,South Africa,1.0
4803,2006,Germany,Sweden,1.0
4804,2006,Germany,United States,1.0
4805,2006,Ghana,Angola,0.0
4806,2006,Ghana,Benin,1.0
4807,2006,Ghana,Kenya,0.0
4808,2006,Ghana,Lesotho,1.0
4809,2006,Ghana,Madagascar,0.0
4810,2006,Ghana,Nigeria,0.0
4811,2006,Ghana,Rwanda,1.0
4812,2006,Ghana,Togo,0.0
4813,2006,Ghana,Uganda,0.0
4814,2006,Ghana,United States,1.0
4815,2006,Gibraltar,Monaco,0.5
4816,2006,Greece,Armenia,1.0
4817,2006,Greece,Bulgaria,1.0
4818,2006,Greece,Cyprus,1.0
4819,2006,Greece,Czech Republic,0.5
4820,2006,Greece,Hungary,1.0
4821,2006,Greece,Northern Ireland,1.0
4822,2006,Greece,Norway,1.0
4823,2006,Greece,Republic of Ireland,0.0
4824,2006,Greece,Spain,0.0
4825,2006,Greece,Sweden,0.0
4826,2006,Greece,Switzerland,1.0
4827,2006,Greece,Ukraine,1.0
4828,2006,Grenada,Barbados,0.0
4829,2006,Grenada,British Virgin Islands,1.0
4830,2006,Grenada,Guadeloupe,0.0
4831,2006,Grenada,Jamaica,0.0
4832,2006,Grenada,Saint Lucia,1.0
4833,2006,Grenada,Saint Martin,1.0
4834,2006,Grenada,Saint Vincent and the Grenadines,0.0
4835,2006,Grenada,Taiwan,1.0
4836,2006,Grenada,Trinidad and Tobago,0.0
4837,2006,Guadeloupe,Antigua and Barbuda,1.0
4838,2006,Guadeloupe,Cuba,0.0
4839,2006,Guadeloupe,French Guiana,0.5
4840,2006,Guadeloupe,Puerto Rico,1.0
4841,2006,Guadeloupe,Saint Lucia,1.0
4842,2006,Guam,Hong Kong,0.0
4843,2006,Guam,Macau,0.0
4844,2006,Guam,Mongolia,0.0
4845,2006,Guam,North Korea,0.0
4846,2006,Guam,Taiwan,0.0
4847,2006,Guatemala,Bolivia,1.0
4848,2006,Guatemala,Colombia,0.0
4849,2006,Guatemala,El Salvador,0.0
4850,2006,Guatemala,Haiti,1.0
4851,2006,Guatemala,Honduras,0.0
4852,2006,Guatemala,Jamaica,0.0
4853,2006,Guatemala,Panama,0.0
4854,2006,Guatemala,Paraguay,0.0
4855,2006,Guatemala,Peru,0.0
4856,2006,Guatemala,South Africa,0.0
4857,2006,Guatemala,Trinidad and Tobago,1.0
4858,2006,Guinea,Burkina Faso,1.0
4859,2006,Guinea,Ethiopia,1.0
4860,2006,Guinea,Liberia,1.0
4861,2006,Guinea,Mali,0.0
4862,2006,Guinea,Niger,1.0
4863,2006,Guyana,Curaçao,1.0
4864,2006,Guyana,Dominica,1.0
4865,2006,Haiti,Antigua and Barbuda,1.0
4866,2006,Haiti,Brazil,0.0
4867,2006,Haiti,Canada,0.0
4868,2006,Haiti,China PR,1.0
4869,2006,Haiti,Curaçao,1.0
4870,2006,Haiti,Martinique,1.0
4871,2006,Haiti,Nicaragua,0.0
4872,2006,Honduras,Argentina,0.0
4873,2006,Honduras,Chile,0.0
4874,2006,Honduras,Colombia,0.5
4875,2006,Honduras,Costa Rica,1.0
4876,2006,Honduras,Ecuador,0.0
4877,2006,Honduras,El Salvador,0.0
4878,2006,Honduras,Finland,0.0
4879,2006,Honduras,Panama,0.3333333333333333
4880,2006,Honduras,Paraguay,0.0
4881,2006,Hong Kong,Bangladesh,0.0
4882,2006,Hong Kong,Guam,1.0
4883,2006,Hong Kong,Laos,1.0
4884,2006,Hong Kong,Macau,1.0
4885,2006,Hong Kong,Mongolia,1.0
4886,2006,Hong Kong,Myanmar,0.0
4887,2006,Hong Kong,North Korea,0.0
4888,2006,Hong Kong,South Korea,0.0
4889,2006,Hong Kong,Taiwan,1.0
4890,2006,Hong Kong,Tajikistan,0.0
4891,2006,Hong Kong,Thailand,1.0
4892,2006,Hong Kong,Uzbekistan,0.0
4893,2006,Hungary,Argentina,0.0
4894,2006,Hungary,Belarus,0.0
4895,2006,Hungary,Brazil,0.0
4896,2006,Hungary,Croatia,0.0
4897,2006,Hungary,Estonia,0.0
4898,2006,Hungary,Japan,1.0
4899,2006,Hungary,Latvia,1.0
4900,2006,Hungary,Luxembourg,1.0
4901,2006,Hungary,Moldova,0.0
4902,2006,Hungary,Poland,0.0
4903,2006,Hungary,San Marino,1.0
4904,2006,Hungary,Saudi Arabia,0.0
4905,2006,Hungary,Spain,0.0
4906,2006,Hungary,Sweden,0.0
4907,2006,Iceland,Andorra,1.0
4908,2006,Iceland,Faroe Islands,1.0
4909,2006,Iceland,Germany,0.0
4910,2006,Iceland,Hungary,0.0
4911,2006,Iceland,Italy,1.0
4912,2006,Iceland,Japan,0.0
4913,2006,Iceland,Lithuania,1.0
4914,2006,Iceland,Scotland,0.0
4915,2006,Iceland,South Africa,1.0
4916,2006,India,Bhutan,1.0
4917,2006,India,Jamaica,0.0
4918,2006,India,Myanmar,1.0
4919,2006,India,Nepal,1.0
4920,2006,India,North Korea,0.0
4921,2006,India,Pakistan,0.0
4922,2006,India,Rwanda,1.0
4923,2006,India,Sri Lanka,0.0
4924,2006,India,Zimbabwe,1.0
4925,2006,Indonesia,Bhutan,1.0
4926,2006,Indonesia,Cambodia,1.0
4927,2006,Indonesia,India,0.0
4928,2006,Indonesia,Malaysia,0.5
4929,2006,Indonesia,Myanmar,0.0
4930,2006,Indonesia,Philippines,1.0
4931,2006,Indonesia,Singapore,0.0
4932,2006,Indonesia,Thailand,0.0
4933,2006,Indonesia,Vietnam,0.0
4934,2006,Indonesia,Yemen,0.0
4935,2006,Iran,Angola,0.0
4936,2006,Iran,Azerbaijan,1.0
4937,2006,Iran,Bahrain,1.0
4938,2006,Iran,Bosnia and Herzegovina,1.0
4939,2006,Iran,Germany,0.0
4940,2006,Iran,Iraq,0.5
4941,2006,Iran,Jordan,1.0
4942,2006,Iran,Lebanon,1.0
4943,2006,Iran,Libya,1.0
4944,2006,Iran,Morocco,0.0
4945,2006,Iran,New Zealand,1.0
4946,2006,Iran,North Korea,1.0
4947,2006,Iran,Panama,1.0
4948,2006,Iran,Paraguay,0.0
4949,2006,Iran,Slovakia,0.0
4950,2006,Iran,Syria,1.0
4951,2006,Iran,Thailand,1.0
4952,2006,Iran,Togo,1.0
4953,2006,Iran,Venezuela,1.0
4954,2006,Iraq,Bahrain,1.0
4955,2006,Iraq,Iran,0.0
4956,2006,Iraq,Jordan,0.0
4957,2006,Iraq,Malaysia,1.0
4958,2006,Iraq,Myanmar,1.0
4959,2006,Iraq,Oman,1.0
4960,2006,Iraq,Palestine,1.0
4961,2006,Iraq,Saudi Arabia,1.0
4962,2006,Iraq,Syria,1.0
4963,2006,Iraq,Uruguay,0.0
4964,2006,Iraq,Uzbekistan,0.0
4965,2006,Iraq,Yemen,1.0
4966,2006,Israel,Armenia,1.0
4967,2006,Israel,Croatia,0.0
4968,2006,Israel,Cyprus,1.0
4969,2006,Israel,France,0.0
4970,2006,Israel,Lithuania,1.0
4971,2006,Israel,Malta,0.0
4972,2006,Israel,Moldova,0.0
4973,2006,Israel,Slovenia,0.0
4974,2006,Italy,Australia,1.0
4975,2006,Italy,Azerbaijan,1.0
4976,2006,Italy,Bulgaria,1.0
4977,2006,Italy,Czech Republic,0.0
4978,2006,Italy,Finland,1.0
4979,2006,Italy,France,0.0
4980,2006,Italy,Ghana,1.0
4981,2006,Italy,Iceland,0.0
4982,2006,Italy,Northern Ireland,1.0
4983,2006,Italy,Portugal,1.0
4984,2006,Italy,Romania,1.0
4985,2006,Italy,Russia,1.0
4986,2006,Italy,Serbia,0.0
4987,2006,Italy,Slovenia,0.0
4988,2006,Italy,Spain,0.0
4989,2006,Italy,Sweden,0.0
4990,2006,Italy,Turkey,0.0
4991,2006,Italy,Ukraine,1.0
4992,2006,Italy,United States,0.5
4993,2006,Italy,Uruguay,0.0
4994,2006,Italy,Wales,1.0
4995,2006,Ivory Coast,Burundi,1.0
4996,2006,Ivory Coast,DR Congo,0.0
4997,2006,Ivory Coast,Gambia,1.0
4998,2006,Ivory Coast,Guinea,1.0
4999,2006,Ivory Coast,Italy,0.0
5000,2006,Ivory Coast,Nigeria,0.0
5001,2006,Ivory Coast,Serbia,1.0
5002,2006,Ivory Coast,South Africa,0.0
5003,2006,Jamaica,Barbados,1.0
5004,2006,Jamaica,Colombia,0.0
5005,2006,Jamaica,Cuba,0.0
5006,2006,Jamaica,El Salvador,1.0
5007,2006,Jamaica,Guadeloupe,1.0
5008,2006,Jamaica,Guatemala,0.0
5009,2006,Jamaica,Haiti,1.0
5010,2006,Jamaica,Honduras,0.0
5011,2006,Jamaica,Martinique,0.0
5012,2006,Jamaica,Nigeria,1.0
5013,2006,Jamaica,Paraguay,1.0
5014,2006,Jamaica,Saint Lucia,1.0
5015,2006,Jamaica,South Africa,0.0
5016,2006,Jamaica,United States,0.0
5017,2006,Jamaica,Uruguay,1.0
5018,2006,Jamaica,Venezuela,1.0
5019,2006,Japan,Angola,1.0
5020,2006,Japan,Argentina,0.0
5021,2006,Japan,Brazil,0.0
5022,2006,Japan,Cameroon,0.0
5023,2006,Japan,China PR,0.5
5024,2006,Japan,Costa Rica,0.0
5025,2006,Japan,Croatia,0.0
5026,2006,Japan,Germany,0.0
5027,2006,Japan,Honduras,1.0
5028,2006,Japan,Iran,0.0
5029,2006,Japan,Iraq,1.0
5030,2006,Japan,Jamaica,0.0
5031,2006,Japan,Jordan,0.0
5032,2006,Japan,Kazakhstan,1.0
5033,2006,Japan,Malaysia,1.0
5034,2006,Japan,Nigeria,1.0
5035,2006,Japan,Oman,1.0
5036,2006,Japan,Senegal,0.0
5037,2006,Japan,South Korea,0.0
5038,2006,Japan,Sweden,0.0
5039,2006,Japan,Syria,1.0
5040,2006,Japan,Ukraine,1.0
5041,2006,Japan,Uruguay,0.0
5042,2006,Jersey,Kernow,0.0
5043,2006,Jordan,Armenia,0.0
5044,2006,Jordan,Azerbaijan,0.0
5045,2006,Jordan,Indonesia,1.0
5046,2006,Jordan,Iran,1.0
5047,2006,Jordan,Iraq,0.5
5048,2006,Jordan,Kenya,0.0
5049,2006,Jordan,Kuwait,1.0
5050,2006,Jordan,Lebanon,0.5
5051,2006,Jordan,Malaysia,1.0
5052,2006,Jordan,North Korea,1.0
5053,2006,Jordan,Norway,0.0
5054,2006,Jordan,Singapore,1.0
5055,2006,Jordan,Sudan,0.0
5056,2006,Jordan,Syria,0.0
5057,2006,Jordan,United Arab Emirates,0.0
5058,2006,Kazakhstan,Azerbaijan,0.0
5059,2006,Kazakhstan,Estonia,0.0
5060,2006,Kenya,Burundi,0.0
5061,2006,Kenya,Cape Verde,1.0
5062,2006,Kenya,Eritrea,1.0
5063,2006,Kenya,Ghana,0.0
5064,2006,Kenya,Mali,0.0
5065,2006,Kenya,Mauritania,1.0
5066,2006,Kenya,Rwanda,0.0
5067,2006,Kenya,South Africa,0.0
5068,2006,Kenya,Sudan,0.0
5069,2006,Kenya,Tanzania,1.0
5070,2006,Kenya,Togo,1.0
5071,2006,Kenya,Trinidad and Tobago,0.0
5072,2006,Kenya,Uganda,0.2
5073,2006,Kernow,Jersey,1.0
5074,2006,Kiribati,Vanuatu,0.0
5075,2006,Kuwait,Armenia,1.0
5076,2006,Kuwait,Egypt,0.0
5077,2006,Kuwait,Finland,0.0
5078,2006,Kuwait,Iceland,0.0
5079,2006,Kuwait,India,0.0
5080,2006,Kuwait,Iran,0.0
5081,2006,Kuwait,Iraq,0.0
5082,2006,Kuwait,Kyrgyzstan,1.0
5083,2006,Kuwait,Lebanon,0.5
5084,2006,Kuwait,Norway,0.0
5085,2006,Kuwait,Palestine,1.0
5086,2006,Kuwait,Qatar,1.0
5087,2006,Kuwait,Singapore,1.0
5088,2006,Kuwait,Syria,0.25
5089,2006,Kuwait,Tajikistan,1.0
5090,2006,Kuwait,United Arab Emirates,0.5
5091,2006,Kuwait,Zimbabwe,1.0
5092,2006,Kyrgyzstan,Afghanistan,0.0
5093,2006,Laos,Bangladesh,1.0
5094,2006,Laos,Cambodia,1.0
5095,2006,Laos,Indonesia,0.0
5096,2006,Latvia,Azerbaijan,0.0
5097,2006,Latvia,Belarus,0.0
5098,2006,Latvia,Germany,0.0
5099,2006,Latvia,Hungary,1.0
5100,2006,Latvia,Iceland,0.0
5101,2006,Latvia,Japan,0.0
5102,2006,Latvia,Kazakhstan,1.0
5103,2006,Latvia,Kuwait,0.0
5104,2006,Latvia,Lithuania,1.0
5105,2006,Latvia,Poland,0.0
5106,2006,Latvia,San Marino,1.0
5107,2006,Latvia,Sweden,0.0
5108,2006,Latvia,Turkey,1.0
5109,2006,Latvia,Uzbekistan,0.0
5110,2006,Latvia,Wales,0.0
5111,2006,Lebanon,Bahrain,0.5
5112,2006,Lebanon,Iran,0.0
5113,2006,Lebanon,Jordan,0.0
5114,2006,Lebanon,Kuwait,0.0
5115,2006,Lebanon,North Korea,0.0
5116,2006,Lebanon,Syria,0.5
5117,2006,Lesotho,Botswana,0.0
5118,2006,Lesotho,DR Congo,0.0
5119,2006,Lesotho,Eswatini,0.6666666666666666
5120,2006,Lesotho,Gambia,1.0
5121,2006,Lesotho,Malawi,0.0
5122,2006,Lesotho,Mozambique,0.0
5123,2006,Lesotho,Namibia,0.0
5124,2006,Lesotho,Senegal,0.0
5125,2006,Lesotho,South Africa,0.0
5126,2006,Liberia,Algeria,0.0
5127,2006,Liberia,Ethiopia,1.0
5128,2006,Liberia,Guinea,0.0
5129,2006,Liberia,Niger,1.0
5130,2006,Liberia,Nigeria,0.0
5131,2006,Libya,Argentina,0.0
5132,2006,Libya,Botswana,0.0
5133,2006,Libya,Canada,0.0
5134,2006,Libya,DR Congo,1.0
5135,2006,Libya,Eswatini,1.0
5136,2006,Libya,Jordan,1.0
5137,2006,Libya,Kenya,1.0
5138,2006,Libya,Malawi,0.0
5139,2006,Libya,Nigeria,0.0
5140,2006,Libya,Qatar,1.0
5141,2006,Libya,Togo,1.0
5142,2006,Libya,Ukraine,0.0
5143,2006,Liechtenstein,England,0.0
5144,2006,Liechtenstein,Greece,0.0
5145,2006,Liechtenstein,North Macedonia,0.0
5146,2006,Liechtenstein,Northern Ireland,0.0
5147,2006,Liechtenstein,San Marino,0.0
5148,2006,Liechtenstein,Saudi Arabia,1.0
5149,2006,Liechtenstein,Slovakia,0.0
5150,2006,Liechtenstein,Turkey,0.0
5151,2006,Lithuania,Belarus,1.0
5152,2006,Lithuania,Faroe Islands,1.0
5153,2006,Lithuania,Germany,0.0
5154,2006,Lithuania,Iceland,0.0
5155,2006,Lithuania,Israel,0.0
5156,2006,Lithuania,Poland,0.0
5157,2006,Lithuania,Romania,0.0
5158,2006,Lithuania,Scotland,1.0
5159,2006,Luxembourg,Albania,0.0
5160,2006,Luxembourg,Bosnia and Herzegovina,0.0
5161,2006,Luxembourg,Canada,0.0
5162,2006,Luxembourg,Cape Verde,0.0
5163,2006,Luxembourg,Denmark,0.0
5164,2006,Luxembourg,Israel,0.0
5165,2006,Luxembourg,Latvia,0.0
5166,2006,Luxembourg,Liechtenstein,0.0
5167,2006,Luxembourg,Malta,0.0
5168,2006,Luxembourg,Moldova,0.0
5169,2006,Luxembourg,Morocco,0.0
5170,2006,Luxembourg,Norway,0.0
5171,2006,Luxembourg,Romania,0.0
5172,2006,Macau,Mongolia,1.0
5173,2006,Macau,Pakistan,0.0
5174,2006,Macau,Taiwan,0.0
5175,2006,Madagascar,Egypt,1.0
5176,2006,Madagascar,Mali,0.0
5177,2006,Madagascar,Mauritius,0.6666666666666666
5178,2006,Malawi,Angola,1.0
5179,2006,Malawi,Botswana,1.0
5180,2006,Malawi,DR Congo,0.0
5181,2006,Malawi,Eswatini,0.0
5182,2006,Malawi,Nigeria,0.0
5183,2006,Malawi,South Africa,0.0
5184,2006,Malawi,Tanzania,1.0
5185,2006,Malawi,Zambia,0.3333333333333333
5186,2006,Malawi,Zimbabwe,0.6
5187,2006,Malaysia,Bahrain,0.0
5188,2006,Malaysia,Brazil,0.0
5189,2006,Malaysia,Cambodia,1.0
5190,2006,Malaysia,Indonesia,0.0
5191,2006,Malaysia,Iraq,0.0
5192,2006,Malaysia,Laos,0.0
5193,2006,Malaysia,Myanmar,0.6666666666666666
5194,2006,Malaysia,Philippines,1.0
5195,2006,Malaysia,Singapore,0.3333333333333333
5196,2006,Malaysia,Thailand,1.0
5197,2006,Malaysia,Timor-Leste,1.0
5198,2006,Maldives,Afghanistan,1.0
5199,2006,Maldives,Bhutan,1.0
5200,2006,Maldives,Brunei,0.0
5201,2006,Maldives,India,0.0
5202,2006,Maldives,Myanmar,0.0
5203,2006,Maldives,Oman,0.0
5204,2006,Maldives,Sri Lanka,0.5
5205,2006,Mali,Algeria,1.0
5206,2006,Mali,Cameroon,0.0
5207,2006,Mali,Eritrea,1.0
5208,2006,Mali,Guinea,1.0
5209,2006,Mali,Liberia,0.0
5210,2006,Mali,Mauritania,1.0
5211,2006,Mali,Morocco,0.0
5212,2006,Mali,Nigeria,0.0
5213,2006,Mali,Seychelles,1.0
5214,2006,Mali,South Africa,1.0
5215,2006,Mali,Zambia,0.0
5216,2006,Mali,Zimbabwe,0.0
5217,2006,Malta,Andorra,0.0
5218,2006,Malta,Azerbaijan,1.0
5219,2006,Malta,Cyprus,0.0
5220,2006,Malta,Finland,0.0
5221,2006,Malta,France,0.0
5222,2006,Malta,Israel,0.0
5223,2006,Malta,Kazakhstan,0.0
5224,2006,Malta,Northern Ireland,0.0
5225,2006,Malta,Norway,0.0
5226,2006,Malta,Poland,0.0
5227,2006,Malta,Slovenia,0.0
5228,2006,Martinique,Costa Rica,0.0
5229,2006,Martinique,Cuba,0.0
5230,2006,Martinique,Dominican Republic,1.0
5231,2006,Martinique,French Guiana,1.0
5232,2006,Martinique,Guadeloupe,0.0
5233,2006,Martinique,Haiti,0.0
5234,2006,Martinique,Honduras,0.0
5235,2006,Martinique,Saint Kitts and Nevis,1.0
5236,2006,Martinique,Saint Lucia,1.0
5237,2006,Martinique,Trinidad and Tobago,1.0
5238,2006,Mauritania,Cape Verde,0.0
5239,2006,Mauritania,Kenya,0.0
5240,2006,Mauritania,Togo,0.0
5241,2006,Mauritius,Egypt,0.0
5242,2006,Mauritius,Madagascar,0.3333333333333333
5243,2006,Mauritius,Réunion,0.0
5244,2006,Mauritius,Seychelles,1.0
5245,2006,Mauritius,South Africa,0.5
5246,2006,Mayotte,Réunion,0.0
5247,2006,Mexico,Albania,1.0
5248,2006,Mexico,Angola,0.0
5249,2006,Mexico,Argentina,0.0
5250,2006,Mexico,Bolivia,1.0
5251,2006,Mexico,Brazil,0.5
5252,2006,Mexico,Bulgaria,0.5
5253,2006,Mexico,Chile,0.0
5254,2006,Mexico,Colombia,0.25
5255,2006,Mexico,Costa Rica,1.0
5256,2006,Mexico,Ecuador,1.0
5257,2006,Mexico,Guatemala,1.0
5258,2006,Mexico,Honduras,0.0
5259,2006,Mexico,Hungary,1.0
5260,2006,Mexico,Iceland,0.0
5261,2006,Mexico,Iran,1.0
5262,2006,Mexico,Jamaica,1.0
5263,2006,Mexico,Paraguay,0.0
5264,2006,Mexico,Peru,0.0
5265,2006,Mexico,Poland,0.0
5266,2006,Mexico,Serbia,0.0
5267,2006,Mexico,South Korea,0.0
5268,2006,Mexico,Sweden,0.0
5269,2006,Mexico,Uruguay,0.3333333333333333
5270,2006,Micronesia,New Caledonia,0.0
5271,2006,Moldova,Austria,1.0
5272,2006,Moldova,Azerbaijan,1.0
5273,2006,Moldova,Belarus,1.0
5274,2006,Moldova,Czech Republic,0.0
5275,2006,Moldova,Georgia,1.0
5276,2006,Moldova,Hungary,0.0
5277,2006,Moldova,Netherlands,0.0
5278,2006,Monaco,Occitania,0.0
5279,2006,Monaco,Vatican City,0.0
5280,2006,Mongolia,Guam,1.0
5281,2006,Morocco,Algeria,1.0
5282,2006,Morocco,Angola,1.0
5283,2006,Morocco,Argentina,0.0
5284,2006,Morocco,Benin,1.0
5285,2006,Morocco,Burkina Faso,1.0
5286,2006,Morocco,Cameroon,0.0
5287,2006,Morocco,Equatorial Guinea,1.0
5288,2006,Morocco,Gabon,1.0
5289,2006,Morocco,Ghana,0.0
5290,2006,Morocco,Guinea,1.0
5291,2006,Morocco,Ivory Coast,0.0
5292,2006,Morocco,Mali,0.3333333333333333
5293,2006,Morocco,Niger,1.0
5294,2006,Morocco,Senegal,1.0
5295,2006,Morocco,Sierra Leone,1.0
5296,2006,Morocco,South Africa,0.0
5297,2006,Morocco,Switzerland,1.0
5298,2006,Morocco,Togo,0.0
5299,2006,Morocco,Trinidad and Tobago,1.0
5300,2006,Mozambique,Angola,0.0
5301,2006,Mozambique,Botswana,0.0
5302,2006,Mozambique,Burkina Faso,1.0
5303,2006,Mozambique,Central African Republic,1.0
5304,2006,Mozambique,Congo,0.0
5305,2006,Mozambique,Eswatini,0.6666666666666666
5306,2006,Mozambique,Lesotho,0.5
5307,2006,Mozambique,Madagascar,1.0
5308,2006,Mozambique,Malawi,1.0
5309,2006,Mozambique,Zimbabwe,0.5
5310,2006,Myanmar,Bahrain,0.0
5311,2006,Myanmar,Brunei,1.0
5312,2006,Myanmar,Cambodia,1.0
5313,2006,Myanmar,Iraq,0.0
5314,2006,Myanmar,Malaysia,0.3333333333333333
5315,2006,Myanmar,Singapore,0.0
5316,2006,Myanmar,Timor-Leste,1.0
5317,2006,Myanmar,Vietnam,0.0
5318,2006,Namibia,Algeria,0.0
5319,2006,Namibia,Angola,0.0
5320,2006,Namibia,Botswana,0.0
5321,2006,Namibia,Chad,1.0
5322,2006,Nepal,Afghanistan,1.0
5323,2006,Nepal,Bhutan,1.0
5324,2006,Nepal,Kyrgyzstan,0.0
5325,2006,Nepal,Maldives,0.0
5326,2006,Nepal,Oman,0.0
5327,2006,Nepal,South Korea,0.0
5328,2006,Nepal,Vietnam,0.0
5329,2006,Netherlands,Argentina,0.5
5330,2006,Netherlands,Austria,1.0
5331,2006,Netherlands,Belarus,1.0
5332,2006,Netherlands,Belgium,0.0
5333,2006,Netherlands,Czech Republic,0.0
5334,2006,Netherlands,England,0.0
5335,2006,Netherlands,Faroe Islands,1.0
5336,2006,Netherlands,France,0.0
5337,2006,Netherlands,Germany,0.0
5338,2006,Netherlands,Greece,1.0
5339,2006,Netherlands,Italy,0.0
5340,2006,Netherlands,Ivory Coast,1.0
5341,2006,Netherlands,Latvia,1.0
5342,2006,Netherlands,Liechtenstein,1.0
5343,2006,Netherlands,Moldova,1.0
5344,2006,Netherlands,Portugal,0.0
5345,2006,Netherlands,Republic of Ireland,0.0
5346,2006,Netherlands,Scotland,1.0
5347,2006,Netherlands,Spain,1.0
5348,2006,Netherlands,United States,1.0
5349,2006,New Caledonia,Papua New Guinea,0.0
5350,2006,New Caledonia,Tonga,1.0
5351,2006,New Caledonia,Vanuatu,0.0
5352,2006,New Zealand,Australia,1.0
5353,2006,New Zealand,Papua New Guinea,1.0
5354,2006,New Zealand,Solomon Islands,1.0
5355,2006,New Zealand,Tahiti,1.0
5356,2006,New Zealand,Vanuatu,0.5
5357,2006,Nicaragua,Bermuda,1.0
5358,2006,Nicaragua,Haiti,0.0
5359,2006,Niger,Burkina Faso,0.0
5360,2006,Niger,Ethiopia,1.0
5361,2006,Niger,Guinea,1.0
5362,2006,Niger,Liberia,1.0
5363,2006,Niger,Mali,0.0
5364,2006,Nigeria,Angola,0.0
5365,2006,Nigeria,Benin,1.0
5366,2006,Nigeria,Brazil,0.0
5367,2006,Nigeria,Ecuador,0.0
5368,2006,Nigeria,Egypt,0.0
5369,2006,Nigeria,Ghana,1.0
5370,2006,Nigeria,Jamaica,0.0
5371,2006,Nigeria,Kenya,1.0
5372,2006,Nigeria,Malawi,1.0
5373,2006,Nigeria,Mali,1.0
5374,2006,Nigeria,Morocco,0.0
5375,2006,Nigeria,Paraguay,0.0
5376,2006,Nigeria,Senegal,0.0
5377,2006,Nigeria,South Africa,1.0
5378,2006,Nigeria,Venezuela,1.0
5379,2006,North Korea,India,1.0
5380,2006,North Korea,Iran,0.0
5381,2006,North Korea,Japan,1.0
5382,2006,North Korea,Kuwait,0.0
5383,2006,North Korea,Lebanon,0.0
5384,2006,North Korea,Mongolia,1.0
5385,2006,North Macedonia,Albania,1.0
5386,2006,North Macedonia,Bosnia and Herzegovina,1.0
5387,2006,North Macedonia,Croatia,0.0
5388,2006,North Macedonia,England,0.0
5389,2006,North Macedonia,Finland,1.0
5390,2006,North Macedonia,Israel,0.0
5391,2006,North Macedonia,Liechtenstein,1.0
5392,2006,North Macedonia,Malta,1.0
5393,2006,North Macedonia,Poland,0.0
5394,2006,North Macedonia,Portugal,0.0
5395,2006,North Macedonia,Slovakia,0.0
5396,2006,North Macedonia,Turkey,0.0
5397,2006,North Macedonia,Ukraine,1.0
5398,2006,Northern Ireland,Armenia,0.0
5399,2006,Northern Ireland,Canada,0.0
5400,2006,Northern Ireland,Cyprus,0.0
5401,2006,Northern Ireland,Finland,0.0
5402,2006,Northern Ireland,Germany,0.0
5403,2006,Northern Ireland,Greece,0.0
5404,2006,Northern Ireland,Norway,0.0
5405,2006,Northern Ireland,Poland,0.0
5406,2006,Northern Ireland,Portugal,0.0
5407,2006,Northern Ireland,Serbia,0.0
5408,2006,Northern Ireland,Spain,0.0
5409,2006,Northern Ireland,Ukraine,0.0
5410,2006,Norway,Belgium,0.0
5411,2006,Norway,Bosnia and Herzegovina,1.0
5412,2006,Norway,Costa Rica,1.0
5413,2006,Norway,Denmark,0.0
5414,2006,Norway,Finland,1.0
5415,2006,Norway,Iceland,0.0
5416,2006,Norway,Japan,1.0
5417,2006,Norway,Luxembourg,1.0
5418,2006,Norway,Netherlands,0.0
5419,2006,Norway,Portugal,0.0
5420,2006,Norway,Romania,0.0
5421,2006,Norway,Russia,1.0
5422,2006,Norway,Scotland,0.0
5423,2006,Norway,Spain,0.0
5424,2006,Norway,Sweden,0.0
5425,2006,Norway,Switzerland,0.0
5426,2006,Norway,Wales,0.0
5427,2006,Occitania,Chechnya,1.0
5428,2006,Occitania,Monaco,0.0
5429,2006,Oman,Bahrain,1.0
5430,2006,Oman,Estonia,1.0
5431,2006,Oman,Iran,0.0
5432,2006,Oman,Iraq,1.0
5433,2006,Oman,Jordan,1.0
5434,2006,Oman,Maldives,1.0
5435,2006,Oman,Nepal,1.0
5436,2006,Oman,Norway,0.0
5437,2006,Oman,South Korea,1.0
5438,2006,Oman,Syria,0.0
5439,2006,Oman,Thailand,1.0
5440,2006,Oman,United Arab Emirates,1.0
5441,2006,Oman,Vietnam,1.0
5442,2006,Pakistan,Afghanistan,1.0
5443,2006,Pakistan,Bangladesh,0.0
5444,2006,Pakistan,India,0.25
5445,2006,Pakistan,Maldives,0.0
5446,2006,Pakistan,Sri Lanka,1.0
5447,2006,Palestine,Iraq,0.0
5448,2006,Palestine,Jordan,0.0
5449,2006,Panama,Bermuda,1.0
5450,2006,Panama,Cuba,1.0
5451,2006,Panama,Guatemala,0.0
5452,2006,Panama,Paraguay,0.0
5453,2006,Panama,Trinidad and Tobago,0.0
5454,2006,Papua New Guinea,Micronesia,1.0
5455,2006,Papua New Guinea,New Caledonia,0.0
5456,2006,Papua New Guinea,Solomon Islands,0.0
5457,2006,Papua New Guinea,Tahiti,0.0
5458,2006,Papua New Guinea,Tonga,0.5
5459,2006,Paraguay,Bolivia,0.0
5460,2006,Paraguay,Chile,0.0
5461,2006,Paraguay,El Salvador,1.0
5462,2006,Paraguay,South Korea,0.0
5463,2006,Paraguay,Togo,1.0
5464,2006,Paraguay,Trinidad and Tobago,1.0
5465,2006,Paraguay,Uruguay,0.0
5466,2006,Peru,Argentina,0.0
5467,2006,Peru,Bolivia,0.0
5468,2006,Peru,Chile,1.0
5469,2006,Peru,Colombia,0.0
5470,2006,Peru,Guatemala,0.0
5471,2006,Peru,Haiti,1.0
5472,2006,Peru,Paraguay,0.0
5473,2006,Peru,Uruguay,0.0
5474,2006,Peru,Venezuela,1.0
5475,2006,Philippines,Myanmar,0.0
5476,2006,Philippines,Timor-Leste,1.0
5477,2006,Poland,Albania,1.0
5478,2006,Poland,Belarus,0.0
5479,2006,Poland,Belgium,0.0
5480,2006,Poland,Denmark,0.0
5481,2006,Poland,Ecuador,0.0
5482,2006,Poland,Estonia,1.0
5483,2006,Poland,Faroe Islands,1.0
5484,2006,Poland,Greece,1.0
5485,2006,Poland,Hungary,0.0
5486,2006,Poland,Iceland,1.0
5487,2006,Poland,Israel,1.0
5488,2006,Poland,Italy,1.0
5489,2006,Poland,Japan,0.0
5490,2006,Poland,Kazakhstan,1.0
5491,2006,Poland,Latvia,0.0
5492,2006,Poland,New Zealand,1.0
5493,2006,Poland,Republic of Ireland,0.0
5494,2006,Poland,Romania,0.0
5495,2006,Poland,San Marino,1.0
5496,2006,Poland,Serbia,1.0
5497,2006,Poland,Slovenia,1.0
5498,2006,Poland,Sweden,0.0
5499,2006,Poland,United States,0.0
5500,2006,Portugal,Albania,1.0
5501,2006,Portugal,Bolivia,1.0
5502,2006,Portugal,Brazil,0.5
5503,2006,Portugal,Canada,1.0
5504,2006,Portugal,Croatia,1.0
5505,2006,Portugal,Egypt,1.0
5506,2006,Portugal,England,0.0
5507,2006,Portugal,Finland,0.0
5508,2006,Portugal,France,0.0
5509,2006,Portugal,Greece,0.0
5510,2006,Portugal,Iran,1.0
5511,2006,Portugal,Italy,0.0
5512,2006,Portugal,Kazakhstan,1.0
5513,2006,Portugal,Kuwait,1.0
5514,2006,Portugal,Lithuania,1.0
5515,2006,Portugal,Luxembourg,1.0
5516,2006,Portugal,Mexico,1.0
5517,2006,Portugal,Netherlands,1.0
5518,2006,Portugal,Paraguay,0.0
5519,2006,Portugal,Russia,1.0
5520,2006,Portugal,Scotland,1.0
5521,2006,Portugal,Spain,0.5
5522,2006,Portugal,Sweden,0.0
5523,2006,Portugal,Tunisia,0.0
5524,2006,Puerto Rico,Guadeloupe,0.0
5525,2006,Qatar,Argentina,0.0
5526,2006,Qatar,Bahrain,1.0
5527,2006,Qatar,Indonesia,0.0
5528,2006,Qatar,Iraq,0.25
5529,2006,Qatar,Kuwait,0.0
5530,2006,Qatar,Kyrgyzstan,0.0
5531,2006,Qatar,Lebanon,1.0
5532,2006,Qatar,Palestine,0.5
5533,2006,Qatar,Singapore,1.0
5534,2006,Qatar,Syria,0.0
5535,2006,Qatar,Turkmenistan,1.0
5536,2006,Qatar,Yemen,1.0
5537,2006,Qatar,Zimbabwe,0.0
5538,2006,Republic of Ireland,Albania,1.0
5539,2006,Republic of Ireland,Australia,1.0
5540,2006,Republic of Ireland,Brazil,0.0
5541,2006,Republic of Ireland,Bulgaria,0.0
5542,2006,Republic of Ireland,Canada,1.0
5543,2006,Republic of Ireland,China PR,1.0
5544,2006,Republic of Ireland,Croatia,1.0
5545,2006,Republic of Ireland,Czech Republic,1.0
5546,2006,Republic of Ireland,Denmark,1.0
5547,2006,Republic of Ireland,Georgia,1.0
5548,2006,Republic of Ireland,Italy,0.0
5549,2006,Republic of Ireland,Nigeria,0.0
5550,2006,Republic of Ireland,Norway,1.0
5551,2006,Republic of Ireland,Portugal,1.0
5552,2006,Republic of Ireland,Romania,1.0
5553,2006,Republic of Ireland,Russia,0.5
5554,2006,Republic of Ireland,Switzerland,0.0
5555,2006,Republic of Ireland,Turkey,0.0
5556,2006,Republic of Ireland,United States,1.0
5557,2006,Romania,Bosnia and Herzegovina,1.0
5558,2006,Romania,Croatia,0.0
5559,2006,Romania,Denmark,0.0
5560,2006,Romania,Germany,1.0
5561,2006,Romania,Greece,0.0
5562,2006,Romania,Ivory Coast,0.0
5563,2006,Romania,Japan,0.0
5564,2006,Romania,Luxembourg,1.0
5565,2006,Romania,Nigeria,1.0
5566,2006,Romania,Norway,0.0
5567,2006,Romania,Slovakia,0.0
5568,2006,Romania,Ukraine,1.0
5569,2006,Russia,Albania,1.0
5570,2006,Russia,Belarus,0.0
5571,2006,Russia,Georgia,1.0
5572,2006,Russia,Greece,1.0
5573,2006,Russia,Israel,0.0
5574,2006,Russia,Lithuania,1.0
5575,2006,Russia,Republic of Ireland,1.0
5576,2006,Russia,Serbia,0.0
5577,2006,Russia,Sweden,0.0
5578,2006,Russia,Switzerland,1.0
5579,2006,Russia,Wales,0.0
5580,2006,Rwanda,Burundi,1.0
5581,2006,Rwanda,DR Congo,1.0
5582,2006,Rwanda,Eritrea,1.0
5583,2006,Rwanda,Ethiopia,0.5
5584,2006,Rwanda,Ghana,1.0
5585,2006,Rwanda,Guinea,0.0
5586,2006,Rwanda,Kenya,0.0
5587,2006,Rwanda,Tanzania,1.0
5588,2006,Rwanda,Uganda,0.5
5589,2006,Rwanda,Zambia,0.0
5590,2006,Rwanda,Zanzibar,0.5
5591,2006,Rwanda,Zimbabwe,0.0
5592,2006,Réunion,Mauritius,0.0
5593,2006,Saint Kitts and Nevis,Antigua and Barbuda,0.0
5594,2006,Saint Kitts and Nevis,British Virgin Islands,1.0
5595,2006,Saint Kitts and Nevis,Grenada,0.0
5596,2006,Saint Kitts and Nevis,Northern Ireland,0.0
5597,2006,Saint Kitts and Nevis,Saint Lucia,1.0
5598,2006,Saint Kitts and Nevis,Saint Vincent and the Grenadines,1.0
5599,2006,Saint Lucia,Antigua and Barbuda,1.0
5600,2006,Saint Lucia,British Virgin Islands,1.0
5601,2006,Saint Lucia,Grenada,1.0
5602,2006,Saint Lucia,Haiti,1.0
5603,2006,Saint Lucia,Jamaica,0.0
5604,2006,Saint Lucia,Martinique,0.0
5605,2006,Saint Lucia,Saint Vincent and the Grenadines,0.0
5606,2006,Saint Martin,Anguilla,1.0
5607,2006,Saint Martin,Grenada,0.0
5608,2006,Saint Vincent and the Grenadines,Martinique,1.0
5609,2006,Saint Vincent and the Grenadines,Saint Lucia,0.0
5610,2006,Samoa,American Samoa,1.0
5611,2006,Samoa,New Caledonia,0.0
5612,2006,Samoa,Papua New Guinea,0.0
5613,2006,Samoa,Tonga,1.0
5614,2006,San Marino,Estonia,0.0
5615,2006,San Marino,Hungary,0.0
5616,2006,San Marino,Latvia,0.0
5617,2006,San Marino,Liechtenstein,1.0
5618,2006,San Marino,Poland,0.0
5619,2006,San Marino,Sweden,0.0
5620,2006,Saudi Arabia,Azerbaijan,1.0
5621,2006,Saudi Arabia,Bahrain,0.0
5622,2006,Saudi Arabia,Bhutan,1.0
5623,2006,Saudi Arabia,Brazil,0.0
5624,2006,Saudi Arabia,Denmark,0.0
5625,2006,Saudi Arabia,Egypt,0.0
5626,2006,Saudi Arabia,Estonia,0.0
5627,2006,Saudi Arabia,Finland,0.0
5628,2006,Saudi Arabia,Ghana,0.0
5629,2006,Saudi Arabia,Iceland,1.0
5630,2006,Saudi Arabia,Indonesia,1.0
5631,2006,Saudi Arabia,Iraq,0.0
5632,2006,Saudi Arabia,Kuwait,0.0
5633,2006,Saudi Arabia,Lebanon,0.0
5634,2006,Saudi Arabia,Palestine,1.0
5635,2006,Saudi Arabia,Senegal,1.0
5636,2006,Saudi Arabia,South Africa,1.0
5637,2006,Saudi Arabia,Spain,0.0
5638,2006,Saudi Arabia,Syria,0.0
5639,2006,Saudi Arabia,Tajikistan,1.0
5640,2006,Saudi Arabia,Turkmenistan,0.5
5641,2006,Saudi Arabia,Ukraine,0.0
5642,2006,Saudi Arabia,Uruguay,1.0
5643,2006,Saudi Arabia,Yemen,1.0
5644,2006,Scotland,Austria,0.0
5645,2006,Scotland,Canada,1.0
5646,2006,Scotland,Denmark,0.0
5647,2006,Scotland,Faroe Islands,1.0
5648,2006,Scotland,Germany,0.0
5649,2006,Scotland,Hungary,0.0
5650,2006,Scotland,Iceland,1.0
5651,2006,Scotland,Lithuania,1.0
5652,2006,Scotland,Netherlands,1.0
5653,2006,Scotland,New Zealand,0.0
5654,2006,Scotland,Nigeria,0.0
5655,2006,Scotland,Republic of Ireland,0.0
5656,2006,Scotland,Romania,0.0
5657,2006,Scotland,South Africa,0.0
5658,2006,Scotland,Sweden,0.0
5659,2006,Scotland,Trinidad and Tobago,1.0
5660,2006,Scotland,United States,0.0
5661,2006,Senegal,Bolivia,1.0
5662,2006,Senegal,Burkina Faso,0.0
5663,2006,Senegal,Cameroon,0.0
5664,2006,Senegal,Cape Verde,1.0
5665,2006,Senegal,DR Congo,1.0
5666,2006,Senegal,Gambia,1.0
5667,2006,Senegal,Ghana,0.0
5668,2006,Senegal,Guinea,0.0
5669,2006,Senegal,Ivory Coast,0.5
5670,2006,Senegal,Kenya,1.0
5671,2006,Senegal,Lesotho,1.0
5672,2006,Senegal,Mali,0.0
5673,2006,Senegal,Nigeria,0.0
5674,2006,Senegal,South Africa,1.0
5675,2006,Senegal,Tunisia,0.0
5676,2006,Senegal,Zambia,1.0
5677,2006,Serbia,Azerbaijan,0.0
5678,2006,Serbia,Bulgaria,0.0
5679,2006,Serbia,Finland,1.0
5680,2006,Serbia,Italy,0.0
5681,2006,Serbia,Lithuania,1.0
5682,2006,Serbia,Netherlands,0.0
5683,2006,Serbia,Norway,0.0
5684,2006,Serbia,Wales,1.0
5685,2006,Seychelles,Eritrea,1.0
5686,2006,Seychelles,Mali,0.0
5687,2006,Seychelles,South Africa,0.0
5688,2006,Seychelles,Zimbabwe,1.0
5689,2006,Sierra Leone,Equatorial Guinea,1.0
5690,2006,Sierra Leone,Gabon,1.0
5691,2006,Sierra Leone,Gambia,1.0
5692,2006,Sierra Leone,Ghana,1.0
5693,2006,Sierra Leone,Guinea,1.0
5694,2006,Sierra Leone,Liberia,1.0
5695,2006,Sierra Leone,Morocco,0.0
5696,2006,Singapore,Hong Kong,0.5
5697,2006,Singapore,Indonesia,0.6666666666666666
5698,2006,Singapore,Kuwait,0.0
5699,2006,Singapore,Laos,1.0
5700,2006,Singapore,Macau,1.0
5701,2006,Singapore,Malaysia,0.5
5702,2006,Singapore,Maldives,1.0
5703,2006,Singapore,Myanmar,1.0
5704,2006,Singapore,North Korea,1.0
5705,2006,Singapore,Norway,0.0
5706,2006,Singapore,Oman,0.0
5707,2006,Singapore,Pakistan,1.0
5708,2006,Singapore,Palestine,0.5
5709,2006,Singapore,Philippines,1.0
5710,2006,Singapore,Qatar,0.0
5711,2006,Singapore,Thailand,0.0
5712,2006,Singapore,United Arab Emirates,0.0
5713,2006,Singapore,Uruguay,0.0
5714,2006,Slovakia,Austria,0.0
5715,2006,Slovakia,England,0.0
5716,2006,Slovakia,Germany,1.0
5717,2006,Slovakia,Greece,0.0
5718,2006,Slovakia,Liechtenstein,1.0
5719,2006,Slovakia,North Macedonia,0.0
5720,2006,Slovakia,Slovenia,0.0
5721,2006,Slovakia,Turkey,0.0
5722,2006,Slovakia,Ukraine,0.0
5723,2006,Slovakia,Uzbekistan,1.0
5724,2006,Slovenia,Croatia,0.0
5725,2006,Slovenia,Cyprus,1.0
5726,2006,Slovenia,Czech Republic,0.0
5727,2006,Slovenia,France,0.0
5728,2006,Slovenia,Germany,0.0
5729,2006,Slovenia,Ghana,1.0
5730,2006,Slovenia,Hungary,1.0
5731,2006,Slovenia,Israel,1.0
5732,2006,Slovenia,Latvia,0.0
5733,2006,Slovenia,Malta,1.0
5734,2006,Slovenia,Serbia,0.0
5735,2006,Slovenia,Switzerland,0.0
5736,2006,Slovenia,Tunisia,1.0
5737,2006,Solomon Islands,Australia,0.0
5738,2006,Solomon Islands,Kiribati,1.0
5739,2006,Solomon Islands,Tahiti,0.0
5740,2006,Solomon Islands,Vanuatu,0.0
5741,2006,Somalia,Kenya,0.0
5742,2006,Somalia,Rwanda,0.0
5743,2006,Somalia,Sudan,0.0
5744,2006,Somalia,Uganda,0.0
5745,2006,South Africa,Angola,1.0
5746,2006,South Africa,Australia,0.0
5747,2006,South Africa,Benin,1.0
5748,2006,South Africa,Burkina Faso,0.0
5749,2006,South Africa,Burundi,1.0
5750,2006,South Africa,Costa Rica,1.0
5751,2006,South Africa,England,0.0
5752,2006,South Africa,Eswatini,1.0
5753,2006,South Africa,Ghana,0.0
5754,2006,South Africa,Ivory Coast,1.0
5755,2006,South Africa,Jamaica,0.0
5756,2006,South Africa,Madagascar,0.6666666666666666
5757,2006,South Africa,Malawi,1.0
5758,2006,South Africa,Mexico,1.0
5759,2006,South Africa,Morocco,1.0
5760,2006,South Africa,Nigeria,1.0
5761,2006,South Africa,Panama,0.0
5762,2006,South Africa,Senegal,0.0
5763,2006,South Africa,Trinidad and Tobago,1.0
5764,2006,South Africa,Turkey,1.0
5765,2006,South Africa,Zambia,0.0
5766,2006,South Africa,Zimbabwe,0.0
5767,2006,South Korea,Argentina,0.0
5768,2006,South Korea,Bahrain,1.0
5769,2006,South Korea,Brazil,0.0
5770,2006,South Korea,Bulgaria,0.0
5771,2006,South Korea,Burkina Faso,1.0
5772,2006,South Korea,China PR,0.3333333333333333
5773,2006,South Korea,Colombia,0.0
5774,2006,South Korea,Costa Rica,1.0
5775,2006,South Korea,Cuba,0.0
5776,2006,South Korea,Egypt,0.0
5777,2006,South Korea,England,0.0
5778,2006,South Korea,France,0.0
5779,2006,South Korea,Germany,1.0
5780,2006,South Korea,Iran,0.5
5781,2006,South Korea,Japan,0.0
5782,2006,South Korea,Jordan,0.0
5783,2006,South Korea,Kuwait,1.0
5784,2006,South Korea,Nepal,1.0
5785,2006,South Korea,North Korea,0.3333333333333333
5786,2006,South Korea,Oman,1.0
5787,2006,South Korea,Paraguay,0.0
5788,2006,South Korea,Scotland,1.0
5789,2006,South Korea,Serbia,1.0
5790,2006,South Korea,Sweden,0.0
5791,2006,South Korea,Togo,1.0
5792,2006,South Korea,Trinidad and Tobago,0.0
5793,2006,South Korea,Turkey,0.3333333333333333
5794,2006,South Korea,Uruguay,0.0
5795,2006,South Korea,Vietnam,1.0
5796,2006,Spain,Andorra,1.0
5797,2006,Spain,Armenia,1.0
5798,2006,Spain,Bulgaria,1.0
5799,2006,Spain,Canada,1.0
5800,2006,Spain,China PR,1.0
5801,2006,Spain,Denmark,1.0
5802,2006,Spain,Ecuador,1.0
5803,2006,Spain,England,1.0
5804,2006,Spain,France,0.0
5805,2006,Spain,Germany,1.0
5806,2006,Spain,Greece,0.0
5807,2006,Spain,Northern Ireland,1.0
5808,2006,Spain,Norway,1.0
5809,2006,Spain,Paraguay,0.0
5810,2006,Spain,Peru,1.0
5811,2006,Spain,Portugal,0.0
5812,2006,Spain,Russia,1.0
5813,2006,Spain,Scotland,0.0
5814,2006,Spain,Tunisia,1.0
5815,2006,Spain,Ukraine,1.0
5816,2006,Spain,Uruguay,1.0
5817,2006,Spain,Venezuela,1.0
5818,2006,Sri Lanka,Afghanistan,0.5
5819,2006,Sri Lanka,Maldives,0.5
5820,2006,Sri Lanka,Pakistan,0.5
5821,2006,Sri Lanka,Taiwan,1.0
5822,2006,Sri Lanka,Timor-Leste,1.0
5823,2006,Sri Lanka,Vietnam,0.0
5824,2006,Sudan,Benin,1.0
5825,2006,Sudan,Burundi,0.5
5826,2006,Sudan,Chad,0.6666666666666666
5827,2006,Sudan,DR Congo,0.0
5828,2006,Sudan,Ethiopia,0.6666666666666666
5829,2006,Sudan,Kenya,0.0
5830,2006,Sudan,Rwanda,1.0
5831,2006,Sudan,Somalia,1.0
5832,2006,Sudan,Syria,0.0
5833,2006,Sudan,Tanzania,1.0
5834,2006,Sudan,Uganda,0.6
5835,2006,Sudan,Zambia,0.0
5836,2006,Sudan,Zanzibar,1.0
5837,2006,Suriname,Aruba,1.0
5838,2006,Suriname,Curaçao,0.0
5839,2006,Suriname,French Guiana,0.0
5840,2006,Sweden,Bulgaria,1.0
5841,2006,Sweden,Croatia,0.0
5842,2006,Sweden,Czech Republic,1.0
5843,2006,Sweden,England,0.5
5844,2006,Sweden,Greece,0.0
5845,2006,Sweden,Hungary,0.0
5846,2006,Sweden,Latvia,0.0
5847,2006,Sweden,Netherlands,0.0
5848,2006,Sweden,Norway,0.0
5849,2006,Sweden,Paraguay,0.5
5850,2006,Sweden,Poland,1.0
5851,2006,Sweden,Portugal,0.0
5852,2006,Sweden,San Marino,1.0
5853,2006,Sweden,South Korea,0.0
5854,2006,Sweden,Switzerland,0.0
5855,2006,Switzerland,Albania,1.0
5856,2006,Switzerland,Austria,1.0
5857,2006,Switzerland,Canada,0.0
5858,2006,Switzerland,Croatia,0.0
5859,2006,Switzerland,France,0.0
5860,2006,Switzerland,Georgia,1.0
5861,2006,Switzerland,Germany,0.0
5862,2006,Switzerland,Italy,0.0
5863,2006,Switzerland,Liechtenstein,1.0
5864,2006,Switzerland,Northern Ireland,0.0
5865,2006,Switzerland,Republic of Ireland,1.0
5866,2006,Switzerland,Russia,0.0
5867,2006,Switzerland,Slovenia,1.0
5868,2006,Switzerland,South Korea,1.0
5869,2006,Switzerland,Ukraine,0.0
5870,2006,Syria,Iran,0.0
5871,2006,Syria,Iraq,0.0
5872,2006,Syria,Jordan,0.0
5873,2006,Syria,Lebanon,1.0
5874,2006,Syria,Palestine,0.5
5875,2006,Syria,Sri Lanka,1.0
5876,2006,Syria,Turkmenistan,0.0
5877,2006,Syria,United Arab Emirates,0.0
5878,2006,Syria,Yemen,1.0
5879,2006,Tahiti,Fiji,0.0
5880,2006,Tahiti,Micronesia,1.0
5881,2006,Tahiti,New Caledonia,0.0
5882,2006,Tahiti,Papua New Guinea,1.0
5883,2006,Tahiti,Solomon Islands,0.0
5884,2006,Tahiti,Tonga,1.0
5885,2006,Tahiti,Vanuatu,0.6666666666666666
5886,2006,Tajikistan,Afghanistan,1.0
5887,2006,Tajikistan,Hong Kong,1.0
5888,2006,Tajikistan,Uzbekistan,0.0
5889,2006,Tanzania,Benin,0.0
5890,2006,Tanzania,Burundi,0.5
5891,2006,Tanzania,Eritrea,0.0
5892,2006,Tanzania,Kenya,0.3333333333333333
5893,2006,Tanzania,Rwanda,0.5
5894,2006,Tanzania,South Africa,0.0
5895,2006,Tanzania,Sudan,0.0
5896,2006,Tanzania,Uganda,0.0
5897,2006,Tanzania,Zambia,0.0
5898,2006,Tanzania,Zanzibar,0.3333333333333333
5899,2006,Thailand,Bahrain,0.0
5900,2006,Thailand,Germany,0.0
5901,2006,Thailand,Hong Kong,1.0
5902,2006,Thailand,India,1.0
5903,2006,Thailand,Japan,0.0
5904,2006,Thailand,Jordan,0.0
5905,2006,Thailand,Laos,1.0
5906,2006,Thailand,Malaysia,0.0
5907,2006,Thailand,Myanmar,0.0
5908,2006,Thailand,Philippines,1.0
5909,2006,Thailand,Tajikistan,0.5
5910,2006,Thailand,Trinidad and Tobago,1.0
5911,2006,Thailand,Uzbekistan,1.0
5912,2006,Thailand,Vietnam,1.0
5913,2006,Timor-Leste,Thailand,0.0
5914,2006,Togo,Benin,0.5
5915,2006,Togo,Burkina Faso,1.0
5916,2006,Togo,Cape Verde,1.0
5917,2006,Togo,France,0.0
5918,2006,Togo,Ivory Coast,0.0
5919,2006,Togo,Kenya,1.0
5920,2006,Togo,Mauritania,1.0
5921,2006,Togo,Switzerland,0.0
5922,2006,Tonga,Micronesia,1.0
5923,2006,Tonga,New Caledonia,0.0
5924,2006,Trinidad and Tobago,Antigua and Barbuda,1.0
5925,2006,Trinidad and Tobago,Azerbaijan,1.0
5926,2006,Trinidad and Tobago,Bermuda,1.0
5927,2006,Trinidad and Tobago,Cuba,0.5
5928,2006,Trinidad and Tobago,Finland,0.0
5929,2006,Trinidad and Tobago,Guadeloupe,1.0
5930,2006,Trinidad and Tobago,Guyana,1.0
5931,2006,Trinidad and Tobago,Haiti,0.6666666666666666
5932,2006,Trinidad and Tobago,Honduras,0.0
5933,2006,Trinidad and Tobago,Iraq,1.0
5934,2006,Trinidad and Tobago,Martinique,0.0
5935,2006,Trinidad and Tobago,Northern Ireland,0.0
5936,2006,Trinidad and Tobago,Saint Kitts and Nevis,1.0
5937,2006,Trinidad and Tobago,Saint Lucia,0.0
5938,2006,Trinidad and Tobago,Sweden,0.0
5939,2006,Trinidad and Tobago,Venezuela,0.0
5940,2006,Tunisia,Angola,1.0
5941,2006,Tunisia,Benin,1.0
5942,2006,Tunisia,Cameroon,0.5
5943,2006,Tunisia,DR Congo,1.0
5944,2006,Tunisia,Egypt,0.0
5945,2006,Tunisia,France,0.0
5946,2006,Tunisia,Ghana,0.0
5947,2006,Tunisia,Guinea,0.0
5948,2006,Tunisia,Italy,0.0
5949,2006,Tunisia,Ivory Coast,0.5
5950,2006,Tunisia,Japan,0.0
5951,2006,Tunisia,Mali,1.0
5952,2006,Tunisia,Morocco,0.5
5953,2006,Tunisia,Nigeria,0.0
5954,2006,Tunisia,Norway,0.0
5955,2006,Tunisia,Rwanda,1.0
5956,2006,Tunisia,Saudi Arabia,0.0
5957,2006,Tunisia,Senegal,1.0
5958,2006,Tunisia,South Africa,0.5
5959,2006,Tunisia,South Korea,0.0
5960,2006,Tunisia,Sweden,1.0
5961,2006,Turkey,Belarus,0.0
5962,2006,Turkey,Chile,1.0
5963,2006,Turkey,Ecuador,0.0
5964,2006,Turkey,England,0.0
5965,2006,Turkey,Georgia,1.0
5966,2006,Turkey,Germany,1.0
5967,2006,Turkey,Latvia,0.0
5968,2006,Turkey,Liechtenstein,1.0
5969,2006,Turkey,Moldova,1.0
5970,2006,Turkey,North Macedonia,1.0
5971,2006,Turkey,Slovakia,1.0
5972,2006,Turkey,Ukraine,0.0
5973,2006,Turkmenistan,Iraq,0.0
5974,2006,Turkmenistan,Sri Lanka,1.0
5975,2006,Turkmenistan,United Arab Emirates,1.0
5976,2006,Turkmenistan,Uzbekistan,0.0
5977,2006,Tuvalu,Kiribati,1.0
5978,2006,Tuvalu,Solomon Islands,0.0
5979,2006,Tuvalu,Vanuatu,0.0
5980,2006,Uganda,Algeria,0.0
5981,2006,Uganda,Eritrea,1.0
5982,2006,Uganda,Ethiopia,1.0
5983,2006,Uganda,Ghana,1.0
5984,2006,Uganda,Kenya,0.0
5985,2006,Uganda,Libya,1.0
5986,2006,Uganda,Rwanda,0.5
5987,2006,Uganda,Somalia,1.0
5988,2006,Uganda,Sudan,0.0
5989,2006,Uganda,Tanzania,1.0
5990,2006,Uganda,Zambia,0.0
5991,2006,Ukraine,Armenia,1.0
5992,2006,Ukraine,Georgia,1.0
5993,2006,Ukraine,Greece,1.0
5994,2006,Ukraine,Iran,0.0
5995,2006,Ukraine,Israel,0.0
5996,2006,Ukraine,Japan,1.0
5997,2006,Ukraine,Latvia,1.0
5998,2006,Ukraine,North Macedonia,0.0
5999,2006,Ukraine,Northern Ireland,0.0
6000,2006,Ukraine,Romania,0.0
6001,2006,Ukraine,Serbia,1.0
6002,2006,Ukraine,Slovakia,0.0
6003,2006,Ukraine,Spain,0.0
6004,2006,Ukraine,Tunisia,1.0
6005,2006,United Arab Emirates,Azerbaijan,0.0
6006,2006,United Arab Emirates,Bahrain,0.0
6007,2006,United Arab Emirates,Belarus,0.0
6008,2006,United Arab Emirates,Benin,0.0
6009,2006,United Arab Emirates,Brazil,0.0
6010,2006,United Arab Emirates,Egypt,0.0
6011,2006,United Arab Emirates,Jordan,1.0
6012,2006,United Arab Emirates,Kenya,0.0
6013,2006,United Arab Emirates,Kuwait,0.0
6014,2006,United Arab Emirates,Libya,0.0
6015,2006,United Arab Emirates,Norway,0.0
6016,2006,United Arab Emirates,Oman,0.0
6017,2006,United Arab Emirates,South Korea,0.0
6018,2006,United Arab Emirates,Sri Lanka,1.0
6019,2006,United Arab Emirates,Switzerland,0.0
6020,2006,United Arab Emirates,Syria,1.0
6021,2006,United Arab Emirates,Turkmenistan,0.0
6022,2006,United Arab Emirates,Uzbekistan,0.0
6023,2006,United States,Argentina,0.0
6024,2006,United States,Brazil,0.0
6025,2006,United States,Canada,0.6666666666666666
6026,2006,United States,Colombia,1.0
6027,2006,United States,Costa Rica,0.6666666666666666
6028,2006,United States,Cuba,1.0
6029,2006,United States,Czech Republic,0.0
6030,2006,United States,Ecuador,1.0
6031,2006,United States,El Salvador,1.0
6032,2006,United States,England,0.0
6033,2006,United States,Haiti,0.0
6034,2006,United States,Honduras,1.0
6035,2006,United States,Jamaica,1.0
6036,2006,United States,Martinique,1.0
6037,2006,United States,Mexico,0.5
6038,2006,United States,Netherlands,0.0
6039,2006,United States,New Zealand,1.0
6040,2006,United States,Panama,0.0
6041,2006,United States,Paraguay,1.0
6042,2006,United States,Poland,0.0
6043,2006,United States,South Korea,1.0
6044,2006,United States,Uruguay,1.0
6045,2006,United States,Venezuela,1.0
6046,2006,United States,Wales,1.0
6047,2006,Uruguay,Brazil,0.0
6048,2006,Uruguay,Ecuador,1.0
6049,2006,Uruguay,Peru,1.0
6050,2006,Uruguay,South Korea,1.0
6051,2006,Uzbekistan,Bahrain,0.0
6052,2006,Uzbekistan,Belarus,0.0
6053,2006,Uzbekistan,Hong Kong,1.0
6054,2006,Uzbekistan,Saudi Arabia,1.0
6055,2006,Uzbekistan,Tajikistan,0.0
6056,2006,Uzbekistan,Thailand,1.0
6057,2006,Vanuatu,Solomon Islands,0.0
6058,2006,Venezuela,Australia,0.0
6059,2006,Venezuela,Bolivia,0.5
6060,2006,Venezuela,Colombia,0.0
6061,2006,Venezuela,Ecuador,1.0
6062,2006,Venezuela,Estonia,1.0
6063,2006,Venezuela,Guatemala,0.0
6064,2006,Venezuela,Haiti,1.0
6065,2006,Venezuela,Honduras,1.0
6066,2006,Venezuela,Jamaica,1.0
6067,2006,Venezuela,Panama,0.0
6068,2006,Venezuela,Trinidad and Tobago,1.0
6069,2006,Venezuela,Uruguay,1.0
6070,2006,Vietnam,Cambodia,1.0
6071,2006,Vietnam,India,1.0
6072,2006,Vietnam,Indonesia,0.0
6073,2006,Vietnam,Laos,1.0
6074,2006,Vietnam,Malaysia,1.0
6075,2006,Vietnam,Myanmar,1.0
6076,2006,Vietnam,Nepal,1.0
6077,2006,Vietnam,Oman,0.0
6078,2006,Vietnam,Philippines,1.0
6079,2006,Vietnam,Singapore,0.0
6080,2006,Vietnam,South Korea,1.0
6081,2006,Vietnam,Thailand,0.0
6082,2006,Wales,Argentina,0.0
6083,2006,Wales,Azerbaijan,1.0
6084,2006,Wales,Bosnia and Herzegovina,0.0
6085,2006,Wales,Canada,1.0
6086,2006,Wales,Czech Republic,0.0
6087,2006,Wales,Finland,0.0
6088,2006,Wales,Germany,1.0
6089,2006,Wales,Hungary,1.0
6090,2006,Wales,Italy,1.0
6091,2006,Wales,Russia,0.0
6092,2006,Wales,Scotland,1.0
6093,2006,Wales,Serbia,0.0
6094,2006,Wales,Slovenia,0.0
6095,2006,Yemen,Bhutan,1.0
6096,2006,Yemen,Ethiopia,0.0
6097,2006,Yemen,Indonesia,0.0
6098,2006,Yemen,Sudan,0.5
6099,2006,Yemen,Syria,0.5
6100,2006,Yemen,Turkmenistan,0.0
6101,2006,Yemen,Zambia,0.0
6102,2006,Zambia,Angola,0.0
6103,2006,Zambia,Benin,0.0
6104,2006,Zambia,DR Congo,0.5
6105,2006,Zambia,Eswatini,1.0
6106,2006,Zambia,Malawi,0.5
6107,2006,Zambia,Mauritius,1.0
6108,2006,Zambia,Mozambique,1.0
6109,2006,Zambia,Rwanda,1.0
6110,2006,Zambia,Sudan,0.0
6111,2006,Zambia,Tanzania,1.0
6112,2006,Zambia,Tunisia,0.0
6113,2006,Zambia,Zimbabwe,0.0
6114,2006,Zanzibar,Ethiopia,0.0
6115,2006,Zanzibar,Somalia,1.0
6116,2006,Zanzibar,Tanzania,0.5
6117,2006,Zanzibar,Uganda,0.0
6118,2006,Zimbabwe,Angola,1.0
6119,2006,Zimbabwe,Botswana,0.5
6120,2006,Zimbabwe,Egypt,0.0
6121,2006,Zimbabwe,Eritrea,1.0
6122,2006,Zimbabwe,Eswatini,0.5
6123,2006,Zimbabwe,Lesotho,1.0
6124,2006,Zimbabwe,Malawi,0.5
6125,2006,Zimbabwe,Mali,1.0
6126,2006,Zimbabwe,Mozambique,0.0
6127,2006,Zimbabwe,Seychelles,1.0
6128,2006,Zimbabwe,Uganda,1.0
6129,2006,Zimbabwe,Zambia,0.0
6130,2006,Åland Islands,Sealand,0.0
6131,2010,Afghanistan,Bhutan,0.0
6132,2010,Afghanistan,Nepal,0.0
6133,2010,Afghanistan,Taiwan,0.0
6134,2010,Afghanistan,Tajikistan,0.0
6135,2010,Afghanistan,Turkmenistan,0.0
6136,2010,Albania,Belarus,0.0
6137,2010,Albania,Bulgaria,0.0
6138,2010,Albania,Cyprus,1.0
6139,2010,Albania,Georgia,0.0
6140,2010,Albania,Liechtenstein,1.0
6141,2010,Albania,Lithuania,0.0
6142,2010,Albania,Luxembourg,1.0
6143,2010,Albania,Malta,1.0
6144,2010,Albania,Netherlands,0.0
6145,2010,Albania,North Macedonia,0.0
6146,2010,Albania,Poland,0.0
6147,2010,Albania,Romania,0.0
6148,2010,Albania,Slovenia,0.0
6149,2010,Algeria,Argentina,0.0
6150,2010,Algeria,Benin,1.0
6151,2010,Algeria,Brazil,0.0
6152,2010,Algeria,Burkina Faso,0.0
6153,2010,Algeria,Cape Verde,1.0
6154,2010,Algeria,DR Congo,0.0
6155,2010,Algeria,Gabon,0.0
6156,2010,Algeria,Gambia,1.0
6157,2010,Algeria,Guinea,0.0
6158,2010,Algeria,Libya,1.0
6159,2010,Algeria,Mali,0.5
6160,2010,Algeria,Slovenia,0.0
6161,2010,Algeria,Sudan,1.0
6162,2010,Algeria,United Arab Emirates,1.0
6163,2010,Algeria,Uruguay,1.0
6164,2010,American Samoa,Vanuatu,0.0
6165,2010,Andalusia,Zambia,1.0
6166,2010,Andorra,Armenia,0.0
6167,2010,Andorra,Azerbaijan,0.0
6168,2010,Andorra,Croatia,0.0
6169,2010,Andorra,England,0.0
6170,2010,Andorra,Estonia,0.0
6171,2010,Andorra,Israel,0.0
6172,2010,Andorra,Latvia,0.0
6173,2010,Andorra,Lithuania,0.0
6174,2010,Andorra,North Macedonia,0.0
6175,2010,Andorra,Russia,0.0
6176,2010,Angola,Cameroon,0.0
6177,2010,Angola,Cape Verde,0.0
6178,2010,Angola,Congo,0.0
6179,2010,Angola,DR Congo,0.0
6180,2010,Angola,Egypt,0.0
6181,2010,Angola,Eritrea,1.0
6182,2010,Angola,Estonia,0.0
6183,2010,Angola,Eswatini,1.0
6184,2010,Angola,Ghana,0.0
6185,2010,Angola,Guinea,0.0
6186,2010,Angola,Ivory Coast,1.0
6187,2010,Angola,Kenya,1.0
6188,2010,Angola,Lesotho,1.0
6189,2010,Angola,Mali,0.0
6190,2010,Angola,Mauritius,1.0
6191,2010,Angola,Morocco,0.0
6192,2010,Angola,Namibia,0.0
6193,2010,Angola,Senegal,0.0
6194,2010,Angola,Togo,1.0
6195,2010,Angola,Turkey,0.0
6196,2010,Antigua and Barbuda,Dominica,1.0
6197,2010,Antigua and Barbuda,French Guiana,0.0
6198,2010,Antigua and Barbuda,Grenada,0.0
6199,2010,Antigua and Barbuda,Guyana,1.0
6200,2010,Antigua and Barbuda,Saint Kitts and Nevis,1.0
6201,2010,Antigua and Barbuda,Saint Lucia,1.0
6202,2010,Argentina,Angola,1.0
6203,2010,Argentina,Brazil,0.0
6204,2010,Argentina,Chile,0.0
6205,2010,Argentina,Colombia,1.0
6206,2010,Argentina,Croatia,0.0
6207,2010,Argentina,Germany,0.0
6208,2010,Argentina,Ghana,1.0
6209,2010,Argentina,Mexico,1.0
6210,2010,Argentina,Nigeria,1.0
6211,2010,Argentina,Panama,1.0
6212,2010,Argentina,Paraguay,1.0
6213,2010,Argentina,Peru,1.0
6214,2010,Argentina,South Korea,1.0
6215,2010,Argentina,United States,1.0
6216,2010,Armenia,Belgium,0.0
6217,2010,Armenia,Finland,0.0
6218,2010,Armenia,Greece,0.0
6219,2010,Armenia,Kazakhstan,0.5
6220,2010,Armenia,Moldova,0.0
6221,2010,Armenia,Poland,1.0
6222,2010,Armenia,Portugal,0.0
6223,2010,Armenia,Serbia,0.0
6224,2010,Australia,Argentina,0.0
6225,2010,Australia,Bahrain,1.0
6226,2010,Australia,Denmark,0.0
6227,2010,Australia,Ghana,0.5
6228,2010,Australia,Greece,1.0
6229,2010,Australia,Kuwait,0.5
6230,2010,Australia,Liechtenstein,1.0
6231,2010,Australia,Netherlands,0.0
6232,2010,Australia,Nigeria,1.0
6233,2010,Australia,Oman,0.5
6234,2010,Australia,Paraguay,0.0
6235,2010,Australia,Serbia,1.0
6236,2010,Australia,South Africa,0.0
6237,2010,Australia,Uruguay,0.0
6238,2010,Austria,Cameroon,0.0
6239,2010,Austria,Canada,0.0
6240,2010,Austria,Chile,0.0
6241,2010,Austria,Costa Rica,0.0
6242,2010,Austria,Croatia,0.0
6243,2010,Austria,Czech Republic,0.0
6244,2010,Austria,England,0.0
6245,2010,Austria,Germany,0.0
6246,2010,Austria,Ghana,0.0
6247,2010,Austria,Hungary,0.0
6248,2010,Austria,Ivory Coast,1.0
6249,2010,Austria,Japan,0.0
6250,2010,Austria,Malta,1.0
6251,2010,Austria,Netherlands,0.0
6252,2010,Austria,Nigeria,0.0
6253,2010,Austria,Paraguay,0.0
6254,2010,Austria,Poland,0.0
6255,2010,Austria,Scotland,0.0
6256,2010,Austria,Spain,0.0
6257,2010,Austria,Sweden,0.0
6258,2010,Austria,Switzerland,1.0
6259,2010,Austria,Trinidad and Tobago,1.0
6260,2010,Austria,Tunisia,0.0
6261,2010,Austria,Turkey,0.0
6262,2010,Austria,Venezuela,0.0
6263,2010,Azerbaijan,Albania,0.0
6264,2010,Azerbaijan,Belgium,0.0
6265,2010,Azerbaijan,Czech Republic,1.0
6266,2010,Azerbaijan,Finland,1.0
6267,2010,Azerbaijan,Georgia,0.0
6268,2010,Azerbaijan,Kazakhstan,0.0
6269,2010,Azerbaijan,Kyrgyzstan,1.0
6270,2010,Azerbaijan,Poland,0.0
6271,2010,Azerbaijan,Portugal,0.0
6272,2010,Azerbaijan,Serbia,0.0
6273,2010,Azerbaijan,Spain,0.0
6274,2010,Azerbaijan,Turkey,0.0
6275,2010,Azerbaijan,Ukraine,0.0
6276,2010,Azerbaijan,Uzbekistan,0.5
6277,2010,Bahrain,Australia,0.0
6278,2010,Bahrain,Azerbaijan,0.0
6279,2010,Bahrain,Burkina Faso,1.0
6280,2010,Bahrain,Congo,1.0
6281,2010,Bahrain,Iran,1.0
6282,2010,Bahrain,Japan,1.0
6283,2010,Bahrain,Jordan,0.3333333333333333
6284,2010,Bahrain,Kenya,1.0
6285,2010,Bahrain,Kuwait,1.0
6286,2010,Bahrain,Libya,1.0
6287,2010,Bahrain,Palestine,0.0
6288,2010,Bahrain,Saudi Arabia,1.0
6289,2010,Bahrain,Singapore,1.0
6290,2010,Bahrain,South Korea,0.5
6291,2010,Bahrain,Syria,0.0
6292,2010,Bahrain,Togo,1.0
6293,2010,Bahrain,Yemen,1.0
6294,2010,Bahrain,Zimbabwe,1.0
6295,2010,Bangladesh,Afghanistan,0.0
6296,2010,Bangladesh,Bhutan,0.5
6297,2010,Bangladesh,Cambodia,1.0
6298,2010,Bangladesh,Guam,1.0
6299,2010,Bangladesh,Hong Kong,0.0
6300,2010,Bangladesh,Indonesia,0.0
6301,2010,Bangladesh,Macau,1.0
6302,2010,Bangladesh,Myanmar,0.0
6303,2010,Bangladesh,Pakistan,0.0
6304,2010,Bangladesh,Palestine,0.0
6305,2010,Bangladesh,Qatar,0.0
6306,2010,Bangladesh,Sri Lanka,1.0
6307,2010,Bangladesh,Tajikistan,0.0
6308,2010,Bangladesh,Uzbekistan,0.0
6309,2010,Barbados,Antigua and Barbuda,1.0
6310,2010,Barbados,Grenada,0.5
6311,2010,Barbados,Guatemala,0.0
6312,2010,Basque Country,Catalonia,0.0
6313,2010,Basque Country,Serbia,1.0
6314,2010,Basque Country,Wales,0.0
6315,2010,Belarus,Albania,0.0
6316,2010,Belarus,Andorra,1.0
6317,2010,Belarus,Argentina,0.0
6318,2010,Belarus,Bulgaria,0.0
6319,2010,Belarus,Israel,1.0
6320,2010,Belarus,Luxembourg,0.0
6321,2010,Belarus,Moldova,0.0
6322,2010,Belarus,Netherlands,1.0
6323,2010,Belarus,Romania,0.0
6324,2010,Belarus,Slovenia,1.0
6325,2010,Belarus,Turkey,0.0
6326,2010,Belgium,Armenia,1.0
6327,2010,Belgium,Azerbaijan,1.0
6328,2010,Belgium,Czech Republic,0.0
6329,2010,Belgium,Finland,0.0
6330,2010,Belgium,Hungary,1.0
6331,2010,Belgium,Kazakhstan,0.0
6332,2010,Belgium,Morocco,0.0
6333,2010,Belgium,Poland,0.0
6334,2010,Belgium,Portugal,0.0
6335,2010,Belgium,Qatar,1.0
6336,2010,Belgium,Saudi Arabia,1.0
6337,2010,Belgium,Serbia,1.0
6338,2010,Belgium,Slovenia,1.0
6339,2010,Belgium,Turkey,0.0
6340,2010,Belize,El Salvador,0.0
6341,2010,Benin,Chad,0.0
6342,2010,Benin,Gabon,0.0
6343,2010,Benin,Mali,0.0
6344,2010,Benin,Senegal,0.0
6345,2010,Benin,Sierra Leone,1.0
6346,2010,Benin,Togo,1.0
6347,2010,Benin,United Arab Emirates,1.0
6348,2010,Bermuda,Barbados,1.0
6349,2010,Bermuda,Canada,0.0
6350,2010,Bermuda,Puerto Rico,0.0
6351,2010,Bermuda,Saint Kitts and Nevis,0.5
6352,2010,Bhutan,Brunei,0.0
6353,2010,Bhutan,Sri Lanka,0.0
6354,2010,Bhutan,Tibet,1.0
6355,2010,Bhutan,Turkmenistan,0.0
6356,2010,Bolivia,El Salvador,0.5
6357,2010,Bolivia,Panama,1.0
6358,2010,Bolivia,Paraguay,0.0
6359,2010,Bolivia,Peru,1.0
6360,2010,Bolivia,Republic of Ireland,0.0
6361,2010,Bolivia,Uruguay,0.0
6362,2010,Bosnia and Herzegovina,Azerbaijan,1.0
6363,2010,Bosnia and Herzegovina,Bulgaria,0.0
6364,2010,Bosnia and Herzegovina,Croatia,0.0
6365,2010,Bosnia and Herzegovina,France,0.0
6366,2010,Bosnia and Herzegovina,Greece,0.0
6367,2010,Bosnia and Herzegovina,Hungary,0.0
6368,2010,Bosnia and Herzegovina,Iran,0.0
6369,2010,Bosnia and Herzegovina,Japan,0.0
6370,2010,Bosnia and Herzegovina,Malta,1.0
6371,2010,Bosnia and Herzegovina,Moldova,0.0
6372,2010,Bosnia and Herzegovina,North Macedonia,0.0
6373,2010,Bosnia and Herzegovina,Norway,0.0
6374,2010,Bosnia and Herzegovina,Oman,1.0
6375,2010,Bosnia and Herzegovina,Turkey,1.0
6376,2010,Botswana,Angola,0.0
6377,2010,Botswana,Burundi,1.0
6378,2010,Botswana,Egypt,0.0
6379,2010,Botswana,Eswatini,1.0
6380,2010,Botswana,Iran,0.0
6381,2010,Botswana,Lesotho,1.0
6382,2010,Botswana,Libya,0.0
6383,2010,Botswana,Madagascar,1.0
6384,2010,Botswana,Mauritania,1.0
6385,2010,Botswana,Mozambique,0.5
6386,2010,Botswana,Namibia,1.0
6387,2010,Botswana,New Zealand,0.0
6388,2010,Botswana,South Africa,0.0
6389,2010,Botswana,Zambia,0.0
6390,2010,Botswana,Zimbabwe,0.0
6391,2010,Brazil,Argentina,1.0
6392,2010,Brazil,Canada,1.0
6393,2010,Brazil,Chile,1.0
6394,2010,Brazil,Ecuador,1.0
6395,2010,Brazil,England,1.0
6396,2010,Brazil,Ghana,1.0
6397,2010,Brazil,Italy,1.0
6398,2010,Brazil,Ivory Coast,1.0
6399,2010,Brazil,Mexico,0.0
6400,2010,Brazil,New Zealand,1.0
6401,2010,Brazil,North Korea,1.0
6402,2010,Brazil,Portugal,1.0
6403,2010,Brazil,Sweden,1.0
6404,2010,Brazil,Venezuela,0.0
6405,2010,British Virgin Islands,United States Virgin Islands,0.0
6406,2010,Brittany,Congo,1.0
6407,2010,Brunei,Cambodia,0.0
6408,2010,Brunei,Laos,0.0
6409,2010,Brunei,Nepal,1.0
6410,2010,Brunei,Pakistan,0.0
6411,2010,Brunei,Philippines,0.0
6412,2010,Bulgaria,Albania,0.0
6413,2010,Bulgaria,Belarus,1.0
6414,2010,Bulgaria,Finland,1.0
6415,2010,Bulgaria,Latvia,1.0
6416,2010,Bulgaria,Luxembourg,1.0
6417,2010,Bulgaria,Netherlands,0.0
6418,2010,Bulgaria,Romania,1.0
6419,2010,Bulgaria,Slovenia,1.0
6420,2010,Bulgaria,Wales,0.0
6421,2010,Burkina Faso,Cape Verde,0.0
6422,2010,Burkina Faso,Mali,0.0
6423,2010,Burkina Faso,Mozambique,0.0
6424,2010,Burkina Faso,Senegal,1.0
6425,2010,Burkina Faso,Tanzania,0.0
6426,2010,Burkina Faso,Togo,0.0
6427,2010,Burundi,Botswana,1.0
6428,2010,Burundi,Egypt,0.0
6429,2010,Burundi,Eritrea,1.0
6430,2010,Burundi,Kenya,0.0
6431,2010,Burundi,Mauritania,1.0
6432,2010,Burundi,Rwanda,0.0
6433,2010,Burundi,Sudan,0.3333333333333333
6434,2010,Burundi,Uganda,0.0
6435,2010,Burundi,Zambia,1.0
6436,2010,Burundi,Zanzibar,0.0
6437,2010,Cambodia,Brunei,1.0
6438,2010,Cambodia,Guam,1.0
6439,2010,Cambodia,Laos,0.5
6440,2010,Cambodia,Macau,1.0
6441,2010,Cambodia,Myanmar,0.0
6442,2010,Cambodia,Nepal,0.0
6443,2010,Cambodia,Palestine,0.0
6444,2010,Cambodia,Philippines,0.0
6445,2010,Cambodia,Timor-Leste,0.5
6446,2010,Cameroon,Angola,1.0
6447,2010,Cameroon,DR Congo,1.0
6448,2010,Cameroon,Denmark,0.0
6449,2010,Cameroon,Egypt,0.0
6450,2010,Cameroon,Equatorial Guinea,1.0
6451,2010,Cameroon,Guinea,0.5
6452,2010,Cameroon,Ivory Coast,0.0
6453,2010,Cameroon,Liberia,1.0
6454,2010,Cameroon,Netherlands,0.0
6455,2010,Cameroon,Rwanda,1.0
6456,2010,Cameroon,Sudan,1.0
6457,2010,Cameroon,Togo,1.0
6458,2010,Cameroon,Zambia,1.0
6459,2010,Canada,Costa Rica,0.0
6460,2010,Canada,Guadeloupe,0.0
6461,2010,Canada,Guatemala,1.0
6462,2010,Canada,Honduras,0.0
6463,2010,Canada,Jamaica,1.0
6464,2010,Canary Islands,Angola,1.0
6465,2010,Cape Verde,Algeria,0.0
6466,2010,Cape Verde,Equatorial Guinea,1.0
6467,2010,Cape Verde,Gambia,0.0
6468,2010,Cape Verde,Guinea,1.0
6469,2010,Catalonia,Argentina,0.5
6470,2010,Catalonia,Basque Country,0.0
6471,2010,Catalonia,Colombia,1.0
6472,2010,Catalonia,Costa Rica,1.0
6473,2010,Cayman Islands,Jamaica,0.0
6474,2010,Chad,Congo,0.0
6475,2010,Chad,South Africa,0.0
6476,2010,Chad,Zambia,0.0
6477,2010,Chile,Brazil,0.0
6478,2010,Chile,Colombia,0.0
6479,2010,Chile,Costa Rica,0.0
6480,2010,Chile,Cuba,1.0
6481,2010,Chile,Guatemala,1.0
6482,2010,Chile,Ivory Coast,0.0
6483,2010,Chile,New Zealand,1.0
6484,2010,Chile,Panama,0.0
6485,2010,Chile,Paraguay,1.0
6486,2010,Chile,Peru,1.0
6487,2010,Chile,Spain,0.0
6488,2010,Chile,Switzerland,1.0
6489,2010,China PR,Australia,0.0
6490,2010,China PR,Botswana,1.0
6491,2010,China PR,Germany,0.0
6492,2010,China PR,Honduras,0.0
6493,2010,China PR,Iran,0.5
6494,2010,China PR,Iraq,0.0
6495,2010,China PR,Japan,0.0
6496,2010,China PR,Jordan,0.5
6497,2010,China PR,Kazakhstan,1.0
6498,2010,China PR,Kyrgyzstan,1.0
6499,2010,China PR,Lebanon,0.5
6500,2010,China PR,North Korea,1.0
6501,2010,China PR,Palestine,1.0
6502,2010,China PR,Saudi Arabia,0.0
6503,2010,China PR,Singapore,1.0
6504,2010,China PR,South Korea,0.0
6505,2010,China PR,Syria,1.0
6506,2010,China PR,Thailand,0.0
6507,2010,China PR,Uzbekistan,1.0
6508,2010,China PR,Vietnam,1.0
6509,2010,Colombia,Ecuador,0.3333333333333333
6510,2010,Colombia,El Salvador,1.0
6511,2010,Colombia,Haiti,1.0
6512,2010,Colombia,Morocco,1.0
6513,2010,Colombia,Nigeria,1.0
6514,2010,Colombia,Paraguay,1.0
6515,2010,Colombia,Switzerland,1.0
6516,2010,Colombia,United States,1.0
6517,2010,Colombia,Uruguay,0.0
6518,2010,Colombia,Venezuela,0.5
6519,2010,Comoros,Botswana,0.0
6520,2010,Comoros,Lesotho,0.0
6521,2010,Comoros,Malawi,0.0
6522,2010,Comoros,Namibia,0.0
6523,2010,Congo,Chad,1.0
6524,2010,Congo,DR Congo,1.0
6525,2010,Congo,North Korea,0.0
6526,2010,Congo,South Africa,0.0
6527,2010,Congo,Zambia,0.0
6528,2010,Cook Islands,Tahiti,0.0
6529,2010,Cook Islands,Tuvalu,1.0
6530,2010,Corsica,Congo,0.0
6531,2010,Costa Rica,Canada,0.0
6532,2010,Costa Rica,Chile,1.0
6533,2010,Costa Rica,El Salvador,0.0
6534,2010,Costa Rica,Guadeloupe,1.0
6535,2010,Costa Rica,Haiti,0.0
6536,2010,Costa Rica,Honduras,0.0
6537,2010,Costa Rica,Mexico,0.0
6538,2010,Costa Rica,New Zealand,1.0
6539,2010,Costa Rica,Nicaragua,1.0
6540,2010,Costa Rica,Peru,0.0
6541,2010,Costa Rica,South Korea,1.0
6542,2010,Costa Rica,Sweden,0.0
6543,2010,Costa Rica,Trinidad and Tobago,1.0
6544,2010,Costa Rica,Venezuela,1.0
6545,2010,Croatia,Andorra,1.0
6546,2010,Croatia,England,1.0
6547,2010,Croatia,Estonia,1.0
6548,2010,Croatia,Germany,1.0
6549,2010,Croatia,Iran,0.0
6550,2010,Croatia,Israel,1.0
6551,2010,Croatia,Liechtenstein,1.0
6552,2010,Croatia,Moldova,1.0
6553,2010,Croatia,Netherlands,0.0
6554,2010,Croatia,North Macedonia,1.0
6555,2010,Croatia,Norway,1.0
6556,2010,Croatia,Poland,0.0
6557,2010,Croatia,Qatar,1.0
6558,2010,Croatia,Russia,0.0
6559,2010,Croatia,Slovakia,1.0
6560,2010,Croatia,Turkey,0.0
6561,2010,Cuba,Honduras,0.0
6562,2010,Cuba,Saint Vincent and the Grenadines,1.0
6563,2010,Curaçao,French Guiana,0.0
6564,2010,Curaçao,Suriname,1.0
6565,2010,Curaçao,Venezuela,0.0
6566,2010,Cyprus,Armenia,1.0
6567,2010,Cyprus,Belarus,1.0
6568,2010,Cyprus,Canada,0.0
6569,2010,Cyprus,Czech Republic,0.0
6570,2010,Cyprus,Germany,0.0
6571,2010,Cyprus,Republic of Ireland,1.0
6572,2010,Cyprus,San Marino,1.0
6573,2010,Cyprus,Slovakia,0.0
6574,2010,Cyprus,Ukraine,0.0
6575,2010,Cyprus,Wales,1.0
6576,2010,Czech Republic,Belgium,1.0
6577,2010,Czech Republic,Costa Rica,1.0
6578,2010,Czech Republic,Cyprus,1.0
6579,2010,Czech Republic,Denmark,0.0
6580,2010,Czech Republic,Germany,0.0
6581,2010,Czech Republic,Lithuania,1.0
6582,2010,Czech Republic,Malta,1.0
6583,2010,Czech Republic,Poland,0.0
6584,2010,Czech Republic,Portugal,0.0
6585,2010,Czech Republic,Republic of Ireland,1.0
6586,2010,Czech Republic,San Marino,1.0
6587,2010,Czech Republic,Saudi Arabia,1.0
6588,2010,Czech Republic,Scotland,1.0
6589,2010,Czech Republic,Serbia,0.0
6590,2010,Czech Republic,Slovakia,1.0
6591,2010,Czech Republic,Trinidad and Tobago,1.0
6592,2010,Czech Republic,Wales,1.0
6593,2010,DR Congo,Angola,1.0
6594,2010,DR Congo,Ethiopia,1.0
6595,2010,DR Congo,Libya,0.0
6596,2010,DR Congo,Namibia,1.0
6597,2010,DR Congo,Senegal,0.0
6598,2010,DR Congo,Togo,1.0
6599,2010,Denmark,Chile,0.0
6600,2010,Denmark,Czech Republic,0.0
6601,2010,Denmark,Iceland,1.0
6602,2010,Denmark,Japan,0.0
6603,2010,Denmark,Latvia,1.0
6604,2010,Denmark,Liechtenstein,1.0
6605,2010,Denmark,Northern Ireland,0.0
6606,2010,Denmark,Paraguay,0.0
6607,2010,Denmark,Poland,1.0
6608,2010,Denmark,Portugal,1.0
6609,2010,Denmark,Republic of Ireland,0.0
6610,2010,Denmark,South Korea,0.0
6611,2010,Denmark,Spain,0.0
6612,2010,Denmark,Sweden,0.0
6613,2010,Denmark,United States,1.0
6614,2010,Denmark,Wales,0.0
6615,2010,Djibouti,Burundi,0.0
6616,2010,Djibouti,Eritrea,0.0
6617,2010,Djibouti,Malawi,0.0
6618,2010,Djibouti,Rwanda,0.0
6619,2010,Djibouti,Somalia,0.0
6620,2010,Djibouti,Sudan,0.0
6621,2010,Djibouti,Zambia,0.0
6622,2010,Dominica,Barbados,0.0
6623,2010,Dominica,British Virgin Islands,1.0
6624,2010,Dominica,Guadeloupe,0.0
6625,2010,Dominican Republic,Haiti,0.0
6626,2010,Ecuador,Bolivia,1.0
6627,2010,Ecuador,Chile,0.0
6628,2010,Ecuador,El Salvador,1.0
6629,2010,Ecuador,Haiti,1.0
6630,2010,Ecuador,Honduras,1.0
6631,2010,Ecuador,Jamaica,0.0
6632,2010,Ecuador,Peru,0.3333333333333333
6633,2010,Ecuador,Republic of Ireland,0.0
6634,2010,Ecuador,Sweden,0.5
6635,2010,Egypt,Angola,1.0
6636,2010,Egypt,Argentina,0.0
6637,2010,Egypt,Benin,1.0
6638,2010,Egypt,Botswana,1.0
6639,2010,Egypt,Burundi,1.0
6640,2010,Egypt,Cameroon,1.0
6641,2010,Egypt,DR Congo,1.0
6642,2010,Egypt,Ghana,0.0
6643,2010,Egypt,Guinea,0.0
6644,2010,Egypt,Ivory Coast,0.5
6645,2010,Egypt,Kenya,1.0
6646,2010,Egypt,Libya,1.0
6647,2010,Egypt,Malawi,0.0
6648,2010,Egypt,Mali,1.0
6649,2010,Egypt,Mauritania,1.0
6650,2010,Egypt,Mauritius,1.0
6651,2010,Egypt,Morocco,0.0
6652,2010,Egypt,Namibia,1.0
6653,2010,Egypt,Senegal,1.0
6654,2010,Egypt,South Africa,0.5
6655,2010,Egypt,Sudan,1.0
6656,2010,Egypt,Sweden,1.0
6657,2010,Egypt,Tanzania,1.0
6658,2010,Egypt,Uruguay,0.0
6659,2010,Egypt,Zambia,0.0
6660,2010,Egypt,Zimbabwe,1.0
6661,2010,El Salvador,Canada,0.0
6662,2010,El Salvador,China PR,0.0
6663,2010,El Salvador,Costa Rica,0.0
6664,2010,El Salvador,Ecuador,1.0
6665,2010,El Salvador,Guatemala,0.0
6666,2010,El Salvador,Haiti,0.0
6667,2010,El Salvador,Honduras,0.3333333333333333
6668,2010,El Salvador,Jamaica,0.0
6669,2010,El Salvador,Panama,0.0
6670,2010,El Salvador,Peru,1.0
6671,2010,El Salvador,Trinidad and Tobago,0.3333333333333333
6672,2010,England,Algeria,0.0
6673,2010,England,Andorra,1.0
6674,2010,England,Brazil,0.0
6675,2010,England,Croatia,0.0
6676,2010,England,Czech Republic,0.0
6677,2010,England,Estonia,1.0
6678,2010,England,Germany,0.0
6679,2010,England,Greece,1.0
6680,2010,England,Hungary,1.0
6681,2010,England,Israel,1.0
6682,2010,England,Jamaica,1.0
6683,2010,England,North Macedonia,0.0
6684,2010,England,Russia,1.0
6685,2010,England,Slovakia,1.0
6686,2010,England,Slovenia,1.0
6687,2010,England,Spain,0.0
6688,2010,England,Switzerland,1.0
6689,2010,England,United States,0.5
6690,2010,England,Uruguay,1.0
6691,2010,Equatorial Guinea,Benin,1.0
6692,2010,Equatorial Guinea,Cameroon,1.0
6693,2010,Equatorial Guinea,Liberia,1.0
6694,2010,Equatorial Guinea,Niger,0.0
6695,2010,Equatorial Guinea,Rwanda,1.0
6696,2010,Eritrea,Angola,0.0
6697,2010,Eritrea,Eswatini,0.0
6698,2010,Eritrea,Kenya,1.0
6699,2010,Eritrea,Sudan,0.5
6700,2010,Eritrea,Uganda,1.0
6701,2010,Estonia,Albania,0.0
6702,2010,Estonia,Andorra,1.0
6703,2010,Estonia,Belarus,1.0
6704,2010,Estonia,Brazil,0.0
6705,2010,Estonia,Canada,1.0
6706,2010,Estonia,Croatia,0.0
6707,2010,Estonia,England,0.0
6708,2010,Estonia,Equatorial Guinea,1.0
6709,2010,Estonia,Faroe Islands,1.0
6710,2010,Estonia,Georgia,0.0
6711,2010,Estonia,Israel,0.0
6712,2010,Estonia,Kazakhstan,0.0
6713,2010,Estonia,Latvia,0.0
6714,2010,Estonia,Lithuania,0.0
6715,2010,Estonia,Malta,1.0
6716,2010,Estonia,Moldova,1.0
6717,2010,Estonia,Montenegro,0.0
6718,2010,Estonia,New Zealand,0.0
6719,2010,Estonia,North Macedonia,0.0
6720,2010,Estonia,Portugal,0.0
6721,2010,Estonia,Russia,0.0
6722,2010,Eswatini,Angola,0.0
6723,2010,Eswatini,Botswana,0.0
6724,2010,Eswatini,Comoros,1.0
6725,2010,Eswatini,Eritrea,0.0
6726,2010,Eswatini,Kenya,0.0
6727,2010,Eswatini,Lesotho,0.16666666666666666
6728,2010,Eswatini,Malawi,0.5
6729,2010,Eswatini,Mauritius,0.0
6730,2010,Eswatini,Seychelles,1.0
6731,2010,Eswatini,Zimbabwe,0.0
6732,2010,Ethiopia,DR Congo,1.0
6733,2010,Ethiopia,Djibouti,1.0
6734,2010,Ethiopia,Eswatini,1.0
6735,2010,Ethiopia,Kenya,1.0
6736,2010,Ethiopia,Libya,1.0
6737,2010,Ethiopia,Malawi,1.0
6738,2010,Ethiopia,Namibia,0.0
6739,2010,Ethiopia,Sudan,0.0
6740,2010,Ethiopia,Tanzania,0.0
6741,2010,Ethiopia,Yemen,1.0
6742,2010,Ethiopia,Zambia,0.0
6743,2010,Faroe Islands,France,0.0
6744,2010,Faroe Islands,Georgia,0.0
6745,2010,Faroe Islands,Italy,0.0
6746,2010,Faroe Islands,Lithuania,0.0
6747,2010,Faroe Islands,Scotland,0.0
6748,2010,Faroe Islands,Ukraine,0.0
6749,2010,Fiji,Cook Islands,1.0
6750,2010,Fiji,New Caledonia,0.0
6751,2010,Fiji,New Zealand,0.5
6752,2010,Fiji,Tuvalu,1.0
6753,2010,Fiji,Vanuatu,1.0
6754,2010,Finland,Armenia,1.0
6755,2010,Finland,Azerbaijan,1.0
6756,2010,Finland,Belarus,0.0
6757,2010,Finland,Belgium,1.0
6758,2010,Finland,Israel,1.0
6759,2010,Finland,Kazakhstan,1.0
6760,2010,Finland,Northern Ireland,0.0
6761,2010,Finland,Poland,0.0
6762,2010,Finland,Portugal,0.0
6763,2010,Finland,Serbia,0.0
6764,2010,Finland,South Korea,0.0
6765,2010,Finland,Spain,0.0
6766,2010,Finland,Turkey,0.0
6767,2010,France,Argentina,0.0
6768,2010,France,Austria,1.0
6769,2010,France,China PR,1.0
6770,2010,France,Colombia,1.0
6771,2010,France,Denmark,1.0
6772,2010,France,Ecuador,1.0
6773,2010,France,England,1.0
6774,2010,France,Faroe Islands,1.0
6775,2010,France,Georgia,1.0
6776,2010,France,Greece,1.0
6777,2010,France,Italy,0.5
6778,2010,France,Lithuania,1.0
6779,2010,France,Mexico,0.5
6780,2010,France,Morocco,0.0
6781,2010,France,Nigeria,0.0
6782,2010,France,Paraguay,0.0
6783,2010,France,Scotland,0.0
6784,2010,France,Slovakia,0.0
6785,2010,France,South Africa,0.0
6786,2010,France,Tunisia,1.0
6787,2010,France,Turkey,1.0
6788,2010,France,Ukraine,1.0
6789,2010,France,Uruguay,0.0
6790,2010,French Guiana,Guadeloupe,0.0
6791,2010,French Guiana,Guyana,0.0
6792,2010,French Guiana,Suriname,0.0
6793,2010,Gabon,DR Congo,0.0
6794,2010,Gabon,Guinea,0.0
6795,2010,Gabon,Ivory Coast,0.0
6796,2010,Gabon,Madagascar,1.0
6797,2010,Gabon,Mali,1.0
6798,2010,Galicia,Cameroon,0.0
6799,2010,Galicia,Ecuador,0.0
6800,2010,Galicia,Iran,1.0
6801,2010,Gambia,Algeria,1.0
6802,2010,Gambia,Cape Verde,1.0
6803,2010,Gambia,Guinea,0.0
6804,2010,Gambia,Sierra Leone,1.0
6805,2010,Georgia,Faroe Islands,1.0
6806,2010,Georgia,France,0.0
6807,2010,Georgia,Italy,0.0
6808,2010,Georgia,Latvia,0.0
6809,2010,Georgia,Lithuania,0.0
6810,2010,Georgia,Moldova,0.0
6811,2010,Georgia,New Zealand,0.0
6812,2010,Georgia,Paraguay,0.0
6813,2010,Georgia,Scotland,1.0
6814,2010,Georgia,Turkey,1.0
6815,2010,Georgia,Ukraine,0.0
6816,2010,Georgia,Uruguay,1.0
6817,2010,Germany,Australia,1.0
6818,2010,Germany,Belarus,0.0
6819,2010,Germany,Belgium,1.0
6820,2010,Germany,Colombia,1.0
6821,2010,Germany,Cyprus,1.0
6822,2010,Germany,Czech Republic,0.0
6823,2010,Germany,Denmark,0.0
6824,2010,Germany,England,0.5
6825,2010,Germany,Georgia,1.0
6826,2010,Germany,Ivory Coast,0.0
6827,2010,Germany,Japan,0.0
6828,2010,Germany,Luxembourg,1.0
6829,2010,Germany,Norway,0.0
6830,2010,Germany,Poland,1.0
6831,2010,Germany,Republic of Ireland,1.0
6832,2010,Germany,Romania,1.0
6833,2010,Germany,San Marino,1.0
6834,2010,Germany,Serbia,0.5
6835,2010,Germany,Slovakia,1.0
6836,2010,Germany,South Africa,1.0
6837,2010,Germany,Spain,0.0
6838,2010,Germany,Sweden,1.0
6839,2010,Germany,Switzerland,1.0
6840,2010,Germany,Turkey,1.0
6841,2010,Germany,United States,1.0
6842,2010,Germany,Wales,0.0
6843,2010,Ghana,Australia,0.0
6844,2010,Ghana,Benin,1.0
6845,2010,Ghana,Cameroon,0.0
6846,2010,Ghana,Germany,0.0
6847,2010,Ghana,Guinea,1.0
6848,2010,Ghana,Ivory Coast,1.0
6849,2010,Ghana,Mexico,0.0
6850,2010,Ghana,Morocco,1.0
6851,2010,Ghana,Namibia,1.0
6852,2010,Ghana,Nigeria,1.0
6853,2010,Ghana,Senegal,0.5
6854,2010,Ghana,South Korea,1.0
6855,2010,Ghana,Togo,0.6666666666666666
6856,2010,Ghana,Tunisia,0.0
6857,2010,Ghana,Uganda,1.0
6858,2010,Ghana,Zambia,1.0
6859,2010,Ghana,Zimbabwe,0.0
6860,2010,Greece,Argentina,0.0
6861,2010,Greece,Bosnia and Herzegovina,1.0
6862,2010,Greece,Cyprus,1.0
6863,2010,Greece,Denmark,0.0
6864,2010,Greece,Finland,1.0
6865,2010,Greece,Hungary,1.0
6866,2010,Greece,Italy,0.0
6867,2010,Greece,Malta,1.0
6868,2010,Greece,Moldova,1.0
6869,2010,Greece,Nigeria,1.0
6870,2010,Greece,Norway,1.0
6871,2010,Greece,Russia,0.0
6872,2010,Greece,South Korea,0.0
6873,2010,Greece,Spain,0.0
6874,2010,Greece,Sweden,0.0
6875,2010,Greece,Turkey,0.0
6876,2010,Grenada,Antigua and Barbuda,0.0
6877,2010,Grenada,Jamaica,1.0
6878,2010,Guadeloupe,Costa Rica,0.0
6879,2010,Guadeloupe,Dominica,0.5
6880,2010,Guadeloupe,Haiti,0.0
6881,2010,Guadeloupe,Nicaragua,1.0
6882,2010,Guadeloupe,Saint Lucia,1.0
6883,2010,Guadeloupe,Trinidad and Tobago,0.0
6884,2010,Guam,Macau,0.0
6885,2010,Guam,Mongolia,1.0
6886,2010,Guam,Northern Mariana Islands,1.0
6887,2010,Guam,Taiwan,0.0
6888,2010,Guatemala,Bolivia,1.0
6889,2010,Guatemala,Canada,0.0
6890,2010,Guatemala,El Salvador,0.5
6891,2010,Guatemala,Haiti,0.6666666666666666
6892,2010,Guatemala,Honduras,0.0
6893,2010,Guatemala,Panama,0.0
6894,2010,Guinea,Algeria,0.0
6895,2010,Guinea,Cape Verde,1.0
6896,2010,Guinea,Gambia,0.0
6897,2010,Guinea,Ivory Coast,0.0
6898,2010,Guinea,Morocco,1.0
6899,2010,Guinea,Namibia,0.0
6900,2010,Guinea,Senegal,0.0
6901,2010,Guinea,Sudan,1.0
6902,2010,Guinea,Togo,1.0
6903,2010,Guyana,Antigua and Barbuda,1.0
6904,2010,Guyana,Cuba,0.0
6905,2010,Guyana,Curaçao,1.0
6906,2010,Guyana,French Guiana,0.0
6907,2010,Guyana,Grenada,0.0
6908,2010,Guyana,Saint Lucia,1.0
6909,2010,Haiti,Canada,0.0
6910,2010,Haiti,Chile,0.0
6911,2010,Haiti,Costa Rica,0.0
6912,2010,Haiti,Cuba,0.0
6913,2010,Haiti,Dominican Republic,1.0
6914,2010,Haiti,El Salvador,0.0
6915,2010,Haiti,Grenada,1.0
6916,2010,Haiti,Martinique,0.0
6917,2010,Haiti,Panama,0.5
6918,2010,Haiti,Syria,0.0
6919,2010,Haiti,Trinidad and Tobago,1.0
6920,2010,Honduras,Belize,1.0
6921,2010,Honduras,Chile,0.5
6922,2010,Honduras,Colombia,1.0
6923,2010,Honduras,Ecuador,1.0
6924,2010,Honduras,El Salvador,1.0
6925,2010,Honduras,Grenada,1.0
6926,2010,Honduras,Guadeloupe,0.0
6927,2010,Honduras,Guatemala,1.0
6928,2010,Honduras,Haiti,0.6666666666666666
6929,2010,Honduras,Latvia,1.0
6930,2010,Honduras,Mexico,1.0
6931,2010,Honduras,Panama,1.0
6932,2010,Honduras,Paraguay,1.0
6933,2010,Honduras,Peru,0.0
6934,2010,Honduras,Trinidad and Tobago,1.0
6935,2010,Hong Kong,Bahrain,0.0
6936,2010,Hong Kong,Bangladesh,1.0
6937,2010,Hong Kong,Guam,1.0
6938,2010,Hong Kong,India,0.5
6939,2010,Hong Kong,Japan,0.0
6940,2010,Hong Kong,Macau,1.0
6941,2010,Hong Kong,North Korea,0.0
6942,2010,Hong Kong,Qatar,0.0
6943,2010,Hong Kong,Singapore,0.0
6944,2010,Hong Kong,Taiwan,0.0
6945,2010,Hong Kong,Uzbekistan,0.0
6946,2010,Hungary,Bosnia and Herzegovina,1.0
6947,2010,Hungary,Canada,1.0
6948,2010,Hungary,Croatia,0.0
6949,2010,Hungary,Greece,0.5
6950,2010,Hungary,Italy,1.0
6951,2010,Hungary,Malta,1.0
6952,2010,Hungary,Moldova,1.0
6953,2010,Hungary,Montenegro,0.0
6954,2010,Hungary,New Zealand,1.0
6955,2010,Hungary,Norway,0.0
6956,2010,Hungary,Romania,0.0
6957,2010,Hungary,Slovakia,0.0
6958,2010,Hungary,Slovenia,0.0
6959,2010,Hungary,Turkey,0.0
6960,2010,Iceland,Azerbaijan,0.0
6961,2010,Iceland,Canada,0.0
6962,2010,Iceland,Denmark,0.0
6963,2010,Iceland,Faroe Islands,0.5
6964,2010,Iceland,Georgia,1.0
6965,2010,Iceland,Latvia,0.0
6966,2010,Iceland,Liechtenstein,0.0
6967,2010,Iceland,Northern Ireland,1.0
6968,2010,Iceland,Slovakia,0.0
6969,2010,Iceland,South Africa,1.0
6970,2010,Iceland,Spain,0.0
6971,2010,Iceland,Sweden,0.0
6972,2010,Iceland,Trinidad and Tobago,0.0
6973,2010,Iceland,Wales,0.0
6974,2010,India,Afghanistan,1.0
6975,2010,India,Bhutan,1.0
6976,2010,India,Japan,0.0
6977,2010,India,Malaysia,0.0
6978,2010,India,Maldives,0.0
6979,2010,India,Myanmar,1.0
6980,2010,India,Nepal,1.0
6981,2010,India,Pakistan,1.0
6982,2010,India,Saudi Arabia,0.0
6983,2010,India,Taiwan,0.5
6984,2010,India,Tajikistan,0.5
6985,2010,India,Turkmenistan,1.0
6986,2010,India,Yemen,0.0
6987,2010,Indonesia,Australia,0.0
6988,2010,Indonesia,Bahrain,1.0
6989,2010,Indonesia,Cambodia,1.0
6990,2010,Indonesia,Hong Kong,1.0
6991,2010,Indonesia,Jamaica,1.0
6992,2010,Indonesia,Kuwait,0.0
6993,2010,Indonesia,Laos,1.0
6994,2010,Indonesia,Malaysia,0.0
6995,2010,Indonesia,Myanmar,1.0
6996,2010,Indonesia,Oman,0.0
6997,2010,Indonesia,Saudi Arabia,0.0
6998,2010,Indonesia,Singapore,0.0
6999,2010,Indonesia,South Korea,0.0
7000,2010,Indonesia,Thailand,0.0
7001,2010,Indonesia,Vietnam,1.0
7002,2010,Indonesia,Yemen,1.0
7003,2010,Iran,Azerbaijan,1.0
7004,2010,Iran,Belarus,0.0
7005,2010,Iran,Bosnia and Herzegovina,1.0
7006,2010,Iran,China PR,1.0
7007,2010,Iran,Costa Rica,0.5
7008,2010,Iran,Ecuador,0.0
7009,2010,Iran,Iceland,1.0
7010,2010,Iran,Iraq,0.5
7011,2010,Iran,Jamaica,1.0
7012,2010,Iran,Jordan,1.0
7013,2010,Iran,Kenya,1.0
7014,2010,Iran,North Macedonia,0.0
7015,2010,Iran,Palestine,1.0
7016,2010,Iran,Qatar,1.0
7017,2010,Iran,Senegal,0.0
7018,2010,Iran,Singapore,1.0
7019,2010,Iran,South Korea,0.5
7020,2010,Iran,Syria,0.5
7021,2010,Iran,Taiwan,1.0
7022,2010,Iran,United Arab Emirates,1.0
7023,2010,Iran,Uzbekistan,1.0
7024,2010,Iran,Zambia,1.0
7025,2010,Iraq,Australia,1.0
7026,2010,Iraq,Azerbaijan,1.0
7027,2010,Iraq,China PR,1.0
7028,2010,Iraq,Iran,0.0
7029,2010,Iraq,Jordan,0.0
7030,2010,Iraq,Palestine,0.6666666666666666
7031,2010,Iraq,Poland,0.0
7032,2010,Iraq,Saudi Arabia,1.0
7033,2010,Iraq,Singapore,1.0
7034,2010,Iraq,South Korea,0.0
7035,2010,Iraq,Uzbekistan,0.0
7036,2010,Iraq,Vietnam,1.0
7037,2010,Israel,Andorra,1.0
7038,2010,Israel,Belarus,1.0
7039,2010,Israel,Chile,1.0
7040,2010,Israel,Croatia,0.0
7041,2010,Israel,Denmark,0.0
7042,2010,Israel,England,0.0
7043,2010,Israel,Estonia,1.0
7044,2010,Israel,Hungary,1.0
7045,2010,Israel,Ivory Coast,0.0
7046,2010,Israel,North Macedonia,1.0
7047,2010,Israel,Romania,1.0
7048,2010,Israel,Russia,1.0
7049,2010,Israel,Ukraine,0.0
7050,2010,Italy,Austria,0.0
7051,2010,Italy,Belgium,1.0
7052,2010,Italy,Croatia,0.0
7053,2010,Italy,Faroe Islands,1.0
7054,2010,Italy,France,0.0
7055,2010,Italy,Georgia,1.0
7056,2010,Italy,Germany,1.0
7057,2010,Italy,Lithuania,0.0
7058,2010,Italy,Netherlands,0.0
7059,2010,Italy,New Zealand,0.5
7060,2010,Italy,Northern Ireland,1.0
7061,2010,Italy,Paraguay,0.0
7062,2010,Italy,Portugal,1.0
7063,2010,Italy,Romania,0.0
7064,2010,Italy,Scotland,1.0
7065,2010,Italy,South Africa,1.0
7066,2010,Italy,Sweden,1.0
7067,2010,Italy,Turkey,0.0
7068,2010,Italy,Ukraine,0.5
7069,2010,Ivory Coast,Benin,1.0
7070,2010,Ivory Coast,Cameroon,1.0
7071,2010,Ivory Coast,Egypt,0.0
7072,2010,Ivory Coast,Gabon,1.0
7073,2010,Ivory Coast,Guinea,1.0
7074,2010,Ivory Coast,Jordan,1.0
7075,2010,Ivory Coast,Madagascar,1.0
7076,2010,Ivory Coast,Mali,1.0
7077,2010,Ivory Coast,Portugal,0.0
7078,2010,Ivory Coast,Senegal,0.0
7079,2010,Ivory Coast,Sweden,1.0
7080,2010,Ivory Coast,Tunisia,0.0
7081,2010,Jamaica,Canada,1.0
7082,2010,Jamaica,Chile,0.0
7083,2010,Jamaica,Costa Rica,0.0
7084,2010,Jamaica,El Salvador,1.0
7085,2010,Jamaica,Ghana,0.0
7086,2010,Jamaica,Guatemala,1.0
7087,2010,Jamaica,Haiti,0.0
7088,2010,Jamaica,Panama,0.5
7089,2010,Jamaica,Peru,0.0
7090,2010,Jamaica,Switzerland,0.0
7091,2010,Jamaica,Trinidad and Tobago,0.0
7092,2010,Japan,Australia,0.0
7093,2010,Japan,Bosnia and Herzegovina,1.0
7094,2010,Japan,Cameroon,1.0
7095,2010,Japan,Chile,0.0
7096,2010,Japan,Ecuador,1.0
7097,2010,Japan,Egypt,1.0
7098,2010,Japan,Finland,1.0
7099,2010,Japan,Ghana,0.5
7100,2010,Japan,Hong Kong,1.0
7101,2010,Japan,India,1.0
7102,2010,Japan,Malta,1.0
7103,2010,Japan,North Korea,0.0
7104,2010,Japan,Peru,1.0
7105,2010,Japan,Qatar,0.0
7106,2010,Japan,Saudi Arabia,0.5
7107,2010,Japan,Scotland,1.0
7108,2010,Japan,South Korea,0.0
7109,2010,Japan,Syria,1.0
7110,2010,Japan,Togo,1.0
7111,2010,Japan,Trinidad and Tobago,1.0
7112,2010,Japan,United Arab Emirates,0.0
7113,2010,Japan,Uruguay,0.0
7114,2010,Japan,Yemen,1.0
7115,2010,Jersey,Gibraltar,1.0
7116,2010,Jordan,China PR,0.0
7117,2010,Jordan,Congo,0.0
7118,2010,Jordan,Iran,0.3333333333333333
7119,2010,Jordan,Iraq,0.25
7120,2010,Jordan,Kazakhstan,1.0
7121,2010,Jordan,Lebanon,1.0
7122,2010,Jordan,Malaysia,0.0
7123,2010,Jordan,New Zealand,0.0
7124,2010,Jordan,Oman,1.0
7125,2010,Jordan,Pakistan,1.0
7126,2010,Jordan,Qatar,1.0
7127,2010,Jordan,Singapore,1.0
7128,2010,Jordan,Sweden,0.0
7129,2010,Jordan,Syria,0.5
7130,2010,Jordan,Thailand,0.0
7131,2010,Jordan,United Arab Emirates,0.0
7132,2010,Jordan,Zimbabwe,1.0
7133,2010,Kazakhstan,Armenia,0.0
7134,2010,Kazakhstan,Azerbaijan,0.5
7135,2010,Kazakhstan,Belgium,0.0
7136,2010,Kazakhstan,Finland,0.0
7137,2010,Kazakhstan,Kyrgyzstan,1.0
7138,2010,Kazakhstan,Moldova,0.0
7139,2010,Kazakhstan,North Korea,0.0
7140,2010,Kazakhstan,Poland,0.0
7141,2010,Kazakhstan,Portugal,0.0
7142,2010,Kazakhstan,Serbia,1.0
7143,2010,Kazakhstan,Tajikistan,0.5
7144,2010,Kazakhstan,Uzbekistan,0.0
7145,2010,Kenya,Angola,1.0
7146,2010,Kenya,Burundi,0.0
7147,2010,Kenya,Djibouti,1.0
7148,2010,Kenya,Eritrea,0.0
7149,2010,Kenya,Eswatini,1.0
7150,2010,Kenya,Ethiopia,1.0
7151,2010,Kenya,Kuwait,0.0
7152,2010,Kenya,Nigeria,0.0
7153,2010,Kenya,Rwanda,1.0
7154,2010,Kenya,Somalia,1.0
7155,2010,Kenya,Tanzania,1.0
7156,2010,Kenya,Uganda,0.0
7157,2010,Kenya,Zambia,0.0
7158,2010,Kernow,Guernsey,0.0
7159,2010,Kosovo,Monaco,1.0
7160,2010,Kuwait,Australia,1.0
7161,2010,Kuwait,Azerbaijan,0.0
7162,2010,Kuwait,Bahrain,0.0
7163,2010,Kuwait,China PR,0.0
7164,2010,Kuwait,Egypt,0.0
7165,2010,Kuwait,Indonesia,1.0
7166,2010,Kuwait,Iran,0.0
7167,2010,Kuwait,Iraq,0.0
7168,2010,Kuwait,Ivory Coast,0.0
7169,2010,Kuwait,Jordan,1.0
7170,2010,Kuwait,Lebanon,1.0
7171,2010,Kuwait,Libya,0.0
7172,2010,Kuwait,Lithuania,1.0
7173,2010,Kuwait,Oman,0.0
7174,2010,Kuwait,Portugal,0.0
7175,2010,Kuwait,Singapore,0.0
7176,2010,Kuwait,Syria,0.5
7177,2010,Kuwait,Taiwan,1.0
7178,2010,Kuwait,Turkmenistan,1.0
7179,2010,Kuwait,United Arab Emirates,0.0
7180,2010,Kuwait,Vietnam,0.0
7181,2010,Kyrgyzstan,Afghanistan,0.0
7182,2010,Kyrgyzstan,Bangladesh,1.0
7183,2010,Kyrgyzstan,Pakistan,0.0
7184,2010,Kyrgyzstan,Palestine,0.0
7185,2010,Kyrgyzstan,Uzbekistan,0.0
7186,2010,Laos,Brunei,1.0
7187,2010,Laos,Timor-Leste,1.0
7188,2010,Latvia,Armenia,0.0
7189,2010,Latvia,Denmark,0.0
7190,2010,Latvia,Iceland,1.0
7191,2010,Latvia,Liechtenstein,1.0
7192,2010,Latvia,Moldova,0.0
7193,2010,Latvia,Northern Ireland,1.0
7194,2010,Latvia,Spain,0.0
7195,2010,Latvia,Sweden,0.0
7196,2010,Lebanon,China PR,0.0
7197,2010,Lebanon,Kuwait,0.0
7198,2010,Lebanon,Maldives,1.0
7199,2010,Lebanon,Namibia,0.0
7200,2010,Lebanon,Syria,0.0
7201,2010,Lesotho,Angola,0.0
7202,2010,Lesotho,Botswana,0.0
7203,2010,Lesotho,Eswatini,0.3333333333333333
7204,2010,Lesotho,Malawi,0.0
7205,2010,Lesotho,Mozambique,0.0
7206,2010,Lesotho,Namibia,0.0
7207,2010,Lesotho,Niger,1.0
7208,2010,Lesotho,Nigeria,0.0
7209,2010,Lesotho,South Africa,0.0
7210,2010,Lesotho,Uganda,0.0
7211,2010,Liberia,Cameroon,0.0
7212,2010,Liberia,Equatorial Guinea,0.0
7213,2010,Liberia,Rwanda,1.0
7214,2010,Liberia,Sierra Leone,1.0
7215,2010,Libya,Belarus,0.0
7216,2010,Libya,Chad,1.0
7217,2010,Libya,DR Congo,0.0
7218,2010,Libya,Ethiopia,1.0
7219,2010,Libya,Ivory Coast,0.0
7220,2010,Libya,Liberia,1.0
7221,2010,Libya,Mauritania,0.0
7222,2010,Libya,Morocco,0.0
7223,2010,Libya,Namibia,1.0
7224,2010,Libya,Niger,1.0
7225,2010,Libya,Senegal,0.0
7226,2010,Libya,Sudan,1.0
7227,2010,Libya,Uganda,1.0
7228,2010,Libya,Uruguay,0.0
7229,2010,Libya,Zambia,0.0
7230,2010,Liechtenstein,Austria,0.0
7231,2010,Liechtenstein,Denmark,0.0
7232,2010,Liechtenstein,Iceland,0.5
7233,2010,Liechtenstein,Latvia,1.0
7234,2010,Liechtenstein,Northern Ireland,0.0
7235,2010,Liechtenstein,Portugal,0.0
7236,2010,Liechtenstein,Spain,0.0
7237,2010,Liechtenstein,Sweden,0.0
7238,2010,Liechtenstein,Switzerland,0.0
7239,2010,Liechtenstein,Togo,0.0
7240,2010,Lithuania,Azerbaijan,1.0
7241,2010,Lithuania,Faroe Islands,1.0
7242,2010,Lithuania,France,0.0
7243,2010,Lithuania,Georgia,1.0
7244,2010,Lithuania,Italy,0.0
7245,2010,Lithuania,Mali,0.0
7246,2010,Lithuania,Moldova,1.0
7247,2010,Lithuania,Poland,0.0
7248,2010,Lithuania,Russia,0.0
7249,2010,Lithuania,Scotland,0.0
7250,2010,Lithuania,Turkmenistan,1.0
7251,2010,Lithuania,Ukraine,1.0
7252,2010,Luxembourg,Albania,0.0
7253,2010,Luxembourg,Belarus,0.0
7254,2010,Luxembourg,Belgium,0.0
7255,2010,Luxembourg,Bulgaria,0.0
7256,2010,Luxembourg,Cape Verde,0.0
7257,2010,Luxembourg,Gambia,1.0
7258,2010,Luxembourg,Georgia,0.0
7259,2010,Luxembourg,Iceland,0.0
7260,2010,Luxembourg,Latvia,0.0
7261,2010,Luxembourg,Lithuania,0.0
7262,2010,Luxembourg,Netherlands,0.0
7263,2010,Luxembourg,North Macedonia,0.0
7264,2010,Luxembourg,Portugal,0.0
7265,2010,Luxembourg,Romania,0.0
7266,2010,Luxembourg,Slovenia,0.0
7267,2010,Luxembourg,Togo,0.0
7268,2010,Luxembourg,Turkey,0.0
7269,2010,Luxembourg,Ukraine,0.0
7270,2010,Luxembourg,Wales,0.0
7271,2010,Macau,Cambodia,0.0
7272,2010,Macau,Hong Kong,0.0
7273,2010,Macau,Kyrgyzstan,0.0
7274,2010,Macau,Mongolia,0.3333333333333333
7275,2010,Macau,North Korea,0.0
7276,2010,Macau,Northern Mariana Islands,1.0
7277,2010,Macau,Taiwan,0.0
7278,2010,Madagascar,DR Congo,0.0
7279,2010,Madagascar,Eswatini,0.0
7280,2010,Madagascar,Gabon,0.0
7281,2010,Madagascar,Ivory Coast,0.0
7282,2010,Madagascar,Mauritius,1.0
7283,2010,Madagascar,Mayotte,0.5
7284,2010,Madagascar,Mozambique,0.0
7285,2010,Madagascar,Seychelles,0.5
7286,2010,Madagascar,Zambia,0.0
7287,2010,Madagascar,Zimbabwe,0.0
7288,2010,Malawi,Botswana,0.5
7289,2010,Malawi,Eswatini,1.0
7290,2010,Malawi,Morocco,0.0
7291,2010,Malawi,Mozambique,0.0
7292,2010,Malawi,Namibia,0.0
7293,2010,Malawi,Rwanda,1.0
7294,2010,Malawi,Senegal,0.0
7295,2010,Malawi,South Africa,0.0
7296,2010,Malawi,Tanzania,0.0
7297,2010,Malawi,Zambia,0.0
7298,2010,Malawi,Zimbabwe,0.5
7299,2010,Malaysia,Cambodia,1.0
7300,2010,Malaysia,China PR,0.0
7301,2010,Malaysia,Iran,0.0
7302,2010,Malaysia,Jamaica,0.0
7303,2010,Malaysia,Kenya,0.0
7304,2010,Malaysia,Laos,1.0
7305,2010,Malaysia,Lesotho,1.0
7306,2010,Malaysia,Myanmar,0.0
7307,2010,Malaysia,Pakistan,1.0
7308,2010,Malaysia,Philippines,1.0
7309,2010,Malaysia,Singapore,0.0
7310,2010,Malaysia,Syria,1.0
7311,2010,Malaysia,United Arab Emirates,0.0
7312,2010,Malaysia,Uzbekistan,0.0
7313,2010,Malaysia,Vietnam,0.0
7314,2010,Maldives,Afghanistan,1.0
7315,2010,Maldives,Bhutan,1.0
7316,2010,Maldives,India,0.0
7317,2010,Maldives,Lebanon,0.0
7318,2010,Maldives,Nepal,0.5
7319,2010,Maldives,Pakistan,1.0
7320,2010,Maldives,Philippines,1.0
7321,2010,Maldives,Sri Lanka,1.0
7322,2010,Maldives,Turkmenistan,0.0
7323,2010,Mali,Benin,0.5
7324,2010,Mali,Burkina Faso,1.0
7325,2010,Mali,Congo,1.0
7326,2010,Mali,Iran,1.0
7327,2010,Mali,Sierra Leone,1.0
7328,2010,Mali,Togo,1.0
7329,2010,Malta,Angola,0.0
7330,2010,Malta,Armenia,0.0
7331,2010,Malta,Austria,0.0
7332,2010,Malta,Bosnia and Herzegovina,0.0
7333,2010,Malta,Bulgaria,0.0
7334,2010,Malta,Cape Verde,0.0
7335,2010,Malta,Georgia,1.0
7336,2010,Malta,Greece,0.0
7337,2010,Malta,Hungary,1.0
7338,2010,Malta,Iceland,0.0
7339,2010,Malta,Liechtenstein,1.0
7340,2010,Malta,Lithuania,0.0
7341,2010,Malta,Moldova,0.0
7342,2010,Malta,Norway,0.0
7343,2010,Malta,Turkey,0.0
7344,2010,Martinique,Canada,0.0
7345,2010,Martinique,French Guiana,1.0
7346,2010,Martinique,Guadeloupe,1.0
7347,2010,Martinique,Saint Vincent and the Grenadines,0.0
7348,2010,Mauritania,Burundi,1.0
7349,2010,Mauritania,Egypt,0.0
7350,2010,Mauritius,Eswatini,0.0
7351,2010,Mauritius,Ivory Coast,0.0
7352,2010,Mauritius,Lesotho,0.0
7353,2010,Mauritius,Madagascar,0.0
7354,2010,Mauritius,Mozambique,0.0
7355,2010,Mauritius,Réunion,0.0
7356,2010,Mauritius,Seychelles,0.0
7357,2010,Mauritius,South Africa,0.0
7358,2010,Mauritius,Sudan,0.0
7359,2010,Mauritius,Tanzania,0.0
7360,2010,Mauritius,Tunisia,0.0
7361,2010,Mayotte,Madagascar,0.0
7362,2010,Mexico,Argentina,0.0
7363,2010,Mexico,Bolivia,1.0
7364,2010,Mexico,Brazil,0.0
7365,2010,Mexico,Chile,0.0
7366,2010,Mexico,China PR,1.0
7367,2010,Mexico,Colombia,0.0
7368,2010,Mexico,Costa Rica,1.0
7369,2010,Mexico,Cuba,1.0
7370,2010,Mexico,DR Congo,1.0
7371,2010,Mexico,Ecuador,1.0
7372,2010,Mexico,Ghana,1.0
7373,2010,Mexico,Guadeloupe,1.0
7374,2010,Mexico,Guatemala,0.0
7375,2010,Mexico,Haiti,1.0
7376,2010,Mexico,Iran,1.0
7377,2010,Mexico,Nigeria,0.0
7378,2010,Mexico,Norway,1.0
7379,2010,Mexico,Panama,0.6666666666666666
7380,2010,Mexico,Paraguay,0.75
7381,2010,Mexico,Peru,1.0
7382,2010,Mexico,South Korea,0.0
7383,2010,Mexico,Sweden,0.0
7384,2010,Mexico,Uruguay,0.5
7385,2010,Mexico,Venezuela,1.0
7386,2010,Moldova,Armenia,0.0
7387,2010,Moldova,Azerbaijan,0.0
7388,2010,Moldova,Bosnia and Herzegovina,0.0
7389,2010,Moldova,Greece,0.0
7390,2010,Moldova,Hungary,1.0
7391,2010,Moldova,Lithuania,0.5
7392,2010,Moldova,Malta,0.0
7393,2010,Moldova,Norway,0.0
7394,2010,Moldova,Turkey,0.0
7395,2010,Monaco,Chechnya,1.0
7396,2010,Monaco,Provence,0.0
7397,2010,Mongolia,Guam,1.0
7398,2010,Mongolia,Macau,1.0
7399,2010,Montenegro,Belarus,1.0
7400,2010,Montenegro,Hungary,1.0
7401,2010,Montenegro,Kazakhstan,1.0
7402,2010,Montenegro,North Macedonia,1.0
7403,2010,Montenegro,Norway,1.0
7404,2010,Montenegro,Slovenia,0.0
7405,2010,Montenegro,Sweden,0.0
7406,2010,Montenegro,Wales,1.0
7407,2010,Morocco,Angola,0.5
7408,2010,Morocco,Benin,1.0
7409,2010,Morocco,Burkina Faso,1.0
7410,2010,Morocco,Congo,0.0
7411,2010,Morocco,Czech Republic,0.0
7412,2010,Morocco,DR Congo,1.0
7413,2010,Morocco,Gabon,1.0
7414,2010,Morocco,Ghana,0.0
7415,2010,Morocco,Ivory Coast,0.0
7416,2010,Morocco,Mali,0.0
7417,2010,Morocco,Namibia,1.0
7418,2010,Morocco,Senegal,1.0
7419,2010,Morocco,Tunisia,0.0
7420,2010,Morocco,Zambia,1.0
7421,2010,Morocco,Zimbabwe,1.0
7422,2010,Mozambique,Burkina Faso,1.0
7423,2010,Mozambique,Eswatini,1.0
7424,2010,Mozambique,Lesotho,0.0
7425,2010,Mozambique,Malawi,0.3333333333333333
7426,2010,Mozambique,Senegal,0.0
7427,2010,Mozambique,Seychelles,1.0
7428,2010,Mozambique,Tanzania,0.0
7429,2010,Mozambique,Zambia,0.0
7430,2010,Mozambique,Zimbabwe,0.0
7431,2010,Myanmar,Bangladesh,0.0
7432,2010,Myanmar,Cambodia,1.0
7433,2010,Myanmar,Indonesia,1.0
7434,2010,Myanmar,Macau,1.0
7435,2010,Myanmar,Malaysia,1.0
7436,2010,Myanmar,Nepal,1.0
7437,2010,Myanmar,North Korea,0.0
7438,2010,Myanmar,Philippines,0.0
7439,2010,Myanmar,Turkmenistan,0.0
7440,2010,Namibia,Botswana,0.0
7441,2010,Namibia,DR Congo,0.5
7442,2010,Namibia,Eswatini,0.0
7443,2010,Namibia,Ethiopia,1.0
7444,2010,Namibia,Libya,1.0
7445,2010,Namibia,Malawi,0.5
7446,2010,Namibia,Morocco,0.0
7447,2010,Namibia,Seychelles,0.0
7448,2010,Namibia,South Africa,0.0
7449,2010,Namibia,Zambia,0.0
7450,2010,Nepal,Bhutan,1.0
7451,2010,Nepal,Kyrgyzstan,0.0
7452,2010,Nepal,Macau,1.0
7453,2010,Nepal,North Korea,0.0
7454,2010,Nepal,Pakistan,0.6666666666666666
7455,2010,Nepal,Palestine,0.0
7456,2010,Nepal,Sri Lanka,1.0
7457,2010,Netherlands,Albania,1.0
7458,2010,Netherlands,Australia,0.0
7459,2010,Netherlands,Belarus,1.0
7460,2010,Netherlands,Brazil,1.0
7461,2010,Netherlands,Bulgaria,1.0
7462,2010,Netherlands,Cameroon,1.0
7463,2010,Netherlands,Denmark,0.5
7464,2010,Netherlands,Ecuador,1.0
7465,2010,Netherlands,England,0.0
7466,2010,Netherlands,France,1.0
7467,2010,Netherlands,Italy,1.0
7468,2010,Netherlands,Japan,1.0
7469,2010,Netherlands,Luxembourg,1.0
7470,2010,Netherlands,Mexico,1.0
7471,2010,Netherlands,Paraguay,0.0
7472,2010,Netherlands,Romania,0.5
7473,2010,Netherlands,Russia,0.5
7474,2010,Netherlands,Slovakia,1.0
7475,2010,Netherlands,Slovenia,1.0
7476,2010,Netherlands,Spain,0.0
7477,2010,Netherlands,Sweden,1.0
7478,2010,Netherlands,Ukraine,1.0
7479,2010,Netherlands,Wales,1.0
7480,2010,New Caledonia,Cook Islands,1.0
7481,2010,New Caledonia,Fiji,0.6666666666666666
7482,2010,New Caledonia,New Zealand,0.0
7483,2010,New Caledonia,Vanuatu,0.6666666666666666
7484,2010,New Zealand,Malaysia,1.0
7485,2010,New Zealand,New Caledonia,1.0
7486,2010,New Zealand,Slovakia,0.0
7487,2010,New Zealand,Vanuatu,1.0
7488,2010,Nicaragua,Mexico,0.0
7489,2010,Niger,Lesotho,1.0
7490,2010,Niger,Nigeria,0.0
7491,2010,Niger,Uganda,0.0
7492,2010,Nigeria,Benin,1.0
7493,2010,Nigeria,Ghana,0.5
7494,2010,Nigeria,Ivory Coast,0.0
7495,2010,Nigeria,Jamaica,0.0
7496,2010,Nigeria,Lesotho,1.0
7497,2010,Nigeria,Mali,0.0
7498,2010,Nigeria,Niger,1.0
7499,2010,Nigeria,Senegal,1.0
7500,2010,Nigeria,South Korea,0.0
7501,2010,Nigeria,Sudan,1.0
7502,2010,Nigeria,Tunisia,0.0
7503,2010,Nigeria,Uganda,1.0
7504,2010,Nigeria,Zimbabwe,1.0
7505,2010,North Korea,Guam,1.0
7506,2010,North Korea,Hong Kong,1.0
7507,2010,North Korea,Ivory Coast,0.0
7508,2010,North Korea,Macau,1.0
7509,2010,North Korea,Mali,1.0
7510,2010,North Korea,Mongolia,1.0
7511,2010,North Korea,Myanmar,1.0
7512,2010,North Korea,Sri Lanka,1.0
7513,2010,North Korea,Tajikistan,0.0
7514,2010,North Macedonia,Andorra,1.0
7515,2010,North Macedonia,Bulgaria,0.0
7516,2010,North Macedonia,Canada,1.0
7517,2010,North Macedonia,Croatia,1.0
7518,2010,North Macedonia,Ecuador,1.0
7519,2010,North Macedonia,England,0.0
7520,2010,North Macedonia,Estonia,0.0
7521,2010,North Macedonia,Israel,0.0
7522,2010,North Macedonia,Moldova,0.0
7523,2010,North Macedonia,Nigeria,0.0
7524,2010,North Macedonia,Poland,0.0
7525,2010,North Macedonia,Qatar,1.0
7526,2010,North Macedonia,Russia,0.0
7527,2010,North Macedonia,Serbia,0.0
7528,2010,North Macedonia,Spain,0.0
7529,2010,Northern Cyprus,Kyrgyzstan,1.0
7530,2010,Northern Ireland,Bulgaria,0.0
7531,2010,Northern Ireland,Denmark,1.0
7532,2010,Northern Ireland,Estonia,1.0
7533,2010,Northern Ireland,Georgia,1.0
7534,2010,Northern Ireland,Hungary,0.0
7535,2010,Northern Ireland,Iceland,0.0
7536,2010,Northern Ireland,Israel,0.0
7537,2010,Northern Ireland,Latvia,1.0
7538,2010,Northern Ireland,Liechtenstein,1.0
7539,2010,Northern Ireland,Serbia,0.0
7540,2010,Northern Ireland,Spain,1.0
7541,2010,Northern Ireland,Sweden,1.0
7542,2010,Northern Ireland,Uruguay,0.0
7543,2010,Northern Ireland,Wales,0.0
7544,2010,Northern Mariana Islands,Guam,0.0
7545,2010,Northern Mariana Islands,Mongolia,0.0
7546,2010,Norway,Argentina,1.0
7547,2010,Norway,Bosnia and Herzegovina,0.0
7548,2010,Norway,Brazil,0.0
7549,2010,Norway,Finland,1.0
7550,2010,Norway,Greece,0.0
7551,2010,Norway,Hungary,1.0
7552,2010,Norway,Malta,1.0
7553,2010,Norway,Moldova,1.0
7554,2010,Norway,Paraguay,0.0
7555,2010,Norway,Republic of Ireland,0.0
7556,2010,Norway,South Africa,1.0
7557,2010,Norway,South Korea,0.0
7558,2010,Norway,Turkey,0.0
7559,2010,Norway,Uruguay,0.0
7560,2010,Occitania,Monaco,0.0
7561,2010,Oman,Australia,0.0
7562,2010,Oman,Bahrain,0.0
7563,2010,Oman,Brazil,0.0
7564,2010,Oman,China PR,1.0
7565,2010,Oman,Ecuador,1.0
7566,2010,Oman,Egypt,0.0
7567,2010,Oman,Indonesia,0.0
7568,2010,Oman,Iraq,0.5
7569,2010,Oman,Jordan,0.5
7570,2010,Oman,Kenya,0.0
7571,2010,Oman,Kuwait,0.0
7572,2010,Oman,Kyrgyzstan,1.0
7573,2010,Oman,Liberia,1.0
7574,2010,Oman,Maldives,1.0
7575,2010,Oman,Morocco,0.0
7576,2010,Oman,North Korea,0.0
7577,2010,Oman,Pakistan,1.0
7578,2010,Oman,Paraguay,0.0
7579,2010,Oman,Saudi Arabia,0.5
7580,2010,Oman,Senegal,1.0
7581,2010,Oman,Singapore,1.0
7582,2010,Oman,Syria,0.5
7583,2010,Oman,Tajikistan,1.0
7584,2010,Oman,Turkmenistan,1.0
7585,2010,Oman,United Arab Emirates,0.5
7586,2010,Oman,Uzbekistan,1.0
7587,2010,Oman,Yemen,0.0
7588,2010,Oman,Zimbabwe,1.0
7589,2010,Pakistan,Bhutan,1.0
7590,2010,Pakistan,Guam,1.0
7591,2010,Pakistan,Jordan,0.0
7592,2010,Pakistan,Macau,0.0
7593,2010,Pakistan,Nepal,0.0
7594,2010,Pakistan,Oman,0.0
7595,2010,Pakistan,Palestine,0.0
7596,2010,Pakistan,Sri Lanka,0.0
7597,2010,Pakistan,Taiwan,0.0
7598,2010,Pakistan,Tajikistan,0.0
7599,2010,Pakistan,United Arab Emirates,0.0
7600,2010,Palestine,China PR,0.0
7601,2010,Palestine,Guam,1.0
7602,2010,Palestine,Iraq,0.0
7603,2010,Palestine,Jordan,0.0
7604,2010,Palestine,Kyrgyzstan,0.0
7605,2010,Palestine,Qatar,0.0
7606,2010,Palestine,Singapore,1.0
7607,2010,Panama,Armenia,0.0
7608,2010,Panama,Canada,0.0
7609,2010,Panama,Colombia,0.0
7610,2010,Panama,Costa Rica,0.0
7611,2010,Panama,Cuba,0.0
7612,2010,Panama,El Salvador,1.0
7613,2010,Panama,Guadeloupe,0.0
7614,2010,Panama,Guatemala,1.0
7615,2010,Panama,Haiti,1.0
7616,2010,Panama,Honduras,0.5
7617,2010,Panama,Nicaragua,1.0
7618,2010,Panama,Peru,0.0
7619,2010,Panama,Trinidad and Tobago,1.0
7620,2010,Paraguay,Colombia,1.0
7621,2010,Paraguay,Japan,0.0
7622,2010,Paraguay,New Zealand,0.0
7623,2010,Paraguay,Qatar,0.0
7624,2010,Paraguay,Spain,0.0
7625,2010,Paraguay,Venezuela,0.0
7626,2010,Peru,Bolivia,0.5
7627,2010,Peru,Chile,0.0
7628,2010,Peru,Colombia,0.0
7629,2010,Peru,Costa Rica,1.0
7630,2010,Peru,Panama,0.0
7631,2010,Peru,Paraguay,0.0
7632,2010,Philippines,Afghanistan,0.0
7633,2010,Philippines,Bhutan,1.0
7634,2010,Philippines,Brunei,1.0
7635,2010,Philippines,Cambodia,1.0
7636,2010,Philippines,Laos,0.0
7637,2010,Philippines,Tajikistan,0.0
7638,2010,Philippines,Timor-Leste,1.0
7639,2010,Poland,Armenia,1.0
7640,2010,Poland,Azerbaijan,1.0
7641,2010,Poland,Belgium,1.0
7642,2010,Poland,Canada,1.0
7643,2010,Poland,Colombia,0.0
7644,2010,Poland,Croatia,0.0
7645,2010,Poland,Denmark,0.0
7646,2010,Poland,Estonia,1.0
7647,2010,Poland,Faroe Islands,1.0
7648,2010,Poland,Finland,0.0
7649,2010,Poland,Greece,1.0
7650,2010,Poland,Hungary,0.0
7651,2010,Poland,Kazakhstan,1.0
7652,2010,Poland,Lithuania,0.0
7653,2010,Poland,Portugal,1.0
7654,2010,Poland,Romania,0.0
7655,2010,Poland,Serbia,0.0
7656,2010,Poland,Slovakia,0.0
7657,2010,Poland,United States,0.0
7658,2010,Portugal,Armenia,1.0
7659,2010,Portugal,Azerbaijan,1.0
7660,2010,Portugal,Belgium,1.0
7661,2010,Portugal,Brazil,0.5
7662,2010,Portugal,Cape Verde,1.0
7663,2010,Portugal,Faroe Islands,1.0
7664,2010,Portugal,Finland,0.5
7665,2010,Portugal,Georgia,1.0
7666,2010,Portugal,Germany,0.0
7667,2010,Portugal,Greece,0.0
7668,2010,Portugal,Kazakhstan,1.0
7669,2010,Portugal,North Korea,1.0
7670,2010,Portugal,Poland,0.0
7671,2010,Portugal,Serbia,0.0
7672,2010,Portugal,South Africa,1.0
7673,2010,Portugal,Turkey,1.0
7674,2010,Puerto Rico,Trinidad and Tobago,0.0
7675,2010,Qatar,Bahrain,0.0
7676,2010,Qatar,Bangladesh,1.0
7677,2010,Qatar,DR Congo,0.0
7678,2010,Qatar,Georgia,0.0
7679,2010,Qatar,Hong Kong,1.0
7680,2010,Qatar,Iran,0.25
7681,2010,Qatar,Iraq,1.0
7682,2010,Qatar,Ivory Coast,0.0
7683,2010,Qatar,Jordan,1.0
7684,2010,Qatar,Kuwait,0.5
7685,2010,Qatar,Lebanon,1.0
7686,2010,Qatar,Libya,1.0
7687,2010,Qatar,North Korea,0.5
7688,2010,Qatar,Oman,0.0
7689,2010,Qatar,Saudi Arabia,1.0
7690,2010,Qatar,Tajikistan,1.0
7691,2010,Qatar,Turkmenistan,1.0
7692,2010,Qatar,United Arab Emirates,0.0
7693,2010,Qatar,Uzbekistan,1.0
7694,2010,Republic of Ireland,Australia,0.0
7695,2010,Republic of Ireland,Brazil,0.0
7696,2010,Republic of Ireland,Chile,0.0
7697,2010,Republic of Ireland,Colombia,1.0
7698,2010,Republic of Ireland,Cyprus,0.0
7699,2010,Republic of Ireland,Czech Republic,0.0
7700,2010,Republic of Ireland,Germany,0.0
7701,2010,Republic of Ireland,Netherlands,0.0
7702,2010,Republic of Ireland,Nigeria,0.0
7703,2010,Republic of Ireland,Poland,0.0
7704,2010,Republic of Ireland,San Marino,1.0
7705,2010,Republic of Ireland,Serbia,0.0
7706,2010,Republic of Ireland,Slovakia,1.0
7707,2010,Republic of Ireland,South Africa,1.0
7708,2010,Republic of Ireland,Sweden,1.0
7709,2010,Republic of Ireland,Wales,1.0
7710,2010,Romani people,Ambazonia,1.0
7711,2010,Romania,Albania,1.0
7712,2010,Romania,Belarus,1.0
7713,2010,Romania,Bulgaria,0.0
7714,2010,Romania,Colombia,0.0
7715,2010,Romania,Croatia,0.0
7716,2010,Romania,Cyprus,1.0
7717,2010,Romania,France,0.0
7718,2010,Romania,Georgia,1.0
7719,2010,Romania,Latvia,1.0
7720,2010,Romania,Luxembourg,1.0
7721,2010,Romania,Moldova,1.0
7722,2010,Romania,Montenegro,1.0
7723,2010,Romania,Netherlands,1.0
7724,2010,Romania,Northern Ireland,1.0
7725,2010,Romania,Russia,1.0
7726,2010,Romania,Slovenia,1.0
7727,2010,Romania,Turkey,1.0
7728,2010,Romania,Uruguay,0.0
7729,2010,Russia,Andorra,1.0
7730,2010,Russia,Argentina,0.0
7731,2010,Russia,Brazil,0.0
7732,2010,Russia,Croatia,0.0
7733,2010,Russia,England,1.0
7734,2010,Russia,Estonia,1.0
7735,2010,Russia,Israel,0.0
7736,2010,Russia,Kazakhstan,1.0
7737,2010,Russia,Latvia,1.0
7738,2010,Russia,Netherlands,0.0
7739,2010,Russia,North Macedonia,1.0
7740,2010,Russia,Poland,0.0
7741,2010,Russia,Serbia,1.0
7742,2010,Russia,Spain,0.0
7743,2010,Russia,Sweden,1.0
7744,2010,Rwanda,Burundi,1.0
7745,2010,Rwanda,Cameroon,0.0
7746,2010,Rwanda,Equatorial Guinea,1.0
7747,2010,Rwanda,Eritrea,1.0
7748,2010,Rwanda,Liberia,1.0
7749,2010,Rwanda,Somalia,1.0
7750,2010,Rwanda,Tanzania,0.0
7751,2010,Rwanda,Uganda,0.0
7752,2010,Rwanda,Zambia,0.0
7753,2010,Réunion,Gabon,0.0
7754,2010,Réunion,Mayotte,1.0
7755,2010,Saint Kitts and Nevis,Antigua and Barbuda,1.0
7756,2010,Saint Kitts and Nevis,Jamaica,0.0
7757,2010,Saint Kitts and Nevis,Saint Martin,1.0
7758,2010,Saint Kitts and Nevis,Saint Vincent and the Grenadines,0.0
7759,2010,Saint Kitts and Nevis,Trinidad and Tobago,0.0
7760,2010,Saint Martin,British Virgin Islands,0.0
7761,2010,Saint Vincent and the Grenadines,Haiti,0.0
7762,2010,Saint Vincent and the Grenadines,Martinique,0.0
7763,2010,Saint Vincent and the Grenadines,Saint Kitts and Nevis,0.0
7764,2010,Samoa,American Samoa,1.0
7765,2010,Samoa,Solomon Islands,0.0
7766,2010,Samoa,Tonga,1.0
7767,2010,Samoa,Vanuatu,0.0
7768,2010,San Marino,Albania,0.0
7769,2010,San Marino,Cyprus,0.0
7770,2010,San Marino,Czech Republic,0.0
7771,2010,San Marino,Germany,0.0
7772,2010,San Marino,Republic of Ireland,0.0
7773,2010,San Marino,Slovakia,0.0
7774,2010,San Marino,Wales,0.0
7775,2010,Saudi Arabia,Bahrain,1.0
7776,2010,Saudi Arabia,Belarus,0.0
7777,2010,Saudi Arabia,Estonia,1.0
7778,2010,Saudi Arabia,Finland,0.0
7779,2010,Saudi Arabia,Gambia,1.0
7780,2010,Saudi Arabia,Ghana,1.0
7781,2010,Saudi Arabia,Greece,0.0
7782,2010,Saudi Arabia,India,1.0
7783,2010,Saudi Arabia,Iraq,0.0
7784,2010,Saudi Arabia,Japan,1.0
7785,2010,Saudi Arabia,Jordan,1.0
7786,2010,Saudi Arabia,Kuwait,1.0
7787,2010,Saudi Arabia,Lebanon,0.0
7788,2010,Saudi Arabia,Luxembourg,1.0
7789,2010,Saudi Arabia,Malaysia,1.0
7790,2010,Saudi Arabia,Namibia,1.0
7791,2010,Saudi Arabia,North Korea,0.0
7792,2010,Saudi Arabia,Paraguay,0.0
7793,2010,Saudi Arabia,Poland,0.0
7794,2010,Saudi Arabia,Portugal,0.0
7795,2010,Saudi Arabia,Qatar,1.0
7796,2010,Saudi Arabia,Sweden,0.0
7797,2010,Saudi Arabia,Syria,0.5
7798,2010,Saudi Arabia,Thailand,1.0
7799,2010,Saudi Arabia,Togo,1.0
7800,2010,Saudi Arabia,Turkey,0.0
7801,2010,Saudi Arabia,United Arab Emirates,1.0
7802,2010,Saudi Arabia,Uzbekistan,1.0
7803,2010,Saudi Arabia,Yemen,1.0
7804,2010,Scotland,Argentina,0.0
7805,2010,Scotland,Croatia,0.0
7806,2010,Scotland,Faroe Islands,1.0
7807,2010,Scotland,France,1.0
7808,2010,Scotland,Georgia,1.0
7809,2010,Scotland,Italy,0.0
7810,2010,Scotland,Lithuania,1.0
7811,2010,Scotland,Northern Ireland,0.0
7812,2010,Scotland,South Africa,1.0
7813,2010,Scotland,Switzerland,0.0
7814,2010,Scotland,Ukraine,1.0
7815,2010,Senegal,Angola,0.0
7816,2010,Senegal,Benin,1.0
7817,2010,Senegal,Burkina Faso,1.0
7818,2010,Senegal,DR Congo,0.0
7819,2010,Senegal,Guinea,1.0
7820,2010,Senegal,Mali,1.0
7821,2010,Senegal,Mozambique,1.0
7822,2010,Senegal,Namibia,1.0
7823,2010,Senegal,Nigeria,0.0
7824,2010,Senegal,Norway,1.0
7825,2010,Senegal,South Africa,0.0
7826,2010,Senegal,Tanzania,1.0
7827,2010,Serbia,Armenia,1.0
7828,2010,Serbia,Azerbaijan,1.0
7829,2010,Serbia,Belgium,1.0
7830,2010,Serbia,Bulgaria,1.0
7831,2010,Serbia,Finland,0.0
7832,2010,Serbia,Ghana,0.0
7833,2010,Serbia,Kazakhstan,1.0
7834,2010,Serbia,Norway,0.0
7835,2010,Serbia,Poland,0.0
7836,2010,Serbia,Portugal,0.0
7837,2010,Serbia,Sweden,1.0
7838,2010,Serbia,Uruguay,0.0
7839,2010,Seychelles,Botswana,0.0
7840,2010,Seychelles,Comoros,0.0
7841,2010,Seychelles,Eswatini,0.0
7842,2010,Seychelles,Mauritius,1.0
7843,2010,Seychelles,Réunion,1.0
7844,2010,Seychelles,Sudan,0.0
7845,2010,Seychelles,Tanzania,1.0
7846,2010,Seychelles,Tunisia,0.0
7847,2010,Seychelles,Zambia,0.0
7848,2010,Sierra Leone,Benin,0.0
7849,2010,Sierra Leone,Mali,0.0
7850,2010,Sierra Leone,Togo,0.0
7851,2010,Silesia,Poland,0.0
7852,2010,Singapore,Australia,0.0
7853,2010,Singapore,Bahrain,0.0
7854,2010,Singapore,Cambodia,1.0
7855,2010,Singapore,China PR,0.0
7856,2010,Singapore,Indonesia,0.3333333333333333
7857,2010,Singapore,Iraq,1.0
7858,2010,Singapore,Jordan,1.0
7859,2010,Singapore,Laos,1.0
7860,2010,Singapore,Malaysia,0.0
7861,2010,Singapore,Myanmar,1.0
7862,2010,Singapore,Oman,0.0
7863,2010,Singapore,Philippines,1.0
7864,2010,Singapore,Saudi Arabia,0.0
7865,2010,Singapore,Thailand,0.5
7866,2010,Singapore,Turkmenistan,1.0
7867,2010,Singapore,United Arab Emirates,0.0
7868,2010,Singapore,Vietnam,0.0
7869,2010,Slovakia,Belgium,0.0
7870,2010,Slovakia,Bulgaria,1.0
7871,2010,Slovakia,Chile,0.0
7872,2010,Slovakia,Cyprus,1.0
7873,2010,Slovakia,Czech Republic,0.0
7874,2010,Slovakia,France,0.0
7875,2010,Slovakia,Germany,0.0
7876,2010,Slovakia,Greece,0.0
7877,2010,Slovakia,Iceland,0.0
7878,2010,Slovakia,Italy,1.0
7879,2010,Slovakia,Liechtenstein,1.0
7880,2010,Slovakia,Malta,1.0
7881,2010,Slovakia,Paraguay,0.0
7882,2010,Slovakia,Republic of Ireland,0.0
7883,2010,Slovakia,San Marino,1.0
7884,2010,Slovakia,United States,1.0
7885,2010,Slovakia,Wales,0.0
7886,2010,Slovenia,Albania,0.0
7887,2010,Slovenia,Belarus,1.0
7888,2010,Slovenia,Bosnia and Herzegovina,0.0
7889,2010,Slovenia,Bulgaria,0.0
7890,2010,Slovenia,Croatia,0.0
7891,2010,Slovenia,Denmark,0.0
7892,2010,Slovenia,England,0.0
7893,2010,Slovenia,Estonia,1.0
7894,2010,Slovenia,Israel,0.0
7895,2010,Slovenia,Ivory Coast,0.0
7896,2010,Slovenia,Luxembourg,1.0
7897,2010,Slovenia,Netherlands,0.0
7898,2010,Slovenia,Romania,0.0
7899,2010,Slovenia,Trinidad and Tobago,1.0
7900,2010,Slovenia,United States,0.0
7901,2010,Solomon Islands,American Samoa,1.0
7902,2010,Solomon Islands,New Caledonia,0.0
7903,2010,Solomon Islands,Papua New Guinea,1.0
7904,2010,Solomon Islands,Tonga,1.0
7905,2010,Solomon Islands,Vanuatu,0.0
7906,2010,Somalia,Burundi,0.0
7907,2010,Somalia,Eritrea,0.0
7908,2010,Somalia,Rwanda,0.0
7909,2010,Somalia,Sudan,0.0
7910,2010,Somalia,Tanzania,1.0
7911,2010,South Africa,Angola,0.5
7912,2010,South Africa,Bolivia,0.0
7913,2010,South Africa,Botswana,1.0
7914,2010,South Africa,Cameroon,1.0
7915,2010,South Africa,Canada,1.0
7916,2010,South Africa,Chad,1.0
7917,2010,South Africa,Chile,0.0
7918,2010,South Africa,Congo,0.0
7919,2010,South Africa,Eswatini,1.0
7920,2010,South Africa,Ghana,1.0
7921,2010,South Africa,Guinea,0.0
7922,2010,South Africa,Jamaica,0.0
7923,2010,South Africa,Japan,0.0
7924,2010,South Africa,Madagascar,1.0
7925,2010,South Africa,Malawi,1.0
7926,2010,South Africa,Mexico,0.0
7927,2010,South Africa,Mozambique,0.6666666666666666
7928,2010,South Africa,Namibia,1.0
7929,2010,South Africa,Norway,1.0
7930,2010,South Africa,Paraguay,1.0
7931,2010,South Africa,Poland,1.0
7932,2010,South Africa,Serbia,0.0
7933,2010,South Africa,United States,0.0
7934,2010,South Africa,Uruguay,0.0
7935,2010,South Africa,Zambia,0.5
7936,2010,South Africa,Zimbabwe,1.0
7937,2010,South Korea,Angola,1.0
7938,2010,South Korea,Australia,1.0
7939,2010,South Korea,Bosnia and Herzegovina,1.0
7940,2010,South Korea,Chile,0.0
7941,2010,South Korea,Ghana,0.0
7942,2010,South Korea,Greece,1.0
7943,2010,South Korea,Iran,0.0
7944,2010,South Korea,Iraq,1.0
7945,2010,South Korea,Japan,0.0
7946,2010,South Korea,Jordan,1.0
7947,2010,South Korea,Netherlands,0.0
7948,2010,South Korea,North Korea,0.0
7949,2010,South Korea,Paraguay,1.0
7950,2010,South Korea,Saudi Arabia,0.0
7951,2010,South Korea,Senegal,0.5
7952,2010,South Korea,Serbia,0.0
7953,2010,South Korea,Syria,0.0
7954,2010,South Korea,Taiwan,1.0
7955,2010,South Korea,Uruguay,0.0
7956,2010,South Korea,Uzbekistan,1.0
7957,2010,Spain,Argentina,1.0
7958,2010,Spain,Chile,1.0
7959,2010,Spain,Croatia,1.0
7960,2010,Spain,Denmark,1.0
7961,2010,Spain,Egypt,1.0
7962,2010,Spain,England,1.0
7963,2010,Spain,France,1.0
7964,2010,Spain,Honduras,1.0
7965,2010,Spain,Iceland,1.0
7966,2010,Spain,Italy,0.5
7967,2010,Spain,Ivory Coast,1.0
7968,2010,Spain,Latvia,1.0
7969,2010,Spain,Liechtenstein,1.0
7970,2010,Spain,Northern Ireland,1.0
7971,2010,Spain,Peru,1.0
7972,2010,Spain,Portugal,1.0
7973,2010,Spain,Romania,0.0
7974,2010,Spain,Russia,0.5
7975,2010,Spain,Sweden,1.0
7976,2010,Spain,Switzerland,0.0
7977,2010,Spain,United States,1.0
7978,2010,Sri Lanka,Afghanistan,0.0
7979,2010,Sri Lanka,Bangladesh,1.0
7980,2010,Sri Lanka,Bhutan,1.0
7981,2010,Sri Lanka,Brunei,1.0
7982,2010,Sri Lanka,Guam,1.0
7983,2010,Sri Lanka,Maldives,0.0
7984,2010,Sri Lanka,Myanmar,0.0
7985,2010,Sri Lanka,Nepal,0.0
7986,2010,Sri Lanka,Pakistan,0.5
7987,2010,Sri Lanka,Taiwan,1.0
7988,2010,Sri Lanka,Tajikistan,0.0
7989,2010,Sudan,Egypt,1.0
7990,2010,Sudan,Eritrea,1.0
7991,2010,Sudan,Kenya,0.0
7992,2010,Sudan,Liberia,0.0
7993,2010,Sudan,Libya,1.0
7994,2010,Sudan,Mauritius,1.0
7995,2010,Sudan,Rwanda,0.0
7996,2010,Sudan,Seychelles,1.0
7997,2010,Sudan,Tunisia,1.0
7998,2010,Sudan,Uganda,0.0
7999,2010,Sudan,Zambia,0.5
8000,2010,Sudan,Zanzibar,0.0
8001,2010,Suriname,Curaçao,0.0
8002,2010,Suriname,French Guiana,1.0
8003,2010,Sweden,Chile,0.0
8004,2010,Sweden,Denmark,0.0
8005,2010,Sweden,Finland,0.5
8006,2010,Sweden,France,0.0
8007,2010,Sweden,Iceland,1.0
8008,2010,Sweden,Latvia,1.0
8009,2010,Sweden,Liechtenstein,1.0
8010,2010,Sweden,Northern Ireland,0.0
8011,2010,Sweden,Slovenia,1.0
8012,2010,Sweden,Spain,0.5
8013,2010,Sweden,Ukraine,0.0
8014,2010,Sweden,United States,1.0
8015,2010,Switzerland,Argentina,0.0
8016,2010,Switzerland,Austria,1.0
8017,2010,Switzerland,Brazil,0.0
8018,2010,Switzerland,Bulgaria,0.0
8019,2010,Switzerland,Chile,1.0
8020,2010,Switzerland,China PR,1.0
8021,2010,Switzerland,Costa Rica,1.0
8022,2010,Switzerland,Cyprus,1.0
8023,2010,Switzerland,Czech Republic,0.0
8024,2010,Switzerland,Finland,1.0
8025,2010,Switzerland,Germany,0.0
8026,2010,Switzerland,Honduras,0.0
8027,2010,Switzerland,Italy,0.0
8028,2010,Switzerland,Ivory Coast,0.0
8029,2010,Switzerland,Japan,0.0
8030,2010,Switzerland,Liechtenstein,1.0
8031,2010,Switzerland,Netherlands,1.0
8032,2010,Switzerland,Nigeria,0.0
8033,2010,Switzerland,Norway,0.0
8034,2010,Switzerland,Portugal,1.0
8035,2010,Switzerland,Slovakia,1.0
8036,2010,Switzerland,Turkey,0.0
8037,2010,Switzerland,United States,0.0
8038,2010,Switzerland,Venezuela,1.0
8039,2010,Syria,China PR,1.0
8040,2010,Syria,Iraq,0.25
8041,2010,Syria,Jordan,0.0
8042,2010,Syria,Libya,1.0
8043,2010,Syria,Oman,1.0
8044,2010,Syria,Palestine,1.0
8045,2010,Syria,Qatar,0.0
8046,2010,Syria,South Korea,0.0
8047,2010,Syria,Taiwan,1.0
8048,2010,Syria,Turkmenistan,1.0
8049,2010,Syria,Vietnam,0.0
8050,2010,Tahiti,Fiji,0.0
8051,2010,Tahiti,New Caledonia,0.0
8052,2010,Taiwan,Guam,1.0
8053,2010,Taiwan,Sri Lanka,0.0
8054,2010,Tajikistan,Azerbaijan,0.0
8055,2010,Tajikistan,Bhutan,1.0
8056,2010,Tajikistan,Brunei,1.0
8057,2010,Tajikistan,Kyrgyzstan,0.5
8058,2010,Tajikistan,Macau,1.0
8059,2010,Tanzania,Angola,0.0
8060,2010,Tanzania,Burkina Faso,1.0
8061,2010,Tanzania,Burundi,0.6666666666666666
8062,2010,Tanzania,DR Congo,0.5
8063,2010,Tanzania,Djibouti,1.0
8064,2010,Tanzania,Eritrea,1.0
8065,2010,Tanzania,Ghana,0.0
8066,2010,Tanzania,Kenya,0.5
8067,2010,Tanzania,Malawi,0.0
8068,2010,Tanzania,Mozambique,0.5
8069,2010,Tanzania,New Zealand,1.0
8070,2010,Tanzania,Rwanda,0.3333333333333333
8071,2010,Tanzania,Senegal,0.0
8072,2010,Tanzania,Somalia,1.0
8073,2010,Tanzania,Sudan,0.0
8074,2010,Tanzania,Uganda,1.0
8075,2010,Tanzania,Zambia,0.5
8076,2010,Tanzania,Zanzibar,0.6666666666666666
8077,2010,Tanzania,Zimbabwe,0.0
8078,2010,Thailand,Australia,0.0
8079,2010,Thailand,China PR,1.0
8080,2010,Thailand,Iran,0.0
8081,2010,Thailand,Iraq,0.6666666666666666
8082,2010,Thailand,Jordan,0.0
8083,2010,Thailand,Laos,1.0
8084,2010,Thailand,Malaysia,1.0
8085,2010,Thailand,Myanmar,0.0
8086,2010,Thailand,Nepal,1.0
8087,2010,Thailand,Netherlands,0.0
8088,2010,Thailand,New Zealand,1.0
8089,2010,Thailand,Oman,1.0
8090,2010,Thailand,Philippines,1.0
8091,2010,Thailand,Qatar,0.5
8092,2010,Thailand,Singapore,0.0
8093,2010,Thailand,Syria,0.0
8094,2010,Thailand,United Arab Emirates,0.0
8095,2010,Thailand,Vietnam,0.3333333333333333
8096,2010,Thailand,Zimbabwe,1.0
8097,2010,Timor-Leste,Brunei,0.0
8098,2010,Togo,Angola,0.0
8099,2010,Togo,Benin,1.0
8100,2010,Togo,Cameroon,0.0
8101,2010,Togo,DR Congo,0.0
8102,2010,Togo,Guinea,0.0
8103,2010,Togo,Mali,0.0
8104,2010,Togo,Niger,0.0
8105,2010,Togo,Rwanda,1.0
8106,2010,Togo,Sierra Leone,1.0
8107,2010,Togo,Zambia,1.0
8108,2010,Tonga,American Samoa,1.0
8109,2010,Tonga,Cook Islands,0.0
8110,2010,Tonga,Vanuatu,0.0
8111,2010,Trinidad and Tobago,Barbados,1.0
8112,2010,Trinidad and Tobago,Curaçao,1.0
8113,2010,Trinidad and Tobago,Dominican Republic,1.0
8114,2010,Trinidad and Tobago,El Salvador,1.0
8115,2010,Trinidad and Tobago,England,0.0
8116,2010,Trinidad and Tobago,Grenada,1.0
8117,2010,Trinidad and Tobago,Guadeloupe,0.0
8118,2010,Trinidad and Tobago,Guatemala,0.0
8119,2010,Trinidad and Tobago,Guyana,1.0
8120,2010,Trinidad and Tobago,Haiti,1.0
8121,2010,Trinidad and Tobago,Jamaica,0.0
8122,2010,Trinidad and Tobago,Panama,1.0
8123,2010,Trinidad and Tobago,Peru,0.0
8124,2010,Tunisia,Angola,0.0
8125,2010,Tunisia,Belarus,1.0
8126,2010,Tunisia,Cameroon,0.0
8127,2010,Tunisia,Ghana,1.0
8128,2010,Tunisia,Guinea,0.0
8129,2010,Tunisia,Ivory Coast,0.0
8130,2010,Tunisia,Libya,1.0
8131,2010,Tunisia,Mali,0.0
8132,2010,Tunisia,Mauritius,1.0
8133,2010,Tunisia,Namibia,1.0
8134,2010,Tunisia,Netherlands,0.0
8135,2010,Tunisia,Saudi Arabia,0.0
8136,2010,Tunisia,Senegal,0.0
8137,2010,Tunisia,Serbia,0.0
8138,2010,Tunisia,Seychelles,1.0
8139,2010,Tunisia,South Africa,1.0
8140,2010,Tunisia,Sudan,1.0
8141,2010,Tunisia,Uruguay,0.0
8142,2010,Tunisia,Zambia,0.6666666666666666
8143,2010,Turkey,Azerbaijan,1.0
8144,2010,Turkey,Bosnia and Herzegovina,1.0
8145,2010,Turkey,Brazil,0.0
8146,2010,Turkey,Chile,1.0
8147,2010,Turkey,Czech Republic,0.5
8148,2010,Turkey,Estonia,0.0
8149,2010,Turkey,Ghana,0.0
8150,2010,Turkey,Greece,0.0
8151,2010,Turkey,Hungary,1.0
8152,2010,Turkey,Ivory Coast,0.0
8153,2010,Turkey,Malta,1.0
8154,2010,Turkey,Moldova,1.0
8155,2010,Turkey,North Macedonia,0.0
8156,2010,Turkey,Norway,0.0
8157,2010,Turkey,Slovakia,1.0
8158,2010,Turkey,Sweden,0.0
8159,2010,Turkey,Uruguay,0.0
8160,2010,Turkmenistan,Philippines,1.0
8161,2010,Turkmenistan,Tajikistan,0.0
8162,2010,Tuvalu,New Caledonia,0.0
8163,2010,Tuvalu,Tahiti,0.0
8164,2010,Uganda,Botswana,0.0
8165,2010,Uganda,Burkina Faso,0.0
8166,2010,Uganda,Burundi,1.0
8167,2010,Uganda,Djibouti,1.0
8168,2010,Uganda,Kenya,0.5
8169,2010,Uganda,Lesotho,1.0
8170,2010,Uganda,Libya,0.0
8171,2010,Uganda,Malawi,0.5
8172,2010,Uganda,Niger,1.0
8173,2010,Uganda,Nigeria,1.0
8174,2010,Uganda,Rwanda,0.6666666666666666
8175,2010,Uganda,Somalia,1.0
8176,2010,Uganda,Sudan,0.0
8177,2010,Uganda,Tanzania,0.6666666666666666
8178,2010,Uganda,Zanzibar,0.0
8179,2010,Ukraine,Azerbaijan,1.0
8180,2010,Ukraine,Costa Rica,1.0
8181,2010,Ukraine,Faroe Islands,1.0
8182,2010,Ukraine,France,0.0
8183,2010,Ukraine,Georgia,1.0
8184,2010,Ukraine,Italy,0.0
8185,2010,Ukraine,Libya,1.0
8186,2010,Ukraine,Lithuania,1.0
8187,2010,Ukraine,Norway,1.0
8188,2010,Ukraine,Poland,1.0
8189,2010,Ukraine,Scotland,1.0
8190,2010,Ukraine,Serbia,1.0
8191,2010,Ukraine,Turkey,0.0
8192,2010,Ukraine,Uzbekistan,1.0
8193,2010,United Arab Emirates,Bahrain,0.0
8194,2010,United Arab Emirates,China PR,0.0
8195,2010,United Arab Emirates,Czech Republic,0.0
8196,2010,United Arab Emirates,Germany,0.0
8197,2010,United Arab Emirates,Iraq,0.0
8198,2010,United Arab Emirates,Japan,0.0
8199,2010,United Arab Emirates,Jordan,0.5
8200,2010,United Arab Emirates,Kuwait,0.0
8201,2010,United Arab Emirates,Lebanon,0.0
8202,2010,United Arab Emirates,North Korea,1.0
8203,2010,United Arab Emirates,Oman,1.0
8204,2010,United Arab Emirates,Pakistan,1.0
8205,2010,United Arab Emirates,Palestine,0.0
8206,2010,United Arab Emirates,Poland,0.0
8207,2010,United Arab Emirates,Saudi Arabia,0.0
8208,2010,United Arab Emirates,Slovakia,0.0
8209,2010,United Arab Emirates,South Korea,1.0
8210,2010,United Arab Emirates,Syria,1.0
8211,2010,United Arab Emirates,Togo,0.0
8212,2010,United Arab Emirates,Tunisia,0.0
8213,2010,United Arab Emirates,Uzbekistan,0.0
8214,2010,United States,Algeria,1.0
8215,2010,United States,Argentina,0.0
8216,2010,United States,Brazil,0.0
8217,2010,United States,Canada,0.5
8218,2010,United States,China PR,1.0
8219,2010,United States,Ecuador,1.0
8220,2010,United States,El Salvador,1.0
8221,2010,United States,Ghana,0.0
8222,2010,United States,Grenada,1.0
8223,2010,United States,Guatemala,0.6666666666666666
8224,2010,United States,Haiti,0.0
8225,2010,United States,Honduras,1.0
8226,2010,United States,Jamaica,0.0
8227,2010,United States,Japan,1.0
8228,2010,United States,Latvia,1.0
8229,2010,United States,Mexico,0.5
8230,2010,United States,Morocco,0.0
8231,2010,United States,Norway,1.0
8232,2010,United States,Panama,1.0
8233,2010,United States,Paraguay,0.0
8234,2010,United States,Sweden,1.0
8235,2010,United States,Trinidad and Tobago,1.0
8236,2010,United States,Venezuela,1.0
8237,2010,Uruguay,Brazil,0.0
8238,2010,Uruguay,Colombia,0.0
8239,2010,Uruguay,France,0.0
8240,2010,Uruguay,Germany,0.0
8241,2010,Uruguay,Ghana,0.0
8242,2010,Uruguay,Netherlands,0.0
8243,2010,Uruguay,Peru,0.0
8244,2010,Uruguay,South Korea,1.0
8245,2010,Uruguay,Venezuela,1.0
8246,2010,Uzbekistan,Azerbaijan,0.0
8247,2010,Uzbekistan,Bangladesh,1.0
8248,2010,Uzbekistan,Bosnia and Herzegovina,0.0
8249,2010,Uzbekistan,China PR,1.0
8250,2010,Uzbekistan,Estonia,0.0
8251,2010,Uzbekistan,Hong Kong,0.0
8252,2010,Uzbekistan,Iran,0.0
8253,2010,Uzbekistan,Jordan,1.0
8254,2010,Uzbekistan,Malaysia,1.0
8255,2010,Uzbekistan,North Korea,0.0
8256,2010,Uzbekistan,Qatar,1.0
8257,2010,Vanuatu,Fiji,1.0
8258,2010,Vanuatu,New Caledonia,0.0
8259,2010,Vanuatu,New Zealand,0.0
8260,2010,Vanuatu,Solomon Islands,0.0
8261,2010,Venezuela,Angola,0.0
8262,2010,Venezuela,Basque Country,0.0
8263,2010,Venezuela,Bolivia,0.0
8264,2010,Venezuela,Canada,0.0
8265,2010,Venezuela,Chile,0.0
8266,2010,Venezuela,Colombia,0.0
8267,2010,Venezuela,Costa Rica,0.0
8268,2010,Venezuela,Cuba,1.0
8269,2010,Venezuela,El Salvador,1.0
8270,2010,Venezuela,Guatemala,1.0
8271,2010,Venezuela,Haiti,0.5
8272,2010,Venezuela,Honduras,0.3333333333333333
8273,2010,Venezuela,New Zealand,1.0
8274,2010,Venezuela,Panama,0.0
8275,2010,Venezuela,Paraguay,1.0
8276,2010,Venezuela,Peru,1.0
8277,2010,Venezuela,Sweden,1.0
8278,2010,Venezuela,Syria,1.0
8279,2010,Venezuela,Uruguay,0.3333333333333333
8280,2010,Vietnam,Bahrain,1.0
8281,2010,Vietnam,Indonesia,0.0
8282,2010,Vietnam,Jamaica,1.0
8283,2010,Vietnam,Japan,0.0
8284,2010,Vietnam,Laos,1.0
8285,2010,Vietnam,Lebanon,1.0
8286,2010,Vietnam,Myanmar,0.0
8287,2010,Vietnam,Qatar,0.0
8288,2010,Vietnam,Singapore,0.0
8289,2010,Vietnam,Syria,0.0
8290,2010,Vietnam,Thailand,0.0
8291,2010,Vietnam,Turkmenistan,1.0
8292,2010,Vietnam,United Arab Emirates,1.0
8293,2010,Wales,Brazil,0.0
8294,2010,Wales,Bulgaria,0.0
8295,2010,Wales,Cyprus,1.0
8296,2010,Wales,Czech Republic,0.0
8297,2010,Wales,Estonia,1.0
8298,2010,Wales,Georgia,0.0
8299,2010,Wales,Germany,0.0
8300,2010,Wales,Liechtenstein,1.0
8301,2010,Wales,New Zealand,0.0
8302,2010,Wales,Norway,1.0
8303,2010,Wales,Paraguay,0.0
8304,2010,Wales,Poland,0.0
8305,2010,Wales,Republic of Ireland,0.0
8306,2010,Wales,San Marino,1.0
8307,2010,Wales,Scotland,1.0
8308,2010,Wales,Slovakia,0.0
8309,2010,Wales,Trinidad and Tobago,1.0
8310,2010,Yemen,Eritrea,1.0
8311,2010,Yemen,Hong Kong,1.0
8312,2010,Yemen,India,1.0
8313,2010,Yemen,Japan,0.0
8314,2010,Yemen,Libya,0.0
8315,2010,Yemen,Saudi Arabia,0.0
8316,2010,Yemen,Sudan,0.0
8317,2010,Yemen,Tajikistan,1.0
8318,2010,Yemen,Tanzania,0.6666666666666666
8319,2010,Zambia,Angola,1.0
8320,2010,Zambia,Botswana,1.0
8321,2010,Zambia,Burundi,0.0
8322,2010,Zambia,Chad,0.0
8323,2010,Zambia,Congo,1.0
8324,2010,Zambia,Djibouti,1.0
8325,2010,Zambia,Guinea,0.0
8326,2010,Zambia,North Korea,1.0
8327,2010,Zambia,South Africa,0.5
8328,2010,Zambia,Sudan,0.0
8329,2010,Zambia,Zanzibar,0.5
8330,2010,Zambia,Zimbabwe,0.0
8331,2010,Zanzibar,Burundi,0.0
8332,2010,Zanzibar,Ethiopia,1.0
8333,2010,Zanzibar,Northern Cyprus,1.0
8334,2010,Zanzibar,Rwanda,0.0
8335,2010,Zanzibar,Somalia,1.0
8336,2010,Zanzibar,Tanzania,0.5
8337,2010,Zanzibar,Uganda,0.0
8338,2010,Zimbabwe,Angola,0.0
8339,2010,Zimbabwe,Botswana,1.0
8340,2010,Zimbabwe,Burkina Faso,0.0
8341,2010,Zimbabwe,Lesotho,0.0
8342,2010,Zimbabwe,Malawi,1.0
8343,2010,Zimbabwe,Mauritius,1.0
8344,2010,Zimbabwe,Morocco,0.0
8345,2010,Zimbabwe,Namibia,1.0
8346,2010,Zimbabwe,Senegal,0.0
8347,2010,Zimbabwe,South Africa,0.0
8348,2010,Zimbabwe,Zambia,1.0
8349,2014,Abkhazia,Artsakh,0.0
8350,2014,Afghanistan,Bhutan,1.0
8351,2014,Afghanistan,Maldives,0.0
8352,2014,Afghanistan,Nepal,1.0
8353,2014,Afghanistan,Pakistan,1.0
8354,2014,Afghanistan,Sri Lanka,1.0
8355,2014,Albania,Andorra,1.0
8356,2014,Albania,Armenia,1.0
8357,2014,Albania,Azerbaijan,0.0
8358,2014,Albania,Belarus,1.0
8359,2014,Albania,Bosnia and Herzegovina,0.0
8360,2014,Albania,Cameroon,0.0
8361,2014,Albania,France,0.0
8362,2014,Albania,Georgia,0.0
8363,2014,Albania,Iran,1.0
8364,2014,Albania,Lithuania,1.0
8365,2014,Albania,Luxembourg,1.0
8366,2014,Albania,Moldova,0.0
8367,2014,Albania,Montenegro,1.0
8368,2014,Albania,North Macedonia,0.0
8369,2014,Albania,Northern Ireland,1.0
8370,2014,Albania,Qatar,1.0
8371,2014,Albania,Romania,0.0
8372,2014,Albania,Slovenia,0.0
8373,2014,Albania,Uzbekistan,1.0
8374,2014,Alderney,Sealand,0.0
8375,2014,Algeria,Bosnia and Herzegovina,0.0
8376,2014,Algeria,Burkina Faso,1.0
8377,2014,Algeria,Central African Republic,1.0
8378,2014,Algeria,Egypt,0.0
8379,2014,Algeria,Gabon,0.0
8380,2014,Algeria,Gambia,1.0
8381,2014,Algeria,Guinea,0.0
8382,2014,Algeria,Ivory Coast,0.0
8383,2014,Algeria,Libya,1.0
8384,2014,Algeria,Mauritania,1.0
8385,2014,Algeria,Morocco,1.0
8386,2014,Algeria,Niger,1.0
8387,2014,Algeria,Russia,0.0
8388,2014,Algeria,Serbia,0.0
8389,2014,Algeria,Tanzania,0.0
8390,2014,Algeria,Togo,0.0
8391,2014,Algeria,Tunisia,1.0
8392,2014,Algeria,United Arab Emirates,1.0
8393,2014,American Samoa,Guam,0.0
8394,2014,American Samoa,Solomon Islands,0.0
8395,2014,American Samoa,Vanuatu,0.0
8396,2014,Andorra,Armenia,0.0
8397,2014,Andorra,Iceland,0.0
8398,2014,Andorra,Moldova,0.0
8399,2014,Andorra,North Macedonia,0.0
8400,2014,Andorra,Republic of Ireland,0.0
8401,2014,Andorra,Russia,0.0
8402,2014,Andorra,Slovakia,0.0
8403,2014,Angola,Algeria,0.0
8404,2014,Angola,Botswana,1.0
8405,2014,Angola,Cameroon,0.0
8406,2014,Angola,Congo,0.0
8407,2014,Angola,DR Congo,0.0
8408,2014,Angola,Gambia,0.0
8409,2014,Angola,Ghana,0.0
8410,2014,Angola,Guinea-Bissau,1.0
8411,2014,Angola,Kenya,1.0
8412,2014,Angola,Latvia,0.0
8413,2014,Angola,Lesotho,0.0
8414,2014,Angola,Malawi,1.0
8415,2014,Angola,Mali,0.0
8416,2014,Angola,Morocco,0.0
8417,2014,Angola,Mozambique,0.5
8418,2014,Angola,Namibia,0.0
8419,2014,Angola,North Macedonia,0.0
8420,2014,Angola,Rwanda,1.0
8421,2014,Angola,Sierra Leone,1.0
8422,2014,Angola,Uganda,1.0
8423,2014,Angola,Uruguay,0.0
8424,2014,Angola,Zambia,0.5
8425,2014,Angola,Zimbabwe,1.0
8426,2014,Anguilla,British Virgin Islands,0.0
8427,2014,Anguilla,Saint Martin,0.0
8428,2014,Anguilla,United States Virgin Islands,0.0
8429,2014,Antigua and Barbuda,Guadeloupe,0.0
8430,2014,Antigua and Barbuda,Martinique,0.5
8431,2014,Antigua and Barbuda,Saint Lucia,1.0
8432,2014,Antigua and Barbuda,Saint Vincent and the Grenadines,0.0
8433,2014,Antigua and Barbuda,Trinidad and Tobago,0.0
8434,2014,Argentina,Albania,1.0
8435,2014,Argentina,Belgium,1.0
8436,2014,Argentina,Bolivia,0.0
8437,2014,Argentina,Bosnia and Herzegovina,1.0
8438,2014,Argentina,Brazil,1.0
8439,2014,Argentina,Canada,1.0
8440,2014,Argentina,Colombia,0.0
8441,2014,Argentina,Costa Rica,1.0
8442,2014,Argentina,Ecuador,0.0
8443,2014,Argentina,Haiti,1.0
8444,2014,Argentina,Iran,1.0
8445,2014,Argentina,Jamaica,1.0
8446,2014,Argentina,Nigeria,1.0
8447,2014,Argentina,Paraguay,1.0
8448,2014,Argentina,Portugal,1.0
8449,2014,Argentina,Spain,1.0
8450,2014,Argentina,Switzerland,1.0
8451,2014,Argentina,Uruguay,0.0
8452,2014,Argentina,Venezuela,1.0
8453,2014,Armenia,Andorra,1.0
8454,2014,Armenia,Belarus,0.0
8455,2014,Armenia,Canada,1.0
8456,2014,Armenia,Georgia,0.0
8457,2014,Armenia,Greece,0.0
8458,2014,Armenia,Iran,0.0
8459,2014,Armenia,Kazakhstan,1.0
8460,2014,Armenia,Lithuania,1.0
8461,2014,Armenia,Luxembourg,0.0
8462,2014,Armenia,North Macedonia,1.0
8463,2014,Armenia,Republic of Ireland,0.0
8464,2014,Armenia,Russia,0.0
8465,2014,Armenia,Serbia,0.0
8466,2014,Armenia,Slovakia,1.0
8467,2014,Armenia,Uzbekistan,1.0
8468,2014,Artsakh,Abkhazia,1.0
8469,2014,Aruba,Venezuela,0.0
8470,2014,Australia,Bahrain,1.0
8471,2014,Australia,Canada,1.0
8472,2014,Australia,China PR,0.0
8473,2014,Australia,Costa Rica,1.0
8474,2014,Australia,Denmark,1.0
8475,2014,Australia,Indonesia,1.0
8476,2014,Australia,Iraq,1.0
8477,2014,Australia,Japan,0.0
8478,2014,Australia,Malaysia,1.0
8479,2014,Australia,Netherlands,0.0
8480,2014,Australia,New Zealand,1.0
8481,2014,Australia,Paraguay,1.0
8482,2014,Australia,Serbia,0.0
8483,2014,Australia,South Korea,0.0
8484,2014,Australia,Spain,0.0
8485,2014,Australia,Taiwan,1.0
8486,2014,Australia,United States,0.0
8487,2014,Austria,Azerbaijan,1.0
8488,2014,Austria,Belgium,0.0
8489,2014,Austria,Croatia,0.0
8490,2014,Austria,Denmark,1.0
8491,2014,Austria,Finland,1.0
8492,2014,Austria,Germany,0.0
8493,2014,Austria,Greece,0.0
8494,2014,Austria,Ivory Coast,0.0
8495,2014,Austria,Kazakhstan,1.0
8496,2014,Austria,Latvia,1.0
8497,2014,Austria,Romania,0.0
8498,2014,Austria,Slovakia,0.0
8499,2014,Austria,Switzerland,0.0
8500,2014,Austria,Turkey,0.5
8501,2014,Austria,Ukraine,1.0
8502,2014,Austria,United States,1.0
8503,2014,Azerbaijan,Andorra,0.0
8504,2014,Azerbaijan,Austria,0.0
8505,2014,Azerbaijan,Bahrain,1.0
8506,2014,Azerbaijan,Belgium,0.0
8507,2014,Azerbaijan,Germany,0.0
8508,2014,Azerbaijan,Honduras,0.0
8509,2014,Azerbaijan,Hungary,0.0
8510,2014,Azerbaijan,Kazakhstan,1.0
8511,2014,Azerbaijan,Kuwait,0.0
8512,2014,Azerbaijan,Liechtenstein,1.0
8513,2014,Azerbaijan,Malta,1.0
8514,2014,Azerbaijan,Moldova,0.0
8515,2014,Azerbaijan,North Macedonia,0.0
8516,2014,Azerbaijan,Turkey,1.0
8517,2014,Bahrain,Burkina Faso,0.0
8518,2014,Bahrain,Guinea,1.0
8519,2014,Bahrain,Hong Kong,1.0
8520,2014,Bahrain,India,1.0
8521,2014,Bahrain,Iraq,0.0
8522,2014,Bahrain,Jordan,1.0
8523,2014,Bahrain,Kuwait,0.0
8524,2014,Bahrain,Lebanon,0.5
8525,2014,Bahrain,Malaysia,1.0
8526,2014,Bahrain,North Korea,0.0
8527,2014,Bahrain,Oman,1.0
8528,2014,Bahrain,Palestine,0.0
8529,2014,Bahrain,Philippines,0.0
8530,2014,Bahrain,Qatar,1.0
8531,2014,Bahrain,Saudi Arabia,1.0
8532,2014,Bahrain,Sudan,1.0
8533,2014,Bahrain,Sweden,0.0
8534,2014,Bahrain,Syria,0.0
8535,2014,Bahrain,Togo,1.0
8536,2014,Bahrain,Uganda,0.0
8537,2014,Bahrain,Uzbekistan,0.0
8538,2014,Bahrain,Yemen,1.0
8539,2014,Bangladesh,India,0.0
8540,2014,Bangladesh,Myanmar,0.0
8541,2014,Bangladesh,Nepal,0.0
8542,2014,Bangladesh,Northern Mariana Islands,1.0
8543,2014,Bangladesh,Pakistan,0.0
8544,2014,Bangladesh,Philippines,0.0
8545,2014,Barbados,Dominica,0.0
8546,2014,Barbados,Guyana,0.0
8547,2014,Barbados,Saint Lucia,1.0
8548,2014,Basque Country,Bolivia,1.0
8549,2014,Basque Country,Peru,1.0
8550,2014,Basque Country,Tunisia,0.0
8551,2014,Basque Country,Venezuela,1.0
8552,2014,Belarus,Albania,0.5
8553,2014,Belarus,Bosnia and Herzegovina,0.0
8554,2014,Belarus,Bulgaria,1.0
8555,2014,Belarus,Canada,0.0
8556,2014,Belarus,France,0.0
8557,2014,Belarus,Honduras,0.0
8558,2014,Belarus,Japan,1.0
8559,2014,Belarus,Kazakhstan,0.0
8560,2014,Belarus,Kyrgyzstan,1.0
8561,2014,Belarus,Libya,0.0
8562,2014,Belarus,Lithuania,0.0
8563,2014,Belarus,Luxembourg,1.0
8564,2014,Belarus,Montenegro,0.0
8565,2014,Belarus,Poland,0.0
8566,2014,Belarus,Romania,0.0
8567,2014,Belarus,South Korea,1.0
8568,2014,Belarus,Sweden,0.0
8569,2014,Belgium,Algeria,1.0
8570,2014,Belgium,Austria,0.0
8571,2014,Belgium,Azerbaijan,1.0
8572,2014,Belgium,Bulgaria,1.0
8573,2014,Belgium,Colombia,0.0
8574,2014,Belgium,Croatia,0.0
8575,2014,Belgium,Finland,0.0
8576,2014,Belgium,France,0.0
8577,2014,Belgium,Germany,0.0
8578,2014,Belgium,Japan,0.0
8579,2014,Belgium,Kazakhstan,1.0
8580,2014,Belgium,Montenegro,0.0
8581,2014,Belgium,Netherlands,1.0
8582,2014,Belgium,Romania,1.0
8583,2014,Belgium,Russia,1.0
8584,2014,Belgium,Slovakia,1.0
8585,2014,Belgium,Turkey,0.0
8586,2014,Belgium,United States,1.0
8587,2014,Belize,Trinidad and Tobago,0.0
8588,2014,Benin,Burundi,0.0
8589,2014,Benin,Ethiopia,0.0
8590,2014,Benin,Ivory Coast,0.0
8591,2014,Benin,Libya,1.0
8592,2014,Benin,Niger,0.0
8593,2014,Benin,Rwanda,0.0
8594,2014,Bhutan,Afghanistan,0.0
8595,2014,Bhutan,Maldives,0.0
8596,2014,Bolivia,Brazil,0.0
8597,2014,Bolivia,Colombia,0.0
8598,2014,Bolivia,Costa Rica,0.0
8599,2014,Bolivia,Cuba,1.0
8600,2014,Bolivia,Guyana,1.0
8601,2014,Bolivia,Mexico,0.0
8602,2014,Bolivia,Panama,0.0
8603,2014,Bolivia,Paraguay,0.0
8604,2014,Bolivia,Peru,0.0
8605,2014,Bosnia and Herzegovina,Albania,1.0
8606,2014,Bosnia and Herzegovina,Belarus,1.0
8607,2014,Bosnia and Herzegovina,Brazil,0.0
8608,2014,Bosnia and Herzegovina,France,0.0
8609,2014,Bosnia and Herzegovina,Ghana,1.0
8610,2014,Bosnia and Herzegovina,Greece,0.0
8611,2014,Bosnia and Herzegovina,Iran,1.0
8612,2014,Bosnia and Herzegovina,Luxembourg,1.0
8613,2014,Bosnia and Herzegovina,Poland,0.0
8614,2014,Bosnia and Herzegovina,Portugal,0.0
8615,2014,Bosnia and Herzegovina,Qatar,0.0
8616,2014,Bosnia and Herzegovina,Romania,1.0
8617,2014,Bosnia and Herzegovina,United States,0.0
8618,2014,Botswana,Burkina Faso,1.0
8619,2014,Botswana,Chad,1.0
8620,2014,Botswana,Eswatini,0.5
8621,2014,Botswana,Guinea,0.0
8622,2014,Botswana,Kenya,1.0
8623,2014,Botswana,Lesotho,0.5
8624,2014,Botswana,Malawi,0.6666666666666666
8625,2014,Botswana,Mali,0.0
8626,2014,Botswana,Namibia,0.0
8627,2014,Botswana,Sweden,0.0
8628,2014,Botswana,Tanzania,0.0
8629,2014,Botswana,Togo,1.0
8630,2014,Botswana,Tunisia,1.0
8631,2014,Botswana,Uganda,0.0
8632,2014,Botswana,Zimbabwe,0.6666666666666666
8633,2014,Brazil,Argentina,0.0
8634,2014,Brazil,Australia,1.0
8635,2014,Brazil,Chile,0.3333333333333333
8636,2014,Brazil,China PR,1.0
8637,2014,Brazil,Colombia,0.5
8638,2014,Brazil,Croatia,1.0
8639,2014,Brazil,Ecuador,1.0
8640,2014,Brazil,Egypt,1.0
8641,2014,Brazil,England,0.0
8642,2014,Brazil,France,1.0
8643,2014,Brazil,Germany,0.0
8644,2014,Brazil,Ghana,1.0
8645,2014,Brazil,Iraq,1.0
8646,2014,Brazil,Mexico,0.0
8647,2014,Brazil,Netherlands,0.0
8648,2014,Brazil,Paraguay,0.0
8649,2014,Brazil,Portugal,1.0
8650,2014,Brazil,Romania,1.0
8651,2014,Brazil,Scotland,1.0
8652,2014,Brazil,South Africa,1.0
8653,2014,Brazil,Ukraine,1.0
8654,2014,Brazil,Venezuela,0.0
8655,2014,Brazil,Zambia,1.0
8656,2014,British Virgin Islands,Anguilla,1.0
8657,2014,Brittany,Equatorial Guinea,0.0
8658,2014,Brittany,Mali,1.0
8659,2014,Brunei,Laos,0.0
8660,2014,Brunei,Timor-Leste,1.0
8661,2014,Bulgaria,Cyprus,1.0
8662,2014,Bulgaria,England,0.0
8663,2014,Bulgaria,Montenegro,0.0
8664,2014,Bulgaria,Saudi Arabia,1.0
8665,2014,Bulgaria,Serbia,0.0
8666,2014,Bulgaria,Switzerland,0.0
8667,2014,Bulgaria,Turkey,0.0
8668,2014,Bulgaria,Ukraine,0.0
8669,2014,Bulgaria,Wales,0.0
8670,2014,Burkina Faso,Angola,0.0
8671,2014,Burkina Faso,Benin,0.0
8672,2014,Burkina Faso,Central African Republic,1.0
8673,2014,Burkina Faso,Congo,1.0
8674,2014,Burkina Faso,Equatorial Guinea,1.0
8675,2014,Burkina Faso,Ethiopia,1.0
8676,2014,Burkina Faso,Gabon,0.0
8677,2014,Burkina Faso,Gambia,1.0
8678,2014,Burkina Faso,Ghana,0.0
8679,2014,Burkina Faso,Guinea,1.0
8680,2014,Burkina Faso,Mali,0.0
8681,2014,Burkina Faso,Namibia,1.0
8682,2014,Burkina Faso,Togo,1.0
8683,2014,Burkina Faso,Zambia,0.0
8684,2014,Burundi,Benin,0.0
8685,2014,Burundi,Ivory Coast,0.0
8686,2014,Burundi,Rwanda,1.0
8687,2014,Burundi,Somalia,1.0
8688,2014,Burundi,Sudan,0.0
8689,2014,Burundi,Uganda,1.0
8690,2014,Burundi,Zanzibar,0.0
8691,2014,Burundi,Zimbabwe,1.0
8692,2014,Cambodia,Brunei,0.0
8693,2014,Cambodia,Guam,0.0
8694,2014,Cambodia,Kyrgyzstan,0.0
8695,2014,Cambodia,Macau,1.0
8696,2014,Cambodia,Philippines,0.0
8697,2014,Cambodia,Tajikistan,0.0
8698,2014,Cambodia,Timor-Leste,0.5
8699,2014,Cameroon,Brazil,0.0
8700,2014,Cameroon,Cape Verde,1.0
8701,2014,Cameroon,Croatia,0.0
8702,2014,Cameroon,DR Congo,0.0
8703,2014,Cameroon,Gabon,0.0
8704,2014,Cameroon,Guinea-Bissau,1.0
8705,2014,Cameroon,Mauritius,1.0
8706,2014,Cameroon,Senegal,0.0
8707,2014,Cameroon,Sudan,1.0
8708,2014,Cameroon,Tunisia,0.0
8709,2014,Cameroon,Zambia,1.0
8710,2014,Canada,Belarus,0.0
8711,2014,Canada,Costa Rica,0.0
8712,2014,Canada,Ecuador,0.0
8713,2014,Canada,Guadeloupe,1.0
8714,2014,Canada,Honduras,1.0
8715,2014,Canada,Martinique,0.0
8716,2014,Canada,Mauritania,0.0
8717,2014,Canada,Panama,0.0
8718,2014,Canada,Peru,0.0
8719,2014,Canada,Trinidad and Tobago,1.0
8720,2014,Canada,United States,0.0
8721,2014,Cape Verde,Angola,1.0
8722,2014,Cape Verde,Burkina Faso,1.0
8723,2014,Cape Verde,Cameroon,1.0
8724,2014,Cape Verde,Ghana,0.0
8725,2014,Cape Verde,Guinea-Bissau,1.0
8726,2014,Cape Verde,Liberia,1.0
8727,2014,Cape Verde,Madagascar,1.0
8728,2014,Cape Verde,Mali,1.0
8729,2014,Cape Verde,Nigeria,0.0
8730,2014,Cape Verde,Zimbabwe,1.0
8731,2014,Catalonia,Cape Verde,1.0
8732,2014,Catalonia,Honduras,1.0
8733,2014,Catalonia,Nigeria,0.0
8734,2014,Catalonia,Tunisia,0.0
8735,2014,Central African Republic,Algeria,1.0
8736,2014,Central African Republic,Burkina Faso,1.0
8737,2014,Central African Republic,Egypt,0.0
8738,2014,Central African Republic,Morocco,0.0
8739,2014,Central African Republic,Tanzania,1.0
8740,2014,Chad,Botswana,0.0
8741,2014,Chad,Libya,0.0
8742,2014,Chad,Malawi,0.5
8743,2014,Chad,Rwanda,0.0
8744,2014,Chad,Togo,0.0
8745,2014,Chad,Tunisia,0.0
8746,2014,Chagos Islands,Raetia,1.0
8747,2014,Chile,Australia,1.0
8748,2014,Chile,Egypt,1.0
8749,2014,Chile,Estonia,1.0
8750,2014,Chile,Ghana,0.0
8751,2014,Chile,Haiti,1.0
8752,2014,Chile,Iraq,1.0
8753,2014,Chile,Israel,1.0
8754,2014,Chile,Mexico,1.0
8755,2014,Chile,Northern Ireland,1.0
8756,2014,Chile,Panama,1.0
8757,2014,Chile,Paraguay,1.0
8758,2014,Chile,Peru,1.0
8759,2014,Chile,Trinidad and Tobago,1.0
8760,2014,Chile,Uruguay,1.0
8761,2014,Chile,Venezuela,0.0
8762,2014,Chile,Zambia,1.0
8763,2014,China PR,Bahrain,0.0
8764,2014,China PR,Estonia,1.0
8765,2014,China PR,Ghana,0.0
8766,2014,China PR,Honduras,1.0
8767,2014,China PR,Indonesia,1.0
8768,2014,China PR,Iran,0.0
8769,2014,China PR,Iraq,1.0
8770,2014,China PR,Jamaica,1.0
8771,2014,China PR,Kuwait,1.0
8772,2014,China PR,Latvia,1.0
8773,2014,China PR,Malaysia,1.0
8774,2014,China PR,Netherlands,0.0
8775,2014,China PR,New Zealand,0.0
8776,2014,China PR,North Korea,1.0
8777,2014,China PR,North Macedonia,1.0
8778,2014,China PR,Paraguay,0.0
8779,2014,China PR,Saudi Arabia,0.0
8780,2014,China PR,Singapore,1.0
8781,2014,China PR,South Korea,1.0
8782,2014,China PR,Syria,0.5
8783,2014,China PR,Tajikistan,1.0
8784,2014,China PR,Thailand,0.0
8785,2014,China PR,United Arab Emirates,1.0
8786,2014,China PR,Uruguay,0.0
8787,2014,China PR,Uzbekistan,0.3333333333333333
8788,2014,China PR,Vietnam,1.0
8789,2014,Colombia,Bolivia,1.0
8790,2014,Colombia,Cameroon,1.0
8791,2014,Colombia,Chile,0.0
8792,2014,Colombia,Costa Rica,1.0
8793,2014,Colombia,Ecuador,1.0
8794,2014,Colombia,Greece,1.0
8795,2014,Colombia,Ivory Coast,1.0
8796,2014,Colombia,Peru,0.0
8797,2014,Colombia,Senegal,1.0
8798,2014,Colombia,Serbia,1.0
8799,2014,Colombia,Uruguay,1.0
8800,2014,Comoros,Libya,0.0
8801,2014,Comoros,Mozambique,0.0
8802,2014,Comoros,Zambia,0.0
8803,2014,Congo,Eswatini,1.0
8804,2014,Congo,Ghana,0.0
8805,2014,Congo,Sudan,0.0
8806,2014,Congo,Uganda,1.0
8807,2014,Cook Islands,Fiji,0.0
8808,2014,Cook Islands,Kiribati,1.0
8809,2014,Corsica,Bulgaria,1.0
8810,2014,Costa Rica,Argentina,0.0
8811,2014,Costa Rica,Belize,1.0
8812,2014,Costa Rica,Brazil,0.0
8813,2014,Costa Rica,China PR,0.0
8814,2014,Costa Rica,Cuba,1.0
8815,2014,Costa Rica,Ecuador,0.0
8816,2014,Costa Rica,El Salvador,0.5
8817,2014,Costa Rica,England,0.0
8818,2014,Costa Rica,Greece,0.0
8819,2014,Costa Rica,Guatemala,1.0
8820,2014,Costa Rica,Honduras,0.0
8821,2014,Costa Rica,Peru,0.0
8822,2014,Costa Rica,Spain,0.0
8823,2014,Croatia,Czech Republic,1.0
8824,2014,Croatia,Estonia,1.0
8825,2014,Croatia,Georgia,1.0
8826,2014,Croatia,Greece,0.0
8827,2014,Croatia,Israel,1.0
8828,2014,Croatia,Latvia,1.0
8829,2014,Croatia,Malta,1.0
8830,2014,Croatia,Mexico,0.0
8831,2014,Croatia,Norway,1.0
8832,2014,Croatia,Portugal,0.0
8833,2014,Croatia,South Korea,1.0
8834,2014,Croatia,Spain,0.0
8835,2014,Croatia,Sweden,0.0
8836,2014,Croatia,Switzerland,0.0
8837,2014,Croatia,Turkey,0.0
8838,2014,Croatia,Wales,1.0
8839,2014,Cuba,Belize,1.0
8840,2014,Cuba,Costa Rica,0.0
8841,2014,Cuba,El Salvador,0.0
8842,2014,Cuba,Mexico,0.0
8843,2014,Cuba,Nicaragua,0.5
8844,2014,Cuba,Panama,0.0
8845,2014,Cyprus,Andorra,1.0
8846,2014,Cyprus,Bulgaria,0.0
8847,2014,Cyprus,Denmark,0.0
8848,2014,Cyprus,Finland,0.0
8849,2014,Cyprus,Iceland,0.0
8850,2014,Cyprus,Moldova,1.0
8851,2014,Cyprus,Norway,0.0
8852,2014,Cyprus,Portugal,0.0
8853,2014,Cyprus,Scotland,0.0
8854,2014,Cyprus,Serbia,0.0
8855,2014,Czech Republic,Canada,1.0
8856,2014,Czech Republic,Finland,0.0
8857,2014,Czech Republic,Hungary,0.0
8858,2014,Czech Republic,Israel,1.0
8859,2014,Czech Republic,Latvia,1.0
8860,2014,Czech Republic,Liechtenstein,1.0
8861,2014,Czech Republic,Lithuania,0.0
8862,2014,Czech Republic,Montenegro,1.0
8863,2014,Czech Republic,Portugal,0.0
8864,2014,Czech Republic,Scotland,1.0
8865,2014,Czech Republic,Slovakia,1.0
8866,2014,Czech Republic,Spain,0.0
8867,2014,Czech Republic,Ukraine,1.0
8868,2014,DR Congo,Burkina Faso,0.0
8869,2014,DR Congo,Cameroon,0.0
8870,2014,DR Congo,Equatorial Guinea,1.0
8871,2014,DR Congo,Gabon,0.0
8872,2014,DR Congo,Mali,0.0
8873,2014,DR Congo,Mauritius,1.0
8874,2014,DR Congo,Saudi Arabia,0.0
8875,2014,DR Congo,Senegal,0.0
8876,2014,DR Congo,Seychelles,1.0
8877,2014,Denmark,Australia,1.0
8878,2014,Denmark,Brazil,0.0
8879,2014,Denmark,Cyprus,1.0
8880,2014,Denmark,Czech Republic,0.0
8881,2014,Denmark,England,0.0
8882,2014,Denmark,Finland,1.0
8883,2014,Denmark,Georgia,1.0
8884,2014,Denmark,Germany,0.0
8885,2014,Denmark,Iceland,1.0
8886,2014,Denmark,Norway,1.0
8887,2014,Denmark,Portugal,0.5
8888,2014,Denmark,Russia,0.0
8889,2014,Denmark,Senegal,1.0
8890,2014,Denmark,Slovakia,0.0
8891,2014,Denmark,Sweden,1.0
8892,2014,Dominica,Saint Lucia,0.5
8893,2014,Dominican Republic,Costa Rica,0.0
8894,2014,Dominican Republic,Curaçao,1.0
8895,2014,Dominican Republic,Haiti,1.0
8896,2014,Ecuador,Chile,1.0
8897,2014,Ecuador,Costa Rica,1.0
8898,2014,Ecuador,El Salvador,1.0
8899,2014,Ecuador,France,0.0
8900,2014,Ecuador,Germany,0.0
8901,2014,Ecuador,Greece,0.0
8902,2014,Ecuador,Honduras,1.0
8903,2014,Ecuador,Jamaica,1.0
8904,2014,Ecuador,Peru,0.0
8905,2014,Ecuador,Poland,0.0
8906,2014,Ecuador,Spain,0.0
8907,2014,Ecuador,Venezuela,1.0
8908,2014,Egypt,Australia,1.0
8909,2014,Egypt,Benin,1.0
8910,2014,Egypt,Botswana,0.0
8911,2014,Egypt,Cameroon,1.0
8912,2014,Egypt,Central African Republic,0.0
8913,2014,Egypt,Chad,1.0
8914,2014,Egypt,Congo,1.0
8915,2014,Egypt,DR Congo,0.5
8916,2014,Egypt,Eswatini,1.0
8917,2014,Egypt,Iraq,0.0
8918,2014,Egypt,Kenya,1.0
8919,2014,Egypt,Mali,1.0
8920,2014,Egypt,Mauritania,1.0
8921,2014,Egypt,Mozambique,1.0
8922,2014,Egypt,Niger,1.0
8923,2014,Egypt,Nigeria,1.0
8924,2014,Egypt,Sierra Leone,0.0
8925,2014,Egypt,South Africa,0.0
8926,2014,Egypt,Togo,1.0
8927,2014,Egypt,Tunisia,0.0
8928,2014,Egypt,Uganda,1.0
8929,2014,Egypt,Zambia,1.0
8930,2014,El Salvador,Cuba,1.0
8931,2014,El Salvador,Estonia,0.0
8932,2014,El Salvador,Guatemala,0.3333333333333333
8933,2014,El Salvador,Haiti,1.0
8934,2014,El Salvador,Honduras,0.0
8935,2014,El Salvador,Jamaica,0.0
8936,2014,El Salvador,Moldova,1.0
8937,2014,El Salvador,New Zealand,0.0
8938,2014,El Salvador,Trinidad and Tobago,0.0
8939,2014,El Salvador,Venezuela,1.0
8940,2014,England,Belgium,1.0
8941,2014,England,Brazil,1.0
8942,2014,England,Bulgaria,1.0
8943,2014,England,Chile,0.0
8944,2014,England,Egypt,1.0
8945,2014,England,France,0.0
8946,2014,England,Germany,0.0
8947,2014,England,Ghana,0.0
8948,2014,England,Hungary,1.0
8949,2014,England,Italy,0.3333333333333333
8950,2014,England,Mexico,1.0
8951,2014,England,Montenegro,0.0
8952,2014,England,Netherlands,0.0
8953,2014,England,Republic of Ireland,0.0
8954,2014,England,Scotland,1.0
8955,2014,England,Spain,1.0
8956,2014,England,Sweden,1.0
8957,2014,England,Switzerland,0.0
8958,2014,England,Wales,1.0
8959,2014,Equatorial Guinea,Botswana,0.0
8960,2014,Equatorial Guinea,Cameroon,0.0
8961,2014,Equatorial Guinea,Central African Republic,1.0
8962,2014,Equatorial Guinea,DR Congo,1.0
8963,2014,Equatorial Guinea,Gambia,1.0
8964,2014,Equatorial Guinea,Guinea-Bissau,0.0
8965,2014,Equatorial Guinea,Ivory Coast,0.0
8966,2014,Equatorial Guinea,Liberia,1.0
8967,2014,Equatorial Guinea,Libya,0.5
8968,2014,Equatorial Guinea,Senegal,1.0
8969,2014,Equatorial Guinea,South Africa,0.0
8970,2014,Equatorial Guinea,Spain,0.0
8971,2014,Equatorial Guinea,Zambia,0.0
8972,2014,Eritrea,Rwanda,0.0
8973,2014,Eritrea,Sudan,0.0
8974,2014,Eritrea,Uganda,0.0
8975,2014,Estonia,Azerbaijan,1.0
8976,2014,Estonia,Basque Country,0.0
8977,2014,Estonia,Belarus,0.0
8978,2014,Estonia,Croatia,0.0
8979,2014,Estonia,Faroe Islands,1.0
8980,2014,Estonia,Finland,1.0
8981,2014,Estonia,Italy,0.0
8982,2014,Estonia,Kyrgyzstan,0.0
8983,2014,Estonia,Latvia,0.0
8984,2014,Estonia,Liechtenstein,0.0
8985,2014,Estonia,Northern Ireland,1.0
8986,2014,Estonia,Poland,1.0
8987,2014,Estonia,Republic of Ireland,0.0
8988,2014,Estonia,Serbia,0.0
8989,2014,Estonia,Slovenia,0.0
8990,2014,Estonia,Trinidad and Tobago,1.0
8991,2014,Estonia,Ukraine,0.0
8992,2014,Estonia,Uruguay,1.0
8993,2014,Estonia,Uzbekistan,0.0
8994,2014,Eswatini,Botswana,0.0
8995,2014,Eswatini,Burkina Faso,0.0
8996,2014,Eswatini,Congo,0.0
8997,2014,Eswatini,Ghana,0.0
8998,2014,Eswatini,Lesotho,0.0
8999,2014,Eswatini,Malawi,0.0
9000,2014,Eswatini,South Africa,0.0
9001,2014,Eswatini,Sudan,0.0
9002,2014,Eswatini,Zambia,0.0
9003,2014,Ethiopia,Benin,0.0
9004,2014,Ethiopia,Chad,1.0
9005,2014,Ethiopia,Guinea,0.0
9006,2014,Ethiopia,Kenya,0.3333333333333333
9007,2014,Ethiopia,Madagascar,1.0
9008,2014,Ethiopia,Malawi,0.0
9009,2014,Ethiopia,Niger,1.0
9010,2014,Ethiopia,Nigeria,0.0
9011,2014,Ethiopia,South Sudan,1.0
9012,2014,Ethiopia,Sudan,0.4
9013,2014,Ethiopia,Tanzania,1.0
9014,2014,Ethiopia,Uganda,0.0
9015,2014,Ethiopia,Zanzibar,1.0
9016,2014,Faroe Islands,Estonia,1.0
9017,2014,Faroe Islands,Italy,0.0
9018,2014,Faroe Islands,Northern Ireland,0.0
9019,2014,Faroe Islands,Serbia,0.0
9020,2014,Faroe Islands,Slovenia,0.0
9021,2014,Fiji,Kiribati,1.0
9022,2014,Fiji,New Zealand,0.0
9023,2014,Fiji,Samoa,1.0
9024,2014,Fiji,Tahiti,1.0
9025,2014,Fiji,Vanuatu,0.0
9026,2014,Finland,Belgium,1.0
9027,2014,Finland,Hungary,0.0
9028,2014,Finland,Moldova,1.0
9029,2014,Finland,Netherlands,0.0
9030,2014,Finland,San Marino,1.0
9031,2014,Finland,Slovenia,1.0
9032,2014,Finland,South Korea,0.0
9033,2014,Finland,Sweden,0.0
9034,2014,Finland,Turkey,1.0
9035,2014,France,Albania,1.0
9036,2014,France,Australia,1.0
9037,2014,France,Belarus,0.0
9038,2014,France,Belgium,0.0
9039,2014,France,Bosnia and Herzegovina,0.0
9040,2014,France,Brazil,1.0
9041,2014,France,Chile,0.0
9042,2014,France,China PR,0.0
9043,2014,France,Costa Rica,1.0
9044,2014,France,Croatia,0.0
9045,2014,France,England,0.0
9046,2014,France,Estonia,1.0
9047,2014,France,Germany,0.0
9048,2014,France,Honduras,1.0
9049,2014,France,Iceland,1.0
9050,2014,France,Japan,0.0
9051,2014,France,Luxembourg,1.0
9052,2014,France,Nigeria,1.0
9053,2014,France,Romania,1.0
9054,2014,France,Serbia,1.0
9055,2014,France,Spain,0.0
9056,2014,France,United States,1.0
9057,2014,France,Uruguay,0.0
9058,2014,French Guiana,Guyana,0.5
9059,2014,French Guiana,Haiti,0.0
9060,2014,French Guiana,Suriname,0.5
9061,2014,Gabon,Brazil,0.0
9062,2014,Gabon,Burkina Faso,0.0
9063,2014,Gabon,Cape Verde,0.0
9064,2014,Gabon,Equatorial Guinea,1.0
9065,2014,Gabon,Gambia,0.0
9066,2014,Gabon,Guinea,0.0
9067,2014,Gabon,Mali,0.0
9068,2014,Gabon,Morocco,1.0
9069,2014,Gabon,Mozambique,1.0
9070,2014,Gabon,Niger,1.0
9071,2014,Gabon,Portugal,0.0
9072,2014,Gabon,Saudi Arabia,1.0
9073,2014,Gabon,Senegal,0.0
9074,2014,Gabon,Sudan,0.0
9075,2014,Gabon,Togo,0.0
9076,2014,Gabon,Tunisia,0.3333333333333333
9077,2014,Gabon,Zambia,0.0
9078,2014,Galicia,Occitania,0.0
9079,2014,Gambia,Algeria,0.0
9080,2014,Gambia,Burkina Faso,0.0
9081,2014,Gambia,DR Congo,1.0
9082,2014,Gambia,Mauritania,0.0
9083,2014,Gambia,Namibia,1.0
9084,2014,Georgia,Albania,1.0
9085,2014,Georgia,Cameroon,0.0
9086,2014,Georgia,Croatia,1.0
9087,2014,Georgia,Egypt,0.0
9088,2014,Georgia,Estonia,1.0
9089,2014,Georgia,Greece,0.0
9090,2014,Georgia,Israel,0.0
9091,2014,Georgia,Latvia,0.0
9092,2014,Georgia,Malta,1.0
9093,2014,Georgia,Moldova,1.0
9094,2014,Georgia,Turkey,0.0
9095,2014,Germany,Algeria,1.0
9096,2014,Germany,Argentina,0.3333333333333333
9097,2014,Germany,Australia,0.0
9098,2014,Germany,Austria,1.0
9099,2014,Germany,Azerbaijan,1.0
9100,2014,Germany,Belgium,1.0
9101,2014,Germany,Bosnia and Herzegovina,1.0
9102,2014,Germany,Brazil,1.0
9103,2014,Germany,France,0.0
9104,2014,Germany,Ghana,0.0
9105,2014,Germany,Greece,1.0
9106,2014,Germany,Israel,1.0
9107,2014,Germany,Italy,0.0
9108,2014,Germany,Kazakhstan,1.0
9109,2014,Germany,Malta,1.0
9110,2014,Germany,Netherlands,1.0
9111,2014,Germany,Paraguay,0.0
9112,2014,Germany,Portugal,1.0
9113,2014,Germany,Turkey,1.0
9114,2014,Germany,Uruguay,1.0
9115,2014,Ghana,Botswana,1.0
9116,2014,Ghana,Cape Verde,1.0
9117,2014,Ghana,Congo,1.0
9118,2014,Ghana,DR Congo,0.0
9119,2014,Ghana,Egypt,0.5
9120,2014,Ghana,Eswatini,1.0
9121,2014,Ghana,Gabon,1.0
9122,2014,Ghana,Guinea,0.0
9123,2014,Ghana,Ivory Coast,0.5
9124,2014,Ghana,Latvia,1.0
9125,2014,Ghana,Malawi,0.5
9126,2014,Ghana,Mali,0.6666666666666666
9127,2014,Ghana,Nigeria,0.5
9128,2014,Ghana,Sudan,0.0
9129,2014,Ghana,Togo,1.0
9130,2014,Ghana,Tunisia,1.0
9131,2014,Ghana,United States,0.0
9132,2014,Gibraltar,Faroe Islands,1.0
9133,2014,Gibraltar,Slovakia,0.0
9134,2014,Gozo,Raetia,1.0
9135,2014,Greece,Belgium,0.0
9136,2014,Greece,Canada,1.0
9137,2014,Greece,Croatia,1.0
9138,2014,Greece,Czech Republic,0.0
9139,2014,Greece,Georgia,0.0
9140,2014,Greece,Israel,1.0
9141,2014,Greece,Ivory Coast,1.0
9142,2014,Greece,Latvia,1.0
9143,2014,Greece,Malta,1.0
9144,2014,Greece,North Korea,0.0
9145,2014,Greece,Paraguay,0.0
9146,2014,Greece,Poland,0.0
9147,2014,Greece,Romania,0.0
9148,2014,Greece,Russia,0.5
9149,2014,Greece,Senegal,0.0
9150,2014,Greece,Slovenia,0.0
9151,2014,Greece,Switzerland,0.0
9152,2014,Grenada,Antigua and Barbuda,0.0
9153,2014,Grenada,Guyana,0.0
9154,2014,Grenada,Honduras,0.0
9155,2014,Grenada,Martinique,0.0
9156,2014,Grenada,Saint Kitts and Nevis,0.0
9157,2014,Guadeloupe,Guyana,0.0
9158,2014,Guadeloupe,Martinique,0.0
9159,2014,Guadeloupe,Saint Kitts and Nevis,1.0
9160,2014,Guam,Australia,0.0
9161,2014,Guam,India,0.0
9162,2014,Guam,Macau,1.0
9163,2014,Guam,Northern Mariana Islands,1.0
9164,2014,Guam,Tuvalu,0.0
9165,2014,Guam,Vanuatu,0.0
9166,2014,Guatemala,Argentina,0.0
9167,2014,Guatemala,Belize,0.5
9168,2014,Guatemala,Bolivia,0.0
9169,2014,Guatemala,Costa Rica,1.0
9170,2014,Guatemala,Grenada,1.0
9171,2014,Guatemala,Guyana,1.0
9172,2014,Guatemala,Honduras,0.0
9173,2014,Guatemala,Nicaragua,1.0
9174,2014,Guatemala,Paraguay,0.0
9175,2014,Guatemala,Venezuela,0.0
9176,2014,Guinea,Burkina Faso,0.0
9177,2014,Guinea,Cameroon,0.0
9178,2014,Guinea,Ethiopia,1.0
9179,2014,Guinea,Madagascar,1.0
9180,2014,Guinea,Niger,1.0
9181,2014,Guinea,Nigeria,1.0
9182,2014,Guinea-Bissau,Angola,0.0
9183,2014,Guinea-Bissau,Cameroon,0.0
9184,2014,Guinea-Bissau,Gambia,1.0
9185,2014,Guinea-Bissau,Kenya,1.0
9186,2014,Guinea-Bissau,Uganda,0.0
9187,2014,Guyana,Barbados,1.0
9188,2014,Guyana,Guatemala,0.0
9189,2014,Guyana,India,1.0
9190,2014,Guyana,Trinidad and Tobago,0.0
9191,2014,Haiti,Honduras,0.0
9192,2014,Haiti,Spain,0.0
9193,2014,Honduras,Brazil,0.0
9194,2014,Honduras,Colombia,0.0
9195,2014,Honduras,Costa Rica,1.0
9196,2014,Honduras,Ecuador,0.0
9197,2014,Honduras,El Salvador,1.0
9198,2014,Honduras,Guatemala,0.0
9199,2014,Honduras,Israel,0.0
9200,2014,Honduras,Jamaica,0.5
9201,2014,Honduras,Mexico,0.0
9202,2014,Honduras,New Zealand,0.0
9203,2014,Honduras,Panama,1.0
9204,2014,Honduras,Paraguay,0.0
9205,2014,Honduras,Peru,0.0
9206,2014,Honduras,Serbia,1.0
9207,2014,Honduras,Switzerland,0.0
9208,2014,Honduras,Trinidad and Tobago,0.0
9209,2014,Honduras,Venezuela,0.5
9210,2014,Hong Kong,Australia,0.0
9211,2014,Hong Kong,China PR,0.0
9212,2014,Hong Kong,Guam,1.0
9213,2014,Hong Kong,Malaysia,0.0
9214,2014,Hong Kong,North Korea,0.0
9215,2014,Hong Kong,Paraguay,0.0
9216,2014,Hong Kong,Philippines,0.0
9217,2014,Hong Kong,Singapore,1.0
9218,2014,Hong Kong,Taiwan,1.0
9219,2014,Hong Kong,United Arab Emirates,0.0
9220,2014,Hong Kong,Uzbekistan,0.0
9221,2014,Hong Kong,Vietnam,0.5
9222,2014,Hong Kong,Yemen,0.0
9223,2014,Hungary,Belarus,0.0
9224,2014,Hungary,Bulgaria,0.0
9225,2014,Hungary,Czech Republic,0.0
9226,2014,Hungary,Finland,0.0
9227,2014,Hungary,Germany,0.0
9228,2014,Hungary,Iceland,1.0
9229,2014,Hungary,Israel,0.0
9230,2014,Hungary,Kuwait,1.0
9231,2014,Hungary,Liechtenstein,1.0
9232,2014,Hungary,Lithuania,1.0
9233,2014,Hungary,Moldova,1.0
9234,2014,Hungary,Netherlands,0.0
9235,2014,Hungary,Norway,0.0
9236,2014,Hungary,Republic of Ireland,0.0
9237,2014,Hungary,Russia,0.0
9238,2014,Hungary,San Marino,1.0
9239,2014,Hungary,Sweden,1.0
9240,2014,Iceland,Andorra,1.0
9241,2014,Iceland,Cyprus,1.0
9242,2014,Iceland,Denmark,0.0
9243,2014,Iceland,Faroe Islands,1.0
9244,2014,Iceland,Liechtenstein,0.0
9245,2014,Iceland,Norway,0.0
9246,2014,Iceland,Portugal,0.0
9247,2014,Iceland,Russia,0.0
9248,2014,India,Afghanistan,0.5
9249,2014,India,Australia,0.0
9250,2014,India,Azerbaijan,0.0
9251,2014,India,Bhutan,1.0
9252,2014,India,Hong Kong,0.0
9253,2014,India,Kuwait,0.0
9254,2014,India,Malaysia,0.5
9255,2014,India,Maldives,1.0
9256,2014,India,Namibia,1.0
9257,2014,India,Nepal,1.0
9258,2014,India,Pakistan,1.0
9259,2014,India,Palestine,0.0
9260,2014,India,Philippines,0.0
9261,2014,India,Sri Lanka,1.0
9262,2014,India,Taiwan,1.0
9263,2014,India,Tajikistan,0.0
9264,2014,India,Thailand,0.0
9265,2014,India,Vietnam,1.0
9266,2014,India,Yemen,0.0
9267,2014,India,Zambia,0.0
9268,2014,Indonesia,Cameroon,0.0
9269,2014,Indonesia,China PR,0.0
9270,2014,Indonesia,Iraq,0.0
9271,2014,Indonesia,Kyrgyzstan,1.0
9272,2014,Indonesia,Laos,0.5
9273,2014,Indonesia,Malaysia,1.0
9274,2014,Indonesia,Maldives,1.0
9275,2014,Indonesia,Netherlands,0.0
9276,2014,Indonesia,North Korea,0.0
9277,2014,Indonesia,Oman,0.0
9278,2014,Indonesia,Palestine,1.0
9279,2014,Indonesia,Philippines,1.0
9280,2014,Indonesia,Saudi Arabia,0.0
9281,2014,Indonesia,Singapore,1.0
9282,2014,Indonesia,Taiwan,1.0
9283,2014,Indonesia,Thailand,1.0
9284,2014,Indonesia,Timor-Leste,1.0
9285,2014,Indonesia,Uruguay,0.0
9286,2014,Iran,Angola,1.0
9287,2014,Iran,Bahrain,0.5
9288,2014,Iran,Brazil,0.0
9289,2014,Iran,Iraq,1.0
9290,2014,Iran,Jordan,0.0
9291,2014,Iran,Kuwait,0.0
9292,2014,Iran,Lebanon,1.0
9293,2014,Iran,Madagascar,1.0
9294,2014,Iran,Mauritania,1.0
9295,2014,Iran,Mozambique,1.0
9296,2014,Iran,Nigeria,0.0
9297,2014,Iran,North Korea,1.0
9298,2014,Iran,Palestine,1.0
9299,2014,Iran,Russia,1.0
9300,2014,Iran,Saudi Arabia,0.0
9301,2014,Iran,South Korea,0.0
9302,2014,Iran,Tajikistan,1.0
9303,2014,Iran,Thailand,1.0
9304,2014,Iran,Tunisia,0.0
9305,2014,Iran,Yemen,1.0
9306,2014,Iraq,Botswana,0.0
9307,2014,Iraq,China PR,0.0
9308,2014,Iraq,India,1.0
9309,2014,Iraq,Indonesia,1.0
9310,2014,Iraq,Iran,0.0
9311,2014,Iraq,Jordan,1.0
9312,2014,Iraq,Kuwait,0.0
9313,2014,Iraq,Lebanon,1.0
9314,2014,Iraq,Liberia,0.0
9315,2014,Iraq,North Korea,1.0
9316,2014,Iraq,Oman,0.5
9317,2014,Iraq,Saudi Arabia,0.0
9318,2014,Iraq,Sierra Leone,1.0
9319,2014,Iraq,Syria,0.2
9320,2014,Iraq,Tunisia,0.0
9321,2014,Iraq,Yemen,1.0
9322,2014,Israel,Belarus,0.0
9323,2014,Israel,Croatia,0.0
9324,2014,Israel,Finland,1.0
9325,2014,Israel,Georgia,1.0
9326,2014,Israel,Greece,0.0
9327,2014,Israel,Iceland,1.0
9328,2014,Israel,Ivory Coast,0.0
9329,2014,Israel,Latvia,1.0
9330,2014,Israel,Malta,1.0
9331,2014,Israel,Serbia,0.0
9332,2014,Israel,Ukraine,0.0
9333,2014,Italy,Argentina,0.0
9334,2014,Italy,Brazil,0.0
9335,2014,Italy,Cameroon,0.0
9336,2014,Italy,Costa Rica,0.0
9337,2014,Italy,Croatia,0.0
9338,2014,Italy,Estonia,1.0
9339,2014,Italy,Faroe Islands,1.0
9340,2014,Italy,France,0.0
9341,2014,Italy,Germany,0.0
9342,2014,Italy,Haiti,0.0
9343,2014,Italy,Ivory Coast,0.0
9344,2014,Italy,Mexico,0.0
9345,2014,Italy,Nigeria,0.0
9346,2014,Italy,Northern Ireland,1.0
9347,2014,Italy,Republic of Ireland,0.5
9348,2014,Italy,Romania,0.0
9349,2014,Italy,Russia,0.0
9350,2014,Italy,San Marino,1.0
9351,2014,Italy,Serbia,1.0
9352,2014,Italy,Slovenia,1.0
9353,2014,Italy,Spain,1.0
9354,2014,Italy,United States,0.0
9355,2014,Italy,Uruguay,0.0
9356,2014,Ivory Coast,Algeria,0.0
9357,2014,Ivory Coast,Angola,1.0
9358,2014,Ivory Coast,Benin,1.0
9359,2014,Ivory Coast,Burkina Faso,0.5
9360,2014,Ivory Coast,Burundi,1.0
9361,2014,Ivory Coast,Egypt,1.0
9362,2014,Ivory Coast,Ghana,1.0
9363,2014,Ivory Coast,Guinea,0.0
9364,2014,Ivory Coast,Japan,1.0
9365,2014,Ivory Coast,Libya,1.0
9366,2014,Ivory Coast,Nigeria,0.0
9367,2014,Ivory Coast,Rwanda,1.0
9368,2014,Ivory Coast,Senegal,1.0
9369,2014,Ivory Coast,South Korea,0.0
9370,2014,Ivory Coast,Sudan,1.0
9371,2014,Ivory Coast,Togo,1.0
9372,2014,Ivory Coast,Tunisia,1.0
9373,2014,Jamaica,Canada,1.0
9374,2014,Jamaica,Colombia,0.0
9375,2014,Jamaica,Costa Rica,0.3333333333333333
9376,2014,Jamaica,Cuba,1.0
9377,2014,Jamaica,Grenada,1.0
9378,2014,Jamaica,Guatemala,1.0
9379,2014,Jamaica,Guyana,1.0
9380,2014,Jamaica,Panama,0.0
9381,2014,Jamaica,Peru,0.0
9382,2014,Jamaica,Trinidad and Tobago,0.5
9383,2014,Jamaica,Venezuela,0.0
9384,2014,Japan,Argentina,1.0
9385,2014,Japan,Australia,1.0
9386,2014,Japan,Azerbaijan,1.0
9387,2014,Japan,Bahrain,1.0
9388,2014,Japan,Brazil,0.0
9389,2014,Japan,Canada,1.0
9390,2014,Japan,China PR,0.0
9391,2014,Japan,Colombia,0.0
9392,2014,Japan,England,0.0
9393,2014,Japan,Ghana,1.0
9394,2014,Japan,Greece,0.0
9395,2014,Japan,Guatemala,1.0
9396,2014,Japan,Hong Kong,1.0
9397,2014,Japan,Iceland,1.0
9398,2014,Japan,Ivory Coast,0.0
9399,2014,Japan,Jordan,0.0
9400,2014,Japan,Latvia,1.0
9401,2014,Japan,Paraguay,1.0
9402,2014,Japan,Serbia,0.0
9403,2014,Japan,South Korea,0.25
9404,2014,Japan,United Arab Emirates,1.0
9405,2014,Japan,Uruguay,0.0
9406,2014,Japan,Venezuela,0.0
9407,2014,Japan,Vietnam,1.0
9408,2014,Jordan,Azerbaijan,0.0
9409,2014,Jordan,Bahrain,1.0
9410,2014,Jordan,Belarus,1.0
9411,2014,Jordan,Cyprus,0.0
9412,2014,Jordan,Indonesia,1.0
9413,2014,Jordan,Iran,0.0
9414,2014,Jordan,Iraq,0.5
9415,2014,Jordan,Kuwait,0.0
9416,2014,Jordan,Lebanon,0.0
9417,2014,Jordan,Libya,1.0
9418,2014,Jordan,Nigeria,1.0
9419,2014,Jordan,North Korea,0.0
9420,2014,Jordan,Oman,0.0
9421,2014,Jordan,Saudi Arabia,0.5
9422,2014,Jordan,Sierra Leone,1.0
9423,2014,Jordan,Singapore,1.0
9424,2014,Jordan,Syria,0.3333333333333333
9425,2014,Jordan,Tunisia,0.0
9426,2014,Jordan,Uzbekistan,0.3333333333333333
9427,2014,Jordan,Yemen,1.0
9428,2014,Jordan,Zambia,1.0
9429,2014,Kazakhstan,Austria,0.0
9430,2014,Kazakhstan,Azerbaijan,1.0
9431,2014,Kazakhstan,Belgium,0.0
9432,2014,Kazakhstan,Bulgaria,0.0
9433,2014,Kazakhstan,Georgia,1.0
9434,2014,Kazakhstan,Germany,0.0
9435,2014,Kazakhstan,Kyrgyzstan,1.0
9436,2014,Kazakhstan,Moldova,0.0
9437,2014,Kazakhstan,Oman,1.0
9438,2014,Kazakhstan,Syria,0.0
9439,2014,Kazakhstan,Turkey,0.0
9440,2014,Kenya,Angola,1.0
9441,2014,Kenya,Botswana,0.5
9442,2014,Kenya,Cameroon,0.0
9443,2014,Kenya,Eswatini,1.0
9444,2014,Kenya,Ethiopia,0.5
9445,2014,Kenya,Guinea-Bissau,1.0
9446,2014,Kenya,Lesotho,0.0
9447,2014,Kenya,Libya,1.0
9448,2014,Kenya,Malawi,0.5
9449,2014,Kenya,Rwanda,1.0
9450,2014,Kenya,South Africa,0.0
9451,2014,Kenya,South Sudan,1.0
9452,2014,Kenya,Sudan,0.3333333333333333
9453,2014,Kenya,Tanzania,1.0
9454,2014,Kenya,Togo,1.0
9455,2014,Kenya,Uganda,0.0
9456,2014,Kenya,Zanzibar,1.0
9457,2014,Kiribati,Papua New Guinea,0.0
9458,2014,Kiribati,Tahiti,0.0
9459,2014,Kuwait,Australia,0.0
9460,2014,Kuwait,Bahrain,0.4
9461,2014,Kuwait,China PR,0.0
9462,2014,Kuwait,Iran,0.0
9463,2014,Kuwait,Iraq,1.0
9464,2014,Kuwait,Lebanon,0.5
9465,2014,Kuwait,Malaysia,1.0
9466,2014,Kuwait,North Korea,0.5
9467,2014,Kuwait,Oman,0.0
9468,2014,Kuwait,Palestine,1.0
9469,2014,Kuwait,Philippines,1.0
9470,2014,Kuwait,Saudi Arabia,1.0
9471,2014,Kuwait,Syria,0.3333333333333333
9472,2014,Kuwait,Thailand,1.0
9473,2014,Kuwait,Uzbekistan,1.0
9474,2014,Kuwait,Vietnam,1.0
9475,2014,Kuwait,Yemen,0.0
9476,2014,Kuwait,Zambia,1.0
9477,2014,Kyrgyzstan,Azerbaijan,0.0
9478,2014,Kyrgyzstan,Macau,1.0
9479,2014,Kyrgyzstan,North Korea,0.0
9480,2014,Kyrgyzstan,Pakistan,1.0
9481,2014,Kyrgyzstan,Tajikistan,0.5
9482,2014,Laos,Afghanistan,0.0
9483,2014,Laos,Cambodia,0.5
9484,2014,Laos,Mongolia,0.0
9485,2014,Laos,Philippines,0.5
9486,2014,Laos,Singapore,0.0
9487,2014,Laos,Sri Lanka,1.0
9488,2014,Laos,Taiwan,0.0
9489,2014,Laos,Timor-Leste,1.0
9490,2014,Latvia,Bolivia,1.0
9491,2014,Latvia,Croatia,0.0
9492,2014,Latvia,Finland,0.0
9493,2014,Latvia,Georgia,0.0
9494,2014,Latvia,Greece,0.0
9495,2014,Latvia,Israel,0.0
9496,2014,Latvia,Kazakhstan,0.0
9497,2014,Latvia,Malta,1.0
9498,2014,Latvia,Poland,0.0
9499,2014,Latvia,South Korea,0.0
9500,2014,Lebanon,Australia,0.0
9501,2014,Lebanon,Egypt,0.0
9502,2014,Lebanon,Gabon,0.0
9503,2014,Lebanon,Iran,0.0
9504,2014,Lebanon,Iraq,0.5
9505,2014,Lebanon,Jordan,0.0
9506,2014,Lebanon,Kuwait,0.0
9507,2014,Lebanon,Oman,0.0
9508,2014,Lebanon,Palestine,0.0
9509,2014,Lebanon,Syria,0.5
9510,2014,Lebanon,Thailand,1.0
9511,2014,Lebanon,Vietnam,0.0
9512,2014,Lebanon,Yemen,1.0
9513,2014,Lesotho,Botswana,0.0
9514,2014,Lesotho,DR Congo,0.0
9515,2014,Lesotho,Eswatini,0.4
9516,2014,Lesotho,South Africa,0.0
9517,2014,Lesotho,São Tomé and Príncipe,0.0
9518,2014,Liberia,Angola,0.0
9519,2014,Liberia,Cape Verde,1.0
9520,2014,Liberia,Gambia,1.0
9521,2014,Liberia,Ghana,1.0
9522,2014,Liberia,Malawi,1.0
9523,2014,Liberia,Mali,0.0
9524,2014,Liberia,Namibia,1.0
9525,2014,Liberia,Niger,0.0
9526,2014,Liberia,Nigeria,0.0
9527,2014,Liberia,Zimbabwe,0.0
9528,2014,Libya,Algeria,0.0
9529,2014,Libya,Benin,1.0
9530,2014,Libya,Burkina Faso,1.0
9531,2014,Libya,Central African Republic,0.0
9532,2014,Libya,Comoros,1.0
9533,2014,Libya,Ghana,1.0
9534,2014,Libya,Mali,1.0
9535,2014,Libya,Mauritania,1.0
9536,2014,Libya,Mozambique,1.0
9537,2014,Libya,Niger,0.0
9538,2014,Libya,Rwanda,1.0
9539,2014,Libya,Senegal,1.0
9540,2014,Libya,Sudan,1.0
9541,2014,Libya,Uganda,1.0
9542,2014,Libya,Zambia,0.5
9543,2014,Liechtenstein,Andorra,1.0
9544,2014,Liechtenstein,Croatia,0.0
9545,2014,Liechtenstein,Czech Republic,0.0
9546,2014,Liechtenstein,Estonia,0.0
9547,2014,Liechtenstein,Lithuania,1.0
9548,2014,Liechtenstein,Malta,0.0
9549,2014,Liechtenstein,Scotland,0.0
9550,2014,Liechtenstein,Spain,0.0
9551,2014,Liechtenstein,Switzerland,0.0
9552,2014,Lithuania,Armenia,1.0
9553,2014,Lithuania,Belarus,0.0
9554,2014,Lithuania,Czech Republic,0.0
9555,2014,Lithuania,Liechtenstein,0.0
9556,2014,Lithuania,Poland,1.0
9557,2014,Lithuania,Russia,0.0
9558,2014,Lithuania,Scotland,0.0
9559,2014,Lithuania,Spain,0.0
9560,2014,Luxembourg,Albania,1.0
9561,2014,Luxembourg,Algeria,0.0
9562,2014,Luxembourg,Azerbaijan,0.0
9563,2014,Luxembourg,Belarus,0.0
9564,2014,Luxembourg,Bosnia and Herzegovina,0.0
9565,2014,Luxembourg,Faroe Islands,0.0
9566,2014,Luxembourg,Finland,0.0
9567,2014,Luxembourg,France,0.0
9568,2014,Luxembourg,Georgia,0.0
9569,2014,Luxembourg,Hungary,0.0
9570,2014,Luxembourg,Lithuania,1.0
9571,2014,Luxembourg,Malta,0.0
9572,2014,Luxembourg,Montenegro,0.0
9573,2014,Luxembourg,North Macedonia,1.0
9574,2014,Luxembourg,Romania,0.0
9575,2014,Luxembourg,Scotland,0.0
9576,2014,Luxembourg,Slovakia,1.0
9577,2014,Luxembourg,Switzerland,0.0
9578,2014,Macau,Cambodia,1.0
9579,2014,Macau,Guam,0.0
9580,2014,Macau,Tajikistan,0.0
9581,2014,Madagascar,Cape Verde,0.0
9582,2014,Madagascar,Comoros,1.0
9583,2014,Madagascar,Ethiopia,0.0
9584,2014,Madagascar,Guinea,0.0
9585,2014,Madagascar,Mayotte,0.0
9586,2014,Madagascar,Nigeria,0.0
9587,2014,Madrid,Andalusia,0.0
9588,2014,Malawi,Algeria,1.0
9589,2014,Malawi,Angola,0.0
9590,2014,Malawi,Botswana,0.0
9591,2014,Malawi,Chad,1.0
9592,2014,Malawi,Eritrea,1.0
9593,2014,Malawi,Ghana,0.0
9594,2014,Malawi,Kenya,1.0
9595,2014,Malawi,Namibia,0.0
9596,2014,Malawi,Rwanda,1.0
9597,2014,Malawi,Sudan,0.0
9598,2014,Malawi,Togo,1.0
9599,2014,Malawi,Tunisia,0.0
9600,2014,Malawi,Uganda,0.0
9601,2014,Malawi,Zambia,1.0
9602,2014,Malawi,Zanzibar,1.0
9603,2014,Malawi,Zimbabwe,0.0
9604,2014,Malaysia,Bahrain,0.0
9605,2014,Malaysia,Bangladesh,0.0
9606,2014,Malaysia,Hong Kong,0.5
9607,2014,Malaysia,Indonesia,1.0
9608,2014,Malaysia,Laos,1.0
9609,2014,Malaysia,Myanmar,1.0
9610,2014,Malaysia,Palestine,0.0
9611,2014,Malaysia,Philippines,0.0
9612,2014,Malaysia,Qatar,0.0
9613,2014,Malaysia,Saudi Arabia,0.0
9614,2014,Malaysia,Singapore,0.5
9615,2014,Malaysia,Sri Lanka,1.0
9616,2014,Malaysia,Thailand,0.0
9617,2014,Malaysia,Vietnam,0.5
9618,2014,Malaysia,Yemen,1.0
9619,2014,Maldives,Bangladesh,1.0
9620,2014,Maldives,Cambodia,1.0
9621,2014,Maldives,India,0.0
9622,2014,Maldives,Kyrgyzstan,1.0
9623,2014,Maldives,Nepal,0.0
9624,2014,Maldives,Pakistan,0.3333333333333333
9625,2014,Maldives,Palestine,0.0
9626,2014,Maldives,Seychelles,1.0
9627,2014,Maldives,Sri Lanka,1.0
9628,2014,Maldives,Tajikistan,0.0
9629,2014,Mali,Algeria,0.0
9630,2014,Mali,Botswana,1.0
9631,2014,Mali,Cape Verde,1.0
9632,2014,Mali,DR Congo,1.0
9633,2014,Mali,Ghana,1.0
9634,2014,Mali,Guinea,0.5
9635,2014,Mali,Ivory Coast,0.0
9636,2014,Mali,Liberia,1.0
9637,2014,Mali,Malawi,1.0
9638,2014,Mali,Niger,1.0
9639,2014,Mali,Nigeria,0.0
9640,2014,Mali,Zimbabwe,1.0
9641,2014,Malta,Central African Republic,1.0
9642,2014,Malta,Croatia,0.0
9643,2014,Malta,Faroe Islands,1.0
9644,2014,Malta,Finland,0.0
9645,2014,Malta,Georgia,0.0
9646,2014,Malta,Greece,0.0
9647,2014,Malta,Israel,0.0
9648,2014,Malta,Latvia,0.0
9649,2014,Malta,Liechtenstein,1.0
9650,2014,Malta,North Macedonia,0.0
9651,2014,Malta,Northern Ireland,0.0
9652,2014,Malta,Switzerland,0.0
9653,2014,Martinique,Guadeloupe,0.0
9654,2014,Martinique,Guyana,0.0
9655,2014,Martinique,Haiti,0.0
9656,2014,Martinique,Mexico,0.0
9657,2014,Mauritania,Palestine,0.0
9658,2014,Mauritius,Cameroon,0.0
9659,2014,Mauritius,DR Congo,0.0
9660,2014,Mauritius,Senegal,0.0
9661,2014,Mauritius,Seychelles,1.0
9662,2014,Mexico,Angola,1.0
9663,2014,Mexico,Bolivia,1.0
9664,2014,Mexico,Bosnia and Herzegovina,1.0
9665,2014,Mexico,Brazil,0.5
9666,2014,Mexico,Cameroon,1.0
9667,2014,Mexico,Canada,1.0
9668,2014,Mexico,Chile,1.0
9669,2014,Mexico,Colombia,0.5
9670,2014,Mexico,Costa Rica,1.0
9671,2014,Mexico,Ecuador,0.0
9672,2014,Mexico,El Salvador,1.0
9673,2014,Mexico,Gambia,1.0
9674,2014,Mexico,Guatemala,1.0
9675,2014,Mexico,Iceland,0.0
9676,2014,Mexico,Ivory Coast,1.0
9677,2014,Mexico,New Zealand,1.0
9678,2014,Mexico,Nigeria,0.0
9679,2014,Mexico,North Korea,1.0
9680,2014,Mexico,Panama,0.0
9681,2014,Mexico,Paraguay,1.0
9682,2014,Mexico,Peru,0.0
9683,2014,Mexico,Senegal,1.0
9684,2014,Mexico,Serbia,1.0
9685,2014,Mexico,Spain,0.0
9686,2014,Mexico,Trinidad and Tobago,1.0
9687,2014,Mexico,United States,0.0
9688,2014,Mexico,Venezuela,0.25
9689,2014,Mexico,Wales,1.0
9690,2014,Moldova,Andorra,0.0
9691,2014,Moldova,Belarus,0.0
9692,2014,Moldova,Finland,1.0
9693,2014,Moldova,Georgia,0.0
9694,2014,Moldova,Hungary,0.0
9695,2014,Moldova,Kazakhstan,0.0
9696,2014,Moldova,Kyrgyzstan,1.0
9697,2014,Moldova,Lithuania,0.0
9698,2014,Moldova,Netherlands,0.0
9699,2014,Moldova,Poland,0.0
9700,2014,Moldova,San Marino,1.0
9701,2014,Moldova,Sweden,0.0
9702,2014,Moldova,United Arab Emirates,0.0
9703,2014,Monaco,Raetia,0.0
9704,2014,Monaco,Vatican City,1.0
9705,2014,Mongolia,Afghanistan,0.0
9706,2014,Mongolia,Philippines,1.0
9707,2014,Montenegro,Albania,0.0
9708,2014,Montenegro,Azerbaijan,1.0
9709,2014,Montenegro,Bulgaria,0.0
9710,2014,Montenegro,Czech Republic,0.0
9711,2014,Montenegro,England,0.0
9712,2014,Montenegro,Iceland,1.0
9713,2014,Montenegro,Latvia,1.0
9714,2014,Montenegro,Northern Ireland,1.0
9715,2014,Montenegro,Switzerland,1.0
9716,2014,Montenegro,Uzbekistan,1.0
9717,2014,Montenegro,Wales,1.0
9718,2014,Morocco,Algeria,1.0
9719,2014,Morocco,Burkina Faso,0.5
9720,2014,Morocco,Cameroon,0.0
9721,2014,Morocco,Cape Verde,0.0
9722,2014,Morocco,Central African Republic,0.0
9723,2014,Morocco,Equatorial Guinea,1.0
9724,2014,Morocco,Guinea,0.0
9725,2014,Morocco,Mozambique,1.0
9726,2014,Morocco,Niger,1.0
9727,2014,Morocco,Senegal,0.0
9728,2014,Morocco,South Africa,0.0
9729,2014,Morocco,Tanzania,1.0
9730,2014,Morocco,Togo,0.0
9731,2014,Morocco,Tunisia,0.0
9732,2014,Morocco,Uganda,0.0
9733,2014,Mozambique,Benin,0.0
9734,2014,Mozambique,Botswana,0.0
9735,2014,Mozambique,Comoros,1.0
9736,2014,Mozambique,Eswatini,1.0
9737,2014,Mozambique,Libya,0.0
9738,2014,Mozambique,Morocco,1.0
9739,2014,Mozambique,Namibia,0.0
9740,2014,Mozambique,Portugal,0.0
9741,2014,Mozambique,Tanzania,0.5
9742,2014,Mozambique,Zambia,0.0
9743,2014,Mozambique,Zimbabwe,0.0
9744,2014,Myanmar,Bangladesh,0.0
9745,2014,Myanmar,Brunei,1.0
9746,2014,Myanmar,Cambodia,1.0
9747,2014,Myanmar,Guam,1.0
9748,2014,Myanmar,Hong Kong,0.0
9749,2014,Myanmar,India,1.0
9750,2014,Myanmar,Laos,0.0
9751,2014,Myanmar,Palestine,0.0
9752,2014,Myanmar,Philippines,0.0
9753,2014,Myanmar,Singapore,0.0
9754,2014,Myanmar,Timor-Leste,1.0
9755,2014,Namibia,Botswana,0.0
9756,2014,Namibia,Burkina Faso,0.0
9757,2014,Namibia,Gambia,1.0
9758,2014,Namibia,Lesotho,0.0
9759,2014,Namibia,Liberia,0.0
9760,2014,Namibia,Malawi,0.0
9761,2014,Namibia,Mauritius,1.0
9762,2014,Namibia,Morocco,0.0
9763,2014,Namibia,Mozambique,0.0
9764,2014,Namibia,Rwanda,0.0
9765,2014,Namibia,Seychelles,1.0
9766,2014,Namibia,Zambia,0.0
9767,2014,Nepal,Afghanistan,0.5
9768,2014,Nepal,Bangladesh,0.3333333333333333
9769,2014,Nepal,Bhutan,1.0
9770,2014,Nepal,India,1.0
9771,2014,Nepal,Maldives,0.0
9772,2014,Nepal,North Korea,0.0
9773,2014,Nepal,Northern Mariana Islands,1.0
9774,2014,Nepal,Pakistan,0.0
9775,2014,Nepal,Palestine,0.0
9776,2014,Nepal,Sri Lanka,0.0
9777,2014,Nepal,Turkmenistan,0.0
9778,2014,Netherlands,Argentina,0.0
9779,2014,Netherlands,Austria,1.0
9780,2014,Netherlands,Bulgaria,0.0
9781,2014,Netherlands,Chile,1.0
9782,2014,Netherlands,Colombia,0.0
9783,2014,Netherlands,Costa Rica,0.0
9784,2014,Netherlands,Denmark,0.0
9785,2014,Netherlands,Finland,1.0
9786,2014,Netherlands,Germany,0.0
9787,2014,Netherlands,Ghana,1.0
9788,2014,Netherlands,Hungary,1.0
9789,2014,Netherlands,Italy,0.0
9790,2014,Netherlands,Japan,0.0
9791,2014,Netherlands,Mexico,1.0
9792,2014,Netherlands,Moldova,1.0
9793,2014,Netherlands,Northern Ireland,1.0
9794,2014,Netherlands,San Marino,1.0
9795,2014,Netherlands,Slovakia,1.0
9796,2014,Netherlands,Sweden,1.0
9797,2014,Netherlands,Switzerland,0.0
9798,2014,Netherlands,Turkey,1.0
9799,2014,Netherlands,United States,1.0
9800,2014,New Caledonia,American Samoa,1.0
9801,2014,New Caledonia,Guam,1.0
9802,2014,New Caledonia,Réunion,0.0
9803,2014,New Caledonia,Samoa,1.0
9804,2014,New Caledonia,Solomon Islands,0.5
9805,2014,New Caledonia,Tahiti,1.0
9806,2014,New Caledonia,Tuvalu,1.0
9807,2014,New Caledonia,Vanuatu,1.0
9808,2014,New Zealand,Honduras,0.0
9809,2014,New Zealand,Jamaica,0.0
9810,2014,New Zealand,New Caledonia,0.0
9811,2014,New Zealand,Paraguay,0.0
9812,2014,New Zealand,Serbia,1.0
9813,2014,Nicaragua,Puerto Rico,1.0
9814,2014,Niger,Benin,1.0
9815,2014,Niger,Botswana,0.0
9816,2014,Niger,Chad,0.0
9817,2014,Niger,DR Congo,0.0
9818,2014,Niger,Egypt,1.0
9819,2014,Niger,Ghana,0.0
9820,2014,Niger,Guinea,1.0
9821,2014,Niger,Morocco,0.0
9822,2014,Niger,Nigeria,0.0
9823,2014,Niger,Senegal,0.0
9824,2014,Niger,Sierra Leone,1.0
9825,2014,Niger,South Africa,1.0
9826,2014,Niger,Togo,0.5
9827,2014,Niger,Tunisia,0.0
9828,2014,Nigeria,Algeria,1.0
9829,2014,Nigeria,Angola,0.0
9830,2014,Nigeria,Argentina,0.5
9831,2014,Nigeria,Benin,1.0
9832,2014,Nigeria,Bosnia and Herzegovina,1.0
9833,2014,Nigeria,Botswana,0.0
9834,2014,Nigeria,Burkina Faso,0.6666666666666666
9835,2014,Nigeria,Colombia,0.0
9836,2014,Nigeria,DR Congo,1.0
9837,2014,Nigeria,Ethiopia,1.0
9838,2014,Nigeria,Guinea,0.0
9839,2014,Nigeria,Kenya,1.0
9840,2014,Nigeria,Liberia,1.0
9841,2014,Nigeria,Madagascar,1.0
9842,2014,Nigeria,Mozambique,1.0
9843,2014,Nigeria,North Korea,1.0
9844,2014,Nigeria,Rwanda,1.0
9845,2014,Nigeria,Saudi Arabia,0.0
9846,2014,Nigeria,Sierra Leone,1.0
9847,2014,Nigeria,Zambia,1.0
9848,2014,North Korea,Afghanistan,1.0
9849,2014,North Korea,Australia,0.0
9850,2014,North Korea,Guam,1.0
9851,2014,North Korea,India,1.0
9852,2014,North Korea,Iraq,1.0
9853,2014,North Korea,Kuwait,0.0
9854,2014,North Korea,Laos,1.0
9855,2014,North Korea,Myanmar,1.0
9856,2014,North Korea,Palestine,1.0
9857,2014,North Korea,Philippines,1.0
9858,2014,North Korea,Sri Lanka,1.0
9859,2014,North Korea,Turkmenistan,0.0
9860,2014,North Korea,United Arab Emirates,0.0
9861,2014,North Macedonia,Albania,0.0
9862,2014,North Macedonia,Andorra,1.0
9863,2014,North Macedonia,Armenia,0.0
9864,2014,North Macedonia,Bulgaria,1.0
9865,2014,North Macedonia,Cameroon,0.0
9866,2014,North Macedonia,Denmark,1.0
9867,2014,North Macedonia,Lithuania,1.0
9868,2014,North Macedonia,Montenegro,1.0
9869,2014,North Macedonia,Poland,0.0
9870,2014,North Macedonia,Republic of Ireland,0.0
9871,2014,North Macedonia,Russia,0.0
9872,2014,North Macedonia,Slovakia,0.0
9873,2014,North Macedonia,Slovenia,1.0
9874,2014,Northern Ireland,Estonia,0.0
9875,2014,Northern Ireland,Faroe Islands,1.0
9876,2014,Northern Ireland,Finland,0.0
9877,2014,Northern Ireland,Italy,0.0
9878,2014,Northern Ireland,Morocco,0.0
9879,2014,Northern Ireland,Norway,0.0
9880,2014,Northern Ireland,Serbia,0.0
9881,2014,Northern Ireland,Slovenia,0.0
9882,2014,Northern Ireland,Turkey,0.0
9883,2014,Northern Mariana Islands,Guam,0.0
9884,2014,Northern Mariana Islands,Macau,0.0
9885,2014,Northern Mariana Islands,Palestine,0.0
9886,2014,Norway,Croatia,0.0
9887,2014,Norway,Cyprus,1.0
9888,2014,Norway,Czech Republic,1.0
9889,2014,Norway,Denmark,0.0
9890,2014,Norway,England,0.0
9891,2014,Norway,France,1.0
9892,2014,Norway,Greece,0.0
9893,2014,Norway,Iceland,1.0
9894,2014,Norway,Lithuania,1.0
9895,2014,Norway,Montenegro,1.0
9896,2014,Norway,North Macedonia,1.0
9897,2014,Norway,Poland,0.0
9898,2014,Norway,Portugal,1.0
9899,2014,Norway,Scotland,0.0
9900,2014,Norway,Ukraine,0.0
9901,2014,Occitania,Cilento,1.0
9902,2014,Occitania,Monaco,1.0
9903,2014,Occitania,Romani people,1.0
9904,2014,Occitania,Sápmi,1.0
9905,2014,Oman,Bahrain,0.3333333333333333
9906,2014,Oman,Belarus,0.0
9907,2014,Oman,Benin,1.0
9908,2014,Oman,Chile,0.0
9909,2014,Oman,China PR,1.0
9910,2014,Oman,DR Congo,0.0
9911,2014,Oman,Egypt,0.0
9912,2014,Oman,Estonia,0.0
9913,2014,Oman,Gabon,1.0
9914,2014,Oman,Haiti,1.0
9915,2014,Oman,India,1.0
9916,2014,Oman,Iran,0.5
9917,2014,Oman,Iraq,0.0
9918,2014,Oman,Kuwait,0.5
9919,2014,Oman,Lebanon,0.0
9920,2014,Oman,Malaysia,1.0
9921,2014,Oman,Mauritania,0.0
9922,2014,Oman,Palestine,1.0
9923,2014,Oman,Sweden,0.0
9924,2014,Oman,Syria,0.5
9925,2014,Oman,Togo,0.0
9926,2014,Oman,Tunisia,1.0
9927,2014,Oman,Yemen,1.0
9928,2014,Pakistan,India,0.0
9929,2014,Pakistan,Macau,1.0
9930,2014,Pakistan,Nepal,0.0
9931,2014,Palestine,Azerbaijan,1.0
9932,2014,Palestine,Bahrain,0.0
9933,2014,Palestine,Bangladesh,1.0
9934,2014,Palestine,Iraq,0.0
9935,2014,Palestine,Saudi Arabia,0.0
9936,2014,Palestine,Syria,0.5
9937,2014,Palestine,Turkmenistan,0.0
9938,2014,Palestine,Vatican City,1.0
9939,2014,Panama,Bolivia,1.0
9940,2014,Panama,Canada,0.0
9941,2014,Panama,Costa Rica,0.5
9942,2014,Panama,Cuba,0.5
9943,2014,Panama,El Salvador,0.5
9944,2014,Panama,Grenada,1.0
9945,2014,Panama,Guadeloupe,1.0
9946,2014,Panama,Guatemala,1.0
9947,2014,Panama,Guyana,1.0
9948,2014,Panama,Honduras,1.0
9949,2014,Panama,Jamaica,1.0
9950,2014,Panama,Martinique,1.0
9951,2014,Panama,Mexico,1.0
9952,2014,Panama,Paraguay,0.0
9953,2014,Panama,Peru,0.5
9954,2014,Panama,Spain,0.0
9955,2014,Panama,Trinidad and Tobago,1.0
9956,2014,Panama,United States,0.0
9957,2014,Panama,Venezuela,1.0
9958,2014,Papua New Guinea,Cook Islands,1.0
9959,2014,Papua New Guinea,Fiji,0.0
9960,2014,Papua New Guinea,New Zealand,0.0
9961,2014,Paraguay,Bolivia,0.0
9962,2014,Paraguay,Chile,0.5
9963,2014,Paraguay,Costa Rica,1.0
9964,2014,Paraguay,Ecuador,0.0
9965,2014,Paraguay,Guatemala,1.0
9966,2014,Paraguay,Ivory Coast,0.0
9967,2014,Paraguay,North Korea,1.0
9968,2014,Paraguay,Panama,1.0
9969,2014,Paraguay,Romania,1.0
9970,2014,Paraguay,South Africa,0.0
9971,2014,Paraguay,Venezuela,0.0
9972,2014,Peru,Bolivia,0.0
9973,2014,Peru,Chile,0.0
9974,2014,Peru,Costa Rica,1.0
9975,2014,Peru,Mexico,1.0
9976,2014,Peru,Nigeria,1.0
9977,2014,Peru,Panama,1.0
9978,2014,Peru,Senegal,1.0
9979,2014,Peru,Trinidad and Tobago,1.0
9980,2014,Peru,Uruguay,0.0
9981,2014,Peru,Venezuela,1.0
9982,2014,Philippines,Cambodia,0.5
9983,2014,Philippines,Guam,1.0
9984,2014,Philippines,India,1.0
9985,2014,Philippines,Indonesia,0.0
9986,2014,Philippines,Macau,1.0
9987,2014,Philippines,Malaysia,0.0
9988,2014,Philippines,Mongolia,1.0
9989,2014,Philippines,Myanmar,1.0
9990,2014,Philippines,Nepal,1.0
9991,2014,Philippines,Pakistan,1.0
9992,2014,Philippines,Palestine,0.5
9993,2014,Philippines,Singapore,0.5
9994,2014,Philippines,Taiwan,0.5
9995,2014,Philippines,Turkmenistan,1.0
9996,2014,Poland,Andorra,1.0
9997,2014,Poland,Argentina,1.0
9998,2014,Poland,Australia,0.0
9999,2014,Poland,Bulgaria,1.0
10000,2014,Poland,Cameroon,0.0
10001,2014,Poland,Czech Republic,0.0
10002,2014,Poland,Denmark,1.0
10003,2014,Poland,Finland,0.0
10004,2014,Poland,France,0.0
10005,2014,Poland,Georgia,1.0
10006,2014,Poland,Germany,0.0
10007,2014,Poland,Greece,0.0
10008,2014,Poland,Hungary,1.0
10009,2014,Poland,Italy,0.0
10010,2014,Poland,Ivory Coast,1.0
10011,2014,Poland,Liechtenstein,1.0
10012,2014,Poland,Mexico,0.0
10013,2014,Poland,Portugal,0.0
10014,2014,Poland,Republic of Ireland,0.0
10015,2014,Poland,Russia,0.0
10016,2014,Poland,Slovakia,0.5
10017,2014,Poland,South Africa,1.0
10018,2014,Poland,Ukraine,0.0
10019,2014,Poland,Uruguay,0.0
10020,2014,Portugal,Bosnia and Herzegovina,1.0
10021,2014,Portugal,Cameroon,1.0
10022,2014,Portugal,Cape Verde,0.0
10023,2014,Portugal,Chile,0.0
10024,2014,Portugal,China PR,1.0
10025,2014,Portugal,Cyprus,0.0
10026,2014,Portugal,Denmark,1.0
10027,2014,Portugal,Ecuador,0.0
10028,2014,Portugal,Finland,1.0
10029,2014,Portugal,Ghana,1.0
10030,2014,Portugal,Iceland,1.0
10031,2014,Portugal,Luxembourg,1.0
10032,2014,Portugal,Netherlands,0.5
10033,2014,Portugal,North Macedonia,0.0
10034,2014,Portugal,Norway,1.0
10035,2014,Portugal,Panama,1.0
10036,2014,Portugal,Spain,0.5
10037,2014,Portugal,Turkey,0.0
10038,2014,Provence,Monaco,1.0
10039,2014,Puerto Rico,Nicaragua,0.5
10040,2014,Puerto Rico,Spain,0.0
10041,2014,Qatar,Azerbaijan,0.0
10042,2014,Qatar,Bahrain,0.0
10043,2014,Qatar,China PR,1.0
10044,2014,Qatar,Egypt,0.6666666666666666
10045,2014,Qatar,Estonia,1.0
10046,2014,Qatar,Haiti,0.0
10047,2014,Qatar,India,0.0
10048,2014,Qatar,Iraq,0.0
10049,2014,Qatar,Japan,0.0
10050,2014,Qatar,Kuwait,1.0
10051,2014,Qatar,Latvia,1.0
10052,2014,Qatar,Lebanon,0.5
10053,2014,Qatar,Malaysia,1.0
10054,2014,Qatar,Mali,0.0
10055,2014,Qatar,Mauritius,1.0
10056,2014,Qatar,North Korea,0.0
10057,2014,Qatar,Oman,0.0
10058,2014,Qatar,Palestine,0.6666666666666666
10059,2014,Qatar,Russia,0.0
10060,2014,Qatar,Saudi Arabia,1.0
10061,2014,Qatar,Tajikistan,0.0
10062,2014,Qatar,Thailand,1.0
10063,2014,Qatar,Uzbekistan,0.0
10064,2014,Qatar,Vietnam,0.0
10065,2014,Qatar,Yemen,1.0
10066,2014,Republic of Ireland,Algeria,1.0
10067,2014,Republic of Ireland,Andorra,1.0
10068,2014,Republic of Ireland,Argentina,0.0
10069,2014,Republic of Ireland,Armenia,1.0
10070,2014,Republic of Ireland,Bosnia and Herzegovina,1.0
10071,2014,Republic of Ireland,Brazil,0.0
10072,2014,Republic of Ireland,Croatia,0.0
10073,2014,Republic of Ireland,Czech Republic,0.0
10074,2014,Republic of Ireland,Estonia,0.0
10075,2014,Republic of Ireland,Georgia,1.0
10076,2014,Republic of Ireland,Greece,0.0
10077,2014,Republic of Ireland,Latvia,1.0
10078,2014,Republic of Ireland,North Macedonia,1.0
10079,2014,Republic of Ireland,Norway,0.0
10080,2014,Republic of Ireland,Oman,1.0
10081,2014,Republic of Ireland,Paraguay,1.0
10082,2014,Republic of Ireland,Poland,1.0
10083,2014,Republic of Ireland,Russia,0.0
10084,2014,Republic of Ireland,Slovakia,0.0
10085,2014,Republic of Ireland,Uruguay,0.0
10086,2014,Romania,Albania,0.0
10087,2014,Romania,Australia,1.0
10088,2014,Romania,Belarus,0.0
10089,2014,Romania,Belgium,1.0
10090,2014,Romania,Bosnia and Herzegovina,1.0
10091,2014,Romania,France,0.0
10092,2014,Romania,Honduras,1.0
10093,2014,Romania,Israel,0.0
10094,2014,Romania,Luxembourg,1.0
10095,2014,Romania,North Macedonia,0.0
10096,2014,Romania,Slovakia,0.0
10097,2014,Romania,Trinidad and Tobago,1.0
10098,2014,Romania,Turkmenistan,1.0
10099,2014,Romania,Uruguay,0.0
10100,2014,Russia,Andorra,1.0
10101,2014,Russia,Armenia,1.0
10102,2014,Russia,Belgium,0.0
10103,2014,Russia,Brazil,0.0
10104,2014,Russia,Bulgaria,1.0
10105,2014,Russia,Cameroon,0.0
10106,2014,Russia,Czech Republic,1.0
10107,2014,Russia,Ivory Coast,0.0
10108,2014,Russia,North Macedonia,1.0
10109,2014,Russia,Republic of Ireland,0.0
10110,2014,Russia,Serbia,0.5
10111,2014,Russia,Slovakia,0.0
10112,2014,Russia,South Korea,0.5
10113,2014,Russia,United States,0.0
10114,2014,Russia,Uruguay,0.0
10115,2014,Rwanda,Benin,0.0
10116,2014,Rwanda,Burundi,1.0
10117,2014,Rwanda,Djibouti,1.0
10118,2014,Rwanda,Eritrea,1.0
10119,2014,Rwanda,Ivory Coast,0.0
10120,2014,Rwanda,Libya,0.0
10121,2014,Rwanda,Malawi,0.5
10122,2014,Rwanda,Namibia,0.0
10123,2014,Rwanda,Nigeria,0.0
10124,2014,Rwanda,Tanzania,0.0
10125,2014,Rwanda,Uganda,0.0
10126,2014,Rwanda,Zanzibar,0.3333333333333333
10127,2014,Rwanda,Zimbabwe,1.0
10128,2014,Saint Barthélemy,Guadeloupe,0.0
10129,2014,Saint Kitts and Nevis,Antigua and Barbuda,0.5
10130,2014,Saint Kitts and Nevis,Grenada,0.0
10131,2014,Saint Kitts and Nevis,Guadeloupe,1.0
10132,2014,Saint Lucia,Martinique,0.0
10133,2014,Saint Lucia,Saint Vincent and the Grenadines,0.0
10134,2014,Saint Lucia,Trinidad and Tobago,0.0
10135,2014,Saint Martin,British Virgin Islands,1.0
10136,2014,Saint Martin,Saint Barthélemy,1.0
10137,2014,Saint Vincent and the Grenadines,Dominica,1.0
10138,2014,Samoa,Tahiti,0.0
10139,2014,San Marino,Finland,0.0
10140,2014,San Marino,Hungary,0.0
10141,2014,San Marino,Liechtenstein,0.0
10142,2014,San Marino,Malta,0.0
10143,2014,San Marino,Moldova,0.0
10144,2014,San Marino,Netherlands,0.0
10145,2014,San Marino,Romania,0.0
10146,2014,San Marino,Sweden,0.0
10147,2014,Saudi Arabia,Angola,0.0
10148,2014,Saudi Arabia,Argentina,0.0
10149,2014,Saudi Arabia,China PR,1.0
10150,2014,Saudi Arabia,Congo,1.0
10151,2014,Saudi Arabia,Gabon,1.0
10152,2014,Saudi Arabia,Ghana,0.0
10153,2014,Saudi Arabia,Iraq,0.5
10154,2014,Saudi Arabia,Japan,0.0
10155,2014,Saudi Arabia,Morocco,1.0
10156,2014,Saudi Arabia,Syria,0.0
10157,2014,Saudi Arabia,Togo,1.0
10158,2014,Saudi Arabia,Uganda,0.0
10159,2014,Saudi Arabia,Uzbekistan,1.0
10160,2014,Saugeais,Raetia,0.0
10161,2014,Scotland,Australia,1.0
10162,2014,Scotland,Czech Republic,0.5
10163,2014,Scotland,Denmark,1.0
10164,2014,Scotland,Estonia,1.0
10165,2014,Scotland,Faroe Islands,1.0
10166,2014,Scotland,Liechtenstein,1.0
10167,2014,Scotland,Lithuania,1.0
10168,2014,Scotland,Spain,0.0
10169,2014,Scotland,United States,0.0
10170,2014,Sealand,Alderney,1.0
10171,2014,Sealand,Chagos Islands,0.0
10172,2014,Senegal,Cameroon,1.0
10173,2014,Senegal,Cape Verde,1.0
10174,2014,Senegal,DR Congo,1.0
10175,2014,Senegal,Guinea,1.0
10176,2014,Senegal,Ivory Coast,0.0
10177,2014,Senegal,Libya,0.0
10178,2014,Senegal,Mauritius,1.0
10179,2014,Senegal,Morocco,0.0
10180,2014,Senegal,Sudan,1.0
10181,2014,Senegal,Zambia,0.0
10182,2014,Serbia,Cameroon,1.0
10183,2014,Serbia,Chile,1.0
10184,2014,Serbia,Estonia,0.0
10185,2014,Serbia,Faroe Islands,1.0
10186,2014,Serbia,Greece,0.0
10187,2014,Serbia,Italy,0.0
10188,2014,Serbia,Japan,1.0
10189,2014,Serbia,Northern Ireland,1.0
10190,2014,Serbia,Poland,0.0
10191,2014,Serbia,Republic of Ireland,0.0
10192,2014,Serbia,Slovenia,0.0
10193,2014,Seychelles,DR Congo,0.0
10194,2014,Seychelles,Maldives,1.0
10195,2014,Sierra Leone,Egypt,1.0
10196,2014,Sierra Leone,Niger,1.0
10197,2014,Sierra Leone,South Africa,0.0
10198,2014,Sierra Leone,São Tomé and Príncipe,1.0
10199,2014,Sierra Leone,Tunisia,0.0
10200,2014,Singapore,Azerbaijan,0.0
10201,2014,Singapore,Cambodia,1.0
10202,2014,Singapore,Hong Kong,1.0
10203,2014,Singapore,India,1.0
10204,2014,Singapore,Iran,0.0
10205,2014,Singapore,Laos,1.0
10206,2014,Singapore,Malaysia,0.0
10207,2014,Singapore,Myanmar,1.0
10208,2014,Singapore,Oman,0.0
10209,2014,Singapore,Pakistan,1.0
10210,2014,Singapore,Philippines,0.5
10211,2014,Singapore,Syria,1.0
10212,2014,Singapore,Taiwan,1.0
10213,2014,Singapore,Thailand,1.0
10214,2014,Slovakia,Andorra,1.0
10215,2014,Slovakia,Armenia,0.0
10216,2014,Slovakia,Bosnia and Herzegovina,0.0
10217,2014,Slovakia,Cameroon,0.0
10218,2014,Slovakia,Costa Rica,1.0
10219,2014,Slovakia,Croatia,0.0
10220,2014,Slovakia,Denmark,0.0
10221,2014,Slovakia,North Macedonia,1.0
10222,2014,Slovakia,Norway,0.0
10223,2014,Slovakia,Republic of Ireland,0.0
10224,2014,Slovakia,Russia,0.0
10225,2014,Slovakia,Sweden,0.0
10226,2014,Slovenia,Australia,1.0
10227,2014,Slovenia,Belgium,0.0
10228,2014,Slovenia,Bosnia and Herzegovina,0.0
10229,2014,Slovenia,Canada,1.0
10230,2014,Slovenia,Estonia,0.0
10231,2014,Slovenia,Faroe Islands,1.0
10232,2014,Slovenia,Georgia,0.0
10233,2014,Slovenia,Italy,0.0
10234,2014,Slovenia,New Zealand,1.0
10235,2014,Slovenia,Northern Ireland,0.0
10236,2014,Slovenia,Qatar,1.0
10237,2014,Slovenia,Romania,1.0
10238,2014,Slovenia,Scotland,0.0
10239,2014,Slovenia,Serbia,1.0
10240,2014,Slovenia,United States,0.0
10241,2014,Solomon Islands,Fiji,0.5
10242,2014,Solomon Islands,Guam,1.0
10243,2014,Solomon Islands,New Zealand,0.0
10244,2014,Solomon Islands,Papua New Guinea,1.0
10245,2014,Solomon Islands,Tahiti,0.0
10246,2014,Solomon Islands,Tuvalu,1.0
10247,2014,Solomon Islands,Vanuatu,0.5
10248,2014,Somalia,Sudan,0.0
10249,2014,Somalia,Tanzania,0.0
10250,2014,Somalia,Uganda,0.0
10251,2014,Somalia,Zambia,0.0
10252,2014,Somalia,Zanzibar,0.0
10253,2014,South Africa,Algeria,0.0
10254,2014,South Africa,Angola,1.0
10255,2014,South Africa,Bulgaria,0.0
10256,2014,South Africa,Burkina Faso,1.0
10257,2014,South Africa,Cape Verde,0.0
10258,2014,South Africa,Colombia,1.0
10259,2014,South Africa,Denmark,1.0
10260,2014,South Africa,Egypt,1.0
10261,2014,South Africa,Gabon,1.0
10262,2014,South Africa,Ghana,1.0
10263,2014,South Africa,Guatemala,1.0
10264,2014,South Africa,Ivory Coast,0.0
10265,2014,South Africa,Jamaica,1.0
10266,2014,South Africa,Kenya,1.0
10267,2014,South Africa,Malawi,1.0
10268,2014,South Africa,Mali,0.0
10269,2014,South Africa,Morocco,0.0
10270,2014,South Africa,Mozambique,1.0
10271,2014,South Africa,Namibia,0.5
10272,2014,South Africa,Niger,1.0
10273,2014,South Africa,Nigeria,0.0
10274,2014,South Africa,North Korea,0.0
10275,2014,South Africa,Norway,0.0
10276,2014,South Africa,Senegal,0.0
10277,2014,South Africa,Sierra Leone,0.0
10278,2014,South Africa,Spain,1.0
10279,2014,South Africa,Thailand,1.0
10280,2014,South Africa,United States,0.0
10281,2014,South Africa,Zambia,0.0
10282,2014,South Africa,Zimbabwe,0.5
10283,2014,South Korea,Algeria,0.0
10284,2014,South Korea,Australia,0.0
10285,2014,South Korea,Bahrain,1.0
10286,2014,South Korea,Belgium,0.0
10287,2014,South Korea,Brazil,0.0
10288,2014,South Korea,China PR,0.0
10289,2014,South Korea,Croatia,0.0
10290,2014,South Korea,Ecuador,1.0
10291,2014,South Korea,Ghana,1.0
10292,2014,South Korea,Haiti,1.0
10293,2014,South Korea,Honduras,1.0
10294,2014,South Korea,Hong Kong,1.0
10295,2014,South Korea,India,1.0
10296,2014,South Korea,Iran,0.0
10297,2014,South Korea,Japan,0.0
10298,2014,South Korea,Mali,1.0
10299,2014,South Korea,Nigeria,1.0
10300,2014,South Korea,Peru,0.0
10301,2014,South Korea,Poland,0.0
10302,2014,South Korea,Serbia,1.0
10303,2014,South Korea,Switzerland,1.0
10304,2014,South Korea,Uzbekistan,1.0
10305,2014,South Korea,Zambia,1.0
10306,2014,South Sudan,Ethiopia,0.0
10307,2014,South Sudan,Kenya,0.0
10308,2014,South Sudan,Uganda,0.0
10309,2014,Spain,Chile,0.3333333333333333
10310,2014,Spain,China PR,1.0
10311,2014,Spain,Colombia,1.0
10312,2014,Spain,Czech Republic,1.0
10313,2014,Spain,France,1.0
10314,2014,Spain,Italy,0.5
10315,2014,Spain,Liechtenstein,1.0
10316,2014,Spain,Lithuania,1.0
10317,2014,Spain,Netherlands,0.0
10318,2014,Spain,Poland,1.0
10319,2014,Spain,Republic of Ireland,1.0
10320,2014,Spain,Saudi Arabia,1.0
10321,2014,Spain,Scotland,1.0
10322,2014,Spain,Serbia,1.0
10323,2014,Spain,South Korea,1.0
10324,2014,Spain,Uruguay,1.0
10325,2014,Spain,Venezuela,1.0
10326,2014,Sri Lanka,Afghanistan,0.0
10327,2014,Sri Lanka,Bangladesh,1.0
10328,2014,Sri Lanka,Bhutan,1.0
10329,2014,Sri Lanka,Mongolia,1.0
10330,2014,Sri Lanka,Myanmar,0.0
10331,2014,Sri Lanka,Tajikistan,0.0
10332,2014,Sudan,Angola,0.0
10333,2014,Sudan,Burkina Faso,1.0
10334,2014,Sudan,Burundi,0.0
10335,2014,Sudan,Congo,1.0
10336,2014,Sudan,Eritrea,1.0
10337,2014,Sudan,Eswatini,1.0
10338,2014,Sudan,Ethiopia,0.5
10339,2014,Sudan,Ghana,0.0
10340,2014,Sudan,Palestine,0.0
10341,2014,Sudan,Rwanda,0.3333333333333333
10342,2014,Sudan,Tanzania,0.0
10343,2014,Sudan,Tunisia,0.0
10344,2014,Sudan,Uganda,0.0
10345,2014,Suriname,Curaçao,0.5
10346,2014,Sweden,Argentina,0.0
10347,2014,Sweden,Bosnia and Herzegovina,1.0
10348,2014,Sweden,Brazil,0.0
10349,2014,Sweden,China PR,1.0
10350,2014,Sweden,England,0.5
10351,2014,Sweden,Finland,1.0
10352,2014,Sweden,France,1.0
10353,2014,Sweden,Germany,0.0
10354,2014,Sweden,Hungary,1.0
10355,2014,Sweden,Iceland,1.0
10356,2014,Sweden,Moldova,1.0
10357,2014,Sweden,Netherlands,1.0
10358,2014,Sweden,North Macedonia,1.0
10359,2014,Sweden,Norway,1.0
10360,2014,Sweden,San Marino,1.0
10361,2014,Sweden,Scotland,1.0
10362,2014,Sweden,Serbia,1.0
10363,2014,Switzerland,Argentina,0.0
10364,2014,Switzerland,Australia,0.0
10365,2014,Switzerland,Brazil,1.0
10366,2014,Switzerland,Bulgaria,1.0
10367,2014,Switzerland,Costa Rica,0.0
10368,2014,Switzerland,Ecuador,1.0
10369,2014,Switzerland,England,0.0
10370,2014,Switzerland,France,0.0
10371,2014,Switzerland,Germany,1.0
10372,2014,Switzerland,Italy,0.0
10373,2014,Switzerland,Montenegro,1.0
10374,2014,Switzerland,Romania,0.0
10375,2014,Switzerland,Ukraine,0.0
10376,2014,Switzerland,Uruguay,0.0
10377,2014,Switzerland,Wales,1.0
10378,2014,Syria,Iraq,0.0
10379,2014,Syria,Japan,0.0
10380,2014,Syria,Jordan,0.5
10381,2014,Syria,Kuwait,0.0
10382,2014,Syria,Lebanon,1.0
10383,2014,Syria,Oman,0.0
10384,2014,Syria,Singapore,1.0
10385,2014,Syria,South Korea,0.0
10386,2014,Syria,Sweden,0.0
10387,2014,Syria,Zimbabwe,1.0
10388,2014,São Tomé and Príncipe,Lesotho,1.0
10389,2014,São Tomé and Príncipe,Sierra Leone,1.0
10390,2014,Tahiti,Cook Islands,1.0
10391,2014,Tahiti,Fiji,1.0
10392,2014,Tahiti,New Caledonia,0.75
10393,2014,Tahiti,Papua New Guinea,0.0
10394,2014,Tahiti,Vanuatu,1.0
10395,2014,Tajikistan,Afghanistan,1.0
10396,2014,Tajikistan,Bangladesh,0.0
10397,2014,Tajikistan,India,1.0
10398,2014,Tajikistan,Kyrgyzstan,1.0
10399,2014,Tajikistan,Myanmar,1.0
10400,2014,Tajikistan,North Korea,0.0
10401,2014,Tajikistan,Pakistan,1.0
10402,2014,Tajikistan,Philippines,0.0
10403,2014,Tajikistan,Turkmenistan,0.0
10404,2014,Tanzania,Algeria,0.0
10405,2014,Tanzania,Brazil,0.0
10406,2014,Tanzania,Burundi,0.5
10407,2014,Tanzania,Cameroon,1.0
10408,2014,Tanzania,Central African Republic,1.0
10409,2014,Tanzania,DR Congo,0.0
10410,2014,Tanzania,Djibouti,1.0
10411,2014,Tanzania,Ivory Coast,0.0
10412,2014,Tanzania,Kenya,0.6666666666666666
10413,2014,Tanzania,Malawi,0.5
10414,2014,Tanzania,Morocco,0.0
10415,2014,Tanzania,Mozambique,0.0
10416,2014,Tanzania,Palestine,1.0
10417,2014,Tanzania,Rwanda,0.5
10418,2014,Tanzania,Somalia,1.0
10419,2014,Tanzania,South Africa,0.0
10420,2014,Tanzania,Sudan,0.5
10421,2014,Tanzania,Uganda,0.0
10422,2014,Tanzania,Zambia,0.25
10423,2014,Tanzania,Zanzibar,0.0
10424,2014,Tanzania,Zimbabwe,0.0
10425,2014,Thailand,Bahrain,1.0
10426,2014,Thailand,Bangladesh,1.0
10427,2014,Thailand,Bhutan,1.0
10428,2014,Thailand,India,1.0
10429,2014,Thailand,Iran,0.0
10430,2014,Thailand,Jordan,0.0
10431,2014,Thailand,Kuwait,0.0
10432,2014,Thailand,Laos,0.5
10433,2014,Thailand,Malaysia,0.6666666666666666
10434,2014,Thailand,Maldives,1.0
10435,2014,Thailand,Myanmar,0.6666666666666666
10436,2014,Thailand,Philippines,1.0
10437,2014,Thailand,Singapore,0.6666666666666666
10438,2014,Thailand,Vietnam,1.0
10439,2014,Timor-Leste,Laos,1.0
10440,2014,Timor-Leste,Philippines,0.0
10441,2014,Togo,Botswana,1.0
10442,2014,Togo,Chad,0.0
10443,2014,Togo,Gabon,1.0
10444,2014,Togo,Kenya,1.0
10445,2014,Togo,Malawi,0.0
10446,2014,Togo,Niger,1.0
10447,2014,Togo,Tunisia,0.0
10448,2014,Trinidad and Tobago,Finland,0.0
10449,2014,Trinidad and Tobago,Haiti,0.0
10450,2014,Trinidad and Tobago,India,1.0
10451,2014,Trinidad and Tobago,Jamaica,0.5
10452,2014,Trinidad and Tobago,New Zealand,0.0
10453,2014,Trinidad and Tobago,Peru,0.0
10454,2014,Tunisia,Algeria,1.0
10455,2014,Tunisia,Botswana,0.0
10456,2014,Tunisia,Central African Republic,1.0
10457,2014,Tunisia,Chad,1.0
10458,2014,Tunisia,Congo,1.0
10459,2014,Tunisia,Ethiopia,0.0
10460,2014,Tunisia,France,0.0
10461,2014,Tunisia,Gambia,0.0
10462,2014,Tunisia,Ivory Coast,0.0
10463,2014,Tunisia,Malawi,0.0
10464,2014,Tunisia,Mali,1.0
10465,2014,Tunisia,Peru,0.0
10466,2014,Tunisia,Rwanda,1.0
10467,2014,Tunisia,Sierra Leone,0.0
10468,2014,Tunisia,Sudan,1.0
10469,2014,Tunisia,Switzerland,0.0
10470,2014,Tunisia,Togo,1.0
10471,2014,Turkey,Austria,1.0
10472,2014,Turkey,Azerbaijan,1.0
10473,2014,Turkey,Belarus,1.0
10474,2014,Turkey,Belgium,1.0
10475,2014,Turkey,Croatia,0.0
10476,2014,Turkey,Czech Republic,0.5
10477,2014,Turkey,Denmark,0.0
10478,2014,Turkey,Estonia,1.0
10479,2014,Turkey,Germany,0.0
10480,2014,Turkey,Ghana,0.0
10481,2014,Turkey,Honduras,1.0
10482,2014,Turkey,Kazakhstan,1.0
10483,2014,Turkey,Latvia,0.0
10484,2014,Turkey,Northern Ireland,1.0
10485,2014,Turkey,Romania,1.0
10486,2014,Turkey,Slovakia,0.0
10487,2014,Turkey,Slovenia,0.0
10488,2014,Turkey,South Korea,0.0
10489,2014,Turkey,Ukraine,1.0
10490,2014,Turkmenistan,Cambodia,1.0
10491,2014,Turkmenistan,India,0.0
10492,2014,Turkmenistan,Kyrgyzstan,1.0
10493,2014,Turkmenistan,Maldives,1.0
10494,2014,Turkmenistan,North Korea,0.0
10495,2014,Turkmenistan,Pakistan,1.0
10496,2014,Turkmenistan,Philippines,1.0
10497,2014,Tuvalu,American Samoa,1.0
10498,2014,Tuvalu,Samoa,1.0
10499,2014,Uganda,Angola,1.0
10500,2014,Uganda,Congo,1.0
10501,2014,Uganda,Ethiopia,1.0
10502,2014,Uganda,Guinea-Bissau,1.0
10503,2014,Uganda,Kenya,0.75
10504,2014,Uganda,Rwanda,0.5
10505,2014,Uganda,South Sudan,1.0
10506,2014,Uganda,Sudan,1.0
10507,2014,Uganda,Tanzania,0.5
10508,2014,Uganda,Zambia,0.5
10509,2014,Uganda,Zanzibar,0.5
10510,2014,Uganda,Zimbabwe,1.0
10511,2014,Ukraine,Austria,1.0
10512,2014,Ukraine,Bulgaria,1.0
10513,2014,Ukraine,Cameroon,0.0
10514,2014,Ukraine,Canada,0.0
10515,2014,Ukraine,Chile,1.0
10516,2014,Ukraine,Czech Republic,0.0
10517,2014,Ukraine,England,0.0
10518,2014,Ukraine,Estonia,1.0
10519,2014,Ukraine,France,0.0
10520,2014,Ukraine,Germany,0.0
10521,2014,Ukraine,Israel,1.0
10522,2014,Ukraine,Italy,0.0
10523,2014,Ukraine,Lithuania,1.0
10524,2014,Ukraine,Netherlands,0.0
10525,2014,Ukraine,Romania,1.0
10526,2014,Ukraine,Sweden,0.5
10527,2014,Ukraine,Uruguay,0.0
10528,2014,Ukraine,Uzbekistan,1.0
10529,2014,United Arab Emirates,Angola,0.0
10530,2014,United Arab Emirates,Australia,0.0
10531,2014,United Arab Emirates,Bahrain,1.0
10532,2014,United Arab Emirates,Chile,0.0
10533,2014,United Arab Emirates,Estonia,1.0
10534,2014,United Arab Emirates,Hong Kong,1.0
10535,2014,United Arab Emirates,India,1.0
10536,2014,United Arab Emirates,Iran,0.0
10537,2014,United Arab Emirates,Iraq,0.0
10538,2014,United Arab Emirates,Kuwait,1.0
10539,2014,United Arab Emirates,Lebanon,1.0
10540,2014,United Arab Emirates,Malaysia,1.0
10541,2014,United Arab Emirates,Palestine,1.0
10542,2014,United Arab Emirates,Philippines,1.0
10543,2014,United Arab Emirates,Qatar,1.0
10544,2014,United Arab Emirates,Syria,1.0
10545,2014,United Arab Emirates,Uzbekistan,0.6666666666666666
10546,2014,United Arab Emirates,Vietnam,1.0
10547,2014,United Arab Emirates,Yemen,1.0
10548,2014,United States,Argentina,0.0
10549,2014,United States,Belgium,0.0
10550,2014,United States,Belize,1.0
10551,2014,United States,Brazil,0.0
10552,2014,United States,Canada,0.5
10553,2014,United States,Chile,0.0
10554,2014,United States,Colombia,0.0
10555,2014,United States,Costa Rica,0.5
10556,2014,United States,Cuba,1.0
10557,2014,United States,Czech Republic,0.0
10558,2014,United States,Ecuador,0.0
10559,2014,United States,El Salvador,1.0
10560,2014,United States,Germany,0.5
10561,2014,United States,Guadeloupe,1.0
10562,2014,United States,Honduras,0.6666666666666666
10563,2014,United States,Jamaica,1.0
10564,2014,United States,Mexico,0.0
10565,2014,United States,Panama,0.6666666666666666
10566,2014,United States,Paraguay,0.0
10567,2014,United States,Poland,0.0
10568,2014,United States,Portugal,0.0
10569,2014,United States,Scotland,1.0
10570,2014,United States,Spain,0.0
10571,2014,United States,Turkey,1.0
10572,2014,United States,Venezuela,1.0
10573,2014,Uruguay,Chile,0.0
10574,2014,Uruguay,Costa Rica,0.0
10575,2014,Uruguay,England,1.0
10576,2014,Uruguay,Estonia,1.0
10577,2014,Uruguay,France,1.0
10578,2014,Uruguay,Israel,1.0
10579,2014,Uruguay,Mexico,1.0
10580,2014,Uruguay,Netherlands,0.0
10581,2014,Uruguay,Paraguay,1.0
10582,2014,Uruguay,Peru,0.0
10583,2014,Uzbekistan,Australia,0.0
10584,2014,Uzbekistan,Azerbaijan,0.0
10585,2014,Uzbekistan,Hong Kong,0.0
10586,2014,Uzbekistan,Jordan,1.0
10587,2014,Uzbekistan,Kuwait,1.0
10588,2014,Uzbekistan,South Korea,0.0
10589,2014,Uzbekistan,United Arab Emirates,0.0
10590,2014,Uzbekistan,Vietnam,1.0
10591,2014,Vanuatu,New Caledonia,0.0
10592,2014,Vanuatu,Samoa,1.0
10593,2014,Vanuatu,Solomon Islands,0.6666666666666666
10594,2014,Vanuatu,Tuvalu,1.0
10595,2014,Venezuela,Bolivia,0.0
10596,2014,Venezuela,Canada,0.0
10597,2014,Venezuela,Colombia,0.0
10598,2014,Venezuela,Costa Rica,0.0
10599,2014,Venezuela,Ecuador,1.0
10600,2014,Venezuela,El Salvador,1.0
10601,2014,Venezuela,Guinea,1.0
10602,2014,Venezuela,Moldova,1.0
10603,2014,Venezuela,Nigeria,0.0
10604,2014,Venezuela,North Korea,1.0
10605,2014,Venezuela,Panama,0.0
10606,2014,Venezuela,Spain,0.0
10607,2014,Vietnam,China PR,0.0
10608,2014,Vietnam,Indonesia,0.0
10609,2014,Vietnam,Malaysia,0.5
10610,2014,Vietnam,Myanmar,0.5
10611,2014,Vietnam,North Korea,0.0
10612,2014,Vietnam,Philippines,0.0
10613,2014,Vietnam,Singapore,1.0
10614,2014,Vietnam,United Arab Emirates,0.0
10615,2014,Vietnam,Uzbekistan,0.0
10616,2014,Wales,Australia,0.0
10617,2014,Wales,Austria,1.0
10618,2014,Wales,Bosnia and Herzegovina,0.0
10619,2014,Wales,Bulgaria,0.0
10620,2014,Wales,Costa Rica,0.0
10621,2014,Wales,England,0.0
10622,2014,Wales,Finland,0.0
10623,2014,Wales,Luxembourg,1.0
10624,2014,Wales,Montenegro,1.0
10625,2014,Wales,Norway,1.0
10626,2014,Wales,Republic of Ireland,0.0
10627,2014,Wales,Sweden,0.0
10628,2014,Wales,Switzerland,1.0
10629,2014,Yemen,Bahrain,0.5
10630,2014,Yemen,Japan,0.0
10631,2014,Yemen,Kenya,1.0
10632,2014,Yemen,Malawi,1.0
10633,2014,Yemen,North Korea,0.0
10634,2014,Yemen,Oman,0.0
10635,2014,Yemen,Palestine,0.5
10636,2014,Yemen,Qatar,0.0
10637,2014,Yemen,Saudi Arabia,0.0
10638,2014,Yemen,Syria,1.0
10639,2014,Yemen,Tajikistan,0.0
10640,2014,Yemen,Uganda,0.0
10641,2014,Yemen,Zambia,0.0
10642,2014,Zambia,Angola,0.0
10643,2014,Zambia,Burundi,0.6666666666666666
10644,2014,Zambia,Comoros,1.0
10645,2014,Zambia,Ethiopia,0.0
10646,2014,Zambia,Ghana,1.0
10647,2014,Zambia,Ivory Coast,0.0
10648,2014,Zambia,Libya,0.0
10649,2014,Zambia,Morocco,0.0
10650,2014,Zambia,Mozambique,1.0
10651,2014,Zambia,Namibia,0.0
10652,2014,Zambia,Nigeria,0.0
10653,2014,Zambia,Norway,0.0
10654,2014,Zambia,Senegal,0.0
10655,2014,Zambia,Somalia,1.0
10656,2014,Zambia,South Africa,0.0
10657,2014,Zambia,South Korea,1.0
10658,2014,Zambia,Sudan,0.5
10659,2014,Zambia,Tunisia,0.0
10660,2014,Zambia,Uganda,1.0
10661,2014,Zambia,Zimbabwe,1.0
10662,2014,Zanzibar,Burundi,0.0
10663,2014,Zanzibar,Eritrea,0.0
10664,2014,Zanzibar,Kenya,0.0
10665,2014,Zanzibar,South Sudan,1.0
10666,2014,Zanzibar,Sudan,1.0
10667,2014,Zimbabwe,Angola,1.0
10668,2014,Zimbabwe,Botswana,1.0
10669,2014,Zimbabwe,Brazil,0.0
10670,2014,Zimbabwe,Burundi,1.0
10671,2014,Zimbabwe,Cape Verde,0.0
10672,2014,Zimbabwe,Djibouti,1.0
10673,2014,Zimbabwe,Lesotho,1.0
10674,2014,Zimbabwe,Liberia,1.0
10675,2014,Zimbabwe,Malawi,0.5
10676,2014,Zimbabwe,Mali,1.0
10677,2014,Zimbabwe,South Africa,1.0
10678,2014,Zimbabwe,Zambia,1.0
10679,2018,Abkhazia,Donetsk PR,0.3333333333333333
10680,2018,Abkhazia,Luhansk PR,1.0
10681,2018,Abkhazia,South Ossetia,1.0
10682,2018,Afghanistan,Bangladesh,1.0
10683,2018,Afghanistan,Jordan,0.0
10684,2018,Afghanistan,Kyrgyzstan,0.5
10685,2018,Afghanistan,Laos,0.0
10686,2018,Afghanistan,Maldives,1.0
10687,2018,Afghanistan,Singapore,1.0
10688,2018,Afghanistan,Sri Lanka,1.0
10689,2018,Afghanistan,Turkmenistan,1.0
10690,2018,Afghanistan,Vietnam,0.0
10691,2018,Albania,Armenia,1.0
10692,2018,Albania,Bosnia and Herzegovina,0.0
10693,2018,Albania,Denmark,0.0
10694,2018,Albania,France,1.0
10695,2018,Albania,Georgia,0.0
10696,2018,Albania,Malta,1.0
10697,2018,Albania,Morocco,0.0
10698,2018,Albania,Portugal,0.0
10699,2018,Albania,Qatar,1.0
10700,2018,Albania,Romania,0.0
10701,2018,Albania,Serbia,0.0
10702,2018,Albania,Switzerland,0.0
10703,2018,Albania,Ukraine,0.0
10704,2018,Algeria,Central African Republic,1.0
10705,2018,Algeria,Ethiopia,1.0
10706,2018,Algeria,Guinea,0.5
10707,2018,Algeria,Lesotho,1.0
10708,2018,Algeria,Malawi,1.0
10709,2018,Algeria,Mali,1.0
10710,2018,Algeria,Mauritania,1.0
10711,2018,Algeria,Senegal,1.0
10712,2018,Algeria,Seychelles,1.0
10713,2018,Algeria,Slovenia,1.0
10714,2018,Algeria,South Africa,1.0
10715,2018,Algeria,Togo,1.0
10716,2018,Algeria,Tunisia,0.0
10717,2018,Algeria,Zimbabwe,0.0
10718,2018,Andorra,Belgium,0.0
10719,2018,Andorra,Bosnia and Herzegovina,0.0
10720,2018,Andorra,Cyprus,0.0
10721,2018,Andorra,Equatorial Guinea,0.0
10722,2018,Andorra,Indonesia,0.0
10723,2018,Andorra,Israel,0.0
10724,2018,Andorra,Moldova,0.0
10725,2018,Andorra,Qatar,0.0
10726,2018,Andorra,Saint Kitts and Nevis,0.0
10727,2018,Andorra,Wales,0.0
10728,2018,Angola,Botswana,0.0
10729,2018,Angola,Burkina Faso,0.0
10730,2018,Angola,Central African Republic,1.0
10731,2018,Angola,DR Congo,0.5
10732,2018,Angola,Gabon,0.0
10733,2018,Angola,Iran,0.0
10734,2018,Angola,Lesotho,0.5
10735,2018,Angola,Madagascar,0.0
10736,2018,Angola,Mauritius,0.0
10737,2018,Angola,Morocco,1.0
10738,2018,Angola,Namibia,1.0
10739,2018,Angola,Tanzania,0.0
10740,2018,Antigua and Barbuda,British Virgin Islands,1.0
10741,2018,Antigua and Barbuda,Dominica,1.0
10742,2018,Antigua and Barbuda,Estonia,0.0
10743,2018,Antigua and Barbuda,United States Virgin Islands,1.0
10744,2018,Argentina,Bolivia,1.0
10745,2018,Argentina,Chile,0.5
10746,2018,Argentina,Colombia,0.0
10747,2018,Argentina,Croatia,0.5
10748,2018,Argentina,Ecuador,1.0
10749,2018,Argentina,El Salvador,1.0
10750,2018,Argentina,Iceland,0.0
10751,2018,Argentina,Jamaica,1.0
10752,2018,Argentina,Nigeria,0.0
10753,2018,Argentina,Panama,1.0
10754,2018,Argentina,Paraguay,0.5
10755,2018,Argentina,Slovenia,1.0
10756,2018,Argentina,Trinidad and Tobago,1.0
10757,2018,Argentina,Uruguay,1.0
10758,2018,Argentina,Venezuela,1.0
10759,2018,Armenia,Albania,0.0
10760,2018,Armenia,Algeria,0.0
10761,2018,Armenia,Belarus,0.5
10762,2018,Armenia,Cyprus,1.0
10763,2018,Armenia,Denmark,0.0
10764,2018,Armenia,France,0.0
10765,2018,Armenia,Portugal,0.0
10766,2018,Armenia,Saint Kitts and Nevis,1.0
10767,2018,Armenia,Serbia,0.0
10768,2018,Armenia,United Arab Emirates,1.0
10769,2018,Aruba,Guam,0.5
10770,2018,Australia,Brazil,0.0
10771,2018,Australia,China PR,1.0
10772,2018,Australia,Ecuador,0.0
10773,2018,Australia,Greece,0.5
10774,2018,Australia,Kuwait,1.0
10775,2018,Australia,Oman,1.0
10776,2018,Australia,Peru,0.0
10777,2018,Australia,Saudi Arabia,1.0
10778,2018,Australia,South Africa,0.0
10779,2018,Australia,South Korea,0.5
10780,2018,Australia,United Arab Emirates,1.0
10781,2018,Austria,Albania,1.0
10782,2018,Austria,Bosnia and Herzegovina,0.0
10783,2018,Austria,Brazil,0.0
10784,2018,Austria,Finland,0.0
10785,2018,Austria,Hungary,0.0
10786,2018,Austria,Iceland,0.0
10787,2018,Austria,Liechtenstein,1.0
10788,2018,Austria,Malta,1.0
10789,2018,Austria,Moldova,1.0
10790,2018,Austria,Montenegro,1.0
10791,2018,Austria,Netherlands,0.0
10792,2018,Austria,Russia,1.0
10793,2018,Austria,Slovakia,0.0
10794,2018,Austria,Sweden,0.0
10795,2018,Austria,Switzerland,0.0
10796,2018,Austria,Turkey,0.0
10797,2018,Austria,Uruguay,0.5
10798,2018,Azerbaijan,Andorra,0.0
10799,2018,Azerbaijan,Bulgaria,0.0
10800,2018,Azerbaijan,Canada,0.0
10801,2018,Azerbaijan,Croatia,0.0
10802,2018,Azerbaijan,Italy,0.0
10803,2018,Azerbaijan,Kazakhstan,0.0
10804,2018,Azerbaijan,Malta,1.0
10805,2018,Azerbaijan,Moldova,1.0
10806,2018,Azerbaijan,North Macedonia,0.0
10807,2018,Azerbaijan,Norway,0.0
10808,2018,Azerbaijan,Uzbekistan,0.0
10809,2018,Bahrain,Colombia,0.0
10810,2018,Bahrain,Iraq,0.0
10811,2018,Bahrain,Jordan,0.25
10812,2018,Bahrain,Kuwait,0.0
10813,2018,Bahrain,Kyrgyzstan,0.0
10814,2018,Bahrain,Lebanon,1.0
10815,2018,Bahrain,North Korea,0.0
10816,2018,Bahrain,Oman,0.0
10817,2018,Bahrain,Palestine,0.0
10818,2018,Bahrain,Philippines,1.0
10819,2018,Bahrain,Saudi Arabia,1.0
10820,2018,Bahrain,Singapore,0.6666666666666666
10821,2018,Bahrain,Taiwan,1.0
10822,2018,Bahrain,Tajikistan,0.0
10823,2018,Bahrain,United Arab Emirates,0.0
10824,2018,Bangladesh,Afghanistan,0.0
10825,2018,Bangladesh,Bhutan,0.0
10826,2018,Bangladesh,Maldives,0.0
10827,2018,Bangladesh,Nepal,0.5
10828,2018,Bangladesh,Singapore,0.0
10829,2018,Bangladesh,Sri Lanka,0.75
10830,2018,Bangladesh,Tajikistan,0.0
10831,2018,Barbados,Martinique,1.0
10832,2018,Barbados,Saint Kitts and Nevis,0.0
10833,2018,Basque Country,Catalonia,0.0
10834,2018,Basque Country,Tunisia,1.0
10835,2018,Belarus,Gabon,0.0
10836,2018,Belarus,Iran,0.0
10837,2018,Belarus,Luxembourg,1.0
10838,2018,Belarus,Mexico,1.0
10839,2018,Belarus,New Zealand,1.0
10840,2018,Belarus,North Macedonia,0.0
10841,2018,Belarus,Slovakia,0.0
10842,2018,Belarus,Spain,0.0
10843,2018,Belarus,Tajikistan,1.0
10844,2018,Belarus,Ukraine,0.0
10845,2018,Belgium,Andorra,1.0
10846,2018,Belgium,Australia,1.0
10847,2018,Belgium,Bosnia and Herzegovina,1.0
10848,2018,Belgium,Cyprus,1.0
10849,2018,Belgium,Czech Republic,1.0
10850,2018,Belgium,England,1.0
10851,2018,Belgium,Finland,0.0
10852,2018,Belgium,Iceland,1.0
10853,2018,Belgium,Israel,1.0
10854,2018,Belgium,Italy,0.5
10855,2018,Belgium,Ivory Coast,0.0
10856,2018,Belgium,Japan,1.0
10857,2018,Belgium,Luxembourg,1.0
10858,2018,Belgium,Mexico,0.0
10859,2018,Belgium,Norway,1.0
10860,2018,Belgium,Panama,1.0
10861,2018,Belgium,Republic of Ireland,1.0
10862,2018,Belgium,Spain,0.0
10863,2018,Belgium,Tunisia,1.0
10864,2018,Belgium,Wales,0.0
10865,2018,Belize,Honduras,0.0
10866,2018,Benin,Burkina Faso,0.0
10867,2018,Benin,Equatorial Guinea,1.0
10868,2018,Benin,Gabon,1.0
10869,2018,Benin,Gambia,1.0
10870,2018,Benin,Malawi,1.0
10871,2018,Benin,Mali,0.0
10872,2018,Benin,South Sudan,1.0
10873,2018,Benin,São Tomé and Príncipe,1.0
10874,2018,Benin,Tanzania,0.0
10875,2018,Bermuda,Barbados,0.0
10876,2018,Bermuda,Canada,0.0
10877,2018,Bermuda,Grenada,1.0
10878,2018,Bhutan,Afghanistan,0.0
10879,2018,Bhutan,Bangladesh,0.5
10880,2018,Bhutan,India,0.0
10881,2018,Bhutan,Maldives,0.0
10882,2018,Bhutan,Oman,0.0
10883,2018,Bhutan,Palestine,0.0
10884,2018,Bolivia,Greece,0.0
10885,2018,Bolivia,Nicaragua,1.0
10886,2018,Bolivia,Peru,0.0
10887,2018,Bolivia,Venezuela,1.0
10888,2018,Bosnia and Herzegovina,Andorra,1.0
10889,2018,Bosnia and Herzegovina,Belgium,0.0
10890,2018,Bosnia and Herzegovina,Cyprus,0.0
10891,2018,Bosnia and Herzegovina,Egypt,0.0
10892,2018,Bosnia and Herzegovina,Israel,1.0
10893,2018,Bosnia and Herzegovina,Ivory Coast,1.0
10894,2018,Bosnia and Herzegovina,Liechtenstein,1.0
10895,2018,Bosnia and Herzegovina,Republic of Ireland,0.0
10896,2018,Bosnia and Herzegovina,Spain,0.0
10897,2018,Bosnia and Herzegovina,Wales,1.0
10898,2018,Botswana,Angola,0.0
10899,2018,Botswana,Burkina Faso,0.5
10900,2018,Botswana,Burundi,1.0
10901,2018,Botswana,Comoros,1.0
10902,2018,Botswana,DR Congo,0.0
10903,2018,Botswana,Egypt,0.0
10904,2018,Botswana,Ethiopia,0.0
10905,2018,Botswana,Guinea-Bissau,1.0
10906,2018,Botswana,Lesotho,1.0
10907,2018,Botswana,Mauritania,0.0
10908,2018,Botswana,Mozambique,0.0
10909,2018,Botswana,Senegal,0.0
10910,2018,Botswana,South Sudan,1.0
10911,2018,Botswana,Tunisia,0.0
10912,2018,Botswana,Uganda,0.0
10913,2018,Botswana,Zambia,0.0
10914,2018,Botswana,Zimbabwe,1.0
10915,2018,Brazil,Belgium,0.0
10916,2018,Brazil,Chile,1.0
10917,2018,Brazil,Colombia,0.6666666666666666
10918,2018,Brazil,Costa Rica,1.0
10919,2018,Brazil,Ecuador,0.0
10920,2018,Brazil,Haiti,1.0
10921,2018,Brazil,Honduras,1.0
10922,2018,Brazil,Mexico,1.0
10923,2018,Brazil,Panama,1.0
10924,2018,Brazil,Paraguay,0.0
10925,2018,Brazil,Peru,0.5
10926,2018,Brazil,Serbia,1.0
10927,2018,Brazil,Switzerland,0.0
10928,2018,Brazil,Venezuela,1.0
10929,2018,British Virgin Islands,Saint Martin,0.0
10930,2018,Brunei,Kyrgyzstan,0.0
10931,2018,Brunei,Myanmar,0.0
10932,2018,Brunei,Timor-Leste,1.0
10933,2018,Bulgaria,Azerbaijan,1.0
10934,2018,Bulgaria,Belarus,1.0
10935,2018,Bulgaria,Canada,0.0
10936,2018,Bulgaria,Croatia,0.0
10937,2018,Bulgaria,Italy,0.0
10938,2018,Bulgaria,Malta,0.0
10939,2018,Bulgaria,Norway,0.0
10940,2018,Bulgaria,Saudi Arabia,1.0
10941,2018,Burkina Faso,Angola,0.5
10942,2018,Burkina Faso,Benin,0.0
10943,2018,Burkina Faso,Botswana,1.0
10944,2018,Burkina Faso,Cameroon,0.0
10945,2018,Burkina Faso,Comoros,0.5
10946,2018,Burkina Faso,Egypt,0.0
10947,2018,Burkina Faso,Eswatini,1.0
10948,2018,Burkina Faso,Gabon,0.0
10949,2018,Burkina Faso,Ghana,1.0
10950,2018,Burkina Faso,Lesotho,1.0
10951,2018,Burkina Faso,Mali,0.5
10952,2018,Burkina Faso,Senegal,0.0
10953,2018,Burkina Faso,Tunisia,1.0
10954,2018,Burkina Faso,Uganda,1.0
10955,2018,Burundi,Botswana,0.0
10956,2018,Burundi,Djibouti,1.0
10957,2018,Burundi,Ethiopia,1.0
10958,2018,Burundi,Namibia,0.0
10959,2018,Burundi,Niger,1.0
10960,2018,Burundi,Rwanda,0.0
10961,2018,Burundi,Senegal,0.0
10962,2018,Burundi,South Sudan,1.0
10963,2018,Burundi,Tanzania,1.0
10964,2018,Burundi,Uganda,0.0
10965,2018,Burundi,Zanzibar,1.0
10966,2018,Cambodia,Afghanistan,1.0
10967,2018,Cambodia,Bhutan,1.0
10968,2018,Cambodia,Brunei,1.0
10969,2018,Cambodia,Hong Kong,0.0
10970,2018,Cambodia,India,0.0
10971,2018,Cambodia,Indonesia,0.0
10972,2018,Cambodia,Jordan,0.0
10973,2018,Cambodia,Laos,0.5
10974,2018,Cambodia,Myanmar,0.3333333333333333
10975,2018,Cambodia,Saudi Arabia,0.0
10976,2018,Cambodia,Singapore,1.0
10977,2018,Cambodia,Sri Lanka,1.0
10978,2018,Cambodia,Taiwan,1.0
10979,2018,Cambodia,Timor-Leste,1.0
10980,2018,Cambodia,Vietnam,0.0
10981,2018,Cameroon,Colombia,0.0
10982,2018,Cameroon,DR Congo,0.6666666666666666
10983,2018,Cameroon,Gabon,1.0
10984,2018,Cameroon,Gambia,1.0
10985,2018,Cameroon,Ghana,1.0
10986,2018,Cameroon,Guinea,0.0
10987,2018,Cameroon,Guinea-Bissau,1.0
10988,2018,Cameroon,Ivory Coast,0.5
10989,2018,Cameroon,Mauritania,1.0
10990,2018,Cameroon,Moldova,1.0
10991,2018,Cameroon,Morocco,1.0
10992,2018,Cameroon,Paraguay,0.0
10993,2018,Cameroon,Sierra Leone,0.5
10994,2018,Cameroon,South Africa,0.0
10995,2018,Cameroon,Zimbabwe,0.0
10996,2018,Canada,Costa Rica,0.0
10997,2018,Canada,Curaçao,1.0
10998,2018,Canada,Guatemala,1.0
10999,2018,Canada,Honduras,0.0
11000,2018,Canada,Iceland,0.0
11001,2018,Canada,Jamaica,1.0
11002,2018,Canada,Uzbekistan,1.0
11003,2018,Cape Verde,Congo,1.0
11004,2018,Cape Verde,DR Congo,0.0
11005,2018,Cape Verde,Libya,0.0
11006,2018,Cape Verde,Morocco,0.0
11007,2018,Cape Verde,Mozambique,1.0
11008,2018,Cape Verde,Niger,1.0
11009,2018,Cape Verde,São Tomé and Príncipe,1.0
11010,2018,Cape Verde,Uganda,0.0
11011,2018,Cape Verde,Zambia,0.5
11012,2018,Catalonia,Basque Country,0.0
11013,2018,Catalonia,Tunisia,0.0
11014,2018,Central African Republic,Angola,1.0
11015,2018,Central African Republic,DR Congo,1.0
11016,2018,Central African Republic,Gambia,0.0
11017,2018,Central African Republic,Guinea-Bissau,0.0
11018,2018,Central African Republic,Madagascar,1.0
11019,2018,Central African Republic,Rwanda,1.0
11020,2018,Chad,Malawi,1.0
11021,2018,Chile,Argentina,0.0
11022,2018,Chile,Bolivia,1.0
11023,2018,Chile,Burkina Faso,1.0
11024,2018,Chile,Costa Rica,1.0
11025,2018,Chile,Croatia,0.0
11026,2018,Chile,Ecuador,1.0
11027,2018,Chile,Iran,0.0
11028,2018,Chile,Mexico,0.0
11029,2018,Chile,Panama,1.0
11030,2018,Chile,Paraguay,1.0
11031,2018,Chile,Peru,1.0
11032,2018,Chile,United States,1.0
11033,2018,Chile,Uruguay,0.5
11034,2018,China PR,Colombia,0.0
11035,2018,China PR,Croatia,0.0
11036,2018,China PR,Haiti,0.0
11037,2018,China PR,Honduras,0.0
11038,2018,China PR,Iceland,0.0
11039,2018,China PR,Japan,0.0
11040,2018,China PR,Jordan,0.0
11041,2018,China PR,Kazakhstan,0.0
11042,2018,China PR,Kuwait,1.0
11043,2018,China PR,Mali,0.0
11044,2018,China PR,New Zealand,0.0
11045,2018,China PR,North Korea,0.6666666666666666
11046,2018,China PR,North Macedonia,0.5
11047,2018,China PR,Oman,1.0
11048,2018,China PR,Palestine,0.0
11049,2018,China PR,Paraguay,1.0
11050,2018,China PR,Philippines,1.0
11051,2018,China PR,Serbia,0.0
11052,2018,China PR,South Korea,0.0
11053,2018,China PR,Thailand,1.0
11054,2018,China PR,Trinidad and Tobago,1.0
11055,2018,China PR,Tunisia,0.0
11056,2018,China PR,Uzbekistan,1.0
11057,2018,Colombia,Chile,0.0
11058,2018,Colombia,Costa Rica,0.5
11059,2018,Colombia,England,0.0
11060,2018,Colombia,Japan,0.0
11061,2018,Colombia,Jordan,1.0
11062,2018,Colombia,Paraguay,1.0
11063,2018,Colombia,Peru,0.0
11064,2018,Colombia,Senegal,0.0
11065,2018,Colombia,Tunisia,0.0
11066,2018,Colombia,Venezuela,0.0
11067,2018,Comoros,Botswana,1.0
11068,2018,Comoros,Burkina Faso,0.0
11069,2018,Comoros,Kenya,0.0
11070,2018,Comoros,Madagascar,0.0
11071,2018,Comoros,Mauritius,1.0
11072,2018,Comoros,Uganda,0.0
11073,2018,Congo,Benin,0.5
11074,2018,Congo,Burkina Faso,1.0
11075,2018,Congo,DR Congo,0.0
11076,2018,Congo,Ghana,0.0
11077,2018,Congo,Guinea-Bissau,1.0
11078,2018,Congo,Kenya,0.0
11079,2018,Congo,Namibia,1.0
11080,2018,Congo,Nigeria,0.0
11081,2018,Congo,Rwanda,1.0
11082,2018,Congo,Senegal,0.0
11083,2018,Congo,South Africa,0.0
11084,2018,Congo,Sudan,1.0
11085,2018,Congo,Zambia,0.0
11086,2018,Corsica,Basque Country,0.0
11087,2018,Corsica,Burkina Faso,1.0
11088,2018,Corsica,Nigeria,0.0
11089,2018,Costa Rica,Brazil,0.0
11090,2018,Costa Rica,Canada,0.0
11091,2018,Costa Rica,El Salvador,0.0
11092,2018,Costa Rica,French Guiana,1.0
11093,2018,Costa Rica,Jamaica,0.0
11094,2018,Costa Rica,Japan,0.0
11095,2018,Costa Rica,Panama,1.0
11096,2018,Costa Rica,Paraguay,0.0
11097,2018,Costa Rica,Republic of Ireland,0.0
11098,2018,Costa Rica,Serbia,0.0
11099,2018,Costa Rica,South Korea,0.0
11100,2018,Costa Rica,Venezuela,1.0
11101,2018,County of Nice,Ellan Vannin,1.0
11102,2018,County of Nice,Padania,0.0
11103,2018,Croatia,Australia,1.0
11104,2018,Croatia,Azerbaijan,1.0
11105,2018,Croatia,Bulgaria,1.0
11106,2018,Croatia,Cyprus,1.0
11107,2018,Croatia,Denmark,0.0
11108,2018,Croatia,England,1.0
11109,2018,Croatia,Gibraltar,1.0
11110,2018,Croatia,Israel,1.0
11111,2018,Croatia,Italy,0.0
11112,2018,Croatia,Mali,1.0
11113,2018,Croatia,Malta,1.0
11114,2018,Croatia,Moldova,1.0
11115,2018,Croatia,Nigeria,1.0
11116,2018,Croatia,Norway,1.0
11117,2018,Croatia,Portugal,0.0
11118,2018,Croatia,San Marino,1.0
11119,2018,Croatia,Spain,1.0
11120,2018,Cuba,Indonesia,1.0
11121,2018,Cuba,United States,0.0
11122,2018,Curaçao,El Salvador,0.0
11123,2018,Curaçao,Jamaica,0.0
11124,2018,Curaçao,Mexico,0.0
11125,2018,Curaçao,Nicaragua,0.0
11126,2018,Curaçao,Trinidad and Tobago,1.0
11127,2018,Cyprus,Andorra,1.0
11128,2018,Cyprus,Belgium,0.0
11129,2018,Cyprus,Bosnia and Herzegovina,0.0
11130,2018,Cyprus,Israel,0.0
11131,2018,Cyprus,Kazakhstan,1.0
11132,2018,Cyprus,Northern Ireland,0.0
11133,2018,Cyprus,Wales,0.0
11134,2018,Czech Republic,Armenia,1.0
11135,2018,Czech Republic,Austria,0.0
11136,2018,Czech Republic,Croatia,0.0
11137,2018,Czech Republic,Denmark,0.0
11138,2018,Czech Republic,Iceland,1.0
11139,2018,Czech Republic,Kazakhstan,1.0
11140,2018,Czech Republic,Latvia,0.0
11141,2018,Czech Republic,Lithuania,1.0
11142,2018,Czech Republic,Malta,1.0
11143,2018,Czech Republic,Netherlands,1.0
11144,2018,Czech Republic,Norway,0.0
11145,2018,Czech Republic,Russia,1.0
11146,2018,Czech Republic,Scotland,0.0
11147,2018,Czech Republic,Serbia,1.0
11148,2018,Czech Republic,South Korea,0.0
11149,2018,Czech Republic,Turkey,0.0
11150,2018,Czech Republic,United States,0.0
11151,2018,DR Congo,Angola,1.0
11152,2018,DR Congo,Botswana,1.0
11153,2018,DR Congo,Cameroon,0.0
11154,2018,DR Congo,Central African Republic,1.0
11155,2018,DR Congo,Congo,1.0
11156,2018,DR Congo,Ghana,0.0
11157,2018,DR Congo,Ivory Coast,0.0
11158,2018,DR Congo,Kenya,0.0
11159,2018,DR Congo,Madagascar,1.0
11160,2018,DR Congo,Morocco,1.0
11161,2018,DR Congo,Mozambique,1.0
11162,2018,DR Congo,Sierra Leone,1.0
11163,2018,DR Congo,Tunisia,0.0
11164,2018,DR Congo,Zambia,1.0
11165,2018,Denmark,Albania,0.0
11166,2018,Denmark,Armenia,1.0
11167,2018,Denmark,Australia,0.0
11168,2018,Denmark,France,0.0
11169,2018,Denmark,Germany,0.0
11170,2018,Denmark,Iceland,1.0
11171,2018,Denmark,Liechtenstein,1.0
11172,2018,Denmark,Montenegro,1.0
11173,2018,Denmark,Portugal,0.0
11174,2018,Denmark,Serbia,1.0
11175,2018,Denmark,Sweden,0.5
11176,2018,Denmark,Turkey,0.0
11177,2018,Denmark,United States,1.0
11178,2018,Djibouti,Liberia,0.0
11179,2018,Djibouti,South Sudan,1.0
11180,2018,Djibouti,Sudan,0.0
11181,2018,Djibouti,Togo,0.0
11182,2018,Djibouti,Tunisia,0.0
11183,2018,Dominican Republic,Cayman Islands,1.0
11184,2018,Dominican Republic,Cuba,0.0
11185,2018,Dominican Republic,Nicaragua,1.0
11186,2018,Dominican Republic,Puerto Rico,1.0
11187,2018,Donetsk PR,Luhansk PR,0.5
11188,2018,Ecuador,Bolivia,0.0
11189,2018,Ecuador,England,0.0
11190,2018,Ecuador,Haiti,1.0
11191,2018,Ecuador,Honduras,1.0
11192,2018,Ecuador,Panama,1.0
11193,2018,Ecuador,Peru,0.0
11194,2018,Ecuador,Trinidad and Tobago,1.0
11195,2018,Ecuador,Venezuela,0.0
11196,2018,Egypt,Botswana,1.0
11197,2018,Egypt,Burkina Faso,1.0
11198,2018,Egypt,Cameroon,0.0
11199,2018,Egypt,Equatorial Guinea,1.0
11200,2018,Egypt,Ghana,1.0
11201,2018,Egypt,Guinea,0.0
11202,2018,Egypt,Jordan,0.0
11203,2018,Egypt,Kenya,1.0
11204,2018,Egypt,Libya,1.0
11205,2018,Egypt,Malawi,1.0
11206,2018,Egypt,Morocco,1.0
11207,2018,Egypt,Nigeria,1.0
11208,2018,Egypt,Senegal,0.0
11209,2018,Egypt,Tanzania,1.0
11210,2018,Egypt,Togo,1.0
11211,2018,Egypt,Tunisia,0.5
11212,2018,Egypt,Uganda,1.0
11213,2018,Egypt,Uruguay,0.0
11214,2018,Egypt,Zambia,1.0
11215,2018,El Salvador,Armenia,0.0
11216,2018,El Salvador,Canada,0.5
11217,2018,El Salvador,Curaçao,1.0
11218,2018,El Salvador,Dominican Republic,1.0
11219,2018,El Salvador,Ecuador,0.0
11220,2018,El Salvador,Guatemala,0.0
11221,2018,El Salvador,Honduras,0.0
11222,2018,El Salvador,Ivory Coast,0.0
11223,2018,El Salvador,Peru,0.0
11224,2018,El Salvador,Spain,0.0
11225,2018,Ellan Vannin,Felvidék,0.5
11226,2018,Ellan Vannin,Monaco,1.0
11227,2018,Ellan Vannin,Székely Land,0.0
11228,2018,England,Australia,1.0
11229,2018,England,Belgium,0.0
11230,2018,England,Brazil,0.0
11231,2018,England,Denmark,1.0
11232,2018,England,Estonia,1.0
11233,2018,England,France,1.0
11234,2018,England,Germany,0.0
11235,2018,England,Iceland,0.0
11236,2018,England,Lithuania,1.0
11237,2018,England,Netherlands,0.0
11238,2018,England,Norway,1.0
11239,2018,England,Panama,1.0
11240,2018,England,Peru,1.0
11241,2018,England,Portugal,1.0
11242,2018,England,Russia,0.0
11243,2018,England,San Marino,1.0
11244,2018,England,Slovenia,1.0
11245,2018,England,Spain,0.0
11246,2018,England,Switzerland,1.0
11247,2018,England,Turkey,1.0
11248,2018,England,Wales,1.0
11249,2018,Equatorial Guinea,Benin,0.0
11250,2018,Equatorial Guinea,Burkina Faso,0.0
11251,2018,Equatorial Guinea,Congo,0.0
11252,2018,Equatorial Guinea,DR Congo,0.0
11253,2018,Equatorial Guinea,Gabon,1.0
11254,2018,Equatorial Guinea,Ghana,0.0
11255,2018,Equatorial Guinea,Mali,0.0
11256,2018,Equatorial Guinea,Mauritania,1.0
11257,2018,Equatorial Guinea,Mauritius,1.0
11258,2018,Equatorial Guinea,South Sudan,1.0
11259,2018,Equatorial Guinea,Tunisia,1.0
11260,2018,Estonia,Andorra,1.0
11261,2018,Estonia,Croatia,1.0
11262,2018,Estonia,England,0.0
11263,2018,Estonia,Georgia,1.0
11264,2018,Estonia,Gibraltar,0.0
11265,2018,Estonia,Iceland,0.0
11266,2018,Estonia,Jordan,1.0
11267,2018,Estonia,Lithuania,1.0
11268,2018,Estonia,Malta,0.0
11269,2018,Estonia,Norway,0.0
11270,2018,Estonia,Saint Kitts and Nevis,1.0
11271,2018,Estonia,San Marino,1.0
11272,2018,Estonia,Serbia,0.0
11273,2018,Estonia,Slovenia,1.0
11274,2018,Estonia,Switzerland,0.0
11275,2018,Estonia,Tajikistan,1.0
11276,2018,Eswatini,DR Congo,1.0
11277,2018,Eswatini,Guinea,1.0
11278,2018,Eswatini,Madagascar,1.0
11279,2018,Eswatini,Malawi,0.0
11280,2018,Eswatini,Seychelles,1.0
11281,2018,Eswatini,Sierra Leone,0.0
11282,2018,Eswatini,South Africa,0.0
11283,2018,Eswatini,Tanzania,0.0
11284,2018,Eswatini,Zimbabwe,0.0
11285,2018,Ethiopia,Algeria,0.0
11286,2018,Ethiopia,Lesotho,1.0
11287,2018,Ethiopia,Malawi,0.0
11288,2018,Ethiopia,Mali,0.0
11289,2018,Ethiopia,Rwanda,0.0
11290,2018,Ethiopia,Seychelles,1.0
11291,2018,Ethiopia,Somalia,1.0
11292,2018,Ethiopia,Sudan,0.0
11293,2018,Ethiopia,Tanzania,0.0
11294,2018,Ethiopia,Uganda,0.0
11295,2018,Ethiopia,Zambia,0.0
11296,2018,Faroe Islands,Finland,0.0
11297,2018,Faroe Islands,Greece,1.0
11298,2018,Faroe Islands,Hungary,0.0
11299,2018,Faroe Islands,Kosovo,0.0
11300,2018,Faroe Islands,Northern Ireland,0.0
11301,2018,Faroe Islands,Romania,0.0
11302,2018,Felvidék,County of Nice,0.0
11303,2018,Felvidék,Székely Land,1.0
11304,2018,Fiji,American Samoa,1.0
11305,2018,Fiji,Estonia,0.0
11306,2018,Fiji,Malaysia,0.0
11307,2018,Fiji,New Caledonia,1.0
11308,2018,Fiji,Solomon Islands,0.5
11309,2018,Fiji,Tonga,1.0
11310,2018,Fiji,Tuvalu,1.0
11311,2018,Fiji,Vanuatu,0.0
11312,2018,Finland,Czech Republic,0.0
11313,2018,Finland,Estonia,0.5
11314,2018,Finland,Faroe Islands,1.0
11315,2018,Finland,Greece,0.0
11316,2018,Finland,Hungary,0.0
11317,2018,Finland,Iceland,0.0
11318,2018,Finland,Liechtenstein,0.0
11319,2018,Finland,Northern Ireland,0.0
11320,2018,Finland,Romania,0.0
11321,2018,Finland,Sweden,1.0
11322,2018,France,Albania,0.5
11323,2018,France,Argentina,1.0
11324,2018,France,Armenia,1.0
11325,2018,France,Australia,1.0
11326,2018,France,Belgium,0.5
11327,2018,France,Brazil,0.0
11328,2018,France,Cameroon,1.0
11329,2018,France,Croatia,1.0
11330,2018,France,Denmark,1.0
11331,2018,France,England,1.0
11332,2018,France,Germany,1.0
11333,2018,France,Iceland,1.0
11334,2018,France,Ivory Coast,0.0
11335,2018,France,Jamaica,1.0
11336,2018,France,Netherlands,1.0
11337,2018,France,Norway,1.0
11338,2018,France,Paraguay,0.5
11339,2018,France,Peru,1.0
11340,2018,France,Portugal,0.5
11341,2018,France,Republic of Ireland,1.0
11342,2018,France,Romania,1.0
11343,2018,France,Russia,1.0
11344,2018,France,Scotland,1.0
11345,2018,France,Serbia,1.0
11346,2018,France,Spain,0.5
11347,2018,France,Sweden,1.0
11348,2018,France,Switzerland,0.0
11349,2018,France,Wales,1.0
11350,2018,Franconia,Raetia,1.0
11351,2018,French Guiana,Barbados,1.0
11352,2018,French Guiana,Canada,0.0
11353,2018,French Guiana,Honduras,1.0
11354,2018,French Guiana,Suriname,0.0
11355,2018,Gabon,Angola,1.0
11356,2018,Gabon,Botswana,0.0
11357,2018,Gabon,Burkina Faso,0.5
11358,2018,Gabon,Cameroon,0.0
11359,2018,Gabon,Comoros,0.0
11360,2018,Gabon,Congo,0.0
11361,2018,Gabon,DR Congo,0.0
11362,2018,Gabon,Guinea-Bissau,0.0
11363,2018,Gabon,Ivory Coast,0.0
11364,2018,Gabon,Lesotho,1.0
11365,2018,Gabon,Mali,1.0
11366,2018,Gabon,Mauritania,0.0
11367,2018,Gabon,Rwanda,0.0
11368,2018,Gabon,Sierra Leone,1.0
11369,2018,Gabon,Sudan,1.0
11370,2018,Gabon,Zambia,0.0
11371,2018,Galicia,Venezuela,0.0
11372,2018,Gambia,Cameroon,0.0
11373,2018,Gambia,Guinea-Bissau,0.0
11374,2018,Gambia,Mauritania,0.5
11375,2018,Gambia,South Africa,0.0
11376,2018,Gambia,Zambia,0.0
11377,2018,Georgia,Belarus,0.0
11378,2018,Georgia,Cyprus,1.0
11379,2018,Georgia,Germany,0.0
11380,2018,Georgia,Gibraltar,1.0
11381,2018,Georgia,Kazakhstan,0.0
11382,2018,Georgia,Latvia,1.0
11383,2018,Georgia,Liechtenstein,1.0
11384,2018,Georgia,Malta,1.0
11385,2018,Georgia,Poland,0.0
11386,2018,Georgia,Republic of Ireland,0.0
11387,2018,Georgia,Saint Kitts and Nevis,1.0
11388,2018,Georgia,Saudi Arabia,1.0
11389,2018,Georgia,Scotland,1.0
11390,2018,Georgia,Ukraine,0.0
11391,2018,Georgia,United Arab Emirates,0.0
11392,2018,Germany,Argentina,0.0
11393,2018,Germany,Armenia,1.0
11394,2018,Germany,Australia,0.0
11395,2018,Germany,Cameroon,0.0
11396,2018,Germany,Chile,1.0
11397,2018,Germany,England,0.5
11398,2018,Germany,Finland,1.0
11399,2018,Germany,France,0.0
11400,2018,Germany,Georgia,1.0
11401,2018,Germany,Gibraltar,1.0
11402,2018,Germany,Hungary,1.0
11403,2018,Germany,Italy,0.5
11404,2018,Germany,Mexico,0.0
11405,2018,Germany,Poland,0.3333333333333333
11406,2018,Germany,Republic of Ireland,0.0
11407,2018,Germany,Scotland,1.0
11408,2018,Germany,Slovakia,0.5
11409,2018,Germany,Sweden,1.0
11410,2018,Germany,Ukraine,1.0
11411,2018,Germany,United States,0.0
11412,2018,Ghana,Algeria,1.0
11413,2018,Ghana,Benin,0.0
11414,2018,Ghana,Ethiopia,1.0
11415,2018,Ghana,Guinea,1.0
11416,2018,Ghana,Madagascar,0.0
11417,2018,Ghana,Mali,0.5
11418,2018,Ghana,Mauritius,1.0
11419,2018,Ghana,Mozambique,1.0
11420,2018,Ghana,Rwanda,0.0
11421,2018,Ghana,Senegal,0.0
11422,2018,Ghana,South Korea,1.0
11423,2018,Ghana,Togo,1.0
11424,2018,Ghana,Uganda,0.5
11425,2018,Gibraltar,Estonia,0.0
11426,2018,Gibraltar,Faroe Islands,0.0
11427,2018,Gibraltar,Georgia,0.0
11428,2018,Gibraltar,Germany,0.0
11429,2018,Gibraltar,Latvia,0.0
11430,2018,Gibraltar,Liechtenstein,0.0
11431,2018,Gibraltar,Malta,1.0
11432,2018,Gibraltar,Poland,0.0
11433,2018,Gibraltar,Republic of Ireland,0.0
11434,2018,Gibraltar,Scotland,0.0
11435,2018,Greece,Belarus,0.0
11436,2018,Greece,Faroe Islands,0.0
11437,2018,Greece,Finland,0.0
11438,2018,Greece,Hungary,1.0
11439,2018,Greece,Iceland,0.0
11440,2018,Greece,Montenegro,1.0
11441,2018,Greece,Nigeria,0.0
11442,2018,Greece,Northern Ireland,0.0
11443,2018,Greece,Romania,0.0
11444,2018,Greece,Serbia,0.0
11445,2018,Greece,South Korea,0.0
11446,2018,Grenada,Bermuda,0.0
11447,2018,Grenada,Guyana,1.0
11448,2018,Grenada,Panama,0.0
11449,2018,Grenada,Saint Vincent and the Grenadines,1.0
11450,2018,Guadeloupe,Dominica,0.0
11451,2018,Guadeloupe,French Guiana,1.0
11452,2018,Guadeloupe,Martinique,0.0
11453,2018,Guam,Hong Kong,0.0
11454,2018,Guam,Macau,0.0
11455,2018,Guam,Mongolia,1.0
11456,2018,Guam,North Korea,0.0
11457,2018,Guam,Northern Mariana Islands,1.0
11458,2018,Guatemala,Armenia,0.0
11459,2018,Guatemala,Cuba,0.5
11460,2018,Guatemala,Mexico,0.0
11461,2018,Guatemala,Nicaragua,1.0
11462,2018,Guinea,Chad,1.0
11463,2018,Guinea,Eswatini,0.0
11464,2018,Guinea,Gabon,0.0
11465,2018,Guinea,Ghana,0.0
11466,2018,Guinea,Malawi,0.0
11467,2018,Guinea,Mali,0.0
11468,2018,Guinea,Togo,1.0
11469,2018,Guinea,Uganda,1.0
11470,2018,Guinea,Zimbabwe,1.0
11471,2018,Guinea-Bissau,Botswana,0.0
11472,2018,Guinea-Bissau,Burkina Faso,0.0
11473,2018,Guinea-Bissau,Central African Republic,1.0
11474,2018,Guinea-Bissau,Congo,0.0
11475,2018,Guinea-Bissau,Gambia,0.0
11476,2018,Guinea-Bissau,Kenya,1.0
11477,2018,Guinea-Bissau,Namibia,1.0
11478,2018,Guinea-Bissau,Zambia,1.0
11479,2018,Guyana,Grenada,1.0
11480,2018,Guyana,Martinique,0.0
11481,2018,Guyana,Suriname,1.0
11482,2018,Haiti,Chile,0.0
11483,2018,Haiti,Jamaica,0.0
11484,2018,Haiti,Peru,0.0
11485,2018,Honduras,Costa Rica,0.0
11486,2018,Honduras,Cuba,1.0
11487,2018,Honduras,England,0.0
11488,2018,Honduras,French Guiana,0.5
11489,2018,Honduras,Haiti,0.0
11490,2018,Honduras,Israel,0.0
11491,2018,Honduras,Mexico,0.0
11492,2018,Honduras,Nicaragua,1.0
11493,2018,Honduras,Panama,0.0
11494,2018,Honduras,Venezuela,0.0
11495,2018,Hong Kong,Argentina,0.0
11496,2018,Hong Kong,Bahrain,0.0
11497,2018,Hong Kong,Cambodia,1.0
11498,2018,Hong Kong,Guam,1.0
11499,2018,Hong Kong,Jordan,0.0
11500,2018,Hong Kong,Laos,1.0
11501,2018,Hong Kong,Lebanon,0.0
11502,2018,Hong Kong,Macau,1.0
11503,2018,Hong Kong,Malaysia,1.0
11504,2018,Hong Kong,Myanmar,1.0
11505,2018,Hong Kong,North Korea,0.0
11506,2018,Hong Kong,Singapore,1.0
11507,2018,Hong Kong,Taiwan,1.0
11508,2018,Hungary,Albania,1.0
11509,2018,Hungary,Belgium,0.0
11510,2018,Hungary,Costa Rica,1.0
11511,2018,Hungary,Croatia,0.0
11512,2018,Hungary,Denmark,0.0
11513,2018,Hungary,Faroe Islands,1.0
11514,2018,Hungary,Finland,0.5
11515,2018,Hungary,Greece,0.0
11516,2018,Hungary,Ivory Coast,0.0
11517,2018,Hungary,Kazakhstan,1.0
11518,2018,Hungary,Lithuania,1.0
11519,2018,Hungary,Northern Ireland,0.0
11520,2018,Hungary,Norway,1.0
11521,2018,Hungary,Portugal,0.0
11522,2018,Hungary,Romania,0.0
11523,2018,Hungary,Russia,0.0
11524,2018,Iceland,Austria,1.0
11525,2018,Iceland,Chile,0.0
11526,2018,Iceland,Croatia,0.0
11527,2018,Iceland,Czech Republic,0.5
11528,2018,Iceland,Estonia,1.0
11529,2018,Iceland,Hungary,0.0
11530,2018,Iceland,Kazakhstan,0.0
11531,2018,Iceland,Latvia,0.0
11532,2018,Iceland,Liechtenstein,1.0
11533,2018,Iceland,Netherlands,1.0
11534,2018,Iceland,Sweden,0.0
11535,2018,Iceland,Turkey,1.0
11536,2018,India,Afghanistan,1.0
11537,2018,India,Bangladesh,0.0
11538,2018,India,Kyrgyzstan,1.0
11539,2018,India,Laos,1.0
11540,2018,India,Macau,1.0
11541,2018,India,Maldives,1.0
11542,2018,India,Mauritius,1.0
11543,2018,India,Myanmar,0.0
11544,2018,India,Nepal,0.6666666666666666
11545,2018,India,Palestine,0.0
11546,2018,India,Puerto Rico,1.0
11547,2018,India,Saint Kitts and Nevis,0.0
11548,2018,India,Sri Lanka,1.0
11549,2018,Indonesia,Brunei,1.0
11550,2018,Indonesia,Cambodia,1.0
11551,2018,Indonesia,Cameroon,0.0
11552,2018,Indonesia,Fiji,0.0
11553,2018,Indonesia,Guyana,1.0
11554,2018,Indonesia,Kyrgyzstan,0.0
11555,2018,Indonesia,Laos,1.0
11556,2018,Indonesia,Malaysia,1.0
11557,2018,Indonesia,Mongolia,1.0
11558,2018,Indonesia,Myanmar,0.5
11559,2018,Indonesia,Nepal,1.0
11560,2018,Indonesia,Pakistan,1.0
11561,2018,Indonesia,Puerto Rico,0.0
11562,2018,Indonesia,Syria,0.0
11563,2018,Indonesia,Thailand,1.0
11564,2018,Indonesia,Vietnam,0.5
11565,2018,Indonesia,Yemen,0.0
11566,2018,Iran,Bahrain,1.0
11567,2018,Iran,Guinea,0.0
11568,2018,Iran,Iraq,0.3333333333333333
11569,2018,Iran,Japan,0.0
11570,2018,Iran,Kuwait,1.0
11571,2018,Iran,Kyrgyzstan,1.0
11572,2018,Iran,Panama,1.0
11573,2018,Iran,Papua New Guinea,1.0
11574,2018,Iran,Portugal,0.0
11575,2018,Iran,South Korea,1.0
11576,2018,Iran,Spain,0.0
11577,2018,Iran,Togo,1.0
11578,2018,Iran,Trinidad and Tobago,1.0
11579,2018,Iran,United Arab Emirates,1.0
11580,2018,Iran,Venezuela,1.0
11581,2018,Iraq,China PR,1.0
11582,2018,Iraq,DR Congo,1.0
11583,2018,Iraq,Japan,0.0
11584,2018,Iraq,Jordan,1.0
11585,2018,Iraq,Kenya,1.0
11586,2018,Iraq,Kuwait,0.0
11587,2018,Iraq,North Korea,0.5
11588,2018,Iraq,Palestine,1.0
11589,2018,Iraq,Peru,0.0
11590,2018,Iraq,South Korea,0.0
11591,2018,Iraq,Syria,0.0
11592,2018,Iraq,United Arab Emirates,0.0
11593,2018,Israel,Andorra,1.0
11594,2018,Israel,Belgium,0.0
11595,2018,Israel,Bosnia and Herzegovina,1.0
11596,2018,Israel,Cyprus,0.0
11597,2018,Israel,Moldova,0.0
11598,2018,Israel,Slovakia,0.0
11599,2018,Israel,Wales,0.0
11600,2018,Italy,Albania,1.0
11601,2018,Italy,Azerbaijan,1.0
11602,2018,Italy,Bulgaria,1.0
11603,2018,Italy,Croatia,0.0
11604,2018,Italy,England,0.0
11605,2018,Italy,Finland,1.0
11606,2018,Italy,France,0.0
11607,2018,Italy,Germany,0.0
11608,2018,Italy,Luxembourg,0.0
11609,2018,Italy,Malta,1.0
11610,2018,Italy,Netherlands,1.0
11611,2018,Italy,Norway,1.0
11612,2018,Italy,Portugal,0.0
11613,2018,Italy,Republic of Ireland,0.0
11614,2018,Italy,Romania,0.0
11615,2018,Italy,San Marino,1.0
11616,2018,Italy,Scotland,1.0
11617,2018,Italy,Spain,0.5
11618,2018,Italy,Sweden,1.0
11619,2018,Italy,Uruguay,1.0
11620,2018,Ivory Coast,Algeria,1.0
11621,2018,Ivory Coast,Angola,1.0
11622,2018,Ivory Coast,Benin,0.0
11623,2018,Ivory Coast,Cameroon,0.0
11624,2018,Ivory Coast,DR Congo,0.0
11625,2018,Ivory Coast,Equatorial Guinea,0.0
11626,2018,Ivory Coast,Gabon,1.0
11627,2018,Ivory Coast,Ghana,0.0
11628,2018,Ivory Coast,Guinea,0.0
11629,2018,Ivory Coast,Mali,0.0
11630,2018,Ivory Coast,Senegal,0.0
11631,2018,Ivory Coast,Sierra Leone,0.6666666666666666
11632,2018,Ivory Coast,Sudan,1.0
11633,2018,Ivory Coast,Sweden,1.0
11634,2018,Ivory Coast,Togo,0.0
11635,2018,Ivory Coast,Uganda,1.0
11636,2018,Ivory Coast,Zimbabwe,0.0
11637,2018,Jamaica,Canada,1.0
11638,2018,Jamaica,Cuba,1.0
11639,2018,Jamaica,Egypt,0.0
11640,2018,Jamaica,El Salvador,0.5
11641,2018,Jamaica,Mexico,0.0
11642,2018,Jamaica,Serbia,0.0
11643,2018,Jamaica,Venezuela,0.0
11644,2018,Japan,Australia,1.0
11645,2018,Japan,Brazil,0.0
11646,2018,Japan,China PR,1.0
11647,2018,Japan,Cyprus,1.0
11648,2018,Japan,Honduras,1.0
11649,2018,Japan,Jamaica,1.0
11650,2018,Japan,Jordan,1.0
11651,2018,Japan,New Zealand,1.0
11652,2018,Japan,North Korea,1.0
11653,2018,Japan,Palestine,1.0
11654,2018,Japan,Poland,0.0
11655,2018,Japan,Senegal,0.0
11656,2018,Japan,South Korea,0.0
11657,2018,Japan,United Arab Emirates,0.0
11658,2018,Japan,Uzbekistan,1.0
11659,2018,Japan,Venezuela,0.0
11660,2018,Japan,Zambia,1.0
11661,2018,Jersey,Panjab,0.0
11662,2018,Jordan,Afghanistan,1.0
11663,2018,Jordan,Cambodia,1.0
11664,2018,Jordan,Georgia,1.0
11665,2018,Jordan,Hong Kong,1.0
11666,2018,Jordan,Iraq,0.3333333333333333
11667,2018,Jordan,Kuwait,0.0
11668,2018,Jordan,Lebanon,0.0
11669,2018,Jordan,Libya,0.0
11670,2018,Jordan,Malta,1.0
11671,2018,Jordan,Qatar,0.0
11672,2018,Jordan,South Korea,0.0
11673,2018,Jordan,Syria,0.5
11674,2018,Jordan,Trinidad and Tobago,1.0
11675,2018,Kazakhstan,Burkina Faso,0.0
11676,2018,Kazakhstan,Czech Republic,0.0
11677,2018,Kazakhstan,Iceland,0.0
11678,2018,Kazakhstan,Kyrgyzstan,1.0
11679,2018,Kazakhstan,Latvia,0.0
11680,2018,Kazakhstan,Lithuania,0.0
11681,2018,Kazakhstan,Moldova,0.0
11682,2018,Kazakhstan,Netherlands,0.0
11683,2018,Kazakhstan,Tajikistan,1.0
11684,2018,Kazakhstan,Turkey,0.0
11685,2018,Kenya,Burundi,0.3333333333333333
11686,2018,Kenya,Comoros,1.0
11687,2018,Kenya,Congo,1.0
11688,2018,Kenya,DR Congo,1.0
11689,2018,Kenya,Guinea-Bissau,0.0
11690,2018,Kenya,Lesotho,0.0
11691,2018,Kenya,Liberia,1.0
11692,2018,Kenya,Libya,0.0
11693,2018,Kenya,Mauritania,0.0
11694,2018,Kenya,Mozambique,1.0
11695,2018,Kenya,Rwanda,1.0
11696,2018,Kenya,South Sudan,1.0
11697,2018,Kenya,Sudan,0.0
11698,2018,Kenya,Tanzania,0.5
11699,2018,Kenya,Uganda,0.5
11700,2018,Kenya,Zambia,0.0
11701,2018,Kenya,Zanzibar,0.0
11702,2018,Kosovo,Albania,0.0
11703,2018,Kosovo,Equatorial Guinea,1.0
11704,2018,Kosovo,Haiti,0.0
11705,2018,Kosovo,Latvia,1.0
11706,2018,Kosovo,Oman,1.0
11707,2018,Kosovo,Senegal,0.0
11708,2018,Kosovo,Turkey,0.0
11709,2018,Kuwait,Afghanistan,1.0
11710,2018,Kuwait,Bahrain,0.0
11711,2018,Kuwait,Colombia,0.0
11712,2018,Kuwait,Jordan,0.0
11713,2018,Kuwait,Kyrgyzstan,0.0
11714,2018,Kuwait,South Korea,0.0
11715,2018,Kuwait,Yemen,0.0
11716,2018,Kyrgyzstan,Kazakhstan,1.0
11717,2018,Kyrgyzstan,Lebanon,0.0
11718,2018,Kyrgyzstan,Macau,1.0
11719,2018,Kyrgyzstan,Mongolia,1.0
11720,2018,Kyrgyzstan,Myanmar,1.0
11721,2018,Kyrgyzstan,Philippines,0.0
11722,2018,Kyrgyzstan,Turkmenistan,1.0
11723,2018,Kárpátalja,Abkhazia,0.0
11724,2018,Kárpátalja,Ellan Vannin,0.0
11725,2018,Laos,Afghanistan,0.0
11726,2018,Laos,Brunei,1.0
11727,2018,Laos,Cambodia,1.0
11728,2018,Laos,India,0.0
11729,2018,Laos,Macau,0.0
11730,2018,Laos,Malaysia,0.0
11731,2018,Laos,Maldives,0.0
11732,2018,Laos,Myanmar,0.0
11733,2018,Laos,Nepal,0.0
11734,2018,Laos,Philippines,0.0
11735,2018,Laos,Timor-Leste,1.0
11736,2018,Latvia,Armenia,1.0
11737,2018,Latvia,Czech Republic,0.0
11738,2018,Latvia,Estonia,0.0
11739,2018,Latvia,Iceland,0.0
11740,2018,Latvia,Kazakhstan,0.0
11741,2018,Latvia,Luxembourg,1.0
11742,2018,Latvia,Netherlands,0.0
11743,2018,Latvia,Turkey,0.0
11744,2018,Lebanon,Afghanistan,1.0
11745,2018,Lebanon,Equatorial Guinea,0.0
11746,2018,Lebanon,Hong Kong,1.0
11747,2018,Lebanon,Iraq,0.0
11748,2018,Lebanon,Jordan,0.0
11749,2018,Lebanon,North Korea,1.0
11750,2018,Lebanon,Pakistan,1.0
11751,2018,Lebanon,Palestine,0.0
11752,2018,Lebanon,Syria,0.0
11753,2018,Lesotho,Algeria,0.0
11754,2018,Lesotho,Angola,0.0
11755,2018,Lesotho,Burkina Faso,0.0
11756,2018,Lesotho,Eswatini,0.0
11757,2018,Lesotho,Ethiopia,0.0
11758,2018,Lesotho,Gabon,0.0
11759,2018,Lesotho,Kenya,1.0
11760,2018,Lesotho,Liberia,1.0
11761,2018,Lesotho,Madagascar,0.0
11762,2018,Lesotho,Mauritania,1.0
11763,2018,Lesotho,Mauritius,1.0
11764,2018,Lesotho,Seychelles,1.0
11765,2018,Lesotho,South Africa,0.0
11766,2018,Lesotho,Tanzania,1.0
11767,2018,Lesotho,Zambia,0.0
11768,2018,Lesotho,Zimbabwe,0.0
11769,2018,Liberia,Djibouti,1.0
11770,2018,Liberia,Lesotho,1.0
11771,2018,Liberia,Togo,0.0
11772,2018,Liberia,Tunisia,1.0
11773,2018,Libya,Cape Verde,0.0
11774,2018,Libya,Morocco,0.0
11775,2018,Libya,Rwanda,0.0
11776,2018,Libya,Senegal,0.0
11777,2018,Libya,Seychelles,1.0
11778,2018,Libya,São Tomé and Príncipe,1.0
11779,2018,Libya,Tanzania,0.0
11780,2018,Libya,Togo,0.0
11781,2018,Libya,Zanzibar,1.0
11782,2018,Liechtenstein,Austria,0.0
11783,2018,Liechtenstein,Belarus,0.0
11784,2018,Liechtenstein,Faroe Islands,0.0
11785,2018,Liechtenstein,Moldova,0.0
11786,2018,Liechtenstein,Montenegro,0.0
11787,2018,Liechtenstein,Russia,0.0
11788,2018,Liechtenstein,San Marino,1.0
11789,2018,Liechtenstein,Sweden,0.0
11790,2018,Lithuania,England,0.0
11791,2018,Lithuania,Estonia,1.0
11792,2018,Lithuania,San Marino,1.0
11793,2018,Lithuania,Slovenia,0.0
11794,2018,Lithuania,Switzerland,0.0
11795,2018,Lithuania,United Arab Emirates,0.0
11796,2018,Luhansk PR,Donetsk PR,1.0
11797,2018,Luxembourg,Albania,0.5
11798,2018,Luxembourg,Belarus,0.0
11799,2018,Luxembourg,Bosnia and Herzegovina,0.0
11800,2018,Luxembourg,Cape Verde,0.0
11801,2018,Luxembourg,Greece,1.0
11802,2018,Luxembourg,Hungary,1.0
11803,2018,Luxembourg,Moldova,0.0
11804,2018,Luxembourg,Nigeria,0.0
11805,2018,Luxembourg,North Macedonia,1.0
11806,2018,Luxembourg,Portugal,0.0
11807,2018,Luxembourg,Slovakia,0.0
11808,2018,Luxembourg,Spain,0.0
11809,2018,Luxembourg,Turkey,0.0
11810,2018,Luxembourg,Ukraine,0.0
11811,2018,Macau,Brunei,0.0
11812,2018,Macau,India,0.0
11813,2018,Macau,Kyrgyzstan,0.0
11814,2018,Macau,Laos,1.0
11815,2018,Macau,Mongolia,0.6666666666666666
11816,2018,Macau,Myanmar,0.0
11817,2018,Macau,Singapore,0.0
11818,2018,Madagascar,Angola,0.0
11819,2018,Madagascar,Botswana,1.0
11820,2018,Madagascar,Central African Republic,0.0
11821,2018,Madagascar,DR Congo,0.0
11822,2018,Madagascar,Eswatini,0.0
11823,2018,Madagascar,Seychelles,1.0
11824,2018,Madagascar,São Tomé and Príncipe,1.0
11825,2018,Madagascar,Tanzania,1.0
11826,2018,Madagascar,Uganda,1.0
11827,2018,Madagascar,Zimbabwe,0.0
11828,2018,Malawi,Algeria,0.0
11829,2018,Malawi,Angola,0.5
11830,2018,Malawi,Benin,1.0
11831,2018,Malawi,Chad,1.0
11832,2018,Malawi,Comoros,1.0
11833,2018,Malawi,Djibouti,1.0
11834,2018,Malawi,Eswatini,1.0
11835,2018,Malawi,Ethiopia,1.0
11836,2018,Malawi,Guinea,0.0
11837,2018,Malawi,Lesotho,0.0
11838,2018,Malawi,Mali,1.0
11839,2018,Malawi,Mauritius,0.0
11840,2018,Malawi,Mozambique,0.0
11841,2018,Malawi,Togo,1.0
11842,2018,Malawi,Uganda,1.0
11843,2018,Malawi,Zimbabwe,0.0
11844,2018,Malaysia,Afghanistan,0.0
11845,2018,Malaysia,Bangladesh,0.0
11846,2018,Malaysia,Cambodia,1.0
11847,2018,Malaysia,Hong Kong,0.0
11848,2018,Malaysia,Lebanon,0.0
11849,2018,Malaysia,Macau,0.0
11850,2018,Malaysia,Myanmar,0.0
11851,2018,Malaysia,North Korea,0.0
11852,2018,Malaysia,Papua New Guinea,1.0
11853,2018,Malaysia,Philippines,0.0
11854,2018,Malaysia,Syria,0.0
11855,2018,Malaysia,Thailand,0.5
11856,2018,Malaysia,Timor-Leste,1.0
11857,2018,Malaysia,Vietnam,0.0
11858,2018,Maldives,Afghanistan,0.0
11859,2018,Maldives,Bangladesh,1.0
11860,2018,Maldives,Bhutan,1.0
11861,2018,Maldives,Cambodia,1.0
11862,2018,Maldives,Kyrgyzstan,1.0
11863,2018,Maldives,Laos,1.0
11864,2018,Maldives,Myanmar,0.0
11865,2018,Maldives,Nepal,0.0
11866,2018,Maldives,Oman,0.0
11867,2018,Maldives,Palestine,0.0
11868,2018,Maldives,Philippines,0.0
11869,2018,Maldives,Tajikistan,0.0
11870,2018,Maldives,Yemen,0.0
11871,2018,Mali,Algeria,1.0
11872,2018,Mali,Benin,1.0
11873,2018,Mali,Cameroon,0.0
11874,2018,Mali,Egypt,0.0
11875,2018,Mali,Equatorial Guinea,1.0
11876,2018,Mali,Ethiopia,0.0
11877,2018,Mali,Gabon,1.0
11878,2018,Mali,Guinea,0.0
11879,2018,Mali,Malawi,1.0
11880,2018,Mali,Senegal,0.0
11881,2018,Mali,South Africa,0.0
11882,2018,Mali,South Sudan,1.0
11883,2018,Malta,Azerbaijan,0.0
11884,2018,Malta,Bulgaria,0.0
11885,2018,Malta,Croatia,0.0
11886,2018,Malta,Estonia,0.0
11887,2018,Malta,Iceland,0.0
11888,2018,Malta,Italy,0.0
11889,2018,Malta,Lithuania,1.0
11890,2018,Malta,Moldova,0.0
11891,2018,Malta,Norway,0.0
11892,2018,Malta,Ukraine,1.0
11893,2018,Martinique,Guadeloupe,1.0
11894,2018,Martinique,Nicaragua,1.0
11895,2018,Martinique,Panama,0.0
11896,2018,Mauritania,Benin,1.0
11897,2018,Mauritania,Cameroon,0.0
11898,2018,Mauritania,Canada,0.0
11899,2018,Mauritania,Comoros,0.0
11900,2018,Mauritania,Congo,1.0
11901,2018,Mauritania,Equatorial Guinea,1.0
11902,2018,Mauritania,Gambia,1.0
11903,2018,Mauritania,Mauritius,1.0
11904,2018,Mauritania,Niger,0.3333333333333333
11905,2018,Mauritania,South Africa,1.0
11906,2018,Mauritania,Uganda,0.0
11907,2018,Mauritius,Angola,0.0
11908,2018,Mauritius,Burundi,0.0
11909,2018,Mauritius,Comoros,0.0
11910,2018,Mauritius,Ghana,0.0
11911,2018,Mauritius,Malawi,0.0
11912,2018,Mauritius,Mauritania,0.0
11913,2018,Mauritius,Mozambique,1.0
11914,2018,Mauritius,Rwanda,1.0
11915,2018,Mauritius,Saint Kitts and Nevis,0.0
11916,2018,Mauritius,Togo,0.0
11917,2018,Mexico,Argentina,0.0
11918,2018,Mexico,Bolivia,0.5
11919,2018,Mexico,Bosnia and Herzegovina,0.0
11920,2018,Mexico,Chile,0.0
11921,2018,Mexico,Costa Rica,0.5
11922,2018,Mexico,Croatia,0.0
11923,2018,Mexico,Cuba,1.0
11924,2018,Mexico,Ecuador,0.5
11925,2018,Mexico,El Salvador,1.0
11926,2018,Mexico,Guatemala,1.0
11927,2018,Mexico,Honduras,1.0
11928,2018,Mexico,Iceland,1.0
11929,2018,Mexico,Jamaica,0.3333333333333333
11930,2018,Mexico,New Zealand,1.0
11931,2018,Mexico,Panama,1.0
11932,2018,Mexico,Paraguay,1.0
11933,2018,Mexico,Portugal,0.0
11934,2018,Mexico,Republic of Ireland,1.0
11935,2018,Mexico,South Korea,1.0
11936,2018,Mexico,Sweden,0.0
11937,2018,Mexico,Uruguay,1.0
11938,2018,Mexico,Venezuela,0.0
11939,2018,Moldova,Austria,0.0
11940,2018,Moldova,Canada,0.0
11941,2018,Moldova,Liechtenstein,0.0
11942,2018,Moldova,Montenegro,0.0
11943,2018,Moldova,Norway,0.0
11944,2018,Moldova,Poland,0.0
11945,2018,Moldova,Russia,0.0
11946,2018,Moldova,Saudi Arabia,1.0
11947,2018,Moldova,Sweden,0.0
11948,2018,Mongolia,Laos,0.0
11949,2018,Mongolia,Northern Mariana Islands,1.0
11950,2018,Mongolia,Sri Lanka,1.0
11951,2018,Mongolia,Taiwan,0.0
11952,2018,Montenegro,Austria,0.0
11953,2018,Montenegro,Belarus,0.0
11954,2018,Montenegro,Ghana,1.0
11955,2018,Montenegro,Iran,0.0
11956,2018,Montenegro,Liechtenstein,1.0
11957,2018,Montenegro,Moldova,1.0
11958,2018,Montenegro,Sweden,0.0
11959,2018,Morocco,Benin,1.0
11960,2018,Morocco,Burkina Faso,1.0
11961,2018,Morocco,Canada,1.0
11962,2018,Morocco,Cape Verde,1.0
11963,2018,Morocco,Central African Republic,1.0
11964,2018,Morocco,Congo,1.0
11965,2018,Morocco,Finland,0.0
11966,2018,Morocco,Gabon,0.0
11967,2018,Morocco,Guinea,0.0
11968,2018,Morocco,Iran,0.0
11969,2018,Morocco,Ivory Coast,0.5
11970,2018,Morocco,Kenya,1.0
11971,2018,Morocco,Libya,1.0
11972,2018,Morocco,Netherlands,0.0
11973,2018,Morocco,Qatar,0.0
11974,2018,Morocco,São Tomé and Príncipe,1.0
11975,2018,Morocco,Togo,1.0
11976,2018,Morocco,Tunisia,1.0
11977,2018,Morocco,Uruguay,0.0
11978,2018,Morocco,Zimbabwe,1.0
11979,2018,Mozambique,Angola,0.5
11980,2018,Mozambique,Cape Verde,1.0
11981,2018,Mozambique,Ghana,0.0
11982,2018,Mozambique,Kenya,0.0
11983,2018,Mozambique,Lesotho,1.0
11984,2018,Mozambique,Madagascar,0.0
11985,2018,Mozambique,Malawi,0.0
11986,2018,Mozambique,Mauritius,1.0
11987,2018,Mozambique,Niger,0.0
11988,2018,Mozambique,Rwanda,0.0
11989,2018,Mozambique,South Africa,0.0
11990,2018,Mozambique,South Sudan,1.0
11991,2018,Mozambique,Tanzania,1.0
11992,2018,Mozambique,Zambia,0.0
11993,2018,Mozambique,Zimbabwe,0.0
11994,2018,Myanmar,Cambodia,1.0
11995,2018,Myanmar,Hong Kong,1.0
11996,2018,Myanmar,India,0.0
11997,2018,Myanmar,Indonesia,0.0
11998,2018,Myanmar,Kyrgyzstan,0.0
11999,2018,Myanmar,Malaysia,0.6666666666666666
12000,2018,Myanmar,New Zealand,0.0
12001,2018,Myanmar,Oman,0.0
12002,2018,Myanmar,Palestine,0.5
12003,2018,Myanmar,Singapore,0.0
12004,2018,Myanmar,Thailand,0.0
12005,2018,Myanmar,Timor-Leste,0.0
12006,2018,Myanmar,Vietnam,0.0
12007,2018,Namibia,Botswana,0.0
12008,2018,Namibia,Burundi,0.0
12009,2018,Namibia,Congo,1.0
12010,2018,Namibia,Eswatini,1.0
12011,2018,Namibia,Ghana,0.0
12012,2018,Namibia,Lesotho,0.0
12013,2018,Namibia,Madagascar,1.0
12014,2018,Namibia,Mauritius,1.0
12015,2018,Namibia,Mozambique,1.0
12016,2018,Namibia,Niger,1.0
12017,2018,Namibia,Senegal,0.0
12018,2018,Namibia,Seychelles,0.0
12019,2018,Namibia,Tanzania,0.0
12020,2018,Namibia,Zambia,0.5
12021,2018,Namibia,Zimbabwe,1.0
12022,2018,Nepal,Brunei,1.0
12023,2018,Nepal,Laos,0.0
12024,2018,Nepal,Macau,1.0
12025,2018,Nepal,Philippines,0.0
12026,2018,Nepal,Sri Lanka,0.5
12027,2018,Nepal,Tajikistan,0.0
12028,2018,Nepal,Yemen,0.0
12029,2018,Netherlands,Belgium,0.0
12030,2018,Netherlands,Czech Republic,0.0
12031,2018,Netherlands,Ecuador,0.0
12032,2018,Netherlands,France,0.0
12033,2018,Netherlands,Ghana,1.0
12034,2018,Netherlands,Greece,0.0
12035,2018,Netherlands,Iceland,0.0
12036,2018,Netherlands,Italy,0.0
12037,2018,Netherlands,Ivory Coast,1.0
12038,2018,Netherlands,Kazakhstan,1.0
12039,2018,Netherlands,Latvia,1.0
12040,2018,Netherlands,Mexico,0.0
12041,2018,Netherlands,Spain,1.0
12042,2018,Netherlands,Turkey,0.0
12043,2018,Netherlands,United States,0.0
12044,2018,Netherlands,Wales,1.0
12045,2018,New Caledonia,Estonia,0.0
12046,2018,New Caledonia,Malaysia,0.0
12047,2018,New Caledonia,Samoa,1.0
12048,2018,New Caledonia,Solomon Islands,0.0
12049,2018,New Zealand,Fiji,1.0
12050,2018,New Zealand,New Caledonia,1.0
12051,2018,New Zealand,Solomon Islands,1.0
12052,2018,New Zealand,South Africa,0.0
12053,2018,Nicaragua,Bolivia,0.0
12054,2018,Nicaragua,Cuba,1.0
12055,2018,Nicaragua,Dominican Republic,0.0
12056,2018,Nicaragua,El Salvador,0.0
12057,2018,Nicaragua,Trinidad and Tobago,0.5
12058,2018,Niger,Burkina Faso,0.0
12059,2018,Niger,Burundi,1.0
12060,2018,Niger,Cape Verde,0.0
12061,2018,Niger,Eswatini,0.0
12062,2018,Niger,Gabon,1.0
12063,2018,Niger,Mozambique,0.0
12064,2018,Niger,Namibia,1.0
12065,2018,Niger,Senegal,0.0
12066,2018,Niger,Togo,0.0
12067,2018,Niger,Uganda,1.0
12068,2018,Niger,Zambia,0.0
12069,2018,Nigeria,Argentina,0.0
12070,2018,Nigeria,Cameroon,1.0
12071,2018,Nigeria,Congo,0.0
12072,2018,Nigeria,DR Congo,0.0
12073,2018,Nigeria,Egypt,0.0
12074,2018,Nigeria,Ethiopia,1.0
12075,2018,Nigeria,Iceland,1.0
12076,2018,Nigeria,Ivory Coast,0.0
12077,2018,Nigeria,Mali,1.0
12078,2018,Nigeria,Niger,1.0
12079,2018,Nigeria,Scotland,0.0
12080,2018,Nigeria,Senegal,0.0
12081,2018,Nigeria,South Africa,0.0
12082,2018,Nigeria,Sudan,1.0
12083,2018,Nigeria,Tanzania,1.0
12084,2018,Nigeria,Togo,1.0
12085,2018,Nigeria,Uganda,0.0
12086,2018,North Korea,Hong Kong,1.0
12087,2018,North Korea,Japan,1.0
12088,2018,North Korea,Kuwait,0.0
12089,2018,North Korea,Lebanon,0.0
12090,2018,North Korea,Malaysia,1.0
12091,2018,North Korea,Saudi Arabia,0.0
12092,2018,North Korea,South Korea,0.0
12093,2018,North Korea,Taiwan,1.0
12094,2018,North Korea,United Arab Emirates,1.0
12095,2018,North Macedonia,Australia,0.0
12096,2018,North Macedonia,Belarus,0.5
12097,2018,North Macedonia,Bulgaria,0.0
12098,2018,North Macedonia,Cameroon,0.0
12099,2018,North Macedonia,Iran,0.0
12100,2018,North Macedonia,Latvia,1.0
12101,2018,North Macedonia,Lebanon,0.0
12102,2018,North Macedonia,Luxembourg,1.0
12103,2018,North Macedonia,Montenegro,1.0
12104,2018,North Macedonia,Norway,1.0
12105,2018,North Macedonia,Qatar,0.0
12106,2018,North Macedonia,Slovakia,0.0
12107,2018,North Macedonia,Spain,0.0
12108,2018,North Macedonia,Turkey,0.0
12109,2018,North Macedonia,Ukraine,0.0
12110,2018,Northern Cyprus,Abkhazia,0.0
12111,2018,Northern Cyprus,Kárpátalja,1.0
12112,2018,Northern Cyprus,Padania,0.0
12113,2018,Northern Cyprus,South Ossetia,1.0
12114,2018,Northern Cyprus,Székely Land,1.0
12115,2018,Northern Ireland,Belarus,1.0
12116,2018,Northern Ireland,Croatia,0.0
12117,2018,Northern Ireland,Faroe Islands,1.0
12118,2018,Northern Ireland,Finland,1.0
12119,2018,Northern Ireland,Germany,0.0
12120,2018,Northern Ireland,Greece,1.0
12121,2018,Northern Ireland,Hungary,0.0
12122,2018,Northern Ireland,Latvia,1.0
12123,2018,Northern Ireland,New Zealand,1.0
12124,2018,Northern Ireland,Qatar,0.0
12125,2018,Northern Ireland,Romania,0.0
12126,2018,Northern Ireland,Slovenia,1.0
12127,2018,Northern Mariana Islands,Macau,0.5
12128,2018,Northern Mariana Islands,Mongolia,0.0
12129,2018,Norway,Azerbaijan,0.0
12130,2018,Norway,Belarus,0.0
12131,2018,Norway,Bulgaria,1.0
12132,2018,Norway,Croatia,1.0
12133,2018,Norway,Estonia,0.0
12134,2018,Norway,Finland,1.0
12135,2018,Norway,Hungary,0.0
12136,2018,Norway,Iceland,1.0
12137,2018,Norway,Italy,0.0
12138,2018,Norway,Malta,1.0
12139,2018,Norway,Poland,0.0
12140,2018,Norway,Russia,0.0
12141,2018,Norway,Sweden,0.0
12142,2018,Norway,United Arab Emirates,0.0
12143,2018,Occitania,Ellan Vannin,1.0
12144,2018,Oman,Afghanistan,1.0
12145,2018,Oman,Algeria,0.0
12146,2018,Oman,Bahrain,0.0
12147,2018,Oman,Bhutan,1.0
12148,2018,Oman,Costa Rica,0.0
12149,2018,Oman,Finland,0.0
12150,2018,Oman,Jordan,0.0
12151,2018,Oman,Kuwait,1.0
12152,2018,Oman,Malaysia,1.0
12153,2018,Oman,Maldives,1.0
12154,2018,Oman,New Zealand,0.0
12155,2018,Oman,Singapore,1.0
12156,2018,Oman,Syria,0.3333333333333333
12157,2018,Oman,Turkmenistan,1.0
12158,2018,Oman,Uruguay,0.0
12159,2018,Oman,Yemen,1.0
12160,2018,Padania,Abkhazia,0.0
12161,2018,Padania,Ellan Vannin,1.0
12162,2018,Padania,Felvidék,1.0
12163,2018,Padania,Romani people,1.0
12164,2018,Pakistan,Afghanistan,1.0
12165,2018,Pakistan,Palestine,0.0
12166,2018,Palestine,Afghanistan,1.0
12167,2018,Palestine,Bhutan,1.0
12168,2018,Palestine,Jordan,0.0
12169,2018,Palestine,Kyrgyzstan,1.0
12170,2018,Palestine,Maldives,1.0
12171,2018,Palestine,Oman,1.0
12172,2018,Palestine,Philippines,1.0
12173,2018,Palestine,Taiwan,1.0
12174,2018,Palestine,Tajikistan,0.0
12175,2018,Panama,Bolivia,1.0
12176,2018,Panama,Canada,0.0
12177,2018,Panama,Costa Rica,1.0
12178,2018,Panama,Cuba,1.0
12179,2018,Panama,Ecuador,0.0
12180,2018,Panama,Haiti,0.0
12181,2018,Panama,Martinique,1.0
12182,2018,Panama,Mexico,0.0
12183,2018,Panama,Nicaragua,1.0
12184,2018,Panama,Tunisia,0.0
12185,2018,Panjab,Alderney,1.0
12186,2018,Panjab,Chagos Islands,1.0
12187,2018,Panjab,Jersey,0.0
12188,2018,Papua New Guinea,New Caledonia,0.0
12189,2018,Papua New Guinea,New Zealand,0.0
12190,2018,Papua New Guinea,Samoa,1.0
12191,2018,Papua New Guinea,Solomon Islands,1.0
12192,2018,Papua New Guinea,Tahiti,0.0
12193,2018,Paraguay,Honduras,0.0
12194,2018,Paraguay,Jamaica,1.0
12195,2018,Paraguay,Peru,1.0
12196,2018,Paraguay,United Arab Emirates,0.0
12197,2018,Peru,Colombia,0.0
12198,2018,Peru,Denmark,0.0
12199,2018,Peru,Guatemala,1.0
12200,2018,Peru,Jamaica,1.0
12201,2018,Peru,Mexico,0.0
12202,2018,Peru,Panama,1.0
12203,2018,Peru,Paraguay,1.0
12204,2018,Peru,Trinidad and Tobago,1.0
12205,2018,Peru,Venezuela,0.5
12206,2018,Philippines,Afghanistan,0.0
12207,2018,Philippines,Azerbaijan,0.0
12208,2018,Philippines,Bahrain,0.0
12209,2018,Philippines,Cambodia,1.0
12210,2018,Philippines,Indonesia,0.5
12211,2018,Philippines,Kyrgyzstan,1.0
12212,2018,Philippines,Laos,1.0
12213,2018,Philippines,Malaysia,0.0
12214,2018,Philippines,Maldives,1.0
12215,2018,Philippines,Myanmar,0.0
12216,2018,Philippines,Nepal,1.0
12217,2018,Philippines,North Korea,0.0
12218,2018,Philippines,Papua New Guinea,1.0
12219,2018,Philippines,Singapore,0.0
12220,2018,Philippines,Taiwan,1.0
12221,2018,Philippines,Thailand,0.0
12222,2018,Philippines,Yemen,0.0
12223,2018,Poland,Colombia,0.0
12224,2018,Poland,Czech Republic,1.0
12225,2018,Poland,Finland,1.0
12226,2018,Poland,Georgia,1.0
12227,2018,Poland,Germany,1.0
12228,2018,Poland,Gibraltar,1.0
12229,2018,Poland,Greece,0.0
12230,2018,Poland,Iceland,1.0
12231,2018,Poland,Lithuania,0.5
12232,2018,Poland,Mexico,0.0
12233,2018,Poland,Netherlands,0.0
12234,2018,Poland,Northern Ireland,1.0
12235,2018,Poland,Portugal,0.0
12236,2018,Poland,Republic of Ireland,1.0
12237,2018,Poland,Scotland,0.0
12238,2018,Poland,Senegal,0.0
12239,2018,Poland,Serbia,1.0
12240,2018,Poland,Slovenia,0.0
12241,2018,Poland,Switzerland,0.0
12242,2018,Poland,Uruguay,0.0
12243,2018,Portugal,Albania,0.0
12244,2018,Portugal,Argentina,1.0
12245,2018,Portugal,Armenia,1.0
12246,2018,Portugal,Austria,0.0
12247,2018,Portugal,Belgium,1.0
12248,2018,Portugal,Bulgaria,0.0
12249,2018,Portugal,Cameroon,1.0
12250,2018,Portugal,Cape Verde,0.0
12251,2018,Portugal,Cyprus,1.0
12252,2018,Portugal,Denmark,1.0
12253,2018,Portugal,Estonia,1.0
12254,2018,Portugal,France,0.0
12255,2018,Portugal,Gibraltar,1.0
12256,2018,Portugal,Greece,0.0
12257,2018,Portugal,Iceland,0.0
12258,2018,Portugal,Morocco,1.0
12259,2018,Portugal,Norway,1.0
12260,2018,Portugal,Saudi Arabia,1.0
12261,2018,Portugal,Serbia,1.0
12262,2018,Portugal,Spain,0.0
12263,2018,Portugal,Sweden,0.0
12264,2018,Portugal,United States,0.0
12265,2018,Portugal,Wales,1.0
12266,2018,Puerto Rico,United States,0.0
12267,2018,Qatar,Algeria,1.0
12268,2018,Qatar,Australia,1.0
12269,2018,Qatar,Azerbaijan,0.0
12270,2018,Qatar,Bahrain,0.0
12271,2018,Qatar,Curaçao,0.0
12272,2018,Qatar,Czech Republic,0.0
12273,2018,Qatar,Estonia,1.0
12274,2018,Qatar,Iceland,0.0
12275,2018,Qatar,Indonesia,0.0
12276,2018,Qatar,Iran,0.0
12277,2018,Qatar,Iraq,1.0
12278,2018,Qatar,Jordan,1.0
12279,2018,Qatar,Kuwait,1.0
12280,2018,Qatar,Lebanon,1.0
12281,2018,Qatar,Liechtenstein,0.0
12282,2018,Qatar,Moldova,0.0
12283,2018,Qatar,North Korea,0.5
12284,2018,Qatar,Oman,0.0
12285,2018,Qatar,Peru,0.0
12286,2018,Qatar,Russia,1.0
12287,2018,Qatar,Serbia,1.0
12288,2018,Qatar,Singapore,1.0
12289,2018,Qatar,Slovenia,1.0
12290,2018,Qatar,Turkey,0.0
12291,2018,Qatar,Turkmenistan,1.0
12292,2018,Qatar,Uzbekistan,1.0
12293,2018,Raetia,Sealand,0.0
12294,2018,Raetia,Tamil Eelam,0.0
12295,2018,Republic of Ireland,Belarus,0.0
12296,2018,Republic of Ireland,Bosnia and Herzegovina,1.0
12297,2018,Republic of Ireland,England,0.0
12298,2018,Republic of Ireland,Georgia,1.0
12299,2018,Republic of Ireland,Germany,1.0
12300,2018,Republic of Ireland,Gibraltar,1.0
12301,2018,Republic of Ireland,Iceland,0.0
12302,2018,Republic of Ireland,Netherlands,0.0
12303,2018,Republic of Ireland,Oman,1.0
12304,2018,Republic of Ireland,Poland,0.0
12305,2018,Republic of Ireland,Portugal,0.0
12306,2018,Republic of Ireland,Scotland,0.0
12307,2018,Republic of Ireland,Serbia,0.0
12308,2018,Republic of Ireland,Slovakia,0.0
12309,2018,Republic of Ireland,Sweden,0.0
12310,2018,Republic of Ireland,Switzerland,1.0
12311,2018,Republic of Ireland,Turkey,0.0
12312,2018,Republic of Ireland,United States,1.0
12313,2018,Republic of Ireland,Uruguay,1.0
12314,2018,Romani people,Ellan Vannin,0.0
12315,2018,Romani people,Padania,0.0
12316,2018,Romania,Albania,0.0
12317,2018,Romania,Algeria,0.0
12318,2018,Romania,Argentina,0.0
12319,2018,Romania,Chile,1.0
12320,2018,Romania,DR Congo,0.0
12321,2018,Romania,Denmark,1.0
12322,2018,Romania,Faroe Islands,1.0
12323,2018,Romania,Finland,0.0
12324,2018,Romania,Georgia,1.0
12325,2018,Romania,Greece,0.0
12326,2018,Romania,Hungary,0.0
12327,2018,Romania,Lithuania,1.0
12328,2018,Romania,Netherlands,0.0
12329,2018,Romania,Northern Ireland,1.0
12330,2018,Romania,Spain,0.0
12331,2018,Romania,Switzerland,0.0
12332,2018,Romania,Turkey,1.0
12333,2018,Romania,Ukraine,0.0
12334,2018,Russia,Argentina,0.0
12335,2018,Russia,Armenia,1.0
12336,2018,Russia,Austria,0.0
12337,2018,Russia,Azerbaijan,1.0
12338,2018,Russia,Belarus,1.0
12339,2018,Russia,Belgium,0.0
12340,2018,Russia,Chile,0.0
12341,2018,Russia,Costa Rica,0.0
12342,2018,Russia,Croatia,0.0
12343,2018,Russia,Egypt,1.0
12344,2018,Russia,Ghana,1.0
12345,2018,Russia,Iran,0.0
12346,2018,Russia,Ivory Coast,0.0
12347,2018,Russia,Kazakhstan,0.0
12348,2018,Russia,Liechtenstein,1.0
12349,2018,Russia,Lithuania,1.0
12350,2018,Russia,Moldova,0.0
12351,2018,Russia,Montenegro,1.0
12352,2018,Russia,Morocco,1.0
12353,2018,Russia,Portugal,1.0
12354,2018,Russia,Romania,1.0
12355,2018,Russia,Saudi Arabia,1.0
12356,2018,Russia,Serbia,0.0
12357,2018,Russia,Slovakia,0.5
12358,2018,Russia,South Korea,1.0
12359,2018,Russia,Spain,0.0
12360,2018,Russia,Sweden,1.0
12361,2018,Russia,Wales,0.0
12362,2018,Rwanda,Cameroon,0.0
12363,2018,Rwanda,Congo,1.0
12364,2018,Rwanda,DR Congo,1.0
12365,2018,Rwanda,Ethiopia,1.0
12366,2018,Rwanda,Gabon,0.5
12367,2018,Rwanda,Ghana,0.0
12368,2018,Rwanda,Kenya,0.0
12369,2018,Rwanda,Libya,0.5
12370,2018,Rwanda,Mauritius,1.0
12371,2018,Rwanda,Mozambique,0.0
12372,2018,Rwanda,Senegal,0.0
12373,2018,Rwanda,Somalia,1.0
12374,2018,Rwanda,Sudan,0.5
12375,2018,Rwanda,Tanzania,0.6666666666666666
12376,2018,Ryūkyū,United Koreans in Japan,0.0
12377,2018,Saint Kitts and Nevis,Barbados,1.0
12378,2018,Saint Kitts and Nevis,Estonia,0.0
12379,2018,Saint Kitts and Nevis,Grenada,1.0
12380,2018,Saint Lucia,Jamaica,0.0
12381,2018,Saint Lucia,Martinique,0.0
12382,2018,Saint Vincent and the Grenadines,Barbados,1.0
12383,2018,San Marino,Albania,0.0
12384,2018,San Marino,England,0.0
12385,2018,San Marino,Estonia,0.0
12386,2018,San Marino,Lithuania,0.0
12387,2018,San Marino,Moldova,0.0
12388,2018,San Marino,Slovenia,0.0
12389,2018,San Marino,Switzerland,0.0
12390,2018,Saudi Arabia,China PR,0.0
12391,2018,Saudi Arabia,Egypt,1.0
12392,2018,Saudi Arabia,Ghana,0.0
12393,2018,Saudi Arabia,Indonesia,1.0
12394,2018,Saudi Arabia,Jamaica,1.0
12395,2018,Saudi Arabia,Jordan,1.0
12396,2018,Saudi Arabia,Laos,1.0
12397,2018,Saudi Arabia,Lebanon,0.0
12398,2018,Saudi Arabia,Palestine,1.0
12399,2018,Saudi Arabia,Uruguay,0.0
12400,2018,Scotland,Canada,0.0
12401,2018,Scotland,Denmark,1.0
12402,2018,Scotland,England,0.0
12403,2018,Scotland,Georgia,1.0
12404,2018,Scotland,Germany,0.0
12405,2018,Scotland,Gibraltar,1.0
12406,2018,Scotland,Netherlands,0.0
12407,2018,Scotland,Northern Ireland,1.0
12408,2018,Scotland,Poland,0.0
12409,2018,Scotland,Qatar,1.0
12410,2018,Scotland,Republic of Ireland,1.0
12411,2018,Sealand,Chagos Islands,0.5
12412,2018,Seborga,Sealand,0.0
12413,2018,Senegal,Algeria,0.0
12414,2018,Senegal,Botswana,1.0
12415,2018,Senegal,Burundi,1.0
12416,2018,Senegal,Cameroon,0.0
12417,2018,Senegal,Colombia,0.0
12418,2018,Senegal,Egypt,1.0
12419,2018,Senegal,Equatorial Guinea,1.0
12420,2018,Senegal,Gabon,1.0
12421,2018,Senegal,Guinea,1.0
12422,2018,Senegal,Mauritania,1.0
12423,2018,Senegal,Namibia,1.0
12424,2018,Senegal,Niger,1.0
12425,2018,Senegal,Tunisia,0.0
12426,2018,Senegal,Uganda,0.0
12427,2018,Senegal,Zimbabwe,1.0
12428,2018,Serbia,Albania,0.0
12429,2018,Serbia,Armenia,1.0
12430,2018,Serbia,Azerbaijan,1.0
12431,2018,Serbia,Brazil,0.0
12432,2018,Serbia,Cyprus,1.0
12433,2018,Serbia,Denmark,0.0
12434,2018,Serbia,France,0.0
12435,2018,Serbia,Israel,1.0
12436,2018,Serbia,Portugal,0.0
12437,2018,Serbia,Switzerland,0.0
12438,2018,Seychelles,Algeria,0.0
12439,2018,Seychelles,Ethiopia,0.0
12440,2018,Seychelles,Lesotho,1.0
12441,2018,Seychelles,Madagascar,0.0
12442,2018,Seychelles,Mauritius,0.0
12443,2018,Seychelles,Mozambique,0.0
12444,2018,Seychelles,Sri Lanka,0.5
12445,2018,Seychelles,Zimbabwe,0.0
12446,2018,Sierra Leone,Eswatini,1.0
12447,2018,Sierra Leone,Gabon,1.0
12448,2018,Sierra Leone,Ivory Coast,0.0
12449,2018,Sierra Leone,Seychelles,1.0
12450,2018,Sierra Leone,Sudan,1.0
12451,2018,Singapore,Argentina,0.0
12452,2018,Singapore,Bahrain,0.0
12453,2018,Singapore,Brunei,1.0
12454,2018,Singapore,Cambodia,1.0
12455,2018,Singapore,Guam,0.0
12456,2018,Singapore,Hong Kong,0.0
12457,2018,Singapore,Indonesia,0.0
12458,2018,Singapore,Jordan,0.0
12459,2018,Singapore,Laos,1.0
12460,2018,Singapore,Lebanon,0.0
12461,2018,Singapore,Malaysia,0.0
12462,2018,Singapore,Myanmar,1.0
12463,2018,Singapore,Papua New Guinea,1.0
12464,2018,Singapore,Taiwan,0.0
12465,2018,Singapore,Thailand,0.0
12466,2018,Singapore,Turkmenistan,0.0
12467,2018,Singapore,Vietnam,0.0
12468,2018,Sint Maarten,Anguilla,1.0
12469,2018,Slovakia,Belarus,0.0
12470,2018,Slovakia,Czech Republic,1.0
12471,2018,Slovakia,England,0.0
12472,2018,Slovakia,Finland,1.0
12473,2018,Slovakia,Georgia,1.0
12474,2018,Slovakia,Iceland,1.0
12475,2018,Slovakia,Latvia,0.0
12476,2018,Slovakia,Luxembourg,1.0
12477,2018,Slovakia,Malta,1.0
12478,2018,Slovakia,Montenegro,1.0
12479,2018,Slovakia,North Macedonia,1.0
12480,2018,Slovakia,Northern Ireland,0.0
12481,2018,Slovakia,Norway,1.0
12482,2018,Slovakia,Spain,1.0
12483,2018,Slovakia,Switzerland,1.0
12484,2018,Slovakia,Ukraine,0.0
12485,2018,Slovenia,Colombia,0.0
12486,2018,Slovenia,England,0.0
12487,2018,Slovenia,Estonia,1.0
12488,2018,Slovenia,Lithuania,0.0
12489,2018,Slovenia,North Macedonia,1.0
12490,2018,Slovenia,San Marino,1.0
12491,2018,Slovenia,Switzerland,1.0
12492,2018,Slovenia,Turkey,0.0
12493,2018,Slovenia,Ukraine,0.0
12494,2018,Solomon Islands,Fiji,0.0
12495,2018,Solomon Islands,New Caledonia,0.0
12496,2018,Solomon Islands,Papua New Guinea,1.0
12497,2018,Solomon Islands,Tuvalu,1.0
12498,2018,Somalia,Tanzania,0.0
12499,2018,Somaliland,Sealand,0.0
12500,2018,South Africa,Angola,0.5
12501,2018,South Africa,Botswana,0.6666666666666666
12502,2018,South Africa,Brazil,0.0
12503,2018,South Africa,Cameroon,0.0
12504,2018,South Africa,Congo,0.0
12505,2018,South Africa,Egypt,1.0
12506,2018,South Africa,Eswatini,1.0
12507,2018,South Africa,Gambia,0.0
12508,2018,South Africa,Ghana,0.0
12509,2018,South Africa,Guinea-Bissau,1.0
12510,2018,South Africa,Ivory Coast,1.0
12511,2018,South Africa,Lesotho,0.0
12512,2018,South Africa,Malawi,0.0
12513,2018,South Africa,Mauritania,0.0
12514,2018,South Africa,Namibia,1.0
12515,2018,South Africa,Nigeria,0.0
12516,2018,South Africa,Senegal,0.5
12517,2018,South Africa,Sudan,1.0
12518,2018,South Africa,Tanzania,0.0
12519,2018,South Africa,Zambia,0.5
12520,2018,South Korea,Canada,1.0
12521,2018,South Korea,China PR,0.0
12522,2018,South Korea,Colombia,1.0
12523,2018,South Korea,Costa Rica,0.0
12524,2018,South Korea,Germany,1.0
12525,2018,South Korea,Iraq,1.0
12526,2018,South Korea,Jamaica,1.0
12527,2018,South Korea,Mexico,0.0
12528,2018,South Korea,Morocco,0.0
12529,2018,South Korea,New Zealand,1.0
12530,2018,South Korea,North Korea,0.0
12531,2018,South Korea,Oman,1.0
12532,2018,South Korea,Paraguay,1.0
12533,2018,South Korea,Saudi Arabia,1.0
12534,2018,South Korea,Serbia,0.0
12535,2018,South Korea,Tunisia,0.0
12536,2018,South Korea,United Arab Emirates,1.0
12537,2018,South Korea,Uruguay,0.0
12538,2018,South Korea,Uzbekistan,0.5
12539,2018,South Korea,Venezuela,1.0
12540,2018,South Ossetia,Felvidék,0.0
12541,2018,South Ossetia,Kárpátalja,0.0
12542,2018,South Sudan,Benin,0.0
12543,2018,South Sudan,Burundi,0.0
12544,2018,South Sudan,Djibouti,1.0
12545,2018,South Sudan,Equatorial Guinea,1.0
12546,2018,South Sudan,Ethiopia,0.0
12547,2018,South Sudan,Malawi,1.0
12548,2018,South Sudan,Mali,0.0
12549,2018,South Sudan,Mozambique,0.0
12550,2018,South Sudan,Sudan,0.0
12551,2018,Spain,Belarus,1.0
12552,2018,Spain,Bolivia,1.0
12553,2018,Spain,Colombia,0.0
12554,2018,Spain,Costa Rica,1.0
12555,2018,Spain,Czech Republic,1.0
12556,2018,Spain,England,1.0
12557,2018,Spain,Georgia,0.0
12558,2018,Spain,Germany,0.0
12559,2018,Spain,Italy,1.0
12560,2018,Spain,Luxembourg,1.0
12561,2018,Spain,Morocco,0.0
12562,2018,Spain,North Macedonia,1.0
12563,2018,Spain,Russia,0.0
12564,2018,Spain,Slovakia,1.0
12565,2018,Spain,South Korea,1.0
12566,2018,Spain,Turkey,1.0
12567,2018,Spain,Ukraine,1.0
12568,2018,Sri Lanka,Laos,0.0
12569,2018,Sri Lanka,Macau,0.0
12570,2018,Sudan,Congo,0.0
12571,2018,Sudan,Gabon,0.0
12572,2018,Sudan,Ivory Coast,0.0
12573,2018,Sudan,Madagascar,0.0
12574,2018,Sudan,Malawi,0.0
12575,2018,Sudan,Nigeria,1.0
12576,2018,Sudan,Sierra Leone,1.0
12577,2018,Sudan,South Africa,0.0
12578,2018,Suriname,French Guiana,1.0
12579,2018,Sweden,Austria,0.0
12580,2018,Sweden,Belgium,0.0
12581,2018,Sweden,Czech Republic,0.0
12582,2018,Sweden,Denmark,1.0
12583,2018,Sweden,England,0.0
12584,2018,Sweden,Estonia,0.5
12585,2018,Sweden,Finland,1.0
12586,2018,Sweden,Iran,1.0
12587,2018,Sweden,Ivory Coast,1.0
12588,2018,Sweden,Liechtenstein,1.0
12589,2018,Sweden,Moldova,1.0
12590,2018,Sweden,Montenegro,1.0
12591,2018,Sweden,Russia,0.0
12592,2018,Sweden,Slovenia,0.0
12593,2018,Sweden,South Korea,1.0
12594,2018,Sweden,Switzerland,1.0
12595,2018,Sweden,Wales,1.0
12596,2018,Switzerland,Belarus,1.0
12597,2018,Switzerland,Belgium,0.0
12598,2018,Switzerland,Bosnia and Herzegovina,0.0
12599,2018,Switzerland,Costa Rica,0.0
12600,2018,Switzerland,Croatia,0.0
12601,2018,Switzerland,England,0.0
12602,2018,Switzerland,Estonia,1.0
12603,2018,Switzerland,Jamaica,1.0
12604,2018,Switzerland,Liechtenstein,1.0
12605,2018,Switzerland,Lithuania,1.0
12606,2018,Switzerland,Moldova,1.0
12607,2018,Switzerland,Peru,1.0
12608,2018,Switzerland,Poland,0.0
12609,2018,Switzerland,San Marino,1.0
12610,2018,Switzerland,Slovenia,1.0
12611,2018,Switzerland,United States,0.0
12612,2018,Syria,Singapore,1.0
12613,2018,Székely Land,Abkhazia,1.0
12614,2018,Székely Land,County of Nice,0.0
12615,2018,Székely Land,Felvidék,0.0
12616,2018,Székely Land,Padania,0.0
12617,2018,Székely Land,Raetia,1.0
12618,2018,Székely Land,Romani people,0.0
12619,2018,São Tomé and Príncipe,Benin,0.0
12620,2018,São Tomé and Príncipe,Cape Verde,0.0
12621,2018,São Tomé and Príncipe,Libya,1.0
12622,2018,São Tomé and Príncipe,Madagascar,0.0
12623,2018,São Tomé and Príncipe,Morocco,0.0
12624,2018,Tahiti,New Caledonia,0.0
12625,2018,Tahiti,Samoa,1.0
12626,2018,Taiwan,Bahrain,1.0
12627,2018,Taiwan,Laos,1.0
12628,2018,Taiwan,Mongolia,1.0
12629,2018,Taiwan,Philippines,1.0
12630,2018,Taiwan,Timor-Leste,1.0
12631,2018,Tajikistan,Afghanistan,1.0
12632,2018,Tajikistan,Bangladesh,1.0
12633,2018,Tajikistan,Malaysia,1.0
12634,2018,Tajikistan,Nepal,1.0
12635,2018,Tajikistan,Palestine,0.0
12636,2018,Tajikistan,Philippines,0.0
12637,2018,Tajikistan,Syria,0.0
12638,2018,Tajikistan,Turkmenistan,1.0
12639,2018,Tajikistan,Yemen,0.0
12640,2018,Tanzania,Benin,1.0
12641,2018,Tanzania,Botswana,1.0
12642,2018,Tanzania,Burundi,0.5
12643,2018,Tanzania,Egypt,0.0
12644,2018,Tanzania,Eswatini,0.0
12645,2018,Tanzania,Lesotho,0.0
12646,2018,Tanzania,Libya,0.0
12647,2018,Tanzania,Malawi,0.5
12648,2018,Tanzania,Mauritius,0.0
12649,2018,Tanzania,Mozambique,0.0
12650,2018,Tanzania,Nigeria,0.0
12651,2018,Tanzania,Zanzibar,0.0
12652,2018,Tanzania,Zimbabwe,1.0
12653,2018,Thailand,Afghanistan,1.0
12654,2018,Thailand,Bahrain,0.0
12655,2018,Thailand,Cameroon,0.0
12656,2018,Thailand,Hong Kong,1.0
12657,2018,Thailand,Indonesia,1.0
12658,2018,Thailand,Kenya,1.0
12659,2018,Thailand,Kuwait,0.0
12660,2018,Thailand,Lebanon,0.0
12661,2018,Thailand,Malaysia,1.0
12662,2018,Thailand,Myanmar,1.0
12663,2018,Thailand,New Zealand,1.0
12664,2018,Thailand,North Korea,0.0
12665,2018,Thailand,Philippines,1.0
12666,2018,Thailand,Singapore,1.0
12667,2018,Thailand,South Korea,0.0
12668,2018,Timor-Leste,Brunei,1.0
12669,2018,Timor-Leste,Cambodia,0.0
12670,2018,Timor-Leste,Laos,0.0
12671,2018,Timor-Leste,Nepal,0.0
12672,2018,Timor-Leste,Philippines,1.0
12673,2018,Togo,Comoros,0.5
12674,2018,Togo,DR Congo,0.0
12675,2018,Togo,Djibouti,1.0
12676,2018,Togo,Ghana,0.0
12677,2018,Togo,Guinea,0.0
12678,2018,Togo,Liberia,1.0
12679,2018,Togo,Mauritius,1.0
12680,2018,Togo,Mozambique,1.0
12681,2018,Togo,Tunisia,0.0
12682,2018,Togo,Uganda,1.0
12683,2018,Togo,Zambia,1.0
12684,2018,Tonga,New Caledonia,0.0
12685,2018,Tonga,Solomon Islands,0.0
12686,2018,Trinidad and Tobago,Barbados,1.0
12687,2018,Trinidad and Tobago,Cuba,1.0
12688,2018,Trinidad and Tobago,Grenada,0.0
12689,2018,Trinidad and Tobago,Guatemala,1.0
12690,2018,Trinidad and Tobago,Guyana,0.0
12691,2018,Trinidad and Tobago,Haiti,0.0
12692,2018,Trinidad and Tobago,Jamaica,0.0
12693,2018,Trinidad and Tobago,Mexico,0.0
12694,2018,Trinidad and Tobago,Panama,0.0
12695,2018,Tunisia,Algeria,0.0
12696,2018,Tunisia,Botswana,1.0
12697,2018,Tunisia,Cameroon,0.0
12698,2018,Tunisia,Cape Verde,0.0
12699,2018,Tunisia,Djibouti,1.0
12700,2018,Tunisia,Egypt,1.0
12701,2018,Tunisia,England,0.0
12702,2018,Tunisia,Gabon,0.0
12703,2018,Tunisia,Liberia,1.0
12704,2018,Tunisia,Mauritania,0.0
12705,2018,Tunisia,Senegal,0.5
12706,2018,Tunisia,Togo,1.0
12707,2018,Tunisia,Uganda,1.0
12708,2018,Turkey,Albania,0.0
12709,2018,Turkey,Brazil,0.0
12710,2018,Turkey,Bulgaria,1.0
12711,2018,Turkey,Croatia,0.0
12712,2018,Turkey,Czech Republic,0.0
12713,2018,Turkey,Greece,0.0
12714,2018,Turkey,Iceland,1.0
12715,2018,Turkey,Kazakhstan,1.0
12716,2018,Turkey,Latvia,0.0
12717,2018,Turkey,Moldova,1.0
12718,2018,Turkey,Montenegro,1.0
12719,2018,Turkey,Netherlands,1.0
12720,2018,Turkey,Russia,0.0
12721,2018,Turkey,Sweden,1.0
12722,2018,Turkmenistan,Bahrain,0.0
12723,2018,Turkmenistan,Laos,1.0
12724,2018,Turkmenistan,Philippines,0.0
12725,2018,Turkmenistan,Singapore,1.0
12726,2018,Turkmenistan,Taiwan,1.0
12727,2018,Tuvalu,New Caledonia,1.0
12728,2018,Tuvalu,Tonga,1.0
12729,2018,Uganda,Botswana,1.0
12730,2018,Uganda,Burkina Faso,0.0
12731,2018,Uganda,Burundi,0.5
12732,2018,Uganda,Cameroon,0.0
12733,2018,Uganda,Comoros,1.0
12734,2018,Uganda,Ethiopia,1.0
12735,2018,Uganda,Gambia,0.0
12736,2018,Uganda,Ghana,1.0
12737,2018,Uganda,Guinea,1.0
12738,2018,Uganda,Kenya,0.0
12739,2018,Uganda,Madagascar,1.0
12740,2018,Uganda,Malawi,0.5
12741,2018,Uganda,Mali,0.0
12742,2018,Uganda,Mauritania,1.0
12743,2018,Uganda,Rwanda,1.0
12744,2018,Uganda,Seychelles,1.0
12745,2018,Uganda,South Sudan,1.0
12746,2018,Uganda,Togo,0.0
12747,2018,Uganda,Zambia,0.0
12748,2018,Uganda,Zanzibar,0.0
12749,2018,Ukraine,Belarus,1.0
12750,2018,Ukraine,Cyprus,1.0
12751,2018,Ukraine,Latvia,0.0
12752,2018,Ukraine,Lithuania,0.0
12753,2018,Ukraine,Luxembourg,1.0
12754,2018,Ukraine,Moldova,1.0
12755,2018,Ukraine,Niger,1.0
12756,2018,Ukraine,North Macedonia,1.0
12757,2018,Ukraine,Northern Ireland,0.0
12758,2018,Ukraine,Poland,0.0
12759,2018,Ukraine,Serbia,1.0
12760,2018,Ukraine,Slovakia,0.5
12761,2018,Ukraine,Slovenia,1.0
12762,2018,Ukraine,Spain,0.0
12763,2018,Ukraine,United States,1.0
12764,2018,Ukraine,Wales,1.0
12765,2018,United Arab Emirates,Australia,0.0
12766,2018,United Arab Emirates,Bahrain,1.0
12767,2018,United Arab Emirates,Bangladesh,1.0
12768,2018,United Arab Emirates,Iceland,1.0
12769,2018,United Arab Emirates,Jordan,1.0
12770,2018,United Arab Emirates,Laos,1.0
12771,2018,United Arab Emirates,Lebanon,1.0
12772,2018,United Arab Emirates,Myanmar,1.0
12773,2018,United Arab Emirates,Qatar,1.0
12774,2018,United Arab Emirates,Turkmenistan,1.0
12775,2018,United Arab Emirates,Uzbekistan,0.5
12776,2018,United States,Argentina,0.0
12777,2018,United States,Brazil,0.0
12778,2018,United States,Colombia,0.0
12779,2018,United States,Costa Rica,1.0
12780,2018,United States,Cuba,1.0
12781,2018,United States,Ecuador,1.0
12782,2018,United States,El Salvador,1.0
12783,2018,United States,Ghana,1.0
12784,2018,United States,Haiti,1.0
12785,2018,United States,Honduras,0.5
12786,2018,United States,Iceland,1.0
12787,2018,United States,Jamaica,0.5
12788,2018,United States,Martinique,1.0
12789,2018,United States,Mexico,0.5
12790,2018,United States,Nicaragua,1.0
12791,2018,United States,Nigeria,1.0
12792,2018,United States,Panama,0.25
12793,2018,United States,Paraguay,1.0
12794,2018,United States,Peru,1.0
12795,2018,United States,Serbia,0.0
12796,2018,United States,South Korea,1.0
12797,2018,United States,Turkey,1.0
12798,2018,United States,Venezuela,0.0
12799,2018,Uruguay,Costa Rica,0.0
12800,2018,Uruguay,France,0.0
12801,2018,Uruguay,Guatemala,1.0
12802,2018,Uruguay,Jamaica,1.0
12803,2018,Uruguay,Northern Ireland,1.0
12804,2018,Uruguay,Paraguay,0.0
12805,2018,Uruguay,Portugal,1.0
12806,2018,Uruguay,Russia,1.0
12807,2018,Uruguay,Saudi Arabia,1.0
12808,2018,Uruguay,Venezuela,0.0
12809,2018,Uzbekistan,Bahrain,0.0
12810,2018,Uzbekistan,Burkina Faso,1.0
12811,2018,Uzbekistan,Georgia,0.0
12812,2018,Uzbekistan,Iran,0.0
12813,2018,Uzbekistan,Iraq,0.6666666666666666
12814,2018,Uzbekistan,Jordan,1.0
12815,2018,Uzbekistan,Lebanon,1.0
12816,2018,Uzbekistan,New Zealand,1.0
12817,2018,Uzbekistan,North Korea,1.0
12818,2018,Uzbekistan,Oman,0.0
12819,2018,Uzbekistan,Palestine,1.0
12820,2018,Uzbekistan,Saudi Arabia,1.0
12821,2018,Uzbekistan,Thailand,1.0
12822,2018,Uzbekistan,United Arab Emirates,0.0
12823,2018,Vanuatu,Estonia,0.0
12824,2018,Vanuatu,Fiji,0.3333333333333333
12825,2018,Vanuatu,New Caledonia,1.0
12826,2018,Vanuatu,New Zealand,0.0
12827,2018,Vanuatu,Solomon Islands,0.5
12828,2018,Vanuatu,Tonga,1.0
12829,2018,Vanuatu,Tuvalu,1.0
12830,2018,Vatican City,Monaco,0.0
12831,2018,Venezuela,Honduras,0.0
12832,2018,Venezuela,Panama,0.0
12833,2018,Vietnam,Afghanistan,0.0
12834,2018,Vietnam,Cambodia,1.0
12835,2018,Vietnam,Hong Kong,0.6666666666666666
12836,2018,Vietnam,Indonesia,0.3333333333333333
12837,2018,Vietnam,Jordan,0.0
12838,2018,Vietnam,Laos,1.0
12839,2018,Vietnam,Malaysia,0.5
12840,2018,Vietnam,Myanmar,1.0
12841,2018,Vietnam,North Korea,0.5
12842,2018,Vietnam,Palestine,0.0
12843,2018,Vietnam,Philippines,1.0
12844,2018,Vietnam,Syria,1.0
12845,2018,Vietnam,Taiwan,0.0
12846,2018,Wales,Andorra,1.0
12847,2018,Wales,Belgium,1.0
12848,2018,Wales,Bosnia and Herzegovina,0.0
12849,2018,Wales,Cyprus,1.0
12850,2018,Wales,Iceland,1.0
12851,2018,Wales,Israel,0.0
12852,2018,Wales,Netherlands,0.0
12853,2018,Wales,Northern Ireland,0.5
12854,2018,Wales,Panama,0.0
12855,2018,Wales,Slovakia,1.0
12856,2018,Yemen,Chad,0.0
12857,2018,Yemen,Finland,0.0
12858,2018,Yemen,Iraq,0.0
12859,2018,Yemen,Malaysia,0.0
12860,2018,Yemen,Maldives,1.0
12861,2018,Yemen,Nepal,1.0
12862,2018,Yemen,Nigeria,0.0
12863,2018,Yemen,Palestine,0.0
12864,2018,Yemen,Philippines,0.0
12865,2018,Yemen,Tajikistan,1.0
12866,2018,Zambia,Cape Verde,1.0
12867,2018,Zambia,Congo,0.0
12868,2018,Zambia,DR Congo,0.0
12869,2018,Zambia,Eswatini,0.0
12870,2018,Zambia,Ethiopia,0.0
12871,2018,Zambia,Gabon,0.0
12872,2018,Zambia,Ghana,1.0
12873,2018,Zambia,Guinea-Bissau,0.0
12874,2018,Zambia,Ivory Coast,0.0
12875,2018,Zambia,Kenya,0.0
12876,2018,Zambia,Malawi,0.5
12877,2018,Zambia,Mozambique,0.0
12878,2018,Zambia,Namibia,0.0
12879,2018,Zambia,Niger,1.0
12880,2018,Zambia,Rwanda,1.0
12881,2018,Zambia,Sudan,1.0
12882,2018,Zambia,Tanzania,1.0
12883,2018,Zambia,Tunisia,0.0
12884,2018,Zambia,Uganda,1.0
12885,2018,Zambia,Zimbabwe,0.0
12886,2018,Zanzibar,Kenya,1.0
12887,2018,Zanzibar,Rwanda,1.0
12888,2018,Zanzibar,Uganda,0.0
12889,2018,Zimbabwe,Eswatini,0.5
12890,2018,Zimbabwe,Gabon,1.0
12891,2018,Zimbabwe,Guinea,0.0
12892,2018,Zimbabwe,Liberia,1.0
12893,2018,Zimbabwe,Madagascar,0.0
12894,2018,Zimbabwe,Malawi,1.0
12895,2018,Zimbabwe,Mauritius,1.0
12896,2018,Zimbabwe,Seychelles,1.0
12897,2018,Zimbabwe,Tanzania,0.5
12898,2018,Zimbabwe,Tunisia,0.0
12899,2018,Zimbabwe,Uganda,1.0
12900,2018,Zimbabwe,Zambia,0.5
12901,2022,Abkhazia,Chameria,0.5
12902,2022,Abkhazia,Western Armenia,0.0
12903,2022,Afghanistan,Cambodia,0.5
12904,2022,Afghanistan,Turkmenistan,0.0
12905,2022,Albania,Andorra,0.0
12906,2022,Albania,Armenia,1.0
12907,2022,Albania,Belarus,1.0
12908,2022,Albania,Estonia,0.0
12909,2022,Albania,France,0.0
12910,2022,Albania,Georgia,0.0
12911,2022,Albania,Iceland,0.5
12912,2022,Albania,Israel,0.5
12913,2022,Albania,Italy,0.0
12914,2022,Albania,Jordan,0.0
12915,2022,Albania,Kazakhstan,1.0
12916,2022,Albania,Kosovo,0.5
12917,2022,Albania,Lithuania,0.0
12918,2022,Albania,Moldova,1.0
12919,2022,Albania,Norway,0.0
12920,2022,Albania,Qatar,0.0
12921,2022,Albania,Scotland,0.0
12922,2022,Albania,Turkey,0.0
12923,2022,Albania,Ukraine,0.0
12924,2022,Albania,Wales,1.0
12925,2022,Algeria,Benin,1.0
12926,2022,Algeria,Botswana,1.0
12927,2022,Algeria,Burundi,0.0
12928,2022,Algeria,Cape Verde,0.0
12929,2022,Algeria,Colombia,1.0
12930,2022,Algeria,DR Congo,0.0
12931,2022,Algeria,Equatorial Guinea,0.0
12932,2022,Algeria,Gambia,0.0
12933,2022,Algeria,Ghana,1.0
12934,2022,Algeria,Guinea,1.0
12935,2022,Algeria,Iran,0.0
12936,2022,Algeria,Kenya,1.0
12937,2022,Algeria,Liberia,1.0
12938,2022,Algeria,Mali,0.6666666666666666
12939,2022,Algeria,Mauritania,1.0
12940,2022,Algeria,Nigeria,1.0
12941,2022,Algeria,Saudi Arabia,0.0
12942,2022,Algeria,Sierra Leone,0.0
12943,2022,Algeria,Tanzania,1.0
12944,2022,Algeria,Tunisia,1.0
12945,2022,Algeria,Uganda,1.0
12946,2022,Algeria,Zambia,1.0
12947,2022,Algeria,Zimbabwe,1.0
12948,2022,American Samoa,Fiji,0.0
12949,2022,American Samoa,New Caledonia,0.0
12950,2022,American Samoa,Tuvalu,0.0
12951,2022,Andorra,Albania,0.0
12952,2022,Andorra,Austria,0.0
12953,2022,Andorra,Cape Verde,0.0
12954,2022,Andorra,Faroe Islands,0.0
12955,2022,Andorra,France,0.0
12956,2022,Andorra,Georgia,0.0
12957,2022,Andorra,Gibraltar,0.0
12958,2022,Andorra,Grenada,1.0
12959,2022,Andorra,Iceland,0.0
12960,2022,Andorra,Kazakhstan,0.0
12961,2022,Andorra,Latvia,0.0
12962,2022,Andorra,Liechtenstein,1.0
12963,2022,Andorra,Malta,0.0
12964,2022,Andorra,Moldova,0.5
12965,2022,Andorra,Republic of Ireland,0.0
12966,2022,Andorra,Saint Kitts and Nevis,1.0
12967,2022,Andorra,Turkey,0.0
12968,2022,Andorra,United Arab Emirates,0.0
12969,2022,Angola,Botswana,0.6666666666666666
12970,2022,Angola,Burkina Faso,1.0
12971,2022,Angola,Central African Republic,1.0
12972,2022,Angola,Comoros,1.0
12973,2022,Angola,DR Congo,0.0
12974,2022,Angola,Equatorial Guinea,0.0
12975,2022,Angola,Gabon,1.0
12976,2022,Angola,Gambia,0.0
12977,2022,Angola,Guinea-Bissau,1.0
12978,2022,Angola,Malawi,0.0
12979,2022,Angola,Mali,0.0
12980,2022,Angola,Mauritania,1.0
12981,2022,Angola,Mauritius,1.0
12982,2022,Angola,Seychelles,1.0
12983,2022,Angola,Zimbabwe,0.0
12984,2022,Anguilla,Dominica,0.0
12985,2022,Anguilla,French Guiana,0.0
12986,2022,Anguilla,Guatemala,0.0
12987,2022,Anguilla,Puerto Rico,0.0
12988,2022,Anguilla,Saint Martin,0.0
12989,2022,Anguilla,United States Virgin Islands,0.0
12990,2022,Antigua and Barbuda,Aruba,1.0
12991,2022,Antigua and Barbuda,Bermuda,1.0
12992,2022,Antigua and Barbuda,Cuba,0.0
12993,2022,Antigua and Barbuda,Curaçao,1.0
12994,2022,Antigua and Barbuda,Guadeloupe,1.0
12995,2022,Antigua and Barbuda,Guyana,1.0
12996,2022,Antigua and Barbuda,Jamaica,0.0
12997,2022,Antigua and Barbuda,Saint Lucia,0.0
12998,2022,Argentina,Australia,1.0
12999,2022,Argentina,Bolivia,1.0
13000,2022,Argentina,Chile,0.3333333333333333
13001,2022,Argentina,Colombia,0.0
13002,2022,Argentina,Croatia,1.0
13003,2022,Argentina,Ecuador,1.0
13004,2022,Argentina,Estonia,1.0
13005,2022,Argentina,France,0.0
13006,2022,Argentina,Guatemala,1.0
13007,2022,Argentina,Haiti,1.0
13008,2022,Argentina,Honduras,1.0
13009,2022,Argentina,Iraq,1.0
13010,2022,Argentina,Jamaica,1.0
13011,2022,Argentina,Mexico,1.0
13012,2022,Argentina,Nicaragua,1.0
13013,2022,Argentina,Paraguay,0.5
13014,2022,Argentina,Saudi Arabia,0.0
13015,2022,Argentina,Uruguay,0.5
13016,2022,Argentina,Venezuela,0.0
13017,2022,Armenia,Bosnia and Herzegovina,1.0
13018,2022,Armenia,Estonia,0.5
13019,2022,Armenia,Finland,0.0
13020,2022,Armenia,Georgia,0.0
13021,2022,Armenia,Gibraltar,0.0
13022,2022,Armenia,Greece,0.0
13023,2022,Armenia,Italy,0.0
13024,2022,Armenia,Liechtenstein,1.0
13025,2022,Armenia,Lithuania,0.0
13026,2022,Armenia,Malta,0.0
13027,2022,Armenia,Moldova,0.0
13028,2022,Armenia,Montenegro,1.0
13029,2022,Armenia,North Macedonia,1.0
13030,2022,Armenia,Republic of Ireland,1.0
13031,2022,Armenia,Scotland,0.0
13032,2022,Armenia,Ukraine,0.0
13033,2022,Artsakh,Abkhazia,0.0
13034,2022,Artsakh,Chameria,0.0
13035,2022,Artsakh,Padania,1.0
13036,2022,Artsakh,Székely Land,1.0
13037,2022,Artsakh,Sápmi,1.0
13038,2022,Aruba,Antigua and Barbuda,0.0
13039,2022,Aruba,Bermuda,1.0
13040,2022,Aruba,Guyana,0.0
13041,2022,Aruba,Jamaica,0.0
13042,2022,Aruba,Montserrat,0.0
13043,2022,Aruba,Saint Kitts and Nevis,0.0
13044,2022,Aruba,Saint Martin,1.0
13045,2022,Australia,Colombia,0.0
13046,2022,Australia,Denmark,1.0
13047,2022,Australia,Jordan,0.5
13048,2022,Australia,Lebanon,1.0
13049,2022,Australia,New Zealand,1.0
13050,2022,Australia,Oman,1.0
13051,2022,Australia,South Korea,0.0
13052,2022,Australia,Syria,1.0
13053,2022,Australia,Uzbekistan,0.0
13054,2022,Austria,Bosnia and Herzegovina,0.0
13055,2022,Austria,Brazil,0.0
13056,2022,Austria,Croatia,0.0
13057,2022,Austria,Denmark,0.0
13058,2022,Austria,France,0.0
13059,2022,Austria,Germany,1.0
13060,2022,Austria,Greece,1.0
13061,2022,Austria,Israel,1.0
13062,2022,Austria,Italy,1.0
13063,2022,Austria,Latvia,1.0
13064,2022,Austria,North Macedonia,1.0
13065,2022,Austria,Northern Ireland,1.0
13066,2022,Austria,Norway,0.0
13067,2022,Austria,Poland,0.0
13068,2022,Austria,Romania,0.0
13069,2022,Austria,Russia,1.0
13070,2022,Austria,Scotland,0.0
13071,2022,Austria,Slovakia,0.0
13072,2022,Austria,Slovenia,1.0
13073,2022,Austria,Sweden,1.0
13074,2022,Azerbaijan,Belarus,0.5
13075,2022,Azerbaijan,Croatia,0.0
13076,2022,Azerbaijan,Cyprus,0.0
13077,2022,Azerbaijan,Faroe Islands,1.0
13078,2022,Azerbaijan,Hungary,0.0
13079,2022,Azerbaijan,Kazakhstan,1.0
13080,2022,Azerbaijan,Kosovo,0.0
13081,2022,Azerbaijan,Kyrgyzstan,1.0
13082,2022,Azerbaijan,Latvia,0.0
13083,2022,Azerbaijan,Lithuania,0.0
13084,2022,Azerbaijan,Luxembourg,0.0
13085,2022,Azerbaijan,Malta,0.0
13086,2022,Azerbaijan,Moldova,0.0
13087,2022,Azerbaijan,Montenegro,0.0
13088,2022,Azerbaijan,North Macedonia,0.0
13089,2022,Azerbaijan,Qatar,0.0
13090,2022,Azerbaijan,Slovakia,0.0
13091,2022,Azerbaijan,Wales,0.0
13092,2022,Bahamas,Anguilla,0.0
13093,2022,Bahamas,Antigua and Barbuda,0.0
13094,2022,Bahamas,Bonaire,1.0
13095,2022,Bahamas,British Virgin Islands,1.0
13096,2022,Bahamas,Nicaragua,0.0
13097,2022,Bahamas,Saint Vincent and the Grenadines,1.0
13098,2022,Bahamas,Turks and Caicos Islands,0.6666666666666666
13099,2022,Bahrain,Azerbaijan,0.0
13100,2022,Bahrain,Bangladesh,1.0
13101,2022,Bahrain,Belarus,0.0
13102,2022,Bahrain,Burundi,1.0
13103,2022,Bahrain,Canada,0.0
13104,2022,Bahrain,Cape Verde,0.0
13105,2022,Bahrain,China PR,0.0
13106,2022,Bahrain,Curaçao,1.0
13107,2022,Bahrain,DR Congo,1.0
13108,2022,Bahrain,Haiti,1.0
13109,2022,Bahrain,India,1.0
13110,2022,Bahrain,Jordan,0.0
13111,2022,Bahrain,Kyrgyzstan,1.0
13112,2022,Bahrain,Lebanon,1.0
13113,2022,Bahrain,Malaysia,1.0
13114,2022,Bahrain,Myanmar,1.0
13115,2022,Bahrain,New Zealand,0.0
13116,2022,Bahrain,North Korea,1.0
13117,2022,Bahrain,Palestine,0.0
13118,2022,Bahrain,Panama,0.0
13119,2022,Bahrain,Philippines,0.0
13120,2022,Bahrain,Saudi Arabia,0.0
13121,2022,Bahrain,Serbia,0.0
13122,2022,Bahrain,Syria,0.5
13123,2022,Bahrain,Tajikistan,1.0
13124,2022,Bahrain,Thailand,0.0
13125,2022,Bahrain,Turkmenistan,1.0
13126,2022,Bahrain,Uganda,1.0
13127,2022,Bangladesh,Bhutan,1.0
13128,2022,Bangladesh,India,0.0
13129,2022,Bangladesh,Mongolia,0.0
13130,2022,Bangladesh,Nepal,0.25
13131,2022,Bangladesh,Pakistan,1.0
13132,2022,Bangladesh,Sri Lanka,0.0
13133,2022,Bangladesh,Turkmenistan,0.0
13134,2022,Barawa,Chagos Islands,1.0
13135,2022,Barawa,Surrey,0.0
13136,2022,Barawa,Yorkshire,0.0
13137,2022,Barbados,Antigua and Barbuda,0.0
13138,2022,Barbados,Belize,0.0
13139,2022,Barbados,Bermuda,0.0
13140,2022,Barbados,Canada,0.0
13141,2022,Barbados,Cayman Islands,1.0
13142,2022,Barbados,Cuba,0.0
13143,2022,Barbados,Grenada,1.0
13144,2022,Barbados,Guadeloupe,0.0
13145,2022,Barbados,Guyana,0.0
13146,2022,Barbados,Jamaica,0.0
13147,2022,Barbados,Nicaragua,0.0
13148,2022,Barbados,Saint Martin,1.0
13149,2022,Barbados,United States Virgin Islands,1.0
13150,2022,Basque Country,Costa Rica,1.0
13151,2022,Basque Country,Venezuela,1.0
13152,2022,Belarus,Albania,0.0
13153,2022,Belarus,Azerbaijan,0.0
13154,2022,Belarus,Estonia,0.0
13155,2022,Belarus,Germany,0.0
13156,2022,Belarus,Honduras,0.0
13157,2022,Belarus,Hungary,0.0
13158,2022,Belarus,India,1.0
13159,2022,Belarus,Jordan,1.0
13160,2022,Belarus,Kazakhstan,0.5
13161,2022,Belarus,Lithuania,1.0
13162,2022,Belarus,Luxembourg,1.0
13163,2022,Belarus,Moldova,0.0
13164,2022,Belarus,Netherlands,0.0
13165,2022,Belarus,Northern Ireland,0.0
13166,2022,Belarus,San Marino,1.0
13167,2022,Belarus,Slovakia,0.0
13168,2022,Belgium,Burkina Faso,1.0
13169,2022,Belgium,Canada,1.0
13170,2022,Belgium,Costa Rica,1.0
13171,2022,Belgium,Croatia,1.0
13172,2022,Belgium,Cyprus,1.0
13173,2022,Belgium,Denmark,1.0
13174,2022,Belgium,Egypt,1.0
13175,2022,Belgium,England,1.0
13176,2022,Belgium,France,0.0
13177,2022,Belgium,Greece,0.0
13178,2022,Belgium,Iceland,1.0
13179,2022,Belgium,Italy,0.0
13180,2022,Belgium,Ivory Coast,0.0
13181,2022,Belgium,Kazakhstan,1.0
13182,2022,Belgium,Morocco,0.0
13183,2022,Belgium,Netherlands,0.0
13184,2022,Belgium,Poland,1.0
13185,2022,Belgium,Portugal,0.5
13186,2022,Belgium,Russia,1.0
13187,2022,Belgium,San Marino,1.0
13188,2022,Belgium,Saudi Arabia,1.0
13189,2022,Belgium,Scotland,1.0
13190,2022,Belgium,Switzerland,1.0
13191,2022,Belgium,Wales,1.0
13192,2022,Belize,Bahamas,1.0
13193,2022,Belize,Barbados,1.0
13194,2022,Belize,Cuba,0.0
13195,2022,Belize,Dominican Republic,0.0
13196,2022,Belize,French Guiana,0.5
13197,2022,Belize,Grenada,0.5
13198,2022,Belize,Puerto Rico,1.0
13199,2022,Belize,Saint Kitts and Nevis,0.0
13200,2022,Belize,Saint Vincent and the Grenadines,0.5
13201,2022,Benin,Algeria,1.0
13202,2022,Benin,Cameroon,0.0
13203,2022,Benin,Guinea,1.0
13204,2022,Benin,Guinea-Bissau,0.0
13205,2022,Benin,Lesotho,1.0
13206,2022,Benin,Mauritania,1.0
13207,2022,Benin,Mozambique,0.0
13208,2022,Benin,Nigeria,0.0
13209,2022,Benin,Sierra Leone,1.0
13210,2022,Benin,Togo,1.0
13211,2022,Benin,Zambia,0.3333333333333333
13212,2022,Bermuda,Barbados,1.0
13213,2022,Bermuda,El Salvador,1.0
13214,2022,Bermuda,Guatemala,0.0
13215,2022,Bermuda,Guyana,1.0
13216,2022,Bermuda,Haiti,0.0
13217,2022,Bermuda,Mexico,0.0
13218,2022,Bermuda,Nicaragua,1.0
13219,2022,Bermuda,Panama,0.0
13220,2022,Bermuda,Sint Maarten,1.0
13221,2022,Biafra,Matabeleland,0.5
13222,2022,Bolivia,Haiti,1.0
13223,2022,Bolivia,Nicaragua,0.0
13224,2022,Bolivia,Peru,0.0
13225,2022,Bolivia,Senegal,0.0
13226,2022,Bolivia,Trinidad and Tobago,1.0
13227,2022,Bolivia,Uruguay,0.0
13228,2022,Bolivia,Venezuela,0.0
13229,2022,Bonaire,Bahamas,0.0
13230,2022,Bonaire,British Virgin Islands,1.0
13231,2022,Bonaire,Dominican Republic,0.0
13232,2022,Bonaire,Jamaica,0.0
13233,2022,Bonaire,Sint Maarten,0.0
13234,2022,Bonaire,United States Virgin Islands,1.0
13235,2022,Bosnia and Herzegovina,Armenia,1.0
13236,2022,Bosnia and Herzegovina,Austria,1.0
13237,2022,Bosnia and Herzegovina,Costa Rica,0.0
13238,2022,Bosnia and Herzegovina,Finland,1.0
13239,2022,Bosnia and Herzegovina,Georgia,0.0
13240,2022,Bosnia and Herzegovina,Greece,0.0
13241,2022,Bosnia and Herzegovina,Iran,0.0
13242,2022,Bosnia and Herzegovina,Italy,0.0
13243,2022,Bosnia and Herzegovina,Kuwait,1.0
13244,2022,Bosnia and Herzegovina,Liechtenstein,1.0
13245,2022,Bosnia and Herzegovina,Luxembourg,1.0
13246,2022,Bosnia and Herzegovina,Montenegro,0.3333333333333333
13247,2022,Bosnia and Herzegovina,Netherlands,0.0
13248,2022,Bosnia and Herzegovina,Northern Ireland,0.5
13249,2022,Bosnia and Herzegovina,Poland,0.0
13250,2022,Bosnia and Herzegovina,Romania,1.0
13251,2022,Bosnia and Herzegovina,Senegal,0.0
13252,2022,Botswana,Algeria,0.0
13253,2022,Botswana,Angola,0.5
13254,2022,Botswana,Burkina Faso,0.0
13255,2022,Botswana,Eswatini,1.0
13256,2022,Botswana,Lesotho,1.0
13257,2022,Botswana,Liberia,0.0
13258,2022,Botswana,Mauritius,1.0
13259,2022,Botswana,Namibia,1.0
13260,2022,Botswana,Tunisia,0.0
13261,2022,Botswana,Zambia,0.3333333333333333
13262,2022,Botswana,Zimbabwe,0.0
13263,2022,Brazil,Argentina,0.5
13264,2022,Brazil,Bolivia,1.0
13265,2022,Brazil,Cameroon,1.0
13266,2022,Brazil,Chile,1.0
13267,2022,Brazil,Colombia,0.5
13268,2022,Brazil,Ecuador,0.0
13269,2022,Brazil,El Salvador,1.0
13270,2022,Brazil,Ghana,1.0
13271,2022,Brazil,Honduras,1.0
13272,2022,Brazil,Nigeria,0.0
13273,2022,Brazil,Panama,0.0
13274,2022,Brazil,Paraguay,0.0
13275,2022,Brazil,Peru,0.8
13276,2022,Brazil,Qatar,1.0
13277,2022,Brazil,Senegal,0.0
13278,2022,Brazil,Serbia,1.0
13279,2022,Brazil,South Korea,1.0
13280,2022,Brazil,Switzerland,1.0
13281,2022,Brazil,Tunisia,1.0
13282,2022,Brazil,Uruguay,1.0
13283,2022,Brazil,Venezuela,0.5
13284,2022,British Virgin Islands,Bahamas,0.0
13285,2022,British Virgin Islands,Bonaire,0.0
13286,2022,British Virgin Islands,Cayman Islands,0.0
13287,2022,British Virgin Islands,Turks and Caicos Islands,0.0
13288,2022,Brunei,Indonesia,0.0
13289,2022,Brunei,Laos,1.0
13290,2022,Brunei,Maldives,0.0
13291,2022,Brunei,Thailand,0.0
13292,2022,Brunei,Timor-Leste,0.6666666666666666
13293,2022,Bulgaria,Bosnia and Herzegovina,0.0
13294,2022,Bulgaria,Cyprus,1.0
13295,2022,Bulgaria,Czech Republic,1.0
13296,2022,Bulgaria,England,0.0
13297,2022,Bulgaria,Finland,0.0
13298,2022,Bulgaria,Georgia,0.5
13299,2022,Bulgaria,Gibraltar,1.0
13300,2022,Bulgaria,Hungary,0.0
13301,2022,Bulgaria,Kazakhstan,1.0
13302,2022,Bulgaria,Kosovo,0.0
13303,2022,Bulgaria,Montenegro,0.0
13304,2022,Bulgaria,North Macedonia,0.0
13305,2022,Bulgaria,Norway,1.0
13306,2022,Bulgaria,Paraguay,0.0
13307,2022,Bulgaria,Republic of Ireland,0.0
13308,2022,Bulgaria,Slovenia,0.0
13309,2022,Bulgaria,Wales,0.0
13310,2022,Burkina Faso,Botswana,1.0
13311,2022,Burkina Faso,Cape Verde,1.0
13312,2022,Burkina Faso,Comoros,1.0
13313,2022,Burkina Faso,DR Congo,1.0
13314,2022,Burkina Faso,Ethiopia,0.0
13315,2022,Burkina Faso,Gabon,0.0
13316,2022,Burkina Faso,Guinea-Bissau,1.0
13317,2022,Burkina Faso,Madagascar,1.0
13318,2022,Burkina Faso,Malawi,1.0
13319,2022,Burkina Faso,Mauritania,1.0
13320,2022,Burkina Faso,Senegal,0.0
13321,2022,Burkina Faso,South Sudan,1.0
13322,2022,Burkina Faso,Tunisia,1.0
13323,2022,Burkina Faso,Uganda,0.0
13324,2022,Burundi,Cameroon,0.0
13325,2022,Burundi,Central African Republic,0.0
13326,2022,Burundi,Gabon,0.0
13327,2022,Burundi,Guinea,0.0
13328,2022,Burundi,Mali,0.0
13329,2022,Burundi,Mauritania,1.0
13330,2022,Burundi,Morocco,0.0
13331,2022,Burundi,Myanmar,1.0
13332,2022,Burundi,Seychelles,1.0
13333,2022,Cambodia,Bangladesh,0.0
13334,2022,Cambodia,Brunei,1.0
13335,2022,Cambodia,Guam,1.0
13336,2022,Cambodia,Hong Kong,0.0
13337,2022,Cambodia,Laos,1.0
13338,2022,Cambodia,Malaysia,0.0
13339,2022,Cambodia,Mongolia,0.0
13340,2022,Cambodia,Philippines,1.0
13341,2022,Cambodia,Singapore,0.0
13342,2022,Cambodia,Timor-Leste,0.5
13343,2022,Cameroon,Brazil,1.0
13344,2022,Cameroon,Burkina Faso,0.3333333333333333
13345,2022,Cameroon,Cape Verde,0.0
13346,2022,Cameroon,Comoros,1.0
13347,2022,Cameroon,Egypt,0.0
13348,2022,Cameroon,Ethiopia,1.0
13349,2022,Cameroon,Gambia,1.0
13350,2022,Cameroon,Ghana,0.0
13351,2022,Cameroon,Guinea-Bissau,1.0
13352,2022,Cameroon,Jamaica,0.0
13353,2022,Cameroon,Malawi,1.0
13354,2022,Cameroon,Mali,0.0
13355,2022,Cameroon,Mozambique,1.0
13356,2022,Cameroon,Nigeria,0.0
13357,2022,Cameroon,Panama,0.0
13358,2022,Cameroon,Rwanda,0.0
13359,2022,Cameroon,Serbia,0.0
13360,2022,Cameroon,South Sudan,0.0
13361,2022,Cameroon,Uzbekistan,0.0
13362,2022,Cameroon,Zambia,1.0
13363,2022,Canada,Cuba,1.0
13364,2022,Canada,Curaçao,1.0
13365,2022,Canada,Dominica,1.0
13366,2022,Canada,French Guiana,1.0
13367,2022,Canada,Iceland,0.0
13368,2022,Canada,Martinique,1.0
13369,2022,Canada,Morocco,0.0
13370,2022,Canada,New Zealand,1.0
13371,2022,Canada,Qatar,1.0
13372,2022,Canada,United States,1.0
13373,2022,Canada,Uruguay,0.0
13374,2022,Cape Verde,Burkina Faso,0.0
13375,2022,Cape Verde,Cameroon,1.0
13376,2022,Cape Verde,Guinea,0.0
13377,2022,Cape Verde,Lesotho,0.0
13378,2022,Cape Verde,Liechtenstein,1.0
13379,2022,Cape Verde,Mozambique,0.0
13380,2022,Cape Verde,Rwanda,0.0
13381,2022,Cape Verde,San Marino,1.0
13382,2022,Cape Verde,Tanzania,1.0
13383,2022,Cape Verde,Togo,1.0
13384,2022,Cascadia,Chagos Islands,1.0
13385,2022,Catalonia,Venezuela,1.0
13386,2022,Cayman Islands,Barbados,1.0
13387,2022,Cayman Islands,British Virgin Islands,0.0
13388,2022,Cayman Islands,Montserrat,0.0
13389,2022,Cayman Islands,Puerto Rico,0.0
13390,2022,Cayman Islands,Saint Lucia,0.0
13391,2022,Cayman Islands,Saint Martin,1.0
13392,2022,Cayman Islands,United States Virgin Islands,1.0
13393,2022,Central African Republic,Burundi,1.0
13394,2022,Central African Republic,Ghana,0.0
13395,2022,Central African Republic,Guinea,0.0
13396,2022,Central African Republic,Ivory Coast,0.0
13397,2022,Central African Republic,Kenya,1.0
13398,2022,Central African Republic,Mauritania,0.0
13399,2022,Central African Republic,Morocco,0.0
13400,2022,Central African Republic,Sudan,0.0
13401,2022,Central African Republic,Uganda,1.0
13402,2022,Chad,Gambia,0.0
13403,2022,Chad,Guinea,0.0
13404,2022,Chad,Liberia,1.0
13405,2022,Chad,Mali,0.0
13406,2022,Chad,Namibia,0.0
13407,2022,Chagos Islands,Panjab,0.0
13408,2022,Chameria,Sápmi,1.0
13409,2022,Chile,Bolivia,1.0
13410,2022,Chile,Costa Rica,0.0
13411,2022,Chile,Guinea,1.0
13412,2022,Chile,Haiti,1.0
13413,2022,Chile,Honduras,1.0
13414,2022,Chile,Paraguay,0.0
13415,2022,Chile,Peru,0.0
13416,2022,Chile,Uruguay,0.0
13417,2022,China PR,Czech Republic,0.0
13418,2022,China PR,Hong Kong,1.0
13419,2022,China PR,India,0.0
13420,2022,China PR,Iran,0.0
13421,2022,China PR,Japan,0.0
13422,2022,China PR,Jordan,0.0
13423,2022,China PR,Kyrgyzstan,1.0
13424,2022,China PR,Myanmar,1.0
13425,2022,China PR,Palestine,0.0
13426,2022,China PR,Philippines,1.0
13427,2022,China PR,South Korea,0.0
13428,2022,China PR,Syria,1.0
13429,2022,China PR,Tajikistan,1.0
13430,2022,China PR,Wales,0.0
13431,2022,Colombia,Argentina,0.0
13432,2022,Colombia,Chile,0.0
13433,2022,Colombia,Costa Rica,1.0
13434,2022,Colombia,Ecuador,1.0
13435,2022,Colombia,Egypt,0.0
13436,2022,Colombia,Guatemala,1.0
13437,2022,Colombia,Honduras,1.0
13438,2022,Colombia,Panama,1.0
13439,2022,Colombia,Paraguay,1.0
13440,2022,Colombia,Peru,0.5
13441,2022,Colombia,Qatar,1.0
13442,2022,Colombia,Venezuela,0.0
13443,2022,Comoros,Botswana,0.0
13444,2022,Comoros,Burundi,1.0
13445,2022,Comoros,Cameroon,0.0
13446,2022,Comoros,Egypt,0.0
13447,2022,Comoros,Ethiopia,1.0
13448,2022,Comoros,Gabon,0.0
13449,2022,Comoros,Kenya,0.5
13450,2022,Comoros,Lesotho,1.0
13451,2022,Comoros,Madagascar,0.0
13452,2022,Comoros,Malawi,0.5
13453,2022,Comoros,Mauritius,1.0
13454,2022,Comoros,Morocco,0.0
13455,2022,Comoros,Mozambique,0.0
13456,2022,Comoros,Seychelles,0.5
13457,2022,Comoros,Togo,0.0
13458,2022,Comoros,Tunisia,0.0
13459,2022,Congo,DR Congo,0.0
13460,2022,Congo,Eswatini,1.0
13461,2022,Congo,Gambia,0.5
13462,2022,Congo,Guinea-Bissau,1.0
13463,2022,Congo,Liberia,1.0
13464,2022,Congo,Senegal,0.0
13465,2022,Congo,Sierra Leone,0.0
13466,2022,Congo,Zambia,0.0
13467,2022,Congo,Zimbabwe,0.0
13468,2022,Costa Rica,Bermuda,1.0
13469,2022,Costa Rica,Canada,0.0
13470,2022,Costa Rica,Curaçao,0.0
13471,2022,Costa Rica,Germany,0.0
13472,2022,Costa Rica,Guadeloupe,1.0
13473,2022,Costa Rica,Haiti,0.0
13474,2022,Costa Rica,Jamaica,1.0
13475,2022,Costa Rica,Martinique,1.0
13476,2022,Costa Rica,Mexico,0.0
13477,2022,Costa Rica,Nicaragua,1.0
13478,2022,Costa Rica,Nigeria,1.0
13479,2022,Costa Rica,Northern Ireland,1.0
13480,2022,Costa Rica,Panama,0.0
13481,2022,Costa Rica,Qatar,0.0
13482,2022,Costa Rica,Uruguay,0.0
13483,2022,Costa Rica,Uzbekistan,1.0
13484,2022,Croatia,Armenia,0.0
13485,2022,Croatia,Austria,0.0
13486,2022,Croatia,Azerbaijan,1.0
13487,2022,Croatia,Belgium,0.0
13488,2022,Croatia,Brazil,0.0
13489,2022,Croatia,Bulgaria,1.0
13490,2022,Croatia,Canada,1.0
13491,2022,Croatia,Czech Republic,0.0
13492,2022,Croatia,Denmark,1.0
13493,2022,Croatia,England,0.0
13494,2022,Croatia,France,0.0
13495,2022,Croatia,Georgia,1.0
13496,2022,Croatia,Hungary,1.0
13497,2022,Croatia,Jordan,1.0
13498,2022,Croatia,Morocco,1.0
13499,2022,Croatia,Portugal,0.0
13500,2022,Croatia,Senegal,1.0
13501,2022,Croatia,Slovakia,1.0
13502,2022,Croatia,Slovenia,0.0
13503,2022,Croatia,Spain,0.5
13504,2022,Croatia,Sweden,1.0
13505,2022,Croatia,Tunisia,0.0
13506,2022,Croatia,Wales,1.0
13507,2022,Cuba,Antigua and Barbuda,1.0
13508,2022,Cuba,Barbados,1.0
13509,2022,Cuba,Bermuda,1.0
13510,2022,Cuba,Canada,0.0
13511,2022,Cuba,Dominican Republic,1.0
13512,2022,Cuba,French Guiana,0.0
13513,2022,Cuba,Martinique,0.0
13514,2022,Cuba,Turks and Caicos Islands,1.0
13515,2022,Cuba,United States,0.0
13516,2022,Curaçao,Bolivia,0.5
13517,2022,Curaçao,Costa Rica,0.0
13518,2022,Curaçao,El Salvador,0.0
13519,2022,Curaçao,Grenada,1.0
13520,2022,Curaçao,Guadeloupe,1.0
13521,2022,Curaçao,Haiti,1.0
13522,2022,Curaçao,Honduras,0.0
13523,2022,Curaçao,New Zealand,0.0
13524,2022,Cyprus,Azerbaijan,0.0
13525,2022,Cyprus,Belgium,0.0
13526,2022,Cyprus,Bulgaria,0.0
13527,2022,Cyprus,Czech Republic,0.0
13528,2022,Cyprus,Estonia,1.0
13529,2022,Cyprus,Greece,1.0
13530,2022,Cyprus,Kazakhstan,0.0
13531,2022,Cyprus,Kosovo,0.0
13532,2022,Cyprus,Luxembourg,1.0
13533,2022,Cyprus,Montenegro,0.0
13534,2022,Cyprus,Northern Ireland,0.0
13535,2022,Cyprus,Norway,0.0
13536,2022,Cyprus,Russia,0.0
13537,2022,Cyprus,San Marino,1.0
13538,2022,Cyprus,Scotland,0.0
13539,2022,Cyprus,Slovenia,1.0
13540,2022,Czech Republic,Albania,1.0
13541,2022,Czech Republic,Australia,0.0
13542,2022,Czech Republic,Brazil,0.0
13543,2022,Czech Republic,Bulgaria,1.0
13544,2022,Czech Republic,Denmark,0.0
13545,2022,Czech Republic,England,1.0
13546,2022,Czech Republic,Faroe Islands,1.0
13547,2022,Czech Republic,Israel,1.0
13548,2022,Czech Republic,Kosovo,1.0
13549,2022,Czech Republic,Kuwait,1.0
13550,2022,Czech Republic,Montenegro,1.0
13551,2022,Czech Republic,Nigeria,1.0
13552,2022,Czech Republic,Northern Ireland,0.0
13553,2022,Czech Republic,Portugal,0.0
13554,2022,Czech Republic,Scotland,0.0
13555,2022,Czech Republic,Slovakia,1.0
13556,2022,Czech Republic,Spain,0.0
13557,2022,Czech Republic,Switzerland,1.0
13558,2022,Czech Republic,Ukraine,0.0
13559,2022,DR Congo,Angola,0.0
13560,2022,DR Congo,Burkina Faso,0.0
13561,2022,DR Congo,Gabon,0.0
13562,2022,DR Congo,Gambia,1.0
13563,2022,DR Congo,Liberia,1.0
13564,2022,DR Congo,Mali,0.0
13565,2022,DR Congo,Rwanda,0.0
13566,2022,DR Congo,Sierra Leone,1.0
13567,2022,DR Congo,Uganda,0.0
13568,2022,DR Congo,Zimbabwe,0.0
13569,2022,Denmark,Austria,1.0
13570,2022,Denmark,Belgium,0.0
13571,2022,Denmark,Bosnia and Herzegovina,1.0
13572,2022,Denmark,Chile,0.0
13573,2022,Denmark,Croatia,0.0
13574,2022,Denmark,England,0.0
13575,2022,Denmark,Faroe Islands,1.0
13576,2022,Denmark,Finland,0.0
13577,2022,Denmark,France,1.0
13578,2022,Denmark,Georgia,1.0
13579,2022,Denmark,Gibraltar,1.0
13580,2022,Denmark,Iceland,1.0
13581,2022,Denmark,Luxembourg,1.0
13582,2022,Denmark,Mexico,1.0
13583,2022,Denmark,Panama,1.0
13584,2022,Denmark,Republic of Ireland,0.0
13585,2022,Denmark,Russia,1.0
13586,2022,Denmark,Serbia,1.0
13587,2022,Denmark,Sweden,0.5
13588,2022,Denmark,Switzerland,1.0
13589,2022,Denmark,Tunisia,0.0
13590,2022,Denmark,Wales,1.0
13591,2022,Djibouti,Gambia,0.0
13592,2022,Djibouti,Somalia,1.0
13593,2022,Djibouti,South Sudan,0.0
13594,2022,Dominica,Anguilla,0.0
13595,2022,Dominica,Bahamas,1.0
13596,2022,Dominica,Nicaragua,0.0
13597,2022,Dominica,Saint Lucia,0.0
13598,2022,Dominica,Saint Vincent and the Grenadines,1.0
13599,2022,Dominica,Suriname,0.0
13600,2022,Dominican Republic,Bermuda,0.0
13601,2022,Dominican Republic,Cayman Islands,1.0
13602,2022,Dominican Republic,Cuba,0.0
13603,2022,Dominican Republic,El Salvador,1.0
13604,2022,Dominican Republic,French Guiana,0.0
13605,2022,Dominican Republic,Guatemala,0.0
13606,2022,Dominican Republic,Montserrat,0.0
13607,2022,Dominican Republic,Puerto Rico,0.0
13608,2022,Dominican Republic,Saint Kitts and Nevis,1.0
13609,2022,Dominican Republic,Saint Lucia,1.0
13610,2022,Dominican Republic,Serbia,0.0
13611,2022,Dominican Republic,Turks and Caicos Islands,1.0
13612,2022,Ecuador,Argentina,0.0
13613,2022,Ecuador,Bolivia,1.0
13614,2022,Ecuador,Cape Verde,1.0
13615,2022,Ecuador,Chile,0.0
13616,2022,Ecuador,Colombia,0.0
13617,2022,Ecuador,Guatemala,1.0
13618,2022,Ecuador,Jamaica,1.0
13619,2022,Ecuador,Japan,0.0
13620,2022,Ecuador,Nigeria,1.0
13621,2022,Ecuador,Peru,0.0
13622,2022,Ecuador,Senegal,0.0
13623,2022,Ecuador,Trinidad and Tobago,1.0
13624,2022,Egypt,Belgium,1.0
13625,2022,Egypt,Botswana,1.0
13626,2022,Egypt,Comoros,1.0
13627,2022,Egypt,DR Congo,1.0
13628,2022,Egypt,Eswatini,1.0
13629,2022,Egypt,Guinea,1.0
13630,2022,Egypt,Kenya,0.0
13631,2022,Egypt,Liberia,1.0
13632,2022,Egypt,Morocco,1.0
13633,2022,Egypt,Niger,1.0
13634,2022,Egypt,South Africa,0.0
13635,2022,Egypt,Sudan,1.0
13636,2022,Egypt,Tanzania,1.0
13637,2022,Egypt,Togo,1.0
13638,2022,Egypt,Tunisia,1.0
13639,2022,Egypt,Uganda,1.0
13640,2022,Egypt,Zimbabwe,1.0
13641,2022,El Salvador,Barbados,1.0
13642,2022,El Salvador,Bolivia,0.0
13643,2022,El Salvador,Chile,0.0
13644,2022,El Salvador,Costa Rica,0.0
13645,2022,El Salvador,Dominican Republic,1.0
13646,2022,El Salvador,Ecuador,0.0
13647,2022,El Salvador,Grenada,1.0
13648,2022,El Salvador,Guatemala,0.4
13649,2022,El Salvador,Haiti,1.0
13650,2022,El Salvador,Honduras,1.0
13651,2022,El Salvador,Iceland,0.0
13652,2022,El Salvador,Jamaica,0.5
13653,2022,El Salvador,Montserrat,1.0
13654,2022,El Salvador,Saint Lucia,1.0
13655,2022,El Salvador,United States,0.0
13656,2022,Elba Island,Raetia,1.0
13657,2022,Ellan Vannin,Panjab,1.0
13658,2022,England,Austria,1.0
13659,2022,England,Belgium,1.0
13660,2022,England,Bulgaria,1.0
13661,2022,England,Costa Rica,1.0
13662,2022,England,Croatia,1.0
13663,2022,England,Czech Republic,1.0
13664,2022,England,Denmark,0.5
13665,2022,England,France,0.0
13666,2022,England,Germany,0.5
13667,2022,England,Hungary,0.0
13668,2022,England,Iceland,1.0
13669,2022,England,Iran,1.0
13670,2022,England,Italy,0.0
13671,2022,England,Ivory Coast,1.0
13672,2022,England,Kosovo,1.0
13673,2022,England,Montenegro,1.0
13674,2022,England,Netherlands,0.0
13675,2022,England,Nigeria,1.0
13676,2022,England,Republic of Ireland,1.0
13677,2022,England,Romania,1.0
13678,2022,England,Scotland,0.0
13679,2022,England,Senegal,1.0
13680,2022,England,Spain,0.0
13681,2022,England,Switzerland,1.0
13682,2022,England,United States,0.5
13683,2022,England,Wales,1.0
13684,2022,Equatorial Guinea,Ivory Coast,0.0
13685,2022,Equatorial Guinea,Liberia,0.0
13686,2022,Equatorial Guinea,Libya,1.0
13687,2022,Equatorial Guinea,Madagascar,0.0
13688,2022,Equatorial Guinea,Senegal,0.0
13689,2022,Equatorial Guinea,Sudan,1.0
13690,2022,Equatorial Guinea,Tanzania,1.0
13691,2022,Equatorial Guinea,Togo,0.0
13692,2022,Equatorial Guinea,Tunisia,0.0
13693,2022,Estonia,Armenia,0.0
13694,2022,Estonia,Belarus,0.0
13695,2022,Estonia,Cyprus,0.0
13696,2022,Estonia,Finland,0.5
13697,2022,Estonia,Georgia,0.0
13698,2022,Estonia,Germany,0.0
13699,2022,Estonia,Greece,0.0
13700,2022,Estonia,Hungary,0.0
13701,2022,Estonia,Iceland,0.0
13702,2022,Estonia,Lithuania,0.0
13703,2022,Estonia,Malta,1.0
13704,2022,Estonia,Morocco,0.0
13705,2022,Estonia,Netherlands,0.0
13706,2022,Estonia,North Macedonia,0.0
13707,2022,Estonia,Northern Ireland,0.0
13708,2022,Estonia,San Marino,1.0
13709,2022,Estonia,Sweden,0.0
13710,2022,Eswatini,Botswana,0.0
13711,2022,Eswatini,Burkina Faso,0.0
13712,2022,Eswatini,Comoros,0.0
13713,2022,Eswatini,Congo,0.0
13714,2022,Eswatini,Egypt,0.0
13715,2022,Eswatini,Guinea-Bissau,0.0
13716,2022,Eswatini,Lesotho,1.0
13717,2022,Eswatini,Mauritius,0.0
13718,2022,Eswatini,Mozambique,0.0
13719,2022,Eswatini,Niger,0.0
13720,2022,Eswatini,Senegal,0.0
13721,2022,Eswatini,Somalia,1.0
13722,2022,Eswatini,Tunisia,0.0
13723,2022,Ethiopia,Burundi,0.0
13724,2022,Ethiopia,Cape Verde,0.0
13725,2022,Ethiopia,Egypt,1.0
13726,2022,Ethiopia,Ghana,0.0
13727,2022,Ethiopia,Ivory Coast,1.0
13728,2022,Ethiopia,Kenya,0.0
13729,2022,Ethiopia,Lesotho,0.0
13730,2022,Ethiopia,Madagascar,1.0
13731,2022,Ethiopia,Malawi,1.0
13732,2022,Ethiopia,Niger,1.0
13733,2022,Ethiopia,Sierra Leone,0.0
13734,2022,Ethiopia,Sudan,0.0
13735,2022,Ethiopia,Uganda,0.5
13736,2022,Faroe Islands,Andorra,1.0
13737,2022,Faroe Islands,Azerbaijan,0.0
13738,2022,Faroe Islands,Iceland,0.0
13739,2022,Faroe Islands,Kosovo,0.0
13740,2022,Faroe Islands,Latvia,0.0
13741,2022,Faroe Islands,Liechtenstein,1.0
13742,2022,Faroe Islands,Lithuania,1.0
13743,2022,Faroe Islands,Luxembourg,0.0
13744,2022,Faroe Islands,Malta,1.0
13745,2022,Faroe Islands,Norway,0.0
13746,2022,Faroe Islands,Romania,0.0
13747,2022,Faroe Islands,Spain,0.0
13748,2022,Faroe Islands,Sweden,0.0
13749,2022,Faroe Islands,Turkey,1.0
13750,2022,Fiji,Mauritius,1.0
13751,2022,Fiji,New Caledonia,1.0
13752,2022,Fiji,Solomon Islands,0.0
13753,2022,Fiji,Tahiti,0.0
13754,2022,Fiji,Tuvalu,1.0
13755,2022,Finland,Armenia,1.0
13756,2022,Finland,Belarus,1.0
13757,2022,Finland,Belgium,0.0
13758,2022,Finland,Bosnia and Herzegovina,0.5
13759,2022,Finland,Bulgaria,1.0
13760,2022,Finland,Estonia,0.5
13761,2022,Finland,Greece,1.0
13762,2022,Finland,Hungary,1.0
13763,2022,Finland,Iceland,0.0
13764,2022,Finland,Italy,0.0
13765,2022,Finland,Liechtenstein,1.0
13766,2022,Finland,Malta,1.0
13767,2022,Finland,Montenegro,1.0
13768,2022,Finland,North Macedonia,0.0
13769,2022,Finland,Republic of Ireland,1.0
13770,2022,Finland,Romania,0.0
13771,2022,Finland,Slovakia,0.0
13772,2022,Finland,Sweden,1.0
13773,2022,Finland,Wales,0.0
13774,2022,France,Albania,1.0
13775,2022,France,Andorra,1.0
13776,2022,France,Australia,1.0
13777,2022,France,Austria,1.0
13778,2022,France,Bolivia,1.0
13779,2022,France,Bulgaria,1.0
13780,2022,France,Colombia,0.0
13781,2022,France,Croatia,0.5
13782,2022,France,Denmark,0.5
13783,2022,France,Finland,0.0
13784,2022,France,Germany,1.0
13785,2022,France,Iceland,0.5
13786,2022,France,Italy,1.0
13787,2022,France,Ivory Coast,1.0
13788,2022,France,Moldova,1.0
13789,2022,France,Morocco,1.0
13790,2022,France,Netherlands,1.0
13791,2022,France,Poland,1.0
13792,2022,France,Portugal,0.0
13793,2022,France,Republic of Ireland,1.0
13794,2022,France,South Africa,1.0
13795,2022,France,Sweden,1.0
13796,2022,France,Switzerland,0.0
13797,2022,France,Turkey,0.0
13798,2022,France,Ukraine,1.0
13799,2022,France,United States,0.0
13800,2022,France,Uruguay,1.0
13801,2022,France,Wales,1.0
13802,2022,French Guiana,Belize,1.0
13803,2022,French Guiana,Grenada,0.0
13804,2022,French Guiana,Guatemala,1.0
13805,2022,French Guiana,Guyana,1.0
13806,2022,French Guiana,Saint Kitts and Nevis,1.0
13807,2022,French Guiana,Saint Vincent and the Grenadines,0.0
13808,2022,Gabon,Angola,1.0
13809,2022,Gabon,Benin,0.0
13810,2022,Gabon,Burkina Faso,0.5
13811,2022,Gabon,Burundi,0.0
13812,2022,Gabon,DR Congo,1.0
13813,2022,Gabon,Gambia,1.0
13814,2022,Gabon,Ghana,0.0
13815,2022,Gabon,Guinea-Bissau,1.0
13816,2022,Gabon,Mali,0.0
13817,2022,Gabon,Mauritania,0.0
13818,2022,Gabon,Morocco,0.0
13819,2022,Gabon,South Sudan,1.0
13820,2022,Gabon,Zambia,0.0
13821,2022,Gambia,Algeria,0.0
13822,2022,Gambia,Angola,1.0
13823,2022,Gambia,Benin,1.0
13824,2022,Gambia,Central African Republic,0.0
13825,2022,Gambia,Chad,0.0
13826,2022,Gambia,DR Congo,0.0
13827,2022,Gambia,Djibouti,0.0
13828,2022,Gambia,Gabon,1.0
13829,2022,Gambia,Guinea-Bissau,0.0
13830,2022,Gambia,Mali,0.0
13831,2022,Gambia,Sierra Leone,0.0
13832,2022,Gambia,South Sudan,1.0
13833,2022,Gambia,Togo,0.5
13834,2022,Gambia,Tunisia,1.0
13835,2022,Georgia,Andorra,1.0
13836,2022,Georgia,Armenia,0.0
13837,2022,Georgia,Belarus,1.0
13838,2022,Georgia,Bulgaria,0.0
13839,2022,Georgia,Denmark,0.0
13840,2022,Georgia,Estonia,0.5
13841,2022,Georgia,Gibraltar,1.0
13842,2022,Georgia,Kazakhstan,1.0
13843,2022,Georgia,Latvia,1.0
13844,2022,Georgia,Lithuania,1.0
13845,2022,Georgia,North Macedonia,0.3333333333333333
13846,2022,Georgia,Republic of Ireland,0.0
13847,2022,Georgia,Switzerland,0.0
13848,2022,Georgia,Uzbekistan,1.0
13849,2022,Germany,Argentina,0.0
13850,2022,Germany,Belarus,1.0
13851,2022,Germany,Brazil,0.0
13852,2022,Germany,Czech Republic,1.0
13853,2022,Germany,Denmark,0.0
13854,2022,Germany,England,0.0
13855,2022,Germany,Estonia,1.0
13856,2022,Germany,France,0.0
13857,2022,Germany,Hungary,0.0
13858,2022,Germany,Israel,1.0
13859,2022,Germany,Italy,1.0
13860,2022,Germany,Japan,0.0
13861,2022,Germany,Latvia,1.0
13862,2022,Germany,Netherlands,0.0
13863,2022,Germany,Northern Ireland,1.0
13864,2022,Germany,Peru,1.0
13865,2022,Germany,Portugal,1.0
13866,2022,Germany,Russia,1.0
13867,2022,Germany,Saudi Arabia,1.0
13868,2022,Germany,Serbia,0.0
13869,2022,Germany,Spain,0.0
13870,2022,Germany,Switzerland,0.0
13871,2022,Germany,Turkey,0.0
13872,2022,Germany,Ukraine,1.0
13873,2022,Ghana,Benin,0.0
13874,2022,Ghana,Comoros,0.0
13875,2022,Ghana,Ivory Coast,0.0
13876,2022,Ghana,Kenya,1.0
13877,2022,Ghana,Madagascar,1.0
13878,2022,Ghana,Mauritania,1.0
13879,2022,Ghana,Nicaragua,1.0
13880,2022,Ghana,Qatar,1.0
13881,2022,Ghana,South Africa,0.5
13882,2022,Ghana,Sudan,1.0
13883,2022,Ghana,São Tomé and Príncipe,1.0
13884,2022,Ghana,Tunisia,0.0
13885,2022,Ghana,Uruguay,0.0
13886,2022,Gibraltar,Andorra,1.0
13887,2022,Gibraltar,Armenia,0.0
13888,2022,Gibraltar,Bulgaria,0.0
13889,2022,Gibraltar,Denmark,0.0
13890,2022,Gibraltar,Estonia,0.0
13891,2022,Gibraltar,Faroe Islands,0.0
13892,2022,Gibraltar,Georgia,0.0
13893,2022,Gibraltar,Grenada,0.0
13894,2022,Gibraltar,Latvia,1.0
13895,2022,Gibraltar,Liechtenstein,0.6666666666666666
13896,2022,Gibraltar,North Macedonia,0.0
13897,2022,Gibraltar,Republic of Ireland,0.0
13898,2022,Gibraltar,San Marino,1.0
13899,2022,Gibraltar,Switzerland,0.0
13900,2022,Greece,Armenia,0.0
13901,2022,Greece,Bosnia and Herzegovina,1.0
13902,2022,Greece,Cyprus,1.0
13903,2022,Greece,Egypt,1.0
13904,2022,Greece,Estonia,0.0
13905,2022,Greece,Finland,1.0
13906,2022,Greece,Honduras,1.0
13907,2022,Greece,Hungary,1.0
13908,2022,Greece,Italy,0.0
13909,2022,Greece,Kosovo,0.5
13910,2022,Greece,Liechtenstein,0.0
13911,2022,Greece,Moldova,1.0
13912,2022,Greece,Northern Ireland,1.0
13913,2022,Greece,Slovenia,0.0
13914,2022,Greece,Switzerland,0.0
13915,2022,Grenada,Belize,1.0
13916,2022,Grenada,Cuba,0.0
13917,2022,Grenada,El Salvador,0.0
13918,2022,Grenada,French Guiana,1.0
13919,2022,Grenada,Jamaica,0.0
13920,2022,Grenada,Qatar,0.0
13921,2022,Grenada,Saint Kitts and Nevis,1.0
13922,2022,Grenada,Saint Martin,1.0
13923,2022,Grenada,Saint Vincent and the Grenadines,0.0
13924,2022,Guadeloupe,Aruba,0.0
13925,2022,Guadeloupe,Bahamas,1.0
13926,2022,Guadeloupe,Barbados,1.0
13927,2022,Guadeloupe,Cape Verde,0.0
13928,2022,Guadeloupe,Cuba,1.0
13929,2022,Guadeloupe,French Guiana,0.0
13930,2022,Guadeloupe,Jamaica,0.0
13931,2022,Guadeloupe,Martinique,0.0
13932,2022,Guadeloupe,Sint Maarten,1.0
13933,2022,Guadeloupe,Trinidad and Tobago,0.0
13934,2022,Guadeloupe,Turks and Caicos Islands,1.0
13935,2022,Guam,Cambodia,0.0
13936,2022,Guam,Northern Mariana Islands,1.0
13937,2022,Guatemala,Anguilla,1.0
13938,2022,Guatemala,Antigua and Barbuda,1.0
13939,2022,Guatemala,Belize,1.0
13940,2022,Guatemala,Costa Rica,1.0
13941,2022,Guatemala,Cuba,1.0
13942,2022,Guatemala,Dominican Republic,1.0
13943,2022,Guatemala,Guadeloupe,0.0
13944,2022,Guatemala,Guyana,1.0
13945,2022,Guatemala,Haiti,1.0
13946,2022,Guatemala,Honduras,1.0
13947,2022,Guatemala,Mexico,0.0
13948,2022,Guatemala,Nicaragua,0.6666666666666666
13949,2022,Guatemala,Puerto Rico,1.0
13950,2022,Guatemala,Trinidad and Tobago,0.0
13951,2022,Guinea,Central African Republic,1.0
13952,2022,Guinea,Chad,1.0
13953,2022,Guinea,Comoros,0.0
13954,2022,Guinea,Gambia,0.0
13955,2022,Guinea,Ivory Coast,0.0
13956,2022,Guinea,Madagascar,0.0
13957,2022,Guinea,Malawi,1.0
13958,2022,Guinea,Mali,1.0
13959,2022,Guinea,Namibia,1.0
13960,2022,Guinea,Niger,1.0
13961,2022,Guinea,Rwanda,1.0
13962,2022,Guinea,Togo,0.0
13963,2022,Guinea-Bissau,Congo,1.0
13964,2022,Guinea-Bissau,Egypt,0.0
13965,2022,Guinea-Bissau,Equatorial Guinea,1.0
13966,2022,Guinea-Bissau,Eswatini,1.0
13967,2022,Guinea-Bissau,Ghana,0.0
13968,2022,Guinea-Bissau,Mozambique,0.0
13969,2022,Guinea-Bissau,Nigeria,0.0
13970,2022,Guinea-Bissau,Senegal,0.0
13971,2022,Guinea-Bissau,São Tomé and Príncipe,1.0
13972,2022,Guinea-Bissau,Zambia,1.0
13973,2022,Guyana,Antigua and Barbuda,1.0
13974,2022,Guyana,Aruba,1.0
13975,2022,Guyana,Barbados,1.0
13976,2022,Guyana,Belize,1.0
13977,2022,Guyana,Bermuda,1.0
13978,2022,Guyana,Haiti,0.0
13979,2022,Guyana,Jamaica,0.0
13980,2022,Guyana,Panama,0.0
13981,2022,Haiti,Bermuda,1.0
13982,2022,Haiti,Canada,0.5
13983,2022,Haiti,Costa Rica,0.5
13984,2022,Haiti,Cuba,1.0
13985,2022,Haiti,Curaçao,0.0
13986,2022,Haiti,Guyana,1.0
13987,2022,Haiti,Jordan,1.0
13988,2022,Haiti,Mexico,0.0
13989,2022,Haiti,Montserrat,1.0
13990,2022,Haiti,Saint Vincent and the Grenadines,1.0
13991,2022,Haiti,Sint Maarten,1.0
13992,2022,Honduras,Canada,1.0
13993,2022,Honduras,Chile,1.0
13994,2022,Honduras,Costa Rica,0.0
13995,2022,Honduras,Curaçao,0.0
13996,2022,Honduras,Ecuador,0.0
13997,2022,Honduras,El Salvador,1.0
13998,2022,Honduras,Grenada,1.0
13999,2022,Honduras,Guatemala,1.0
14000,2022,Honduras,Martinique,1.0
14001,2022,Honduras,Nicaragua,0.0
14002,2022,Honduras,Panama,1.0
14003,2022,Honduras,Puerto Rico,1.0
14004,2022,Honduras,Qatar,0.0
14005,2022,Honduras,Trinidad and Tobago,1.0
14006,2022,Honduras,United Arab Emirates,0.0
14007,2022,Hong Kong,Afghanistan,1.0
14008,2022,Hong Kong,China PR,0.0
14009,2022,Hong Kong,Myanmar,0.5
14010,2022,Hong Kong,North Korea,0.0
14011,2022,Hong Kong,Taiwan,0.0
14012,2022,Hong Kong,Thailand,0.0
14013,2022,Hungary,Australia,0.0
14014,2022,Hungary,Azerbaijan,1.0
14015,2022,Hungary,Croatia,1.0
14016,2022,Hungary,Cyprus,1.0
14017,2022,Hungary,England,1.0
14018,2022,Hungary,Estonia,1.0
14019,2022,Hungary,Finland,1.0
14020,2022,Hungary,France,0.0
14021,2022,Hungary,Germany,0.0
14022,2022,Hungary,Greece,1.0
14023,2022,Hungary,Iceland,1.0
14024,2022,Hungary,Italy,0.0
14025,2022,Hungary,Kazakhstan,0.0
14026,2022,Hungary,Portugal,0.0
14027,2022,Hungary,Republic of Ireland,0.0
14028,2022,Hungary,Russia,0.0
14029,2022,Hungary,Scotland,0.0
14030,2022,Hungary,Serbia,0.0
14031,2022,Hungary,Slovakia,0.0
14032,2022,Hungary,Turkey,1.0
14033,2022,Hungary,Uruguay,0.0
14034,2022,Hungary,Wales,1.0
14035,2022,Iceland,Albania,0.5
14036,2022,Iceland,Andorra,1.0
14037,2022,Iceland,Belgium,0.0
14038,2022,Iceland,Denmark,0.0
14039,2022,Iceland,England,0.0
14040,2022,Iceland,France,0.0
14041,2022,Iceland,Ghana,0.0
14042,2022,Iceland,Israel,0.0
14043,2022,Iceland,Moldova,1.0
14044,2022,Iceland,Norway,0.0
14045,2022,Iceland,Qatar,0.0
14046,2022,Iceland,Romania,1.0
14047,2022,Iceland,Sweden,0.0
14048,2022,Iceland,Switzerland,0.0
14049,2022,Iceland,Turkey,1.0
14050,2022,Iceland,Uganda,0.0
14051,2022,Iceland,Venezuela,1.0
14052,2022,India,Afghanistan,1.0
14053,2022,India,Bahrain,0.0
14054,2022,India,Cambodia,1.0
14055,2022,India,Hong Kong,1.0
14056,2022,India,Jordan,0.0
14057,2022,India,Maldives,1.0
14058,2022,India,Nepal,1.0
14059,2022,India,Oman,0.0
14060,2022,India,Pakistan,1.0
14061,2022,India,Singapore,0.0
14062,2022,India,Sri Lanka,0.5
14063,2022,Indonesia,Afghanistan,0.0
14064,2022,Indonesia,Bangladesh,0.0
14065,2022,Indonesia,Cambodia,1.0
14066,2022,Indonesia,Curaçao,1.0
14067,2022,Indonesia,Hong Kong,0.0
14068,2022,Indonesia,Iceland,0.0
14069,2022,Indonesia,Jordan,0.0
14070,2022,Indonesia,Mauritius,1.0
14071,2022,Indonesia,Myanmar,1.0
14072,2022,Indonesia,Nepal,1.0
14073,2022,Indonesia,Oman,0.0
14074,2022,Indonesia,Philippines,0.0
14075,2022,Indonesia,Taiwan,1.0
14076,2022,Indonesia,Thailand,0.0
14077,2022,Indonesia,Timor-Leste,1.0
14078,2022,Indonesia,Vanuatu,1.0
14079,2022,Indonesia,Vietnam,0.0
14080,2022,Iran,Algeria,0.0
14081,2022,Iran,Bolivia,1.0
14082,2022,Iran,Iraq,0.0
14083,2022,Iran,Japan,0.0
14084,2022,Iran,Nicaragua,1.0
14085,2022,Iran,Oman,1.0
14086,2022,Iran,Senegal,0.0
14087,2022,Iran,Sierra Leone,1.0
14088,2022,Iran,Syria,1.0
14089,2022,Iran,Trinidad and Tobago,1.0
14090,2022,Iran,Tunisia,0.0
14091,2022,Iran,United States,0.0
14092,2022,Iran,Uruguay,1.0
14093,2022,Iran,Uzbekistan,1.0
14094,2022,Iran,Venezuela,0.0
14095,2022,Iran,Yemen,1.0
14096,2022,Iraq,Bahrain,0.0
14097,2022,Iraq,Bolivia,0.0
14098,2022,Iraq,China PR,1.0
14099,2022,Iraq,Ecuador,0.0
14100,2022,Iraq,Kuwait,1.0
14101,2022,Iraq,Lebanon,1.0
14102,2022,Iraq,Nepal,1.0
14103,2022,Iraq,Palestine,0.6666666666666666
14104,2022,Iraq,Qatar,0.0
14105,2022,Iraq,Saudi Arabia,1.0
14106,2022,Iraq,Syria,0.0
14107,2022,Iraq,Tajikistan,0.0
14108,2022,Iraq,Uganda,1.0
14109,2022,Iraq,Uzbekistan,0.0
14110,2022,Iraq,Vietnam,1.0
14111,2022,Iraq,Yemen,1.0
14112,2022,Iraq,Zambia,1.0
14113,2022,Israel,Albania,1.0
14114,2022,Israel,Austria,1.0
14115,2022,Israel,Cyprus,0.0
14116,2022,Israel,Czech Republic,0.0
14117,2022,Israel,Guatemala,1.0
14118,2022,Israel,Iceland,0.0
14119,2022,Israel,Latvia,1.0
14120,2022,Israel,North Macedonia,0.0
14121,2022,Israel,Poland,0.0
14122,2022,Israel,Romania,0.0
14123,2022,Israel,Scotland,1.0
14124,2022,Israel,Slovakia,0.0
14125,2022,Israel,Slovenia,0.0
14126,2022,Israel,Zambia,1.0
14127,2022,Italy,Argentina,0.0
14128,2022,Italy,Armenia,1.0
14129,2022,Italy,Austria,1.0
14130,2022,Italy,Belgium,1.0
14131,2022,Italy,Bosnia and Herzegovina,0.5
14132,2022,Italy,Czech Republic,1.0
14133,2022,Italy,England,1.0
14134,2022,Italy,Estonia,1.0
14135,2022,Italy,Finland,1.0
14136,2022,Italy,Germany,0.0
14137,2022,Italy,Greece,1.0
14138,2022,Italy,Hungary,1.0
14139,2022,Italy,Liechtenstein,1.0
14140,2022,Italy,Moldova,1.0
14141,2022,Italy,Netherlands,0.0
14142,2022,Italy,Poland,0.5
14143,2022,Italy,Portugal,0.0
14144,2022,Italy,San Marino,1.0
14145,2022,Italy,Saudi Arabia,1.0
14146,2022,Italy,Spain,0.0
14147,2022,Italy,Switzerland,1.0
14148,2022,Italy,Turkey,1.0
14149,2022,Italy,Ukraine,0.0
14150,2022,Italy,United States,1.0
14151,2022,Italy,Wales,1.0
14152,2022,Ivory Coast,Algeria,0.5
14153,2022,Ivory Coast,Benin,0.0
14154,2022,Ivory Coast,Burkina Faso,0.5
14155,2022,Ivory Coast,Burundi,1.0
14156,2022,Ivory Coast,Central African Republic,1.0
14157,2022,Ivory Coast,Comoros,1.0
14158,2022,Ivory Coast,DR Congo,1.0
14159,2022,Ivory Coast,Egypt,0.0
14160,2022,Ivory Coast,Ethiopia,1.0
14161,2022,Ivory Coast,Guinea,1.0
14162,2022,Ivory Coast,Liberia,1.0
14163,2022,Ivory Coast,Madagascar,1.0
14164,2022,Ivory Coast,Niger,1.0
14165,2022,Ivory Coast,Rwanda,1.0
14166,2022,Ivory Coast,Sierra Leone,0.0
14167,2022,Ivory Coast,South Africa,1.0
14168,2022,Ivory Coast,Togo,0.5
14169,2022,Ivory Coast,Tunisia,1.0
14170,2022,Ivory Coast,Uganda,0.0
14171,2022,Ivory Coast,Zambia,1.0
14172,2022,Jamaica,Antigua and Barbuda,0.5
14173,2022,Jamaica,Aruba,1.0
14174,2022,Jamaica,Cayman Islands,1.0
14175,2022,Jamaica,Curaçao,0.0
14176,2022,Jamaica,Guyana,0.0
14177,2022,Jamaica,Honduras,1.0
14178,2022,Jamaica,Mexico,0.0
14179,2022,Jamaica,Panama,1.0
14180,2022,Jamaica,South Korea,0.0
14181,2022,Jamaica,Suriname,1.0
14182,2022,Japan,Brazil,0.0
14183,2022,Japan,Cameroon,0.0
14184,2022,Japan,Canada,0.0
14185,2022,Japan,Chile,0.0
14186,2022,Japan,China PR,0.0
14187,2022,Japan,Costa Rica,0.0
14188,2022,Japan,Croatia,0.0
14189,2022,Japan,Ghana,0.0
14190,2022,Japan,Hong Kong,1.0
14191,2022,Japan,Ivory Coast,1.0
14192,2022,Japan,Mali,0.0
14193,2022,Japan,Mexico,0.0
14194,2022,Japan,Panama,1.0
14195,2022,Japan,Paraguay,1.0
14196,2022,Japan,Qatar,0.0
14197,2022,Japan,Saudi Arabia,1.0
14198,2022,Japan,South Korea,1.0
14199,2022,Japan,Spain,1.0
14200,2022,Japan,Turkmenistan,1.0
14201,2022,Japan,Uzbekistan,1.0
14202,2022,Jordan,Bahrain,0.0
14203,2022,Jordan,Cyprus,1.0
14204,2022,Jordan,Finland,0.0
14205,2022,Jordan,India,1.0
14206,2022,Jordan,Indonesia,1.0
14207,2022,Jordan,Iraq,0.0
14208,2022,Jordan,Kuwait,1.0
14209,2022,Jordan,Kyrgyzstan,0.0
14210,2022,Jordan,Lebanon,0.5
14211,2022,Jordan,Malaysia,1.0
14212,2022,Jordan,Nepal,1.0
14213,2022,Jordan,New Zealand,1.0
14214,2022,Jordan,Oman,0.0
14215,2022,Jordan,Paraguay,0.0
14216,2022,Jordan,Saudi Arabia,0.5
14217,2022,Jordan,Singapore,0.0
14218,2022,Jordan,Spain,0.0
14219,2022,Jordan,Syria,1.0
14220,2022,Jordan,Tajikistan,0.5
14221,2022,Jordan,Uzbekistan,0.5
14222,2022,Jordan,Vietnam,0.0
14223,2022,Kazakhstan,Albania,0.0
14224,2022,Kazakhstan,Andorra,1.0
14225,2022,Kazakhstan,Azerbaijan,1.0
14226,2022,Kazakhstan,Belarus,0.5
14227,2022,Kazakhstan,Belgium,0.0
14228,2022,Kazakhstan,Cyprus,0.0
14229,2022,Kazakhstan,Georgia,0.0
14230,2022,Kazakhstan,Latvia,0.0
14231,2022,Kazakhstan,Lithuania,0.0
14232,2022,Kazakhstan,Moldova,0.5
14233,2022,Kazakhstan,Russia,0.0
14234,2022,Kazakhstan,San Marino,1.0
14235,2022,Kazakhstan,Scotland,1.0
14236,2022,Kazakhstan,Slovakia,1.0
14237,2022,Kazakhstan,Tajikistan,1.0
14238,2022,Kenya,Comoros,0.0
14239,2022,Kenya,DR Congo,0.0
14240,2022,Kenya,Egypt,0.0
14241,2022,Kenya,Equatorial Guinea,1.0
14242,2022,Kenya,Eswatini,0.0
14243,2022,Kenya,Ethiopia,1.0
14244,2022,Kenya,Ghana,1.0
14245,2022,Kenya,Madagascar,1.0
14246,2022,Kenya,Malawi,1.0
14247,2022,Kenya,Mozambique,0.0
14248,2022,Kenya,Senegal,0.0
14249,2022,Kenya,South Sudan,1.0
14250,2022,Kenya,Tanzania,1.0
14251,2022,Kenya,Togo,0.0
14252,2022,Kenya,Uganda,0.0
14253,2022,Kenya,Zambia,1.0
14254,2022,Kernow,Barawa,1.0
14255,2022,Kosovo,Armenia,0.0
14256,2022,Kosovo,Azerbaijan,1.0
14257,2022,Kosovo,Bulgaria,0.0
14258,2022,Kosovo,Burkina Faso,1.0
14259,2022,Kosovo,Cyprus,1.0
14260,2022,Kosovo,Czech Republic,1.0
14261,2022,Kosovo,Denmark,0.0
14262,2022,Kosovo,England,0.0
14263,2022,Kosovo,Faroe Islands,0.5
14264,2022,Kosovo,Gambia,1.0
14265,2022,Kosovo,Gibraltar,1.0
14266,2022,Kosovo,Greece,0.0
14267,2022,Kosovo,Guinea,0.0
14268,2022,Kosovo,Jordan,0.0
14269,2022,Kosovo,Lithuania,1.0
14270,2022,Kosovo,Madagascar,1.0
14271,2022,Kosovo,Malta,1.0
14272,2022,Kosovo,Moldova,1.0
14273,2022,Kosovo,Montenegro,1.0
14274,2022,Kosovo,Northern Ireland,1.0
14275,2022,Kosovo,San Marino,1.0
14276,2022,Kosovo,Slovenia,0.0
14277,2022,Kosovo,Sweden,0.0
14278,2022,Kuwait,Australia,0.0
14279,2022,Kuwait,Bahrain,0.0
14280,2022,Kuwait,Cameroon,0.0
14281,2022,Kuwait,Egypt,0.0
14282,2022,Kuwait,Indonesia,0.0
14283,2022,Kuwait,Iraq,0.0
14284,2022,Kuwait,Jordan,0.0
14285,2022,Kuwait,Lebanon,0.6666666666666666
14286,2022,Kuwait,Libya,0.5
14287,2022,Kuwait,Nepal,0.6666666666666666
14288,2022,Kuwait,Palestine,0.5
14289,2022,Kuwait,Singapore,1.0
14290,2022,Kuwait,Syria,0.0
14291,2022,Kuwait,Turkmenistan,0.0
14292,2022,Kyrgyzstan,India,1.0
14293,2022,Kyrgyzstan,Myanmar,1.0
14294,2022,Kyrgyzstan,Palestine,0.3333333333333333
14295,2022,Kyrgyzstan,Philippines,1.0
14296,2022,Kyrgyzstan,Russia,0.0
14297,2022,Kyrgyzstan,Singapore,1.0
14298,2022,Kyrgyzstan,South Korea,0.0
14299,2022,Kyrgyzstan,Syria,1.0
14300,2022,Kyrgyzstan,Tajikistan,0.0
14301,2022,Laos,Bangladesh,0.0
14302,2022,Laos,Brunei,1.0
14303,2022,Laos,Cambodia,0.0
14304,2022,Laos,Indonesia,0.0
14305,2022,Laos,Maldives,0.0
14306,2022,Laos,Mongolia,0.5
14307,2022,Laos,Myanmar,0.0
14308,2022,Laos,Singapore,0.0
14309,2022,Laos,Sri Lanka,0.5
14310,2022,Laos,United Arab Emirates,0.0
14311,2022,Laos,Vietnam,0.0
14312,2022,Latvia,Andorra,0.3333333333333333
14313,2022,Latvia,Austria,1.0
14314,2022,Latvia,Azerbaijan,0.0
14315,2022,Latvia,Faroe Islands,0.0
14316,2022,Latvia,Georgia,0.0
14317,2022,Latvia,Israel,0.0
14318,2022,Latvia,Kazakhstan,0.0
14319,2022,Latvia,Kuwait,0.0
14320,2022,Latvia,Liechtenstein,1.0
14321,2022,Latvia,Malta,0.0
14322,2022,Latvia,Moldova,0.0
14323,2022,Latvia,North Macedonia,0.0
14324,2022,Latvia,Poland,0.0
14325,2022,Latvia,Slovenia,0.0
14326,2022,Latvia,South Korea,0.0
14327,2022,Lebanon,Bahrain,0.0
14328,2022,Lebanon,Malaysia,1.0
14329,2022,Lebanon,North Korea,1.0
14330,2022,Lebanon,Oman,0.0
14331,2022,Lebanon,Palestine,0.0
14332,2022,Lebanon,Saudi Arabia,0.0
14333,2022,Lebanon,Syria,1.0
14334,2022,Lesotho,Benin,0.0
14335,2022,Lesotho,Botswana,0.0
14336,2022,Lesotho,Cape Verde,0.0
14337,2022,Lesotho,Eswatini,1.0
14338,2022,Lesotho,Ivory Coast,0.0
14339,2022,Lesotho,Malawi,0.5
14340,2022,Lesotho,Mauritius,1.0
14341,2022,Lesotho,Nigeria,0.0
14342,2022,Lesotho,Seychelles,1.0
14343,2022,Lesotho,Sierra Leone,0.0
14344,2022,Lesotho,Tanzania,1.0
14345,2022,Lesotho,Uganda,0.0
14346,2022,Lesotho,Zimbabwe,0.0
14347,2022,Liberia,Benin,0.0
14348,2022,Liberia,Burundi,0.0
14349,2022,Liberia,Chad,1.0
14350,2022,Liberia,Congo,1.0
14351,2022,Liberia,DR Congo,0.0
14352,2022,Liberia,Nigeria,0.0
14353,2022,Liberia,Sierra Leone,0.0
14354,2022,Liberia,Zimbabwe,1.0
14355,2022,Libya,Botswana,1.0
14356,2022,Libya,Burkina Faso,0.0
14357,2022,Libya,Equatorial Guinea,0.0
14358,2022,Libya,Liberia,0.0
14359,2022,Libya,Niger,1.0
14360,2022,Libya,Nigeria,0.0
14361,2022,Libya,South Africa,0.0
14362,2022,Libya,Tanzania,1.0
14363,2022,Libya,Tunisia,0.0
14364,2022,Libya,Uganda,0.0
14365,2022,Liechtenstein,Andorra,0.0
14366,2022,Liechtenstein,Armenia,0.0
14367,2022,Liechtenstein,Bosnia and Herzegovina,0.0
14368,2022,Liechtenstein,Finland,0.0
14369,2022,Liechtenstein,Gibraltar,0.5
14370,2022,Liechtenstein,Greece,0.0
14371,2022,Liechtenstein,Italy,0.0
14372,2022,Liechtenstein,Latvia,0.0
14373,2022,Liechtenstein,Moldova,0.0
14374,2022,Liechtenstein,North Macedonia,0.0
14375,2022,Liechtenstein,San Marino,0.0
14376,2022,Lithuania,Albania,0.0
14377,2022,Lithuania,Belarus,0.0
14378,2022,Lithuania,Faroe Islands,0.5
14379,2022,Lithuania,Iran,0.0
14380,2022,Lithuania,Kazakhstan,0.0
14381,2022,Lithuania,Kuwait,0.0
14382,2022,Lithuania,Luxembourg,0.0
14383,2022,Lithuania,Montenegro,0.0
14384,2022,Lithuania,New Zealand,1.0
14385,2022,Lithuania,Portugal,0.0
14386,2022,Lithuania,Romania,0.0
14387,2022,Lithuania,Serbia,0.0
14388,2022,Lithuania,Turkey,0.0
14389,2022,Lithuania,Ukraine,0.0
14390,2022,Luhansk PR,South Ossetia,1.0
14391,2022,Luxembourg,Austria,0.0
14392,2022,Luxembourg,Azerbaijan,0.0
14393,2022,Luxembourg,Belarus,0.0
14394,2022,Luxembourg,Bulgaria,0.0
14395,2022,Luxembourg,Cyprus,1.0
14396,2022,Luxembourg,Faroe Islands,0.0
14397,2022,Luxembourg,Georgia,1.0
14398,2022,Luxembourg,Hungary,0.0
14399,2022,Luxembourg,Liechtenstein,0.0
14400,2022,Luxembourg,Lithuania,1.0
14401,2022,Luxembourg,Madagascar,0.0
14402,2022,Luxembourg,Moldova,1.0
14403,2022,Luxembourg,Montenegro,0.0
14404,2022,Luxembourg,Northern Ireland,0.0
14405,2022,Luxembourg,Portugal,0.0
14406,2022,Luxembourg,Qatar,0.0
14407,2022,Luxembourg,San Marino,1.0
14408,2022,Luxembourg,Scotland,0.0
14409,2022,Luxembourg,Senegal,0.0
14410,2022,Luxembourg,Serbia,0.0
14411,2022,Luxembourg,Turkey,0.0
14412,2022,Luxembourg,Ukraine,0.0
14413,2022,Macau,Guam,1.0
14414,2022,Macau,Mauritius,0.0
14415,2022,Macau,Solomon Islands,0.0
14416,2022,Madagascar,Angola,0.0
14417,2022,Madagascar,Benin,1.0
14418,2022,Madagascar,Burundi,1.0
14419,2022,Madagascar,Congo,0.0
14420,2022,Madagascar,DR Congo,0.0
14421,2022,Madagascar,Equatorial Guinea,1.0
14422,2022,Madagascar,Ethiopia,1.0
14423,2022,Madagascar,Ivory Coast,0.0
14424,2022,Madagascar,Lesotho,0.0
14425,2022,Madagascar,Mauritania,0.0
14426,2022,Madagascar,Mozambique,1.0
14427,2022,Madagascar,Namibia,0.0
14428,2022,Madagascar,Niger,0.0
14429,2022,Madagascar,Nigeria,1.0
14430,2022,Madagascar,Senegal,0.0
14431,2022,Madagascar,Seychelles,0.0
14432,2022,Madagascar,Sudan,0.0
14433,2022,Madagascar,Togo,0.0
14434,2022,Madagascar,Tunisia,0.0
14435,2022,Malawi,Botswana,0.0
14436,2022,Malawi,Burkina Faso,0.0
14437,2022,Malawi,Cameroon,0.0
14438,2022,Malawi,Comoros,1.0
14439,2022,Malawi,Eswatini,0.0
14440,2022,Malawi,Ethiopia,1.0
14441,2022,Malawi,Mauritius,0.0
14442,2022,Malawi,Morocco,0.0
14443,2022,Malawi,Namibia,0.0
14444,2022,Malawi,Senegal,0.0
14445,2022,Malawi,Seychelles,1.0
14446,2022,Malawi,South Sudan,1.0
14447,2022,Malawi,Uganda,1.0
14448,2022,Malawi,Zimbabwe,0.3333333333333333
14449,2022,Malaysia,Afghanistan,1.0
14450,2022,Malaysia,Bahrain,0.0
14451,2022,Malaysia,Bangladesh,1.0
14452,2022,Malaysia,Bhutan,1.0
14453,2022,Malaysia,Brunei,1.0
14454,2022,Malaysia,Cambodia,1.0
14455,2022,Malaysia,Fiji,1.0
14456,2022,Malaysia,Hong Kong,1.0
14457,2022,Malaysia,Indonesia,0.0
14458,2022,Malaysia,Jordan,0.0
14459,2022,Malaysia,Kyrgyzstan,0.0
14460,2022,Malaysia,Laos,1.0
14461,2022,Malaysia,Maldives,1.0
14462,2022,Malaysia,Mongolia,0.0
14463,2022,Malaysia,Myanmar,1.0
14464,2022,Malaysia,Nepal,1.0
14465,2022,Malaysia,Philippines,1.0
14466,2022,Malaysia,Sri Lanka,1.0
14467,2022,Malaysia,Tajikistan,1.0
14468,2022,Malaysia,Thailand,0.0
14469,2022,Malaysia,Turkmenistan,1.0
14470,2022,Malaysia,Vietnam,0.0
14471,2022,Maldives,Bangladesh,1.0
14472,2022,Maldives,Bhutan,1.0
14473,2022,Maldives,India,0.5
14474,2022,Maldives,Nepal,0.0
14475,2022,Maldives,Sri Lanka,0.6666666666666666
14476,2022,Mali,Burundi,0.0
14477,2022,Mali,Chad,1.0
14478,2022,Mali,Congo,1.0
14479,2022,Mali,Equatorial Guinea,0.0
14480,2022,Mali,Ghana,1.0
14481,2022,Mali,Guinea,0.0
14482,2022,Mali,Ivory Coast,0.0
14483,2022,Mali,Mauritania,1.0
14484,2022,Mali,Namibia,1.0
14485,2022,Mali,South Sudan,1.0
14486,2022,Mali,Zambia,1.0
14487,2022,Malta,Andorra,1.0
14488,2022,Malta,Azerbaijan,0.5
14489,2022,Malta,Estonia,0.0
14490,2022,Malta,Faroe Islands,0.3333333333333333
14491,2022,Malta,Georgia,0.0
14492,2022,Malta,Gibraltar,1.0
14493,2022,Malta,Greece,0.0
14494,2022,Malta,Israel,1.0
14495,2022,Malta,Kosovo,0.0
14496,2022,Malta,Kuwait,1.0
14497,2022,Malta,Latvia,0.0
14498,2022,Malta,Liechtenstein,1.0
14499,2022,Malta,Luxembourg,0.0
14500,2022,Malta,Northern Ireland,0.0
14501,2022,Malta,Norway,0.0
14502,2022,Malta,Republic of Ireland,0.0
14503,2022,Malta,Romania,0.0
14504,2022,Malta,San Marino,1.0
14505,2022,Malta,Spain,0.0
14506,2022,Malta,Sweden,0.0
14507,2022,Malta,Venezuela,0.0
14508,2022,Martinique,Antigua and Barbuda,1.0
14509,2022,Martinique,British Virgin Islands,1.0
14510,2022,Martinique,French Guiana,1.0
14511,2022,Martinique,Haiti,0.0
14512,2022,Martinique,Honduras,0.0
14513,2022,Martinique,Mexico,0.0
14514,2022,Martinique,Panama,0.0
14515,2022,Martinique,Trinidad and Tobago,0.0
14516,2022,Mauritania,Angola,0.5
14517,2022,Mauritania,Benin,1.0
14518,2022,Mauritania,Botswana,1.0
14519,2022,Mauritania,Burkina Faso,0.5
14520,2022,Mauritania,Burundi,0.0
14521,2022,Mauritania,Central African Republic,1.0
14522,2022,Mauritania,Congo,1.0
14523,2022,Mauritania,Gabon,0.0
14524,2022,Mauritania,Gambia,0.0
14525,2022,Mauritania,Guinea,1.0
14526,2022,Mauritania,Liberia,1.0
14527,2022,Mauritania,Libya,0.5
14528,2022,Mauritania,Morocco,0.0
14529,2022,Mauritania,Mozambique,1.0
14530,2022,Mauritania,Sierra Leone,1.0
14531,2022,Mauritania,Sudan,1.0
14532,2022,Mauritania,Tunisia,0.0
14533,2022,Mauritius,Eswatini,0.0
14534,2022,Mauritius,Malawi,0.0
14535,2022,Mauritius,New Caledonia,1.0
14536,2022,Mauritius,Seychelles,0.0
14537,2022,Mauritius,São Tomé and Príncipe,0.3333333333333333
14538,2022,Mexico,Algeria,0.0
14539,2022,Mexico,Bermuda,1.0
14540,2022,Mexico,Bosnia and Herzegovina,1.0
14541,2022,Mexico,Canada,1.0
14542,2022,Mexico,Chile,0.3333333333333333
14543,2022,Mexico,Colombia,0.0
14544,2022,Mexico,Costa Rica,0.3333333333333333
14545,2022,Mexico,Croatia,0.0
14546,2022,Mexico,Cuba,1.0
14547,2022,Mexico,Ecuador,0.3333333333333333
14548,2022,Mexico,El Salvador,1.0
14549,2022,Mexico,Guatemala,0.0
14550,2022,Mexico,Honduras,0.5
14551,2022,Mexico,Iceland,1.0
14552,2022,Mexico,Iraq,1.0
14553,2022,Mexico,Nigeria,1.0
14554,2022,Mexico,Panama,1.0
14555,2022,Mexico,Paraguay,0.0
14556,2022,Mexico,Peru,1.0
14557,2022,Mexico,Poland,0.0
14558,2022,Mexico,Scotland,1.0
14559,2022,Mexico,South Korea,1.0
14560,2022,Mexico,Suriname,1.0
14561,2022,Mexico,Sweden,0.0
14562,2022,Mexico,Trinidad and Tobago,0.5
14563,2022,Mexico,Uruguay,0.0
14564,2022,Mexico,Venezuela,1.0
14565,2022,Mexico,Wales,0.0
14566,2022,Moldova,Albania,0.0
14567,2022,Moldova,Andorra,1.0
14568,2022,Moldova,Azerbaijan,0.5
14569,2022,Moldova,Belarus,0.0
14570,2022,Moldova,France,0.0
14571,2022,Moldova,Greece,0.0
14572,2022,Moldova,Iceland,0.0
14573,2022,Moldova,Ivory Coast,0.0
14574,2022,Moldova,Kazakhstan,0.0
14575,2022,Moldova,Kosovo,0.0
14576,2022,Moldova,Latvia,0.0
14577,2022,Moldova,Liechtenstein,1.0
14578,2022,Moldova,Luxembourg,0.0
14579,2022,Moldova,Romania,0.0
14580,2022,Moldova,Russia,0.0
14581,2022,Moldova,San Marino,1.0
14582,2022,Moldova,Slovenia,0.0
14583,2022,Moldova,South Korea,0.0
14584,2022,Moldova,Sweden,0.0
14585,2022,Moldova,Turkey,0.0
14586,2022,Moldova,Uganda,0.0
14587,2022,Mongolia,Guam,0.0
14588,2022,Mongolia,Hong Kong,0.0
14589,2022,Mongolia,Macau,1.0
14590,2022,Mongolia,Mauritius,0.0
14591,2022,Mongolia,Northern Mariana Islands,1.0
14592,2022,Mongolia,Palestine,0.0
14593,2022,Mongolia,Philippines,0.0
14594,2022,Mongolia,Yemen,1.0
14595,2022,Montenegro,Azerbaijan,1.0
14596,2022,Montenegro,Belarus,1.0
14597,2022,Montenegro,Bosnia and Herzegovina,0.0
14598,2022,Montenegro,Bulgaria,0.0
14599,2022,Montenegro,Cyprus,1.0
14600,2022,Montenegro,Czech Republic,0.0
14601,2022,Montenegro,England,0.0
14602,2022,Montenegro,Finland,0.0
14603,2022,Montenegro,Greece,1.0
14604,2022,Montenegro,Hungary,1.0
14605,2022,Montenegro,Israel,0.0
14606,2022,Montenegro,Kazakhstan,0.0
14607,2022,Montenegro,Kosovo,0.0
14608,2022,Montenegro,Latvia,0.0
14609,2022,Montenegro,Lithuania,1.0
14610,2022,Montenegro,Luxembourg,0.0
14611,2022,Montenegro,Romania,0.5
14612,2022,Montenegro,Serbia,0.0
14613,2022,Montenegro,Slovakia,0.0
14614,2022,Montenegro,Slovenia,0.0
14615,2022,Montenegro,Turkey,0.0
14616,2022,Montserrat,Belize,1.0
14617,2022,Montserrat,Bermuda,1.0
14618,2022,Montserrat,Dominican Republic,1.0
14619,2022,Montserrat,El Salvador,0.0
14620,2022,Montserrat,Guyana,0.0
14621,2022,Montserrat,Saint Lucia,0.0
14622,2022,Morocco,Argentina,0.0
14623,2022,Morocco,Benin,0.0
14624,2022,Morocco,Burkina Faso,0.5
14625,2022,Morocco,Burundi,1.0
14626,2022,Morocco,Cameroon,1.0
14627,2022,Morocco,Central African Republic,1.0
14628,2022,Morocco,Chile,1.0
14629,2022,Morocco,Comoros,1.0
14630,2022,Morocco,Croatia,0.0
14631,2022,Morocco,DR Congo,0.0
14632,2022,Morocco,Gabon,0.0
14633,2022,Morocco,Gambia,0.0
14634,2022,Morocco,Georgia,1.0
14635,2022,Morocco,Ghana,1.0
14636,2022,Morocco,Ivory Coast,1.0
14637,2022,Morocco,Liberia,1.0
14638,2022,Morocco,Libya,0.0
14639,2022,Morocco,Malawi,1.0
14640,2022,Morocco,Mauritania,0.0
14641,2022,Morocco,Namibia,1.0
14642,2022,Morocco,Niger,1.0
14643,2022,Morocco,Portugal,1.0
14644,2022,Morocco,Senegal,1.0
14645,2022,Morocco,South Africa,1.0
14646,2022,Morocco,Spain,0.0
14647,2022,Morocco,Uzbekistan,1.0
14648,2022,Morocco,Zambia,0.0
14649,2022,Mozambique,Angola,0.0
14650,2022,Mozambique,Cameroon,0.0
14651,2022,Mozambique,Cape Verde,0.0
14652,2022,Mozambique,Eswatini,0.0
14653,2022,Mozambique,Guinea-Bissau,0.0
14654,2022,Mozambique,Lesotho,1.0
14655,2022,Mozambique,Malawi,0.5
14656,2022,Mozambique,Namibia,0.3333333333333333
14657,2022,Mozambique,Niger,0.0
14658,2022,Mozambique,Rwanda,0.5
14659,2022,Mozambique,Senegal,0.0
14660,2022,Mozambique,Seychelles,1.0
14661,2022,Mozambique,Zambia,1.0
14662,2022,Mozambique,Zimbabwe,0.0
14663,2022,Myanmar,Bolivia,0.0
14664,2022,Myanmar,Cambodia,1.0
14665,2022,Myanmar,Indonesia,0.0
14666,2022,Myanmar,Laos,0.0
14667,2022,Myanmar,Macau,1.0
14668,2022,Myanmar,Malaysia,0.0
14669,2022,Myanmar,Philippines,0.0
14670,2022,Myanmar,Singapore,0.0
14671,2022,Myanmar,Taiwan,0.0
14672,2022,Myanmar,Timor-Leste,1.0
14673,2022,Myanmar,Vietnam,0.0
14674,2022,Namibia,Burundi,0.0
14675,2022,Namibia,Chad,1.0
14676,2022,Namibia,Guinea,1.0
14677,2022,Namibia,Guinea-Bissau,0.0
14678,2022,Namibia,Ivory Coast,0.0
14679,2022,Namibia,Lesotho,1.0
14680,2022,Namibia,Malawi,0.0
14681,2022,Namibia,Mali,0.0
14682,2022,Namibia,Mozambique,1.0
14683,2022,Namibia,Seychelles,1.0
14684,2022,Namibia,Zambia,0.0
14685,2022,Namibia,Zimbabwe,1.0
14686,2022,Nepal,Bangladesh,0.6666666666666666
14687,2022,Nepal,Bhutan,1.0
14688,2022,Nepal,India,0.0
14689,2022,Nepal,Maldives,0.0
14690,2022,Nepal,Mauritius,1.0
14691,2022,Nepal,Oman,0.0
14692,2022,Nepal,Pakistan,0.5
14693,2022,Netherlands,Argentina,0.0
14694,2022,Netherlands,Austria,1.0
14695,2022,Netherlands,Belarus,1.0
14696,2022,Netherlands,Belgium,1.0
14697,2022,Netherlands,Bosnia and Herzegovina,1.0
14698,2022,Netherlands,Czech Republic,0.0
14699,2022,Netherlands,Denmark,1.0
14700,2022,Netherlands,Ecuador,0.0
14701,2022,Netherlands,England,0.0
14702,2022,Netherlands,Estonia,1.0
14703,2022,Netherlands,France,1.0
14704,2022,Netherlands,Georgia,1.0
14705,2022,Netherlands,Germany,0.3333333333333333
14706,2022,Netherlands,Italy,0.0
14707,2022,Netherlands,Mexico,0.0
14708,2022,Netherlands,North Macedonia,1.0
14709,2022,Netherlands,Northern Ireland,1.0
14710,2022,Netherlands,Peru,1.0
14711,2022,Netherlands,Poland,0.5
14712,2022,Netherlands,Qatar,1.0
14713,2022,Netherlands,Scotland,0.0
14714,2022,Netherlands,Spain,0.0
14715,2022,Netherlands,Ukraine,1.0
14716,2022,Netherlands,United States,1.0
14717,2022,Netherlands,Wales,1.0
14718,2022,New Caledonia,Fiji,1.0
14719,2022,New Caledonia,Tuvalu,1.0
14720,2022,New Zealand,Australia,0.0
14721,2022,New Zealand,Gambia,1.0
14722,2022,New Zealand,Oman,0.0
14723,2022,Nicaragua,Anguilla,1.0
14724,2022,Nicaragua,Bahamas,1.0
14725,2022,Nicaragua,Belize,0.5
14726,2022,Nicaragua,Cuba,0.42857142857142855
14727,2022,Nicaragua,Dominica,1.0
14728,2022,Nicaragua,El Salvador,1.0
14729,2022,Nicaragua,Guatemala,0.0
14730,2022,Nicaragua,Haiti,0.0
14731,2022,Nicaragua,Saint Vincent and the Grenadines,0.0
14732,2022,Nicaragua,Suriname,0.0
14733,2022,Nicaragua,Trinidad and Tobago,1.0
14734,2022,Niger,Central African Republic,0.0
14735,2022,Niger,Chad,1.0
14736,2022,Niger,Congo,0.0
14737,2022,Niger,Egypt,0.0
14738,2022,Niger,Ethiopia,1.0
14739,2022,Niger,Gabon,0.0
14740,2022,Niger,Gambia,0.0
14741,2022,Niger,Ivory Coast,0.0
14742,2022,Niger,Liberia,0.0
14743,2022,Niger,Libya,0.0
14744,2022,Niger,Madagascar,0.0
14745,2022,Niger,Sierra Leone,1.0
14746,2022,Niger,Sudan,1.0
14747,2022,Niger,Tanzania,0.0
14748,2022,Niger,Tunisia,0.0
14749,2022,Niger,Uganda,1.0
14750,2022,Niger,Zambia,0.0
14751,2022,Nigeria,Algeria,0.0
14752,2022,Nigeria,Benin,1.0
14753,2022,Nigeria,Burundi,1.0
14754,2022,Nigeria,Cameroon,0.5
14755,2022,Nigeria,DR Congo,0.0
14756,2022,Nigeria,Egypt,1.0
14757,2022,Nigeria,Guinea,1.0
14758,2022,Nigeria,Lesotho,1.0
14759,2022,Nigeria,Libya,1.0
14760,2022,Nigeria,Seychelles,1.0
14761,2022,Nigeria,Sierra Leone,0.5
14762,2022,Nigeria,South Africa,1.0
14763,2022,Nigeria,Sudan,1.0
14764,2022,Nigeria,Tunisia,0.0
14765,2022,Nigeria,Uganda,0.0
14766,2022,Nigeria,Zimbabwe,0.0
14767,2022,North Korea,Hong Kong,1.0
14768,2022,North Korea,Mongolia,1.0
14769,2022,North Korea,Qatar,0.0
14770,2022,North Macedonia,Armenia,1.0
14771,2022,North Macedonia,Austria,0.0
14772,2022,North Macedonia,Azerbaijan,0.0
14773,2022,North Macedonia,Bulgaria,0.0
14774,2022,North Macedonia,Estonia,1.0
14775,2022,North Macedonia,Finland,0.0
14776,2022,North Macedonia,Georgia,0.0
14777,2022,North Macedonia,Gibraltar,1.0
14778,2022,North Macedonia,Israel,1.0
14779,2022,North Macedonia,Kazakhstan,1.0
14780,2022,North Macedonia,Kosovo,1.0
14781,2022,North Macedonia,Latvia,1.0
14782,2022,North Macedonia,Liechtenstein,1.0
14783,2022,North Macedonia,Poland,0.0
14784,2022,North Macedonia,Slovenia,0.5
14785,2022,Northern Ireland,Austria,0.0
14786,2022,Northern Ireland,Belarus,1.0
14787,2022,Northern Ireland,Bosnia and Herzegovina,0.0
14788,2022,Northern Ireland,Cyprus,0.0
14789,2022,Northern Ireland,Estonia,1.0
14790,2022,Northern Ireland,Germany,0.0
14791,2022,Northern Ireland,Greece,0.0
14792,2022,Northern Ireland,Hungary,0.0
14793,2022,Northern Ireland,Israel,1.0
14794,2022,Northern Ireland,Kosovo,1.0
14795,2022,Northern Ireland,Luxembourg,1.0
14796,2022,Northern Ireland,Netherlands,0.0
14797,2022,Northern Ireland,Norway,0.0
14798,2022,Northern Ireland,Romania,0.0
14799,2022,Northern Ireland,Slovakia,0.0
14800,2022,Northern Ireland,South Korea,1.0
14801,2022,Northern Ireland,United States,0.0
14802,2022,Northern Mariana Islands,Macau,0.0
14803,2022,Norway,Armenia,1.0
14804,2022,Norway,Australia,1.0
14805,2022,Norway,Austria,0.0
14806,2022,Norway,Bulgaria,1.0
14807,2022,Norway,Cyprus,1.0
14808,2022,Norway,Faroe Islands,1.0
14809,2022,Norway,Finland,0.0
14810,2022,Norway,Greece,0.0
14811,2022,Norway,Luxembourg,1.0
14812,2022,Norway,Malta,1.0
14813,2022,Norway,Northern Ireland,1.0
14814,2022,Norway,Panama,1.0
14815,2022,Norway,Romania,0.5
14816,2022,Norway,Serbia,0.0
14817,2022,Norway,Slovakia,1.0
14818,2022,Norway,Slovenia,0.5
14819,2022,Norway,Spain,0.0
14820,2022,Norway,Sweden,0.5
14821,2022,Oman,Bahrain,1.0
14822,2022,Oman,Belarus,1.0
14823,2022,Oman,Ecuador,0.0
14824,2022,Oman,Germany,0.0
14825,2022,Oman,Japan,0.0
14826,2022,Oman,Jordan,0.0
14827,2022,Oman,Lebanon,1.0
14828,2022,Oman,Palestine,1.0
14829,2022,Oman,Philippines,0.0
14830,2022,Oman,Singapore,0.0
14831,2022,Oman,Syria,0.6666666666666666
14832,2022,Oman,Tajikistan,1.0
14833,2022,Oman,Thailand,1.0
14834,2022,Oman,Turkmenistan,1.0
14835,2022,Padania,Székely Land,1.0
14836,2022,Padania,Sápmi,1.0
14837,2022,Padania,Western Armenia,0.0
14838,2022,Pakistan,Bhutan,1.0
14839,2022,Palestine,Australia,0.0
14840,2022,Palestine,Iran,0.0
14841,2022,Palestine,Iraq,0.0
14842,2022,Palestine,Jordan,0.0
14843,2022,Palestine,Pakistan,1.0
14844,2022,Palestine,Philippines,1.0
14845,2022,Palestine,Syria,1.0
14846,2022,Panama,Basque Country,0.0
14847,2022,Panama,Bermuda,0.0
14848,2022,Panama,Costa Rica,1.0
14849,2022,Panama,Ecuador,0.0
14850,2022,Panama,Grenada,1.0
14851,2022,Panama,Honduras,0.0
14852,2022,Panama,Martinique,1.0
14853,2022,Panama,Mexico,0.0
14854,2022,Panama,Northern Ireland,0.0
14855,2022,Panama,Serbia,0.0
14856,2022,Panama,Trinidad and Tobago,1.0
14857,2022,Panama,Venezuela,0.0
14858,2022,Papua New Guinea,Fiji,0.0
14859,2022,Papua New Guinea,Tonga,1.0
14860,2022,Papua New Guinea,Vanuatu,1.0
14861,2022,Paraguay,Bolivia,1.0
14862,2022,Paraguay,Guatemala,1.0
14863,2022,Paraguay,Honduras,0.0
14864,2022,Paraguay,Mexico,0.0
14865,2022,Paraguay,Morocco,0.0
14866,2022,Paraguay,Qatar,0.0
14867,2022,Paraguay,United Arab Emirates,1.0
14868,2022,Parishes of Jersey,Yorkshire,1.0
14869,2022,Peru,Bolivia,1.0
14870,2022,Peru,Chile,1.0
14871,2022,Peru,Colombia,0.0
14872,2022,Peru,Costa Rica,0.5
14873,2022,Peru,Croatia,1.0
14874,2022,Peru,Ecuador,0.0
14875,2022,Peru,El Salvador,0.5
14876,2022,Peru,Iceland,1.0
14877,2022,Peru,Jamaica,1.0
14878,2022,Peru,New Zealand,1.0
14879,2022,Peru,Panama,0.0
14880,2022,Peru,Paraguay,0.6666666666666666
14881,2022,Peru,Scotland,1.0
14882,2022,Peru,Uruguay,0.0
14883,2022,Philippines,Brunei,1.0
14884,2022,Philippines,China PR,0.0
14885,2022,Philippines,Fiji,1.0
14886,2022,Philippines,Singapore,1.0
14887,2022,Philippines,Tajikistan,1.0
14888,2022,Philippines,Thailand,0.0
14889,2022,Philippines,Vietnam,0.0
14890,2022,Philippines,Yemen,0.0
14891,2022,Poland,Argentina,0.0
14892,2022,Poland,Austria,0.0
14893,2022,Poland,Belgium,0.0
14894,2022,Poland,Bosnia and Herzegovina,1.0
14895,2022,Poland,Chile,0.5
14896,2022,Poland,Czech Republic,0.0
14897,2022,Poland,Finland,1.0
14898,2022,Poland,Iceland,0.0
14899,2022,Poland,Israel,1.0
14900,2022,Poland,Italy,0.0
14901,2022,Poland,Latvia,1.0
14902,2022,Poland,Lithuania,1.0
14903,2022,Poland,Netherlands,0.0
14904,2022,Poland,Nigeria,0.0
14905,2022,Poland,North Macedonia,1.0
14906,2022,Poland,Portugal,0.0
14907,2022,Poland,Republic of Ireland,0.0
14908,2022,Poland,Russia,0.0
14909,2022,Poland,Saudi Arabia,1.0
14910,2022,Poland,Slovakia,0.0
14911,2022,Poland,Slovenia,1.0
14912,2022,Poland,South Korea,1.0
14913,2022,Poland,Ukraine,1.0
14914,2022,Poland,Wales,1.0
14915,2022,Portugal,Algeria,1.0
14916,2022,Portugal,Andorra,1.0
14917,2022,Portugal,Croatia,0.5
14918,2022,Portugal,Czech Republic,1.0
14919,2022,Portugal,Egypt,1.0
14920,2022,Portugal,France,0.0
14921,2022,Portugal,Ghana,1.0
14922,2022,Portugal,Israel,1.0
14923,2022,Portugal,Italy,1.0
14924,2022,Portugal,Lithuania,1.0
14925,2022,Portugal,Luxembourg,1.0
14926,2022,Portugal,Netherlands,0.5
14927,2022,Portugal,Nigeria,1.0
14928,2022,Portugal,Poland,0.0
14929,2022,Portugal,Qatar,1.0
14930,2022,Portugal,Serbia,0.0
14931,2022,Portugal,Spain,0.0
14932,2022,Portugal,Sweden,1.0
14933,2022,Portugal,Switzerland,1.0
14934,2022,Portugal,Tunisia,0.0
14935,2022,Portugal,Ukraine,0.0
14936,2022,Portugal,Uruguay,1.0
14937,2022,Puerto Rico,Anguilla,1.0
14938,2022,Puerto Rico,British Virgin Islands,1.0
14939,2022,Puerto Rico,Grenada,0.0
14940,2022,Puerto Rico,Guatemala,0.0
14941,2022,Puerto Rico,Martinique,0.0
14942,2022,Qatar,Algeria,0.0
14943,2022,Qatar,Argentina,0.0
14944,2022,Qatar,Azerbaijan,1.0
14945,2022,Qatar,Bulgaria,1.0
14946,2022,Qatar,Chile,0.0
14947,2022,Qatar,China PR,1.0
14948,2022,Qatar,Ecuador,0.5
14949,2022,Qatar,El Salvador,1.0
14950,2022,Qatar,Guatemala,1.0
14951,2022,Qatar,Honduras,1.0
14952,2022,Qatar,Iran,0.0
14953,2022,Qatar,Iraq,1.0
14954,2022,Qatar,Jordan,1.0
14955,2022,Qatar,Kyrgyzstan,1.0
14956,2022,Qatar,Lebanon,1.0
14957,2022,Qatar,Luxembourg,1.0
14958,2022,Qatar,Palestine,1.0
14959,2022,Qatar,Panama,0.5
14960,2022,Qatar,Portugal,0.0
14961,2022,Qatar,Senegal,0.0
14962,2022,Qatar,Serbia,0.0
14963,2022,Qatar,Singapore,1.0
14964,2022,Qatar,Slovenia,0.0
14965,2022,Qatar,Syria,0.0
14966,2022,Raetia,Franconia,0.0
14967,2022,Raetia,Tibet,0.0
14968,2022,Republic of Ireland,Armenia,1.0
14969,2022,Republic of Ireland,Belgium,0.0
14970,2022,Republic of Ireland,Bulgaria,0.5
14971,2022,Republic of Ireland,Denmark,0.0
14972,2022,Republic of Ireland,Finland,0.0
14973,2022,Republic of Ireland,Georgia,1.0
14974,2022,Republic of Ireland,Gibraltar,1.0
14975,2022,Republic of Ireland,Lithuania,1.0
14976,2022,Republic of Ireland,New Zealand,1.0
14977,2022,Republic of Ireland,Northern Ireland,0.0
14978,2022,Republic of Ireland,Norway,0.0
14979,2022,Republic of Ireland,Qatar,0.5
14980,2022,Republic of Ireland,Scotland,1.0
14981,2022,Republic of Ireland,Switzerland,0.0
14982,2022,Republic of Ireland,Ukraine,0.0
14983,2022,Republic of Ireland,United States,1.0
14984,2022,Republic of Ireland,Wales,0.0
14985,2022,Romania,Austria,0.0
14986,2022,Romania,Belarus,1.0
14987,2022,Romania,Bosnia and Herzegovina,1.0
14988,2022,Romania,Chile,1.0
14989,2022,Romania,Faroe Islands,1.0
14990,2022,Romania,Finland,1.0
14991,2022,Romania,Georgia,0.0
14992,2022,Romania,Greece,0.0
14993,2022,Romania,Lithuania,1.0
14994,2022,Romania,Malta,1.0
14995,2022,Romania,Montenegro,0.0
14996,2022,Romania,Northern Ireland,0.0
14997,2022,Romania,Norway,0.5
14998,2022,Romania,Serbia,0.0
14999,2022,Romania,Slovenia,0.0
15000,2022,Romania,Spain,0.0
15001,2022,Romania,Sweden,0.5
15002,2022,Russia,Belgium,0.0
15003,2022,Russia,Brazil,0.0
15004,2022,Russia,Bulgaria,1.0
15005,2022,Russia,Cyprus,1.0
15006,2022,Russia,Czech Republic,1.0
15007,2022,Russia,Finland,1.0
15008,2022,Russia,France,0.0
15009,2022,Russia,Hungary,0.0
15010,2022,Russia,Kazakhstan,1.0
15011,2022,Russia,San Marino,1.0
15012,2022,Russia,Scotland,1.0
15013,2022,Russia,Serbia,1.0
15014,2022,Russia,Sweden,0.0
15015,2022,Russia,Turkey,0.3333333333333333
15016,2022,Rwanda,Cameroon,0.0
15017,2022,Rwanda,Cape Verde,0.0
15018,2022,Rwanda,Central African Republic,0.6666666666666666
15019,2022,Rwanda,Equatorial Guinea,0.0
15020,2022,Rwanda,Guinea,0.3333333333333333
15021,2022,Rwanda,Ivory Coast,0.0
15022,2022,Rwanda,Mozambique,1.0
15023,2022,Rwanda,Sudan,0.5
15024,2022,Rwanda,Tanzania,0.0
15025,2022,Saint Barthélemy,Anguilla,0.0
15026,2022,Saint Barthélemy,British Virgin Islands,0.0
15027,2022,Saint Barthélemy,Saint Martin,1.0
15028,2022,Saint Barthélemy,Sint Maarten,1.0
15029,2022,Saint Kitts and Nevis,Antigua and Barbuda,1.0
15030,2022,Saint Kitts and Nevis,Belize,0.0
15031,2022,Saint Kitts and Nevis,Canada,0.0
15032,2022,Saint Kitts and Nevis,French Guiana,0.0
15033,2022,Saint Kitts and Nevis,Grenada,0.0
15034,2022,Saint Kitts and Nevis,Jamaica,0.0
15035,2022,Saint Kitts and Nevis,Puerto Rico,1.0
15036,2022,Saint Kitts and Nevis,Saint Martin,0.0
15037,2022,Saint Lucia,Anguilla,1.0
15038,2022,Saint Lucia,Aruba,1.0
15039,2022,Saint Lucia,Dominican Republic,1.0
15040,2022,Saint Lucia,El Salvador,0.0
15041,2022,Saint Lucia,Haiti,0.0
15042,2022,Saint Lucia,Montserrat,0.0
15043,2022,Saint Lucia,San Marino,0.5
15044,2022,Saint Martin,Aruba,0.0
15045,2022,Saint Martin,Barbados,1.0
15046,2022,Saint Martin,Cayman Islands,1.0
15047,2022,Saint Martin,Guadeloupe,0.0
15048,2022,Saint Martin,Saint Kitts and Nevis,0.0
15049,2022,Saint Martin,United States Virgin Islands,0.0
15050,2022,Saint Vincent and the Grenadines,Barbados,0.0
15051,2022,Saint Vincent and the Grenadines,Bonaire,1.0
15052,2022,Saint Vincent and the Grenadines,Dominica,1.0
15053,2022,Saint Vincent and the Grenadines,Grenada,0.0
15054,2022,Saint Vincent and the Grenadines,Nicaragua,0.3333333333333333
15055,2022,Saint Vincent and the Grenadines,Suriname,0.0
15056,2022,Saint Vincent and the Grenadines,Trinidad and Tobago,0.5
15057,2022,Samoa,Papua New Guinea,0.0
15058,2022,Samoa,Tonga,1.0
15059,2022,Samoa,Vanuatu,0.0
15060,2022,San Marino,Belarus,0.0
15061,2022,San Marino,Belgium,0.0
15062,2022,San Marino,Cyprus,0.0
15063,2022,San Marino,Estonia,0.0
15064,2022,San Marino,Gibraltar,0.0
15065,2022,San Marino,Iceland,0.0
15066,2022,San Marino,Kazakhstan,0.0
15067,2022,San Marino,Latvia,0.0
15068,2022,San Marino,Liechtenstein,0.0
15069,2022,San Marino,Lithuania,0.0
15070,2022,San Marino,Luxembourg,0.0
15071,2022,San Marino,Malta,0.0
15072,2022,San Marino,Moldova,0.0
15073,2022,San Marino,Russia,0.0
15074,2022,San Marino,Scotland,0.0
15075,2022,San Marino,Seychelles,0.0
15076,2022,Saudi Arabia,Albania,0.0
15077,2022,Saudi Arabia,Bolivia,0.0
15078,2022,Saudi Arabia,Brazil,0.0
15079,2022,Saudi Arabia,Colombia,0.0
15080,2022,Saudi Arabia,Croatia,0.0
15081,2022,Saudi Arabia,Ecuador,0.0
15082,2022,Saudi Arabia,Equatorial Guinea,1.0
15083,2022,Saudi Arabia,Greece,1.0
15084,2022,Saudi Arabia,Honduras,0.0
15085,2022,Saudi Arabia,Iceland,1.0
15086,2022,Saudi Arabia,Iraq,0.0
15087,2022,Saudi Arabia,Jamaica,0.5
15088,2022,Saudi Arabia,Kuwait,0.5
15089,2022,Saudi Arabia,Mali,0.0
15090,2022,Saudi Arabia,Mexico,0.0
15091,2022,Saudi Arabia,Moldova,1.0
15092,2022,Saudi Arabia,North Korea,1.0
15093,2022,Saudi Arabia,North Macedonia,1.0
15094,2022,Saudi Arabia,Panama,0.0
15095,2022,Saudi Arabia,Paraguay,0.0
15096,2022,Saudi Arabia,Peru,0.0
15097,2022,Saudi Arabia,Qatar,0.0
15098,2022,Saudi Arabia,United States,0.0
15099,2022,Saudi Arabia,Venezuela,0.0
15100,2022,Saudi Arabia,Yemen,1.0
15101,2022,Scotland,Albania,1.0
15102,2022,Scotland,Armenia,1.0
15103,2022,Scotland,Belgium,0.0
15104,2022,Scotland,Costa Rica,0.0
15105,2022,Scotland,Croatia,0.0
15106,2022,Scotland,Cyprus,1.0
15107,2022,Scotland,Czech Republic,0.5
15108,2022,Scotland,Israel,0.3333333333333333
15109,2022,Scotland,Kazakhstan,1.0
15110,2022,Scotland,Poland,0.0
15111,2022,Scotland,Portugal,0.0
15112,2022,Scotland,Republic of Ireland,1.0
15113,2022,Scotland,Russia,0.0
15114,2022,Scotland,San Marino,1.0
15115,2022,Scotland,Slovakia,1.0
15116,2022,Scotland,Ukraine,1.0
15117,2022,Senegal,Algeria,0.0
15118,2022,Senegal,Benin,1.0
15119,2022,Senegal,Cape Verde,1.0
15120,2022,Senegal,Congo,1.0
15121,2022,Senegal,Egypt,0.0
15122,2022,Senegal,Equatorial Guinea,1.0
15123,2022,Senegal,Eswatini,0.0
15124,2022,Senegal,Guinea,0.0
15125,2022,Senegal,Guinea-Bissau,1.0
15126,2022,Senegal,Madagascar,1.0
15127,2022,Senegal,Malawi,1.0
15128,2022,Senegal,Mali,1.0
15129,2022,Senegal,Mozambique,1.0
15130,2022,Senegal,Namibia,0.0
15131,2022,Senegal,Netherlands,0.0
15132,2022,Senegal,Nigeria,1.0
15133,2022,Senegal,Rwanda,1.0
15134,2022,Senegal,Sudan,1.0
15135,2022,Senegal,Tanzania,1.0
15136,2022,Senegal,Tunisia,1.0
15137,2022,Senegal,Uzbekistan,0.0
15138,2022,Senegal,Zambia,1.0
15139,2022,Senegal,Zimbabwe,1.0
15140,2022,Serbia,Bolivia,1.0
15141,2022,Serbia,Chile,0.0
15142,2022,Serbia,Hungary,0.0
15143,2022,Serbia,Jamaica,0.0
15144,2022,Serbia,Lithuania,1.0
15145,2022,Serbia,Luxembourg,1.0
15146,2022,Serbia,Montenegro,1.0
15147,2022,Serbia,Morocco,0.0
15148,2022,Serbia,Nigeria,1.0
15149,2022,Serbia,Norway,0.0
15150,2022,Serbia,Paraguay,1.0
15151,2022,Serbia,Portugal,0.0
15152,2022,Serbia,Qatar,1.0
15153,2022,Serbia,Romania,0.0
15154,2022,Serbia,Russia,1.0
15155,2022,Serbia,Scotland,0.0
15156,2022,Serbia,Slovenia,1.0
15157,2022,Serbia,Sweden,1.0
15158,2022,Serbia,Switzerland,0.0
15159,2022,Serbia,Turkey,0.0
15160,2022,Serbia,Ukraine,0.0
15161,2022,Seychelles,Botswana,0.0
15162,2022,Seychelles,Comoros,0.0
15163,2022,Seychelles,Eswatini,0.0
15164,2022,Seychelles,Lesotho,0.0
15165,2022,Seychelles,Libya,0.0
15166,2022,Seychelles,Mozambique,0.0
15167,2022,Seychelles,Nigeria,0.0
15168,2022,Seychelles,South Africa,0.0
15169,2022,Seychelles,South Sudan,0.0
15170,2022,Sierra Leone,Benin,1.0
15171,2022,Sierra Leone,Comoros,0.0
15172,2022,Sierra Leone,Equatorial Guinea,0.0
15173,2022,Sierra Leone,Guinea-Bissau,0.0
15174,2022,Sierra Leone,Lesotho,0.0
15175,2022,Sierra Leone,Nigeria,0.0
15176,2022,Sierra Leone,South Sudan,0.0
15177,2022,Singapore,Afghanistan,0.0
15178,2022,Singapore,Fiji,1.0
15179,2022,Singapore,Indonesia,0.3333333333333333
15180,2022,Singapore,Malaysia,1.0
15181,2022,Singapore,Maldives,1.0
15182,2022,Singapore,Mauritius,0.0
15183,2022,Singapore,Mongolia,1.0
15184,2022,Singapore,Myanmar,0.6666666666666666
15185,2022,Singapore,Philippines,1.0
15186,2022,Singapore,Solomon Islands,1.0
15187,2022,Singapore,Tajikistan,0.0
15188,2022,Singapore,Thailand,0.0
15189,2022,Singapore,Timor-Leste,1.0
15190,2022,Singapore,Vietnam,0.0
15191,2022,Sint Maarten,Anguilla,0.0
15192,2022,Sint Maarten,Dominica,0.0
15193,2022,Sint Maarten,Guadeloupe,0.0
15194,2022,Sint Maarten,Saint Barthélemy,0.0
15195,2022,Sint Maarten,Saint Martin,1.0
15196,2022,Sint Maarten,Turks and Caicos Islands,0.5
15197,2022,Sint Maarten,United States Virgin Islands,0.0
15198,2022,Slovakia,Azerbaijan,0.5
15199,2022,Slovakia,Belarus,0.0
15200,2022,Slovakia,Bulgaria,0.0
15201,2022,Slovakia,Chile,0.0
15202,2022,Slovakia,Croatia,0.0
15203,2022,Slovakia,Czech Republic,0.0
15204,2022,Slovakia,Denmark,1.0
15205,2022,Slovakia,Hungary,1.0
15206,2022,Slovakia,Israel,0.0
15207,2022,Slovakia,Jordan,1.0
15208,2022,Slovakia,Kazakhstan,0.0
15209,2022,Slovakia,Morocco,0.0
15210,2022,Slovakia,Netherlands,0.0
15211,2022,Slovakia,Paraguay,0.0
15212,2022,Slovakia,Republic of Ireland,0.0
15213,2022,Slovakia,Scotland,1.0
15214,2022,Slovakia,Ukraine,1.0
15215,2022,Slovakia,United Arab Emirates,1.0
15216,2022,Slovakia,Wales,0.0
15217,2022,Slovenia,Austria,0.0
15218,2022,Slovenia,Azerbaijan,0.0
15219,2022,Slovenia,Belarus,0.0
15220,2022,Slovenia,Bulgaria,0.0
15221,2022,Slovenia,Cyprus,0.0
15222,2022,Slovenia,Gibraltar,1.0
15223,2022,Slovenia,Greece,0.0
15224,2022,Slovenia,Israel,1.0
15225,2022,Slovenia,Kosovo,1.0
15226,2022,Slovenia,Latvia,1.0
15227,2022,Slovenia,Moldova,1.0
15228,2022,Slovenia,Montenegro,1.0
15229,2022,Slovenia,North Macedonia,0.0
15230,2022,Slovenia,Norway,0.5
15231,2022,Slovenia,Poland,1.0
15232,2022,Slovenia,San Marino,1.0
15233,2022,Slovenia,Serbia,0.0
15234,2022,Slovenia,Sweden,0.0
15235,2022,Solomon Islands,American Samoa,1.0
15236,2022,Solomon Islands,New Caledonia,0.0
15237,2022,Solomon Islands,Tahiti,0.0
15238,2022,Solomon Islands,Vanuatu,1.0
15239,2022,Somalia,Eswatini,0.0
15240,2022,South Africa,Angola,0.0
15241,2022,South Africa,Botswana,0.8
15242,2022,South Africa,Eswatini,1.0
15243,2022,South Africa,Ghana,0.0
15244,2022,South Africa,Guinea,0.0
15245,2022,South Africa,Lesotho,1.0
15246,2022,South Africa,Libya,0.0
15247,2022,South Africa,Madagascar,0.5
15248,2022,South Africa,Malawi,0.0
15249,2022,South Africa,Mali,1.0
15250,2022,South Africa,Morocco,0.0
15251,2022,South Africa,Mozambique,0.6666666666666666
15252,2022,South Africa,Namibia,0.6666666666666666
15253,2022,South Africa,Nigeria,0.0
15254,2022,South Africa,Paraguay,0.0
15255,2022,South Africa,Senegal,0.0
15256,2022,South Africa,Seychelles,1.0
15257,2022,South Africa,Sierra Leone,1.0
15258,2022,South Africa,Sudan,1.0
15259,2022,South Africa,São Tomé and Príncipe,1.0
15260,2022,South Africa,Uganda,0.5
15261,2022,South Africa,Zambia,0.0
15262,2022,South Korea,Australia,1.0
15263,2022,South Korea,Bahrain,1.0
15264,2022,South Korea,Bolivia,0.5
15265,2022,South Korea,Bosnia and Herzegovina,0.0
15266,2022,South Korea,Brazil,0.0
15267,2022,South Korea,Cameroon,1.0
15268,2022,South Korea,Chile,0.5
15269,2022,South Korea,China PR,1.0
15270,2022,South Korea,Colombia,1.0
15271,2022,South Korea,Costa Rica,0.5
15272,2022,South Korea,Egypt,1.0
15273,2022,South Korea,Georgia,0.0
15274,2022,South Korea,Ghana,0.0
15275,2022,South Korea,Honduras,1.0
15276,2022,South Korea,Hong Kong,1.0
15277,2022,South Korea,Iceland,1.0
15278,2022,South Korea,Iran,0.0
15279,2022,South Korea,Japan,1.0
15280,2022,South Korea,Moldova,1.0
15281,2022,South Korea,Panama,0.0
15282,2022,South Korea,Paraguay,0.0
15283,2022,South Korea,Philippines,1.0
15284,2022,South Korea,Portugal,1.0
15285,2022,South Korea,Qatar,0.5
15286,2022,South Korea,Saudi Arabia,0.0
15287,2022,South Korea,Senegal,0.0
15288,2022,South Korea,Uruguay,1.0
15289,2022,South Korea,Uzbekistan,1.0
15290,2022,South Ossetia,Chameria,0.0
15291,2022,South Ossetia,Luhansk PR,1.0
15292,2022,South Ossetia,Padania,1.0
15293,2022,South Ossetia,Székely Land,0.0
15294,2022,South Sudan,Burkina Faso,0.0
15295,2022,South Sudan,Burundi,0.0
15296,2022,South Sudan,Djibouti,1.0
15297,2022,South Sudan,Gabon,0.0
15298,2022,South Sudan,Gambia,0.0
15299,2022,South Sudan,Malawi,0.0
15300,2022,South Sudan,Mali,0.0
15301,2022,South Sudan,Seychelles,1.0
15302,2022,South Sudan,Uganda,1.0
15303,2022,Spain,Albania,1.0
15304,2022,Spain,Argentina,1.0
15305,2022,Spain,Bosnia and Herzegovina,1.0
15306,2022,Spain,Costa Rica,1.0
15307,2022,Spain,Croatia,1.0
15308,2022,Spain,Czech Republic,1.0
15309,2022,Spain,England,0.0
15310,2022,Spain,Faroe Islands,1.0
15311,2022,Spain,France,0.0
15312,2022,Spain,Germany,0.5
15313,2022,Spain,Iceland,1.0
15314,2022,Spain,Lithuania,1.0
15315,2022,Spain,Malta,1.0
15316,2022,Spain,Norway,1.0
15317,2022,Spain,Poland,0.0
15318,2022,Spain,Portugal,0.0
15319,2022,Spain,Romania,1.0
15320,2022,Spain,Slovakia,1.0
15321,2022,Spain,Sweden,0.5
15322,2022,Spain,Switzerland,0.3333333333333333
15323,2022,Spain,Ukraine,1.0
15324,2022,Sri Lanka,Bangladesh,0.0
15325,2022,Sri Lanka,Malaysia,0.0
15326,2022,Sri Lanka,Nepal,0.0
15327,2022,Sri Lanka,Thailand,0.0
15328,2022,Sudan,DR Congo,1.0
15329,2022,Sudan,Equatorial Guinea,0.0
15330,2022,Sudan,Ethiopia,0.0
15331,2022,Sudan,Ghana,1.0
15332,2022,Sudan,Guinea-Bissau,0.0
15333,2022,Sudan,Niger,1.0
15334,2022,Sudan,Senegal,0.0
15335,2022,Sudan,South Africa,1.0
15336,2022,Sudan,São Tomé and Príncipe,1.0
15337,2022,Sudan,Zambia,0.0
15338,2022,Sudan,Zimbabwe,0.0
15339,2022,Suriname,Barbados,1.0
15340,2022,Suriname,British Virgin Islands,1.0
15341,2022,Suriname,Costa Rica,0.0
15342,2022,Suriname,Dominica,1.0
15343,2022,Suriname,Guadeloupe,1.0
15344,2022,Suriname,Guyana,1.0
15345,2022,Suriname,Jamaica,0.0
15346,2022,Suriname,Nicaragua,1.0
15347,2022,Suriname,Saint Kitts and Nevis,1.0
15348,2022,Suriname,Saint Vincent and the Grenadines,0.0
15349,2022,Sweden,Algeria,1.0
15350,2022,Sweden,Armenia,1.0
15351,2022,Sweden,Chile,0.0
15352,2022,Sweden,Croatia,1.0
15353,2022,Sweden,Denmark,0.0
15354,2022,Sweden,Estonia,1.0
15355,2022,Sweden,Faroe Islands,1.0
15356,2022,Sweden,Finland,1.0
15357,2022,Sweden,France,0.0
15358,2022,Sweden,Malta,1.0
15359,2022,Sweden,Norway,0.0
15360,2022,Sweden,Peru,0.0
15361,2022,Sweden,Poland,1.0
15362,2022,Sweden,Portugal,0.0
15363,2022,Sweden,Romania,1.0
15364,2022,Sweden,Russia,1.0
15365,2022,Sweden,Serbia,0.0
15366,2022,Sweden,Slovakia,0.5
15367,2022,Sweden,Slovenia,0.0
15368,2022,Sweden,Spain,0.0
15369,2022,Sweden,Turkey,0.0
15370,2022,Sweden,Ukraine,0.0
15371,2022,Sweden,Uzbekistan,1.0
15372,2022,Switzerland,Belgium,1.0
15373,2022,Switzerland,Cameroon,1.0
15374,2022,Switzerland,Croatia,0.0
15375,2022,Switzerland,Czech Republic,1.0
15376,2022,Switzerland,Denmark,0.0
15377,2022,Switzerland,England,0.0
15378,2022,Switzerland,Finland,1.0
15379,2022,Switzerland,Georgia,1.0
15380,2022,Switzerland,Germany,0.0
15381,2022,Switzerland,Ghana,0.0
15382,2022,Switzerland,Gibraltar,1.0
15383,2022,Switzerland,Greece,1.0
15384,2022,Switzerland,Iceland,1.0
15385,2022,Switzerland,Japan,1.0
15386,2022,Switzerland,Kosovo,0.0
15387,2022,Switzerland,Liechtenstein,1.0
15388,2022,Switzerland,Panama,1.0
15389,2022,Switzerland,Portugal,1.0
15390,2022,Switzerland,Qatar,0.0
15391,2022,Switzerland,Republic of Ireland,1.0
15392,2022,Switzerland,Spain,0.0
15393,2022,Switzerland,Turkey,1.0
15394,2022,Switzerland,Ukraine,1.0
15395,2022,Switzerland,United States,1.0
15396,2022,Syria,Algeria,0.0
15397,2022,Syria,Belarus,0.0
15398,2022,Syria,Palestine,0.0
15399,2022,Syria,Tajikistan,1.0
15400,2022,Syria,Venezuela,0.0
15401,2022,Syria,Yemen,0.0
15402,2022,Székely Land,Western Armenia,0.0
15403,2022,Sápmi,Abkhazia,0.0
15404,2022,Sápmi,Székely Land,1.0
15405,2022,São Tomé and Príncipe,Ghana,0.0
15406,2022,São Tomé and Príncipe,Mauritius,1.0
15407,2022,São Tomé and Príncipe,Nigeria,0.0
15408,2022,São Tomé and Príncipe,Sudan,0.0
15409,2022,Tahiti,American Samoa,1.0
15410,2022,Tahiti,Fiji,0.0
15411,2022,Tahiti,New Caledonia,0.3333333333333333
15412,2022,Taiwan,Guam,1.0
15413,2022,Taiwan,Hong Kong,0.0
15414,2022,Taiwan,Indonesia,0.0
15415,2022,Taiwan,Malaysia,1.0
15416,2022,Taiwan,Mongolia,1.0
15417,2022,Taiwan,Nepal,0.0
15418,2022,Taiwan,North Korea,0.0
15419,2022,Taiwan,Singapore,1.0
15420,2022,Taiwan,Solomon Islands,0.0
15421,2022,Tajikistan,Afghanistan,0.0
15422,2022,Tajikistan,Myanmar,1.0
15423,2022,Tajikistan,Russia,0.0
15424,2022,Tanzania,Algeria,0.0
15425,2022,Tanzania,Burundi,0.0
15426,2022,Tanzania,Cape Verde,1.0
15427,2022,Tanzania,Central African Republic,1.0
15428,2022,Tanzania,DR Congo,1.0
15429,2022,Tanzania,Equatorial Guinea,1.0
15430,2022,Tanzania,Libya,1.0
15431,2022,Tanzania,Malawi,1.0
15432,2022,Tanzania,Sudan,0.0
15433,2022,Tanzania,Tunisia,0.0
15434,2022,Tanzania,Uganda,0.6666666666666666
15435,2022,Tanzania,Zimbabwe,0.0
15436,2022,Thailand,Bahrain,0.5
15437,2022,Thailand,China PR,0.0
15438,2022,Thailand,Congo,0.0
15439,2022,Thailand,Gabon,0.0
15440,2022,Thailand,India,0.0
15441,2022,Thailand,Indonesia,0.5
15442,2022,Thailand,Malaysia,0.0
15443,2022,Thailand,Maldives,1.0
15444,2022,Thailand,Myanmar,1.0
15445,2022,Thailand,Nepal,1.0
15446,2022,Thailand,Philippines,1.0
15447,2022,Thailand,Singapore,1.0
15448,2022,Thailand,Slovakia,0.0
15449,2022,Thailand,Suriname,1.0
15450,2022,Thailand,Taiwan,0.0
15451,2022,Thailand,Tajikistan,0.0
15452,2022,Thailand,Timor-Leste,1.0
15453,2022,Thailand,Trinidad and Tobago,1.0
15454,2022,Thailand,Turkmenistan,1.0
15455,2022,Thailand,Vietnam,0.0
15456,2022,Timor-Leste,Brunei,1.0
15457,2022,Timor-Leste,Philippines,0.0
15458,2022,Timor-Leste,Thailand,0.0
15459,2022,Togo,Algeria,0.0
15460,2022,Togo,Benin,0.0
15461,2022,Togo,Comoros,0.0
15462,2022,Togo,Egypt,0.0
15463,2022,Togo,Eswatini,0.0
15464,2022,Togo,Gambia,0.0
15465,2022,Togo,Kenya,0.0
15466,2022,Togo,Sierra Leone,1.0
15467,2022,Togo,Sudan,0.0
15468,2022,Tonga,Vanuatu,0.0
15469,2022,Trinidad and Tobago,Anguilla,1.0
15470,2022,Trinidad and Tobago,Bahamas,1.0
15471,2022,Trinidad and Tobago,Barbados,1.0
15472,2022,Trinidad and Tobago,El Salvador,0.0
15473,2022,Trinidad and Tobago,French Guiana,0.0
15474,2022,Trinidad and Tobago,Guyana,0.0
15475,2022,Trinidad and Tobago,Honduras,0.0
15476,2022,Trinidad and Tobago,Martinique,0.0
15477,2022,Trinidad and Tobago,Montserrat,1.0
15478,2022,Trinidad and Tobago,Panama,0.0
15479,2022,Trinidad and Tobago,Saint Lucia,1.0
15480,2022,Trinidad and Tobago,Saint Vincent and the Grenadines,1.0
15481,2022,Trinidad and Tobago,United Arab Emirates,1.0
15482,2022,Tunisia,Algeria,0.0
15483,2022,Tunisia,Angola,0.0
15484,2022,Tunisia,Australia,0.0
15485,2022,Tunisia,Burundi,1.0
15486,2022,Tunisia,Cameroon,0.0
15487,2022,Tunisia,Costa Rica,1.0
15488,2022,Tunisia,DR Congo,1.0
15489,2022,Tunisia,Equatorial Guinea,1.0
15490,2022,Tunisia,Eswatini,1.0
15491,2022,Tunisia,France,1.0
15492,2022,Tunisia,Iran,1.0
15493,2022,Tunisia,Iraq,1.0
15494,2022,Tunisia,Libya,1.0
15495,2022,Tunisia,Mali,0.3333333333333333
15496,2022,Tunisia,Mauritania,1.0
15497,2022,Tunisia,Morocco,0.0
15498,2022,Tunisia,Niger,1.0
15499,2022,Tunisia,Nigeria,0.0
15500,2022,Tunisia,Spain,0.0
15501,2022,Tunisia,Sudan,1.0
15502,2022,Tunisia,Tanzania,1.0
15503,2022,Turkey,Albania,1.0
15504,2022,Turkey,Andorra,1.0
15505,2022,Turkey,Azerbaijan,1.0
15506,2022,Turkey,Bosnia and Herzegovina,0.0
15507,2022,Turkey,Croatia,0.0
15508,2022,Turkey,Czech Republic,1.0
15509,2022,Turkey,Faroe Islands,1.0
15510,2022,Turkey,France,1.0
15511,2022,Turkey,Greece,1.0
15512,2022,Turkey,Guinea,0.0
15513,2022,Turkey,Hungary,0.0
15514,2022,Turkey,Iceland,0.0
15515,2022,Turkey,Iran,1.0
15516,2022,Turkey,Italy,0.0
15517,2022,Turkey,Lithuania,1.0
15518,2022,Turkey,Luxembourg,0.0
15519,2022,Turkey,Moldova,1.0
15520,2022,Turkey,Republic of Ireland,1.0
15521,2022,Turkey,Russia,0.5
15522,2022,Turkey,Scotland,1.0
15523,2022,Turkey,Serbia,0.0
15524,2022,Turkey,Sweden,0.0
15525,2022,Turkey,Tunisia,0.0
15526,2022,Turkey,Ukraine,0.0
15527,2022,Turkey,Uzbekistan,1.0
15528,2022,Turkey,Wales,0.0
15529,2022,Turkmenistan,Uganda,0.0
15530,2022,Turkmenistan,Uzbekistan,0.0
15531,2022,Turks and Caicos Islands,Bonaire,0.0
15532,2022,Turks and Caicos Islands,Guadeloupe,0.0
15533,2022,Turks and Caicos Islands,Guyana,0.0
15534,2022,Turks and Caicos Islands,Saint Vincent and the Grenadines,1.0
15535,2022,Turks and Caicos Islands,Sint Maarten,1.0
15536,2022,Tuvalu,Solomon Islands,0.0
15537,2022,Tuvalu,Tahiti,0.0
15538,2022,Uganda,Burkina Faso,0.0
15539,2022,Uganda,Cape Verde,1.0
15540,2022,Uganda,Lesotho,1.0
15541,2022,Uganda,Malawi,0.5
15542,2022,Uganda,Niger,0.0
15543,2022,Uganda,Senegal,0.0
15544,2022,Uganda,South Sudan,1.0
15545,2022,Uganda,São Tomé and Príncipe,1.0
15546,2022,Uganda,Tanzania,0.0
15547,2022,Uganda,Zimbabwe,0.0
15548,2022,Ukraine,Armenia,1.0
15549,2022,Ukraine,Austria,0.0
15550,2022,Ukraine,Bahrain,0.0
15551,2022,Ukraine,Bulgaria,0.0
15552,2022,Ukraine,Cyprus,1.0
15553,2022,Ukraine,Czech Republic,1.0
15554,2022,Ukraine,England,0.0
15555,2022,Ukraine,Estonia,1.0
15556,2022,Ukraine,Germany,0.0
15557,2022,Ukraine,Japan,1.0
15558,2022,Ukraine,Lithuania,1.0
15559,2022,Ukraine,Luxembourg,1.0
15560,2022,Ukraine,Morocco,0.0
15561,2022,Ukraine,Nigeria,0.0
15562,2022,Ukraine,North Macedonia,1.0
15563,2022,Ukraine,Northern Ireland,1.0
15564,2022,Ukraine,Portugal,1.0
15565,2022,Ukraine,Republic of Ireland,0.0
15566,2022,Ukraine,Saudi Arabia,0.0
15567,2022,Ukraine,Scotland,0.0
15568,2022,Ukraine,Serbia,1.0
15569,2022,Ukraine,Slovakia,1.0
15570,2022,Ukraine,Spain,1.0
15571,2022,Ukraine,Switzerland,1.0
15572,2022,United Arab Emirates,Argentina,0.0
15573,2022,United Arab Emirates,Australia,1.0
15574,2022,United Arab Emirates,Bahrain,0.0
15575,2022,United Arab Emirates,Bolivia,0.0
15576,2022,United Arab Emirates,Dominican Republic,1.0
15577,2022,United Arab Emirates,Gambia,0.0
15578,2022,United Arab Emirates,India,1.0
15579,2022,United Arab Emirates,Iraq,0.0
15580,2022,United Arab Emirates,Jordan,1.0
15581,2022,United Arab Emirates,Kazakhstan,1.0
15582,2022,United Arab Emirates,Kuwait,0.0
15583,2022,United Arab Emirates,Kyrgyzstan,1.0
15584,2022,United Arab Emirates,Lebanon,1.0
15585,2022,United Arab Emirates,Qatar,0.0
15586,2022,United Arab Emirates,Saudi Arabia,1.0
15587,2022,United Arab Emirates,Sri Lanka,1.0
15588,2022,United Arab Emirates,Syria,0.0
15589,2022,United Arab Emirates,Tajikistan,1.0
15590,2022,United Arab Emirates,Thailand,0.0
15591,2022,United Arab Emirates,Uzbekistan,0.0
15592,2022,United Arab Emirates,Venezuela,0.0
15593,2022,United Arab Emirates,Yemen,1.0
15594,2022,United States,Bolivia,1.0
15595,2022,United States,Bosnia and Herzegovina,0.5
15596,2022,United States,Brazil,0.0
15597,2022,United States,Canada,1.0
15598,2022,United States,Chile,0.0
15599,2022,United States,Colombia,0.0
15600,2022,United States,Costa Rica,1.0
15601,2022,United States,Cuba,1.0
15602,2022,United States,Curaçao,1.0
15603,2022,United States,Ecuador,1.0
15604,2022,United States,El Salvador,1.0
15605,2022,United States,Grenada,1.0
15606,2022,United States,Guyana,1.0
15607,2022,United States,Haiti,1.0
15608,2022,United States,Honduras,1.0
15609,2022,United States,Jamaica,0.75
15610,2022,United States,Martinique,1.0
15611,2022,United States,Mexico,0.6
15612,2022,United States,Morocco,1.0
15613,2022,United States,Panama,1.0
15614,2022,United States,Paraguay,1.0
15615,2022,United States,Peru,0.0
15616,2022,United States,Qatar,1.0
15617,2022,United States,Trinidad and Tobago,1.0
15618,2022,United States,Uruguay,0.0
15619,2022,United States,Venezuela,0.0
15620,2022,United States,Wales,0.0
15621,2022,United States Virgin Islands,Barbados,0.0
15622,2022,United States Virgin Islands,Bonaire,0.0
15623,2022,United States Virgin Islands,Canada,0.0
15624,2022,United States Virgin Islands,Cayman Islands,0.0
15625,2022,United States Virgin Islands,Curaçao,0.0
15626,2022,United States Virgin Islands,Saint Martin,0.0
15627,2022,United States Virgin Islands,Turks and Caicos Islands,1.0
15628,2022,Uruguay,Chile,0.0
15629,2022,Uruguay,Colombia,0.0
15630,2022,Uruguay,Czech Republic,1.0
15631,2022,Uruguay,Ecuador,1.0
15632,2022,Uruguay,Japan,0.0
15633,2022,Uruguay,Panama,1.0
15634,2022,Uruguay,Paraguay,1.0
15635,2022,Uruguay,Peru,0.5
15636,2022,Uruguay,South Korea,0.0
15637,2022,Uruguay,Uzbekistan,1.0
15638,2022,Uzbekistan,Iran,0.0
15639,2022,Uzbekistan,Iraq,0.0
15640,2022,Uzbekistan,Kazakhstan,1.0
15641,2022,Uzbekistan,Kyrgyzstan,1.0
15642,2022,Uzbekistan,Lebanon,0.0
15643,2022,Uzbekistan,Malaysia,1.0
15644,2022,Uzbekistan,Maldives,1.0
15645,2022,Uzbekistan,North Korea,1.0
15646,2022,Uzbekistan,Oman,1.0
15647,2022,Uzbekistan,Qatar,1.0
15648,2022,Uzbekistan,Russia,0.0
15649,2022,Uzbekistan,South Sudan,1.0
15650,2022,Uzbekistan,Sri Lanka,1.0
15651,2022,Uzbekistan,Syria,0.3333333333333333
15652,2022,Uzbekistan,Thailand,1.0
15653,2022,Vanuatu,Fiji,0.0
15654,2022,Vanuatu,New Caledonia,0.0
15655,2022,Vanuatu,Tahiti,1.0
15656,2022,Vatican City,Raetia,0.0
15657,2022,Venezuela,Argentina,0.0
15658,2022,Venezuela,Bolivia,1.0
15659,2022,Venezuela,Colombia,0.0
15660,2022,Venezuela,Ecuador,0.0
15661,2022,Venezuela,Panama,0.0
15662,2022,Venezuela,Peru,0.0
15663,2022,Venezuela,Trinidad and Tobago,1.0
15664,2022,Vietnam,Afghanistan,1.0
15665,2022,Vietnam,Cambodia,1.0
15666,2022,Vietnam,India,1.0
15667,2022,Vietnam,Iran,0.0
15668,2022,Vietnam,Japan,0.0
15669,2022,Vietnam,Malaysia,1.0
15670,2022,Vietnam,North Korea,0.0
15671,2022,Vietnam,Philippines,1.0
15672,2022,Vietnam,Singapore,1.0
15673,2022,Vietnam,Thailand,0.0
15674,2022,Vietnam,Yemen,1.0
15675,2022,Wales,Albania,0.0
15676,2022,Wales,Azerbaijan,1.0
15677,2022,Wales,Belarus,1.0
15678,2022,Wales,Belgium,0.0
15679,2022,Wales,Bulgaria,1.0
15680,2022,Wales,Croatia,0.0
15681,2022,Wales,Czech Republic,0.0
15682,2022,Wales,Denmark,0.0
15683,2022,Wales,England,0.0
15684,2022,Wales,Finland,1.0
15685,2022,Wales,Hungary,1.0
15686,2022,Wales,Iran,0.0
15687,2022,Wales,Mexico,1.0
15688,2022,Wales,Netherlands,0.0
15689,2022,Wales,Poland,0.0
15690,2022,Wales,Republic of Ireland,1.0
15691,2022,Wales,Slovakia,1.0
15692,2022,Wales,Spain,0.0
15693,2022,Wales,Switzerland,0.0
15694,2022,Wales,Trinidad and Tobago,1.0
15695,2022,Wales,United States,0.0
15696,2022,Wales,Uruguay,0.0
15697,2022,West Papua,Raetia,0.0
15698,2022,Western Armenia,South Ossetia,0.0
15699,2022,Yemen,Iraq,0.0
15700,2022,Yemen,Lebanon,1.0
15701,2022,Yemen,Nepal,1.0
15702,2022,Yemen,Palestine,0.0
15703,2022,Yemen,Syria,0.0
15704,2022,Ynys Môn,Saint Helena,1.0
15705,2022,Yorkshire,Chagos Islands,1.0
15706,2022,Yorkshire,Ellan Vannin,0.0
15707,2022,Yorkshire,Panjab,1.0
15708,2022,Yorkshire,Somaliland,1.0
15709,2022,Yoruba Nation,Biafra,0.0
15710,2022,Yoruba Nation,Matabeleland,0.0
15711,2022,Zambia,Algeria,0.0
15712,2022,Zambia,Botswana,0.5
15713,2022,Zambia,Comoros,1.0
15714,2022,Zambia,Eswatini,0.0
15715,2022,Zambia,Guinea-Bissau,1.0
15716,2022,Zambia,Lesotho,0.0
15717,2022,Zambia,Madagascar,1.0
15718,2022,Zambia,Malawi,0.5
15719,2022,Zambia,Namibia,0.5
15720,2022,Zambia,Senegal,1.0
15721,2022,Zambia,South Africa,0.0
15722,2022,Zambia,Zimbabwe,0.0
15723,2022,Zimbabwe,Algeria,0.0
15724,2022,Zimbabwe,Botswana,0.0
15725,2022,Zimbabwe,Comoros,1.0
15726,2022,Zimbabwe,Congo,1.0
15727,2022,Zimbabwe,DR Congo,0.0
15728,2022,Zimbabwe,Guinea,1.0
15729,2022,Zimbabwe,Zambia,0.0
