Q_WR,Q_GR,F_Rank,F_Point,F_Rd,F_Pd,Avg_Apps,Avg_Age,Avg_Famous,FS_0,FS_1,FS_2,FS_3,FS_4,FS_5,FS_6,FS_7,FS_8,FS_9,FS_10,FS_11,FS_12,FS_13,Result,home_rate
-0.10999999999999999,1.058700209643606,5.66,-87.0,17.240000000000002,-454.41999999999996,-0.15385000000000004,1.1199999999999974,2,-1.3400000000000034,-0.46000000000000796,-0.45999999999999375,-0.6599999999999966,-3.039999999999992,5.920000000000002,1.9300000000000068,2.0800000000000125,-5.539999999999992,1.6899999999999977,-1.9599999999999937,-0.25,-1.940000000000012,-0.8999999999999986,1,0.0
0.030000000000000027,-1.5761035007610353,-27.33,149.68000000000006,24.0,-345.82000000000005,0.23077,1.110000000000003,1,0.7599999999999909,4.8500000000000085,3.1499999999999986,-0.5900000000000034,-0.6700000000000017,5.590000000000003,2.549999999999997,4.919999999999995,5.289999999999992,1.4099999999999966,0.6199999999999903,-5.6,3.3800000000000026,7.1100000000000065,1,1.0
0.12,-0.22536687631027297,-35.66,270.3599999999999,17.34,-293.97,0.42308,0.38000000000000256,5,7.759999999999991,8.850000000000009,5.149999999999999,8.219999999999999,9.560000000000002,2.3200000000000003,4.969999999999999,5.029999999999994,10.259999999999991,2.950000000000003,5.72999999999999,-2.799999999999997,9.470000000000006,11.020000000000003,1,1.0
-0.020000000000000018,2.409436834094368,-2.67,33.679999999999836,10.58,-402.56999999999994,0.038459999999999994,0.389999999999997,6,5.659999999999997,3.539999999999992,1.5400000000000063,8.150000000000006,7.190000000000012,2.6499999999999986,4.3500000000000085,2.190000000000012,-0.5699999999999932,3.230000000000004,3.1500000000000057,2.5500000000000025,4.1499999999999915,3.009999999999998,1,1.0
-0.16000000000000003,-0.47635933806146546,32.66,-186.23000000000002,-28.17,528.27,-0.38461,-0.5700000000000003,-9,-5.609999999999999,-7.579999999999998,-5.649999999999999,-6.509999999999991,-6.52000000000001,-5.219999999999999,-1.8500000000000085,-9.21,-3.7099999999999937,-6.349999999999994,-1.0699999999999932,2.8200000000000003,-5.970000000000006,-6.290000000000006,1,1.0
0.030000000000000027,0.7230028101164194,1.0,-47.289999999999964,2.58,-68.96000000000004,-0.07693000000000005,-0.15000000000000213,8,-1.1099999999999994,-0.9200000000000017,-1.230000000000004,-1.730000000000004,-1.730000000000004,5.420000000000002,-4.189999999999998,3.730000000000004,-5.199999999999989,1.539999999999992,-5.6499999999999915,1.6599999999999966,0.30999999999998806,-0.5499999999999972,-1,0.0
-0.08999999999999997,-1.6114570361145704,8.33,-127.15999999999985,-2.67,178.08999999999997,-0.038459999999999994,-0.5799999999999983,-6,-7.329999999999998,-4.689999999999998,-4.019999999999996,-9.620000000000005,-9.91000000000001,-3.1899999999999977,-4.38000000000001,-5.609999999999999,-0.5,-5.819999999999993,-6.890000000000001,-3.1800000000000015,-5.909999999999997,-3.6299999999999955,1,0.0
0.13,-1.5800653594771243,4.0,-41.69999999999982,-13.5,475.04999999999995,-0.38462,-1.1199999999999974,-3,-1.3499999999999943,-1.230000000000004,-1.460000000000008,-1.5700000000000074,-0.0800000000000125,-3.4200000000000017,-4.579999999999998,0.5,4.459999999999994,1.5799999999999983,-2.269999999999996,0.7899999999999991,-1.1099999999999994,-0.6499999999999986,-1,0.0
-0.09999999999999998,-0.33219954648526073,31.0,-178.1500000000001,-24.33,432.1,-0.19231,0.9299999999999997,-12,-6.47999999999999,-9.439999999999998,-4.82,-6.739999999999995,-6.180000000000007,-7.830000000000005,-2.8299999999999983,-6.6100000000000065,-2.4299999999999926,-1.259999999999991,-0.9199999999999875,1.9599999999999973,-9.699999999999996,-9.770000000000003,1,0.0
0.28,2.056914893617021,-8.0,48.059999999999945,0.75,-135.43999999999994,0.07691999999999999,-0.1999999999999993,7,3.8400000000000034,1.0799999999999983,1.2399999999999949,5.199999999999989,4.960000000000008,-2.240000000000002,-1.3999999999999915,1.8400000000000034,-5.480000000000004,0.12000000000000455,-3.200000000000003,2.4799999999999986,-0.21999999999999886,-1.8399999999999963,1,1.0
0.10999999999999999,2.629243597379393,17.33,-116.93000000000006,-19.0,283.57000000000005,0.038459999999999994,0.389999999999997,-2,-4.189999999999998,-6.270000000000003,-6.689999999999998,-4.880000000000003,-4.039999999999992,-4.270000000000003,0.960000000000008,-0.8900000000000006,-2.7299999999999898,-8.04,-1.0,-0.2699999999999996,-4.690000000000005,2.4399999999999977,-1,0.0
0.08999999999999997,0.5373376623376624,-34.66,276.4399999999998,13.01,-433.97999999999996,0.07691999999999999,0.19000000000000128,9,10.939999999999998,11.110000000000007,10.939999999999998,12.200000000000003,12.180000000000007,11.229999999999997,4.530000000000001,5.959999999999994,7.459999999999994,14.199999999999996,6.700000000000003,0.9499999999999993,11.57,10.39,1,1.0
0.10999999999999999,1.4176886792452827,-19.0,200.49,-13.33,103.49000000000001,0.26923,-0.34999999999999787,5,8.149999999999991,9.570000000000007,8.149999999999999,10.189999999999998,11.349999999999994,5.199999999999996,3.0,0.769999999999996,6.849999999999994,6.190000000000005,4.959999999999994,-0.7299999999999969,10.570000000000007,7.880000000000003,1,1.0
0.16000000000000003,0.7483134405812142,-16.33,141.69000000000005,8.590000000000002,-245.6400000000001,0.34614999999999996,0.5,13,7.8799999999999955,11.070000000000007,9.629999999999995,11.899999999999999,9.030000000000001,16.200000000000003,1.5699999999999932,6.230000000000004,-1.0499999999999972,9.100000000000001,0.45000000000000284,-0.7800000000000011,13.429999999999993,5.650000000000006,1,1.0
0.08000000000000007,-0.47579185520362,-6.67,35.700000000000045,0.08000000000000007,-69.63,0.07691999999999999,1.3800000000000026,4,6.959999999999994,7.189999999999991,4.229999999999997,10.04,9.11,8.350000000000001,-2.5,3.230000000000004,7.579999999999998,11.39,-3.539999999999992,0.6300000000000026,7.869999999999997,6.140000000000001,1,1.0
0.030000000000000027,0.9183006535947711,-30.67,190.0999999999999,19.58,-655.98,0.11537999999999998,0.5799999999999983,9,11.169999999999987,12.969999999999999,11.88000000000001,13.890000000000008,12.240000000000009,11.82,4.1299999999999955,1.5400000000000063,2.049999999999997,12.570000000000007,3.5,-0.4499999999999993,12.639999999999993,6.6200000000000045,1,1.0
-0.13,-0.9783434650455929,31.659999999999997,-185.82999999999993,-14.51,438.3399999999999,-0.19230000000000003,0.9299999999999997,-11,-8.460000000000008,-9.149999999999999,-9.420000000000002,-9.679999999999993,-9.460000000000008,-7.669999999999995,0.5499999999999972,-4.640000000000001,-5.3799999999999955,-13.32,-0.2600000000000051,-0.5499999999999972,-8.250000000000007,-5.940000000000005,1,1.0
-0.06,-0.7172364672364682,42.0,-216.71000000000004,16.58,127.96000000000004,-0.7692399999999999,-2.9299999999999997,-5,-6.800000000000011,-3.1499999999999915,0.3200000000000003,-7.619999999999997,-8.670000000000009,3.1199999999999974,2.5400000000000063,-2.1499999999999915,-6.670000000000002,-5.6100000000000065,1.8799999999999955,-3.370000000000001,-5.6200000000000045,-4.410000000000004,-1,0.0
-0.14,-1.3952569169960471,52.0,-338.76,7.33,352.32,-0.34615,-1.620000000000001,-9,-10.25,-7.88000000000001,-6.289999999999999,-14.000000000000007,-12.719999999999999,-9.96,-3.6500000000000057,-6.839999999999989,1.9699999999999989,-8.129999999999995,-4.539999999999992,-1.8000000000000007,-9.850000000000001,-11.219999999999999,1,1.0
0.08999999999999997,0.061231884057970865,17.659999999999997,-116.25,-17.42,307.08000000000004,-0.07692000000000004,-0.1599999999999966,-4,0.1799999999999926,-2.450000000000003,-4.410000000000004,0.9799999999999898,0.46000000000000796,-6.869999999999997,-7.509999999999998,-4.609999999999999,-0.7000000000000028,-1.9399999999999977,-7.769999999999996,2.790000000000001,-2.930000000000007,-2.759999999999998,-1,0.0
-0.030000000000000027,-0.7586805555555558,28.0,-114.0,-6.0,79.33000000000004,-0.23077,0.7699999999999996,-2,-4.550000000000011,-3.4199999999999946,-4.509999999999998,-4.970000000000006,-5.679999999999993,-6.460000000000001,-0.4299999999999926,3.0500000000000043,5.670000000000002,-4.730000000000004,-2.0500000000000114,-4.219999999999999,-4.109999999999999,-2.269999999999996,-1,0.0
-0.25000000000000006,-0.9621913580246915,29.659999999999997,-163.51,6.159999999999998,328.74,-0.038470000000000004,0.379999999999999,-11,-13.739999999999995,-10.399999999999999,-10.010000000000005,-15.010000000000005,-16.71,-16.89,-6.420000000000002,-3.780000000000001,-1.3799999999999955,-15.130000000000003,-10.019999999999996,-5.33,-10.799999999999997,-2.259999999999998,-1,0.0
0.040000000000000036,0.7209405501330965,21.0,-145.4000000000001,-19.33,369.85,0.07691999999999999,2.4299999999999997,-13,-9.909999999999997,-10.859999999999992,-8.36,-12.21,-10.89,-6.510000000000005,0.6800000000000068,-2.5800000000000125,0.13000000000000966,-7.8899999999999935,-1.2999999999999972,-3.910000000000002,-11.009999999999998,-0.21999999999999886,1,1.0
-0.12,0.5241596638655457,25.67,-147.82999999999993,5.0,29.83000000000004,-0.07691999999999999,0.0,-4,-7.319999999999993,-8.549999999999997,-7.490000000000002,-7.780000000000008,-8.469999999999999,-5.939999999999998,0.9100000000000108,-3.1899999999999977,-3.9299999999999926,-10.760000000000005,-2.230000000000004,0.990000000000002,-10.550000000000004,-4.450000000000003,1,1.0
-0.040000000000000036,-0.655188679245283,24.0,-232.48000000000002,2.0,115.18000000000006,-0.30770000000000003,1.3099999999999987,-7,-12.149999999999991,-6.88000000000001,-6.079999999999998,-13.160000000000004,-13.959999999999994,-2.229999999999997,-4.569999999999993,-0.37999999999999545,-6.890000000000001,-4.890000000000008,-5.799999999999997,-7.8000000000000025,-10.070000000000007,-4.909999999999997,1,1.0
-0.06,-0.3397932816537468,53.33,-265.6099999999999,5.66,204.73000000000002,-0.57692,-1.1599999999999966,0,-8.689999999999998,-6.250000000000007,-7.579999999999998,-10.109999999999992,-9.929999999999993,-4.189999999999998,-7.109999999999999,-8.709999999999994,-0.7900000000000063,-10.280000000000001,-5.329999999999998,-1.9600000000000009,-8.310000000000002,-3.8900000000000006,-1,0.0
0.0,-2.4763888888888888,13.340000000000002,-113.49000000000001,-3.91,350.92999999999995,-0.11537999999999998,-0.7699999999999996,-7,-6.809999999999988,-9.11,-7.690000000000005,-9.530000000000001,-8.310000000000002,-11.119999999999997,-4.930000000000007,-2.8500000000000085,-1.3100000000000023,-7.880000000000003,-3.0,0.9799999999999969,-8.629999999999995,-6.980000000000004,-1,0.0
-0.14,-1.6019794980558504,40.33,-167.76,47.67,-253.09000000000003,-0.11539,-0.41999999999999815,-1,-4.969999999999999,-2.539999999999999,-1.7899999999999991,-4.950000000000003,-7.699999999999996,0.6600000000000037,0.14999999999999147,-5.579999999999991,-6.280000000000001,-4.059999999999995,0.09999999999999432,-3.59,-1.8599999999999994,-5.3799999999999955,-1,0.0
0.16000000000000003,0.9199346405228757,-41.0,206.12000000000012,27.75,-360.2099999999999,0.11538,-0.4299999999999997,6,12.780000000000001,9.859999999999992,7.539999999999999,13.719999999999999,14.719999999999992,8.799999999999997,2.8299999999999983,6.0,9.629999999999995,13.11,0.46999999999999886,6.220000000000001,9.389999999999993,5.760000000000005,1,1.0
0.12,0.9333333333333336,6.0,-60.340000000000146,-2.0,17.0,0.6815399999999999,3.610000000000003,-1,-0.8400000000000034,-6.3600000000000065,-5.390000000000001,-2.1300000000000026,0.19000000000001194,-2.1599999999999966,-6.560000000000002,-5.850000000000001,2.269999999999996,-0.3999999999999986,-6.340000000000003,5.390000000000001,-5.549999999999997,-4.730000000000004,-1,0.0
-0.22000000000000003,-2.319858156028369,17.33,-148.6099999999999,18.83,-166.10999999999996,-0.57692,0.0,-15,-10.079999999999998,-10.000000000000007,-8.809999999999995,-10.93,-11.22999999999999,-9.920000000000002,-0.3100000000000023,-6.0,-5.270000000000003,-14.39,-1.460000000000008,-1.9599999999999973,-11.089999999999996,-3.3300000000000054,-1,0.0
0.13000000000000006,1.4054232804232805,-12.670000000000002,44.710000000000036,-23.67,132.70999999999992,0.30770000000000003,2.889999999999997,0,1.2600000000000051,-1.470000000000006,-3.6600000000000037,3.1600000000000037,3.1000000000000014,-3.309999999999995,-0.730000000000004,0.9599999999999937,-2.219999999999999,-1.0,-2.4200000000000017,2.990000000000002,0.3500000000000014,-3.5700000000000003,-1,0.0
0.24,1.6159090909090907,-11.0,138.66999999999985,-0.7500000000000001,-131.07999999999998,-0.03846000000000005,0.9200000000000017,5,6.319999999999993,3.0400000000000063,2.759999999999991,7.719999999999999,7.680000000000007,1.3200000000000003,3.680000000000007,3.1599999999999966,-3.4000000000000057,1.0,3.239999999999995,2.880000000000001,3.0999999999999943,2.6099999999999994,1,1.0
0.20000000000000007,1.6665302782324052,-2.33,13.829999999999927,7.42,-177.66999999999996,-0.2692399999999999,-0.9700000000000024,6,2.9200000000000017,4.530000000000001,6.079999999999998,5.219999999999999,3.8900000000000006,7.479999999999997,1.2600000000000051,3.450000000000003,-3.510000000000005,6.709999999999994,-0.28000000000000114,0.16999999999999815,2.980000000000004,-2.039999999999999,1,1.0
0.36000000000000004,3.046195652173913,-16.0,63.73000000000002,-41.33,306.73,-0.11538000000000004,0.5799999999999983,1,3.4200000000000017,2.760000000000005,3.980000000000004,3.8699999999999974,3.6000000000000014,10.909999999999997,7.0,1.8799999999999955,-4.769999999999996,3.6700000000000017,2.8499999999999943,1.0199999999999996,2.1199999999999974,3.6400000000000006,-1,0.0
0.12,-0.31871345029239784,-37.33,315.03999999999996,26.25,-445.96000000000004,0.69231,1.5700000000000003,3,6.569999999999993,7.900000000000006,5.210000000000001,7.22999999999999,6.840000000000003,8.86,3.2900000000000063,7.449999999999996,7.509999999999991,7.429999999999993,3.989999999999995,-2.0799999999999983,7.470000000000006,3.950000000000003,-1,0.0
0.06000000000000005,-0.8174229452054795,-55.33,263.68000000000006,30.0,-425.1500000000001,0.46154,0.3400000000000034,3,5.310000000000002,8.270000000000003,7.659999999999997,4.380000000000003,5.009999999999991,12.050000000000004,2.9799999999999898,1.8699999999999903,-0.38000000000000966,6.140000000000001,2.6700000000000017,-1.3800000000000008,7.490000000000002,9.380000000000003,1,1.0
0.09999999999999998,-0.7955882352941179,-12.329999999999998,44.61999999999989,4.34,-86.38,-0.038470000000000004,0.7699999999999996,0,0.35999999999999943,6.549999999999997,6.260000000000005,1.3900000000000006,1.3200000000000074,3.6700000000000017,-2.3700000000000045,-0.9200000000000017,0.6999999999999886,5.990000000000002,-0.3400000000000034,-8.000000000000002,4.509999999999998,2.6100000000000065,-1,0.0
0.06,-0.1430555555555555,-42.33,176.15999999999985,4.67,-296.84000000000003,0.15385000000000001,-0.38000000000000256,2,5.920000000000002,2.1000000000000014,3.3900000000000006,6.880000000000003,6.890000000000001,-1.6199999999999974,4.839999999999989,4.049999999999997,-0.01999999999999602,6.130000000000003,2.019999999999996,3.629999999999999,2.8299999999999983,-2.5,1,1.0
0.020000000000000018,0.38376010781671077,-10.66,129.26999999999998,7.34,-171.73000000000002,0.19231000000000004,-0.5399999999999991,3,5.189999999999998,4.88000000000001,4.850000000000001,6.769999999999996,6.810000000000002,-0.03999999999999915,3.1099999999999994,-3.730000000000004,3.6599999999999966,0.12000000000000455,3.2299999999999898,0.7900000000000027,4.030000000000001,3.0700000000000003,1,0.5
0.0,1.9935400516795865,-2.34,24.039999999999964,14.24,-443.03999999999996,-0.30769,-0.7699999999999996,9,4.039999999999992,4.959999999999994,3.500000000000007,6.300000000000011,5.27000000000001,5.310000000000002,2.6599999999999966,-1.809999999999988,0.5,3.730000000000004,-0.3100000000000023,0.6900000000000013,3.1499999999999915,0.5900000000000034,1,1.0
-0.24999999999999994,-2.4846153846153847,-4.0,28.840000000000146,19.75,-342.33,-0.72,-2.3800000000000026,-1,-0.7000000000000028,4.32,1.5,1.740000000000002,-0.9200000000000017,3.509999999999998,2.2099999999999937,4.229999999999997,-4.079999999999991,-4.330000000000005,-0.0799999999999983,-5.599999999999998,5.689999999999998,8.54,-1,0.0
-0.010000000000000009,-1.4159891598915992,33.33,-145.83999999999992,-18.0,204.15999999999985,-0.23077,1.0800000000000018,-2,-6.480000000000004,0.44000000000000483,1.3999999999999986,-2.3200000000000003,-7.079999999999991,4.480000000000004,0.28000000000000114,-0.9199999999999875,-6.560000000000002,-2.279999999999994,1.4000000000000057,-8.12,0.6799999999999997,-1.1099999999999994,-1,0.0
-0.09999999999999998,-0.2206521739130436,-41.0,200.09000000000015,-6.58,-221.24,0.38461000000000006,0.6999999999999993,4,3.930000000000007,4.840000000000003,3.5300000000000082,6.280000000000008,5.039999999999992,8.64,-0.030000000000001137,3.6799999999999926,1.4300000000000068,7.1299999999999955,1.2999999999999972,-1.08,6.750000000000007,8.61,1,1.0
0.26000000000000006,2.3837667454688733,-44.33,230.53999999999996,-9.16,-305.63,0.5,1.9599999999999973,11,9.720000000000013,7.679999999999993,5.759999999999998,12.839999999999996,12.56000000000001,4.359999999999999,-1.2800000000000011,5.599999999999994,3.1599999999999966,12.32,-2.1599999999999966,3.539999999999999,8.600000000000009,2.3700000000000045,1,1.0
0.15000000000000002,1.5546772068511199,-28.659999999999997,254.91999999999985,16.67,-438.16,0.038459999999999994,1.0799999999999983,9,6.140000000000001,5.490000000000009,7.169999999999995,6.740000000000009,7.219999999999999,8.189999999999998,11.190000000000005,7.769999999999996,-2.700000000000003,2.9399999999999977,11.009999999999991,0.08999999999999986,6.030000000000001,5.369999999999997,1,1.0
-0.10999999999999999,-2.0840042941492216,-13.659999999999998,99.77999999999997,35.17,-635.47,0.15385000000000004,-0.9599999999999973,10,10.319999999999993,7.6399999999999935,6.030000000000001,11.140000000000008,13.11,5.980000000000004,-0.5799999999999983,1.9000000000000057,6.1499999999999915,11.46,7.170000000000002,4.3100000000000005,8.68,-1.3800000000000026,-1,0.0
0.32,2.3252551020408165,-37.0,209.1300000000001,-22.0,-63.120000000000005,-0.19230000000000003,-1.8500000000000014,14,13.329999999999998,13.619999999999997,12.340000000000003,16.08,14.490000000000002,17.42,6.319999999999993,4.460000000000008,-4.900000000000006,11.559999999999995,4.1499999999999915,4.9300000000000015,13.129999999999995,3.8599999999999994,1,1.0
0.15000000000000002,0.43996710526315796,-65.33,429.03999999999996,32.25,-525.2900000000001,0.92308,0.8000000000000007,5,11.120000000000005,11.32,9.719999999999999,12.199999999999996,12.519999999999996,15.32,3.719999999999999,4.3999999999999915,1.8399999999999892,12.159999999999997,6.040000000000006,2.1400000000000006,11.580000000000005,6.219999999999999,1,1.0
0.06,2.333333333333333,-55.67,289.64999999999986,8.58,-647.77,0.26922999999999997,0.389999999999997,9,12.72999999999999,11.21,11.080000000000005,16.410000000000004,15.200000000000003,9.5,9.769999999999996,6.900000000000006,1.2900000000000063,14.010000000000005,5.019999999999996,2.650000000000002,11.459999999999994,4.480000000000004,-1,0.0
0.14,-0.14039955604883492,-36.33,277.0999999999999,2.34,-201.56000000000006,0.26923,-0.5399999999999991,7,12.509999999999991,13.430000000000007,12.340000000000003,14.550000000000004,15.280000000000001,5.899999999999999,2.1999999999999886,-0.5400000000000063,7.589999999999989,10.88000000000001,5.459999999999994,-0.1999999999999993,14.580000000000005,7.520000000000003,1,1.0
-0.029999999999999916,-0.1647572285870158,-21.33,177.45000000000005,0.9199999999999999,-176.22000000000003,-0.14307999999999998,-2.3800000000000026,14,9.379999999999995,14.320000000000007,10.309999999999995,12.670000000000002,10.309999999999988,13.43,2.519999999999996,10.229999999999997,1.190000000000012,10.059999999999995,1.3800000000000097,-3.6400000000000006,16.779999999999994,11.870000000000005,1,1.0
-0.15000000000000002,0.4960545193687236,7.67,-60.2800000000002,-9.750000000000002,156.05000000000007,0.11539,-0.6500000000000021,-4,-6.299999999999997,-10.299999999999997,-8.939999999999998,-11.399999999999999,-7.640000000000001,-13.280000000000001,-3.1099999999999994,-5.0800000000000125,-3.069999999999993,-10.830000000000005,-1.8700000000000045,1.8999999999999986,-10.069999999999993,-4.650000000000006,-1,0.0
0.13,0.18599033816425115,-7.0,21.920000000000073,-65.67,457.2499999999999,-0.11538,1.5,-1,-1.5100000000000051,2.980000000000004,3.1899999999999977,2.6300000000000026,0.6200000000000045,3.8200000000000003,0.13000000000000966,4.660000000000004,-0.28000000000000114,1.7800000000000011,1.3000000000000114,-4.529999999999999,2.539999999999999,4.269999999999996,-1,0.5
0.16999999999999993,0.6992409867172678,-1.67,68.82999999999993,-9.67,200.5,-0.17391,-1.7399999999999984,3,4.079999999999998,3.260000000000005,2.6499999999999986,3.8299999999999983,4.609999999999999,0.480000000000004,5.700000000000003,-0.21999999999999886,-0.47999999999998977,3.3900000000000006,4.309999999999988,0.019999999999999574,5.060000000000002,3.259999999999998,1,1.0
0.09999999999999998,0.43686868686868685,-9.0,175.0,-26.340000000000003,440.33,0.34783,1.4800000000000004,-2,3.0400000000000063,3.0,1.5200000000000102,5.480000000000004,4.739999999999995,3.6899999999999977,-1.8700000000000045,-4.789999999999992,5.609999999999999,6.650000000000006,-1.519999999999996,-0.16999999999999815,2.5,-7.359999999999999,1,1.0
-0.14,-1.282085561497326,3.25,-90.5,3.25,-29.84,0.30435,1.7399999999999984,-6,-1.1299999999999955,-0.8299999999999983,-3.0899999999999963,-1.6099999999999994,-0.04000000000000625,-0.740000000000002,-5.13000000000001,-4.260000000000005,4.089999999999989,-2.519999999999996,-4.309999999999988,-0.389999999999997,-3.1899999999999977,-3.9200000000000017,1,1.0
-0.07000000000000006,-1.0197132616487452,10.58,-196.67000000000007,19.92,-269.66999999999996,-0.21738999999999997,-1.4800000000000004,-1,-0.09000000000000341,-0.5699999999999932,-1.960000000000008,-3.260000000000005,-0.1700000000000017,-3.9499999999999957,2.4399999999999977,0.30999999999998806,-2.0,-5.780000000000001,1.519999999999996,-0.1999999999999993,-0.6299999999999955,6.699999999999996,1,0.5
-0.24000000000000005,-1.355194805194805,21.58,-334.33000000000004,9.24,-65.33,-0.21739,2.080000000000002,-10,-3.4799999999999898,-3.6500000000000057,-5.699999999999996,-1.5600000000000023,-0.6099999999999994,-5.520000000000003,-10.650000000000006,-4.739999999999995,4.0,-0.519999999999996,-9.08999999999999,-0.9499999999999993,-2.759999999999998,-6.530000000000001,-1,0.0
-0.06,-0.21671826625387003,29.67,-353.16999999999996,25.33,-281.16999999999996,-0.30435,1.0800000000000018,-5,-1.6500000000000057,-2.6899999999999977,-1.6499999999999986,-2.6099999999999994,-1.0499999999999972,-0.7000000000000028,-0.03999999999999204,0.04000000000000625,-2.259999999999991,-0.7900000000000063,-1.9500000000000028,0.629999999999999,1.9300000000000068,2.039999999999999,-1,0.0
-0.24999999999999994,-0.7759216589861753,1.92,-41.32999999999993,13.92,-306.0,0.34782,2.0,-5,-5.819999999999993,-7.13000000000001,-4.0,-5.959999999999994,-6.309999999999988,-3.3900000000000006,-1.6500000000000057,-2.309999999999988,-2.430000000000007,-6.910000000000004,-0.9599999999999937,0.7199999999999989,-7.039999999999999,-4.049999999999997,-1,0.0
-0.06000000000000005,1.322222222222222,1.25,39.75,18.92,-187.25,-0.30434999999999995,1.0399999999999991,2,-0.12999999999999545,3.569999999999993,3.780000000000001,-5.310000000000002,2.0400000000000063,0.05000000000000426,4.659999999999997,5.1299999999999955,-6.52000000000001,-3.1300000000000097,2.8200000000000074,-2.830000000000002,0.480000000000004,5.859999999999999,-1,0.0
-0.14000000000000007,-0.5513227513227514,19.08,-279.33000000000004,14.74,-205.32999999999998,-0.95652,0.9100000000000001,-4,-1.039999999999992,-2.6500000000000057,-1.5300000000000011,0.47999999999998977,-0.6500000000000057,-4.43,-4.569999999999993,-0.6099999999999994,-1.8299999999999983,2.8700000000000045,-4.439999999999998,-0.8000000000000007,-2.3300000000000054,-7.270000000000003,1,1.0
-0.2,-1.3672248803827751,-6.25,122.5,-16.59,305.5,0.21739,2.2600000000000016,-10,-2.309999999999988,-3.700000000000003,-5.779999999999994,-4.259999999999991,-1.9599999999999937,-3.440000000000005,-4.13000000000001,-5.1299999999999955,1.0899999999999892,-1.8299999999999983,-3.9099999999999966,-0.759999999999998,-4.969999999999999,-5.5,-1,0.0
0.20999999999999996,2.8235294117647056,-14.329999999999998,336.08000000000004,-2.66,120.41,-0.6956500000000001,-0.5600000000000023,7,4.219999999999999,6.609999999999999,7.13000000000001,-3.0,7.0,4.960000000000001,3.739999999999995,7.340000000000003,4.739999999999995,5.170000000000002,4.0,-2.150000000000002,3.799999999999997,9.89,1,1.0
0.21999999999999997,1.0532879818594099,-48.58,666.0,-48.58,624.0,-0.08695000000000008,-0.9499999999999993,7,8.219999999999999,7.039999999999999,6.390000000000008,10.829999999999998,6.780000000000001,8.519999999999996,0.6500000000000057,0.3400000000000034,11.740000000000002,13.960000000000008,3.739999999999995,2.150000000000002,6.689999999999998,-1.8200000000000003,1,1.0
0.13999999999999996,2.365211810012837,-33.67,467.91999999999996,-21.0,-140.08000000000004,0.65218,-0.4800000000000004,9,6.910000000000011,7.780000000000001,3.8700000000000045,4.390000000000001,8.13000000000001,6.219999999999999,3.9599999999999937,1.0400000000000063,-2.8700000000000045,-2.3900000000000006,3.950000000000003,-0.9600000000000009,3.069999999999993,0.13000000000000256,-1,0.0
0.020000000000000018,-0.5967320261437907,-16.33,232.16999999999996,-8.99,97.5,0.39131,0.7399999999999984,4,1.2199999999999989,1.2999999999999972,1.6899999999999977,2.299999999999997,1.309999999999988,2.1799999999999997,-0.3100000000000023,0.0,0.9599999999999937,-2.2099999999999937,-0.6099999999999994,-0.019999999999999574,-0.6300000000000026,4.189999999999998,1,0.0
0.23999999999999994,-0.21252371916508528,11.58,-367.4200000000001,0.5800000000000001,-142.42,-0.30434000000000005,-3.4299999999999997,1,0.8199999999999932,-1.4399999999999977,-0.7400000000000091,-0.39000000000000057,1.0899999999999892,-4.1299999999999955,-0.5600000000000023,-1.6099999999999994,2.690000000000012,-0.12999999999999545,0.6999999999999886,0.3200000000000003,0.15000000000000568,6.82,1,1.0
-0.2,-1.583074534161491,9.75,-191.5,11.09,-227.5,0.21738999999999997,-0.33999999999999986,-1,-4.819999999999993,-7.090000000000003,-7.8700000000000045,-6.040000000000006,-6.390000000000001,-8.04,-1.8700000000000045,-4.529999999999987,4.480000000000004,-5.690000000000005,0.0799999999999983,0.28000000000000114,-6.960000000000001,-2.1700000000000017,1,1.0
0.020000000000000018,0.2602040816326534,32.33,-372.33000000000004,67.66,-641.0,0.6086900000000001,0.259999999999998,1,-3.480000000000004,-0.5200000000000031,0.9600000000000009,-6.260000000000005,-1.0800000000000125,-0.4399999999999977,-1.3100000000000023,-0.2599999999999909,-8.43999999999999,-1.1799999999999997,-2.8699999999999903,-2.5600000000000023,-1.259999999999998,0.3299999999999983,-1,0.0
0.14999999999999997,1.2616099071207432,31.17,-509.83000000000004,-5.83,-141.50000000000003,-0.43478,-1.2600000000000016,1,-0.9100000000000108,4.049999999999997,6.130000000000003,-1.5200000000000031,0.6099999999999994,2.260000000000005,5.180000000000007,1.8699999999999903,3.6500000000000057,-0.3499999999999943,5.909999999999997,-3.41,0.240000000000002,-1.4100000000000037,-1,0.0
-0.09999999999999998,-0.43686868686868685,9.0,-175.0,26.340000000000003,-440.33,-0.34783,-1.4800000000000004,2,-3.0400000000000063,-3.0,-1.5200000000000102,-5.480000000000004,-4.739999999999995,-3.6899999999999977,1.8700000000000045,4.789999999999992,-5.609999999999999,-6.650000000000006,1.519999999999996,0.16999999999999815,-2.5,7.359999999999999,-1,0.0
-0.26,-0.9024842417500927,25.0,-179.33999999999992,28.33,-208.67,0.0,2.349999999999998,0,-0.45000000000000284,0.6899999999999977,-3.1700000000000017,2.6099999999999994,3.059999999999995,-5.769999999999996,-4.100000000000001,2.989999999999995,5.689999999999998,0.7800000000000011,-3.539999999999992,-3.879999999999999,-0.1600000000000037,3.0999999999999943,-1,0.0
-0.010000000000000009,-0.10086663456909095,49.17,-739.92,13.84,-105.92,-0.34782,0.6900000000000013,-4,-11.789999999999992,-9.219999999999992,-6.789999999999999,-12.57,-14.349999999999994,-7.560000000000002,-0.21999999999999886,-1.2999999999999972,-6.739999999999995,-12.04,-4.139999999999986,-6.410000000000002,-10.149999999999999,-0.7999999999999972,1,1.0
0.07,0.29075630252100826,-15.0,213.0,-14.0,198.0,0.95652,1.0,3,2.1700000000000017,3.6099999999999994,3.8699999999999974,4.730000000000004,0.39000000000000057,4.300000000000004,9.700000000000003,-2.260000000000005,-9.650000000000006,-1.1300000000000097,6.390000000000001,0.10000000000000142,1.9400000000000048,-4.859999999999999,-1,0.0
-0.24999999999999994,-3.2470588235294113,45.33,-693.08,19.0,-343.08,-0.08695999999999998,-1.8299999999999983,-6,-7.260000000000005,-6.519999999999996,-7.13000000000001,-2.299999999999997,-9.219999999999999,-3.8200000000000003,-8.739999999999995,-4.939999999999998,3.1700000000000017,-1.8100000000000023,-6.63000000000001,-0.7399999999999984,-5.170000000000002,-5.130000000000003,-1,0.0
0.24,1.4907271121577867,23.67,-239.66000000000008,31.340000000000003,-312.99,0.43478,0.7399999999999984,0,1.3900000000000006,2.3100000000000023,0.12999999999999545,6.219999999999999,3.170000000000009,-0.6600000000000037,1.0900000000000034,6.350000000000001,11.090000000000003,4.439999999999998,1.7000000000000028,-2.6999999999999993,1.8399999999999963,2.039999999999999,-1,0.0
-0.08000000000000002,-0.6046950890447923,9.0,-142.83000000000004,-74.34,500.51,-0.52174,0.6500000000000021,-5,-9.39,-9.079999999999998,-10.0,-7.689999999999998,-10.219999999999992,-9.780000000000001,-4.649999999999999,-5.0,-2.089999999999989,-3.9200000000000017,-4.950000000000003,-2.780000000000001,-6.0,-1.3900000000000006,-1,0.0
-0.020000000000000018,-0.9215686274509804,51.92,-854.08,12.58,-332.41,-0.43478000000000006,-3.4800000000000004,-6,-9.980000000000004,-7.280000000000001,-5.310000000000009,-10.829999999999998,-9.960000000000008,-10.54,0.18999999999999773,-0.45999999999999375,-0.25,-6.339999999999996,1.0999999999999943,-4.850000000000001,-9.719999999999999,2.220000000000006,-1,0.0
-0.10000000000000003,-1.0738738738738738,22.0,-147.33999999999992,-40.34,174.0,0.0,-0.17999999999999972,-1,-1.8299999999999983,-3.7800000000000082,-5.350000000000001,-2.8200000000000003,0.6999999999999886,-5.479999999999997,1.4799999999999898,0.7800000000000011,3.0,-3.479999999999997,-1.1299999999999955,0.28000000000000114,-4.759999999999998,1.2100000000000009,1,1.0
-0.020000000000000018,0.14003759398496252,-29.42,380.66999999999996,-21.08,175.66999999999996,0.47826,-0.8200000000000003,3,-0.0899999999999892,-1.1800000000000068,0.29999999999999716,0.480000000000004,-0.6499999999999915,-2.2099999999999937,4.089999999999989,-2.569999999999993,-0.6500000000000057,-2.729999999999997,5.299999999999997,0.10999999999999943,-3.9100000000000037,-2.8299999999999983,1,1.0
0.4,2.08822091886608,-48.58,548.67,-11.91,72.67,0.21739,-2.7399999999999984,11,10.799999999999997,6.700000000000003,10.739999999999995,9.429999999999993,8.590000000000003,11.25,10.440000000000005,8.579999999999998,-3.299999999999997,4.659999999999997,9.539999999999992,9.769999999999998,8.219999999999999,7.020000000000003,1,1.0
0.06,0.4906015037593987,13.5,-241.16999999999996,-28.83,151.82999999999998,-0.3913,-0.08999999999999986,0,0.6099999999999994,0.18000000000000682,-0.05000000000000426,5.170000000000002,1.0,-0.9499999999999957,2.9200000000000017,0.2599999999999909,1.2199999999999989,-4.300000000000004,1.519999999999996,1.0,2.039999999999999,-0.36999999999999744,-1,0.0
0.24,1.6226053639846743,-32.58,544.33,-9.920000000000002,304.33000000000004,0.56522,1.0899999999999999,9,13.39,10.39,9.090000000000003,17.519999999999996,16.389999999999993,9.170000000000002,4.469999999999999,6.780000000000001,8.0,12.090000000000003,4.480000000000004,5.720000000000001,10.559999999999995,2.759999999999998,1,1.0
0.040000000000000036,0.27191650853889904,33.34,-374.3399999999999,16.009999999999998,-220.34,-0.65217,-1.3900000000000006,-4,-6.609999999999999,-6.219999999999992,-3.8699999999999974,-11.169999999999995,-6.689999999999998,-2.1700000000000017,-2.960000000000008,0.39000000000000057,3.219999999999999,-7.609999999999992,-3.6099999999999994,-5.040000000000001,-5.130000000000003,5.630000000000003,-1,0.0
0.12000000000000005,0.6635394456289982,-30.83,578.58,-11.83,83.58,0.65217,-1.0800000000000018,3,7.349999999999994,6.609999999999999,6.789999999999999,6.13000000000001,8.049999999999997,9.690000000000005,6.959999999999994,-0.5700000000000074,0.30999999999998806,3.299999999999997,6.9199999999999875,1.4700000000000024,6.960000000000001,1.5700000000000003,1,1.0
0.36999999999999994,3.6374999999999997,-22.0,462.75,21.0,-12.579999999999984,-0.30434999999999995,-1.129999999999999,11,9.260000000000005,13.149999999999991,14.300000000000004,7.829999999999998,12.060000000000002,12.410000000000004,8.670000000000002,7.909999999999997,-1.210000000000008,8.179999999999993,7.040000000000006,-1.1400000000000006,9.230000000000004,1.740000000000002,1,1.0
-0.010000000000000009,0.5948911674761649,29.67,-275.0,76.67,-490.0,0.21739,-2.4400000000000013,1,2.6700000000000017,6.5,8.079999999999998,1.0799999999999983,3.779999999999994,3.8500000000000014,11.100000000000001,5.930000000000007,-1.3300000000000125,1.1000000000000014,9.659999999999997,-2.370000000000001,1.1899999999999977,0.05000000000000426,1,1.0
-0.11000000000000004,-0.6840958605664489,35.08,-423.33000000000004,17.08,-230.0,-0.78261,-0.4800000000000004,0,-1.9099999999999966,1.0499999999999972,2.3399999999999963,-0.09000000000000341,-2.480000000000004,1.0100000000000051,0.13000000000000966,-0.46999999999999886,-3.5700000000000074,5.099999999999994,-0.6800000000000068,-3.59,-1.7600000000000051,-7.3700000000000045,-1,0.0
0.32999999999999996,1.1441404654961214,-14.999999999999998,238.9999999999999,7.67,9.0,0.34783,-1.3900000000000006,8,12.039999999999992,12.040000000000006,7.599999999999994,14.739999999999995,15.479999999999997,6.520000000000003,6.700000000000003,11.089999999999996,13.260000000000005,10.96,6.829999999999998,-2.549999999999997,12.100000000000001,12.099999999999994,1,1.0
-0.07,0.911764705882353,-13.25,436.25,-10.25,342.92,0.13043000000000005,1.6900000000000013,2,3.260000000000005,4.700000000000003,3.3900000000000077,4.219999999999999,3.5200000000000102,4.609999999999999,6.260000000000005,1.3900000000000006,-3.1700000000000017,3.519999999999996,3.6099999999999994,-0.3000000000000007,4.909999999999997,-3.5600000000000023,-1,0.5
0.12,0.489459815546772,-60.83,714.5,-0.4999999999999999,76.16,0.47826,1.259999999999998,4,6.689999999999998,2.8200000000000074,3.5600000000000023,7.170000000000002,9.470000000000013,5.700000000000003,3.4399999999999977,6.349999999999994,-2.5600000000000023,2.7800000000000082,2.8299999999999983,3.7399999999999984,3.6300000000000097,5.960000000000001,1,1.0
-0.020000000000000018,0.022683397683397777,-50.75,528.67,47.59,-315.67,0.69565,-0.6900000000000013,3,6.439999999999998,2.8200000000000003,3.8699999999999974,5.43,5.690000000000012,4.530000000000001,1.0,-1.4399999999999977,0.21999999999999886,2.049999999999997,3.299999999999997,3.6099999999999994,3.740000000000002,0.8800000000000026,1,1.0
-0.010000000000000009,0.11621233859397417,23.0,-377.91999999999996,-26.67,606.75,-0.52174,-1.1699999999999982,-9,-12.700000000000003,-10.090000000000003,-6.130000000000003,-11.82,-13.600000000000009,-12.129999999999995,-4.700000000000003,-7.219999999999999,-3.1799999999999926,-0.5599999999999952,-3.5600000000000023,-1.9100000000000001,-10.149999999999999,-10.89,-1,0.0
-0.08000000000000002,-0.7508055853920521,-45.83,613.5,-38.83,489.17,-0.21739000000000003,-0.16999999999999815,-1,2.8700000000000045,0.3399999999999963,-0.9099999999999966,1.0900000000000034,0.0800000000000125,1.3899999999999935,-1.6099999999999994,0.0,7.219999999999992,5.480000000000004,1.3499999999999943,1.5600000000000023,-0.7800000000000011,0.03999999999999915,-1,0.0
-0.08999999999999997,-0.7710084033613445,-17.67,268.6600000000001,-23.0,293.33000000000004,0.04348,1.1700000000000017,-1,1.5200000000000102,-3.8699999999999903,-6.180000000000007,6.690000000000005,0.39000000000000057,-3.210000000000001,-2.260000000000005,-1.6099999999999994,-2.430000000000007,-3.95000000000001,-4.390000000000001,4.41,1.7999999999999972,1.0400000000000063,-1,0.0
-0.10000000000000003,-1.1912280701754385,0.6700000000000017,0.6600000000000819,28.33,-317.34,0.21739,-0.05000000000000071,-1,4.699999999999989,0.21999999999999886,-1.7800000000000011,2.1299999999999955,7.039999999999992,1.259999999999998,-1.6099999999999994,1.9099999999999966,3.8700000000000045,1.2999999999999972,-3.1299999999999955,3.780000000000001,2.8900000000000077,4.920000000000002,1,1.0
-0.11000000000000004,-0.5626728110599073,-18.340000000000003,161.33999999999992,-2.01,22.340000000000003,-0.30435,0.39000000000000057,1,4.439999999999998,2.6099999999999923,0.0,6.439999999999991,6.299999999999997,-2.1300000000000026,-6.739999999999995,1.8700000000000045,6.430000000000007,8.740000000000002,-2.780000000000001,4.9399999999999995,3.1899999999999977,-0.7700000000000031,1,1.0
0.5,2.5250896057347667,-57.58,723.67,-38.25,513.0,0.56522,-1.259999999999998,9,13.840000000000003,9.700000000000003,12.260000000000005,14.909999999999997,13.329999999999998,14.939999999999998,8.57,3.7900000000000063,2.3100000000000023,11.310000000000002,8.019999999999996,9.6,10.719999999999999,-0.3399999999999963,1,1.0
-0.14,-1.1857366771159874,23.58,-369.33000000000004,-16.42,136.0,-0.21739,0.39000000000000057,-11,-10.349999999999994,-7.390000000000001,-7.569999999999993,-12.039999999999992,-11.649999999999999,-5.480000000000004,-6.340000000000003,-11.569999999999993,-2.3900000000000006,-5.439999999999998,-6.0,-5.889999999999999,-8.059999999999995,-10.119999999999997,-1,0.0
-0.12,-0.3904411764705883,-23.33,230.33000000000004,-40.0,355.65999999999997,0.39130999999999994,2.9599999999999973,-5,-2.0,-6.6299999999999955,-7.169999999999995,-5.530000000000001,-2.8400000000000034,-8.590000000000003,0.06999999999999318,-2.969999999999999,-1.9599999999999937,-6.36999999999999,-0.4099999999999966,1.879999999999999,-4.060000000000002,3.3900000000000006,-1,0.0
0.050000000000000044,0.37278314310799,-15.829999999999998,365.58000000000004,2.17,-114.42,-0.30435,-2.080000000000002,0,5.179999999999993,3.0,2.9200000000000017,1.4000000000000057,7.659999999999997,5.390000000000001,-2.740000000000009,1.6899999999999977,9.959999999999994,4.430000000000007,0.5299999999999869,1.370000000000001,5.019999999999996,6.43,-1,0.0
0.08999999999999997,-0.3465866466616654,-38.67,478.65999999999997,-23.67,321.99,-0.08695000000000003,-2.129999999999999,8,10.649999999999991,9.730000000000004,7.469999999999999,8.519999999999996,12.309999999999988,7.180000000000007,5.609999999999999,4.739999999999995,2.1700000000000017,6.520000000000003,5.1299999999999955,0.15000000000000213,10.260000000000005,10.059999999999995,1,1.0
-0.14,-1.0416315049226443,-3.0,62.0,-26.33,289.0,-0.13043,0.39000000000000057,-1,-6.739999999999995,-7.480000000000004,-3.259999999999998,-8.61,-9.56000000000001,-3.8599999999999994,-1.3100000000000023,-11.309999999999995,-12.780000000000001,-9.779999999999994,-3.1300000000000097,2.549999999999997,-7.670000000000002,-4.649999999999999,-1,0.0
0.09000000000000002,0.009803921568627416,-38.67,417.83000000000004,-2.33,-10.51,0.30435,1.7899999999999991,4,6.719999999999999,2.5799999999999983,1.9200000000000017,6.609999999999999,6.439999999999998,5.93,-6.450000000000003,-0.9300000000000068,3.4200000000000017,2.8200000000000003,-4.709999999999994,5.150000000000002,4.810000000000002,1.3399999999999963,1,1.0
0.12000000000000005,1.051190476190476,28.75,-381.33000000000004,-7.25,141.67000000000002,-0.69565,0.870000000000001,-2,-4.609999999999999,0.960000000000008,1.480000000000004,-2.6099999999999994,-6.390000000000001,0.9499999999999957,-2.4799999999999898,0.6599999999999966,-3.219999999999999,1.4299999999999997,-2.1700000000000017,-3.8900000000000006,1.019999999999996,-2.0900000000000034,-1,0.0
-0.06999999999999995,-1.24777183600713,32.33,-232.33000000000004,16.0,-139.66000000000003,-0.34783,-0.08999999999999986,0,3.8299999999999983,5.3999999999999915,6.869999999999997,6.780000000000008,1.7399999999999949,6.039999999999999,3.260000000000005,1.789999999999992,3.4799999999999898,3.1299999999999955,2.0,-1.0399999999999991,6.499999999999993,4.140000000000001,-1,0.0
0.0,-0.11735419630156474,-21.33,148.0,68.67,-491.34,0.21739,0.129999999999999,0,6.529999999999987,4.000000000000007,3.5700000000000003,4.949999999999996,6.340000000000003,6.739999999999995,-3.089999999999989,1.1299999999999955,0.8700000000000045,4.779999999999994,-2.0,3.5,7.650000000000006,3.710000000000001,1,1.0
0.18,-0.5249169435215952,-3.66,193.32999999999993,-1.6600000000000001,176.32999999999998,0.17391,-2.6099999999999994,-2,0.0,-0.7800000000000011,-2.8299999999999983,-2.480000000000004,1.1299999999999955,0.8299999999999983,-0.4300000000000068,-0.9200000000000017,-3.8699999999999974,0.0899999999999963,-4.609999999999999,0.7199999999999989,-2.960000000000008,-3.6299999999999955,1,0.3333333333333333
0.039999999999999925,1.441257584114727,2.67,-159.32999999999993,3.34,-286.99,-0.21739000000000003,1.9600000000000009,-1,1.0899999999999892,0.21999999999999886,0.4299999999999926,3.479999999999997,0.6099999999999994,-0.6099999999999994,0.12999999999999545,-0.9599999999999937,-0.2600000000000051,2.4299999999999997,1.960000000000008,0.41000000000000014,1.519999999999996,3.3500000000000014,-1,0.0
0.12000000000000005,-0.7065637065637072,0.0,88.32999999999993,1.67,47.329999999999984,-0.04347999999999996,-2.3999999999999986,-6,-2.780000000000001,-1.3900000000000006,-0.9099999999999966,-4.57,-2.480000000000004,-0.519999999999996,0.6099999999999994,-0.7400000000000091,-0.21999999999999886,-4.170000000000002,0.3400000000000034,-0.6500000000000021,-0.7600000000000051,-1.4299999999999997,-1,0.0
-0.020000000000000018,1.2596108210726151,6.33,-264.3299999999999,6.67,-415.99,-0.43478,2.1700000000000017,-5,-1.690000000000012,-0.39000000000000057,2.3499999999999943,1.3900000000000006,-3.0,-1.9599999999999937,1.1700000000000017,-0.7800000000000011,3.3899999999999935,-1.8299999999999983,6.910000000000011,-0.9600000000000009,3.719999999999999,5.549999999999997,-1,0.0
-0.19,0.2030075187969933,-20.340000000000003,298.0,34.989999999999995,-460.66999999999996,0.47825999999999996,2.919999999999998,0,2.8400000000000034,1.7800000000000011,1.1299999999999955,2.1700000000000017,4.340000000000003,-0.9500000000000028,-1.0699999999999932,-1.289999999999992,6.079999999999998,0.8100000000000023,0.8599999999999994,2.3900000000000006,-1.0799999999999983,-2.200000000000003,1,1.0
0.12000000000000005,0.6489557739557741,-45.67,634.66,6.33,-102.01,0.39130000000000004,-1.0500000000000007,1,10.920000000000002,13.319999999999993,11.700000000000003,11.030000000000001,14.5,13.89,5.6000000000000085,9.349999999999994,1.8599999999999994,6.300000000000004,3.8599999999999994,-2.580000000000002,6.1299999999999955,9.119999999999997,1,0.0
0.010000000000000009,0.24162396531336228,14.659999999999998,-418.3299999999999,9.33,-229.66,-0.52174,0.6099999999999994,-3,-0.2600000000000051,-0.7399999999999949,-0.03999999999999915,0.7000000000000028,-2.950000000000003,-0.3100000000000023,4.650000000000006,-1.5600000000000023,1.1699999999999946,-6.089999999999996,3.5200000000000102,0.03999999999999915,3.910000000000011,8.089999999999996,-1,0.0
0.04999999999999993,1.431122448979592,-10.670000000000002,144.66999999999996,19.67,-520.66,0.26087,0.9600000000000009,-2,3.9199999999999875,5.390000000000001,2.479999999999997,6.43,3.8699999999999903,6.350000000000001,-0.8299999999999983,-0.2600000000000051,-0.4300000000000068,7.170000000000002,5.650000000000006,-0.20000000000000284,2.8499999999999943,2.9499999999999957,1,0.5
-0.14999999999999997,0.7445054945054952,-10.999999999999998,227.66999999999996,16.66,-295.33,-0.13043000000000005,2.7399999999999984,6,6.219999999999999,5.560000000000002,6.310000000000002,8.480000000000004,6.650000000000006,3.1700000000000017,-0.6999999999999886,0.3100000000000023,4.18,8.690000000000005,3.9599999999999937,0.1700000000000017,3.3500000000000085,-2.8200000000000003,1,1.0
0.040000000000000036,0.9089615931721193,1.0,26.66999999999996,-41.0,407.0,-0.3913,-1.9600000000000009,7,5.240000000000009,7.089999999999996,5.350000000000001,7.439999999999998,4.829999999999998,6.689999999999998,-0.5400000000000063,6.3799999999999955,-1.3800000000000026,4.280000000000001,5.140000000000001,-1.9800000000000004,4.710000000000001,3.460000000000001,1,1.0
0.13,0.30665411173885837,-28.340000000000003,296.66999999999996,-9.340000000000002,14.0,-0.08695999999999998,0.8299999999999983,0,12.820000000000007,8.920000000000002,4.690000000000005,13.100000000000001,12.61999999999999,11.659999999999997,3.8100000000000023,-0.8700000000000045,3.9499999999999957,5.040000000000006,7.480000000000004,7.909999999999998,10.180000000000007,11.059999999999995,1,1.0
-0.040000000000000036,-0.13716184148077826,-31.33,628.9999999999999,33.33,-144.34,0.52174,-0.3500000000000014,5,10.52000000000001,9.559999999999995,5.910000000000004,6.299999999999997,13.219999999999999,10.79,2.3100000000000023,5.040000000000006,-0.3500000000000014,9.869999999999997,-0.4300000000000068,-0.9100000000000001,1.6999999999999957,5.340000000000003,1,1.0
0.13000000000000006,-0.020192606399503044,-14.340000000000002,374.9999999999999,1.99,-41.34,0.0,-0.740000000000002,-1,3.5700000000000074,3.4799999999999898,2.960000000000001,0.4299999999999997,6.079999999999998,5.960000000000001,-3.4799999999999898,4.86999999999999,-3.299999999999997,0.7800000000000011,-2.700000000000003,-0.5400000000000027,-0.5,2.1099999999999994,1,1.0
-0.06,-0.05681818181818188,40.67,-416.0,-0.33000000000000007,-41.0,-0.26087,-1.0399999999999991,-2,-5.789999999999992,-8.709999999999994,-8.0,-13.079999999999998,-7.939999999999998,-9.060000000000002,-4.77000000000001,-9.61,0.5300000000000011,-7.730000000000004,1.4399999999999977,5.780000000000001,-4.1299999999999955,-8.950000000000003,1,0.0
0.10999999999999999,1.7786499215070646,-5.67,104.0,27.0,-621.3299999999999,-0.08695999999999998,0.3500000000000014,-1,5.319999999999993,0.21999999999999886,-0.5500000000000114,1.1999999999999957,5.969999999999999,2.1400000000000006,-1.230000000000004,4.709999999999994,-7.030000000000001,-0.490000000000002,-1.8999999999999915,3.0799999999999983,1.4399999999999977,8.519999999999996,1,0.3333333333333333
0.050000000000000044,0.3035714285714286,14.340000000000002,-255.34000000000003,3.6700000000000017,-181.34,-0.6087,-1.1400000000000006,-3,-1.7399999999999949,-3.3500000000000085,1.9499999999999957,-0.6899999999999977,-1.6499999999999915,-5.609999999999992,-0.21000000000000796,0.5200000000000102,-1.0900000000000034,-1.0900000000000034,-3.1700000000000017,1.0,0.23999999999999488,-3.219999999999999,1,1.0
-0.030000000000000027,-0.5870521684475174,23.0,-517.9999999999999,7.67,-122.66,-0.26087,1.6500000000000021,-5,-8.080000000000013,-8.089999999999996,-3.6499999999999986,-7.1299999999999955,-10.299999999999997,-6.569999999999993,2.0400000000000063,-4.170000000000002,-0.8299999999999983,-5.18,-1.3900000000000006,-1.129999999999999,-0.6699999999999946,2.3699999999999974,-1,0.5
0.12999999999999995,0.3026669929043311,-24.0,396.6700000000001,-3.0,114.01,0.13043000000000005,2.830000000000002,3,6.059999999999988,-0.020000000000010232,-1.4899999999999949,-3.1600000000000037,5.579999999999998,-3.25,-1.940000000000012,3.9000000000000057,-8.290000000000006,3.8100000000000023,-2.940000000000012,6.93,-3.489999999999995,-2.240000000000002,1,1.0
-0.10999999999999999,-0.6937222574508559,11.329999999999998,-142.66999999999996,22.33,-238.0,0.17391,0.21999999999999886,-6,-6.980000000000004,-8.299999999999997,-6.310000000000002,-6.219999999999999,-6.700000000000003,-8.86,-1.289999999999992,-3.6400000000000006,2.8599999999999994,-3.710000000000001,0.7200000000000131,0.9800000000000004,-5.740000000000002,-6.57,-1,0.0
0.0,-2.102564102564102,-27.340000000000003,236.0,-32.0,248.32999999999998,-0.13043,-1.4400000000000013,3,4.920000000000002,4.43,4.170000000000002,4.969999999999999,6.990000000000002,4.0,3.969999999999999,2.6199999999999903,0.9599999999999937,3.729999999999997,4.149999999999999,2.389999999999999,2.0500000000000043,2.1300000000000026,1,1.0
0.06,-0.5899470899470913,39.34,-521.67,17.01,-67.33000000000001,-0.26087,-2.8299999999999983,-5,-13.080000000000013,-10.439999999999998,-7.560000000000002,-14.880000000000003,-14.439999999999998,-11.14,0.4099999999999966,-1.6099999999999994,-6.649999999999999,-11.040000000000006,-8.569999999999993,-7.15,-9.230000000000004,-6.599999999999994,-1,0.5
-0.11999999999999994,-0.8824786324786325,37.67,-340.33000000000004,17.33,-175.32999999999998,-0.30434000000000005,2.6499999999999986,-1,-6.720000000000013,-3.739999999999995,-1.0599999999999952,-0.30999999999999517,-7.789999999999992,-5.210000000000001,-2.289999999999992,-2.450000000000003,6.440000000000005,1.3100000000000023,-0.6599999999999966,-7.859999999999999,-1.3799999999999955,-2.25,-1,0.0
0.020000000000000018,-0.08571428571428563,0.0,-4.0,20.67,-499.67,-0.08696000000000004,-0.6600000000000001,-4,4.8700000000000045,4.299999999999997,5.909999999999997,5.790000000000006,4.3500000000000085,3.5200000000000102,-0.9500000000000028,1.3000000000000114,-4.480000000000004,3.3399999999999963,-1.2999999999999972,1.0599999999999987,4.329999999999998,3.259999999999998,-1,0.0
0.12,0.578125,7.0,-124.33000000000004,4.34,-80.33000000000001,0.3913,-0.21000000000000085,0,-3.9000000000000057,0.5500000000000114,0.5900000000000034,4.210000000000001,-4.0800000000000125,1.529999999999994,4.6000000000000085,-5.320000000000007,1.8799999999999955,-1.0399999999999991,4.349999999999994,-5.920000000000002,0.35999999999999943,2.7099999999999937,-1,0.0
0.019999999999999962,-0.6950146627565983,-5.67,97.66999999999996,2.66,-22.33,-0.17391,0.5199999999999996,-2,0.009999999999990905,-3.3400000000000034,-5.269999999999996,2.5799999999999983,0.9399999999999977,-1.9899999999999949,-4.009999999999991,1.519999999999996,-5.799999999999997,4.189999999999998,-5.6200000000000045,0.7899999999999991,-2.510000000000005,-2.239999999999995,1,1.0
-0.07999999999999996,-1.8120300751879697,31.33,-824.34,0.99,-108.0,-0.8695600000000001,-1.870000000000001,-15,-17.129999999999995,-15.259999999999998,-14.479999999999997,-15.089999999999996,-18.870000000000005,-12.219999999999999,-3.0900000000000034,-3.6500000000000057,-3.1299999999999955,-12.61,-6.650000000000006,-1.5,-7.3600000000000065,-4.530000000000001,-1,0.0
0.07000000000000006,0.33739233739233754,-8.34,263.3299999999999,23.659999999999997,-334.34000000000003,0.13043000000000005,-1.6099999999999994,0,4.230000000000004,0.0,-0.980000000000004,-2.280000000000001,5.359999999999999,2.75,-1.3599999999999994,5.6699999999999875,-6.769999999999996,-2.9200000000000017,-3.8599999999999994,2.669999999999998,-0.0799999999999983,5.169999999999995,1,1.0
0.16999999999999998,0.4749425287356319,-11.340000000000002,193.34000000000003,0.99,-90.0,-0.21739000000000003,0.17999999999999972,-2,-1.6499999999999915,-1.5200000000000102,-0.8700000000000045,0.0899999999999963,1.7800000000000011,0.8699999999999974,-2.3499999999999943,1.4799999999999898,-4.079999999999998,-0.4399999999999977,-6.090000000000003,-4.280000000000001,-3.1599999999999966,-1.8900000000000006,-1,0.0
-0.10999999999999999,-1.815556411243743,47.67,-510.33000000000004,28.33,31.66999999999996,0.26087,-1.8200000000000003,2,-5.689999999999998,-2.0799999999999983,-1.8599999999999923,-5.149999999999999,-5.429999999999993,-2.780000000000001,1.4500000000000028,1.2000000000000028,0.8100000000000023,-4.329999999999998,-2.1899999999999977,-6.599999999999998,-1.2399999999999949,-1.1899999999999977,-1,0.0
0.08999999999999997,0.26842105263157867,13.000000000000002,-132.66999999999996,-33.33,359.0,0.0,-1.5199999999999996,7,3.4200000000000017,3.259999999999991,2.9100000000000037,0.14000000000000057,3.1799999999999926,5.1200000000000045,1.7199999999999989,8.899999999999991,-3.469999999999999,1.1899999999999977,-0.9400000000000119,0.7400000000000002,0.9099999999999966,4.299999999999997,1,1.0
-0.14,-0.5089746742070322,4.0,-5.0,22.33,-98.0,0.04347999999999999,-0.4400000000000013,1,0.7000000000000028,0.259999999999998,1.3000000000000043,0.39000000000000057,1.0499999999999972,2.0500000000000043,2.5200000000000102,3.6099999999999994,0.29999999999999716,5.259999999999998,4.040000000000006,-3.039999999999999,0.0,4.600000000000001,-1,0.0
-0.14999999999999997,-1.197802197802197,-44.34,542.0,-1.3399999999999999,-109.33999999999999,0.39131,0.34999999999999787,7,14.430000000000007,11.869999999999997,9.350000000000001,11.04,16.520000000000003,11.479999999999997,6.560000000000002,3.6099999999999994,4.699999999999996,9.39,9.04999999999999,5.59,8.830000000000005,6.689999999999998,1,1.0
-0.08999999999999997,0.314814814814814,22.340000000000003,-215.66999999999996,47.67,-425.0,0.26087,-1.0399999999999991,-1,-3.5700000000000074,-3.0,-2.3800000000000026,-8.810000000000002,-4.909999999999997,-3.6600000000000037,3.0,-0.6199999999999903,-2.9099999999999966,-5.380000000000003,-3.6700000000000017,-3.9499999999999993,-2.450000000000003,-2.039999999999999,1,1.0
0.08000000000000002,0.26980519480519494,-46.67,582.0000000000001,7.0,-186.67000000000002,0.43478,0.4299999999999997,1,14.700000000000003,15.799999999999997,13.61,14.560000000000002,17.24000000000001,16.060000000000002,5.820000000000007,9.430000000000007,-1.3599999999999994,5.990000000000002,2.0400000000000063,-1.9100000000000001,8.89,16.0,-1,0.0
-0.040000000000000036,-0.46121251629726223,0.0,-2.669999999999959,-24.33,348.65999999999997,0.47826,-0.7399999999999984,-1,-5.959999999999994,-4.040000000000006,-3.440000000000005,-6.700000000000003,-4.829999999999998,-3.6899999999999977,-3.5200000000000102,2.1700000000000017,-1.4799999999999969,-2.690000000000005,-2.8700000000000045,-0.9299999999999997,-4.300000000000011,-1.6400000000000006,-1,0.0
0.020000000000000018,-0.3930555555555555,19.67,-172.66999999999996,14.33,-138.67,0.08695999999999998,0.9599999999999973,-1,-1.8599999999999994,2.3500000000000014,2.240000000000002,0.47000000000000597,1.1200000000000045,4.189999999999998,2.280000000000001,4.6299999999999955,3.740000000000009,0.8800000000000026,1.2999999999999972,-6.710000000000001,0.8999999999999986,9.419999999999995,-1,0.0
0.07,-0.092741935483871,2.6700000000000017,12.330000000000041,-7.67,68.33000000000001,-0.52174,-0.5700000000000003,-2,2.3100000000000023,-3.9000000000000057,-3.6199999999999974,-2.4200000000000017,4.240000000000009,-4.119999999999997,-2.219999999999999,0.5600000000000023,-3.239999999999995,-1.980000000000004,-4.010000000000005,4.600000000000001,-1.8400000000000034,-1.6699999999999946,1,1.0
-0.14,-1.0168067226890758,-4.0,72.34000000000015,-16.67,324.67,0.26087000000000005,1.9200000000000017,-9,-2.8299999999999983,-1.6499999999999915,-5.780000000000001,-6.8700000000000045,-0.960000000000008,-1.7800000000000011,-3.089999999999989,-2.480000000000004,1.3900000000000006,-8.04,2.519999999999996,-2.479999999999997,-3.069999999999993,0.730000000000004,1,1.0
-0.030000000000000027,0.10881934566145102,26.0,-469.9999999999999,-3.67,108.34,-0.21739000000000003,-0.03999999999999915,0,-10.040000000000006,-9.339999999999996,-10.18,-6.740000000000002,-11.170000000000002,-6.570000000000007,-1.480000000000004,-5.390000000000001,-1.1299999999999955,-4.219999999999999,-5.560000000000002,-0.4399999999999977,-3.759999999999998,-3.6400000000000006,-1,0.0
0.12,2.258241758241758,-13.67,617.6700000000001,19.0,-118.0,0.7826000000000001,0.22000000000000242,15,11.319999999999993,5.920000000000002,3.319999999999993,6.069999999999993,13.060000000000002,8.399999999999991,0.25,3.9299999999999926,-4.769999999999996,5.469999999999999,-2.769999999999996,3.7300000000000004,3.5200000000000102,6.059999999999995,-1,0.3333333333333333
-0.10999999999999999,-0.8694339622641509,47.34,-488.0000000000001,32.67,-206.66000000000003,0.26087,-0.7800000000000011,2,0.6199999999999903,3.1400000000000006,2.4000000000000057,-1.3299999999999983,-0.519999999999996,1.7000000000000028,0.45000000000000284,3.6300000000000097,1.3299999999999983,-0.6799999999999997,3.160000000000011,-2.4499999999999993,2.9399999999999977,6.160000000000004,-1,0.0
-0.030000000000000027,0.18474758324382368,-7.329999999999998,137.66999999999996,0.0,140.0,-0.13043000000000002,-0.6600000000000001,7,7.680000000000007,8.559999999999995,7.6100000000000065,6.609999999999999,7.75,10.910000000000004,3.8100000000000023,7.25,-2.5600000000000023,8.969999999999999,3.319999999999993,-4.02,5.740000000000002,11.170000000000002,1,1.0
0.030000000000000027,-0.16660312619138384,-4.0,189.65999999999985,3.66,-35.68000000000001,0.21738999999999997,-2.2600000000000016,2,2.3000000000000114,2.780000000000001,-0.4399999999999977,2.6099999999999994,3.5600000000000023,5.789999999999992,-3.519999999999996,-1.4399999999999977,-1.2199999999999918,1.0399999999999991,-5.0,0.1999999999999993,-0.5900000000000034,-1.7899999999999991,1,1.0
-0.12999999999999995,0.45098830173457016,5.0,-68.33000000000004,-8.33,44.33,-0.08695000000000003,-2.2200000000000024,0,-0.2799999999999869,5.330000000000005,5.579999999999991,7.68,1.1599999999999966,4.030000000000001,3.4200000000000017,1.7099999999999937,10.339999999999996,0.3299999999999983,9.330000000000013,-6.0,4.749999999999993,1.6600000000000037,-1,0.0
0.13999999999999996,0.48942307692307696,-18.0,167.66000000000008,-3.0,36.66,0.39130000000000004,-1.6900000000000013,0,4.860000000000014,6.089999999999996,3.299999999999997,0.7800000000000011,8.909999999999997,9.399999999999999,4.569999999999993,7.079999999999998,-2.6999999999999957,-0.4299999999999997,1.9599999999999937,1.1499999999999986,2.279999999999994,11.669999999999995,1,1.0
0.15999999999999998,1.3436911487758947,-37.67,343.0,7.0,-173.33,-0.17391999999999996,-1.9100000000000001,2,12.680000000000007,7.780000000000001,4.5,7.009999999999998,12.61999999999999,8.899999999999999,5.810000000000002,0.28000000000000114,-4.960000000000008,1.3800000000000026,3.530000000000001,8.79,5.680000000000007,3.8900000000000006,1,1.0
-0.14999999999999997,0.9047619047619053,-17.0,306.0,30.66,-357.66999999999996,0.52174,1.7899999999999991,4,9.510000000000005,7.439999999999998,5.18,6.07,9.530000000000001,7.479999999999997,2.5900000000000034,0.9900000000000091,3.740000000000002,5.660000000000004,4.8999999999999915,3.200000000000001,6.780000000000001,4.559999999999995,1,1.0
0.050000000000000044,0.6022727272727273,8.340000000000002,-85.33999999999992,-10.33,90.66000000000001,-0.34783,-1.0899999999999999,0,2.3000000000000114,-0.5600000000000023,1.6499999999999986,-5.0,3.3000000000000114,-2.1300000000000026,1.789999999999992,-0.9599999999999937,2.5600000000000023,-6.170000000000002,1.6099999999999994,3.8100000000000023,0.6700000000000017,0.5700000000000003,1,1.0
0.06,0.35551948051948057,-46.67,586.0000000000001,-13.670000000000002,313.0,0.52174,1.0899999999999999,5,9.829999999999998,11.5,7.700000000000003,8.769999999999996,12.89,12.539999999999992,6.77000000000001,8.129999999999995,3.1200000000000045,2.6500000000000057,3.3400000000000034,-2.969999999999999,4.560000000000002,12.740000000000002,-1,0.0
0.12,1.1025210084033614,4.0,-68.34000000000015,-4.0,175.0,-0.17391,-1.2600000000000016,13,-2.0400000000000063,-2.6500000000000057,-0.12999999999999545,1.0799999999999983,-3.3900000000000006,-1.740000000000009,4.039999999999992,1.1799999999999926,3.0900000000000034,4.700000000000003,-1.2199999999999989,1.4199999999999982,-1.2600000000000051,-3.990000000000002,-1,0.3333333333333333
-0.19,-0.485383064516129,-9.670000000000002,112.0,3.33,12.0,0.13044,0.7800000000000011,2,1.5900000000000034,3.3499999999999943,3.029999999999994,-1.7899999999999991,-0.1599999999999966,2.5900000000000034,-2.3800000000000097,4.760000000000005,1.3599999999999994,3.020000000000003,-0.3399999999999892,1.3200000000000003,1.480000000000004,-1.0399999999999991,1,1.0
-0.06,0.394491433528519,-36.0,294.6600000000001,-33.66,296.66,-0.04347999999999996,0.6000000000000014,0,1.0300000000000011,-1.6199999999999903,-1.5300000000000011,1.240000000000002,-1.2600000000000051,-2.5700000000000003,1.8999999999999915,-5.109999999999999,2.75,1.1199999999999974,2.9299999999999926,6.73,0.21999999999999886,-4.270000000000003,1,1.0
0.04999999999999993,1.9208494208494207,-5.33,354.34000000000015,-4.66,216.34,0.65217,1.8300000000000018,15,7.089999999999989,5.920000000000002,4.299999999999997,8.349999999999994,7.700000000000003,5.6499999999999915,1.6099999999999994,-1.7399999999999949,2.0,8.39,1.0900000000000034,1.0600000000000023,3.6000000000000085,0.8900000000000006,-1,0.0
-0.040000000000000036,-0.44621168305378855,-17.659999999999997,206.66999999999996,-19.99,226.0,0.08695999999999998,1.6499999999999986,0,5.810000000000002,9.339999999999996,11.160000000000004,9.020000000000003,5.810000000000002,3.8200000000000074,2.8400000000000034,-0.2799999999999869,7.8999999999999915,7.140000000000001,9.420000000000002,-2.2300000000000004,3.8399999999999963,-1.529999999999994,1,1.0
0.0,0.9461224489795921,-0.33000000000000007,22.329999999999927,4.34,-238.32999999999998,0.0,1.0399999999999991,0,6.309999999999988,5.219999999999999,4.259999999999998,3.8200000000000003,4.909999999999997,4.480000000000004,-1.0,2.430000000000007,0.519999999999996,3.6499999999999986,5.3500000000000085,4.149999999999999,4.179999999999993,7.350000000000001,1,1.0
-0.10999999999999999,-1.2381485628966042,0.6699999999999999,-138.0,0.3400000000000001,-128.0,0.04347999999999996,1.8299999999999983,-6,-3.269999999999996,-2.6000000000000085,-4.650000000000006,-8.649999999999991,-4.47999999999999,-4.300000000000004,-3.1799999999999926,-2.1700000000000017,-1.2600000000000051,-4.649999999999999,-4.090000000000003,1.0199999999999996,-3.280000000000001,-5.43,-1,0.0
-0.18,-0.8421052631578947,19.33,-439.6700000000001,9.33,-390.33000000000004,-0.34783,1.7399999999999984,0,-8.480000000000004,-4.260000000000005,-4.169999999999995,-5.8600000000000065,-11.569999999999993,-6.689999999999998,-4.0,-2.0,-5.390000000000001,-4.609999999999992,-7.089999999999989,-6.539999999999999,-1.8900000000000006,3.8900000000000006,-1,0.0
-0.12,-1.6153415453527447,0.33999999999999986,-162.0,-6.99,-116.34000000000003,-0.17391,-0.9499999999999993,-7,-3.480000000000004,-3.1299999999999955,-0.960000000000008,-11.47999999999999,-2.6899999999999977,-5.740000000000009,-1.9200000000000017,-7.909999999999997,-1.6500000000000057,1.9599999999999937,0.0899999999999892,-1.3100000000000023,-6.8700000000000045,-13.5,-1,0.0
-0.19,-1.219298245614035,19.0,-463.6700000000001,2.0,-378.6700000000001,-0.56522,-1.0399999999999991,-1,-8.690000000000012,-4.789999999999992,-0.4799999999999969,-8.690000000000005,-9.780000000000001,-8.130000000000003,-2.740000000000009,-7.739999999999995,-5.780000000000001,2.0,-2.9099999999999966,-8.870000000000001,-5.480000000000004,-4.18,-1,0.0
-0.12,-0.3821052631578947,2.0,-17.0,10.33,-62.0,-0.04347999999999996,2.219999999999999,5,-1.0,2.309999999999988,-0.1700000000000017,3.6999999999999886,-2.1799999999999926,1.7000000000000028,0.18000000000000682,3.8699999999999903,1.6099999999999994,0.8200000000000074,-1.6099999999999994,-3.4499999999999993,4.349999999999994,8.11,-1,0.0
-0.35,-2.8805237315875623,23.0,-646.0000000000001,1.6700000000000002,-541.34,0.04347999999999996,2.5700000000000003,-5,-11.320000000000007,-12.740000000000002,-12.580000000000005,-16.909999999999997,-14.280000000000001,-9.700000000000003,-13.119999999999997,-11.049999999999997,-3.5,-8.630000000000003,-12.970000000000006,1.0399999999999991,-9.360000000000007,-7.780000000000001,-1,0.0
0.12,-0.3623344074471895,0.6699999999999999,-127.65999999999985,-3.33,-38.65999999999997,0.13043999999999994,-1.0400000000000027,-3,-3.6999999999999886,-3.430000000000007,-8.650000000000006,-8.61,-4.739999999999995,0.259999999999998,-4.829999999999998,-3.739999999999995,-4.829999999999998,-12.96,-5.439999999999998,0.7600000000000016,-3.039999999999992,-3.780000000000001,1,1.0
-0.010000000000000009,-0.05882352941176472,-9.329999999999998,68.33000000000004,39.0,-73.67000000000002,-0.26087,2.3500000000000014,1,3.789999999999992,4.07,4.539999999999999,1.2800000000000011,0.2600000000000051,3.6999999999999957,-0.0799999999999983,2.280000000000001,3.4199999999999946,1.8800000000000026,-1.1700000000000017,0.8699999999999992,8.689999999999998,3.259999999999998,1,0.0
-0.26,-1.158371040723982,-10.0,73.66999999999996,-16.67,92.67,0.13043999999999994,0.6999999999999993,4,3.0799999999999983,-4.57,-6.300000000000004,0.29999999999999716,0.5899999999999963,0.7000000000000028,-5.449999999999996,-0.3999999999999915,2.9200000000000017,-5.190000000000005,-5.710000000000001,7.98,0.8999999999999986,1.7399999999999949,1,0.0
0.22999999999999998,1.8407801418439727,-8.0,387.34000000000015,-0.3400000000000001,333.68,0.26087,-1.9199999999999982,2,2.180000000000007,0.29999999999999716,0.13000000000000966,4.689999999999998,5.1299999999999955,5.130000000000003,2.1799999999999926,2.0400000000000063,-1.0900000000000034,-4.439999999999998,0.9100000000000108,4.16,1.9300000000000068,1.3900000000000006,1,1.0
0.25,1.6543631806789703,-48.67,697.6700000000001,2.66,503.01000000000005,0.56522,1.4800000000000004,2,9.480000000000004,8.139999999999993,4.780000000000001,9.740000000000002,6.470000000000013,8.64,3.3700000000000045,8.780000000000001,5.909999999999997,0.07000000000000028,2.5,6.080000000000002,9.600000000000001,6.609999999999999,1,1.0
0.020000000000000018,1.8754470860509154,-32.67,725.3299999999999,33.0,415.66999999999996,0.43478,2.740000000000002,5,11.61,11.219999999999999,11.570000000000007,13.520000000000003,11.39,4.660000000000004,6.170000000000002,9.08999999999999,9.08999999999999,12.57,4.8700000000000045,4.02,10.689999999999998,10.689999999999998,1,1.0
0.0,-0.19635627530364363,-6.66,187.34000000000015,-10.66,203.0,-0.26087000000000005,-3.6499999999999986,-11,-4.260000000000005,-0.8299999999999983,1.6499999999999986,-9.86999999999999,-1.0400000000000063,0.4799999999999969,0.0799999999999983,-11.170000000000002,-3.6099999999999994,3.3499999999999943,0.8699999999999903,-0.6500000000000021,-2.4099999999999966,-14.18,1,0.5
0.08000000000000002,-0.1224742268041239,-14.659999999999998,375.34000000000003,-12.33,356.0,-0.26086999999999994,0.05000000000000071,5,2.1700000000000017,3.030000000000001,1.529999999999994,1.8100000000000023,1.8800000000000097,0.6599999999999966,-0.37999999999999545,0.5099999999999909,4.3999999999999915,6.030000000000001,0.28999999999999204,-0.8900000000000006,3.4200000000000017,-1.0500000000000043,1,1.0
-0.07,-0.3405797101449275,-27.0,240.66999999999996,-19.33,224.01,-0.56522,-0.39000000000000057,1,1.9099999999999966,5.780000000000001,1.8299999999999983,-2.780000000000001,-2.0,0.9600000000000009,4.689999999999998,1.480000000000004,1.3499999999999943,1.7800000000000011,3.3000000000000114,-6.629999999999999,2.719999999999999,-2.1799999999999997,1,1.0
0.10000000000000003,-0.12745098039215663,-13.329999999999998,112.66000000000008,47.67,-94.68,0.17391,2.520000000000003,1,4.959999999999994,-1.75,-1.7199999999999989,4.75,3.519999999999996,0.8699999999999974,-1.4699999999999989,5.929999999999993,4.6399999999999935,0.3999999999999986,2.219999999999999,9.889999999999999,4.449999999999996,4.199999999999996,-1,0.0
-0.26999999999999996,-0.29034391534391535,89.0,-527.3299999999999,41.0,-407.99,-0.34783,-1.2600000000000016,-4,-9.549999999999997,-8.450000000000003,-8.700000000000003,-16.599999999999994,-7.210000000000001,-4.460000000000001,-9.02000000000001,-6.269999999999996,-10.920000000000009,-11.090000000000003,-5.5,-4.59,-7.6200000000000045,-3.3399999999999963,-1,0.0
-0.25,-2.7512612415003304,32.67,-735.6700000000001,-29.330000000000002,-505.01,-0.52174,0.129999999999999,-8,-11.180000000000007,-10.39,-7.570000000000007,-13.559999999999995,-11.129999999999995,-9.220000000000006,-4.519999999999996,-7.519999999999996,-5.519999999999996,-4.259999999999998,-3.5200000000000102,-3.7600000000000016,-10.930000000000007,-12.339999999999996,-1,0.0
-0.18999999999999995,-0.6683982683982685,50.34,-729.6700000000001,5.34,-569.01,-0.56522,-2.09,0,-12.480000000000004,-8.529999999999994,-8.210000000000008,-19.389999999999993,-11.820000000000007,-8.719999999999999,-6.3700000000000045,-12.120000000000005,-10.519999999999996,-6.8999999999999915,-3.9399999999999977,-4.880000000000003,-10.359999999999992,-14.479999999999997,1,1.0
-0.19000000000000006,-1.0179028132992327,-9.659999999999997,70.0,-4.66,40.67,-0.13043,0.17999999999999972,1,5.560000000000002,2.1400000000000006,-1.6099999999999994,6.209999999999994,6.800000000000004,0.8400000000000034,3.0,5.650000000000006,5.299999999999997,0.7299999999999969,3.730000000000004,3.210000000000001,4.090000000000003,2.479999999999997,-1,0.0
-0.2,-1.156798245614035,18.67,-414.34000000000003,6.34,-354.34000000000003,-0.47825999999999996,-2.5599999999999987,-3,-8.190000000000012,-12.429999999999993,-8.350000000000001,-8.450000000000003,-7.3300000000000125,-13.590000000000003,-4.52000000000001,-8.349999999999994,-2.6199999999999903,-0.8800000000000026,-4.980000000000004,-2.789999999999999,-10.310000000000002,2.219999999999999,-1,0.0
-0.25,-1.3350717079530638,59.0,-621.0,23.33,-481.0,-0.6087,-1.8299999999999983,-13,-13.91000000000001,-12.300000000000004,-11.25,-12.68,-12.870000000000005,-6.329999999999998,-9.46,-14.36,-7.269999999999996,-4.0,-9.150000000000006,-0.25,-8.589999999999996,-6.549999999999997,-1,0.0
0.06000000000000005,0.29102167182662564,-49.33,378.00000000000006,13.34,167.32999999999998,0.43478,0.5200000000000031,1,5.299999999999997,-4.609999999999999,-2.739999999999995,2.780000000000001,3.779999999999994,-6.18,1.7800000000000011,5.699999999999989,1.8699999999999903,2.259999999999998,4.609999999999999,10.2,-0.9400000000000048,-4.350000000000001,1,1.0
-0.16999999999999998,-0.78328173374613,28.659999999999997,-508.0000000000001,-29.67,-316.65999999999997,-0.08695999999999998,-0.610000000000003,-1,-12.269999999999996,-8.330000000000005,-8.709999999999994,-7.140000000000008,-11.829999999999998,-10.389999999999993,-3.9200000000000017,-4.280000000000001,-8.809999999999995,-6.489999999999995,-5.9199999999999875,-7.409999999999998,-10.579999999999998,0.6300000000000026,-1,0.0
0.14000000000000007,0.7902097902097904,11.0,-119.0,-23.33,169.33,0.34782,2.6099999999999994,-3,0.09000000000000341,-2.1799999999999926,-1.6799999999999997,2.5,-1.3199999999999932,1.6399999999999935,-5.269999999999996,2.950000000000003,0.9099999999999966,-2.0,-5.049999999999997,7.57,1.6799999999999997,-1.1799999999999997,1,1.0
-0.020000000000000018,0.5824742268041239,-2.6700000000000017,47.33000000000004,13.33,-27.669999999999987,0.56522,0.4299999999999997,0,5.310000000000002,3.539999999999992,2.469999999999999,7.749999999999993,7.509999999999991,7.730000000000004,4.560000000000002,5.359999999999999,2.6000000000000085,-0.6000000000000014,5.189999999999998,3.9800000000000004,2.819999999999993,5.270000000000003,-1,0.5
0.11999999999999994,0.168181818181818,-63.0,650.0,-27.33,465.34000000000003,0.30435,0.740000000000002,5,14.290000000000006,10.93,7.829999999999998,16.909999999999997,9.710000000000008,10.759999999999998,11.14,10.269999999999996,8.139999999999993,14.36,6.039999999999992,4.439999999999998,13.009999999999998,3.3500000000000014,-1,0.0
0.08999999999999997,-0.5420895522388061,9.33,-320.6700000000001,-7.0,-233.32999999999998,-0.30435,0.46999999999999886,-6,-3.0,-3.8299999999999983,-0.6099999999999994,-0.9599999999999937,-4.8700000000000045,-0.4799999999999969,0.21999999999999886,-2.4799999999999898,0.6500000000000057,-5.390000000000001,-0.0899999999999892,1.1700000000000017,-3.4599999999999937,0.020000000000003126,-1,0.0
0.22000000000000003,-0.22261904761904772,-101.0,759.6599999999999,-9.0,486.32000000000005,0.26087,2.3099999999999987,7,16.569999999999993,13.820000000000007,13.869999999999997,20.269999999999996,10.149999999999999,6.710000000000001,7.3300000000000125,9.819999999999993,13.500000000000007,15.780000000000001,6.299999999999997,5.280000000000001,15.5,7.079999999999998,1,1.0
0.03999999999999998,-0.13227597145122916,2.6700000000000017,-33.66999999999996,-20.330000000000002,26.330000000000013,-0.21739,-0.6999999999999993,-3,-4.480000000000004,-2.0799999999999983,3.5899999999999963,-2.240000000000002,-2.519999999999996,4.07,1.5600000000000023,-0.8399999999999892,-6.1699999999999875,3.3599999999999994,2.559999999999988,-2.1000000000000014,0.6299999999999955,-12.599999999999994,1,1.0
0.28,2.624113475177306,-50.34,867.0000000000001,-11.34,694.0,0.52174,-2.0500000000000007,9,13.469999999999999,10.219999999999999,6.660000000000004,15.319999999999993,16.47,10.650000000000006,4.359999999999999,10.269999999999996,4.030000000000001,4.710000000000001,3.0799999999999983,6.98,13.960000000000008,1.8399999999999963,1,1.0
-0.010000000000000009,-0.011988011988012026,26.340000000000003,-189.66999999999996,-3.99,-89.67,-0.56522,-2.2200000000000024,-3,-1.4299999999999926,2.0,3.1499999999999986,-1.4799999999999969,3.3299999999999983,-3.240000000000002,6.57,0.09999999999999432,-3.6700000000000017,3.9100000000000037,6.380000000000003,-6.100000000000001,-3.519999999999996,-4.259999999999998,-1,0.0
-0.04999999999999993,0.4520030234315948,-20.0,609.3299999999999,35.33,322.67,0.08695000000000003,2.0,2,9.629999999999995,6.5,9.300000000000004,8.320000000000007,8.329999999999998,2.8200000000000003,2.1400000000000006,7.159999999999997,5.059999999999988,8.560000000000002,3.0600000000000023,5.109999999999999,9.569999999999993,3.480000000000004,1,1.0
-0.020000000000000018,0.4840041279669762,-32.33,581.6700000000001,-18.0,506.01000000000005,0.13043999999999994,-0.0400000000000027,3,11.13000000000001,5.569999999999993,1.6299999999999955,8.560000000000002,10.390000000000008,6.100000000000001,4.490000000000009,8.480000000000004,5.159999999999997,-1.2100000000000009,3.1700000000000017,7.960000000000001,6.980000000000004,4.089999999999996,1,1.0
-0.02999999999999997,0.34510869565217384,-4.0,97.33000000000004,-7.0,111.0,-0.21739000000000003,-2.780000000000001,-1,-2.6200000000000045,-9.0,-5.1100000000000065,-6.099999999999994,-3.740000000000009,-8.330000000000005,-3.030000000000001,-5.519999999999996,-2.759999999999991,-2.8200000000000003,-5.540000000000006,1.9600000000000009,-7.420000000000002,3.8299999999999983,-1,0.0
0.21000000000000002,0.8959514170040488,-19.0,435.34000000000003,-8.33,559.0,0.26087,-1.1699999999999982,-1,7.219999999999999,3.7700000000000102,6.199999999999996,2.430000000000007,8.280000000000001,5.1399999999999935,1.980000000000004,-0.5499999999999972,0.3399999999999892,4.529999999999994,2.7099999999999937,8.879999999999999,4.32,-11.89,-1,0.5
-0.010000000000000009,0.11942028985507247,-44.33,663.34,-18.33,552.34,-0.26086999999999994,0.08999999999999986,6,9.39,12.349999999999994,5.829999999999991,6.779999999999994,7.390000000000001,9.350000000000001,8.870000000000005,7.349999999999994,8.349999999999994,7.210000000000001,8.780000000000001,-3.539999999999999,8.959999999999994,2.039999999999999,1,1.0
0.13,-0.5620895522388061,-13.0,133.66999999999996,-6.67,117.01000000000002,-0.26087,1.6499999999999986,1,2.030000000000001,-0.3400000000000034,4.219999999999992,5.690000000000005,0.4899999999999949,7.940000000000005,0.8400000000000034,-1.519999999999996,-0.7000000000000028,-3.8900000000000006,-0.539999999999992,3.4200000000000017,5.259999999999998,1.3599999999999994,1,1.0
0.13999999999999996,-0.26429240862230596,-11.329999999999998,203.66999999999996,-8.66,151.67000000000002,-0.13043999999999994,0.6500000000000021,3,5.38000000000001,2.2900000000000063,-0.1700000000000017,5.640000000000001,3.710000000000008,-0.6900000000000048,2.1400000000000006,2.549999999999997,3.1799999999999926,4.769999999999996,0.769999999999996,3.2399999999999984,3.4200000000000017,2.539999999999999,-1,0.5
-0.030000000000000027,0.12714776632302405,17.67,-131.33000000000004,40.67,-188.99,0.0,1.9200000000000017,-1,-2.289999999999992,0.1700000000000017,0.9100000000000037,-1.759999999999998,-5.340000000000003,-1.4299999999999997,0.1599999999999966,-2.75,1.4899999999999949,-0.45000000000000284,0.44000000000001194,-3.219999999999999,-3.030000000000001,10.5,-1,0.5
0.29,2.6189852700491008,-30.0,702.0000000000001,9.0,531.34,0.30435,-0.8299999999999983,5,6.700000000000003,8.310000000000002,11.160000000000004,11.319999999999993,8.61,13.290000000000006,6.079999999999998,6.680000000000007,-0.6499999999999915,7.619999999999997,6.079999999999998,1.6600000000000001,11.560000000000002,-0.259999999999998,-1,0.0
0.0,0.1499999999999999,49.0,-399.0,32.0,-341.34,0.13043,0.33999999999999986,-2,-3.5999999999999943,-5.100000000000001,-5.530000000000001,-3.520000000000003,1.509999999999991,-3.719999999999999,-4.439999999999998,-2.3599999999999994,-2.3599999999999923,-10.190000000000005,-0.0799999999999983,2.780000000000001,-6.770000000000003,4.460000000000001,-1,0.0
0.22000000000000003,0.7423469387755102,-109.0,1136.6599999999999,-5.67,730.66,0.43478,3.2600000000000016,6,19.179999999999993,14.950000000000003,18.000000000000007,24.92,15.54,7.280000000000001,11.16000000000001,13.429999999999993,15.979999999999997,19.650000000000006,8.560000000000002,9.7,17.189999999999998,6.82,1,1.0
0.17000000000000004,1.501906941266209,-22.67,511.6700000000001,-13.34,465.34000000000003,0.26086999999999994,-0.22000000000000242,2,5.570000000000007,3.4299999999999926,3.239999999999995,2.3500000000000085,3.5900000000000034,5.259999999999998,1.490000000000009,2.8299999999999983,-0.14000000000000057,-1.9399999999999977,-0.5600000000000023,4.75,2.8900000000000006,1.6099999999999994,1,0.5
0.22000000000000003,0.6727941176470589,13.659999999999997,-167.33000000000004,11.66,-151.67000000000002,0.34782,2.6000000000000014,0,-2.9399999999999977,6.859999999999999,6.720000000000006,-0.10999999999999943,-3.059999999999995,7.490000000000002,0.030000000000001137,-0.13000000000000966,-2.5400000000000063,2.0900000000000034,1.8100000000000023,-5.170000000000002,3.3299999999999983,-6.309999999999995,1,1.0
0.12,-0.06303895331549203,-1.0,35.0,-29.33,105.33,0.0,-0.43000000000000327,1,-2.9599999999999937,6.0,5.210000000000001,-2.3599999999999994,-0.259999999999998,3.469999999999999,2.3699999999999974,-0.8599999999999994,-2.3799999999999955,-1.0,1.710000000000008,-8.120000000000001,0.990000000000002,1.5499999999999972,-1,0.0
-0.040000000000000036,-0.11266968325791882,-9.659999999999997,72.66000000000008,38.0,-242.34,-0.17391,1.7800000000000011,2,5.049999999999997,4.559999999999995,2.509999999999998,4.710000000000001,3.549999999999997,5.25,1.9399999999999977,4.829999999999998,8.470000000000006,1.9600000000000009,3.2099999999999937,-1.4700000000000006,6.259999999999998,11.259999999999998,-1,0.0
0.06999999999999995,0.10574162679425836,-30.0,554.34,14.999999999999998,389.66999999999996,-0.08695000000000003,-3.7799999999999976,2,7.1299999999999955,5.950000000000003,7.8799999999999955,-0.06999999999999318,9.599999999999994,3.5,7.25,-3.5,-0.5700000000000074,6.529999999999994,7.759999999999991,1.3099999999999987,2.6400000000000006,-10.71,1,1.0
-0.07999999999999996,0.4226692623837336,35.0,-342.66999999999996,25.33,-319.01,0.56522,-0.5599999999999987,0,-6.390000000000001,-8.519999999999996,-5.219999999999992,-5.82,-2.519999999999996,-8.870000000000005,-9.090000000000003,-4.8700000000000045,-9.0,-1.8200000000000003,-8.690000000000012,2.3699999999999974,-5.5,-2.0600000000000023,1,1.0
0.040000000000000036,-0.020000000000000018,-22.33,454.34000000000003,0.33000000000000007,350.34000000000003,0.04348000000000002,1.1799999999999997,7,5.030000000000001,3.489999999999995,4.829999999999991,6.649999999999999,5.359999999999999,8.420000000000002,0.6200000000000045,0.9599999999999937,-1.3500000000000085,1.5,-0.45000000000000284,2.25,8.719999999999992,1.3399999999999963,1,1.0
0.0,-0.8139534883720931,8.0,-76.0,4.0,-7.0,-0.13043000000000005,-0.4399999999999977,-1,-2.1799999999999926,-0.39000000000000057,-0.7000000000000028,0.9100000000000108,-2.5600000000000023,6.220000000000006,8.21,-0.9500000000000028,-4.040000000000006,-0.18000000000000682,4.390000000000001,-1.8000000000000043,2.3100000000000023,5.529999999999994,1,0.0
0.04999999999999993,-0.032727272727272716,-0.33000000000000007,8.0,-0.6699999999999999,-1.33,0.21739000000000003,-1.4699999999999989,-8,-0.1700000000000017,-2.839999999999989,-7.730000000000004,-1.769999999999996,-5.189999999999998,-15.71,-8.739999999999995,-5.8700000000000045,-5.469999999999999,-2.4200000000000017,-4.390000000000001,2.6899999999999977,-7.780000000000001,-3.270000000000003,1,1.0
-0.039999999999999925,-0.5412262156448202,9.0,-85.66000000000008,2.67,-0.33000000000000007,-0.39130000000000004,-0.7899999999999991,4,-4.089999999999989,-1.1300000000000097,1.0400000000000063,2.3900000000000006,-1.519999999999996,14.520000000000003,11.259999999999998,3.0900000000000034,0.6599999999999966,2.3900000000000006,7.6499999999999915,-1.1499999999999986,6.480000000000004,1.3900000000000006,-1,0.0
0.010000000000000009,0.2400000000000002,0.6699999999999999,-1.6600000000000819,-2.0,5.34,-0.04347999999999996,-1.8200000000000003,-3,-2.0799999999999983,-3.5799999999999983,-5.989999999999995,-0.29000000000000625,-4.1499999999999915,-7.410000000000004,-5.689999999999998,-1.8299999999999983,-0.769999999999996,0.15000000000000568,-1.1300000000000097,3.3400000000000034,-3.6099999999999994,-7.409999999999997,-1,0.0
0.05999999999999994,0.05485893416927912,-4.33,23.660000000000082,-7.67,40.33,0.30434999999999995,-2.5599999999999987,4,4.089999999999989,-0.36999999999999034,-3.4200000000000017,0.6200000000000045,3.780000000000001,-14.89,-9.379999999999995,-1.4200000000000017,1.0,0.9799999999999898,1.3500000000000085,0.4199999999999946,-7.380000000000003,3.690000000000005,-1,0.0
-0.14999999999999997,-0.08981555733761049,-2.33,47.0,-1.6600000000000001,23.0,0.04347999999999996,-0.5199999999999996,-1,-1.1699999999999875,0.4399999999999977,0.2600000000000051,1.9000000000000057,1.3799999999999955,9.220000000000006,5.749999999999993,-0.5999999999999943,-3.490000000000009,-0.6600000000000108,5.3999999999999915,-0.00999999999999801,3.219999999999999,-2.1499999999999986,-1,0.0
0.08999999999999997,0.3994202898550727,8.33,-45.0,3.99,-9.0,0.26087000000000005,0.39000000000000057,-7,1.2700000000000102,-4.139999999999986,-1.1299999999999955,4.409999999999997,0.04000000000000625,-6.589999999999996,-5.269999999999996,1.6400000000000006,-1.769999999999996,2.719999999999999,2.2299999999999898,7.960000000000001,-4.090000000000003,-0.6100000000000065,1,0.0
0.14999999999999997,0.40816326530612246,-46.34,156.33000000000004,-18.67,30.0,0.52174,2.3900000000000006,2,17.17,13.100000000000009,10.499999999999993,15.600000000000009,12.299999999999997,11.510000000000005,19.200000000000003,6.670000000000002,8.049999999999997,11.979999999999997,9.620000000000005,3.7199999999999953,13.719999999999999,18.489999999999995,1,1.0
-0.03999999999999998,1.1339739966082532,-69.33,316.0,-18.33,39.34,0.69565,3.349999999999998,0,17.680000000000007,16.040000000000006,10.790000000000006,16.04,16.869999999999997,8.440000000000005,11.469999999999992,3.180000000000007,0.5,9.36999999999999,5.299999999999997,8.750000000000004,13.219999999999999,4.210000000000001,1,1.0
0.09000000000000008,0.8527131782945734,1.3399999999999999,-32.0,-1.6600000000000001,20.0,-0.34782,-2.9599999999999973,5,-2.3499999999999943,-3.240000000000009,-4.010000000000005,1.990000000000009,0.9699999999999989,6.270000000000003,8.610000000000007,1.9000000000000057,0.45999999999999375,3.75,7.759999999999991,2.5600000000000023,2.269999999999996,2.3200000000000003,-1,0.0
0.04999999999999993,-0.6046511627906979,-45.67,166.33000000000004,9.0,-39.0,0.52174,0.13000000000000256,2,11.489999999999995,15.620000000000005,10.309999999999995,14.200000000000003,11.009999999999998,7.0,9.829999999999998,10.739999999999995,6.909999999999997,12.029999999999994,7.990000000000009,-1.5900000000000034,9.159999999999997,12.319999999999993,1,1.0
0.02999999999999997,-0.31910946196660483,-14.0,29.66999999999996,-37.0,98.67,0.0,-0.870000000000001,2,7.569999999999993,5.650000000000006,-0.6300000000000026,2.8100000000000023,0.8500000000000014,4.420000000000002,13.850000000000001,-3.1099999999999994,2.289999999999992,3.8699999999999974,-2.6599999999999966,2.3099999999999987,7.25,10.520000000000003,-1,0.0
0.20999999999999996,1.5109195402298854,-28.0,112.33000000000004,15.659999999999998,-47.0,0.26086999999999994,-1.129999999999999,12,17.75999999999999,11.920000000000009,8.36,14.019999999999996,17.790000000000006,2.8200000000000003,7.540000000000006,11.400000000000006,11.340000000000003,9.530000000000001,13.920000000000002,4.459999999999997,8.379999999999995,11.510000000000005,1,1.0
-0.029999999999999916,-0.43881118881118875,7.33,-43.66000000000008,9.67,-54.33,0.13044,1.3000000000000007,2,6.210000000000008,11.379999999999995,11.140000000000008,7.949999999999989,3.960000000000008,15.340000000000003,11.149999999999999,8.550000000000011,7.430000000000007,7.420000000000002,3.1599999999999966,1.0200000000000031,12.300000000000004,5.270000000000003,1,1.0
0.14999999999999997,0.5687671232876714,-4.670000000000002,19.339999999999918,4.33,-39.31999999999999,-0.13044,-1.2100000000000009,-2,7.359999999999999,6.27000000000001,0.7800000000000011,10.810000000000002,10.590000000000003,1.6799999999999997,5.410000000000004,7.640000000000001,4.460000000000008,7.859999999999999,2.1400000000000006,5.07,2.6099999999999994,4.319999999999993,1,1.0
0.0,-0.2717798404168701,-2.33,19.339999999999918,4.34,-30.66,-0.30435,-1.3399999999999999,6,9.22999999999999,13.319999999999993,8.909999999999997,9.400000000000006,15.189999999999998,11.449999999999996,11.810000000000002,15.86,14.36,10.230000000000004,14.540000000000006,-1.9400000000000013,13.32,9.450000000000003,1,0.5
-0.10000000000000009,-1.4615384615384612,30.0,-140.0,-10.67,40.0,0.21738999999999997,0.6999999999999993,-9,-19.86,-14.509999999999998,-13.919999999999995,-17.870000000000005,-18.979999999999997,-14.759999999999998,-17.28000000000001,-13.820000000000007,-16.36,-16.130000000000003,-13.89,-10.840000000000003,-14.519999999999996,-6.43,-1,0.0
-0.12000000000000005,-0.37368050668543296,24.0,-67.33000000000004,17.66,-52.0,-0.34783,-1.0399999999999991,1,-0.04999999999999716,-2.480000000000004,2.490000000000002,1.5999999999999943,3.259999999999998,5.759999999999998,-4.100000000000001,3.2099999999999937,4.950000000000003,4.18,3.9200000000000017,1.7800000000000011,-2.8800000000000026,-7.240000000000002,1,1.0
-0.12,-1.4991386735572783,76.67,-293.66,-3.0,39.0,-0.65217,-3.259999999999998,-3,-22.029999999999994,-22.010000000000005,-21.509999999999998,-16.789999999999992,-18.160000000000004,-10.96,-14.979999999999997,-14.189999999999998,-19.900000000000006,-18.480000000000004,-10.330000000000013,-5.010000000000002,-17.89,-13.810000000000002,-1,0.0
0.019999999999999962,-0.8914518317503395,14.0,-59.0,-0.6699999999999999,-16.0,-0.3913,-0.9100000000000001,2,2.3499999999999943,5.810000000000002,3.219999999999999,-0.5700000000000074,-4.229999999999997,5.520000000000003,10.600000000000001,1.1400000000000006,3.5,4.890000000000001,-4.36999999999999,-3.1899999999999977,6.530000000000001,4.270000000000003,1,1.0
-0.18000000000000005,-1.0819672131147546,61.0,-207.33999999999992,28.0,-106.68,-0.6087,-3.259999999999998,1,-10.019999999999996,-7.340000000000003,-4.57,-9.57,-7.970000000000006,-0.05000000000000426,-5.890000000000001,-2.9599999999999937,-0.38000000000000966,-7.459999999999994,-1.9899999999999949,-3.1099999999999994,-7.940000000000005,-7.82,1,1.0
0.040000000000000036,0.5614035087719298,-5.33,33.33999999999992,-6.0,18.0,-0.52174,0.08999999999999986,0,-5.400000000000006,-4.900000000000006,-2.5799999999999983,-6.700000000000003,-5.780000000000001,-7.140000000000001,-9.46,-6.1499999999999915,-5.590000000000003,-2.8900000000000006,-5.090000000000003,0.7900000000000063,-2.200000000000003,-13.159999999999997,-1,0.5
0.2,-0.47061680427391916,18.33,-164.66000000000008,-23.340000000000003,86.0,-0.13043000000000005,-0.9600000000000009,-3,-17.05000000000001,-12.870000000000005,-10.260000000000005,-9.989999999999995,-15.419999999999995,-9.660000000000004,-5.489999999999995,-9.480000000000004,-10.769999999999996,-10.909999999999997,-11.399999999999991,-4.400000000000002,-9.979999999999997,-3.3699999999999974,-1,0.0
0.040000000000000036,0.16036772216547535,6.33,-33.66000000000008,9.0,-38.33,-0.26087,0.5199999999999996,7,10.670000000000002,12.019999999999996,15.510000000000005,15.579999999999998,20.42,20.57,15.280000000000001,23.370000000000005,18.060000000000002,15.370000000000005,21.159999999999997,3.330000000000002,17.009999999999998,12.11,1,1.0
0.11000000000000004,1.0051599587203306,11.329999999999998,-35.66000000000008,9.33,2.0,-0.04348,-2.5199999999999996,-1,0.5499999999999972,-6.18,-1.8699999999999974,-5.640000000000001,-2.6799999999999997,0.6799999999999997,-5.18,-3.8599999999999994,-5.090000000000003,-3.230000000000004,-2.7299999999999898,-1.25,0.36999999999999744,5.840000000000003,1,1.0
-0.17000000000000004,-0.5347528684907326,-1.6700000000000017,14.660000000000082,-21.33,70.99,0.17392000000000002,0.9199999999999982,-2,-2.989999999999995,-3.269999999999996,-11.600000000000001,-0.28999999999999915,4.8999999999999915,-5.590000000000003,-11.339999999999996,-1.6199999999999974,-4.900000000000006,2.239999999999995,-4.930000000000007,2.5400000000000027,-6.609999999999999,-2.739999999999995,-1,0.0
-0.19999999999999996,-1.4233333333333336,24.0,-96.66999999999996,-22.659999999999997,88.66,-0.17391,0.03999999999999915,0,-13.5,-9.45000000000001,-4.049999999999997,-11.629999999999995,-8.820000000000007,-2.0,-8.180000000000007,-6.950000000000003,-4.8700000000000045,-6.13000000000001,-8.179999999999993,-6.73,-7.979999999999997,-4.549999999999997,-1,0.0
-0.03999999999999998,0.02607407407407414,-33.67,112.66999999999996,-13.0,25.01,0.47826,-2.5299999999999976,-1,4.209999999999994,11.649999999999999,10.32,6.659999999999997,-1.259999999999998,3.489999999999995,12.089999999999996,0.740000000000002,2.280000000000001,2.1499999999999986,7.349999999999994,-6.949999999999999,9.75,3.8800000000000026,1,1.0
0.0,0.042087542087542174,36.33,-90.99999999999994,11.33,-22.67,0.0,0.4400000000000013,-2,-10.249999999999993,-14.170000000000002,-9.68,-4.909999999999997,-4.150000000000006,-10.090000000000003,-17.839999999999996,-3.4599999999999937,-10.099999999999994,-10.189999999999998,-2.440000000000012,-1.8000000000000007,-13.730000000000004,-11.370000000000005,-1,0.0
0.13999999999999996,0.6132914704343277,-23.0,60.33000000000004,-35.0,97.0,0.52174,0.5700000000000003,-1,-2.8599999999999994,-4.259999999999998,-6.730000000000004,-1.1899999999999977,-3.1499999999999986,-3.1999999999999957,2.3200000000000003,-4.299999999999997,-3.8100000000000023,-0.21999999999999886,-0.9000000000000057,-2.7600000000000016,-0.8400000000000034,8.850000000000001,-1,0.0
0.12,1.701149425287356,-29.0,133.0,-6.67,5.0,-0.04347999999999996,-1.1699999999999982,9,16.950000000000003,7.769999999999996,9.679999999999993,18.28,19.089999999999996,17.32,15.500000000000007,12.730000000000004,17.5,20.090000000000003,16.909999999999997,9.860000000000003,10.79999999999999,8.04,1,1.0
-0.10000000000000003,0.11948676824378479,-56.0,289.33000000000004,3.34,-9.0,0.69565,0.05000000000000071,2,12.5,16.450000000000003,11.270000000000003,15.189999999999998,14.949999999999996,10.0,7.36999999999999,11.090000000000003,7.459999999999994,11.54999999999999,9.0,0.20000000000000284,10.069999999999993,4.640000000000001,1,1.0
-0.039999999999999925,-0.29650349650349606,-15.67,57.66999999999996,20.0,-83.66,0.21739,1.259999999999998,8,15.970000000000006,16.04,12.870000000000005,19.799999999999997,16.680000000000007,15.869999999999997,17.5,17.200000000000003,16.6,20.160000000000004,18.299999999999997,3.030000000000001,12.64,13.100000000000001,1,1.0
0.15000000000000002,0.9712395743457003,-64.33,226.33999999999992,-18.67,27.34,0.0,3.5199999999999996,0,11.269999999999996,10.310000000000002,7.25,8.350000000000001,7.149999999999999,-1.6999999999999957,4.469999999999999,-3.319999999999993,-5.640000000000001,6.959999999999994,-0.7999999999999972,7.7500000000000036,10.11,-1.2700000000000031,-1,0.0
0.09000000000000002,0.7229326513213981,-41.33,171.33999999999992,-0.66,13.34,0.17391,-1.9100000000000001,5,10.459999999999994,6.909999999999997,1.6299999999999955,5.450000000000003,6.32,10.629999999999995,10.450000000000003,3.5900000000000034,3.1400000000000006,3.230000000000004,5.860000000000014,-2.7300000000000004,11.07,9.660000000000004,1,1.0
0.04999999999999993,0.5887314439946016,-51.33,197.66000000000008,-15.0,58.0,0.13043,1.1699999999999982,5,5.140000000000001,0.4100000000000037,-1.0400000000000063,9.320000000000007,10.269999999999996,3.729999999999997,7.950000000000003,6.409999999999997,4.5,4.180000000000007,12.049999999999997,2.7699999999999996,2.0899999999999963,1.2099999999999937,1,1.0
0.050000000000000044,-0.3872168284789643,12.0,-48.33000000000004,7.0,-38.66,0.0,-1.0899999999999999,0,1.2000000000000028,2.4499999999999957,10.260000000000005,1.730000000000004,-4.709999999999994,4.030000000000001,3.3899999999999935,4.479999999999997,10.450000000000003,3.8399999999999963,4.990000000000009,-3.2600000000000016,3.3900000000000006,2.3699999999999974,1,0.5
0.18,1.279586206896552,-51.67,187.33000000000004,-27.67,83.67,0.56522,-3.8299999999999983,11,21.209999999999994,22.150000000000006,19.120000000000005,23.509999999999998,19.790000000000006,9.689999999999998,16.740000000000002,15.590000000000003,19.080000000000005,19.949999999999996,22.650000000000006,-0.9500000000000028,16.57,19.720000000000006,1,1.0
0.06,0.5971588026382546,-9.329999999999998,39.66000000000008,-12.0,56.31999999999999,0.13044,1.0,2,5.38000000000001,1.759999999999998,3.710000000000001,3.6499999999999986,1.490000000000002,3.700000000000003,-0.11999999999999744,2.759999999999998,5.869999999999997,6.540000000000006,7.420000000000002,3.1999999999999993,3.8100000000000023,4.560000000000002,1,0.5
0.24000000000000005,2.074829931972789,-53.0,200.33000000000004,-24.33,57.0,0.30435,-0.129999999999999,8,17.0,10.25,7.189999999999991,16.680000000000007,15.829999999999998,11.560000000000002,19.60000000000001,9.52000000000001,12.549999999999997,15.910000000000004,12.989999999999995,8.080000000000002,13.679999999999993,15.280000000000001,1,1.0
0.07999999999999996,0.5013636363636367,-13.670000000000002,63.0,8.33,-56.33,0.34783000000000003,-0.21000000000000085,-2,11.710000000000008,8.63000000000001,2.710000000000001,13.07,9.010000000000005,0.4399999999999977,0.23000000000000398,9.810000000000002,10.420000000000002,12.21,8.239999999999995,6.010000000000002,4.759999999999998,4.18,1,1.0
-0.019999999999999962,0.8493642896627973,-50.33,149.99999999999994,-10.66,38.67,0.3913,0.46999999999999886,0,7.899999999999999,8.36,6.460000000000001,5.480000000000004,8.380000000000003,4.57,7.239999999999995,2.319999999999993,6.599999999999994,5.299999999999997,6.810000000000002,4.989999999999998,7.200000000000003,7.100000000000001,1,1.0
-0.16999999999999998,0.8010610079575595,-23.0,182.66000000000008,-12.0,56.33,0.17391,0.7899999999999991,2,8.540000000000006,13.230000000000004,15.090000000000003,11.409999999999997,17.179999999999993,12.910000000000004,8.269999999999996,7.590000000000003,5.599999999999994,5.319999999999993,9.959999999999994,1.8200000000000003,11.089999999999996,4.140000000000001,1,1.0
-0.09999999999999998,0.3511300360301344,37.67,-124.66999999999996,20.0,-77.0,-0.56522,0.9100000000000001,1,4.550000000000011,-3.5799999999999983,-1.009999999999998,-5.200000000000003,0.46999999999999886,-0.3399999999999963,-1.8799999999999955,-1.6099999999999994,3.3100000000000023,-0.6399999999999935,2.3999999999999915,4.199999999999999,-0.0899999999999963,-1.2700000000000031,1,1.0
0.030000000000000027,0.11072763876905434,3.33,-19.0,-9.33,79.34,0.6087,-0.26000000000000156,-1,-1.25,-2.969999999999999,-2.6799999999999997,1.2199999999999989,0.8200000000000074,1.75,1.4200000000000017,6.279999999999987,6.02000000000001,0.5,2.789999999999992,-4.640000000000004,-2.1699999999999946,9.090000000000003,-1,0.0
0.10999999999999999,0.4098360655737705,-59.0,193.0,-12.67,9.34,0.52174,3.4299999999999997,0,16.67,15.210000000000008,9.829999999999998,15.050000000000004,12.93,5.440000000000005,13.93,2.8299999999999983,-0.04999999999999716,9.849999999999994,4.290000000000006,6.959999999999997,12.310000000000002,11.889999999999993,1,1.0
-0.15999999999999998,-1.5938914027149322,40.0,-162.0,5.67,-60.0,-0.08695,1.3500000000000014,-4,-5.689999999999998,5.769999999999996,2.9100000000000037,-3.680000000000007,-7.589999999999996,-4.409999999999997,-2.770000000000003,-2.549999999999997,0.5900000000000034,-0.9500000000000028,-9.320000000000007,-1.5199999999999996,-2.4599999999999937,-7.049999999999997,-1,0.0
-0.07999999999999996,-0.4568712186689714,-22.0,91.33000000000004,11.0,-45.33,0.47825999999999996,0.7399999999999984,1,5.300000000000004,4.020000000000003,-2.6400000000000006,4.219999999999999,-3.739999999999995,-4.700000000000003,2.219999999999999,-6.170000000000002,-1.4600000000000009,4.789999999999999,-2.8599999999999994,-0.3000000000000007,-4.369999999999997,0.990000000000002,1,1.0
-0.16000000000000003,-1.022727272727273,65.0,-197.66999999999996,19.33,-24.0,-0.26087,-1.6900000000000013,-7,-16.940000000000005,-12.61,-16.140000000000008,-17.629999999999995,-14.640000000000008,-20.89,-18.239999999999995,-16.010000000000005,-15.200000000000003,-15.190000000000005,-12.89,-5.680000000000003,-17.96,-6.789999999999999,-1,0.0
0.21999999999999997,1.2535121328224779,-18.0,74.66000000000008,-14.67,58.66,0.08695999999999993,-1.3000000000000007,12,17.0,10.500000000000007,8.800000000000004,16.85,21.050000000000004,6.200000000000003,4.650000000000006,14.850000000000001,16.800000000000004,17.799999999999997,15.300000000000011,5.9999999999999964,6.82,15.840000000000003,1,1.0
-0.020000000000000018,-0.28222730739893254,-52.66,207.0,-9.99,11.34,0.21739,0.6099999999999994,6,9.909999999999997,13.089999999999996,3.499999999999993,11.090000000000003,9.0,9.949999999999996,15.630000000000003,7.450000000000003,8.230000000000004,6.460000000000008,8.590000000000003,-1.4800000000000004,10.700000000000003,3.8200000000000003,1,1.0
0.25,1.0361165048543692,-12.0,48.33999999999992,29.659999999999997,-127.32,0.17391,-1.129999999999999,0,14.700000000000003,11.900000000000006,14.310000000000002,13.36,4.110000000000014,6.030000000000001,11.57,11.43,15.320000000000007,9.970000000000006,13.170000000000002,3.469999999999999,11.369999999999997,6.919999999999995,1,1.0
0.12,0.9219696969696969,-10.329999999999998,33.66999999999996,14.329999999999998,-32.33,-0.17392000000000002,0.1700000000000017,2,1.789999999999992,0.8200000000000003,1.3399999999999963,-1.4400000000000048,-0.18999999999999773,1.5600000000000023,7.950000000000003,-2.8599999999999994,-5.549999999999997,-6.079999999999991,-0.060000000000002274,0.7199999999999989,3.219999999999999,0.36999999999999744,-1,0.0
0.09000000000000002,-0.53503950532463,7.34,-100.0,0.0,0.0,-0.04347999999999999,1.5200000000000031,7,-0.5700000000000074,-6.310000000000002,-17.390000000000008,-2.160000000000011,-6.929999999999993,-17.64,-4.660000000000004,-8.89,-9.189999999999998,-0.1600000000000108,-1.5200000000000102,5.650000000000002,-6.07,3.6799999999999997,-1,0.3333333333333333
0.019999999999999962,0.7590395480225991,9.0,-20.33000000000004,0.0,0.0,0.43478,-1.1300000000000026,-1,-0.519999999999996,-0.8999999999999915,-9.029999999999994,1.1500000000000057,1.7999999999999972,-6.950000000000003,-7.240000000000002,-0.5400000000000063,-4.299999999999997,-1.3699999999999903,-1.5999999999999943,1.7899999999999991,-7.52000000000001,5.449999999999996,-1,0.0
0.0,0.8944855574122703,-31.67,225.0,0.0,0.0,0.26087,-1.5200000000000031,2,7.439999999999998,7.510000000000005,7.8300000000000125,9.430000000000007,6.209999999999994,9.64,5.300000000000004,8.819999999999993,7.25,5.680000000000007,8.040000000000006,1.0999999999999979,3.769999999999996,2.8299999999999983,1,1.0
0.07000000000000006,-0.39959349593495874,-33.33,145.33000000000004,0.0,0.0,-0.21739,1.1300000000000026,10,7.389999999999986,2.0999999999999943,-0.5300000000000011,6.11999999999999,-2.519999999999996,-1.0499999999999972,7.880000000000003,0.46999999999999886,2.3599999999999994,6.889999999999986,8.11999999999999,4.960000000000001,5.220000000000006,1.0600000000000023,1,1.0
0.17000000000000004,1.0106060606060603,-37.0,169.33000000000004,0.0,0.0,-0.17391,0.0,3,10.049999999999997,7.599999999999994,11.910000000000004,10.549999999999997,8.549999999999997,13.950000000000003,14.36,9.590000000000003,12.730000000000004,12.409999999999997,10.819999999999993,2.4099999999999966,12.14,2.3200000000000003,-1,0.0
0.03999999999999998,0.48576910777102666,46.0,-123.00000000000006,0.0,0.0,0.0,-3.3900000000000006,-1,-1.3800000000000097,0.46999999999999886,-4.939999999999998,-1.1599999999999966,-7.290000000000006,-0.4099999999999966,-0.9699999999999989,2.9599999999999937,0.10999999999999943,-2.3699999999999903,-1.9099999999999966,-1.1000000000000014,-5.410000000000004,5.449999999999996,-1,0.0
0.009999999999999953,-0.5160471022858459,10.34,-126.0,0.0,0.0,0.17391,0.5600000000000023,6,4.290000000000006,1.019999999999996,-3.3500000000000085,2.269999999999996,6.450000000000003,-11.590000000000003,-6.57,5.060000000000002,5.570000000000007,5.409999999999997,5.200000000000003,0.6699999999999982,-4.260000000000005,9.650000000000006,-1,0.2
-0.019999999999999907,-0.5718157181571808,-10.659999999999998,76.0,0.0,0.0,-0.30435,-0.5699999999999967,9,1.9799999999999898,-0.3100000000000023,-9.57,2.4799999999999898,-4.339999999999989,-5.409999999999997,4.609999999999999,-7.980000000000004,-7.280000000000001,-0.8800000000000097,1.6599999999999966,6.260000000000002,-1.2299999999999969,2.5600000000000023,1,1.0
0.0,0.3004373974849648,10.0,-25.660000000000082,0.0,0.0,0.30435,-2.3900000000000006,-1,-6.3700000000000045,-1.9899999999999949,-0.6599999999999966,-3.5900000000000034,-9.39,-5.950000000000003,-6.1299999999999955,0.5,-3.280000000000001,-1.0,0.6599999999999966,-0.5899999999999999,-7.300000000000004,3.269999999999996,-1,0.0
-0.040000000000000036,0.23794326241134756,36.0,-152.33000000000004,0.0,0.0,0.0,-1.0400000000000027,-6,-10.86999999999999,-5.959999999999994,-9.449999999999996,-11.049999999999997,-6.180000000000007,-9.040000000000006,-8.0,-6.090000000000003,-10.5,-10.049999999999997,-12.5,-3.4299999999999997,-7.980000000000004,-1.3600000000000065,1,1.0
-0.029999999999999916,-0.3148148148148149,-8.329999999999998,62.0,0.0,0.0,0.0,0.21000000000000085,-1,-8.370000000000005,-4.299999999999997,-9.689999999999998,-13.530000000000001,-14.709999999999994,-1.9699999999999989,-5.460000000000001,-17.47,-13.310000000000002,-10.840000000000003,-14.739999999999995,-3.3999999999999986,-8.030000000000001,-5.559999999999995,-1,0.5
0.040000000000000036,1.06225760359257,-26.340000000000003,205.33000000000004,0.0,0.0,-0.13043,-2.780000000000001,3,6.189999999999998,12.659999999999997,17.480000000000004,9.030000000000001,6.259999999999991,16.14,11.75,7.219999999999999,8.149999999999991,5.530000000000001,8.790000000000006,-7.330000000000002,8.670000000000002,0.5600000000000023,1,1.0
-0.020000000000000018,0.2918978912319645,-61.33,189.33999999999997,0.0,0.0,0.13043,2.4299999999999997,1,2.3200000000000074,-5.769999999999996,-6.68,0.8599999999999994,-0.3199999999999932,-9.14,-7.18,-2.3599999999999994,-4.359999999999999,2.1399999999999864,8.129999999999995,5.700000000000003,-2.200000000000003,-5.709999999999994,-1,0.0
0.08999999999999997,1.002272727272727,-26.33,144.33000000000004,0.0,0.0,0.04347999999999999,-0.39000000000000057,1,4.680000000000007,5.849999999999994,4.329999999999998,5.049999999999997,5.099999999999994,14.850000000000001,15.719999999999999,2.049999999999997,3.780000000000001,3.3400000000000034,0.4200000000000017,0.7199999999999989,10.119999999999997,-0.45000000000000284,1,0.0
0.12000000000000005,0.7183077386329426,-6.33,42.0,0.0,0.0,-0.13043999999999997,0.0400000000000027,10,8.08999999999999,6.0,-0.18999999999999773,10.429999999999993,4.910000000000004,2.5700000000000003,11.0,5.279999999999994,5.479999999999997,12.899999999999991,9.189999999999998,6.91,4.710000000000001,6.030000000000001,1,1.0
0.050000000000000044,-0.18527192297684136,5.659999999999998,-33.33000000000004,0.0,0.0,-0.17391,0.7899999999999991,-7,-7.6200000000000045,-4.519999999999996,-4.659999999999997,-5.480000000000004,-10.099999999999994,-1.0499999999999972,1.8599999999999994,-7.3799999999999955,-5.050000000000011,-0.9000000000000057,-3.530000000000001,-1.2899999999999991,3.2900000000000063,-7.000000000000007,-1,0.0
-0.010000000000000009,-0.08159392789373832,-15.670000000000002,46.66000000000008,0.0,0.0,0.13043,1.5599999999999987,0,0.8400000000000034,-4.640000000000001,-7.25,1.0700000000000074,-0.7000000000000028,-3.489999999999995,1.5399999999999991,-6.890000000000001,-3.3499999999999943,-2.769999999999996,-7.769999999999996,0.23999999999999844,-2.020000000000003,-1.9899999999999949,-1,0.0
-0.04999999999999999,-0.2839154193395108,5.340000000000003,-25.33000000000004,0.0,0.0,0.17390999999999998,1.5599999999999987,0,0.6000000000000085,-4.200000000000003,-6.449999999999996,0.04999999999999716,5.000000000000007,-7.149999999999999,-6.149999999999999,0.3499999999999943,0.20000000000000284,-0.20000000000000284,1.0999999999999943,11.66,-2.539999999999999,-3.8500000000000014,1,0.5
0.10999999999999999,0.6477401129943501,-33.67,136.0,0.0,0.0,-0.43478,1.2600000000000016,2,6.189999999999998,6.6299999999999955,7.919999999999995,2.969999999999999,0.20999999999999375,10.950000000000003,8.010000000000005,6.829999999999998,7.8700000000000045,0.8999999999999915,6.289999999999992,1.1199999999999974,10.52000000000001,3.479999999999997,-1,0.0
-0.10999999999999993,-0.895738203957382,11.340000000000003,-43.33000000000004,0.0,0.0,-0.52174,-0.08999999999999986,1,-4.890000000000001,-7.859999999999999,-12.21,-7.590000000000003,-10.669999999999995,-4.409999999999997,-4.18,-15.259999999999998,-13.240000000000002,-8.650000000000006,-6.509999999999991,0.879999999999999,-9.29,-2.479999999999997,1,0.5
-0.06,-0.9972739663789187,49.0,-275.6600000000001,0.0,0.0,-0.26087,0.9600000000000009,-2,-15.090000000000003,-14.560000000000002,-21.180000000000007,-17.930000000000007,-11.059999999999995,-16.840000000000003,-18.0,-14.119999999999997,-17.799999999999997,-12.780000000000001,-12.040000000000006,-3.370000000000001,-15.0,-5.390000000000001,-1,0.0
-0.09000000000000002,-1.2970898624880085,-31.0,84.66000000000003,0.0,0.0,0.0,1.610000000000003,-1,5.510000000000005,-0.6700000000000017,3.559999999999995,-1.0799999999999983,4.770000000000003,2.240000000000002,6.079999999999998,-1.4500000000000028,0.7999999999999972,1.8100000000000023,1.0999999999999943,2.020000000000003,3.750000000000007,2.020000000000003,1,1.0
-0.04999999999999999,-0.5075585789871502,43.0,-159.0,0.0,0.0,-0.47826,-0.16999999999999815,-3,-8.219999999999999,0.4799999999999969,5.219999999999999,-0.6200000000000045,6.300000000000004,4.270000000000003,-8.350000000000001,-1.6899999999999977,-1.1299999999999955,2.009999999999991,4.290000000000006,-3.4099999999999966,-1.6099999999999994,-2.950000000000003,1,1.0
-0.19,-1.6987012987012986,23.0,-125.66000000000008,0.0,0.0,0.0,-0.3000000000000007,-2,-14.650000000000006,-12.18,-10.200000000000003,-13.420000000000002,-14.869999999999997,-15.049999999999997,-16.449999999999996,-6.239999999999995,-8.490000000000009,-12.350000000000009,-8.58999999999999,-2.4199999999999946,-15.14,-11.89,-1,0.0
0.030000000000000027,0.08433315945053033,25.0,-105.66000000000008,0.0,0.0,-0.34783,0.4800000000000004,1,-4.410000000000011,-2.049999999999997,-0.5499999999999972,1.5699999999999932,-0.35999999999999943,6.280000000000001,8.21,4.830000000000005,4.189999999999991,0.46999999999999886,-0.7399999999999949,-2.150000000000002,-2.990000000000002,5.310000000000002,-1,0.0
-0.10999999999999999,-1.7492063492063492,15.329999999999998,-135.33000000000004,0.0,0.0,-0.26087,-0.870000000000001,2,-9.75,-5.579999999999998,-5.719999999999999,-9.200000000000003,-13.239999999999995,-7.329999999999998,-3.539999999999999,-2.549999999999997,-2.1500000000000057,-1.2000000000000028,1.8700000000000045,-4.060000000000002,1.1500000000000057,0.19999999999999574,1,1.0
0.009999999999999898,0.5416666666666665,14.340000000000003,-35.66999999999996,0.0,0.0,0.17390999999999998,-1.0899999999999999,-2,-10.170000000000002,-5.600000000000001,-7.400000000000006,-8.049999999999997,-8.400000000000006,6.850000000000001,3.0500000000000043,-5.450000000000003,-8.070000000000007,-6.700000000000003,-7.75,-7.689999999999998,-3.75,-2.5700000000000003,-1,0.0
-0.15000000000000002,0.06387921022067289,33.66,-150.66000000000008,0.0,0.0,0.43478000000000006,-2.870000000000001,-9,-5.049999999999997,-2.0,4.520000000000003,-7.6699999999999875,-5.580000000000005,0.3299999999999983,-3.6700000000000017,4.480000000000004,4.239999999999995,-4.089999999999989,-8.669999999999987,-7.360000000000003,-3.9000000000000057,-2.789999999999999,-1,0.0
0.12999999999999995,1.37125609472951,-22.340000000000003,110.0,0.0,0.0,0.0,-0.34999999999999787,0,5.670000000000002,12.079999999999998,11.089999999999996,6.920000000000002,9.059999999999995,11.0,8.920000000000002,13.639999999999993,11.470000000000006,1.7800000000000011,6.339999999999989,1.5399999999999991,13.360000000000007,7.459999999999994,1,1.0
0.16000000000000003,1.1557067271352983,-44.33,171.33000000000004,0.0,0.0,0.52174,1.0799999999999983,0,2.3900000000000006,2.0600000000000023,-5.0,-6.109999999999999,-7.950000000000003,-1.730000000000004,1.0,-8.939999999999998,-5.609999999999999,-4.829999999999998,-7.829999999999998,-0.6999999999999993,-0.8100000000000023,-2.8299999999999983,1,0.5
-0.009999999999999953,0.1842940243257536,20.67,-70.66000000000008,0.0,0.0,0.08696000000000001,-2.09,0,-7.019999999999996,-1.0400000000000063,2.539999999999999,-3.940000000000012,-4.339999999999996,-6.600000000000001,-5.829999999999998,-0.75,-2.180000000000007,-1.3500000000000085,2.509999999999991,2.6400000000000006,-4.939999999999998,-2.8500000000000014,1,1.0
0.0,0.3454728370221327,-12.0,46.0,0.0,0.0,0.26087,-1.870000000000001,0,0.5100000000000051,1.3699999999999974,2.6000000000000014,-0.12999999999999545,1.4699999999999989,-3.759999999999998,-7.18,3.3299999999999983,3.1700000000000017,5.599999999999994,4.040000000000006,4.090000000000003,-0.5200000000000031,-9.910000000000004,1,1.0
0.09000000000000002,0.5527974783293934,-6.33,33.33000000000004,0.0,0.0,-0.04348000000000002,0.0400000000000027,3,8.0,10.389999999999993,10.319999999999993,14.209999999999994,17.42000000000001,9.190000000000005,2.8399999999999963,4.480000000000004,7.430000000000007,10.299999999999997,17.24000000000001,4.020000000000003,7.140000000000001,2.6400000000000006,-1,0.0
-0.09000000000000002,-0.4026043050757382,-62.67,309.66,0.0,0.0,0.26087,0.08999999999999986,1,12.950000000000003,6.840000000000003,11.390000000000008,8.350000000000009,10.979999999999997,11.880000000000003,11.380000000000003,7.36999999999999,8.049999999999997,7.490000000000009,9.14,3.120000000000001,7.520000000000003,4.850000000000001,1,1.0
-0.030000000000000027,0.3559837728194726,-39.0,131.66999999999996,0.0,0.0,-0.13044,3.2600000000000016,0,4.640000000000001,-1.5500000000000043,-5.580000000000005,4.710000000000001,2.3000000000000043,2.0700000000000003,4.170000000000002,-3.3800000000000097,-4.740000000000009,1.7199999999999989,7.75,3.3800000000000026,3.8100000000000023,5.020000000000003,1,1.0
0.22000000000000003,2.1285072951739616,-10.0,66.0,0.0,0.0,-0.08695999999999998,-1.0899999999999999,3,10.75,11.5,12.250000000000007,14.86,15.979999999999997,17.57,17.479999999999997,14.399999999999999,15.850000000000001,18.42,11.89,4.359999999999996,11.629999999999995,7.289999999999999,1,1.0
0.14,0.27683765203595945,-7.34,62.0,0.0,0.0,0.30434999999999995,1.4800000000000004,-3,-4.190000000000012,-3.8599999999999994,-8.229999999999997,-6.140000000000001,-10.099999999999994,2.6200000000000045,5.100000000000001,-6.039999999999992,-7.760000000000005,-4.090000000000003,-8.580000000000013,-0.07000000000000028,1.6700000000000017,-2.3599999999999994,-1,0.0
-0.16999999999999993,-0.8857142857142857,-3.3400000000000034,5.339999999999918,0.0,0.0,0.26087000000000005,-1.0399999999999991,1,7.140000000000001,3.9499999999999957,3.8100000000000023,1.0,-3.1499999999999986,-6.670000000000002,2.519999999999996,2.8599999999999994,5.719999999999999,0.4300000000000068,-3.1999999999999886,3.599999999999998,3.049999999999997,-1.9299999999999997,1,1.0
0.019999999999999962,-0.10270009643201528,-5.0,24.0,0.0,0.0,-0.21739,0.5300000000000011,0,6.179999999999993,5.680000000000007,4.710000000000001,2.8700000000000045,5.039999999999999,10.089999999999996,4.289999999999999,7.640000000000001,5.530000000000001,4.1200000000000045,5.260000000000005,-2.879999999999999,6.960000000000001,4.839999999999996,1,1.0
-0.020000000000000018,-0.475517890772128,10.999999999999998,-66.66999999999996,0.0,0.0,0.52174,0.4399999999999977,-1,-0.7800000000000011,-4.219999999999999,1.1200000000000045,0.6700000000000017,1.6099999999999994,-6.590000000000003,-4.740000000000002,1.6200000000000045,1.769999999999996,6.8700000000000045,0.1700000000000017,-2.419999999999998,-4.070000000000007,-4.979999999999997,1,1.0
0.15000000000000002,1.399878271454657,13.670000000000002,-33.99999999999994,0.0,0.0,0.0,-1.0500000000000007,1,2.1400000000000006,7.719999999999999,9.79,9.579999999999998,0.0799999999999983,4.960000000000001,6.619999999999997,6.750000000000007,9.75,5.289999999999992,2.9000000000000057,0.25,7.479999999999997,0.5399999999999991,-1,0.0
0.019999999999999962,0.72351598173516,11.329999999999998,-26.0,0.0,0.0,0.43478,-1.6099999999999994,-2,-0.519999999999996,5.450000000000003,3.1700000000000017,3.950000000000003,8.850000000000001,0.04999999999999716,0.9099999999999966,6.809999999999995,3.6000000000000014,0.8800000000000097,0.04999999999999716,0.4200000000000017,2.8399999999999963,3.979999999999997,1,1.0
-0.11000000000000004,-0.6481481481481481,1.33,-12.330000000000041,0.0,0.0,-0.04347999999999996,-0.9100000000000001,3,5.829999999999998,-2.539999999999999,-0.21999999999999886,6.730000000000004,1.6499999999999986,-2.539999999999999,7.350000000000001,10.629999999999995,6.739999999999995,2.8200000000000074,3.539999999999992,4.109999999999996,2.4200000000000017,5.780000000000001,-1,0.5
0.0,0.8944855574122703,-31.67,225.0,0.0,0.0,0.26087,-1.5200000000000031,2,7.439999999999998,7.510000000000005,7.8300000000000125,9.430000000000007,6.209999999999994,9.64,5.300000000000004,8.819999999999993,7.25,5.680000000000007,8.040000000000006,1.0999999999999979,3.769999999999996,2.8299999999999983,1,1.0
0.14,1.0603560573165436,-49.33,192.33000000000004,0.0,0.0,0.43478,0.21000000000000085,6,16.22,9.909999999999997,5.099999999999994,14.829999999999998,11.120000000000005,4.920000000000002,11.189999999999998,6.170000000000002,8.560000000000002,8.290000000000006,12.950000000000003,7.43,8.75,5.590000000000003,1,1.0
0.09999999999999998,0.2335928809788652,-52.34,226.33000000000004,0.0,0.0,0.47825999999999996,4.740000000000002,5,11.239999999999995,8.419999999999995,2.289999999999999,10.57,12.470000000000006,12.29,16.150000000000006,3.8599999999999994,4.569999999999993,8.950000000000003,6.189999999999998,0.4799999999999969,12.600000000000001,15.400000000000006,1,1.0
0.19,2.0441741357234315,-35.0,171.66000000000008,0.0,0.0,0.26087,-1.5700000000000003,2,15.16000000000001,13.549999999999997,12.800000000000004,13.290000000000006,16.339999999999996,11.29,9.269999999999996,9.569999999999993,11.66000000000001,17.950000000000003,12.629999999999995,6.509999999999998,14.619999999999997,1.9799999999999969,1,1.0
-0.09000000000000002,-0.5560568086883875,14.0,-61.33000000000004,0.0,0.0,-0.26087,-2.2600000000000016,0,-3.8100000000000023,-7.089999999999996,-6.350000000000001,-4.839999999999989,-7.030000000000008,-5.049999999999997,-8.380000000000003,-8.040000000000006,-6.339999999999989,-9.420000000000002,-6.210000000000008,-0.3099999999999987,-11.340000000000003,-2.989999999999995,-1,0.0
-0.019999999999999907,-0.9495934959349586,-37.0,156.0,0.0,0.0,-0.17390999999999998,1.8300000000000018,10,12.189999999999998,5.949999999999996,-0.7100000000000009,8.669999999999987,2.430000000000007,-7.0,6.189999999999998,-1.6200000000000045,1.480000000000004,4.519999999999996,5.469999999999999,10.96,6.950000000000003,0.8599999999999994,1,1.0
0.13,1.4566037735849056,-77.0,324.00000000000006,0.0,0.0,0.52174,4.09,0,15.240000000000009,9.120000000000005,10.480000000000004,16.58,23.090000000000003,4.739999999999995,5.100000000000001,6.090000000000003,9.810000000000002,13.759999999999991,9.75,5.640000000000001,7.059999999999995,-0.1699999999999946,-1,0.0
