year,home_team,away_team,result,home_Wc_Rank,home_Wc_Point,home_ATK_INDEX,home_DEF_INDEX,away_Wc_Rank,away_Wc_Point,away_ATK_INDEX,away_DEF_INDEX
1930,Belgium,United States,-1,,,,,,,,
1930,France,Mexico,1,,,,,,,,
1930,Brazil,Yugoslavia,-1,,,,,,,,
1930,Peru,Romania,-1,,,,,,,,
1930,Argentina,France,1,,,,,,,,
1930,Chile,Mexico,1,,,,,,,,
1930,Bolivia,Yugoslavia,-1,,,,,,,,
1930,Paraguay,United States,-1,,,,,,,,
1930,Uruguay,Peru,1,,,,,,,,
1930,Argentina,Mexico,1,,,,,,,,
1930,Chile,France,1,,,,,,,,
1930,Belgium,Paraguay,-1,,,,,,,,
1930,Bolivia,Brazil,-1,,,,,,,,
1930,Uruguay,Romania,1,,,,,,,,
1930,Argentina,Chile,1,,,,,,,,
1930,Argentina,United States,1,,,,,,,,
1930,Uruguay,Yugoslavia,1,,,,,,,,
1930,Uruguay,Argentina,1,,,,,,,,
1933,Sweden,Estonia,1,,,,,,,,
1933,Lithuania,Sweden,-1,,,,,,,,
1933,Yugoslavia,Switzerland,0,,,,,,,,
1933,Poland,Czechoslovakia,-1,,,,,,,,
1933,Switzerland,Romania,0,,,,,,,,
1934,Haiti,Cuba,-1,,,,,,,,
1934,Haiti,Cuba,0,,,,,,,,
1934,Haiti,Cuba,-1,,,,,,,,
1934,Republic of Ireland,Belgium,0,,,,,,,,
1934,Mexico,Cuba,1,,,,,,,,
1934,Luxembourg,Germany,-1,,,,,,,,
1934,Mexico,Cuba,1,,,,,,,,
1934,Spain,Portugal,1,,,,,,,,
1934,Egypt,Israel,1,,,,,,,,
1934,Mexico,Cuba,1,,,,,,,,
1934,Portugal,Spain,-1,,,,,,,,
1934,Bulgaria,Hungary,-1,,,,,,,,
1934,Italy,Greece,1,,,,,,,,
1934,Israel,Egypt,-1,,,,,,,,
1934,Netherlands,Republic of Ireland,1,,,,,,,,
1934,Luxembourg,France,-1,,,,,,,,
1934,Austria,Bulgaria,1,,,,,,,,
1934,Hungary,Bulgaria,1,,,,,,,,
1934,Belgium,Netherlands,-1,,,,,,,,
1934,Romania,Yugoslavia,1,,,,,,,,
1934,Mexico,United States,-1,,,,,,,,
1934,Argentina,Sweden,-1,,,,,,,,
1934,Austria,France,1,,,,,,,,
1934,Belgium,Germany,-1,,,,,,,,
1934,Brazil,Spain,-1,,,,,,,,
1934,Czechoslovakia,Romania,1,,,,,,,,
1934,Egypt,Hungary,-1,,,,,,,,
1934,Italy,United States,1,,,,,,,,
1934,Netherlands,Switzerland,-1,,,,,,,,
1934,Austria,Hungary,1,,,,,,,,
1934,Czechoslovakia,Switzerland,1,,,,,,,,
1934,Germany,Sweden,1,,,,,,,,
1934,Italy,Spain,0,,,,,,,,
1934,Italy,Spain,1,,,,,,,,
1934,Czechoslovakia,Germany,1,,,,,,,,
1934,Italy,Austria,1,,,,,,,,
1934,Austria,Germany,-1,,,,,,,,
1934,Italy,Czechoslovakia,1,,,,,,,,
1937,Sweden,Finland,1,,,,,,,,
1937,Sweden,Estonia,1,,,,,,,,
1937,Finland,Germany,-1,,,,,,,,
1937,Latvia,Lithuania,1,,,,,,,,
1937,Finland,Estonia,-1,,,,,,,,
1937,Germany,Estonia,1,,,,,,,,
1937,Lithuania,Latvia,-1,,,,,,,,
1937,Austria,Latvia,1,,,,,,,,
1937,Norway,Republic of Ireland,1,,,,,,,,
1937,Poland,Yugoslavia,1,,,,,,,,
1937,Bulgaria,Czechoslovakia,0,,,,,,,,
1937,Republic of Ireland,Norway,0,,,,,,,,
1937,Germany,Sweden,1,,,,,,,,
1937,Netherlands,Luxembourg,1,,,,,,,,
1938,Israel,Greece,-1,,,,,,,,
1938,Greece,Israel,1,,,,,,,,
1938,Luxembourg,Belgium,-1,,,,,,,,
1938,Hungary,Greece,1,,,,,,,,
1938,Belgium,Netherlands,0,,,,,,,,
1938,Yugoslavia,Poland,1,,,,,,,,
1938,Czechoslovakia,Bulgaria,1,,,,,,,,
1938,Switzerland,Portugal,1,,,,,,,,
1938,Germany,Switzerland,0,,,,,,,,
1938,Brazil,Poland,1,,,,,,,,
1938,Cuba,Romania,0,,,,,,,,
1938,Czechoslovakia,Netherlands,1,,,,,,,,
1938,France,Belgium,1,,,,,,,,
1938,Hungary,Indonesia,1,,,,,,,,
1938,Italy,Norway,1,,,,,,,,
1938,Cuba,Romania,1,,,,,,,,
1938,Germany,Switzerland,-1,,,,,,,,
1938,Brazil,Czechoslovakia,0,,,,,,,,
1938,Cuba,Sweden,-1,,,,,,,,
1938,France,Italy,-1,,,,,,,,
1938,Hungary,Switzerland,1,,,,,,,,
1938,Brazil,Czechoslovakia,1,,,,,,,,
1938,Brazil,Italy,-1,,,,,,,,
1938,Hungary,Sweden,1,,,,,,,,
1938,Brazil,Sweden,1,,,,,,,,
1938,Hungary,Italy,-1,,,,,,,,
1949,Sweden,Republic of Ireland,1,,,,,,,,
1949,Switzerland,Luxembourg,1,,,,,,,,
1949,Yugoslavia,Israel,1,,,,,,,,
1949,Republic of Ireland,Finland,1,,,,,,,,
1949,Israel,Yugoslavia,-1,,,,,,,,
1949,Luxembourg,Switzerland,-1,,,,,,,,
1949,Mexico,United States,1,,,,,,,,
1949,United States,Cuba,1,,,,,,,,
1949,Mexico,Cuba,1,,,,,,,,
1949,Northern Ireland,Scotland,-1,,,,,,,,
1949,Finland,Republic of Ireland,0,,,,,,,,
1949,Yugoslavia,France,0,,,,,,,,
1949,Wales,England,-1,,,,,,,,
1949,France,Yugoslavia,0,,,,,,,,
1949,Scotland,Wales,1,,,,,,,,
1949,Republic of Ireland,Sweden,-1,,,,,,,,
1949,England,Northern Ireland,1,,,,,,,,
1949,Turkey,Syria,1,,,,,,,,
1949,France,Yugoslavia,-1,,,,,,,,
1950,Wales,Northern Ireland,0,,,,,,,,
1950,Spain,Portugal,1,,,,,,,,
1950,Portugal,Spain,0,,,,,,,,
1950,Scotland,England,-1,,,,,,,,
1950,Brazil,Mexico,1,,,,,,,,
1950,Chile,England,-1,,,,,,,,
1950,Italy,Sweden,-1,,,,,,,,
1950,Spain,United States,1,,,,,,,,
1950,Switzerland,Yugoslavia,-1,,,,,,,,
1950,Brazil,Switzerland,0,,,,,,,,
1950,Mexico,Yugoslavia,-1,,,,,,,,
1950,Chile,Spain,-1,,,,,,,,
1950,England,United States,-1,,,,,,,,
1950,Paraguay,Sweden,0,,,,,,,,
1950,Brazil,Yugoslavia,1,,,,,,,,
1950,Bolivia,Uruguay,-1,,,,,,,,
1950,Chile,United States,1,,,,,,,,
1950,England,Spain,-1,,,,,,,,
1950,Italy,Paraguay,1,,,,,,,,
1950,Mexico,Switzerland,-1,,,,,,,,
1950,Brazil,Sweden,1,,,,,,,,
1950,Spain,Uruguay,0,,,,,,,,
1950,Brazil,Spain,1,,,,,,,,
1950,Sweden,Uruguay,-1,,,,,,,,
1950,Brazil,Uruguay,-1,,,,,,,,
1950,Spain,Sweden,-1,,,,,,,,
1953,Yugoslavia,Greece,1,,,,,,,,
1953,Finland,Belgium,-1,,,,,,,,
1953,Sweden,Belgium,-1,,,,,,,,
1953,Czechoslovakia,Romania,1,,,,,,,,
1953,Norway,Saarland,-1,,,,,,,,
1953,Romania,Bulgaria,1,,,,,,,,
1953,Mexico,Haiti,1,,,,,,,,
1953,Finland,Sweden,0,,,,,,,,
1953,Sweden,Finland,1,,,,,,,,
1953,Norway,Germany,0,,,,,,,,
1953,Bulgaria,Czechoslovakia,-1,,,,,,,,
1953,Luxembourg,France,-1,,,,,,,,
1953,Belgium,Finland,0,,,,,,,,
1953,Austria,Portugal,1,,,,,,,,
1953,Republic of Ireland,France,-1,,,,,,,,
1953,Belgium,Sweden,1,,,,,,,,
1953,Bulgaria,Romania,-1,,,,,,,,
1953,Germany,Saarland,1,,,,,,,,
1953,Romania,Czechoslovakia,-1,,,,,,,,
1953,Republic of Ireland,Luxembourg,1,,,,,,,,
1953,Greece,Israel,1,,,,,,,,
1953,Czechoslovakia,Bulgaria,0,,,,,,,,
1953,Saarland,Norway,0,,,,,,,,
1953,Yugoslavia,Israel,1,,,,,,,,
1953,Egypt,Italy,-1,,,,,,,,
1953,Germany,Norway,1,,,,,,,,
1953,France,Republic of Ireland,1,,,,,,,,
1953,Portugal,Austria,0,,,,,,,,
1953,France,Luxembourg,1,,,,,,,,
1953,Haiti,Mexico,-1,,,,,,,,
1954,Spain,Turkey,1,,,,,,,,
1954,Mexico,United States,1,,,,,,,,
1954,Mexico,United States,1,,,,,,,,
1954,Italy,Egypt,1,,,,,,,,
1954,Paraguay,Chile,1,,,,,,,,
1954,Chile,Paraguay,-1,,,,,,,,
1954,Chile,Brazil,-1,,,,,,,,
1954,Japan,South Korea,-1,,,,,,,,
1954,Luxembourg,Republic of Ireland,-1,,,,,,,,
1954,Paraguay,Brazil,-1,,,,,,,,
1954,Israel,Greece,-1,,,,,,,,
1954,Brazil,Chile,1,,,,,,,,
1954,Japan,South Korea,0,,,,,,,,
1954,Turkey,Spain,1,,,,,,,,
1954,Turkey,Spain,0,,,,,,,,
1954,Israel,Yugoslavia,-1,,,,,,,,
1954,Brazil,Paraguay,1,,,,,,,,
1954,Greece,Yugoslavia,-1,,,,,,,,
1954,Saarland,Germany,-1,,,,,,,,
1954,Haiti,United States,-1,,,,,,,,
1954,Haiti,United States,-1,,,,,,,,
1954,Austria,Scotland,1,,,,,,,,
1954,Brazil,Mexico,1,,,,,,,,
1954,Czechoslovakia,Uruguay,-1,,,,,,,,
1954,France,Yugoslavia,-1,,,,,,,,
1954,Belgium,England,0,,,,,,,,
1954,Germany,Turkey,1,,,,,,,,
1954,Hungary,South Korea,1,,,,,,,,
1954,Switzerland,Italy,1,,,,,,,,
1954,Austria,Czechoslovakia,1,,,,,,,,
1954,Brazil,Yugoslavia,0,,,,,,,,
1954,France,Mexico,1,,,,,,,,
1954,Scotland,Uruguay,-1,,,,,,,,
1954,Belgium,Italy,-1,,,,,,,,
1954,Germany,Hungary,-1,,,,,,,,
1954,South Korea,Turkey,-1,,,,,,,,
1954,Switzerland,England,-1,,,,,,,,
1954,Germany,Turkey,1,,,,,,,,
1954,Switzerland,Italy,1,,,,,,,,
1954,England,Uruguay,-1,,,,,,,,
1954,Switzerland,Austria,-1,,,,,,,,
1954,Brazil,Hungary,-1,,,,,,,,
1954,Germany,Yugoslavia,1,,,,,,,,
1954,Austria,Germany,-1,,,,,,,,
1954,Hungary,Uruguay,1,,,,,,,,
1954,Austria,Uruguay,1,,,,,,,,
1954,Germany,Hungary,1,,,,,,,,
1956,Austria,Luxembourg,1,,,,,,,,
1956,Republic of Ireland,Denmark,1,,,,,,,,
1956,France,Belgium,1,,,,,,,,
1956,England,Denmark,1,,,,,,,,
1957,Portugal,Northern Ireland,0,,,,,,,,
1957,Guatemala,Costa Rica,-1,,,,,,,,
1957,Costa Rica,Guatemala,1,,,,,,,,
1957,Costa Rica,Curaçao,1,,,,,,,,
1957,Sudan,Syria,1,,,,,,,,
1957,Spain,Switzerland,0,,,,,,,,
1957,Guatemala,Curaçao,-1,,,,,,,,
1957,Netherlands,Luxembourg,1,,,,,,,,
1957,Mexico,United States,1,,,,,,,,
1957,Peru,Brazil,0,,,,,,,,
1957,Brazil,Peru,1,,,,,,,,
1957,Italy,Northern Ireland,1,,,,,,,,
1957,United States,Mexico,-1,,,,,,,,
1957,Northern Ireland,Portugal,1,,,,,,,,
1957,Wales,Czechoslovakia,1,,,,,,,,
1957,Greece,Yugoslavia,0,,,,,,,,
1957,England,Republic of Ireland,1,,,,,,,,
1957,Scotland,Spain,1,,,,,,,,
1957,Indonesia,China PR,1,,,,,,,,
1957,Denmark,England,-1,,,,,,,,
1957,German DR,Wales,1,,,,,,,,
1957,Republic of Ireland,England,0,,,,,,,,
1957,Switzerland,Scotland,-1,,,,,,,,
1957,Norway,Bulgaria,-1,,,,,,,,
1957,Syria,Sudan,0,,,,,,,,
1957,Austria,Netherlands,1,,,,,,,,
1957,Czechoslovakia,Wales,1,,,,,,,,
1957,Portugal,Italy,1,,,,,,,,
1957,Spain,Scotland,1,,,,,,,,
1957,China PR,Indonesia,1,,,,,,,,
1957,France,Iceland,1,,,,,,,,
1957,Belgium,Iceland,1,,,,,,,,
1957,Norway,Hungary,1,,,,,,,,
1957,Colombia,Uruguay,0,,,,,,,,
1957,Czechoslovakia,German DR,1,,,,,,,,
1957,Greece,Romania,-1,,,,,,,,
1957,Colombia,Paraguay,-1,,,,,,,,
1957,Canada,United States,1,,,,,,,,
1957,China PR,Indonesia,0,,,,,,,,
1957,Hungary,Bulgaria,1,,,,,,,,
1957,Russia,Poland,1,,,,,,,,
1957,Mexico,Canada,1,,,,,,,,
1957,Uruguay,Colombia,1,,,,,,,,
1957,Mexico,Canada,1,,,,,,,,
1957,Finland,Poland,-1,,,,,,,,
1957,United States,Canada,-1,,,,,,,,
1957,Paraguay,Colombia,1,,,,,,,,
1957,Paraguay,Uruguay,1,,,,,,,,
1957,Russia,Finland,1,,,,,,,,
1957,Uruguay,Paraguay,1,,,,,,,,
1957,Curaçao,Costa Rica,-1,,,,,,,,
1957,Finland,Russia,-1,,,,,,,,
1957,Iceland,France,-1,,,,,,,,
1957,Iceland,Belgium,-1,,,,,,,,
1957,Netherlands,Luxembourg,1,,,,,,,,
1957,Bulgaria,Hungary,-1,,,,,,,,
1957,Chile,Bolivia,1,,,,,,,,
1957,Netherlands,Austria,0,,,,,,,,
1957,Wales,German DR,1,,,,,,,,
1957,Bolivia,Chile,1,,,,,,,,
1957,Luxembourg,Austria,-1,,,,,,,,
1957,Romania,Yugoslavia,0,,,,,,,,
1957,Denmark,Republic of Ireland,-1,,,,,,,,
1957,Bolivia,Argentina,1,,,,,,,,
1957,Chile,Argentina,-1,,,,,,,,
1957,Argentina,Chile,1,,,,,,,,
1957,Mexico,Costa Rica,1,,,,,,,,
1957,Poland,Russia,1,,,,,,,,
1957,Argentina,Bolivia,1,,,,,,,,
1957,Belgium,France,0,,,,,,,,
1957,Costa Rica,Mexico,0,,,,,,,,
1957,German DR,Czechoslovakia,-1,,,,,,,,
1957,Bulgaria,Norway,1,,,,,,,,
1957,Poland,Finland,1,,,,,,,,
1957,Romania,Greece,1,,,,,,,,
1957,Scotland,Switzerland,1,,,,,,,,
1957,Hungary,Norway,1,,,,,,,,
1957,Yugoslavia,Greece,1,,,,,,,,
1957,Yugoslavia,Romania,1,,,,,,,,
1957,Poland,Russia,-1,,,,,,,,
1957,Switzerland,Spain,-1,,,,,,,,
1957,Italy,Portugal,1,,,,,,,,
1958,Israel,Wales,-1,,,,,,,,
1958,Northern Ireland,Italy,1,,,,,,,,
1958,Wales,Israel,1,,,,,,,,
1958,Argentina,Germany,-1,,,,,,,,
1958,Austria,Brazil,-1,,,,,,,,
1958,Czechoslovakia,Northern Ireland,-1,,,,,,,,
1958,England,Russia,0,,,,,,,,
1958,France,Paraguay,1,,,,,,,,
1958,Hungary,Wales,0,,,,,,,,
1958,Scotland,Yugoslavia,0,,,,,,,,
1958,Sweden,Mexico,1,,,,,,,,
1958,Argentina,Northern Ireland,1,,,,,,,,
1958,Austria,Russia,-1,,,,,,,,
1958,Brazil,England,0,,,,,,,,
1958,Czechoslovakia,Germany,0,,,,,,,,
1958,France,Yugoslavia,-1,,,,,,,,
1958,Mexico,Wales,0,,,,,,,,
1958,Paraguay,Scotland,1,,,,,,,,
1958,Sweden,Hungary,1,,,,,,,,
1958,Argentina,Czechoslovakia,-1,,,,,,,,
1958,Austria,England,0,,,,,,,,
1958,Brazil,Russia,1,,,,,,,,
1958,France,Scotland,1,,,,,,,,
1958,Germany,Northern Ireland,0,,,,,,,,
1958,Hungary,Mexico,1,,,,,,,,
1958,Paraguay,Yugoslavia,0,,,,,,,,
1958,Sweden,Wales,0,,,,,,,,
1958,Czechoslovakia,Northern Ireland,-1,,,,,,,,
1958,England,Russia,-1,,,,,,,,
1958,Hungary,Wales,-1,,,,,,,,
1958,Brazil,Wales,1,,,,,,,,
1958,France,Northern Ireland,1,,,,,,,,
1958,Germany,Yugoslavia,1,,,,,,,,
1958,Sweden,Russia,1,,,,,,,,
1958,Brazil,France,1,,,,,,,,
1958,Sweden,Germany,1,,,,,,,,
1958,France,Germany,1,,,,,,,,
1958,Sweden,Brazil,-1,,,,,,,,
1960,Costa Rica,Guatemala,1,,,,,,,,
1960,Ghana,Nigeria,1,,,,,,,,
1960,Guatemala,Costa Rica,0,,,,,,,,
1960,Honduras,Costa Rica,1,,,,,,,,
1960,Nigeria,Ghana,0,,,,,,,,
1960,Costa Rica,Honduras,1,,,,,,,,
1960,Finland,France,-1,,,,,,,,
1960,Honduras,Guatemala,0,,,,,,,,
1960,Suriname,Curaçao,-1,,,,,,,,
1960,Luxembourg,England,-1,,,,,,,,
1960,Sweden,Belgium,1,,,,,,,,
1960,Northern Ireland,Germany,-1,,,,,,,,
1960,Morocco,Tunisia,1,,,,,,,,
1960,United States,Mexico,0,,,,,,,,
1960,South Korea,Japan,1,,,,,,,,
1960,Mexico,United States,1,,,,,,,,
1960,Cyprus,Israel,0,,,,,,,,
1960,Tunisia,Morocco,1,,,,,,,,
1960,Belgium,Switzerland,-1,,,,,,,,
1960,Greece,Germany,-1,,,,,,,,
1960,Curaçao,Suriname,0,,,,,,,,
1960,Israel,Cyprus,1,,,,,,,,
1960,Ecuador,Argentina,-1,,,,,,,,
1960,France,Bulgaria,1,,,,,,,,
1960,Argentina,Ecuador,1,,,,,,,,
1961,Costa Rica,Honduras,1,,,,,,,,
1961,Morocco,Tunisia,0,,,,,,,,
1961,Israel,Ethiopia,1,,,,,,,,
1961,Israel,Ethiopia,1,,,,,,,,
1961,Portugal,Luxembourg,1,,,,,,,,
1961,Costa Rica,Mexico,1,,,,,,,,
1961,Costa Rica,Curaçao,1,,,,,,,,
1961,Ghana,Morocco,0,,,,,,,,
1961,Mexico,Curaçao,1,,,,,,,,
1961,Mexico,Costa Rica,1,,,,,,,,
1961,Hungary,German DR,1,,,,,,,,
1961,Wales,Spain,-1,,,,,,,,
1961,Curaçao,Costa Rica,1,,,,,,,,
1961,Colombia,Peru,1,,,,,,,,
1961,Netherlands,Hungary,-1,,,,,,,,
1961,Greece,Northern Ireland,1,,,,,,,,
1961,Scotland,Republic of Ireland,1,,,,,,,,
1961,Republic of Ireland,Scotland,-1,,,,,,,,
1961,Peru,Colombia,0,,,,,,,,
1961,Germany,Northern Ireland,1,,,,,,,,
1961,Czechoslovakia,Scotland,1,,,,,,,,
1961,German DR,Netherlands,0,,,,,,,,
1961,Spain,Wales,0,,,,,,,,
1961,Switzerland,Belgium,1,,,,,,,,
1961,Curaçao,Mexico,0,,,,,,,,
1961,Portugal,England,0,,,,,,,,
1961,Morocco,Ghana,1,,,,,,,,
1961,Sweden,Switzerland,1,,,,,,,,
1961,Norway,Turkey,-1,,,,,,,,
1961,Yugoslavia,Poland,1,,,,,,,,
1961,Japan,South Korea,-1,,,,,,,,
1961,Finland,Bulgaria,-1,,,,,,,,
1961,Russia,Turkey,1,,,,,,,,
1961,Poland,Yugoslavia,0,,,,,,,,
1961,Russia,Norway,1,,,,,,,,
1961,Bolivia,Uruguay,0,,,,,,,,
1961,Uruguay,Bolivia,1,,,,,,,,
1961,Norway,Russia,-1,,,,,,,,
1961,German DR,Hungary,-1,,,,,,,,
1961,England,Luxembourg,1,,,,,,,,
1961,France,Finland,1,,,,,,,,
1961,Scotland,Czechoslovakia,1,,,,,,,,
1961,Belgium,Sweden,-1,,,,,,,,
1961,Republic of Ireland,Czechoslovakia,-1,,,,,,,,
1961,Luxembourg,Portugal,1,,,,,,,,
1961,Yugoslavia,South Korea,1,,,,,,,,
1961,Israel,Italy,-1,,,,,,,,
1961,Northern Ireland,Greece,1,,,,,,,,
1961,Germany,Greece,1,,,,,,,,
1961,Hungary,Netherlands,0,,,,,,,,
1961,England,Portugal,1,,,,,,,,
1961,Bulgaria,Finland,1,,,,,,,,
1961,Czechoslovakia,Republic of Ireland,1,,,,,,,,
1961,Mexico,Paraguay,1,,,,,,,,
1961,Switzerland,Sweden,1,,,,,,,,
1961,Turkey,Norway,1,,,,,,,,
1961,Italy,Israel,1,,,,,,,,
1961,Paraguay,Mexico,0,,,,,,,,
1961,Bulgaria,France,1,,,,,,,,
1961,Morocco,Spain,-1,,,,,,,,
1961,Switzerland,Sweden,1,,,,,,,,
1961,Turkey,Russia,-1,,,,,,,,
1961,Spain,Morocco,1,,,,,,,,
1961,South Korea,Yugoslavia,-1,,,,,,,,
1961,Czechoslovakia,Scotland,1,,,,,,,,
1961,Bulgaria,France,1,,,,,,,,
1962,Argentina,Bulgaria,1,,,,,,,,
1962,Brazil,Mexico,1,,,,,,,,
1962,Chile,Switzerland,1,,,,,,,,
1962,Colombia,Uruguay,-1,,,,,,,,
1962,Czechoslovakia,Spain,1,,,,,,,,
1962,England,Hungary,-1,,,,,,,,
1962,Germany,Italy,0,,,,,,,,
1962,Russia,Yugoslavia,1,,,,,,,,
1962,Argentina,England,-1,,,,,,,,
1962,Brazil,Czechoslovakia,0,,,,,,,,
1962,Chile,Italy,1,,,,,,,,
1962,Uruguay,Yugoslavia,-1,,,,,,,,
1962,Bulgaria,Hungary,-1,,,,,,,,
1962,Colombia,Russia,0,,,,,,,,
1962,Germany,Switzerland,1,,,,,,,,
1962,Mexico,Spain,-1,,,,,,,,
1962,Argentina,Hungary,0,,,,,,,,
1962,Brazil,Spain,1,,,,,,,,
1962,Chile,Germany,-1,,,,,,,,
1962,Russia,Uruguay,1,,,,,,,,
1962,Bulgaria,England,0,,,,,,,,
1962,Colombia,Yugoslavia,-1,,,,,,,,
1962,Czechoslovakia,Mexico,-1,,,,,,,,
1962,Italy,Switzerland,1,,,,,,,,
1962,Brazil,England,1,,,,,,,,
1962,Chile,Russia,1,,,,,,,,
1962,Czechoslovakia,Hungary,1,,,,,,,,
1962,Germany,Yugoslavia,-1,,,,,,,,
1962,Chile,Brazil,-1,,,,,,,,
1962,Czechoslovakia,Yugoslavia,1,,,,,,,,
1962,Chile,Yugoslavia,1,,,,,,,,
1962,Brazil,Czechoslovakia,1,,,,,,,,
1964,Netherlands,Albania,1,,,,,,,,
1964,Yugoslavia,Luxembourg,1,,,,,,,,
1964,Luxembourg,France,-1,,,,,,,,
1964,Northern Ireland,Switzerland,1,,,,,,,,
1964,Denmark,Wales,1,,,,,,,,
1964,Scotland,Finland,1,,,,,,,,
1964,Albania,Netherlands,-1,,,,,,,,
1964,Germany,Sweden,0,,,,,,,,
1964,Italy,Finland,1,,,,,,,,
1964,Luxembourg,Norway,-1,,,,,,,,
1964,France,Norway,1,,,,,,,,
1964,Switzerland,Northern Ireland,1,,,,,,,,
1964,Greece,Denmark,1,,,,,,,,
1964,Greece,Wales,1,,,,,,,,
1965,Jamaica,Cuba,1,,,,,,,,
1965,Cuba,Curaçao,0,,,,,,,,
1965,Jamaica,Curaçao,1,,,,,,,,
1965,Portugal,Turkey,1,,,,,,,,
1965,Cuba,Curaçao,-1,,,,,,,,
1965,Curaçao,Jamaica,0,,,,,,,,
1965,Cuba,Jamaica,1,,,,,,,,
1965,Trinidad and Tobago,Suriname,1,,,,,,,,
1965,Costa Rica,Suriname,1,,,,,,,,
1965,Costa Rica,Trinidad and Tobago,1,,,,,,,,
1965,Honduras,Mexico,-1,,,,,,,,
1965,Suriname,Costa Rica,-1,,,,,,,,
1965,Mexico,Honduras,1,,,,,,,,
1965,Trinidad and Tobago,Costa Rica,-1,,,,,,,,
1965,United States,Mexico,0,,,,,,,,
1965,Mexico,United States,1,,,,,,,,
1965,Suriname,Trinidad and Tobago,1,,,,,,,,
1965,Honduras,United States,-1,,,,,,,,
1965,Northern Ireland,Netherlands,1,,,,,,,,
1965,Wales,Greece,1,,,,,,,,
1965,Honduras,United States,0,,,,,,,,
1965,Netherlands,Northern Ireland,0,,,,,,,,
1965,Albania,Switzerland,-1,,,,,,,,
1965,Poland,Italy,0,,,,,,,,
1965,Yugoslavia,France,1,,,,,,,,
1965,Turkey,Portugal,-1,,,,,,,,
1965,Germany,Cyprus,1,,,,,,,,
1965,Austria,German DR,0,,,,,,,,
1965,Costa Rica,Mexico,0,,,,,,,,
1965,Czechoslovakia,Portugal,-1,,,,,,,,
1965,Romania,Turkey,1,,,,,,,,
1965,Switzerland,Albania,1,,,,,,,,
1965,Jamaica,Mexico,-1,,,,,,,,
1965,Republic of Ireland,Spain,1,,,,,,,,
1965,Sweden,Cyprus,1,,,,,,,,
1965,Mexico,Jamaica,1,,,,,,,,
1965,Northern Ireland,Albania,1,,,,,,,,
1965,Belgium,Israel,1,,,,,,,,
1965,Costa Rica,Jamaica,1,,,,,,,,
1965,Mexico,Costa Rica,1,,,,,,,,
1965,Peru,Venezuela,1,,,,,,,,
1965,Jamaica,Costa Rica,0,,,,,,,,
1965,German DR,Hungary,0,,,,,,,,
1965,Poland,Scotland,0,,,,,,,,
1965,Russia,Greece,1,,,,,,,,
1965,Uruguay,Venezuela,1,,,,,,,,
1965,Finland,Scotland,-1,,,,,,,,
1965,Norway,Luxembourg,1,,,,,,,,
1965,Romania,Czechoslovakia,1,,,,,,,,
1965,Russia,Wales,1,,,,,,,,
1965,Venezuela,Uruguay,-1,,,,,,,,
1965,Venezuela,Peru,-1,,,,,,,,
1965,Peru,Uruguay,-1,,,,,,,,
1965,Austria,Hungary,-1,,,,,,,,
1965,Bulgaria,Israel,1,,,,,,,,
1965,Uruguay,Peru,1,,,,,,,,
1965,Portugal,Romania,1,,,,,,,,
1965,Norway,Yugoslavia,1,,,,,,,,
1965,Finland,Italy,-1,,,,,,,,
1965,Russia,Denmark,1,,,,,,,,
1965,Colombia,Ecuador,-1,,,,,,,,
1965,Ecuador,Colombia,1,,,,,,,,
1965,Paraguay,Bolivia,1,,,,,,,,
1965,Argentina,Paraguay,1,,,,,,,,
1965,Chile,Colombia,1,,,,,,,,
1965,Colombia,Chile,1,,,,,,,,
1965,Paraguay,Argentina,0,,,,,,,,
1965,Ecuador,Chile,0,,,,,,,,
1965,Argentina,Bolivia,1,,,,,,,,
1965,Bolivia,Paraguay,1,,,,,,,,
1965,Chile,Ecuador,1,,,,,,,,
1965,Bolivia,Argentina,-1,,,,,,,,
1965,Hungary,Austria,1,,,,,,,,
1965,Norway,France,-1,,,,,,,,
1965,Czechoslovakia,Romania,1,,,,,,,,
1965,Luxembourg,Yugoslavia,-1,,,,,,,,
1965,Bulgaria,Belgium,1,,,,,,,,
1965,Sweden,Germany,-1,,,,,,,,
1965,Finland,Poland,1,,,,,,,,
1965,Greece,Russia,-1,,,,,,,,
1965,France,Yugoslavia,1,,,,,,,,
1965,Hungary,German DR,1,,,,,,,,
1965,Turkey,Czechoslovakia,-1,,,,,,,,
1965,Chile,Ecuador,1,,,,,,,,
1965,Scotland,Poland,-1,,,,,,,,
1965,Denmark,Russia,-1,,,,,,,,
1965,Netherlands,Switzerland,0,,,,,,,,
1965,Turkey,Romania,1,,,,,,,,
1965,Poland,Finland,1,,,,,,,,
1965,Belgium,Bulgaria,1,,,,,,,,
1965,Denmark,Greece,0,,,,,,,,
1965,Spain,Republic of Ireland,1,,,,,,,,
1965,Wales,Russia,1,,,,,,,,
1965,German DR,Austria,1,,,,,,,,
1965,Portugal,Czechoslovakia,0,,,,,,,,
1965,Italy,Poland,1,,,,,,,,
1965,France,Luxembourg,1,,,,,,,,
1965,Cyprus,Sweden,-1,,,,,,,,
1965,Yugoslavia,Norway,0,,,,,,,,
1965,Scotland,Italy,1,,,,,,,,
1965,Republic of Ireland,Spain,-1,,,,,,,,
1965,Israel,Belgium,-1,,,,,,,,
1965,Cyprus,Germany,-1,,,,,,,,
1965,Switzerland,Netherlands,1,,,,,,,,
1965,Czechoslovakia,Turkey,1,,,,,,,,
1965,Israel,Bulgaria,-1,,,,,,,,
1965,North Korea,Australia,1,,,,,,,,
1965,Romania,Portugal,1,,,,,,,,
1965,Albania,Northern Ireland,0,,,,,,,,
1965,Australia,North Korea,-1,,,,,,,,
1965,Wales,Denmark,1,,,,,,,,
1965,Italy,Scotland,1,,,,,,,,
1965,Belgium,Bulgaria,-1,,,,,,,,
1966,England,Uruguay,0,,,,,,,,
1966,Brazil,Bulgaria,1,,,,,,,,
1966,Germany,Switzerland,1,,,,,,,,
1966,North Korea,Russia,-1,,,,,,,,
1966,Argentina,Spain,1,,,,,,,,
1966,Chile,Italy,-1,,,,,,,,
1966,France,Mexico,0,,,,,,,,
1966,Hungary,Portugal,-1,,,,,,,,
1966,Brazil,Hungary,-1,,,,,,,,
1966,Chile,North Korea,0,,,,,,,,
1966,France,Uruguay,-1,,,,,,,,
1966,Spain,Switzerland,1,,,,,,,,
1966,Argentina,Germany,0,,,,,,,,
1966,Bulgaria,Portugal,-1,,,,,,,,
1966,England,Mexico,1,,,,,,,,
1966,Italy,Russia,-1,,,,,,,,
1966,Argentina,Switzerland,1,,,,,,,,
1966,Brazil,Portugal,-1,,,,,,,,
1966,Italy,North Korea,-1,,,,,,,,
1966,Mexico,Uruguay,0,,,,,,,,
1966,Bulgaria,Hungary,-1,,,,,,,,
1966,Chile,Russia,-1,,,,,,,,
1966,England,France,1,,,,,,,,
1966,Germany,Spain,1,,,,,,,,
1966,England,Argentina,1,,,,,,,,
1966,Germany,Uruguay,1,,,,,,,,
1966,Hungary,Russia,-1,,,,,,,,
1966,North Korea,Portugal,-1,,,,,,,,
1966,Germany,Russia,1,,,,,,,,
1966,England,Portugal,1,,,,,,,,
1966,Portugal,Russia,1,,,,,,,,
1966,England,Germany,1,,,,,,,,
1968,Austria,Cyprus,1,,,,,,,,
1968,Finland,Belgium,-1,,,,,,,,
1968,Netherlands,Luxembourg,1,,,,,,,,
1968,Denmark,Czechoslovakia,-1,,,,,,,,
1968,Yugoslavia,Finland,1,,,,,,,,
1968,Canada,Bermuda,1,,,,,,,,
1968,Belgium,Finland,1,,,,,,,,
1968,Sweden,Norway,1,,,,,,,,
1968,Switzerland,Greece,1,,,,,,,,
1968,Austria,Germany,-1,,,,,,,,
1968,Canada,United States,1,,,,,,,,
1968,Belgium,Yugoslavia,1,,,,,,,,
1968,Bermuda,Canada,0,,,,,,,,
1968,Czechoslovakia,Denmark,1,,,,,,,,
1968,Northern Ireland,Turkey,1,,,,,,,,
1968,Wales,Italy,-1,,,,,,,,
1968,United States,Canada,1,,,,,,,,
1968,Bulgaria,Netherlands,1,,,,,,,,
1968,Portugal,Romania,1,,,,,,,,
1968,Yugoslavia,Spain,0,,,,,,,,
1968,Zambia,Sudan,1,,,,,,,,
1968,United States,Bermuda,1,,,,,,,,
1968,Morocco,Senegal,1,,,,,,,,
1968,France,Norway,-1,,,,,,,,
1968,Scotland,Austria,1,,,,,,,,
1968,Sudan,Zambia,1,,,,,,,,
1968,Bermuda,United States,-1,,,,,,,,
1968,Algeria,Tunisia,-1,,,,,,,,
1968,Guatemala,Trinidad and Tobago,1,,,,,,,,
1968,Guatemala,Trinidad and Tobago,0,,,,,,,,
1968,Cyprus,Germany,-1,,,,,,,,
1968,Haiti,Trinidad and Tobago,1,,,,,,,,
1968,Romania,Switzerland,1,,,,,,,,
1968,Suriname,Curaçao,1,,,,,,,,
1968,Haiti,Trinidad and Tobago,-1,,,,,,,,
1968,Costa Rica,Jamaica,1,,,,,,,,
1968,Costa Rica,Jamaica,1,,,,,,,,
1968,El Salvador,Suriname,1,,,,,,,,
1968,Curaçao,Suriname,1,,,,,,,,
1968,Honduras,Jamaica,1,,,,,,,,
1968,Nigeria,Cameroon,0,,,,,,,,
1968,Haiti,Guatemala,1,,,,,,,,
1968,Honduras,Jamaica,1,,,,,,,,
1968,Cyprus,Scotland,-1,,,,,,,,
1968,Greece,Portugal,1,,,,,,,,
1968,Spain,Belgium,0,,,,,,,,
1968,Turkey,Northern Ireland,-1,,,,,,,,
1968,El Salvador,Curaçao,1,,,,,,,,
1968,El Salvador,Curaçao,1,,,,,,,,
1968,Cameroon,Nigeria,-1,,,,,,,,
1968,Honduras,Costa Rica,1,,,,,,,,
1968,Suriname,El Salvador,1,,,,,,,,
1968,Costa Rica,Honduras,0,,,,,,,,
1968,Tunisia,Algeria,0,,,,,,,,
1969,Senegal,Morocco,1,,,,,,,,
1969,Libya,Ethiopia,1,,,,,,,,
1969,Ethiopia,Libya,1,,,,,,,,
1969,Morocco,Senegal,1,,,,,,,,
1969,Belgium,Spain,1,,,,,,,,
1969,Guatemala,Haiti,0,,,,,,,,
1969,Netherlands,Luxembourg,1,,,,,,,,
1969,German DR,Italy,0,,,,,,,,
1969,German DR,Wales,1,,,,,,,,
1969,Greece,Romania,0,,,,,,,,
1969,Portugal,Switzerland,-1,,,,,,,,
1969,Scotland,Germany,0,,,,,,,,
1969,Cyprus,Austria,-1,,,,,,,,
1969,Haiti,United States,1,,,,,,,,
1969,Poland,Luxembourg,1,,,,,,,,
1969,Bulgaria,Luxembourg,1,,,,,,,,
1969,Tunisia,Morocco,0,,,,,,,,
1969,Spain,Yugoslavia,1,,,,,,,,
1969,Ethiopia,Sudan,0,,,,,,,,
1969,Republic of Ireland,Czechoslovakia,-1,,,,,,,,
1969,Portugal,Greece,0,,,,,,,,
1969,Netherlands,Poland,1,,,,,,,,
1969,Germany,Austria,1,,,,,,,,
1969,Nigeria,Ghana,1,,,,,,,,
1969,Sudan,Ethiopia,1,,,,,,,,
1969,United States,Haiti,-1,,,,,,,,
1969,Switzerland,Romania,-1,,,,,,,,
1969,Scotland,Cyprus,1,,,,,,,,
1969,Ghana,Nigeria,0,,,,,,,,
1969,Morocco,Tunisia,0,,,,,,,,
1969,Germany,Cyprus,1,,,,,,,,
1969,Hungary,Czechoslovakia,1,,,,,,,,
1969,Denmark,Republic of Ireland,1,,,,,,,,
1969,Finland,Yugoslavia,-1,,,,,,,,
1969,Honduras,El Salvador,1,,,,,,,,
1969,Republic of Ireland,Hungary,-1,,,,,,,,
1969,Tunisia,Morocco,0,,,,,,,,
1969,Bulgaria,Poland,1,,,,,,,,
1969,Denmark,Hungary,1,,,,,,,,
1969,El Salvador,Honduras,1,,,,,,,,
1969,Norway,Sweden,-1,,,,,,,,
1969,Finland,Spain,1,,,,,,,,
1969,Honduras,El Salvador,-1,,,,,,,,
1969,Ecuador,Uruguay,-1,,,,,,,,
1969,Chile,Uruguay,0,,,,,,,,
1969,Uruguay,Ecuador,1,,,,,,,,
1969,Bolivia,Argentina,1,,,,,,,,
1969,Chile,Ecuador,1,,,,,,,,
1969,Colombia,Venezuela,1,,,,,,,,
1969,Venezuela,Colombia,0,,,,,,,,
1969,Ecuador,Chile,0,,,,,,,,
1969,Peru,Argentina,1,,,,,,,,
1969,Colombia,Brazil,-1,,,,,,,,
1969,Venezuela,Paraguay,-1,,,,,,,,
1969,Bolivia,Peru,1,,,,,,,,
1969,Colombia,Paraguay,-1,,,,,,,,
1969,Uruguay,Chile,1,,,,,,,,
1969,Venezuela,Brazil,-1,,,,,,,,
1969,Paraguay,Brazil,-1,,,,,,,,
1969,Peru,Bolivia,1,,,,,,,,
1969,Brazil,Colombia,1,,,,,,,,
1969,Paraguay,Venezuela,1,,,,,,,,
1969,Argentina,Bolivia,1,,,,,,,,
1969,Brazil,Venezuela,1,,,,,,,,
1969,Paraguay,Colombia,1,,,,,,,,
1969,Argentina,Peru,0,,,,,,,,
1969,Brazil,Paraguay,1,,,,,,,,
1969,Poland,Netherlands,1,,,,,,,,
1969,Northern Ireland,Russia,0,,,,,,,,
1969,Norway,France,-1,,,,,,,,
1969,Nigeria,Sudan,0,,,,,,,,
1969,Czechoslovakia,Hungary,0,,,,,,,,
1969,Haiti,El Salvador,-1,,,,,,,,
1969,Morocco,Nigeria,1,,,,,,,,
1969,El Salvador,Haiti,-1,,,,,,,,
1969,Israel,New Zealand,1,,,,,,,,
1969,Israel,New Zealand,1,,,,,,,,
1969,Sudan,Nigeria,0,,,,,,,,
1969,Czechoslovakia,Republic of Ireland,1,,,,,,,,
1969,Haiti,El Salvador,-1,,,,,,,,
1969,Japan,Australia,-1,,,,,,,,
1969,Sudan,Morocco,0,,,,,,,,
1969,Luxembourg,Poland,-1,,,,,,,,
1969,South Korea,Japan,0,,,,,,,,
1969,Romania,Portugal,1,,,,,,,,
1969,South Korea,Australia,-1,,,,,,,,
1969,Greece,Switzerland,1,,,,,,,,
1969,Republic of Ireland,Denmark,0,,,,,,,,
1969,Russia,Turkey,1,,,,,,,,
1969,Spain,Finland,1,,,,,,,,
1969,Sweden,France,1,,,,,,,,
1969,Australia,Japan,0,,,,,,,,
1969,South Korea,Japan,1,,,,,,,,
1969,Yugoslavia,Belgium,1,,,,,,,,
1969,South Korea,Australia,0,,,,,,,,
1969,Germany,Scotland,1,,,,,,,,
1969,Hungary,Denmark,1,,,,,,,,
1969,Netherlands,Bulgaria,0,,,,,,,,
1969,Russia,Northern Ireland,1,,,,,,,,
1969,Wales,German DR,-1,,,,,,,,
1969,Morocco,Sudan,1,,,,,,,,
1969,France,Sweden,1,,,,,,,,
1969,Switzerland,Portugal,0,,,,,,,,
1969,Italy,Wales,1,,,,,,,,
1969,Austria,Scotland,1,,,,,,,,
1969,Hungary,Republic of Ireland,1,,,,,,,,
1969,Nigeria,Morocco,1,,,,,,,,
1969,Poland,Bulgaria,1,,,,,,,,
1969,Romania,Greece,0,,,,,,,,
1969,Turkey,Russia,-1,,,,,,,,
1969,Italy,German DR,1,,,,,,,,
1969,Zimbabwe,Australia,0,,,,,,,,
1969,Australia,Zimbabwe,0,,,,,,,,
1969,Zimbabwe,Australia,-1,,,,,,,,
1969,Czechoslovakia,Hungary,1,,,,,,,,
1969,Israel,Australia,1,,,,,,,,
1969,Luxembourg,Bulgaria,-1,,,,,,,,
1969,Australia,Israel,0,,,,,,,,
1970,Mexico,Russia,0,,,,,,,,
1970,Bulgaria,Peru,-1,,,,,,,,
1970,England,Romania,1,,,,,,,,
1970,Israel,Uruguay,-1,,,,,,,,
1970,Belgium,El Salvador,1,,,,,,,,
1970,Brazil,Czechoslovakia,1,,,,,,,,
1970,Germany,Morocco,1,,,,,,,,
1970,Italy,Sweden,1,,,,,,,,
1970,Belgium,Russia,-1,,,,,,,,
1970,Czechoslovakia,Romania,-1,,,,,,,,
1970,Italy,Uruguay,0,,,,,,,,
1970,Morocco,Peru,-1,,,,,,,,
1970,Brazil,England,1,,,,,,,,
1970,Bulgaria,Germany,-1,,,,,,,,
1970,Israel,Sweden,0,,,,,,,,
1970,Mexico,El Salvador,1,,,,,,,,
1970,Brazil,Romania,1,,,,,,,,
1970,El Salvador,Russia,-1,,,,,,,,
1970,Germany,Peru,1,,,,,,,,
1970,Sweden,Uruguay,1,,,,,,,,
1970,Bulgaria,Morocco,0,,,,,,,,
1970,Czechoslovakia,England,-1,,,,,,,,
1970,Israel,Italy,0,,,,,,,,
1970,Mexico,Belgium,1,,,,,,,,
1970,Brazil,Peru,1,,,,,,,,
1970,England,Germany,-1,,,,,,,,
1970,Mexico,Italy,-1,,,,,,,,
1970,Russia,Uruguay,-1,,,,,,,,
1970,Brazil,Uruguay,1,,,,,,,,
1970,Germany,Italy,-1,,,,,,,,
1970,Germany,Uruguay,1,,,,,,,,
1970,Brazil,Italy,1,,,,,,,,
1971,Malta,Hungary,-1,,,,,,,,
1972,Algeria,Guinea,1,,,,,,,,
1972,Guinea,Algeria,1,,,,,,,,
1972,Portugal,Cyprus,1,,,,,,,,
1972,Austria,Malta,1,,,,,,,,
1972,Lesotho,Zambia,0,,,,,,,,
1972,Hungary,Malta,1,,,,,,,,
1972,Cyprus,Portugal,-1,,,,,,,,
1972,Belgium,Iceland,1,,,,,,,,
1972,Belgium,Iceland,1,,,,,,,,
1972,Sweden,Hungary,0,,,,,,,,
1972,Zambia,Lesotho,1,,,,,,,,
1972,Togo,DR Congo,0,,,,,,,,
1972,Austria,Sweden,1,,,,,,,,
1972,Benin,Ghana,-1,,,,,,,,
1972,DR Congo,Togo,1,,,,,,,,
1972,Finland,Albania,1,,,,,,,,
1972,Ghana,Benin,1,,,,,,,,
1972,Kenya,Sudan,1,,,,,,,,
1972,Sudan,Kenya,1,,,,,,,,
1972,Norway,Iceland,1,,,,,,,,
1972,Nigeria,Congo,1,,,,,,,,
1972,Congo,Nigeria,0,,,,,,,,
1972,Finland,Romania,0,,,,,,,,
1972,Norway,Belgium,-1,,,,,,,,
1972,German DR,Finland,1,,,,,,,,
1972,Luxembourg,Italy,-1,,,,,,,,
1972,France,Russia,1,,,,,,,,
1972,Austria,Hungary,0,,,,,,,,
1972,Sierra Leone,Ivory Coast,-1,,,,,,,,
1972,Sweden,Malta,1,,,,,,,,
1972,Bulgaria,Northern Ireland,1,,,,,,,,
1972,Denmark,Scotland,-1,,,,,,,,
1972,Republic of Ireland,Russia,-1,,,,,,,,
1972,Spain,Yugoslavia,0,,,,,,,,
1972,Switzerland,Italy,0,,,,,,,,
1972,Luxembourg,Turkey,1,,,,,,,,
1972,Ivory Coast,Sierra Leone,1,,,,,,,,
1972,Romania,Albania,1,,,,,,,,
1972,Netherlands,Norway,1,,,,,,,,
1972,Republic of Ireland,France,1,,,,,,,,
1972,Scotland,Denmark,1,,,,,,,,
1972,Wales,England,-1,,,,,,,,
1972,Yugoslavia,Greece,1,,,,,,,,
1972,Belgium,Netherlands,0,,,,,,,,
1972,Cyprus,Bulgaria,-1,,,,,,,,
1972,Morocco,Senegal,0,,,,,,,,
1972,Malta,Austria,-1,,,,,,,,
1972,Tanzania,Ethiopia,0,,,,,,,,
1972,Ethiopia,Tanzania,0,,,,,,,,
1972,Senegal,Morocco,-1,,,,,,,,
1972,Egypt,Tunisia,1,,,,,,,,
1972,Ethiopia,Tanzania,1,,,,,,,,
1972,Mauritius,Kenya,-1,,,,,,,,
1972,Turkey,Luxembourg,1,,,,,,,,
1972,Kenya,Mauritius,0,,,,,,,,
1972,Tunisia,Egypt,1,,,,,,,,
1973,Italy,Turkey,0,,,,,,,,
1973,Greece,Spain,-1,,,,,,,,
1973,England,Wales,0,,,,,,,,
1973,Cameroon,DR Congo,-1,,,,,,,,
1973,Nigeria,Ghana,-1,,,,,,,,
1973,Guinea,Morocco,0,,,,,,,,
1973,Tunisia,Ivory Coast,0,,,,,,,,
1973,Cyprus,Northern Ireland,1,,,,,,,,
1973,Spain,Greece,1,,,,,,,,
1973,DR Congo,Cameroon,-1,,,,,,,,
1973,Ghana,Nigeria,0,,,,,,,,
1973,Ivory Coast,Tunisia,1,,,,,,,,
1973,Morocco,Guinea,1,,,,,,,,
1973,Turkey,Italy,-1,,,,,,,,
1973,DR Congo,Cameroon,1,,,,,,,,
1973,New Zealand,Australia,0,,,,,,,,
1973,Australia,Iraq,1,,,,,,,,
1973,Indonesia,New Zealand,0,,,,,,,,
1973,Australia,Indonesia,1,,,,,,,,
1973,Iraq,New Zealand,1,,,,,,,,
1973,Australia,New Zealand,0,,,,,,,,
1973,Iraq,Indonesia,0,,,,,,,,
1973,Australia,Iraq,0,,,,,,,,
1973,Indonesia,New Zealand,1,,,,,,,,
1973,Iraq,Indonesia,1,,,,,,,,
1973,Australia,Indonesia,1,,,,,,,,
1973,Iraq,New Zealand,1,,,,,,,,
1973,Northern Ireland,Portugal,0,,,,,,,,
1973,Wales,Poland,1,,,,,,,,
1973,Italy,Luxembourg,1,,,,,,,,
1973,Ethiopia,Zambia,0,,,,,,,,
1973,German DR,Albania,1,,,,,,,,
1973,Luxembourg,Switzerland,-1,,,,,,,,
1973,Zambia,Ethiopia,1,,,,,,,,
1973,Hungary,Austria,0,,,,,,,,
1973,Peru,Chile,1,,,,,,,,
1973,Bulgaria,Portugal,1,,,,,,,,
1973,Denmark,Czechoslovakia,0,,,,,,,,
1973,Iran,North Korea,0,,,,,,,,
1973,Syria,Kuwait,1,,,,,,,,
1973,Albania,Romania,-1,,,,,,,,
1973,Iran,Kuwait,1,,,,,,,,
1973,North Korea,Syria,0,,,,,,,,
1973,Iran,Syria,1,,,,,,,,
1973,North Korea,Kuwait,0,,,,,,,,
1973,Northern Ireland,Cyprus,1,,,,,,,,
1973,Switzerland,Turkey,0,,,,,,,,
1973,Iran,North Korea,1,,,,,,,,
1973,Syria,Kuwait,1,,,,,,,,
1973,Chile,Peru,1,,,,,,,,
1973,Iran,Kuwait,1,,,,,,,,
1973,North Korea,Syria,1,,,,,,,,
1973,Russia,Republic of Ireland,1,,,,,,,,
1973,Iran,Syria,-1,,,,,,,,
1973,North Korea,Kuwait,-1,,,,,,,,
1973,Israel,Japan,1,,,,,,,,
1973,Thailand,Vietnam Republic,-1,,,,,,,,
1973,Hong Kong,Malaysia,1,,,,,,,,
1973,France,Republic of Ireland,0,,,,,,,,
1973,Israel,Malaysia,1,,,,,,,,
1973,South Korea,Thailand,1,,,,,,,,
1973,Ivory Coast,Morocco,0,,,,,,,,
1973,Vietnam Republic,Japan,-1,,,,,,,,
1973,Israel,Thailand,1,,,,,,,,
1973,South Korea,Malaysia,0,,,,,,,,
1973,Japan,Hong Kong,-1,,,,,,,,
1973,South Korea,Israel,0,,,,,,,,
1973,Sweden,Austria,1,,,,,,,,
1973,Thailand,Malaysia,-1,,,,,,,,
1973,Hong Kong,Vietnam Republic,1,,,,,,,,
1973,Israel,Japan,1,,,,,,,,
1973,South Korea,Hong Kong,1,,,,,,,,
1973,Russia,France,1,,,,,,,,
1973,Romania,German DR,1,,,,,,,,
1973,South Korea,Israel,1,,,,,,,,
1973,Czechoslovakia,Denmark,1,,,,,,,,
1973,Morocco,Ivory Coast,1,,,,,,,,
1973,Finland,German DR,-1,,,,,,,,
1973,Poland,England,1,,,,,,,,
1973,Hungary,Sweden,0,,,,,,,,
1973,Colombia,Ecuador,0,,,,,,,,
1973,Colombia,Uruguay,0,,,,,,,,
1973,Ecuador,Colombia,0,,,,,,,,
1973,Ecuador,Uruguay,-1,,,,,,,,
1973,Uruguay,Colombia,-1,,,,,,,,
1973,Uruguay,Ecuador,1,,,,,,,,
1973,Iceland,Norway,-1,,,,,,,,
1973,Chile,Peru,1,,,,,,,,
1973,Ghana,DR Congo,1,,,,,,,,
1973,Zambia,Kenya,1,,,,,,,,
1973,Australia,Iran,1,,,,,,,,
1973,DR Congo,Ghana,1,,,,,,,,
1973,Kenya,Zambia,0,,,,,,,,
1973,Netherlands,Iceland,1,,,,,,,,
1973,Iran,Australia,1,,,,,,,,
1973,Netherlands,Iceland,1,,,,,,,,
1973,Bolivia,Paraguay,-1,,,,,,,,
1973,Argentina,Bolivia,1,,,,,,,,
1973,Norway,Netherlands,-1,,,,,,,,
1973,Paraguay,Argentina,0,,,,,,,,
1973,Bolivia,Argentina,-1,,,,,,,,
1973,German DR,Romania,1,,,,,,,,
1973,Northern Ireland,Bulgaria,0,,,,,,,,
1973,Poland,Wales,1,,,,,,,,
1973,Russia,Chile,0,,,,,,,,
1973,Scotland,Czechoslovakia,1,,,,,,,,
1973,Switzerland,Luxembourg,1,,,,,,,,
1973,Paraguay,Bolivia,1,,,,,,,,
1973,Argentina,Paraguay,1,,,,,,,,
1973,Albania,Finland,1,,,,,,,,
1973,Portugal,Bulgaria,0,,,,,,,,
1973,Romania,Finland,1,,,,,,,,
1973,Czechoslovakia,Scotland,1,,,,,,,,
1973,England,Poland,0,,,,,,,,
1973,Italy,Switzerland,1,,,,,,,,
1973,Yugoslavia,Spain,0,,,,,,,,
1973,Zambia,Morocco,1,,,,,,,,
1973,Australia,South Korea,0,,,,,,,,
1973,Belgium,Norway,1,,,,,,,,
1973,Zambia,DR Congo,-1,,,,,,,,
1973,South Korea,Australia,0,,,,,,,,
1973,Malta,Sweden,-1,,,,,,,,
1973,Albania,German DR,-1,,,,,,,,
1973,Australia,South Korea,1,,,,,,,,
1973,Portugal,Northern Ireland,0,,,,,,,,
1973,Bulgaria,Cyprus,1,,,,,,,,
1973,DR Congo,Zambia,1,,,,,,,,
1973,Netherlands,Belgium,0,,,,,,,,
1973,Turkey,Switzerland,1,,,,,,,,
1973,Morocco,Zambia,1,,,,,,,,
1973,Austria,Sweden,-1,,,,,,,,
1973,DR Congo,Morocco,1,,,,,,,,
1973,Greece,Yugoslavia,-1,,,,,,,,
1974,Yugoslavia,Spain,1,,,,,,,,
1974,Brazil,Yugoslavia,0,,,,,,,,
1974,DR Congo,Scotland,-1,,,,,,,,
1974,German DR,Australia,1,,,,,,,,
1974,Germany,Chile,1,,,,,,,,
1974,Italy,Haiti,1,,,,,,,,
1974,Poland,Argentina,1,,,,,,,,
1974,Sweden,Bulgaria,0,,,,,,,,
1974,Uruguay,Netherlands,-1,,,,,,,,
1974,Chile,German DR,0,,,,,,,,
1974,Germany,Australia,1,,,,,,,,
1974,Scotland,Brazil,0,,,,,,,,
1974,Yugoslavia,DR Congo,1,,,,,,,,
1974,Argentina,Italy,0,,,,,,,,
1974,Bulgaria,Uruguay,0,,,,,,,,
1974,Haiti,Poland,-1,,,,,,,,
1974,Netherlands,Sweden,0,,,,,,,,
1974,Australia,Chile,0,,,,,,,,
1974,DR Congo,Brazil,-1,,,,,,,,
1974,Germany,German DR,-1,,,,,,,,
1974,Scotland,Yugoslavia,0,,,,,,,,
1974,Argentina,Haiti,1,,,,,,,,
1974,Bulgaria,Netherlands,-1,,,,,,,,
1974,Poland,Italy,1,,,,,,,,
1974,Sweden,Uruguay,1,,,,,,,,
1974,Brazil,German DR,1,,,,,,,,
1974,Germany,Yugoslavia,1,,,,,,,,
1974,Netherlands,Argentina,1,,,,,,,,
1974,Sweden,Poland,-1,,,,,,,,
1974,Argentina,Brazil,-1,,,,,,,,
1974,German DR,Netherlands,-1,,,,,,,,
1974,Germany,Sweden,1,,,,,,,,
1974,Poland,Yugoslavia,1,,,,,,,,
1974,Argentina,German DR,0,,,,,,,,
1974,Germany,Poland,1,,,,,,,,
1974,Netherlands,Brazil,1,,,,,,,,
1974,Sweden,Yugoslavia,1,,,,,,,,
1974,Brazil,Poland,-1,,,,,,,,
1974,Germany,Netherlands,1,,,,,,,,
1976,Sierra Leone,Niger,1,,,,,,,,
1976,Burkina Faso,Mauritania,0,,,,,,,,
1976,Niger,Sierra Leone,1,,,,,,,,
1976,Mauritania,Burkina Faso,-1,,,,,,,,
1976,Algeria,Libya,1,,,,,,,,
1976,Libya,Algeria,0,,,,,,,,
1976,Zambia,Malawi,1,,,,,,,,
1976,Cyprus,Denmark,-1,,,,,,,,
1976,Malawi,Zambia,-1,,,,,,,,
1976,Finland,England,-1,,,,,,,,
1976,Sweden,Norway,1,,,,,,,,
1976,Burkina Faso,Ivory Coast,0,,,,,,,,
1976,Iceland,Belgium,-1,,,,,,,,
1976,Iceland,Netherlands,-1,,,,,,,,
1976,Norway,Switzerland,1,,,,,,,,
1976,Finland,Luxembourg,1,,,,,,,,
1976,Ivory Coast,Burkina Faso,1,,,,,,,,
1976,Bulgaria,France,0,,,,,,,,
1976,Greece,Hungary,0,,,,,,,,
1976,Switzerland,Sweden,-1,,,,,,,,
1976,Ghana,Guinea,1,,,,,,,,
1976,Spain,Yugoslavia,1,,,,,,,,
1976,Czechoslovakia,Scotland,1,,,,,,,,
1976,England,Finland,1,,,,,,,,
1976,Netherlands,Northern Ireland,0,,,,,,,,
1976,Luxembourg,Italy,-1,,,,,,,,
1976,Portugal,Poland,-1,,,,,,,,
1976,Sierra Leone,Nigeria,0,,,,,,,,
1976,Congo,Cameroon,0,,,,,,,,
1976,Togo,Senegal,1,,,,,,,,
1976,Denmark,Cyprus,1,,,,,,,,
1976,Egypt,Ethiopia,1,,,,,,,,
1976,Nigeria,Sierra Leone,1,,,,,,,,
1976,Cameroon,Congo,-1,,,,,,,,
1976,Guinea,Ghana,1,,,,,,,,
1976,Poland,Cyprus,1,,,,,,,,
1976,Senegal,Togo,0,,,,,,,,
1976,Turkey,Malta,1,,,,,,,,
1976,Belgium,Northern Ireland,1,,,,,,,,
1976,Saudi Arabia,Syria,1,,,,,,,,
1976,Ethiopia,Egypt,-1,,,,,,,,
1976,France,Republic of Ireland,1,,,,,,,,
1976,German DR,Turkey,0,,,,,,,,
1976,Italy,England,1,,,,,,,,
1976,Portugal,Denmark,1,,,,,,,,
1976,Scotland,Wales,1,,,,,,,,
1976,Syria,Saudi Arabia,1,,,,,,,,
1976,Cyprus,Portugal,-1,,,,,,,,
1976,Malta,Austria,-1,,,,,,,,
1976,Morocco,Tunisia,0,,,,,,,,
1977,Saudi Arabia,Iran,-1,,,,,,,,
1977,Tunisia,Morocco,0,,,,,,,,
1977,Guinea,Ghana,1,,,,,,,,
1977,Syria,Iran,-1,,,,,,,,
1977,Kenya,Egypt,0,,,,,,,,
1977,Tunisia,Algeria,1,,,,,,,,
1977,Venezuela,Uruguay,0,,,,,,,,
1977,Ivory Coast,Congo,1,,,,,,,,
1977,Togo,Guinea,-1,,,,,,,,
1977,Uganda,Zambia,1,,,,,,,,
1977,Colombia,Brazil,0,,,,,,,,
1977,Ecuador,Peru,0,,,,,,,,
1977,Colombia,Paraguay,-1,,,,,,,,
1977,Bolivia,Uruguay,1,,,,,,,,
1977,Congo,Ivory Coast,-1,,,,,,,,
1977,Ecuador,Chile,-1,,,,,,,,
1977,Egypt,Kenya,1,,,,,,,,
1977,Guinea,Togo,1,,,,,,,,
1977,Israel,South Korea,0,,,,,,,,
1977,Singapore,Thailand,1,,,,,,,,
1977,Zambia,Uganda,1,,,,,,,,
1977,Algeria,Tunisia,0,,,,,,,,
1977,Hong Kong,Indonesia,1,,,,,,,,
1977,Malaysia,Thailand,1,,,,,,,,
1977,Singapore,Hong Kong,0,,,,,,,,
1977,Indonesia,Malaysia,0,,,,,,,,
1977,Thailand,Hong Kong,-1,,,,,,,,
1977,Chile,Peru,0,,,,,,,,
1977,Israel,Japan,1,,,,,,,,
1977,Paraguay,Colombia,0,,,,,,,,
1977,Singapore,Malaysia,1,,,,,,,,
1977,Venezuela,Bolivia,-1,,,,,,,,
1977,Thailand,Indonesia,1,,,,,,,,
1977,Malaysia,Hong Kong,0,,,,,,,,
1977,Brazil,Colombia,1,,,,,,,,
1977,Singapore,Indonesia,-1,,,,,,,,
1977,Israel,Japan,1,,,,,,,,
1977,Bahrain,Kuwait,-1,,,,,,,,
1977,Peru,Ecuador,1,,,,,,,,
1977,Singapore,Hong Kong,-1,,,,,,,,
1977,Australia,Taiwan,1,,,,,,,,
1977,Bolivia,Venezuela,1,,,,,,,,
1977,Paraguay,Brazil,-1,,,,,,,,
1977,Qatar,Bahrain,1,,,,,,,,
1977,Qatar,Kuwait,-1,,,,,,,,
1977,Taiwan,Australia,-1,,,,,,,,
1977,Bahrain,Kuwait,-1,,,,,,,,
1977,Uruguay,Venezuela,1,,,,,,,,
1977,Qatar,Bahrain,-1,,,,,,,,
1977,Brazil,Paraguay,0,,,,,,,,
1977,Chile,Ecuador,1,,,,,,,,
1977,South Korea,Israel,1,,,,,,,,
1977,New Zealand,Taiwan,1,,,,,,,,
1977,Qatar,Kuwait,-1,,,,,,,,
1977,New Zealand,Taiwan,1,,,,,,,,
1977,Belgium,Netherlands,-1,,,,,,,,
1977,Japan,South Korea,0,,,,,,,,
1977,Peru,Chile,1,,,,,,,,
1977,Australia,New Zealand,1,,,,,,,,
1977,Uruguay,Bolivia,0,,,,,,,,
1977,England,Luxembourg,1,,,,,,,,
1977,Republic of Ireland,France,1,,,,,,,,
1977,New Zealand,Australia,0,,,,,,,,
1977,Wales,Czechoslovakia,1,,,,,,,,
1977,Malta,German DR,-1,,,,,,,,
1977,South Korea,Japan,1,,,,,,,,
1977,Romania,Spain,1,,,,,,,,
1977,Austria,Turkey,1,,,,,,,,
1977,Iran,Saudi Arabia,1,,,,,,,,
1977,Russia,Greece,1,,,,,,,,
1977,Austria,Malta,1,,,,,,,,
1977,Hungary,Russia,1,,,,,,,,
1977,Denmark,Poland,-1,,,,,,,,
1977,Yugoslavia,Romania,-1,,,,,,,,
1977,Greece,Russia,1,,,,,,,,
1977,Cyprus,Poland,-1,,,,,,,,
1977,Russia,Hungary,1,,,,,,,,
1977,Luxembourg,Finland,-1,,,,,,,,
1977,Hungary,Greece,1,,,,,,,,
1977,Bulgaria,Republic of Ireland,1,,,,,,,,
1977,Guinea,Tunisia,1,,,,,,,,
1977,Finland,Italy,-1,,,,,,,,
1977,Sweden,Switzerland,1,,,,,,,,
1977,Iceland,Northern Ireland,1,,,,,,,,
1977,Hong Kong,Iran,-1,,,,,,,,
1977,Tunisia,Guinea,1,,,,,,,,
1977,Hong Kong,South Korea,-1,,,,,,,,
1977,South Korea,Iran,0,,,,,,,,
1977,Australia,Hong Kong,1,,,,,,,,
1977,Nigeria,Ivory Coast,1,,,,,,,,
1977,Peru,Brazil,-1,,,,,,,,
1977,Brazil,Bolivia,1,,,,,,,,
1977,Egypt,Zambia,1,,,,,,,,
1977,Peru,Bolivia,1,,,,,,,,
1977,Ivory Coast,Nigeria,0,,,,,,,,
1977,Zambia,Egypt,0,,,,,,,,
1977,Australia,Iran,-1,,,,,,,,
1977,Australia,South Korea,1,,,,,,,,
1977,Netherlands,Iceland,1,,,,,,,,
1977,Belgium,Iceland,1,,,,,,,,
1977,Norway,Sweden,1,,,,,,,,
1977,Northern Ireland,Iceland,1,,,,,,,,
1977,Poland,Denmark,1,,,,,,,,
1977,Scotland,Czechoslovakia,1,,,,,,,,
1977,Austria,German DR,0,,,,,,,,
1977,Tunisia,Nigeria,0,,,,,,,,
1977,Hong Kong,Kuwait,-1,,,,,,,,
1977,Nigeria,Egypt,1,,,,,,,,
1977,Denmark,Portugal,-1,,,,,,,,
1977,South Korea,Kuwait,1,,,,,,,,
1977,German DR,Austria,0,,,,,,,,
1977,Republic of Ireland,Bulgaria,0,,,,,,,,
1977,Luxembourg,England,-1,,,,,,,,
1977,Northern Ireland,Netherlands,-1,,,,,,,,
1977,Wales,Scotland,-1,,,,,,,,
1977,Italy,Finland,1,,,,,,,,
1977,Australia,Kuwait,-1,,,,,,,,
1977,Egypt,Nigeria,1,,,,,,,,
1977,South Korea,Australia,0,,,,,,,,
1977,Netherlands,Belgium,1,,,,,,,,
1977,Spain,Romania,1,,,,,,,,
1977,Iran,Kuwait,1,,,,,,,,
1977,German DR,Malta,1,,,,,,,,
1977,Hungary,Bolivia,1,,,,,,,,
1977,Poland,Portugal,0,,,,,,,,
1977,Hong Kong,Australia,-1,,,,,,,,
1977,Switzerland,Norway,1,,,,,,,,
1977,Turkey,Austria,-1,,,,,,,,
1977,Kuwait,South Korea,0,,,,,,,,
1977,Iran,South Korea,0,,,,,,,,
1977,Kuwait,Hong Kong,1,,,,,,,,
1977,Nigeria,Tunisia,-1,,,,,,,,
1977,Romania,Yugoslavia,-1,,,,,,,,
1977,Czechoslovakia,Wales,1,,,,,,,,
1977,England,Italy,1,,,,,,,,
1977,France,Bulgaria,1,,,,,,,,
1977,Northern Ireland,Belgium,1,,,,,,,,
1977,Portugal,Cyprus,1,,,,,,,,
1977,Turkey,German DR,-1,,,,,,,,
1977,Iran,Hong Kong,1,,,,,,,,
1977,Kuwait,Australia,1,,,,,,,,
1977,Egypt,Tunisia,1,,,,,,,,
1977,Iran,Australia,1,,,,,,,,
1977,Malta,Turkey,-1,,,,,,,,
1977,Bolivia,Hungary,-1,,,,,,,,
1977,Yugoslavia,Spain,-1,,,,,,,,
1977,Italy,Luxembourg,1,,,,,,,,
1977,Kuwait,Iran,-1,,,,,,,,
1977,South Korea,Hong Kong,1,,,,,,,,
1977,Tunisia,Egypt,1,,,,,,,,
1978,Germany,Poland,0,,,,,,,,
1978,Argentina,Hungary,1,,,,,,,,
1978,France,Italy,-1,,,,,,,,
1978,Mexico,Tunisia,-1,,,,,,,,
1978,Austria,Spain,1,,,,,,,,
1978,Brazil,Sweden,0,,,,,,,,
1978,Iran,Netherlands,-1,,,,,,,,
1978,Peru,Scotland,1,,,,,,,,
1978,Argentina,France,1,,,,,,,,
1978,Germany,Mexico,1,,,,,,,,
1978,Hungary,Italy,-1,,,,,,,,
1978,Poland,Tunisia,1,,,,,,,,
1978,Austria,Sweden,1,,,,,,,,
1978,Brazil,Spain,0,,,,,,,,
1978,Iran,Scotland,0,,,,,,,,
1978,Netherlands,Peru,0,,,,,,,,
1978,Argentina,Italy,-1,,,,,,,,
1978,France,Hungary,1,,,,,,,,
1978,Germany,Tunisia,0,,,,,,,,
1978,Mexico,Poland,-1,,,,,,,,
1978,Austria,Brazil,-1,,,,,,,,
1978,Iran,Peru,-1,,,,,,,,
1978,Netherlands,Scotland,-1,,,,,,,,
1978,Spain,Sweden,1,,,,,,,,
1978,Argentina,Poland,1,,,,,,,,
1978,Austria,Netherlands,-1,,,,,,,,
1978,Brazil,Peru,1,,,,,,,,
1978,Germany,Italy,0,,,,,,,,
1978,Argentina,Brazil,0,,,,,,,,
1978,Austria,Italy,-1,,,,,,,,
1978,Germany,Netherlands,0,,,,,,,,
1978,Peru,Poland,-1,,,,,,,,
1978,Argentina,Peru,1,,,,,,,,
1978,Austria,Germany,1,,,,,,,,
1978,Brazil,Poland,1,,,,,,,,
1978,Italy,Netherlands,-1,,,,,,,,
1978,Brazil,Italy,1,,,,,,,,
1978,Argentina,Netherlands,1,,,,,,,,
1980,Cyprus,Republic of Ireland,-1,,,,,,,,
1980,Israel,Northern Ireland,0,,,,,,,,
1980,Libya,Gambia,1,,,,,,,,
1980,Ethiopia,Zambia,0,,,,,,,,
1980,Sierra Leone,Algeria,0,,,,,,,,
1980,Zambia,Ethiopia,1,,,,,,,,
1980,Iceland,Wales,-1,,,,,,,,
1980,Finland,Bulgaria,-1,,,,,,,,
1980,Algeria,Sierra Leone,1,,,,,,,,
1980,Sweden,Israel,0,,,,,,,,
1980,Guinea,Lesotho,1,,,,,,,,
1980,Senegal,Morocco,-1,,,,,,,,
1980,Cameroon,Malawi,1,,,,,,,,
1980,Tunisia,Nigeria,1,,,,,,,,
1980,Kenya,Tanzania,1,,,,,,,,
1980,Gambia,Libya,0,,,,,,,,
1980,Lesotho,Guinea,0,,,,,,,,
1980,Morocco,Senegal,0,,,,,,,,
1980,Nigeria,Tunisia,1,,,,,,,,
1980,DR Congo,Mozambique,1,,,,,,,,
1980,Niger,Somalia,0,,,,,,,,
1980,Tanzania,Kenya,1,,,,,,,,
1980,Malawi,Cameroon,0,,,,,,,,
1980,Mozambique,DR Congo,-1,,,,,,,,
1980,Somalia,Niger,0,,,,,,,,
1980,Albania,Finland,1,,,,,,,,
1980,Iceland,Russia,-1,,,,,,,,
1980,England,Norway,1,,,,,,,,
1980,Republic of Ireland,Netherlands,1,,,,,,,,
1980,Luxembourg,Yugoslavia,-1,,,,,,,,
1980,Sweden,Scotland,-1,,,,,,,,
1980,Finland,Austria,-1,,,,,,,,
1980,Norway,Romania,0,,,,,,,,
1980,Turkey,Iceland,-1,,,,,,,,
1980,Yugoslavia,Denmark,1,,,,,,,,
1980,Cyprus,France,-1,,,,,,,,
1980,Luxembourg,Italy,-1,,,,,,,,
1980,Cameroon,Zimbabwe,1,,,,,,,,
1980,Denmark,Greece,-1,,,,,,,,
1980,Republic of Ireland,Belgium,0,,,,,,,,
1980,Northern Ireland,Sweden,1,,,,,,,,
1980,Romania,England,1,,,,,,,,
1980,Russia,Iceland,1,,,,,,,,
1980,Scotland,Portugal,0,,,,,,,,
1980,Wales,Turkey,1,,,,,,,,
1980,Bulgaria,Albania,1,,,,,,,,
1980,France,Republic of Ireland,1,,,,,,,,
1980,Switzerland,Norway,-1,,,,,,,,
1980,Italy,Denmark,1,,,,,,,,
1980,Israel,Sweden,0,,,,,,,,
1980,Austria,Albania,1,,,,,,,,
1980,Italy,Yugoslavia,1,,,,,,,,
1980,Madagascar,DR Congo,0,,,,,,,,
1980,Morocco,Zambia,1,,,,,,,,
1980,Zimbabwe,Cameroon,1,,,,,,,,
1980,Belgium,Netherlands,1,,,,,,,,
1980,Denmark,Luxembourg,1,,,,,,,,
1980,England,Switzerland,1,,,,,,,,
1980,Republic of Ireland,Cyprus,1,,,,,,,,
1980,Portugal,Northern Ireland,1,,,,,,,,
1980,Wales,Czechoslovakia,1,,,,,,,,
1980,Zambia,Morocco,1,,,,,,,,
1980,Bulgaria,Germany,-1,,,,,,,,
1980,Czechoslovakia,Turkey,1,,,,,,,,
1980,Albania,Austria,-1,,,,,,,,
1980,Greece,Italy,-1,,,,,,,,
1980,Nigeria,Tanzania,0,,,,,,,,
1980,Liberia,Guinea,0,,,,,,,,
1980,Malta,Poland,-1,,,,,,,,
1980,Algeria,Sudan,1,,,,,,,,
1980,Niger,Togo,-1,,,,,,,,
1980,Portugal,Israel,1,,,,,,,,
1980,Tanzania,Nigeria,-1,,,,,,,,
1980,DR Congo,Madagascar,1,,,,,,,,
1980,Cyprus,Belgium,-1,,,,,,,,
1980,Guinea,Liberia,1,,,,,,,,
1980,Hong Kong,China PR,-1,,,,,,,,
1980,North Korea,Macau,1,,,,,,,,
1980,Singapore,Japan,-1,,,,,,,,
1980,China PR,Macau,1,,,,,,,,
1980,Hong Kong,Singapore,0,,,,,,,,
1980,China PR,Japan,1,,,,,,,,
1980,Singapore,North Korea,-1,,,,,,,,
1980,Hong Kong,North Korea,0,,,,,,,,
1980,Japan,Macau,1,,,,,,,,
1980,Sudan,Algeria,0,,,,,,,,
1980,Togo,Niger,-1,,,,,,,,
1980,North Korea,Japan,1,,,,,,,,
1980,Hong Kong,China PR,0,,,,,,,,
1981,North Korea,China PR,-1,,,,,,,,
1981,Greece,Luxembourg,1,,,,,,,,
1981,Venezuela,Brazil,-1,,,,,,,,
1981,Bolivia,Venezuela,1,,,,,,,,
1981,Belgium,Cyprus,1,,,,,,,,
1981,Bolivia,Brazil,-1,,,,,,,,
1981,Netherlands,Cyprus,1,,,,,,,,
1981,Israel,Scotland,-1,,,,,,,,
1981,Luxembourg,Greece,-1,,,,,,,,
1981,Venezuela,Bolivia,1,,,,,,,,
1981,Qatar,Iraq,-1,,,,,,,,
1981,Syria,Bahrain,-1,,,,,,,,
1981,Saudi Arabia,Iraq,1,,,,,,,,
1981,Brazil,Bolivia,1,,,,,,,,
1981,Qatar,Bahrain,1,,,,,,,,
1981,Saudi Arabia,Syria,1,,,,,,,,
1981,Belgium,Republic of Ireland,1,,,,,,,,
1981,Iraq,Bahrain,1,,,,,,,,
1981,Netherlands,France,1,,,,,,,,
1981,Scotland,Northern Ireland,0,,,,,,,,
1981,Turkey,Wales,-1,,,,,,,,
1981,Qatar,Syria,1,,,,,,,,
1981,Saudi Arabia,Bahrain,1,,,,,,,,
1981,Brazil,Venezuela,1,,,,,,,,
1981,Iraq,Syria,1,,,,,,,,
1981,Saudi Arabia,Qatar,1,,,,,,,,
1981,Albania,Germany,-1,,,,,,,,
1981,Malta,German DR,-1,,,,,,,,
1981,DR Congo,Cameroon,1,,,,,,,,
1981,Guinea,Nigeria,0,,,,,,,,
1981,Turkey,Czechoslovakia,-1,,,,,,,,
1981,Nigeria,Guinea,1,,,,,,,,
1981,South Korea,Malaysia,1,,,,,,,,
1981,Kuwait,Thailand,1,,,,,,,,
1981,South Korea,Thailand,1,,,,,,,,
1981,Kuwait,Malaysia,1,,,,,,,,
1981,New Zealand,Australia,0,,,,,,,,
1981,Cameroon,DR Congo,1,,,,,,,,
1981,Morocco,Egypt,1,,,,,,,,
1981,Malaysia,Thailand,0,,,,,,,,
1981,Scotland,Israel,1,,,,,,,,
1981,Switzerland,Hungary,0,,,,,,,,
1981,Cyprus,Netherlands,-1,,,,,,,,
1981,England,Romania,0,,,,,,,,
1981,France,Belgium,1,,,,,,,,
1981,Germany,Austria,1,,,,,,,,
1981,Kuwait,South Korea,1,,,,,,,,
1981,Northern Ireland,Portugal,1,,,,,,,,
1981,Yugoslavia,Greece,1,,,,,,,,
1981,Algeria,Niger,1,,,,,,,,
1981,Luxembourg,Denmark,-1,,,,,,,,
1981,Poland,German DR,1,,,,,,,,
1981,Fiji,New Zealand,-1,,,,,,,,
1981,Taiwan,New Zealand,0,,,,,,,,
1981,Egypt,Morocco,0,,,,,,,,
1981,Indonesia,New Zealand,-1,,,,,,,,
1981,Bulgaria,Finland,1,,,,,,,,
1981,Hungary,Romania,1,,,,,,,,
1981,Australia,New Zealand,-1,,,,,,,,
1981,Ecuador,Paraguay,1,,,,,,,,
1981,Australia,Indonesia,1,,,,,,,,
1981,Norway,Hungary,-1,,,,,,,,
1981,New Zealand,Indonesia,1,,,,,,,,
1981,Ecuador,Chile,0,,,,,,,,
1981,Finland,Germany,-1,,,,,,,,
1981,Czechoslovakia,Iceland,1,,,,,,,,
1981,Austria,Bulgaria,1,,,,,,,,
1981,New Zealand,Taiwan,1,,,,,,,,
1981,Switzerland,England,1,,,,,,,,
1981,Wales,Russia,0,,,,,,,,
1981,Fiji,Indonesia,0,,,,,,,,
1981,Niger,Algeria,1,,,,,,,,
1981,Paraguay,Ecuador,1,,,,,,,,
1981,Denmark,Italy,1,,,,,,,,
1981,Romania,Norway,1,,,,,,,,
1981,Sweden,Northern Ireland,1,,,,,,,,
1981,Fiji,Taiwan,1,,,,,,,,
1981,Hungary,England,-1,,,,,,,,
1981,Paraguay,Chile,-1,,,,,,,,
1981,Australia,Taiwan,1,,,,,,,,
1981,Chile,Ecuador,1,,,,,,,,
1981,Indonesia,Taiwan,1,,,,,,,,
1981,Austria,Finland,1,,,,,,,,
1981,Norway,Switzerland,0,,,,,,,,
1981,Chile,Paraguay,1,,,,,,,,
1981,Sweden,Portugal,1,,,,,,,,
1981,Taiwan,Indonesia,1,,,,,,,,
1981,Colombia,Peru,0,,,,,,,,
1981,Fiji,Australia,-1,,,,,,,,
1981,Uruguay,Colombia,1,,,,,,,,
1981,Indonesia,Fiji,0,,,,,,,,
1981,Australia,Fiji,1,,,,,,,,
1981,New Zealand,Fiji,1,,,,,,,,
1981,Peru,Colombia,1,,,,,,,,
1981,Uruguay,Peru,-1,,,,,,,,
1981,Indonesia,Australia,1,,,,,,,,
1981,Finland,Albania,1,,,,,,,,
1981,Peru,Uruguay,0,,,,,,,,
1981,Belgium,France,1,,,,,,,,
1981,Czechoslovakia,Wales,1,,,,,,,,
1981,Denmark,Yugoslavia,-1,,,,,,,,
1981,Iceland,Turkey,1,,,,,,,,
1981,Netherlands,Republic of Ireland,0,,,,,,,,
1981,Norway,England,1,,,,,,,,
1981,Scotland,Sweden,1,,,,,,,,
1981,Colombia,Uruguay,0,,,,,,,,
1981,Germany,Finland,1,,,,,,,,
1981,Iceland,Czechoslovakia,0,,,,,,,,
1981,Romania,Hungary,0,,,,,,,,
1981,Russia,Turkey,1,,,,,,,,
1981,China PR,New Zealand,0,,,,,,,,
1981,New Zealand,China PR,1,,,,,,,,
1981,Turkey,Russia,-1,,,,,,,,
1981,German DR,Poland,-1,,,,,,,,
1981,New Zealand,Kuwait,-1,,,,,,,,
1981,Nigeria,Algeria,-1,,,,,,,,
1981,Romania,Switzerland,-1,,,,,,,,
1981,Albania,Bulgaria,-1,,,,,,,,
1981,Austria,Germany,-1,,,,,,,,
1981,Greece,Denmark,-1,,,,,,,,
1981,Hungary,Switzerland,1,,,,,,,,
1981,Republic of Ireland,France,1,,,,,,,,
1981,Netherlands,Belgium,1,,,,,,,,
1981,Northern Ireland,Scotland,0,,,,,,,,
1981,Portugal,Sweden,-1,,,,,,,,
1981,Wales,Iceland,0,,,,,,,,
1981,Yugoslavia,Italy,0,,,,,,,,
1981,China PR,Kuwait,1,,,,,,,,
1981,Israel,Portugal,1,,,,,,,,
1981,Russia,Czechoslovakia,1,,,,,,,,
1981,Algeria,Nigeria,1,,,,,,,,
1981,Hungary,Norway,1,,,,,,,,
1981,Saudi Arabia,Kuwait,-1,,,,,,,,
1981,Bulgaria,Austria,0,,,,,,,,
1981,German DR,Malta,1,,,,,,,,
1981,Switzerland,Romania,0,,,,,,,,
1981,Saudi Arabia,China PR,-1,,,,,,,,
1981,Italy,Greece,0,,,,,,,,
1981,Morocco,Cameroon,-1,,,,,,,,
1981,Poland,Malta,1,,,,,,,,
1981,England,Hungary,1,,,,,,,,
1981,France,Netherlands,1,,,,,,,,
1981,Germany,Albania,1,,,,,,,,
1981,Northern Ireland,Israel,1,,,,,,,,
1981,Portugal,Scotland,1,,,,,,,,
1981,Russia,Wales,1,,,,,,,,
1981,China PR,Saudi Arabia,1,,,,,,,,
1981,Yugoslavia,Luxembourg,1,,,,,,,,
1981,Germany,Bulgaria,1,,,,,,,,
1981,New Zealand,Saudi Arabia,0,,,,,,,,
1981,Cameroon,Morocco,1,,,,,,,,
1981,Czechoslovakia,Russia,0,,,,,,,,
1981,Greece,Yugoslavia,-1,,,,,,,,
1981,Kuwait,China PR,1,,,,,,,,
1981,France,Cyprus,1,,,,,,,,
1981,Italy,Luxembourg,1,,,,,,,,
1981,Kuwait,Saudi Arabia,1,,,,,,,,
1981,Kuwait,New Zealand,0,,,,,,,,
1981,Saudi Arabia,New Zealand,-1,,,,,,,,
1982,China PR,New Zealand,-1,,,,,,,,
1982,Argentina,Belgium,-1,,,,,,,,
1982,Brazil,Russia,1,,,,,,,,
1982,Italy,Poland,0,,,,,,,,
1982,Hungary,El Salvador,1,,,,,,,,
1982,Peru,Cameroon,0,,,,,,,,
1982,Scotland,New Zealand,1,,,,,,,,
1982,England,France,1,,,,,,,,
1982,Germany,Algeria,-1,,,,,,,,
1982,Spain,Honduras,0,,,,,,,,
1982,Chile,Austria,-1,,,,,,,,
1982,Czechoslovakia,Kuwait,0,,,,,,,,
1982,Yugoslavia,Northern Ireland,0,,,,,,,,
1982,Argentina,Hungary,1,,,,,,,,
1982,Brazil,Scotland,1,,,,,,,,
1982,Italy,Peru,0,,,,,,,,
1982,Belgium,El Salvador,1,,,,,,,,
1982,Poland,Cameroon,0,,,,,,,,
1982,Russia,New Zealand,1,,,,,,,,
1982,England,Czechoslovakia,1,,,,,,,,
1982,Germany,Chile,1,,,,,,,,
1982,Spain,Yugoslavia,1,,,,,,,,
1982,Algeria,Austria,-1,,,,,,,,
1982,France,Kuwait,1,,,,,,,,
1982,Honduras,Northern Ireland,0,,,,,,,,
1982,Belgium,Hungary,0,,,,,,,,
1982,Poland,Peru,1,,,,,,,,
1982,Russia,Scotland,0,,,,,,,,
1982,Argentina,El Salvador,1,,,,,,,,
1982,Brazil,New Zealand,1,,,,,,,,
1982,Italy,Cameroon,0,,,,,,,,
1982,Algeria,Chile,1,,,,,,,,
1982,France,Czechoslovakia,0,,,,,,,,
1982,Honduras,Yugoslavia,-1,,,,,,,,
1982,England,Kuwait,1,,,,,,,,
1982,Germany,Austria,1,,,,,,,,
1982,Spain,Northern Ireland,-1,,,,,,,,
1982,Austria,France,-1,,,,,,,,
1982,Poland,Belgium,1,,,,,,,,
1982,Germany,England,0,,,,,,,,
1982,Italy,Argentina,1,,,,,,,,
1982,Austria,Northern Ireland,0,,,,,,,,
1982,Belgium,Russia,-1,,,,,,,,
1982,Argentina,Brazil,-1,,,,,,,,
1982,Spain,Germany,-1,,,,,,,,
1982,France,Northern Ireland,1,,,,,,,,
1982,Poland,Russia,0,,,,,,,,
1982,Italy,Brazil,1,,,,,,,,
1982,Spain,England,0,,,,,,,,
1982,Germany,France,0,,,,,,,,
1982,Poland,Italy,-1,,,,,,,,
1982,Poland,France,1,,,,,,,,
1982,Italy,Germany,1,,,,,,,,
1984,Cyprus,Austria,-1,,,,,,,,
1984,Sweden,Malta,1,,,,,,,,
1984,Finland,Northern Ireland,1,,,,,,,,
1984,Sierra Leone,Morocco,-1,,,,,,,,
1984,Angola,Senegal,1,,,,,,,,
1984,Mauritius,Malawi,-1,,,,,,,,
1984,Morocco,Sierra Leone,1,,,,,,,,
1984,Senegal,Angola,1,,,,,,,,
1984,Malawi,Mauritius,1,,,,,,,,
1984,Zambia,Uganda,1,,,,,,,,
1984,Uganda,Zambia,1,,,,,,,,
1984,Egypt,Zimbabwe,1,,,,,,,,
1984,Iceland,Wales,1,,,,,,,,
1984,Republic of Ireland,Russia,1,,,,,,,,
1984,Northern Ireland,Romania,1,,,,,,,,
1984,Norway,Switzerland,-1,,,,,,,,
1984,Sweden,Portugal,-1,,,,,,,,
1984,Denmark,Norway,1,,,,,,,,
1984,Hungary,Austria,1,,,,,,,,
1984,Yugoslavia,Bulgaria,0,,,,,,,,
1984,Zimbabwe,Egypt,0,,,,,,,,
1984,Norway,Russia,0,,,,,,,,
1984,Kenya,Ethiopia,1,,,,,,,,
1984,Luxembourg,France,-1,,,,,,,,
1984,Tanzania,Sudan,0,,,,,,,,
1984,Portugal,Czechoslovakia,1,,,,,,,,
1984,Belgium,Albania,1,,,,,,,,
1984,England,Finland,1,,,,,,,,
1984,Germany,Sweden,1,,,,,,,,
1984,Netherlands,Hungary,-1,,,,,,,,
1984,Norway,Republic of Ireland,1,,,,,,,,
1984,Poland,Greece,1,,,,,,,,
1984,Scotland,Iceland,1,,,,,,,,
1984,Spain,Wales,1,,,,,,,,
1984,Switzerland,Denmark,1,,,,,,,,
1984,German DR,Yugoslavia,-1,,,,,,,,
1984,Nigeria,Liberia,1,,,,,,,,
1984,Ivory Coast,Gambia,1,,,,,,,,
1984,Sudan,Tanzania,0,,,,,,,,
1984,Benin,Tunisia,-1,,,,,,,,
1984,Ethiopia,Kenya,0,,,,,,,,
1984,Czechoslovakia,Malta,1,,,,,,,,
1984,Poland,Albania,0,,,,,,,,
1984,Turkey,Finland,-1,,,,,,,,
1984,Gambia,Ivory Coast,1,,,,,,,,
1984,Liberia,Nigeria,-1,,,,,,,,
1984,Tunisia,Benin,1,,,,,,,,
1984,Austria,Netherlands,1,,,,,,,,
1984,Denmark,Republic of Ireland,1,,,,,,,,
1984,Northern Ireland,Finland,1,,,,,,,,
1984,Portugal,Sweden,-1,,,,,,,,
1984,Scotland,Spain,1,,,,,,,,
1984,Turkey,England,-1,,,,,,,,
1984,Wales,Iceland,1,,,,,,,,
1984,Cyprus,Hungary,-1,,,,,,,,
1984,Luxembourg,German DR,-1,,,,,,,,
1984,France,Bulgaria,1,,,,,,,,
1984,Bulgaria,Luxembourg,1,,,,,,,,
1984,France,German DR,1,,,,,,,,
1984,Malta,Germany,-1,,,,,,,,
1984,Greece,Belgium,0,,,,,,,,
1984,Albania,Belgium,1,,,,,,,,
1984,Cyprus,Netherlands,-1,,,,,,,,
1985,Singapore,North Korea,0,,,,,,,,
1985,Guinea,Tunisia,1,,,,,,,,
1985,Malta,Portugal,-1,,,,,,,,
1985,Hong Kong,China PR,0,,,,,,,,
1985,Macau,Brunei,1,,,,,,,,
1985,Macau,China PR,-1,,,,,,,,
1985,Sudan,Libya,0,,,,,,,,
1985,Hong Kong,Brunei,1,,,,,,,,
1985,Singapore,Japan,-1,,,,,,,,
1985,Portugal,Germany,-1,,,,,,,,
1985,Tunisia,Guinea,1,,,,,,,,
1985,China PR,Brunei,1,,,,,,,,
1985,Greece,Albania,1,,,,,,,,
1985,Netherlands,Cyprus,1,,,,,,,,
1985,Northern Ireland,England,-1,,,,,,,,
1985,Spain,Scotland,1,,,,,,,,
1985,Brunei,China PR,-1,,,,,,,,
1985,Nepal,South Korea,-1,,,,,,,,
1985,Ecuador,Chile,0,,,,,,,,
1985,Libya,Sudan,1,,,,,,,,
1985,Malaysia,South Korea,1,,,,,,,,
1985,Uruguay,Ecuador,1,,,,,,,,
1985,Indonesia,Thailand,1,,,,,,,,
1985,Jordan,Qatar,1,,,,,,,,
1985,Nepal,Malaysia,0,,,,,,,,
1985,Chile,Ecuador,1,,,,,,,,
1985,Indonesia,Bangladesh,1,,,,,,,,
1985,Indonesia,India,1,,,,,,,,
1985,Japan,North Korea,1,,,,,,,,
1985,Syria,Kuwait,1,,,,,,,,
1985,Thailand,Bangladesh,1,,,,,,,,
1985,Chile,Uruguay,1,,,,,,,,
1985,Thailand,India,0,,,,,,,,
1985,Belgium,Greece,1,,,,,,,,
1985,Germany,Malta,1,,,,,,,,
1985,Scotland,Wales,-1,,,,,,,,
1985,Yugoslavia,Luxembourg,1,,,,,,,,
1985,Jordan,Iraq,-1,,,,,,,,
1985,Thailand,Indonesia,-1,,,,,,,,
1985,Yemen,Syria,-1,,,,,,,,
1985,Yemen DPR,Bahrain,-1,,,,,,,,
1985,Bangladesh,India,-1,,,,,,,,
1985,Angola,Algeria,0,,,,,,,,
1985,Ecuador,Uruguay,-1,,,,,,,,
1985,Malaysia,Nepal,1,,,,,,,,
1985,Bangladesh,Indonesia,1,,,,,,,,
1985,Hungary,Cyprus,1,,,,,,,,
1985,Romania,Turkey,1,,,,,,,,
1985,Yugoslavia,France,0,,,,,,,,
1985,Bangladesh,Thailand,1,,,,,,,,
1985,Egypt,Madagascar,1,,,,,,,,
1985,Kuwait,Yemen,1,,,,,,,,
1985,Qatar,Iraq,1,,,,,,,,
1985,Brunei,Hong Kong,-1,,,,,,,,
1985,Bulgaria,German DR,1,,,,,,,,
1985,India,Indonesia,0,,,,,,,,
1985,Kenya,Nigeria,-1,,,,,,,,
1985,South Korea,Nepal,1,,,,,,,,
1985,Ivory Coast,Ghana,0,,,,,,,,
1985,Morocco,Malawi,1,,,,,,,,
1985,Uruguay,Chile,1,,,,,,,,
1985,Zambia,Cameroon,1,,,,,,,,
1985,India,Thailand,0,,,,,,,,
1985,Bahrain,Yemen DPR,0,,,,,,,,
1985,India,Bangladesh,1,,,,,,,,
1985,Kuwait,Syria,0,,,,,,,,
1985,Qatar,Jordan,1,,,,,,,,
1985,Saudi Arabia,United Arab Emirates,0,,,,,,,,
1985,Brunei,Macau,-1,,,,,,,,
1985,Austria,Hungary,-1,,,,,,,,
1985,Switzerland,Russia,0,,,,,,,,
1985,Algeria,Angola,1,,,,,,,,
1985,Iraq,Jordan,1,,,,,,,,
1985,Syria,Yemen,1,,,,,,,,
1985,United Arab Emirates,Saudi Arabia,1,,,,,,,,
1985,Nigeria,Kenya,1,,,,,,,,
1985,Cameroon,Zambia,0,,,,,,,,
1985,Ghana,Ivory Coast,1,,,,,,,,
1985,Madagascar,Egypt,1,,,,,,,,
1985,Malawi,Morocco,0,,,,,,,,
1985,Malta,Czechoslovakia,0,,,,,,,,
1985,Yemen,Kuwait,-1,,,,,,,,
1985,Macau,Hong Kong,-1,,,,,,,,
1985,Czechoslovakia,Germany,-1,,,,,,,,
1985,North Korea,Japan,0,,,,,,,,
1985,Wales,Spain,1,,,,,,,,
1985,Belgium,Poland,1,,,,,,,,
1985,Republic of Ireland,Norway,0,,,,,,,,
1985,Luxembourg,Yugoslavia,-1,,,,,,,,
1985,Netherlands,Austria,0,,,,,,,,
1985,Northern Ireland,Turkey,1,,,,,,,,
1985,Romania,England,0,,,,,,,,
1985,Bulgaria,France,1,,,,,,,,
1985,Russia,Switzerland,1,,,,,,,,
1985,Hong Kong,Macau,1,,,,,,,,
1985,Iraq,Qatar,1,,,,,,,,
1985,Austria,Cyprus,1,,,,,,,,
1985,China PR,Macau,1,,,,,,,,
1985,Hungary,Netherlands,-1,,,,,,,,
1985,German DR,Luxembourg,1,,,,,,,,
1985,Japan,Singapore,1,,,,,,,,
1985,China PR,Hong Kong,-1,,,,,,,,
1985,Greece,Poland,-1,,,,,,,,
1985,South Korea,Malaysia,1,,,,,,,,
1985,Finland,England,0,,,,,,,,
1985,North Korea,Singapore,1,,,,,,,,
1985,Bolivia,Paraguay,0,,,,,,,,
1985,Colombia,Peru,1,,,,,,,,
1985,Venezuela,Argentina,-1,,,,,,,,
1985,Iceland,Scotland,-1,,,,,,,,
1985,Albania,Poland,-1,,,,,,,,
1985,Bulgaria,Yugoslavia,1,,,,,,,,
1985,Bolivia,Brazil,-1,,,,,,,,
1985,Colombia,Argentina,-1,,,,,,,,
1985,Republic of Ireland,Switzerland,1,,,,,,,,
1985,Venezuela,Peru,-1,,,,,,,,
1985,Denmark,Russia,1,,,,,,,,
1985,Sweden,Czechoslovakia,1,,,,,,,,
1985,Finland,Romania,0,,,,,,,,
1985,Argentina,Venezuela,1,,,,,,,,
1985,Paraguay,Bolivia,1,,,,,,,,
1985,Peru,Colombia,0,,,,,,,,
1985,Iceland,Spain,-1,,,,,,,,
1985,Argentina,Colombia,1,,,,,,,,
1985,Paraguay,Brazil,-1,,,,,,,,
1985,Peru,Venezuela,1,,,,,,,,
1985,Brazil,Paraguay,0,,,,,,,,
1985,Peru,Argentina,1,,,,,,,,
1985,Venezuela,Colombia,0,,,,,,,,
1985,Argentina,Peru,0,,,,,,,,
1985,Brazil,Bolivia,0,,,,,,,,
1985,Colombia,Venezuela,1,,,,,,,,
1985,Nigeria,Tunisia,1,,,,,,,,
1985,Egypt,Morocco,0,,,,,,,,
1985,Algeria,Zambia,1,,,,,,,,
1985,Ghana,Libya,0,,,,,,,,
1985,Tunisia,Nigeria,1,,,,,,,,
1985,South Korea,Indonesia,1,,,,,,,,
1985,Libya,Ghana,1,,,,,,,,
1985,Morocco,Egypt,1,,,,,,,,
1985,Zambia,Algeria,-1,,,,,,,,
1985,Indonesia,South Korea,-1,,,,,,,,
1985,Japan,Hong Kong,1,,,,,,,,
1985,Romania,Finland,1,,,,,,,,
1985,Israel,Taiwan,1,,,,,,,,
1985,Bahrain,Syria,0,,,,,,,,
1985,Israel,Taiwan,1,,,,,,,,
1985,Wales,Scotland,0,,,,,,,,
1985,England,Romania,0,,,,,,,,
1985,German DR,France,1,,,,,,,,
1985,Poland,Belgium,0,,,,,,,,
1985,Switzerland,Republic of Ireland,0,,,,,,,,
1985,Turkey,Northern Ireland,0,,,,,,,,
1985,Syria,Bahrain,1,,,,,,,,
1985,United Arab Emirates,Iraq,-1,,,,,,,,
1985,New Zealand,Australia,0,,,,,,,,
1985,Hong Kong,Japan,-1,,,,,,,,
1985,Czechoslovakia,Portugal,1,,,,,,,,
1985,Finland,Turkey,1,,,,,,,,
1985,Luxembourg,Bulgaria,-1,,,,,,,,
1985,Russia,Denmark,1,,,,,,,,
1985,Spain,Iceland,1,,,,,,,,
1985,Sweden,Germany,0,,,,,,,,
1985,Iraq,United Arab Emirates,-1,,,,,,,,
1985,Yugoslavia,German DR,-1,,,,,,,,
1985,New Zealand,Taiwan,1,,,,,,,,
1985,Morocco,Libya,1,,,,,,,,
1985,Tunisia,Algeria,-1,,,,,,,,
1985,Israel,Australia,-1,,,,,,,,
1985,Denmark,Switzerland,0,,,,,,,,
1985,New Zealand,Taiwan,1,,,,,,,,
1985,Portugal,Malta,1,,,,,,,,
1985,Belgium,Netherlands,1,,,,,,,,
1985,Czechoslovakia,Sweden,1,,,,,,,,
1985,England,Turkey,1,,,,,,,,
1985,Germany,Portugal,-1,,,,,,,,
1985,Norway,Denmark,-1,,,,,,,,
1985,Romania,Northern Ireland,-1,,,,,,,,
1985,Russia,Republic of Ireland,1,,,,,,,,
1985,Algeria,Tunisia,1,,,,,,,,
1985,Libya,Morocco,1,,,,,,,,
1985,Australia,Israel,0,,,,,,,,
1985,Australia,Taiwan,1,,,,,,,,
1985,Japan,South Korea,-1,,,,,,,,
1985,New Zealand,Israel,1,,,,,,,,
1985,Australia,Taiwan,1,,,,,,,,
1985,Chile,Peru,1,,,,,,,,
1985,Paraguay,Colombia,1,,,,,,,,
1985,Albania,Greece,0,,,,,,,,
1985,France,Luxembourg,1,,,,,,,,
1985,Russia,Norway,1,,,,,,,,
1985,Australia,New Zealand,1,,,,,,,,
1985,Colombia,Paraguay,1,,,,,,,,
1985,South Korea,Japan,1,,,,,,,,
1985,Peru,Chile,-1,,,,,,,,
1985,France,Yugoslavia,1,,,,,,,,
1985,Israel,New Zealand,1,,,,,,,,
1985,Paraguay,Chile,1,,,,,,,,
1985,England,Northern Ireland,0,,,,,,,,
1985,Republic of Ireland,Denmark,-1,,,,,,,,
1985,Switzerland,Norway,0,,,,,,,,
1985,Turkey,Romania,-1,,,,,,,,
1985,Syria,Iraq,0,,,,,,,,
1985,German DR,Bulgaria,1,,,,,,,,
1985,Chile,Paraguay,0,,,,,,,,
1985,Germany,Czechoslovakia,0,,,,,,,,
1985,Malta,Sweden,-1,,,,,,,,
1985,Netherlands,Belgium,1,,,,,,,,
1985,Scotland,Australia,1,,,,,,,,
1985,Iraq,Syria,1,,,,,,,,
1985,Australia,Scotland,0,,,,,,,,
1986,Bulgaria,Italy,0,,,,,,,,
1986,Canada,France,-1,,,,,,,,
1986,Spain,Brazil,-1,,,,,,,,
1986,Argentina,South Korea,1,,,,,,,,
1986,Morocco,Poland,0,,,,,,,,
1986,Russia,Hungary,1,,,,,,,,
1986,Algeria,Northern Ireland,0,,,,,,,,
1986,Mexico,Belgium,1,,,,,,,,
1986,Portugal,England,1,,,,,,,,
1986,Paraguay,Iraq,1,,,,,,,,
1986,Scotland,Denmark,-1,,,,,,,,
1986,Uruguay,Germany,0,,,,,,,,
1986,France,Russia,0,,,,,,,,
1986,Italy,Argentina,0,,,,,,,,
1986,South Korea,Bulgaria,0,,,,,,,,
1986,Brazil,Algeria,1,,,,,,,,
1986,England,Morocco,0,,,,,,,,
1986,Hungary,Canada,1,,,,,,,,
1986,Mexico,Paraguay,0,,,,,,,,
1986,Northern Ireland,Spain,-1,,,,,,,,
1986,Poland,Portugal,1,,,,,,,,
1986,Denmark,Uruguay,1,,,,,,,,
1986,Germany,Scotland,1,,,,,,,,
1986,Iraq,Belgium,-1,,,,,,,,
1986,Hungary,France,-1,,,,,,,,
1986,Russia,Canada,1,,,,,,,,
1986,Argentina,Bulgaria,1,,,,,,,,
1986,South Korea,Italy,-1,,,,,,,,
1986,England,Poland,1,,,,,,,,
1986,Mexico,Iraq,1,,,,,,,,
1986,Paraguay,Belgium,0,,,,,,,,
1986,Portugal,Morocco,-1,,,,,,,,
1986,Algeria,Spain,-1,,,,,,,,
1986,Northern Ireland,Brazil,-1,,,,,,,,
1986,Denmark,Germany,1,,,,,,,,
1986,Scotland,Uruguay,0,,,,,,,,
1986,Mexico,Bulgaria,1,,,,,,,,
1986,Russia,Belgium,-1,,,,,,,,
1986,Argentina,Uruguay,1,,,,,,,,
1986,Brazil,Poland,1,,,,,,,,
1986,Italy,France,-1,,,,,,,,
1986,Morocco,Germany,-1,,,,,,,,
1986,Denmark,Spain,-1,,,,,,,,
1986,England,Paraguay,1,,,,,,,,
1986,Brazil,France,0,,,,,,,,
1986,Mexico,Germany,0,,,,,,,,
1986,Argentina,England,1,,,,,,,,
1986,Spain,Belgium,0,,,,,,,,
1986,Argentina,Belgium,1,,,,,,,,
1986,France,Germany,-1,,,,,,,,
1986,France,Belgium,1,,,,,,,,
1986,Argentina,Germany,1,,,,,,,,
1988,Northern Ireland,Malta,1,,,,,,,,
1988,Libya,Burkina Faso,1,,,,,,,,
1988,Burkina Faso,Libya,1,,,,,,,,
1988,Uganda,Malawi,1,,,,,,,,
1988,Malawi,Uganda,1,,,,,,,,
1988,Tunisia,Guinea,1,,,,,,,,
1988,Angola,Sudan,0,,,,,,,,
1988,Ghana,Liberia,0,,,,,,,,
1988,Guinea,Tunisia,1,,,,,,,,
1988,Liberia,Ghana,1,,,,,,,,
1988,Finland,Germany,-1,,,,,,,,
1988,Iceland,Russia,0,,,,,,,,
1988,Netherlands,Wales,1,,,,,,,,
1988,Northern Ireland,Republic of Ireland,0,,,,,,,,
1988,Norway,Scotland,-1,,,,,,,,
1988,Luxembourg,Switzerland,-1,,,,,,,,
1988,France,Norway,1,,,,,,,,
1988,Turkey,Iceland,0,,,,,,,,
1988,Luxembourg,Czechoslovakia,-1,,,,,,,,
1988,Belgium,Switzerland,1,,,,,,,,
1988,Bulgaria,Romania,-1,,,,,,,,
1988,England,Sweden,0,,,,,,,,
1988,German DR,Iceland,1,,,,,,,,
1988,Germany,Netherlands,0,,,,,,,,
1988,Greece,Denmark,0,,,,,,,,
1988,Hungary,Northern Ireland,1,,,,,,,,
1988,Poland,Albania,1,,,,,,,,
1988,Russia,Austria,1,,,,,,,,
1988,Scotland,Yugoslavia,0,,,,,,,,
1988,Wales,Finland,0,,,,,,,,
1988,Cyprus,France,0,,,,,,,,
1988,Austria,Turkey,1,,,,,,,,
1988,Cyprus,Norway,-1,,,,,,,,
1988,Denmark,Bulgaria,0,,,,,,,,
1988,Romania,Greece,1,,,,,,,,
1988,Albania,Sweden,-1,,,,,,,,
1988,Sudan,Angola,-1,,,,,,,,
1988,Czechoslovakia,Belgium,0,,,,,,,,
1988,Portugal,Luxembourg,1,,,,,,,,
1988,Spain,Republic of Ireland,1,,,,,,,,
1988,Yugoslavia,France,1,,,,,,,,
1988,Fiji,Australia,1,,,,,,,,
1988,Turkey,German DR,1,,,,,,,,
1988,Australia,Fiji,1,,,,,,,,
1988,Malta,Hungary,0,,,,,,,,
1988,Yugoslavia,Cyprus,1,,,,,,,,
1988,New Zealand,Taiwan,1,,,,,,,,
1988,New Zealand,Taiwan,1,,,,,,,,
1988,Spain,Northern Ireland,1,,,,,,,,
1989,Algeria,Zimbabwe,1,,,,,,,,
1989,Egypt,Liberia,1,,,,,,,,
1989,Oman,Iraq,0,,,,,,,,
1989,Pakistan,Kuwait,-1,,,,,,,,
1989,Qatar,Jordan,1,,,,,,,,
1989,Kenya,Malawi,0,,,,,,,,
1989,Nigeria,Gabon,1,,,,,,,,
1989,Cameroon,Angola,0,,,,,,,,
1989,DR Congo,Tunisia,1,,,,,,,,
1989,Ivory Coast,Libya,1,,,,,,,,
1989,Morocco,Zambia,1,,,,,,,,
1989,Jordan,Iraq,-1,,,,,,,,
1989,Kuwait,United Arab Emirates,1,,,,,,,,
1989,Oman,Qatar,0,,,,,,,,
1989,Jordan,Oman,1,,,,,,,,
1989,Qatar,Iraq,1,,,,,,,,
1989,United Arab Emirates,Pakistan,1,,,,,,,,
1989,Malawi,Egypt,0,,,,,,,,
1989,Angola,Nigeria,0,,,,,,,,
1989,Gabon,Cameroon,-1,,,,,,,,
1989,Liberia,Kenya,0,,,,,,,,
1989,Malta,Spain,-1,,,,,,,,
1989,Tunisia,Morocco,1,,,,,,,,
1989,Zambia,DR Congo,1,,,,,,,,
1989,Zimbabwe,Ivory Coast,0,,,,,,,,
1989,Iraq,Oman,1,,,,,,,,
1989,Jordan,Qatar,0,,,,,,,,
1989,Kuwait,Pakistan,1,,,,,,,,
1989,Iraq,Jordan,1,,,,,,,,
1989,Qatar,Oman,1,,,,,,,,
1989,United Arab Emirates,Kuwait,1,,,,,,,,
1989,Cyprus,Scotland,-1,,,,,,,,
1989,Northern Ireland,Spain,-1,,,,,,,,
1989,Iraq,Qatar,0,,,,,,,,
1989,Oman,Jordan,-1,,,,,,,,
1989,Pakistan,United Arab Emirates,-1,,,,,,,,
1989,Portugal,Belgium,0,,,,,,,,
1989,Thailand,Bangladesh,1,,,,,,,,
1989,China PR,Bangladesh,1,,,,,,,,
1989,Thailand,Iran,-1,,,,,,,,
1989,Bangladesh,Iran,-1,,,,,,,,
1989,Thailand,China PR,-1,,,,,,,,
1989,Bangladesh,China PR,-1,,,,,,,,
1989,Israel,New Zealand,1,,,,,,,,
1989,Albania,England,-1,,,,,,,,
1989,Bangladesh,Thailand,1,,,,,,,,
1989,Hungary,Republic of Ireland,0,,,,,,,,
1989,Scotland,France,1,,,,,,,,
1989,Yemen,Syria,-1,,,,,,,,
1989,Australia,New Zealand,1,,,,,,,,
1989,Saudi Arabia,Syria,1,,,,,,,,
1989,Iran,Bangladesh,1,,,,,,,,
1989,Israel,Australia,0,,,,,,,,
1989,Yemen,Saudi Arabia,-1,,,,,,,,
1989,Spain,Malta,1,,,,,,,,
1989,Syria,Yemen,1,,,,,,,,
1989,Syria,Saudi Arabia,0,,,,,,,,
1989,New Zealand,Australia,1,,,,,,,,
1989,Saudi Arabia,Yemen,1,,,,,,,,
1989,New Zealand,Israel,0,,,,,,,,
1989,German DR,Turkey,-1,,,,,,,,
1989,Hungary,Malta,0,,,,,,,,
1989,Australia,Israel,0,,,,,,,,
1989,Bulgaria,Denmark,-1,,,,,,,,
1989,England,Albania,1,,,,,,,,
1989,Greece,Romania,0,,,,,,,,
1989,Republic of Ireland,Spain,1,,,,,,,,
1989,Malta,Northern Ireland,-1,,,,,,,,
1989,Netherlands,Germany,0,,,,,,,,
1989,Portugal,Switzerland,1,,,,,,,,
1989,Russia,German DR,1,,,,,,,,
1989,Scotland,Cyprus,1,,,,,,,,
1989,Belgium,Czechoslovakia,1,,,,,,,,
1989,France,Yugoslavia,0,,,,,,,,
1989,Sweden,Poland,1,,,,,,,,
1989,Czechoslovakia,Luxembourg,1,,,,,,,,
1989,Turkey,Russia,-1,,,,,,,,
1989,Denmark,Greece,1,,,,,,,,
1989,Romania,Bulgaria,1,,,,,,,,
1989,German DR,Austria,0,,,,,,,,
1989,Indonesia,North Korea,0,,,,,,,,
1989,Norway,Cyprus,1,,,,,,,,
1989,Hong Kong,Japan,0,,,,,,,,
1989,South Korea,Singapore,1,,,,,,,,
1989,Malaysia,Nepal,1,,,,,,,,
1989,South Korea,Nepal,1,,,,,,,,
1989,Malaysia,Singapore,1,,,,,,,,
1989,Hong Kong,North Korea,-1,,,,,,,,
1989,South Korea,Malaysia,1,,,,,,,,
1989,Singapore,Nepal,1,,,,,,,,
1989,Indonesia,Japan,0,,,,,,,,
1989,Republic of Ireland,Malta,1,,,,,,,,
1989,Iran,Thailand,1,,,,,,,,
1989,Finland,Netherlands,-1,,,,,,,,
1989,Russia,Iceland,0,,,,,,,,
1989,Wales,Germany,0,,,,,,,,
1989,Luxembourg,Belgium,-1,,,,,,,,
1989,England,Poland,1,,,,,,,,
1989,Nepal,South Korea,-1,,,,,,,,
1989,Singapore,Malaysia,0,,,,,,,,
1989,Hong Kong,Indonesia,0,,,,,,,,
1989,Republic of Ireland,Hungary,1,,,,,,,,
1989,Japan,North Korea,1,,,,,,,,
1989,Malaysia,South Korea,-1,,,,,,,,
1989,Singapore,Nepal,1,,,,,,,,
1989,Malaysia,Nepal,1,,,,,,,,
1989,Singapore,South Korea,-1,,,,,,,,
1989,Switzerland,Czechoslovakia,-1,,,,,,,,
1989,Kenya,Egypt,0,,,,,,,,
1989,Nigeria,Cameroon,1,,,,,,,,
1989,Angola,Gabon,1,,,,,,,,
1989,DR Congo,Morocco,0,,,,,,,,
1989,Ivory Coast,Algeria,0,,,,,,,,
1989,Japan,Indonesia,1,,,,,,,,
1989,Liberia,Malawi,1,,,,,,,,
1989,Zambia,Tunisia,1,,,,,,,,
1989,Iceland,Austria,0,,,,,,,,
1989,Norway,Yugoslavia,-1,,,,,,,,
1989,Japan,Hong Kong,0,,,,,,,,
1989,Malawi,Kenya,1,,,,,,,,
1989,Angola,Cameroon,-1,,,,,,,,
1989,Gabon,Nigeria,1,,,,,,,,
1989,Indonesia,Hong Kong,1,,,,,,,,
1989,North Korea,Japan,1,,,,,,,,
1989,Liberia,Egypt,1,,,,,,,,
1989,Tunisia,DR Congo,1,,,,,,,,
1989,Zambia,Morocco,1,,,,,,,,
1989,Zimbabwe,Algeria,-1,,,,,,,,
1989,North Korea,Hong Kong,1,,,,,,,,
1989,North Korea,Indonesia,1,,,,,,,,
1989,China PR,Iran,1,,,,,,,,
1989,Iran,China PR,1,,,,,,,,
1989,China PR,Thailand,1,,,,,,,,
1989,Venezuela,Brazil,-1,,,,,,,,
1989,Venezuela,Chile,-1,,,,,,,,
1989,Egypt,Malawi,1,,,,,,,,
1989,Kenya,Liberia,1,,,,,,,,
1989,Nigeria,Angola,1,,,,,,,,
1989,Cameroon,Gabon,1,,,,,,,,
1989,Chile,Brazil,0,,,,,,,,
1989,DR Congo,Zambia,1,,,,,,,,
1989,Ivory Coast,Zimbabwe,1,,,,,,,,
1989,Morocco,Tunisia,0,,,,,,,,
1989,Bolivia,Peru,1,,,,,,,,
1989,Brazil,Venezuela,1,,,,,,,,
1989,Colombia,Ecuador,1,,,,,,,,
1989,Austria,Iceland,1,,,,,,,,
1989,Algeria,Ivory Coast,1,,,,,,,,
1989,Egypt,Kenya,1,,,,,,,,
1989,Malawi,Liberia,0,,,,,,,,
1989,Cameroon,Nigeria,1,,,,,,,,
1989,Chile,Venezuela,1,,,,,,,,
1989,Gabon,Angola,1,,,,,,,,
1989,Morocco,DR Congo,0,,,,,,,,
1989,Paraguay,Colombia,1,,,,,,,,
1989,Peru,Uruguay,-1,,,,,,,,
1989,Tunisia,Zambia,1,,,,,,,,
1989,Bolivia,Uruguay,1,,,,,,,,
1989,Brazil,Chile,1,,,,,,,,
1989,Ecuador,Colombia,0,,,,,,,,
1989,Norway,France,0,,,,,,,,
1989,Austria,Russia,0,,,,,,,,
1989,Belgium,Portugal,1,,,,,,,,
1989,Finland,Wales,1,,,,,,,,
1989,Iceland,German DR,-1,,,,,,,,
1989,Northern Ireland,Hungary,-1,,,,,,,,
1989,Sweden,England,0,,,,,,,,
1989,Yugoslavia,Scotland,1,,,,,,,,
1989,Paraguay,Ecuador,1,,,,,,,,
1989,Peru,Bolivia,-1,,,,,,,,
1989,Colombia,Paraguay,1,,,,,,,,
1989,Uruguay,Bolivia,1,,,,,,,,
1989,Iceland,Turkey,1,,,,,,,,
1989,Switzerland,Portugal,-1,,,,,,,,
1989,Ecuador,Paraguay,1,,,,,,,,
1989,Uruguay,Peru,1,,,,,,,,
1989,Germany,Finland,1,,,,,,,,
1989,Czechoslovakia,Portugal,1,,,,,,,,
1989,Algeria,Egypt,0,,,,,,,,
1989,Cameroon,Tunisia,1,,,,,,,,
1989,German DR,Russia,1,,,,,,,,
1989,Sweden,Albania,1,,,,,,,,
1989,Bulgaria,Greece,1,,,,,,,,
1989,Denmark,Romania,1,,,,,,,,
1989,France,Scotland,1,,,,,,,,
1989,Hungary,Spain,0,,,,,,,,
1989,Republic of Ireland,Northern Ireland,1,,,,,,,,
1989,Luxembourg,Portugal,-1,,,,,,,,
1989,Poland,England,0,,,,,,,,
1989,Switzerland,Belgium,0,,,,,,,,
1989,Wales,Netherlands,-1,,,,,,,,
1989,Yugoslavia,Norway,1,,,,,,,,
1989,China PR,Saudi Arabia,1,,,,,,,,
1989,United Arab Emirates,North Korea,0,,,,,,,,
1989,South Korea,Qatar,0,,,,,,,,
1989,Colombia,Israel,1,,,,,,,,
1989,South Korea,North Korea,1,,,,,,,,
1989,Qatar,Saudi Arabia,0,,,,,,,,
1989,China PR,United Arab Emirates,-1,,,,,,,,
1989,China PR,South Korea,-1,,,,,,,,
1989,North Korea,Qatar,1,,,,,,,,
1989,Saudi Arabia,United Arab Emirates,0,,,,,,,,
1989,North Korea,China PR,-1,,,,,,,,
1989,United Arab Emirates,Qatar,0,,,,,,,,
1989,Belgium,Luxembourg,0,,,,,,,,
1989,Czechoslovakia,Switzerland,1,,,,,,,,
1989,Poland,Sweden,-1,,,,,,,,
1989,Saudi Arabia,South Korea,-1,,,,,,,,
1989,Turkey,Austria,1,,,,,,,,
1989,Cyprus,Yugoslavia,-1,,,,,,,,
1989,Qatar,China PR,1,,,,,,,,
1989,Saudi Arabia,North Korea,1,,,,,,,,
1989,United Arab Emirates,South Korea,0,,,,,,,,
1989,Israel,Colombia,0,,,,,,,,
1989,Albania,Poland,-1,,,,,,,,
1989,Austria,German DR,1,,,,,,,,
1989,Germany,Wales,1,,,,,,,,
1989,Greece,Bulgaria,1,,,,,,,,
1989,Malta,Republic of Ireland,-1,,,,,,,,
1989,Netherlands,Finland,1,,,,,,,,
1989,Portugal,Czechoslovakia,0,,,,,,,,
1989,Romania,Denmark,1,,,,,,,,
1989,Russia,Turkey,1,,,,,,,,
1989,Scotland,Norway,0,,,,,,,,
1989,Spain,Hungary,1,,,,,,,,
1989,Switzerland,Luxembourg,1,,,,,,,,
1989,Egypt,Algeria,1,,,,,,,,
1989,France,Cyprus,1,,,,,,,,
1989,Tunisia,Cameroon,-1,,,,,,,,
1990,Argentina,Cameroon,-1,,,,,,,,
1990,Italy,Austria,1,,,,,,,,
1990,Russia,Romania,-1,,,,,,,,
1990,United Arab Emirates,Colombia,-1,,,,,,,,
1990,Brazil,Sweden,1,,,,,,,,
1990,Germany,Yugoslavia,1,,,,,,,,
1990,United States,Czechoslovakia,-1,,,,,,,,
1990,Costa Rica,Scotland,1,,,,,,,,
1990,England,Republic of Ireland,0,,,,,,,,
1990,Belgium,South Korea,1,,,,,,,,
1990,Netherlands,Egypt,0,,,,,,,,
1990,Argentina,Russia,1,,,,,,,,
1990,Uruguay,Spain,0,,,,,,,,
1990,Cameroon,Romania,1,,,,,,,,
1990,Italy,United States,1,,,,,,,,
1990,Yugoslavia,Colombia,1,,,,,,,,
1990,Austria,Czechoslovakia,-1,,,,,,,,
1990,Germany,United Arab Emirates,1,,,,,,,,
1990,Brazil,Costa Rica,1,,,,,,,,
1990,England,Netherlands,0,,,,,,,,
1990,Sweden,Scotland,-1,,,,,,,,
1990,Belgium,Uruguay,1,,,,,,,,
1990,Republic of Ireland,Egypt,0,,,,,,,,
1990,South Korea,Spain,-1,,,,,,,,
1990,Argentina,Romania,0,,,,,,,,
1990,Cameroon,Russia,-1,,,,,,,,
1990,Austria,United States,1,,,,,,,,
1990,Germany,Colombia,0,,,,,,,,
1990,Italy,Czechoslovakia,1,,,,,,,,
1990,Yugoslavia,United Arab Emirates,1,,,,,,,,
1990,Brazil,Scotland,1,,,,,,,,
1990,Sweden,Costa Rica,-1,,,,,,,,
1990,Belgium,Spain,-1,,,,,,,,
1990,England,Egypt,1,,,,,,,,
1990,Republic of Ireland,Netherlands,0,,,,,,,,
1990,South Korea,Uruguay,-1,,,,,,,,
1990,Cameroon,Colombia,1,,,,,,,,
1990,Czechoslovakia,Costa Rica,1,,,,,,,,
1990,Brazil,Argentina,-1,,,,,,,,
1990,Germany,Netherlands,1,,,,,,,,
1990,Republic of Ireland,Romania,0,,,,,,,,
1990,Italy,Uruguay,1,,,,,,,,
1990,England,Belgium,1,,,,,,,,
1990,Spain,Yugoslavia,-1,,,,,,,,
1990,Italy,Republic of Ireland,1,,,,,,,,
1990,Yugoslavia,Argentina,0,,,,,,,,
1990,Cameroon,England,-1,,,,,,,,
1990,Germany,Czechoslovakia,1,,,,,,,,
1990,Italy,Argentina,0,,,,,,,,
1990,Germany,England,0,,,,,,,,
1990,Italy,England,1,,,,,,,,
1990,Germany,Argentina,1,,,,,,,,
1992,Dominican Republic,Puerto Rico,-1,,,,,,,,
1992,Saint Lucia,Saint Vincent and the Grenadines,1,,,,,,,,
1992,Puerto Rico,Dominican Republic,0,,,,,,,,
1992,Saint Vincent and the Grenadines,Saint Lucia,1,,,,,,,,
1992,Barbados,Trinidad and Tobago,-1,,,,,,,,
1992,Curaçao,Antigua and Barbuda,0,,,,,,,,
1992,Belgium,Cyprus,1,,,,,,,,
1992,Spain,Albania,1,,,,,,,,
1992,Guyana,Suriname,-1,,,,,,,,
1992,Antigua and Barbuda,Curaçao,1,,,,,,,,
1992,Bermuda,Haiti,1,,,,,,,,
1992,Northern Ireland,Lithuania,0,,,,,,,,
1992,Romania,Faroe Islands,1,,,,,,,,
1992,Greece,Iceland,1,,,,,,,,
1992,Finland,Bulgaria,-1,,,,,,,,
1992,Romania,Wales,1,,,,,,,,
1992,Jamaica,Puerto Rico,1,,,,,,,,
1992,Haiti,Bermuda,1,,,,,,,,
1992,Suriname,Guyana,0,,,,,,,,
1992,Republic of Ireland,Albania,1,,,,,,,,
1992,Puerto Rico,Jamaica,-1,,,,,,,,
1992,Trinidad and Tobago,Barbados,1,,,,,,,,
1992,Albania,Lithuania,1,,,,,,,,
1992,Faroe Islands,Belgium,-1,,,,,,,,
1992,Hungary,Iceland,-1,,,,,,,,
1992,New Zealand,Fiji,1,,,,,,,,
1992,Antigua and Barbuda,Bermuda,-1,,,,,,,,
1992,Faroe Islands,Cyprus,-1,,,,,,,,
1992,Vanuatu,New Zealand,-1,,,,,,,,
1992,New Zealand,Vanuatu,1,,,,,,,,
1992,Bermuda,Antigua and Barbuda,1,,,,,,,,
1992,Trinidad and Tobago,Jamaica,-1,,,,,,,,
1992,Solomon Islands,Tahiti,0,,,,,,,,
1992,Guatemala,Honduras,0,,,,,,,,
1992,Nicaragua,El Salvador,-1,,,,,,,,
1992,El Salvador,Nicaragua,1,,,,,,,,
1992,Honduras,Guatemala,1,,,,,,,,
1992,Suriname,Saint Vincent and the Grenadines,0,,,,,,,,
1992,Latvia,Lithuania,-1,,,,,,,,
1992,Jamaica,Trinidad and Tobago,0,,,,,,,,
1992,Estonia,Switzerland,-1,,,,,,,,
1992,Panama,Costa Rica,1,,,,,,,,
1992,Costa Rica,Panama,1,,,,,,,,
1992,Latvia,Denmark,0,,,,,,,,
1992,Saint Vincent and the Grenadines,Suriname,1,,,,,,,,
1992,Czechoslovakia,Belgium,-1,,,,,,,,
1992,Solomon Islands,Australia,-1,,,,,,,,
1992,Bulgaria,France,1,,,,,,,,
1992,Finland,Sweden,-1,,,,,,,,
1992,Republic of Ireland,Latvia,1,,,,,,,,
1992,Luxembourg,Hungary,-1,,,,,,,,
1992,Northern Ireland,Albania,1,,,,,,,,
1992,Norway,San Marino,1,,,,,,,,
1992,Switzerland,Scotland,1,,,,,,,,
1992,Wales,Faroe Islands,1,,,,,,,,
1992,Tahiti,Australia,-1,,,,,,,,
1992,Fiji,Vanuatu,1,,,,,,,,
1992,Australia,Tahiti,1,,,,,,,,
1992,Czechoslovakia,Faroe Islands,1,,,,,,,,
1992,Latvia,Spain,0,,,,,,,,
1992,Lithuania,Denmark,0,,,,,,,,
1992,Norway,Netherlands,1,,,,,,,,
1992,Poland,Turkey,1,,,,,,,,
1992,Australia,Solomon Islands,1,,,,,,,,
1992,Vanuatu,Fiji,-1,,,,,,,,
1992,Iceland,Greece,-1,,,,,,,,
1992,San Marino,Norway,-1,,,,,,,,
1992,Sweden,Bulgaria,1,,,,,,,,
1992,Algeria,Burundi,1,,,,,,,,
1992,Tahiti,Solomon Islands,1,,,,,,,,
1992,Zimbabwe,Togo,1,,,,,,,,
1992,Nigeria,South Africa,1,,,,,,,,
1992,Ivory Coast,Botswana,1,,,,,,,,
1992,DR Congo,Liberia,1,,,,,,,,
1992,Egypt,Angola,1,,,,,,,,
1992,Gabon,Mozambique,1,,,,,,,,
1992,Madagascar,Namibia,1,,,,,,,,
1992,Morocco,Ethiopia,1,,,,,,,,
1992,Tunisia,Benin,1,,,,,,,,
1992,Zambia,Tanzania,1,,,,,,,,
1992,Belgium,Romania,1,,,,,,,,
1992,Cyprus,Wales,-1,,,,,,,,
1992,Denmark,Republic of Ireland,0,,,,,,,,
1992,England,Norway,0,,,,,,,,
1992,France,Austria,1,,,,,,,,
1992,Italy,Switzerland,0,,,,,,,,
1992,Netherlands,Poland,0,,,,,,,,
1992,Northern Ireland,Spain,0,,,,,,,,
1992,Russia,Iceland,1,,,,,,,,
1992,Scotland,Portugal,0,,,,,,,,
1992,Bermuda,El Salvador,1,,,,,,,,
1992,Cameroon,Eswatini,1,,,,,,,,
1992,Jamaica,Canada,0,,,,,,,,
1992,South Africa,Congo,1,,,,,,,,
1992,Benin,Morocco,-1,,,,,,,,
1992,Bermuda,Jamaica,0,,,,,,,,
1992,Burundi,Ghana,1,,,,,,,,
1992,El Salvador,Canada,0,,,,,,,,
1992,Ethiopia,Tunisia,0,,,,,,,,
1992,Malta,Estonia,0,,,,,,,,
1992,Mozambique,Senegal,-1,,,,,,,,
1992,Namibia,Zambia,-1,,,,,,,,
1992,Niger,Ivory Coast,0,,,,,,,,
1992,Eswatini,DR Congo,1,,,,,,,,
1992,Tanzania,Madagascar,0,,,,,,,,
1992,Togo,Egypt,-1,,,,,,,,
1992,Austria,Israel,1,,,,,,,,
1992,Lithuania,Latvia,0,,,,,,,,
1992,Russia,Luxembourg,1,,,,,,,,
1992,Turkey,San Marino,1,,,,,,,,
1992,Canada,Jamaica,1,,,,,,,,
1992,El Salvador,Bermuda,1,,,,,,,,
1992,Saint Vincent and the Grenadines,Mexico,-1,,,,,,,,
1992,Canada,El Salvador,-1,,,,,,,,
1992,Costa Rica,Honduras,-1,,,,,,,,
1992,Jamaica,Bermuda,1,,,,,,,,
1992,Albania,Latvia,0,,,,,,,,
1992,Greece,Hungary,0,,,,,,,,
1992,Israel,Sweden,-1,,,,,,,,
1992,France,Finland,1,,,,,,,,
1992,Romania,Czechoslovakia,0,,,,,,,,
1992,Saint Vincent and the Grenadines,Costa Rica,-1,,,,,,,,
1992,Canada,Bermuda,1,,,,,,,,
1992,Mexico,Honduras,1,,,,,,,,
1992,Belgium,Wales,1,,,,,,,,
1992,England,Turkey,1,,,,,,,,
1992,Northern Ireland,Denmark,-1,,,,,,,,
1992,Scotland,Italy,0,,,,,,,,
1992,Spain,Republic of Ireland,0,,,,,,,,
1992,Switzerland,Malta,1,,,,,,,,
1992,Saint Vincent and the Grenadines,Honduras,-1,,,,,,,,
1992,Jamaica,El Salvador,-1,,,,,,,,
1992,Mexico,Costa Rica,1,,,,,,,,
1992,Honduras,Saint Vincent and the Grenadines,1,,,,,,,,
1992,Costa Rica,Mexico,1,,,,,,,,
1992,Cyprus,Romania,-1,,,,,,,,
1992,Israel,Bulgaria,-1,,,,,,,,
1992,Honduras,Costa Rica,1,,,,,,,,
1992,Mexico,Saint Vincent and the Grenadines,1,,,,,,,,
1992,Bermuda,Canada,0,,,,,,,,
1992,El Salvador,Jamaica,1,,,,,,,,
1992,Costa Rica,Saint Vincent and the Grenadines,1,,,,,,,,
1992,Honduras,Mexico,0,,,,,,,,
1992,Spain,Latvia,1,,,,,,,,
1992,Turkey,Netherlands,-1,,,,,,,,
1992,Malta,Italy,-1,,,,,,,,
1992,Tanzania,Namibia,1,,,,,,,,
1992,Gabon,Senegal,1,,,,,,,,
1992,Botswana,Niger,-1,,,,,,,,
1992,Congo,Nigeria,-1,,,,,,,,
1992,Ethiopia,Benin,1,,,,,,,,
1992,Ghana,Algeria,1,,,,,,,,
1992,Guinea,Kenya,1,,,,,,,,
1992,Madagascar,Zambia,1,,,,,,,,
1992,Tunisia,Morocco,0,,,,,,,,
1992,Zimbabwe,Egypt,1,,,,,,,,
1993,Angola,Zimbabwe,0,,,,,,,,
1993,DR Congo,Cameroon,-1,,,,,,,,
1993,South Africa,Nigeria,0,,,,,,,,
1993,Tanzania,Zambia,-1,,,,,,,,
1993,Benin,Tunisia,-1,,,,,,,,
1993,Botswana,Ivory Coast,0,,,,,,,,
1993,Burundi,Algeria,0,,,,,,,,
1993,Ethiopia,Morocco,-1,,,,,,,,
1993,Mozambique,Gabon,0,,,,,,,,
1993,Namibia,Madagascar,-1,,,,,,,,
1993,Eswatini,Cameroon,0,,,,,,,,
1993,Togo,Zimbabwe,-1,,,,,,,,
1993,Angola,Egypt,0,,,,,,,,
1993,Zambia,Namibia,1,,,,,,,,
1993,Malta,Portugal,-1,,,,,,,,
1993,Senegal,Mozambique,1,,,,,,,,
1993,Congo,South Africa,-1,,,,,,,,
1993,Egypt,Togo,1,,,,,,,,
1993,Ghana,Burundi,1,,,,,,,,
1993,Ivory Coast,Niger,1,,,,,,,,
1993,Morocco,Benin,1,,,,,,,,
1993,Tunisia,Ethiopia,1,,,,,,,,
1993,Zimbabwe,Angola,1,,,,,,,,
1993,Cyprus,Belgium,-1,,,,,,,,
1993,Albania,Northern Ireland,-1,,,,,,,,
1993,England,San Marino,1,,,,,,,,
1993,Greece,Luxembourg,1,,,,,,,,
1993,Israel,France,-1,,,,,,,,
1993,Scotland,Malta,1,,,,,,,,
1993,Netherlands,Turkey,1,,,,,,,,
1993,Portugal,Italy,-1,,,,,,,,
1993,Spain,Lithuania,1,,,,,,,,
1993,Algeria,Ghana,1,,,,,,,,
1993,Kenya,Guinea,1,,,,,,,,
1993,Nigeria,Congo,1,,,,,,,,
1993,Senegal,Gabon,1,,,,,,,,
1993,Zambia,Madagascar,1,,,,,,,,
1993,Benin,Ethiopia,1,,,,,,,,
1993,Morocco,Tunisia,0,,,,,,,,
1993,Niger,Botswana,1,,,,,,,,
1993,Togo,Angola,-1,,,,,,,,
1993,Cameroon,DR Congo,0,,,,,,,,
1993,San Marino,Turkey,0,,,,,,,,
1993,Cyprus,Czechoslovakia,0,,,,,,,,
1993,Italy,Malta,1,,,,,,,,
1993,Netherlands,San Marino,1,,,,,,,,
1993,Austria,France,-1,,,,,,,,
1993,Denmark,Spain,1,,,,,,,,
1993,Hungary,Greece,-1,,,,,,,,
1993,Republic of Ireland,Northern Ireland,1,,,,,,,,
1993,Switzerland,Portugal,0,,,,,,,,
1993,Turkey,England,-1,,,,,,,,
1993,Wales,Belgium,1,,,,,,,,
1993,El Salvador,Mexico,1,,,,,,,,
1993,Honduras,Canada,0,,,,,,,,
1993,Japan,Thailand,1,,,,,,,,
1993,Sri Lanka,United Arab Emirates,-1,,,,,,,,
1993,North Korea,Vietnam,1,,,,,,,,
1993,Qatar,Indonesia,1,,,,,,,,
1993,Canada,El Salvador,1,,,,,,,,
1993,Japan,Bangladesh,1,,,,,,,,
1993,North Korea,Singapore,1,,,,,,,,
1993,Mexico,Honduras,1,,,,,,,,
1993,Qatar,Vietnam,1,,,,,,,,
1993,Thailand,Sri Lanka,1,,,,,,,,
1993,North Korea,Indonesia,1,,,,,,,,
1993,Sri Lanka,Bangladesh,-1,,,,,,,,
1993,United Arab Emirates,Thailand,1,,,,,,,,
1993,Vietnam,Singapore,-1,,,,,,,,
1993,Austria,Bulgaria,1,,,,,,,,
1993,Denmark,Latvia,1,,,,,,,,
1993,Italy,Estonia,1,,,,,,,,
1993,Lithuania,Albania,1,,,,,,,,
1993,Luxembourg,Russia,-1,,,,,,,,
1993,Romania,Cyprus,1,,,,,,,,
1993,Egypt,Zimbabwe,0,,,,,,,,
1993,Japan,Sri Lanka,1,,,,,,,,
1993,United Arab Emirates,Bangladesh,1,,,,,,,,
1993,Algeria,Ivory Coast,0,,,,,,,,
1993,Qatar,Singapore,1,,,,,,,,
1993,Vietnam,Indonesia,1,,,,,,,,
1993,Malta,Switzerland,-1,,,,,,,,
1993,Cameroon,Guinea,1,,,,,,,,
1993,Canada,Honduras,1,,,,,,,,
1993,Indonesia,Singapore,-1,,,,,,,,
1993,Japan,United Arab Emirates,1,,,,,,,,
1993,Mexico,El Salvador,1,,,,,,,,
1993,Morocco,Senegal,1,,,,,,,,
1993,Qatar,North Korea,-1,,,,,,,,
1993,Thailand,Bangladesh,1,,,,,,,,
1993,Indonesia,Qatar,-1,,,,,,,,
1993,Vietnam,North Korea,-1,,,,,,,,
1993,Cyprus,Faroe Islands,1,,,,,,,,
1993,Honduras,El Salvador,1,,,,,,,,
1993,Mexico,Canada,1,,,,,,,,
1993,Singapore,North Korea,-1,,,,,,,,
1993,Vietnam,Qatar,-1,,,,,,,,
1993,Bulgaria,Finland,1,,,,,,,,
1993,Czechoslovakia,Wales,0,,,,,,,,
1993,England,Netherlands,0,,,,,,,,
1993,France,Sweden,1,,,,,,,,
1993,Indonesia,North Korea,-1,,,,,,,,
1993,Republic of Ireland,Denmark,0,,,,,,,,
1993,Norway,Turkey,1,,,,,,,,
1993,Poland,San Marino,1,,,,,,,,
1993,Portugal,Scotland,1,,,,,,,,
1993,Russia,Hungary,1,,,,,,,,
1993,Singapore,Vietnam,1,,,,,,,,
1993,Spain,Northern Ireland,1,,,,,,,,
1993,Thailand,Japan,-1,,,,,,,,
1993,United Arab Emirates,Sri Lanka,1,,,,,,,,
1993,Bangladesh,Japan,-1,,,,,,,,
1993,Indonesia,Vietnam,1,,,,,,,,
1993,Singapore,Qatar,1,,,,,,,,
1993,United Arab Emirates,Thailand,1,,,,,,,,
1993,Macau,Saudi Arabia,-1,,,,,,,,
1993,Malaysia,Kuwait,0,,,,,,,,
1993,Switzerland,Italy,1,,,,,,,,
1993,El Salvador,Canada,-1,,,,,,,,
1993,Guinea,Zimbabwe,1,,,,,,,,
1993,Honduras,Mexico,-1,,,,,,,,
1993,Ivory Coast,Nigeria,1,,,,,,,,
1993,North Korea,Qatar,0,,,,,,,,
1993,Singapore,Indonesia,1,,,,,,,,
1993,Macau,Kuwait,-1,,,,,,,,
1993,Malaysia,Saudi Arabia,0,,,,,,,,
1993,Sri Lanka,Thailand,-1,,,,,,,,
1993,United Arab Emirates,Bangladesh,1,,,,,,,,
1993,Bangladesh,Thailand,-1,,,,,,,,
1993,Kuwait,Saudi Arabia,0,,,,,,,,
1993,Malaysia,Macau,1,,,,,,,,
1993,Sri Lanka,Japan,-1,,,,,,,,
1993,Bangladesh,Sri Lanka,1,,,,,,,,
1993,Hong Kong,Bahrain,1,,,,,,,,
1993,Lebanon,India,0,,,,,,,,
1993,United Arab Emirates,Japan,0,,,,,,,,
1993,Bahrain,South Korea,0,,,,,,,,
1993,Canada,Mexico,-1,,,,,,,,
1993,El Salvador,Honduras,1,,,,,,,,
1993,Lebanon,Hong Kong,0,,,,,,,,
1993,India,Hong Kong,-1,,,,,,,,
1993,Lebanon,South Korea,-1,,,,,,,,
1993,Bulgaria,Israel,0,,,,,,,,
1993,Estonia,Malta,-1,,,,,,,,
1993,Finland,Austria,1,,,,,,,,
1993,India,South Korea,-1,,,,,,,,
1993,Lebanon,Bahrain,0,,,,,,,,
1993,Kuwait,Malaysia,1,,,,,,,,
1993,Saudi Arabia,Macau,1,,,,,,,,
1993,Bahrain,India,1,,,,,,,,
1993,Hong Kong,South Korea,-1,,,,,,,,
1993,Latvia,Albania,0,,,,,,,,
1993,Kuwait,Macau,1,,,,,,,,
1993,Saudi Arabia,Malaysia,1,,,,,,,,
1993,Macau,Malaysia,-1,,,,,,,,
1993,Saudi Arabia,Kuwait,1,,,,,,,,
1993,Estonia,Scotland,-1,,,,,,,,
1993,San Marino,Poland,-1,,,,,,,,
1993,Sweden,Austria,1,,,,,,,,
1993,Luxembourg,Iceland,0,,,,,,,,
1993,Belgium,Faroe Islands,1,,,,,,,,
1993,Jordan,Yemen,0,,,,,,,,
1993,Pakistan,China PR,-1,,,,,,,,
1993,Russia,Greece,0,,,,,,,,
1993,Jordan,Iraq,0,,,,,,,,
1993,Yemen,Pakistan,1,,,,,,,,
1993,Lithuania,Northern Ireland,-1,,,,,,,,
1993,Albania,Republic of Ireland,-1,,,,,,,,
1993,Jordan,China PR,-1,,,,,,,,
1993,Yemen,Iraq,-1,,,,,,,,
1993,Pakistan,Iraq,-1,,,,,,,,
1993,Yemen,China PR,1,,,,,,,,
1993,Poland,England,0,,,,,,,,
1993,Iraq,China PR,1,,,,,,,,
1993,Jordan,Pakistan,1,,,,,,,,
1993,New Zealand,Australia,-1,,,,,,,,
1993,Czechoslovakia,Romania,1,,,,,,,,
1993,Denmark,Albania,1,,,,,,,,
1993,Iceland,Russia,0,,,,,,,,
1993,Latvia,Northern Ireland,-1,,,,,,,,
1993,Lithuania,Spain,-1,,,,,,,,
1993,Norway,England,1,,,,,,,,
1993,Scotland,Estonia,1,,,,,,,,
1993,Sweden,Israel,1,,,,,,,,
1993,Bahrain,Lebanon,0,,,,,,,,
1993,South Korea,Hong Kong,1,,,,,,,,
1993,Australia,New Zealand,1,,,,,,,,
1993,Faroe Islands,Wales,-1,,,,,,,,
1993,India,Bahrain,-1,,,,,,,,
1993,South Korea,Lebanon,1,,,,,,,,
1993,Hong Kong,Lebanon,-1,,,,,,,,
1993,South Korea,India,1,,,,,,,,
1993,Latvia,Republic of Ireland,-1,,,,,,,,
1993,Netherlands,Norway,0,,,,,,,,
1993,Bahrain,Hong Kong,1,,,,,,,,
1993,India,Lebanon,-1,,,,,,,,
1993,China PR,Pakistan,1,,,,,,,,
1993,Yemen,Jordan,0,,,,,,,,
1993,Hong Kong,India,-1,,,,,,,,
1993,South Korea,Bahrain,1,,,,,,,,
1993,Iraq,Jordan,1,,,,,,,,
1993,Pakistan,Yemen,-1,,,,,,,,
1993,China PR,Jordan,1,,,,,,,,
1993,Faroe Islands,Czechoslovakia,-1,,,,,,,,
1993,Finland,Israel,0,,,,,,,,
1993,Iceland,Hungary,1,,,,,,,,
1993,Iraq,Yemen,1,,,,,,,,
1993,Lithuania,Republic of Ireland,-1,,,,,,,,
1993,China PR,Yemen,1,,,,,,,,
1993,Iraq,Pakistan,1,,,,,,,,
1993,Portugal,Malta,1,,,,,,,,
1993,China PR,Iraq,1,,,,,,,,
1993,Pakistan,Jordan,-1,,,,,,,,
1993,Taiwan,Syria,-1,,,,,,,,
1993,Iran,Oman,0,,,,,,,,
1993,Iran,Taiwan,1,,,,,,,,
1993,Oman,Syria,0,,,,,,,,
1993,Iran,Syria,0,,,,,,,,
1993,Oman,Taiwan,1,,,,,,,,
1993,Oman,Iran,-1,,,,,,,,
1993,Syria,Taiwan,1,,,,,,,,
1993,Nigeria,Algeria,1,,,,,,,,
1993,Taiwan,Iran,-1,,,,,,,,
1993,Syria,Oman,1,,,,,,,,
1993,Zambia,Morocco,1,,,,,,,,
1993,Zimbabwe,Cameroon,1,,,,,,,,
1993,Syria,Iran,0,,,,,,,,
1993,Taiwan,Oman,-1,,,,,,,,
1993,Senegal,Morocco,-1,,,,,,,,
1993,Ecuador,Brazil,0,,,,,,,,
1993,Guinea,Cameroon,-1,,,,,,,,
1993,Ivory Coast,Algeria,1,,,,,,,,
1993,Venezuela,Bolivia,-1,,,,,,,,
1993,Bolivia,Brazil,1,,,,,,,,
1993,Venezuela,Uruguay,-1,,,,,,,,
1993,Canada,Australia,1,,,,,,,,
1993,Colombia,Paraguay,0,,,,,,,,
1993,Peru,Argentina,-1,,,,,,,,
1993,Uruguay,Ecuador,0,,,,,,,,
1993,Venezuela,Brazil,-1,,,,,,,,
1993,Senegal,Zambia,0,,,,,,,,
1993,Bolivia,Uruguay,1,,,,,,,,
1993,Ecuador,Venezuela,1,,,,,,,,
1993,Paraguay,Argentina,-1,,,,,,,,
1993,Peru,Colombia,-1,,,,,,,,
1993,Paraguay,Peru,1,,,,,,,,
1993,Australia,Canada,1,,,,,,,,
1993,Bolivia,Ecuador,1,,,,,,,,
1993,Colombia,Argentina,1,,,,,,,,
1993,Uruguay,Brazil,0,,,,,,,,
1993,Argentina,Peru,1,,,,,,,,
1993,Bolivia,Venezuela,1,,,,,,,,
1993,Brazil,Ecuador,1,,,,,,,,
1993,Paraguay,Colombia,0,,,,,,,,
1993,Sweden,France,0,,,,,,,,
1993,Austria,Finland,1,,,,,,,,
1993,Denmark,Lithuania,1,,,,,,,,
1993,Argentina,Paraguay,0,,,,,,,,
1993,Brazil,Bolivia,1,,,,,,,,
1993,Colombia,Peru,1,,,,,,,,
1993,Uruguay,Venezuela,1,,,,,,,,
1993,Argentina,Colombia,-1,,,,,,,,
1993,Brazil,Venezuela,1,,,,,,,,
1993,Ecuador,Uruguay,-1,,,,,,,,
1993,Estonia,Portugal,-1,,,,,,,,
1993,Peru,Paraguay,0,,,,,,,,
1993,Albania,Denmark,-1,,,,,,,,
1993,Bulgaria,Sweden,0,,,,,,,,
1993,England,Poland,1,,,,,,,,
1993,Faroe Islands,Romania,-1,,,,,,,,
1993,Finland,France,-1,,,,,,,,
1993,Hungary,Russia,-1,,,,,,,,
1993,Iceland,Luxembourg,1,,,,,,,,
1993,Republic of Ireland,Lithuania,1,,,,,,,,
1993,Northern Ireland,Latvia,1,,,,,,,,
1993,Scotland,Switzerland,0,,,,,,,,
1993,Wales,Czechoslovakia,0,,,,,,,,
1993,Uruguay,Bolivia,1,,,,,,,,
1993,Venezuela,Ecuador,1,,,,,,,,
1993,Brazil,Uruguay,1,,,,,,,,
1993,Ecuador,Bolivia,0,,,,,,,,
1993,Albania,Spain,-1,,,,,,,,
1993,Estonia,Italy,-1,,,,,,,,
1993,Norway,Poland,1,,,,,,,,
1993,San Marino,Netherlands,-1,,,,,,,,
1993,Nigeria,Ivory Coast,1,,,,,,,,
1993,Zambia,Senegal,1,,,,,,,,
1993,Zimbabwe,Guinea,1,,,,,,,,
1993,Algeria,Nigeria,0,,,,,,,,
1993,Cameroon,Zimbabwe,1,,,,,,,,
1993,Morocco,Zambia,1,,,,,,,,
1993,Luxembourg,Greece,-1,,,,,,,,
1993,Bulgaria,Austria,1,,,,,,,,
1993,Denmark,Northern Ireland,1,,,,,,,,
1993,France,Israel,-1,,,,,,,,
1993,Republic of Ireland,Spain,-1,,,,,,,,
1993,Italy,Scotland,1,,,,,,,,
1993,Netherlands,England,1,,,,,,,,
1993,Poland,Norway,-1,,,,,,,,
1993,Portugal,Switzerland,1,,,,,,,,
1993,Romania,Belgium,1,,,,,,,,
1993,Sweden,Finland,1,,,,,,,,
1993,Wales,Cyprus,1,,,,,,,,
1993,North Korea,Iraq,1,,,,,,,,
1993,Saudi Arabia,Japan,0,,,,,,,,
1993,Iran,South Korea,-1,,,,,,,,
1993,Japan,Iran,-1,,,,,,,,
1993,North Korea,Saudi Arabia,-1,,,,,,,,
1993,Iraq,South Korea,0,,,,,,,,
1993,North Korea,Japan,-1,,,,,,,,
1993,Iran,Iraq,-1,,,,,,,,
1993,South Korea,Saudi Arabia,0,,,,,,,,
1993,Iraq,Saudi Arabia,0,,,,,,,,
1993,Iran,North Korea,1,,,,,,,,
1993,Japan,South Korea,1,,,,,,,,
1993,Czechoslovakia,Cyprus,1,,,,,,,,
1993,Hungary,Luxembourg,1,,,,,,,,
1993,Israel,Austria,0,,,,,,,,
1993,Turkey,Poland,1,,,,,,,,
1993,Iraq,Japan,0,,,,,,,,
1993,South Korea,North Korea,1,,,,,,,,
1993,Saudi Arabia,Iran,1,,,,,,,,
1993,Australia,Argentina,0,,,,,,,,
1993,Austria,Sweden,0,,,,,,,,
1993,Israel,Finland,-1,,,,,,,,
1993,Portugal,Estonia,1,,,,,,,,
1993,Turkey,Norway,1,,,,,,,,
1993,Argentina,Australia,1,,,,,,,,
1993,Belgium,Czechoslovakia,0,,,,,,,,
1993,France,Bulgaria,-1,,,,,,,,
1993,Greece,Russia,1,,,,,,,,
1993,Italy,Portugal,1,,,,,,,,
1993,Malta,Scotland,-1,,,,,,,,
1993,Northern Ireland,Republic of Ireland,0,,,,,,,,
1993,Poland,Netherlands,-1,,,,,,,,
1993,San Marino,England,-1,,,,,,,,
1993,Spain,Denmark,1,,,,,,,,
1993,Switzerland,Estonia,1,,,,,,,,
1993,Wales,Romania,-1,,,,,,,,
1994,Germany,Bolivia,1,,,,,,,,
1994,Spain,South Korea,0,,,,,,,,
1994,Colombia,Romania,-1,,,,,,,,
1994,Italy,Republic of Ireland,-1,,,,,,,,
1994,United States,Switzerland,0,,,,,,,,
1994,Belgium,Morocco,1,,,,,,,,
1994,Cameroon,Sweden,0,,,,,,,,
1994,Norway,Mexico,1,,,,,,,,
1994,Brazil,Russia,1,,,,,,,,
1994,Netherlands,Saudi Arabia,1,,,,,,,,
1994,Argentina,Greece,1,,,,,,,,
1994,Germany,Spain,0,,,,,,,,
1994,Nigeria,Bulgaria,1,,,,,,,,
1994,Romania,Switzerland,-1,,,,,,,,
1994,United States,Colombia,1,,,,,,,,
1994,Italy,Norway,1,,,,,,,,
1994,South Korea,Bolivia,0,,,,,,,,
1994,Brazil,Cameroon,1,,,,,,,,
1994,Mexico,Republic of Ireland,1,,,,,,,,
1994,Sweden,Russia,1,,,,,,,,
1994,Argentina,Nigeria,1,,,,,,,,
1994,Belgium,Netherlands,1,,,,,,,,
1994,Saudi Arabia,Morocco,1,,,,,,,,
1994,Bulgaria,Greece,1,,,,,,,,
1994,Switzerland,Colombia,-1,,,,,,,,
1994,United States,Romania,-1,,,,,,,,
1994,Bolivia,Spain,-1,,,,,,,,
1994,Germany,South Korea,1,,,,,,,,
1994,Brazil,Sweden,0,,,,,,,,
1994,Republic of Ireland,Norway,0,,,,,,,,
1994,Italy,Mexico,0,,,,,,,,
1994,Russia,Cameroon,1,,,,,,,,
1994,Belgium,Saudi Arabia,-1,,,,,,,,
1994,Morocco,Netherlands,-1,,,,,,,,
1994,Argentina,Bulgaria,-1,,,,,,,,
1994,Greece,Nigeria,-1,,,,,,,,
1994,Germany,Belgium,1,,,,,,,,
1994,Spain,Switzerland,1,,,,,,,,
1994,Romania,Argentina,1,,,,,,,,
1994,Saudi Arabia,Sweden,-1,,,,,,,,
1994,Netherlands,Republic of Ireland,1,,,,,,,,
1994,United States,Brazil,-1,,,,,,,,
1994,Mexico,Bulgaria,0,,,,,,,,
1994,Nigeria,Italy,-1,,,,,,,,
1994,Italy,Spain,1,,,,,,,,
1994,Netherlands,Brazil,-1,,,,,,,,
1994,Bulgaria,Germany,1,,,,,,,,
1994,Romania,Sweden,0,,,,,,,,
1994,Bulgaria,Italy,-1,,,,,,,,
1994,Sweden,Brazil,-1,,,,,,,,
1994,Sweden,Bulgaria,1,,,,,,,,
1994,Brazil,Italy,0,,,,,,,,
1996,Dominica,Antigua and Barbuda,0,,,,,,,,
1996,Dominican Republic,Aruba,1,,,,,,,,
1996,Guyana,Grenada,-1,,,,,,,,
1996,Antigua and Barbuda,Dominica,-1,,,,,,,,
1996,Aruba,Dominican Republic,-1,,,,,,,,
1996,Suriname,Jamaica,-1,,,,,,,,
1996,Grenada,Guyana,1,,,,,,,,
1996,Jamaica,Suriname,1,,,,,,,,
1996,Argentina,Bolivia,1,,,,,,,,
1996,Colombia,Paraguay,1,,,,,,,,
1996,Ecuador,Peru,1,,,,,,,,
1996,Greece,Slovenia,1,,,,,,,,
1996,North Macedonia,Liechtenstein,1,,,,,,,,
1996,Serbia,Faroe Islands,1,,,,,,,,
1996,Venezuela,Uruguay,-1,,,,,,,,
1996,Puerto Rico,Saint Vincent and the Grenadines,-1,,,,,,,,
1996,Dominican Republic,Curaçao,1,,,,,,,,
1996,Nicaragua,Guatemala,-1,,,,,,,,
1996,Saint Kitts and Nevis,Saint Lucia,1,,,,,,,,
1996,Guatemala,Nicaragua,1,,,,,,,,
1996,Curaçao,Dominican Republic,0,,,,,,,,
1996,Saint Vincent and the Grenadines,Puerto Rico,1,,,,,,,,
1996,Cayman Islands,Cuba,-1,,,,,,,,
1996,Haiti,Grenada,1,,,,,,,,
1996,Cayman Islands,Cuba,-1,,,,,,,,
1996,Dominica,Barbados,-1,,,,,,,,
1996,Grenada,Haiti,-1,,,,,,,,
1996,Barbados,Dominica,1,,,,,,,,
1996,Saint Lucia,Saint Kitts and Nevis,-1,,,,,,,,
1996,Mauritania,Burkina Faso,0,,,,,,,,
1996,Gambia,Liberia,1,,,,,,,,
1996,Guinea-Bissau,Guinea,1,,,,,,,,
1996,Iceland,North Macedonia,0,,,,,,,,
1996,Malawi,South Africa,-1,,,,,,,,
1996,Namibia,Mozambique,1,,,,,,,,
1996,Sudan,Zambia,1,,,,,,,,
1996,Sweden,Belarus,1,,,,,,,,
1996,Uganda,Angola,-1,,,,,,,,
1996,Belize,Panama,-1,,,,,,,,
1996,Burundi,Sierra Leone,1,,,,,,,,
1996,Congo,Ivory Coast,1,,,,,,,,
1996,Ecuador,Argentina,1,,,,,,,,
1996,Kenya,Algeria,1,,,,,,,,
1996,Madagascar,Zimbabwe,-1,,,,,,,,
1996,Mauritius,DR Congo,-1,,,,,,,,
1996,Norway,Azerbaijan,1,,,,,,,,
1996,Peru,Colombia,0,,,,,,,,
1996,Rwanda,Tunisia,-1,,,,,,,,
1996,San Marino,Wales,-1,,,,,,,,
1996,Serbia,Malta,1,,,,,,,,
1996,Eswatini,Gabon,-1,,,,,,,,
1996,Togo,Senegal,1,,,,,,,,
1996,Uruguay,Paraguay,-1,,,,,,,,
1996,Venezuela,Chile,0,,,,,,,,
1996,Tanzania,Ghana,0,,,,,,,,
1996,Panama,Belize,1,,,,,,,,
1996,Algeria,Kenya,1,,,,,,,,
1996,Dominican Republic,Trinidad and Tobago,-1,,,,,,,,
1996,South Africa,Malawi,1,,,,,,,,
1996,Senegal,Togo,0,,,,,,,,
1996,Angola,Uganda,1,,,,,,,,
1996,Burkina Faso,Mauritania,1,,,,,,,,
1996,DR Congo,Mauritius,1,,,,,,,,
1996,Gabon,Eswatini,1,,,,,,,,
1996,Guinea,Guinea-Bissau,1,,,,,,,,
1996,Ivory Coast,Congo,0,,,,,,,,
1996,Mozambique,Namibia,0,,,,,,,,
1996,Sierra Leone,Burundi,-1,,,,,,,,
1996,Tunisia,Rwanda,1,,,,,,,,
1996,Zambia,Sudan,1,,,,,,,,
1996,Zimbabwe,Madagascar,0,,,,,,,,
1996,Ghana,Tanzania,1,,,,,,,,
1996,Cuba,Haiti,1,,,,,,,,
1996,Barbados,Jamaica,-1,,,,,,,,
1996,Liberia,Gambia,1,,,,,,,,
1996,Saint Kitts and Nevis,Saint Vincent and the Grenadines,0,,,,,,,,
1996,Trinidad and Tobago,Dominican Republic,1,,,,,,,,
1996,Haiti,Cuba,0,,,,,,,,
1996,Jamaica,Barbados,1,,,,,,,,
1996,Saint Vincent and the Grenadines,Saint Kitts and Nevis,0,,,,,,,,
1996,Chile,Ecuador,1,,,,,,,,
1996,Bolivia,Venezuela,1,,,,,,,,
1996,Colombia,Uruguay,1,,,,,,,,
1996,Peru,Argentina,0,,,,,,,,
1996,Canada,Panama,1,,,,,,,,
1996,Armenia,Portugal,0,,,,,,,,
1996,Austria,Scotland,0,,,,,,,,
1996,Azerbaijan,Switzerland,1,,,,,,,,
1996,Belarus,Estonia,1,,,,,,,,
1996,Belgium,Turkey,1,,,,,,,,
1996,Faroe Islands,Slovakia,-1,,,,,,,,
1996,Liechtenstein,Republic of Ireland,-1,,,,,,,,
1996,Northern Ireland,Ukraine,-1,,,,,,,,
1996,Romania,Lithuania,1,,,,,,,,
1996,Wales,San Marino,1,,,,,,,,
1996,Argentina,Paraguay,0,,,,,,,,
1996,Bolivia,Peru,0,,,,,,,,
1996,Colombia,Chile,1,,,,,,,,
1996,Ecuador,Venezuela,1,,,,,,,,
1996,Greece,Bosnia and Herzegovina,1,,,,,,,,
1996,Hungary,Finland,1,,,,,,,,
1996,Israel,Bulgaria,1,,,,,,,,
1996,Latvia,Sweden,-1,,,,,,,,
1996,Moldova,England,-1,,,,,,,,
1996,Russia,Cyprus,1,,,,,,,,
1996,Slovenia,Denmark,-1,,,,,,,,
1996,Trinidad and Tobago,Costa Rica,-1,,,,,,,,
1996,Faroe Islands,Spain,-1,,,,,,,,
1996,El Salvador,Cuba,1,,,,,,,,
1996,Saint Vincent and the Grenadines,Mexico,-1,,,,,,,,
1996,Jamaica,Honduras,1,,,,,,,,
1996,Papua New Guinea,Solomon Islands,0,,,,,,,,
1996,Czech Republic,Malta,1,,,,,,,,
1996,Solomon Islands,Vanuatu,0,,,,,,,,
1996,Papua New Guinea,Vanuatu,1,,,,,,,,
1996,Qatar,Sri Lanka,1,,,,,,,,
1996,Honduras,Mexico,1,,,,,,,,
1996,India,Philippines,1,,,,,,,,
1996,Panama,Cuba,-1,,,,,,,,
1996,Slovakia,Malta,1,,,,,,,,
1996,Saint Vincent and the Grenadines,Jamaica,-1,,,,,,,,
1996,Qatar,Philippines,1,,,,,,,,
1996,Sri Lanka,India,0,,,,,,,,
1996,Philippines,Sri Lanka,-1,,,,,,,,
1996,Qatar,India,1,,,,,,,,
1996,Estonia,Belarus,1,,,,,,,,
1996,Latvia,Scotland,-1,,,,,,,,
1996,Lithuania,Iceland,1,,,,,,,,
1996,Moldova,Italy,-1,,,,,,,,
1996,Northern Ireland,Armenia,0,,,,,,,,
1996,Ukraine,Portugal,1,,,,,,,,
1996,Wales,Netherlands,-1,,,,,,,,
1996,Faroe Islands,Serbia,-1,,,,,,,,
1996,Finland,Switzerland,-1,,,,,,,,
1996,Panama,El Salvador,0,,,,,,,,
1996,Trinidad and Tobago,Guatemala,0,,,,,,,,
1996,Bosnia and Herzegovina,Croatia,-1,,,,,,,,
1996,Luxembourg,Bulgaria,-1,,,,,,,,
1996,Uruguay,Bolivia,1,,,,,,,,
1996,Albania,Portugal,-1,,,,,,,,
1996,Armenia,Germany,-1,,,,,,,,
1996,Belarus,Latvia,0,,,,,,,,
1996,Czech Republic,Spain,0,,,,,,,,
1996,Denmark,Greece,1,,,,,,,,
1996,Ecuador,Colombia,-1,,,,,,,,
1996,England,Poland,1,,,,,,,,
1996,Iceland,Romania,-1,,,,,,,,
1996,Republic of Ireland,North Macedonia,1,,,,,,,,
1996,Israel,Russia,0,,,,,,,,
1996,Italy,Georgia,1,,,,,,,,
1996,Lithuania,Liechtenstein,1,,,,,,,,
1996,Norway,Hungary,1,,,,,,,,
1996,Paraguay,Chile,1,,,,,,,,
1996,San Marino,Belgium,-1,,,,,,,,
1996,Sweden,Austria,-1,,,,,,,,
1996,Venezuela,Argentina,-1,,,,,,,,
1996,Canada,Cuba,1,,,,,,,,
1996,Saint Vincent and the Grenadines,Honduras,-1,,,,,,,,
1996,Canada,Cuba,1,,,,,,,,
1996,Mexico,Jamaica,1,,,,,,,,
1996,Slovakia,Faroe Islands,1,,,,,,,,
1996,Honduras,Jamaica,0,,,,,,,,
1996,Panama,Canada,0,,,,,,,,
1996,Mexico,Saint Vincent and the Grenadines,1,,,,,,,,
1996,Canada,El Salvador,1,,,,,,,,
1996,United States,Guatemala,1,,,,,,,,
1996,Mexico,Honduras,1,,,,,,,,
1996,Egypt,Namibia,1,,,,,,,,
1996,Albania,Armenia,0,,,,,,,,
1996,Austria,Latvia,1,,,,,,,,
1996,Georgia,England,-1,,,,,,,,
1996,Germany,Northern Ireland,0,,,,,,,,
1996,Liechtenstein,North Macedonia,-1,,,,,,,,
1996,Morocco,Sierra Leone,1,,,,,,,,
1996,Netherlands,Wales,1,,,,,,,,
1996,Nigeria,Burkina Faso,1,,,,,,,,
1996,Portugal,Ukraine,1,,,,,,,,
1996,South Africa,DR Congo,1,,,,,,,,
1996,Costa Rica,Guatemala,1,,,,,,,,
1996,Jamaica,Saint Vincent and the Grenadines,1,,,,,,,,
1996,Angola,Zimbabwe,1,,,,,,,,
1996,Azerbaijan,Hungary,-1,,,,,,,,
1996,Bolivia,Colombia,0,,,,,,,,
1996,Congo,Zambia,1,,,,,,,,
1996,Croatia,Greece,0,,,,,,,,
1996,Cyprus,Israel,1,,,,,,,,
1996,El Salvador,Panama,1,,,,,,,,
1996,Gabon,Ghana,0,,,,,,,,
1996,Guinea,Kenya,1,,,,,,,,
1996,Republic of Ireland,Iceland,0,,,,,,,,
1996,Liberia,Tunisia,-1,,,,,,,,
1996,Luxembourg,Russia,-1,,,,,,,,
1996,Paraguay,Ecuador,1,,,,,,,,
1996,Peru,Venezuela,1,,,,,,,,
1996,Poland,Moldova,1,,,,,,,,
1996,Scotland,Sweden,1,,,,,,,,
1996,Serbia,Czech Republic,1,,,,,,,,
1996,Slovenia,Bosnia and Herzegovina,-1,,,,,,,,
1996,Switzerland,Norway,-1,,,,,,,,
1996,Togo,Cameroon,-1,,,,,,,,
1996,Turkey,San Marino,1,,,,,,,,
1996,United States,Trinidad and Tobago,1,,,,,,,,
1996,Tonga,Cook Islands,1,,,,,,,,
1996,Chile,Uruguay,1,,,,,,,,
1996,Samoa,Cook Islands,1,,,,,,,,
1996,Spain,Slovakia,1,,,,,,,,
1996,Tonga,Samoa,1,,,,,,,,
1996,Honduras,Saint Vincent and the Grenadines,1,,,,,,,,
1996,Jamaica,Mexico,1,,,,,,,,
1996,Guatemala,Costa Rica,1,,,,,,,,
1996,Trinidad and Tobago,United States,-1,,,,,,,,
1996,Costa Rica,United States,1,,,,,,,,
1996,El Salvador,Cuba,1,,,,,,,,
1996,Guatemala,Trinidad and Tobago,1,,,,,,,,
1996,Belgium,Netherlands,-1,,,,,,,,
1996,Cyprus,Bulgaria,-1,,,,,,,,
1996,North Macedonia,Romania,-1,,,,,,,,
1996,Northern Ireland,Albania,1,,,,,,,,
1996,Portugal,Germany,0,,,,,,,,
1996,Spain,Serbia,1,,,,,,,,
1996,United States,Costa Rica,1,,,,,,,,
1996,Wales,Turkey,0,,,,,,,,
1996,Argentina,Chile,0,,,,,,,,
1996,Bolivia,Paraguay,0,,,,,,,,
1996,El Salvador,Canada,-1,,,,,,,,
1996,Israel,Luxembourg,1,,,,,,,,
1996,Panama,Cuba,1,,,,,,,,
1996,Uruguay,Peru,1,,,,,,,,
1996,Venezuela,Colombia,-1,,,,,,,,
1996,Malta,Spain,-1,,,,,,,,
1996,Costa Rica,Trinidad and Tobago,1,,,,,,,,
1996,Guatemala,United States,0,,,,,,,,
1997,Namibia,Liberia,0,,,,,,,,
1997,Sierra Leone,Gabon,1,,,,,,,,
1997,Zambia,South Africa,0,,,,,,,,
1997,Bolivia,Ecuador,1,,,,,,,,
1997,Burkina Faso,Guinea,-1,,,,,,,,
1997,Cameroon,Angola,0,,,,,,,,
1997,DR Congo,Congo,0,,,,,,,,
1997,Ghana,Morocco,0,,,,,,,,
1997,Kenya,Nigeria,0,,,,,,,,
1997,Peru,Chile,1,,,,,,,,
1997,Tunisia,Egypt,1,,,,,,,,
1997,Uruguay,Argentina,0,,,,,,,,
1997,Venezuela,Paraguay,-1,,,,,,,,
1997,Zimbabwe,Togo,1,,,,,,,,
1997,Ecuador,Uruguay,1,,,,,,,,
1997,Estonia,Scotland,0,,,,,,,,
1997,Bolivia,Chile,0,,,,,,,,
1997,Colombia,Argentina,-1,,,,,,,,
1997,England,Italy,-1,,,,,,,,
1997,Paraguay,Peru,1,,,,,,,,
1997,Spain,Malta,1,,,,,,,,
1997,Tonga,Solomon Islands,-1,,,,,,,,
1997,Hong Kong,South Korea,-1,,,,,,,,
1997,Solomon Islands,Tonga,1,,,,,,,,
1997,Jamaica,United States,0,,,,,,,,
1997,Mexico,Canada,1,,,,,,,,
1997,Thailand,South Korea,-1,,,,,,,,
1997,Thailand,Hong Kong,1,,,,,,,,
1997,Taiwan,Saudi Arabia,-1,,,,,,,,
1997,Costa Rica,Mexico,0,,,,,,,,
1997,Malaysia,Bangladesh,1,,,,,,,,
1997,United States,Canada,1,,,,,,,,
1997,Bangladesh,Taiwan,-1,,,,,,,,
1997,Malaysia,Saudi Arabia,0,,,,,,,,
1997,Bangladesh,Saudi Arabia,-1,,,,,,,,
1997,Malaysia,Taiwan,1,,,,,,,,
1997,Costa Rica,United States,1,,,,,,,,
1997,Nepal,Macau,0,,,,,,,,
1997,Oman,Japan,-1,,,,,,,,
1997,Macau,Japan,-1,,,,,,,,
1997,Oman,Nepal,1,,,,,,,,
1997,Nepal,Japan,-1,,,,,,,,
1997,Oman,Macau,1,,,,,,,,
1997,Saudi Arabia,Bangladesh,1,,,,,,,,
1997,Taiwan,Bangladesh,-1,,,,,,,,
1997,Albania,Ukraine,-1,,,,,,,,
1997,Croatia,Denmark,0,,,,,,,,
1997,Cyprus,Russia,0,,,,,,,,
1997,Italy,Moldova,1,,,,,,,,
1997,Netherlands,San Marino,1,,,,,,,,
1997,Northern Ireland,Portugal,0,,,,,,,,
1997,Romania,Liechtenstein,1,,,,,,,,
1997,Saudi Arabia,Malaysia,1,,,,,,,,
1997,Scotland,Estonia,1,,,,,,,,
1997,Wales,Belgium,-1,,,,,,,,
1997,Hong Kong,Thailand,1,,,,,,,,
1997,Bangladesh,Malaysia,-1,,,,,,,,
1997,Luxembourg,Israel,-1,,,,,,,,
1997,Malta,Slovakia,-1,,,,,,,,
1997,Saudi Arabia,Taiwan,1,,,,,,,,
1997,Albania,Germany,-1,,,,,,,,
1997,Azerbaijan,Finland,-1,,,,,,,,
1997,Bolivia,Argentina,1,,,,,,,,
1997,Bosnia and Herzegovina,Greece,-1,,,,,,,,
1997,Bulgaria,Cyprus,1,,,,,,,,
1997,Croatia,Slovenia,0,,,,,,,,
1997,Czech Republic,Serbia,-1,,,,,,,,
1997,Lithuania,Romania,-1,,,,,,,,
1997,North Macedonia,Republic of Ireland,1,,,,,,,,
1997,Paraguay,Colombia,1,,,,,,,,
1997,Peru,Ecuador,0,,,,,,,,
1997,Poland,Italy,0,,,,,,,,
1997,Scotland,Austria,1,,,,,,,,
1997,Turkey,Netherlands,1,,,,,,,,
1997,Ukraine,Northern Ireland,1,,,,,,,,
1997,Uruguay,Venezuela,1,,,,,,,,
1997,Nigeria,Guinea,1,,,,,,,,
1997,Sierra Leone,Ghana,0,,,,,,,,
1997,Angola,Togo,1,,,,,,,,
1997,Cameroon,Zimbabwe,1,,,,,,,,
1997,Canada,El Salvador,0,,,,,,,,
1997,Congo,South Africa,1,,,,,,,,
1997,Gabon,Morocco,-1,,,,,,,,
1997,Indonesia,Cambodia,1,,,,,,,,
1997,Kenya,Burkina Faso,1,,,,,,,,
1997,Liberia,Egypt,1,,,,,,,,
1997,Namibia,Tunisia,-1,,,,,,,,
1997,Jordan,United Arab Emirates,0,,,,,,,,
1997,DR Congo,Zambia,0,,,,,,,,
1997,Bahrain,United Arab Emirates,-1,,,,,,,,
1997,Indonesia,Yemen,0,,,,,,,,
1997,Lebanon,Singapore,0,,,,,,,,
1997,Mexico,Jamaica,1,,,,,,,,
1997,Bahrain,Jordan,1,,,,,,,,
1997,Jordan,Bahrain,1,,,,,,,,
1997,Cambodia,Yemen,-1,,,,,,,,
1997,United States,Mexico,0,,,,,,,,
1997,United Arab Emirates,Bahrain,1,,,,,,,,
1997,Namibia,Egypt,-1,,,,,,,,
1997,Sierra Leone,Morocco,-1,,,,,,,,
1997,Singapore,Kuwait,-1,,,,,,,,
1997,United Arab Emirates,Jordan,1,,,,,,,,
1997,Burkina Faso,Nigeria,-1,,,,,,,,
1997,Cambodia,Indonesia,0,,,,,,,,
1997,Cameroon,Togo,1,,,,,,,,
1997,Canada,Jamaica,0,,,,,,,,
1997,DR Congo,South Africa,-1,,,,,,,,
1997,Ghana,Gabon,1,,,,,,,,
1997,Kenya,Guinea,1,,,,,,,,
1997,Tunisia,Liberia,1,,,,,,,,
1997,Zambia,Congo,1,,,,,,,,
1997,Zimbabwe,Angola,0,,,,,,,,
1997,Chile,Venezuela,1,,,,,,,,
1997,Argentina,Ecuador,1,,,,,,,,
1997,Armenia,Northern Ireland,0,,,,,,,,
1997,Austria,Estonia,1,,,,,,,,
1997,Colombia,Peru,-1,,,,,,,,
1997,Denmark,Slovenia,1,,,,,,,,
1997,England,Georgia,1,,,,,,,,
1997,Germany,Ukraine,1,,,,,,,,
1997,Greece,Croatia,-1,,,,,,,,
1997,Israel,Cyprus,1,,,,,,,,
1997,Italy,Poland,1,,,,,,,,
1997,Latvia,Belarus,1,,,,,,,,
1997,Liechtenstein,Lithuania,-1,,,,,,,,
1997,Malta,Faroe Islands,-1,,,,,,,,
1997,Norway,Finland,0,,,,,,,,
1997,Paraguay,Uruguay,1,,,,,,,,
1997,Romania,Republic of Ireland,1,,,,,,,,
1997,Russia,Luxembourg,1,,,,,,,,
1997,San Marino,Netherlands,-1,,,,,,,,
1997,Serbia,Spain,0,,,,,,,,
1997,Sweden,Scotland,1,,,,,,,,
1997,Switzerland,Hungary,1,,,,,,,,
1997,Turkey,Belgium,-1,,,,,,,,
1997,El Salvador,Costa Rica,1,,,,,,,,
1997,Tajikistan,Vietnam,1,,,,,,,,
1997,Turkmenistan,China PR,-1,,,,,,,,
1997,Ukraine,Armenia,0,,,,,,,,
1997,Kuwait,Lebanon,1,,,,,,,,
1997,Yemen,Uzbekistan,-1,,,,,,,,
1997,Costa Rica,Jamaica,1,,,,,,,,
1997,Kazakhstan,Pakistan,1,,,,,,,,
1997,Tajikistan,China PR,-1,,,,,,,,
1997,Turkmenistan,Vietnam,1,,,,,,,,
1997,Yemen,Cambodia,1,,,,,,,,
1997,Estonia,Latvia,-1,,,,,,,,
1997,Jamaica,El Salvador,1,,,,,,,,
1997,Republic of Ireland,Liechtenstein,1,,,,,,,,
1997,Pakistan,Iraq,-1,,,,,,,,
1997,Singapore,Lebanon,-1,,,,,,,,
1997,Turkmenistan,Tajikistan,-1,,,,,,,,
1997,Uzbekistan,Cambodia,1,,,,,,,,
1997,Vietnam,China PR,-1,,,,,,,,
1997,South Korea,Hong Kong,1,,,,,,,,
1997,Papua New Guinea,New Zealand,1,,,,,,,,
1997,Poland,England,-1,,,,,,,,
1997,Canada,Costa Rica,1,,,,,,,,
1997,China PR,Turkmenistan,1,,,,,,,,
1997,Indonesia,Uzbekistan,0,,,,,,,,
1997,South Korea,Thailand,0,,,,,,,,
1997,Vietnam,Tajikistan,-1,,,,,,,,
1997,Maldives,Iran,-1,,,,,,,,
1997,Kyrgyzstan,Iran,-1,,,,,,,,
1997,Syria,Maldives,1,,,,,,,,
1997,Kuwait,Singapore,1,,,,,,,,
1997,Iraq,Kazakhstan,-1,,,,,,,,
1997,Kyrgyzstan,Maldives,1,,,,,,,,
1997,Syria,Iran,-1,,,,,,,,
1997,Belgium,San Marino,1,,,,,,,,
1997,Fiji,New Zealand,-1,,,,,,,,
1997,Georgia,Moldova,1,,,,,,,,
1997,North Macedonia,Iceland,1,,,,,,,,
1997,Nigeria,Kenya,1,,,,,,,,
1997,Portugal,Albania,1,,,,,,,,
1997,Ukraine,Germany,0,,,,,,,,
1997,Morocco,Ghana,1,,,,,,,,
1997,Angola,Cameroon,0,,,,,,,,
1997,Argentina,Peru,1,,,,,,,,
1997,Belarus,Scotland,-1,,,,,,,,
1997,Bulgaria,Luxembourg,1,,,,,,,,
1997,China PR,Tajikistan,0,,,,,,,,
1997,Congo,DR Congo,1,,,,,,,,
1997,Denmark,Bosnia and Herzegovina,1,,,,,,,,
1997,Ecuador,Chile,0,,,,,,,,
1997,Egypt,Tunisia,0,,,,,,,,
1997,El Salvador,Mexico,-1,,,,,,,,
1997,Estonia,Sweden,-1,,,,,,,,
1997,Faroe Islands,Malta,1,,,,,,,,
1997,Finland,Azerbaijan,1,,,,,,,,
1997,Guinea,Burkina Faso,1,,,,,,,,
1997,Hungary,Norway,0,,,,,,,,
1997,Latvia,Austria,-1,,,,,,,,
1997,Liberia,Namibia,-1,,,,,,,,
1997,Russia,Israel,1,,,,,,,,
1997,Serbia,Slovakia,1,,,,,,,,
1997,South Africa,Zambia,1,,,,,,,,
1997,Spain,Czech Republic,1,,,,,,,,
1997,Togo,Zimbabwe,1,,,,,,,,
1997,Uruguay,Colombia,0,,,,,,,,
1997,Venezuela,Bolivia,0,,,,,,,,
1997,Vietnam,Turkmenistan,-1,,,,,,,,
1997,Iran,Kyrgyzstan,1,,,,,,,,
1997,Maldives,Syria,-1,,,,,,,,
1997,Australia,Solomon Islands,1,,,,,,,,
1997,Iceland,Lithuania,0,,,,,,,,
1997,Iran,Maldives,1,,,,,,,,
1997,Kyrgyzstan,Syria,1,,,,,,,,
1997,New Zealand,Papua New Guinea,1,,,,,,,,
1997,Pakistan,Kazakhstan,-1,,,,,,,,
1997,Australia,Tahiti,1,,,,,,,,
1997,Iran,Syria,0,,,,,,,,
1997,Maldives,Kyrgyzstan,-1,,,,,,,,
1997,Yemen,Indonesia,0,,,,,,,,
1997,Poland,Georgia,1,,,,,,,,
1997,Fiji,Papua New Guinea,1,,,,,,,,
1997,Solomon Islands,Tahiti,1,,,,,,,,
1997,Australia,Solomon Islands,1,,,,,,,,
1997,New Zealand,Fiji,1,,,,,,,,
1997,Australia,Tahiti,1,,,,,,,,
1997,Iraq,Pakistan,1,,,,,,,,
1997,Uzbekistan,Indonesia,1,,,,,,,,
1997,Papua New Guinea,Fiji,-1,,,,,,,,
1997,Tahiti,Solomon Islands,0,,,,,,,,
1997,China PR,Vietnam,1,,,,,,,,
1997,Japan,Macau,1,,,,,,,,
1997,Lebanon,Kuwait,-1,,,,,,,,
1997,Nepal,Oman,-1,,,,,,,,
1997,Tajikistan,Turkmenistan,1,,,,,,,,
1997,Japan,Nepal,1,,,,,,,,
1997,Macau,Oman,-1,,,,,,,,
1997,Japan,Oman,0,,,,,,,,
1997,Macau,Nepal,1,,,,,,,,
1997,New Zealand,Australia,-1,,,,,,,,
1997,Cambodia,Uzbekistan,-1,,,,,,,,
1997,El Salvador,United States,0,,,,,,,,
1997,Kazakhstan,Iraq,1,,,,,,,,
1997,Chile,Colombia,1,,,,,,,,
1997,Australia,New Zealand,1,,,,,,,,
1997,Paraguay,Argentina,-1,,,,,,,,
1997,Peru,Bolivia,1,,,,,,,,
1997,Venezuela,Ecuador,0,,,,,,,,
1997,Argentina,Venezuela,1,,,,,,,,
1997,Bolivia,Uruguay,1,,,,,,,,
1997,Chile,Paraguay,1,,,,,,,,
1997,Colombia,Ecuador,1,,,,,,,,
1997,Costa Rica,El Salvador,0,,,,,,,,
1997,Guinea,Nigeria,1,,,,,,,,
1997,Burkina Faso,Kenya,-1,,,,,,,,
1997,Morocco,Gabon,1,,,,,,,,
1997,South Africa,Congo,1,,,,,,,,
1997,Zambia,DR Congo,1,,,,,,,,
1997,Egypt,Liberia,1,,,,,,,,
1997,Ghana,Sierra Leone,-1,,,,,,,,
1997,Togo,Angola,0,,,,,,,,
1997,Tunisia,Namibia,1,,,,,,,,
1997,Zimbabwe,Cameroon,-1,,,,,,,,
1997,Belarus,Sweden,-1,,,,,,,,
1997,Bosnia and Herzegovina,Denmark,1,,,,,,,,
1997,Bulgaria,Israel,1,,,,,,,,
1997,Colombia,Bolivia,1,,,,,,,,
1997,Czech Republic,Faroe Islands,1,,,,,,,,
1997,Ecuador,Paraguay,1,,,,,,,,
1997,Estonia,Austria,-1,,,,,,,,
1997,Finland,Norway,-1,,,,,,,,
1997,Hungary,Switzerland,0,,,,,,,,
1997,Republic of Ireland,Lithuania,0,,,,,,,,
1997,Liechtenstein,Iceland,-1,,,,,,,,
1997,Northern Ireland,Germany,-1,,,,,,,,
1997,Portugal,Armenia,1,,,,,,,,
1997,Romania,North Macedonia,1,,,,,,,,
1997,Turkey,Wales,1,,,,,,,,
1997,Ukraine,Albania,1,,,,,,,,
1997,Uruguay,Chile,1,,,,,,,,
1997,Venezuela,Peru,-1,,,,,,,,
1997,Slovakia,Czech Republic,1,,,,,,,,
1997,Uzbekistan,Yemen,1,,,,,,,,
1997,Armenia,Albania,1,,,,,,,,
1997,Austria,Sweden,1,,,,,,,,
1997,Azerbaijan,Norway,-1,,,,,,,,
1997,Croatia,Bosnia and Herzegovina,1,,,,,,,,
1997,Faroe Islands,Czech Republic,-1,,,,,,,,
1997,Germany,Portugal,0,,,,,,,,
1997,Iceland,Republic of Ireland,-1,,,,,,,,
1997,South Korea,Kazakhstan,1,,,,,,,,
1997,Latvia,Estonia,1,,,,,,,,
1997,Liechtenstein,Romania,-1,,,,,,,,
1997,Lithuania,North Macedonia,1,,,,,,,,
1997,Netherlands,Belgium,1,,,,,,,,
1997,Slovenia,Greece,-1,,,,,,,,
1997,Switzerland,Finland,-1,,,,,,,,
1997,Jamaica,Canada,1,,,,,,,,
1997,Japan,Uzbekistan,1,,,,,,,,
1997,Luxembourg,Cyprus,-1,,,,,,,,
1997,Scotland,Belarus,1,,,,,,,,
1997,United States,Costa Rica,1,,,,,,,,
1997,Albania,Northern Ireland,1,,,,,,,,
1997,Belarus,Austria,-1,,,,,,,,
1997,Bosnia and Herzegovina,Slovenia,1,,,,,,,,
1997,Bulgaria,Russia,1,,,,,,,,
1997,Chile,Argentina,-1,,,,,,,,
1997,Colombia,Venezuela,1,,,,,,,,
1997,Denmark,Croatia,1,,,,,,,,
1997,England,Moldova,1,,,,,,,,
1997,Georgia,Italy,0,,,,,,,,
1997,Germany,Armenia,1,,,,,,,,
1997,Hungary,Azerbaijan,1,,,,,,,,
1997,Lithuania,Republic of Ireland,-1,,,,,,,,
1997,Norway,Switzerland,1,,,,,,,,
1997,Paraguay,Bolivia,1,,,,,,,,
1997,Peru,Uruguay,1,,,,,,,,
1997,Romania,Iceland,1,,,,,,,,
1997,San Marino,Turkey,-1,,,,,,,,
1997,Slovakia,Serbia,0,,,,,,,,
1997,Sweden,Latvia,1,,,,,,,,
1997,South Korea,Uzbekistan,1,,,,,,,,
1997,United Arab Emirates,Kazakhstan,1,,,,,,,,
1997,China PR,Iran,-1,,,,,,,,
1997,El Salvador,Canada,1,,,,,,,,
1997,Jamaica,Costa Rica,1,,,,,,,,
1997,Saudi Arabia,Kuwait,1,,,,,,,,
1997,Iran,Saudi Arabia,0,,,,,,,,
1997,Qatar,Kuwait,-1,,,,,,,,
1997,United Arab Emirates,Japan,0,,,,,,,,
1997,Kazakhstan,Uzbekistan,0,,,,,,,,
1997,Malta,Czech Republic,-1,,,,,,,,
1997,Moldova,Georgia,-1,,,,,,,,
1997,Slovakia,Spain,-1,,,,,,,,
1997,Kuwait,Iran,0,,,,,,,,
1997,Qatar,China PR,0,,,,,,,,
1997,Uzbekistan,United Arab Emirates,-1,,,,,,,,
1997,Japan,South Korea,-1,,,,,,,,
1997,China PR,Saudi Arabia,1,,,,,,,,
1997,Iran,Qatar,1,,,,,,,,
1997,United States,Jamaica,0,,,,,,,,
1997,Kazakhstan,Japan,0,,,,,,,,
1997,South Korea,United Arab Emirates,1,,,,,,,,
1997,Mexico,El Salvador,1,,,,,,,,
1997,Moldova,Poland,-1,,,,,,,,
1997,Kuwait,China PR,-1,,,,,,,,
1997,Armenia,Ukraine,-1,,,,,,,,
1997,Austria,Belarus,1,,,,,,,,
1997,Belgium,Wales,1,,,,,,,,
1997,Cyprus,Luxembourg,1,,,,,,,,
1997,Czech Republic,Slovakia,1,,,,,,,,
1997,Finland,Hungary,0,,,,,,,,
1997,Georgia,Poland,1,,,,,,,,
1997,Germany,Albania,1,,,,,,,,
1997,Greece,Denmark,0,,,,,,,,
1997,Iceland,Liechtenstein,1,,,,,,,,
1997,Republic of Ireland,Romania,0,,,,,,,,
1997,Italy,England,0,,,,,,,,
1997,Kazakhstan,South Korea,0,,,,,,,,
1997,North Macedonia,Lithuania,-1,,,,,,,,
1997,Malta,Serbia,-1,,,,,,,,
1997,Netherlands,Turkey,0,,,,,,,,
1997,Portugal,Northern Ireland,1,,,,,,,,
1997,Russia,Bulgaria,1,,,,,,,,
1997,Saudi Arabia,Qatar,1,,,,,,,,
1997,Scotland,Latvia,1,,,,,,,,
1997,Slovenia,Croatia,-1,,,,,,,,
1997,Spain,Faroe Islands,1,,,,,,,,
1997,Sweden,Estonia,1,,,,,,,,
1997,Switzerland,Azerbaijan,1,,,,,,,,
1997,Uzbekistan,Japan,0,,,,,,,,
1997,Argentina,Uruguay,0,,,,,,,,
1997,Canada,Mexico,0,,,,,,,,
1997,Ecuador,Bolivia,1,,,,,,,,
1997,Paraguay,Venezuela,1,,,,,,,,
1997,Peru,Chile,-1,,,,,,,,
1997,Iran,China PR,1,,,,,,,,
1997,Kuwait,Saudi Arabia,1,,,,,,,,
1997,Kazakhstan,United Arab Emirates,1,,,,,,,,
1997,Uzbekistan,South Korea,-1,,,,,,,,
1997,Kuwait,Qatar,-1,,,,,,,,
1997,Saudi Arabia,Iran,1,,,,,,,,
1997,Uzbekistan,Kazakhstan,1,,,,,,,,
1997,Japan,United Arab Emirates,0,,,,,,,,
1997,Croatia,Ukraine,1,,,,,,,,
1997,Hungary,Serbia,-1,,,,,,,,
1997,Republic of Ireland,Belgium,0,,,,,,,,
1997,Russia,Italy,0,,,,,,,,
1997,China PR,Qatar,-1,,,,,,,,
1997,Iran,Kuwait,0,,,,,,,,
1997,South Korea,Japan,-1,,,,,,,,
1997,Mexico,United States,0,,,,,,,,
1997,United Arab Emirates,Uzbekistan,0,,,,,,,,
1997,Saudi Arabia,China PR,0,,,,,,,,
1997,Qatar,Iran,1,,,,,,,,
1997,Japan,Kazakhstan,1,,,,,,,,
1997,Canada,United States,-1,,,,,,,,
1997,El Salvador,Jamaica,0,,,,,,,,
1997,Mexico,Costa Rica,0,,,,,,,,
1997,United Arab Emirates,South Korea,-1,,,,,,,,
1997,China PR,Kuwait,1,,,,,,,,
1997,Qatar,Saudi Arabia,-1,,,,,,,,
1997,Belgium,Republic of Ireland,1,,,,,,,,
1997,Italy,Russia,1,,,,,,,,
1997,Serbia,Hungary,1,,,,,,,,
1997,Ukraine,Croatia,0,,,,,,,,
1997,Argentina,Colombia,0,,,,,,,,
1997,Chile,Bolivia,1,,,,,,,,
1997,Costa Rica,Canada,1,,,,,,,,
1997,Jamaica,Mexico,0,,,,,,,,
1997,Japan,Iran,1,,,,,,,,
1997,Peru,Paraguay,1,,,,,,,,
1997,Uruguay,Ecuador,1,,,,,,,,
1997,United States,El Salvador,1,,,,,,,,
1997,Iran,Australia,0,,,,,,,,
1997,Australia,Iran,0,,,,,,,,
1998,Brazil,Scotland,1,,,,,,,,
1998,Morocco,Norway,0,,,,,,,,
1998,Cameroon,Austria,0,,,,,,,,
1998,Italy,Chile,0,,,,,,,,
1998,France,South Africa,1,,,,,,,,
1998,Paraguay,Bulgaria,0,,,,,,,,
1998,Saudi Arabia,Denmark,-1,,,,,,,,
1998,South Korea,Mexico,-1,,,,,,,,
1998,Netherlands,Belgium,0,,,,,,,,
1998,Spain,Nigeria,-1,,,,,,,,
1998,Argentina,Japan,1,,,,,,,,
1998,Jamaica,Croatia,-1,,,,,,,,
1998,Serbia,Iran,1,,,,,,,,
1998,England,Tunisia,1,,,,,,,,
1998,Germany,United States,1,,,,,,,,
1998,Romania,Colombia,1,,,,,,,,
1998,Brazil,Morocco,1,,,,,,,,
1998,Scotland,Norway,0,,,,,,,,
1998,Chile,Austria,0,,,,,,,,
1998,Italy,Cameroon,1,,,,,,,,
1998,France,Saudi Arabia,1,,,,,,,,
1998,South Africa,Denmark,0,,,,,,,,
1998,Nigeria,Bulgaria,1,,,,,,,,
1998,Spain,Paraguay,0,,,,,,,,
1998,Belgium,Mexico,0,,,,,,,,
1998,Japan,Croatia,-1,,,,,,,,
1998,Netherlands,South Korea,1,,,,,,,,
1998,Argentina,Jamaica,1,,,,,,,,
1998,Germany,Serbia,0,,,,,,,,
1998,United States,Iran,-1,,,,,,,,
1998,Colombia,Tunisia,1,,,,,,,,
1998,Romania,England,1,,,,,,,,
1998,Brazil,Norway,-1,,,,,,,,
1998,Chile,Cameroon,0,,,,,,,,
1998,Italy,Austria,1,,,,,,,,
1998,Scotland,Morocco,-1,,,,,,,,
1998,France,Denmark,1,,,,,,,,
1998,Nigeria,Paraguay,-1,,,,,,,,
1998,South Africa,Saudi Arabia,0,,,,,,,,
1998,Spain,Bulgaria,1,,,,,,,,
1998,Belgium,South Korea,0,,,,,,,,
1998,Germany,Iran,1,,,,,,,,
1998,Netherlands,Mexico,0,,,,,,,,
1998,United States,Serbia,-1,,,,,,,,
1998,Argentina,Croatia,1,,,,,,,,
1998,Colombia,England,-1,,,,,,,,
1998,Japan,Jamaica,-1,,,,,,,,
1998,Romania,Tunisia,0,,,,,,,,
1998,Brazil,Chile,1,,,,,,,,
1998,Italy,Norway,1,,,,,,,,
1998,France,Paraguay,1,,,,,,,,
1998,Nigeria,Denmark,-1,,,,,,,,
1998,Germany,Mexico,1,,,,,,,,
1998,Netherlands,Serbia,1,,,,,,,,
1998,Argentina,England,0,,,,,,,,
1998,Romania,Croatia,-1,,,,,,,,
1998,Brazil,Denmark,1,,,,,,,,
1998,France,Italy,0,,,,,,,,
1998,Germany,Croatia,-1,,,,,,,,
1998,Netherlands,Argentina,1,,,,,,,,
1998,Brazil,Netherlands,0,,,,,,,,
1998,France,Croatia,1,,,,,,,,
1998,Netherlands,Croatia,-1,,,,,,,,
1998,France,Brazil,1,,,,,,,,
2000,Honduras,Nicaragua,1,,,,,,,,
2000,Trinidad and Tobago,Curaçao,1,,,,,,,,
2000,Anguilla,Bahamas,-1,,,,,,,,
2000,Barbados,Grenada,0,,,,,,,,
2000,British Virgin Islands,Bermuda,-1,,,,,,,,
2000,Cuba,Cayman Islands,1,,,,,,,,
2000,Dominican Republic,Montserrat,1,,,,,,,,
2000,El Salvador,Belize,1,,,,,,,,
2000,Saint Lucia,Suriname,1,,,,,,,,
2000,Saint Vincent and the Grenadines,United States Virgin Islands,1,,,,,,,,
2000,Aruba,Puerto Rico,1,,,,,,,,
2000,Haiti,Dominica,1,,,,,,,,
2000,Curaçao,Trinidad and Tobago,0,,,,,,,,
2000,Grenada,Barbados,-1,,,,,,,,
2000,Puerto Rico,Aruba,0,,,,,,,,
2000,Saint Kitts and Nevis,Turks and Caicos Islands,1,,,,,,,,
2000,Bahamas,Anguilla,1,,,,,,,,
2000,Belize,Guatemala,-1,,,,,,,,
2000,Bermuda,British Virgin Islands,1,,,,,,,,
2000,Cayman Islands,Cuba,0,,,,,,,,
2000,Dominica,Haiti,-1,,,,,,,,
2000,Montserrat,Dominican Republic,-1,,,,,,,,
2000,Nicaragua,Panama,-1,,,,,,,,
2000,Suriname,Saint Lucia,1,,,,,,,,
2000,United States Virgin Islands,Saint Vincent and the Grenadines,-1,,,,,,,,
2000,Saint Kitts and Nevis,Turks and Caicos Islands,1,,,,,,,,
2000,Colombia,Brazil,0,,,,,,,,
2000,Argentina,Chile,1,,,,,,,,
2000,Ecuador,Venezuela,1,,,,,,,,
2000,Peru,Paraguay,1,,,,,,,,
2000,Uruguay,Bolivia,1,,,,,,,,
2000,Aruba,Barbados,-1,,,,,,,,
2000,Haiti,Bahamas,1,,,,,,,,
2000,Cuba,Suriname,1,,,,,,,,
2000,Guatemala,El Salvador,-1,,,,,,,,
2000,Panama,Honduras,1,,,,,,,,
2000,Trinidad and Tobago,Dominican Republic,1,,,,,,,,
2000,Djibouti,DR Congo,0,,,,,,,,
2000,Mauritania,Tunisia,-1,,,,,,,,
2000,Central African Republic,Zimbabwe,-1,,,,,,,,
2000,Botswana,Zambia,-1,,,,,,,,
2000,Guinea-Bissau,Togo,0,,,,,,,,
2000,Madagascar,Gabon,1,,,,,,,,
2000,Malawi,Kenya,1,,,,,,,,
2000,São Tomé and Príncipe,Sierra Leone,1,,,,,,,,
2000,Seychelles,Namibia,0,,,,,,,,
2000,Tanzania,Ghana,-1,,,,,,,,
2000,Uganda,Guinea,0,,,,,,,,
2000,Benin,Senegal,0,,,,,,,,
2000,Cape Verde,Algeria,0,,,,,,,,
2000,Chad,Liberia,-1,,,,,,,,
2000,Equatorial Guinea,Congo,-1,,,,,,,,
2000,Eritrea,Nigeria,0,,,,,,,,
2000,Ethiopia,Burkina Faso,1,,,,,,,,
2000,Gambia,Morocco,-1,,,,,,,,
2000,Lesotho,South Africa,-1,,,,,,,,
2000,Libya,Mali,1,,,,,,,,
2000,Rwanda,Ivory Coast,0,,,,,,,,
2000,Sudan,Mozambique,1,,,,,,,,
2000,Eswatini,Angola,-1,,,,,,,,
2000,Egypt,Mauritius,1,,,,,,,,
2000,Antigua and Barbuda,Bermuda,0,,,,,,,,
2000,Bahamas,Haiti,-1,,,,,,,,
2000,Barbados,Aruba,1,,,,,,,,
2000,Belize,El Salvador,-1,,,,,,,,
2000,Dominican Republic,Trinidad and Tobago,-1,,,,,,,,
2000,Nicaragua,Honduras,-1,,,,,,,,
2000,Saint Vincent and the Grenadines,Saint Kitts and Nevis,1,,,,,,,,
2000,Suriname,Cuba,0,,,,,,,,
2000,Cameroon,Somalia,1,,,,,,,,
2000,Algeria,Cape Verde,1,,,,,,,,
2000,Gabon,Madagascar,1,,,,,,,,
2000,Kenya,Malawi,0,,,,,,,,
2000,Morocco,Gambia,1,,,,,,,,
2000,Namibia,Seychelles,1,,,,,,,,
2000,Nigeria,Eritrea,1,,,,,,,,
2000,Sierra Leone,São Tomé and Príncipe,1,,,,,,,,
2000,South Africa,Lesotho,1,,,,,,,,
2000,Saint Kitts and Nevis,Saint Vincent and the Grenadines,-1,,,,,,,,
2000,Tunisia,Mauritania,1,,,,,,,,
2000,Zambia,Botswana,1,,,,,,,,
2000,Angola,Eswatini,1,,,,,,,,
2000,Bermuda,Antigua and Barbuda,0,,,,,,,,
2000,Burkina Faso,Ethiopia,1,,,,,,,,
2000,Cameroon,Somalia,1,,,,,,,,
2000,Congo,Equatorial Guinea,1,,,,,,,,
2000,DR Congo,Djibouti,1,,,,,,,,
2000,Egypt,Mauritius,1,,,,,,,,
2000,Ghana,Tanzania,1,,,,,,,,
2000,Guinea,Uganda,1,,,,,,,,
2000,Ivory Coast,Rwanda,1,,,,,,,,
2000,Liberia,Chad,0,,,,,,,,
2000,Mali,Libya,1,,,,,,,,
2000,Mozambique,Sudan,1,,,,,,,,
2000,Senegal,Benin,1,,,,,,,,
2000,Togo,Guinea-Bissau,1,,,,,,,,
2000,Zimbabwe,Central African Republic,1,,,,,,,,
2000,Bolivia,Colombia,0,,,,,,,,
2000,Brazil,Ecuador,1,,,,,,,,
2000,Chile,Peru,0,,,,,,,,
2000,Paraguay,Uruguay,1,,,,,,,,
2000,Venezuela,Argentina,-1,,,,,,,,
2000,Antigua and Barbuda,Saint Vincent and the Grenadines,1,,,,,,,,
2000,Cuba,Barbados,0,,,,,,,,
2000,El Salvador,Guatemala,0,,,,,,,,
2000,Honduras,Panama,1,,,,,,,,
2000,Trinidad and Tobago,Haiti,1,,,,,,,,
2000,Guatemala,Belize,0,,,,,,,,
2000,Haiti,Trinidad and Tobago,0,,,,,,,,
2000,Saint Vincent and the Grenadines,Antigua and Barbuda,1,,,,,,,,
2000,Barbados,Cuba,0,,,,,,,,
2000,Panama,Nicaragua,1,,,,,,,,
2000,Honduras,Haiti,1,,,,,,,,
2000,Paraguay,Ecuador,1,,,,,,,,
2000,Uruguay,Chile,1,,,,,,,,
2000,Argentina,Bolivia,1,,,,,,,,
2000,Colombia,Venezuela,1,,,,,,,,
2000,Cuba,Canada,-1,,,,,,,,
2000,Peru,Brazil,-1,,,,,,,,
2000,Antigua and Barbuda,Guatemala,-1,,,,,,,,
2000,Canada,Cuba,0,,,,,,,,
2000,Algeria,Senegal,0,,,,,,,,
2000,Haiti,Honduras,-1,,,,,,,,
2000,Madagascar,DR Congo,1,,,,,,,,
2000,Malawi,Burkina Faso,0,,,,,,,,
2000,Namibia,Morocco,0,,,,,,,,
2000,Nigeria,Sierra Leone,1,,,,,,,,
2000,Angola,Zambia,1,,,,,,,,
2000,Guatemala,Antigua and Barbuda,1,,,,,,,,
2000,Ivory Coast,Tunisia,0,,,,,,,,
2000,Libya,Cameroon,-1,,,,,,,,
2000,Sudan,Liberia,1,,,,,,,,
2000,Brazil,Uruguay,0,,,,,,,,
2000,Venezuela,Bolivia,1,,,,,,,,
2000,Chile,Paraguay,1,,,,,,,,
2000,Colombia,Argentina,-1,,,,,,,,
2000,Ecuador,Peru,1,,,,,,,,
2000,Tunisia,Madagascar,1,,,,,,,,
2000,Zambia,Togo,1,,,,,,,,
2000,Cameroon,Angola,1,,,,,,,,
2000,DR Congo,Congo,1,,,,,,,,
2000,Ghana,Sierra Leone,1,,,,,,,,
2000,Liberia,Nigeria,1,,,,,,,,
2000,Morocco,Algeria,1,,,,,,,,
2000,Senegal,Egypt,0,,,,,,,,
2000,Zimbabwe,South Africa,-1,,,,,,,,
2000,Saint Vincent and the Grenadines,Jamaica,-1,,,,,,,,
2000,Barbados,Costa Rica,1,,,,,,,,
2000,Canada,Trinidad and Tobago,-1,,,,,,,,
2000,El Salvador,Honduras,-1,,,,,,,,
2000,Guatemala,United States,0,,,,,,,,
2000,Panama,Mexico,-1,,,,,,,,
2000,Paraguay,Brazil,1,,,,,,,,
2000,Uruguay,Venezuela,1,,,,,,,,
2000,Argentina,Ecuador,1,,,,,,,,
2000,Bolivia,Chile,1,,,,,,,,
2000,Peru,Colombia,-1,,,,,,,,
2000,Guatemala,Barbados,1,,,,,,,,
2000,El Salvador,Saint Vincent and the Grenadines,1,,,,,,,,
2000,Costa Rica,United States,1,,,,,,,,
2000,Jamaica,Honduras,1,,,,,,,,
2000,Panama,Canada,0,,,,,,,,
2000,Trinidad and Tobago,Mexico,1,,,,,,,,
2000,Ecuador,Colombia,0,,,,,,,,
2000,Venezuela,Chile,-1,,,,,,,,
2000,Brazil,Argentina,1,,,,,,,,
2000,Uruguay,Peru,0,,,,,,,,
2000,Bolivia,Paraguay,0,,,,,,,,
2000,Chile,Brazil,1,,,,,,,,
2000,Colombia,Uruguay,1,,,,,,,,
2000,Costa Rica,Guatemala,1,,,,,,,,
2000,Mexico,Canada,1,,,,,,,,
2000,Honduras,Saint Vincent and the Grenadines,1,,,,,,,,
2000,Argentina,Paraguay,0,,,,,,,,
2000,Ecuador,Bolivia,1,,,,,,,,
2000,Estonia,Andorra,1,,,,,,,,
2000,Jamaica,El Salvador,1,,,,,,,,
2000,Peru,Venezuela,1,,,,,,,,
2000,Trinidad and Tobago,Panama,1,,,,,,,,
2000,United States,Barbados,1,,,,,,,,
2000,Andorra,Cyprus,-1,,,,,,,,
2000,Azerbaijan,Sweden,-1,,,,,,,,
2000,Belarus,Wales,1,,,,,,,,
2000,Belgium,Croatia,0,,,,,,,,
2000,Bosnia and Herzegovina,Spain,-1,,,,,,,,
2000,Bulgaria,Czech Republic,-1,,,,,,,,
2000,Chile,Colombia,-1,,,,,,,,
2000,Finland,Albania,1,,,,,,,,
2000,Germany,Greece,1,,,,,,,,
2000,Honduras,El Salvador,1,,,,,,,,
2000,Iceland,Denmark,-1,,,,,,,,
2000,Netherlands,Republic of Ireland,0,,,,,,,,
2000,Northern Ireland,Malta,1,,,,,,,,
2000,Norway,Armenia,0,,,,,,,,
2000,Paraguay,Venezuela,1,,,,,,,,
2000,Switzerland,Russia,-1,,,,,,,,
2000,Turkey,Moldova,1,,,,,,,,
2000,Ukraine,Poland,-1,,,,,,,,
2000,Jamaica,Saint Vincent and the Grenadines,1,,,,,,,,
2000,Latvia,Scotland,-1,,,,,,,,
2000,Brazil,Bolivia,1,,,,,,,,
2000,Costa Rica,Barbados,1,,,,,,,,
2000,Estonia,Portugal,-1,,,,,,,,
2000,Faroe Islands,Slovenia,0,,,,,,,,
2000,Hungary,Italy,0,,,,,,,,
2000,Israel,Liechtenstein,1,,,,,,,,
2000,Luxembourg,Serbia,-1,,,,,,,,
2000,Mexico,Panama,1,,,,,,,,
2000,Peru,Argentina,-1,,,,,,,,
2000,Romania,Lithuania,1,,,,,,,,
2000,Slovakia,North Macedonia,1,,,,,,,,
2000,Trinidad and Tobago,Canada,1,,,,,,,,
2000,Uruguay,Ecuador,1,,,,,,,,
2000,United States,Guatemala,1,,,,,,,,
2000,North Macedonia,Azerbaijan,1,,,,,,,,
2000,Andorra,Estonia,-1,,,,,,,,
2000,Armenia,Ukraine,-1,,,,,,,,
2000,Bulgaria,Malta,1,,,,,,,,
2000,Colombia,Paraguay,-1,,,,,,,,
2000,Cyprus,Netherlands,-1,,,,,,,,
2000,Czech Republic,Iceland,1,,,,,,,,
2000,England,Germany,-1,,,,,,,,
2000,Greece,Finland,1,,,,,,,,
2000,Italy,Romania,1,,,,,,,,
2000,Latvia,Belgium,-1,,,,,,,,
2000,Liechtenstein,Austria,-1,,,,,,,,
2000,Lithuania,Georgia,-1,,,,,,,,
2000,Luxembourg,Slovenia,-1,,,,,,,,
2000,Moldova,Slovakia,-1,,,,,,,,
2000,Northern Ireland,Denmark,0,,,,,,,,
2000,Poland,Belarus,1,,,,,,,,
2000,Portugal,Republic of Ireland,0,,,,,,,,
2000,San Marino,Scotland,-1,,,,,,,,
2000,Spain,Israel,1,,,,,,,,
2000,Sweden,Turkey,0,,,,,,,,
2000,Switzerland,Faroe Islands,1,,,,,,,,
2000,Wales,Norway,0,,,,,,,,
2000,Saint Vincent and the Grenadines,El Salvador,-1,,,,,,,,
2000,Argentina,Uruguay,1,,,,,,,,
2000,Barbados,Guatemala,-1,,,,,,,,
2000,Bolivia,Peru,1,,,,,,,,
2000,Ecuador,Chile,1,,,,,,,,
2000,Honduras,Jamaica,1,,,,,,,,
2000,Mexico,Trinidad and Tobago,1,,,,,,,,
2000,Venezuela,Brazil,-1,,,,,,,,
2000,Canada,Panama,1,,,,,,,,
2000,Albania,Greece,1,,,,,,,,
2000,Austria,Spain,0,,,,,,,,
2000,Azerbaijan,Turkey,-1,,,,,,,,
2000,Belarus,Armenia,1,,,,,,,,
2000,Croatia,Scotland,0,,,,,,,,
2000,Denmark,Bulgaria,0,,,,,,,,
2000,Finland,England,0,,,,,,,,
2000,Iceland,Northern Ireland,1,,,,,,,,
2000,Republic of Ireland,Estonia,1,,,,,,,,
2000,Israel,Bosnia and Herzegovina,1,,,,,,,,
2000,Italy,Georgia,1,,,,,,,,
2000,Lithuania,Hungary,-1,,,,,,,,
2000,Malta,Czech Republic,0,,,,,,,,
2000,Moldova,North Macedonia,0,,,,,,,,
2000,Netherlands,Portugal,-1,,,,,,,,
2000,Norway,Ukraine,-1,,,,,,,,
2000,Poland,Wales,0,,,,,,,,
2000,Russia,Luxembourg,1,,,,,,,,
2000,Slovakia,Sweden,0,,,,,,,,
2000,Slovenia,Switzerland,0,,,,,,,,
2000,United States,Costa Rica,0,,,,,,,,
2000,Saint Vincent and the Grenadines,Honduras,-1,,,,,,,,
2000,Barbados,United States,-1,,,,,,,,
2000,Bolivia,Uruguay,0,,,,,,,,
2000,Brazil,Colombia,1,,,,,,,,
2000,Canada,Mexico,0,,,,,,,,
2000,Chile,Argentina,-1,,,,,,,,
2000,Cyprus,Andorra,1,,,,,,,,
2000,El Salvador,Jamaica,1,,,,,,,,
2000,Guatemala,Costa Rica,1,,,,,,,,
2000,Paraguay,Peru,1,,,,,,,,
2000,San Marino,Latvia,-1,,,,,,,,
2000,Trinidad and Tobago,Panama,1,,,,,,,,
2000,Venezuela,Ecuador,-1,,,,,,,,
2000,Iran,Guam,1,,,,,,,,
2000,Tajikistan,Guam,1,,,,,,,,
2000,Iran,Tajikistan,1,,,,,,,,
2001,Costa Rica,Guatemala,1,,,,,,,,
2001,Algeria,Namibia,1,,,,,,,,
2001,Nigeria,Sudan,1,,,,,,,,
2001,South Africa,Burkina Faso,1,,,,,,,,
2001,Angola,Libya,1,,,,,,,,
2001,Congo,Tunisia,-1,,,,,,,,
2001,Egypt,Morocco,0,,,,,,,,
2001,Ghana,Liberia,-1,,,,,,,,
2001,Madagascar,Ivory Coast,-1,,,,,,,,
2001,Togo,Cameroon,-1,,,,,,,,
2001,Bahrain,Kuwait,-1,,,,,,,,
2001,Singapore,Kyrgyzstan,-1,,,,,,,,
2001,Bahrain,Kyrgyzstan,1,,,,,,,,
2001,Singapore,Kuwait,0,,,,,,,,
2001,Saudi Arabia,Mongolia,1,,,,,,,,
2001,Vietnam,Bangladesh,0,,,,,,,,
2001,Kyrgyzstan,Kuwait,-1,,,,,,,,
2001,Singapore,Bahrain,-1,,,,,,,,
2001,Mongolia,Vietnam,-1,,,,,,,,
2001,Saudi Arabia,Bangladesh,1,,,,,,,,
2001,Mongolia,Bangladesh,-1,,,,,,,,
2001,Saudi Arabia,Vietnam,1,,,,,,,,
2001,Bangladesh,Vietnam,-1,,,,,,,,
2001,Saudi Arabia,Mongolia,1,,,,,,,,
2001,Saudi Arabia,Bangladesh,1,,,,,,,,
2001,Vietnam,Mongolia,1,,,,,,,,
2001,Bangladesh,Mongolia,0,,,,,,,,
2001,Saudi Arabia,Vietnam,1,,,,,,,,
2001,Kuwait,Singapore,1,,,,,,,,
2001,Kyrgyzstan,Bahrain,-1,,,,,,,,
2001,Libya,Togo,0,,,,,,,,
2001,Bahrain,Singapore,1,,,,,,,,
2001,Burkina Faso,Zimbabwe,-1,,,,,,,,
2001,Kuwait,Kyrgyzstan,1,,,,,,,,
2001,Morocco,Senegal,0,,,,,,,,
2001,Namibia,Egypt,0,,,,,,,,
2001,Cameroon,Zambia,1,,,,,,,,
2001,Liberia,Sierra Leone,1,,,,,,,,
2001,Malawi,South Africa,-1,,,,,,,,
2001,Sudan,Ghana,1,,,,,,,,
2001,Tunisia,DR Congo,1,,,,,,,,
2001,Kuwait,Bahrain,-1,,,,,,,,
2001,Kyrgyzstan,Singapore,0,,,,,,,,
2001,Belgium,San Marino,1,,,,,,,,
2001,Costa Rica,Honduras,0,,,,,,,,
2001,Jamaica,Trinidad and Tobago,1,,,,,,,,
2001,Portugal,Andorra,1,,,,,,,,
2001,United States,Mexico,1,,,,,,,,
2001,Hong Kong,Palestine,0,,,,,,,,
2001,Qatar,Malaysia,1,,,,,,,,
2001,Hong Kong,Malaysia,-1,,,,,,,,
2001,Palestine,Qatar,-1,,,,,,,,
2001,DR Congo,Ivory Coast,-1,,,,,,,,
2001,Senegal,Namibia,1,,,,,,,,
2001,Sierra Leone,Sudan,-1,,,,,,,,
2001,Zambia,Libya,1,,,,,,,,
2001,Egypt,Algeria,1,,,,,,,,
2001,Ghana,Nigeria,0,,,,,,,,
2001,Hong Kong,Qatar,-1,,,,,,,,
2001,Palestine,Malaysia,1,,,,,,,,
2001,Togo,Angola,0,,,,,,,,
2001,Zimbabwe,Malawi,1,,,,,,,,
2001,Palestine,Hong Kong,1,,,,,,,,
2001,Qatar,Malaysia,0,,,,,,,,
2001,Hong Kong,Malaysia,1,,,,,,,,
2001,Qatar,Palestine,1,,,,,,,,
2001,Andorra,Netherlands,-1,,,,,,,,
2001,Armenia,Wales,0,,,,,,,,
2001,Azerbaijan,Moldova,0,,,,,,,,
2001,Bosnia and Herzegovina,Austria,0,,,,,,,,
2001,Bulgaria,Iceland,1,,,,,,,,
2001,Croatia,Latvia,1,,,,,,,,
2001,Cyprus,Republic of Ireland,-1,,,,,,,,
2001,England,Finland,1,,,,,,,,
2001,Germany,Albania,1,,,,,,,,
2001,Hungary,Lithuania,0,,,,,,,,
2001,Luxembourg,Faroe Islands,-1,,,,,,,,
2001,Malta,Denmark,-1,,,,,,,,
2001,Northern Ireland,Czech Republic,-1,,,,,,,,
2001,Norway,Poland,-1,,,,,,,,
2001,Romania,Italy,-1,,,,,,,,
2001,Russia,Slovenia,0,,,,,,,,
2001,Scotland,Belgium,0,,,,,,,,
2001,Serbia,Switzerland,0,,,,,,,,
2001,Spain,Liechtenstein,1,,,,,,,,
2001,Sweden,North Macedonia,1,,,,,,,,
2001,Turkey,Slovakia,0,,,,,,,,
2001,Ukraine,Belarus,0,,,,,,,,
2001,Costa Rica,Trinidad and Tobago,1,,,,,,,,
2001,Malaysia,Palestine,1,,,,,,,,
2001,Mexico,Jamaica,1,,,,,,,,
2001,Qatar,Hong Kong,1,,,,,,,,
2001,Colombia,Bolivia,1,,,,,,,,
2001,Peru,Chile,1,,,,,,,,
2001,Albania,England,-1,,,,,,,,
2001,Andorra,Republic of Ireland,-1,,,,,,,,
2001,Argentina,Venezuela,1,,,,,,,,
2001,Austria,Israel,1,,,,,,,,
2001,Belarus,Norway,1,,,,,,,,
2001,Bulgaria,Northern Ireland,1,,,,,,,,
2001,Cyprus,Estonia,0,,,,,,,,
2001,Czech Republic,Denmark,0,,,,,,,,
2001,Ecuador,Brazil,1,,,,,,,,
2001,Georgia,Romania,-1,,,,,,,,
2001,Greece,Germany,-1,,,,,,,,
2001,Honduras,United States,-1,,,,,,,,
2001,Italy,Lithuania,1,,,,,,,,
2001,Liechtenstein,Bosnia and Herzegovina,-1,,,,,,,,
2001,North Macedonia,Turkey,-1,,,,,,,,
2001,Moldova,Sweden,-1,,,,,,,,
2001,Poland,Armenia,1,,,,,,,,
2001,Portugal,Netherlands,0,,,,,,,,
2001,Russia,Faroe Islands,1,,,,,,,,
2001,Scotland,San Marino,1,,,,,,,,
2001,Slovakia,Azerbaijan,1,,,,,,,,
2001,Slovenia,Serbia,0,,,,,,,,
2001,Switzerland,Luxembourg,1,,,,,,,,
2001,Uruguay,Paraguay,-1,,,,,,,,
2001,Wales,Ukraine,0,,,,,,,,
2001,Maldives,Cambodia,1,,,,,,,,
2001,Brunei,Yemen,-1,,,,,,,,
2001,Fiji,American Samoa,1,,,,,,,,
2001,Samoa,Tonga,-1,,,,,,,,
2001,India,United Arab Emirates,1,,,,,,,,
2001,Indonesia,Maldives,1,,,,,,,,
2001,American Samoa,Samoa,-1,,,,,,,,
2001,Australia,Tonga,1,,,,,,,,
2001,Australia,American Samoa,1,,,,,,,,
2001,Samoa,Fiji,-1,,,,,,,,
2001,Iraq,Macau,1,,,,,,,,
2001,Nepal,Kazakhstan,-1,,,,,,,,
2001,American Samoa,Tonga,-1,,,,,,,,
2001,Australia,Fiji,1,,,,,,,,
2001,Brunei,United Arab Emirates,-1,,,,,,,,
2001,Iraq,Nepal,1,,,,,,,,
2001,Kazakhstan,Macau,1,,,,,,,,
2001,Cambodia,Maldives,0,,,,,,,,
2001,India,Yemen,0,,,,,,,,
2001,Australia,Samoa,1,,,,,,,,
2001,Iraq,Kazakhstan,0,,,,,,,,
2001,Nepal,Macau,1,,,,,,,,
2001,Tonga,Fiji,-1,,,,,,,,
2001,Burkina Faso,Malawi,1,,,,,,,,
2001,Kazakhstan,Nepal,1,,,,,,,,
2001,Macau,Iraq,-1,,,,,,,,
2001,Morocco,Namibia,1,,,,,,,,
2001,Senegal,Algeria,1,,,,,,,,
2001,Sierra Leone,Nigeria,1,,,,,,,,
2001,Zambia,Angola,0,,,,,,,,
2001,Cameroon,Libya,1,,,,,,,,
2001,China PR,Maldives,1,,,,,,,,
2001,DR Congo,Madagascar,1,,,,,,,,
2001,Indonesia,Cambodia,1,,,,,,,,
2001,Ivory Coast,Congo,1,,,,,,,,
2001,Liberia,Sudan,1,,,,,,,,
2001,Iraq,Nepal,1,,,,,,,,
2001,Kazakhstan,Macau,1,,,,,,,,
2001,Turkmenistan,Jordan,1,,,,,,,,
2001,Uzbekistan,Taiwan,1,,,,,,,,
2001,Chile,Uruguay,-1,,,,,,,,
2001,Ecuador,Paraguay,1,,,,,,,,
2001,Venezuela,Colombia,0,,,,,,,,
2001,Austria,Liechtenstein,1,,,,,,,,
2001,Bolivia,Argentina,0,,,,,,,,
2001,Brazil,Peru,0,,,,,,,,
2001,Republic of Ireland,Andorra,1,,,,,,,,
2001,Jamaica,Honduras,0,,,,,,,,
2001,Kazakhstan,Iraq,0,,,,,,,,
2001,Latvia,San Marino,0,,,,,,,,
2001,Macau,Nepal,-1,,,,,,,,
2001,Malta,Iceland,-1,,,,,,,,
2001,Netherlands,Cyprus,1,,,,,,,,
2001,Serbia,Russia,-1,,,,,,,,
2001,Trinidad and Tobago,Mexico,0,,,,,,,,
2001,United States,Costa Rica,1,,,,,,,,
2001,Uzbekistan,Turkmenistan,1,,,,,,,,
2001,Taiwan,Jordan,-1,,,,,,,,
2001,United Arab Emirates,India,1,,,,,,,,
2001,Uzbekistan,Jordan,0,,,,,,,,
2001,Yemen,Brunei,1,,,,,,,,
2001,Taiwan,Turkmenistan,-1,,,,,,,,
2001,Congo,Madagascar,1,,,,,,,,
2001,Maldives,China PR,-1,,,,,,,,
2001,Cambodia,Indonesia,-1,,,,,,,,
2001,Oman,Laos,1,,,,,,,,
2001,Syria,Philippines,1,,,,,,,,
2001,Jordan,Taiwan,1,,,,,,,,
2001,Turkmenistan,Uzbekistan,-1,,,,,,,,
2001,Algeria,Morocco,-1,,,,,,,,
2001,Oman,Laos,1,,,,,,,,
2001,Syria,Philippines,1,,,,,,,,
2001,United Arab Emirates,Brunei,1,,,,,,,,
2001,Yemen,India,0,,,,,,,,
2001,Jordan,Turkmenistan,-1,,,,,,,,
2001,Madagascar,Tunisia,-1,,,,,,,,
2001,Nigeria,Liberia,1,,,,,,,,
2001,Sierra Leone,Ghana,0,,,,,,,,
2001,South Africa,Zimbabwe,1,,,,,,,,
2001,Taiwan,Uzbekistan,-1,,,,,,,,
2001,Angola,Cameroon,1,,,,,,,,
2001,Cambodia,China PR,-1,,,,,,,,
2001,Congo,DR Congo,0,,,,,,,,
2001,Egypt,Senegal,1,,,,,,,,
2001,Maldives,Indonesia,-1,,,,,,,,
2001,Togo,Zambia,1,,,,,,,,
2001,Jordan,Uzbekistan,0,,,,,,,,
2001,Oman,Philippines,1,,,,,,,,
2001,Syria,Laos,1,,,,,,,,
2001,Turkmenistan,Taiwan,1,,,,,,,,
2001,Oman,Philippines,1,,,,,,,,
2001,Syria,Laos,1,,,,,,,,
2001,Yemen,United Arab Emirates,1,,,,,,,,
2001,Brunei,India,-1,,,,,,,,
2001,China PR,Indonesia,1,,,,,,,,
2001,Lebanon,Pakistan,1,,,,,,,,
2001,Thailand,Sri Lanka,1,,,,,,,,
2001,Lebanon,Sri Lanka,1,,,,,,,,
2001,Thailand,Pakistan,1,,,,,,,,
2001,Lebanon,Thailand,-1,,,,,,,,
2001,Pakistan,Sri Lanka,0,,,,,,,,
2001,Syria,Oman,0,,,,,,,,
2001,United Arab Emirates,Yemen,1,,,,,,,,
2001,Laos,Philippines,1,,,,,,,,
2001,China PR,Cambodia,1,,,,,,,,
2001,India,Brunei,1,,,,,,,,
2001,Tunisia,Ivory Coast,0,,,,,,,,
2001,Oman,Syria,1,,,,,,,,
2001,Pakistan,Lebanon,-1,,,,,,,,
2001,Philippines,Laos,0,,,,,,,,
2001,Thailand,Sri Lanka,1,,,,,,,,
2001,Indonesia,China PR,-1,,,,,,,,
2001,Sri Lanka,Lebanon,-1,,,,,,,,
2001,Thailand,Pakistan,1,,,,,,,,
2001,Sri Lanka,Pakistan,1,,,,,,,,
2001,Thailand,Lebanon,0,,,,,,,,
2001,Armenia,Belarus,0,,,,,,,,
2001,Belgium,Latvia,1,,,,,,,,
2001,Croatia,San Marino,1,,,,,,,,
2001,Denmark,Czech Republic,1,,,,,,,,
2001,Estonia,Netherlands,-1,,,,,,,,
2001,Faroe Islands,Switzerland,-1,,,,,,,,
2001,Finland,Germany,0,,,,,,,,
2001,Georgia,Italy,-1,,,,,,,,
2001,Greece,Albania,1,,,,,,,,
2001,Iceland,Malta,1,,,,,,,,
2001,Republic of Ireland,Portugal,0,,,,,,,,
2001,Liechtenstein,Israel,-1,,,,,,,,
2001,North Macedonia,Moldova,0,,,,,,,,
2001,Northern Ireland,Bulgaria,-1,,,,,,,,
2001,Paraguay,Chile,1,,,,,,,,
2001,Peru,Ecuador,-1,,,,,,,,
2001,Romania,Hungary,1,,,,,,,,
2001,Russia,Serbia,0,,,,,,,,
2001,Slovenia,Luxembourg,1,,,,,,,,
2001,Spain,Bosnia and Herzegovina,1,,,,,,,,
2001,Sweden,Slovakia,1,,,,,,,,
2001,Turkey,Azerbaijan,1,,,,,,,,
2001,Ukraine,Norway,0,,,,,,,,
2001,Wales,Poland,-1,,,,,,,,
2001,Argentina,Colombia,1,,,,,,,,
2001,Bolivia,Venezuela,1,,,,,,,,
2001,Solomon Islands,Cook Islands,1,,,,,,,,
2001,Vanuatu,Tahiti,-1,,,,,,,,
2001,Albania,Germany,-1,,,,,,,,
2001,Armenia,Poland,0,,,,,,,,
2001,Azerbaijan,Slovakia,1,,,,,,,,
2001,Cook Islands,Vanuatu,-1,,,,,,,,
2001,Czech Republic,Northern Ireland,1,,,,,,,,
2001,Denmark,Malta,1,,,,,,,,
2001,Estonia,Republic of Ireland,-1,,,,,,,,
2001,Faroe Islands,Serbia,-1,,,,,,,,
2001,Greece,England,-1,,,,,,,,
2001,Hungary,Georgia,1,,,,,,,,
2001,Iceland,Bulgaria,0,,,,,,,,
2001,Israel,Spain,0,,,,,,,,
2001,Latvia,Croatia,-1,,,,,,,,
2001,Lithuania,Romania,-1,,,,,,,,
2001,Luxembourg,Russia,-1,,,,,,,,
2001,New Zealand,Tahiti,1,,,,,,,,
2001,Norway,Belarus,0,,,,,,,,
2001,Portugal,Cyprus,1,,,,,,,,
2001,San Marino,Belgium,-1,,,,,,,,
2001,Sweden,Moldova,1,,,,,,,,
2001,Switzerland,Slovenia,-1,,,,,,,,
2001,Turkey,North Macedonia,0,,,,,,,,
2001,Ukraine,Wales,0,,,,,,,,
2001,New Zealand,Cook Islands,1,,,,,,,,
2001,Vanuatu,Solomon Islands,-1,,,,,,,,
2001,Cook Islands,Tahiti,-1,,,,,,,,
2001,New Zealand,Solomon Islands,1,,,,,,,,
2001,New Zealand,Vanuatu,1,,,,,,,,
2001,Tahiti,Solomon Islands,1,,,,,,,,
2001,Jamaica,United States,0,,,,,,,,
2001,Mexico,Costa Rica,-1,,,,,,,,
2001,Trinidad and Tobago,Honduras,-1,,,,,,,,
2001,Costa Rica,Jamaica,1,,,,,,,,
2001,Honduras,Mexico,1,,,,,,,,
2001,New Zealand,Australia,-1,,,,,,,,
2001,United States,Trinidad and Tobago,1,,,,,,,,
2001,Australia,New Zealand,1,,,,,,,,
2001,Libya,Angola,0,,,,,,,,
2001,Morocco,Egypt,1,,,,,,,,
2001,Namibia,Algeria,-1,,,,,,,,
2001,Trinidad and Tobago,Jamaica,-1,,,,,,,,
2001,Burkina Faso,South Africa,0,,,,,,,,
2001,Cameroon,Togo,1,,,,,,,,
2001,Honduras,Costa Rica,-1,,,,,,,,
2001,Ivory Coast,Madagascar,1,,,,,,,,
2001,Liberia,Ghana,-1,,,,,,,,
2001,Mexico,United States,1,,,,,,,,
2001,Sudan,Nigeria,-1,,,,,,,,
2001,Tunisia,Congo,1,,,,,,,,
2001,Uruguay,Brazil,1,,,,,,,,
2001,Egypt,Namibia,1,,,,,,,,
2001,Senegal,Morocco,1,,,,,,,,
2001,Sierra Leone,Liberia,-1,,,,,,,,
2001,South Africa,Malawi,1,,,,,,,,
2001,Zambia,Cameroon,0,,,,,,,,
2001,Congo,Ivory Coast,0,,,,,,,,
2001,DR Congo,Tunisia,-1,,,,,,,,
2001,Ghana,Sudan,1,,,,,,,,
2001,Togo,Libya,1,,,,,,,,
2001,Zimbabwe,Burkina Faso,1,,,,,,,,
2001,Algeria,Egypt,0,,,,,,,,
2001,Namibia,Senegal,-1,,,,,,,,
2001,Libya,Zambia,-1,,,,,,,,
2001,Malawi,Zimbabwe,-1,,,,,,,,
2001,Angola,Togo,0,,,,,,,,
2001,Ivory Coast,DR Congo,-1,,,,,,,,
2001,Madagascar,Congo,1,,,,,,,,
2001,Nigeria,Ghana,1,,,,,,,,
2001,Sudan,Sierra Leone,1,,,,,,,,
2001,Chile,Bolivia,0,,,,,,,,
2001,Venezuela,Uruguay,1,,,,,,,,
2001,Brazil,Paraguay,1,,,,,,,,
2001,Ecuador,Argentina,-1,,,,,,,,
2001,Estonia,Cyprus,0,,,,,,,,
2001,Serbia,Faroe Islands,1,,,,,,,,
2001,Colombia,Peru,-1,,,,,,,,
2001,Qatar,Oman,0,,,,,,,,
2001,Iraq,Thailand,1,,,,,,,,
2001,Saudi Arabia,Bahrain,0,,,,,,,,
2001,United Arab Emirates,Uzbekistan,1,,,,,,,,
2001,Bahrain,Iraq,1,,,,,,,,
2001,Iran,Saudi Arabia,1,,,,,,,,
2001,China PR,United Arab Emirates,1,,,,,,,,
2001,Uzbekistan,Qatar,1,,,,,,,,
2001,Oman,China PR,-1,,,,,,,,
2001,Saudi Arabia,Iraq,1,,,,,,,,
2001,United Arab Emirates,Qatar,-1,,,,,,,,
2001,Albania,Finland,-1,,,,,,,,
2001,Andorra,Portugal,-1,,,,,,,,
2001,Belarus,Ukraine,-1,,,,,,,,
2001,Bosnia and Herzegovina,Israel,0,,,,,,,,
2001,Denmark,Northern Ireland,0,,,,,,,,
2001,Faroe Islands,Luxembourg,1,,,,,,,,
2001,Georgia,Hungary,1,,,,,,,,
2001,Germany,England,-1,,,,,,,,
2001,Iceland,Czech Republic,1,,,,,,,,
2001,Republic of Ireland,Netherlands,1,,,,,,,,
2001,Lithuania,Italy,0,,,,,,,,
2001,North Macedonia,Sweden,-1,,,,,,,,
2001,Malta,Bulgaria,-1,,,,,,,,
2001,Moldova,Azerbaijan,1,,,,,,,,
2001,Poland,Norway,1,,,,,,,,
2001,Scotland,Croatia,0,,,,,,,,
2001,Slovakia,Turkey,-1,,,,,,,,
2001,Slovenia,Russia,1,,,,,,,,
2001,Spain,Austria,1,,,,,,,,
2001,Switzerland,Serbia,-1,,,,,,,,
2001,Thailand,Iran,0,,,,,,,,
2001,Trinidad and Tobago,Costa Rica,-1,,,,,,,,
2001,United States,Honduras,-1,,,,,,,,
2001,Wales,Armenia,0,,,,,,,,
2001,Jamaica,Mexico,-1,,,,,,,,
2001,Chile,Venezuela,-1,,,,,,,,
2001,Peru,Uruguay,-1,,,,,,,,
2001,Argentina,Brazil,1,,,,,,,,
2001,Austria,Bosnia and Herzegovina,1,,,,,,,,
2001,Azerbaijan,North Macedonia,0,,,,,,,,
2001,Belarus,Poland,1,,,,,,,,
2001,Belgium,Scotland,1,,,,,,,,
2001,Bulgaria,Denmark,-1,,,,,,,,
2001,Colombia,Ecuador,0,,,,,,,,
2001,Costa Rica,United States,1,,,,,,,,
2001,Cyprus,Portugal,-1,,,,,,,,
2001,Czech Republic,Malta,1,,,,,,,,
2001,England,Albania,1,,,,,,,,
2001,Faroe Islands,Russia,-1,,,,,,,,
2001,Finland,Greece,1,,,,,,,,
2001,Georgia,Lithuania,1,,,,,,,,
2001,Honduras,Jamaica,1,,,,,,,,
2001,Hungary,Romania,-1,,,,,,,,
2001,Liechtenstein,Spain,-1,,,,,,,,
2001,Luxembourg,Switzerland,-1,,,,,,,,
2001,Mexico,Trinidad and Tobago,1,,,,,,,,
2001,Netherlands,Estonia,1,,,,,,,,
2001,Northern Ireland,Iceland,1,,,,,,,,
2001,Norway,Wales,1,,,,,,,,
2001,Paraguay,Bolivia,1,,,,,,,,
2001,San Marino,Croatia,-1,,,,,,,,
2001,Serbia,Slovenia,0,,,,,,,,
2001,Slovakia,Moldova,1,,,,,,,,
2001,Turkey,Sweden,-1,,,,,,,,
2001,Ukraine,Armenia,1,,,,,,,,
2001,Bahrain,Thailand,0,,,,,,,,
2001,Iraq,Iran,-1,,,,,,,,
2001,Qatar,China PR,0,,,,,,,,
2001,Uzbekistan,Oman,1,,,,,,,,
2001,Iran,Bahrain,0,,,,,,,,
2001,Oman,United Arab Emirates,0,,,,,,,,
2001,China PR,Uzbekistan,1,,,,,,,,
2001,Thailand,Saudi Arabia,-1,,,,,,,,
2001,Bahrain,Saudi Arabia,-1,,,,,,,,
2001,Oman,Qatar,-1,,,,,,,,
2001,Thailand,Iraq,0,,,,,,,,
2001,Uzbekistan,United Arab Emirates,-1,,,,,,,,
2001,United Arab Emirates,China PR,-1,,,,,,,,
2001,Iraq,Bahrain,1,,,,,,,,
2001,Qatar,Uzbekistan,0,,,,,,,,
2001,Saudi Arabia,Iran,0,,,,,,,,
2001,Qatar,United Arab Emirates,-1,,,,,,,,
2001,Iran,Thailand,1,,,,,,,,
2001,Iraq,Saudi Arabia,-1,,,,,,,,
2001,Armenia,Norway,-1,,,,,,,,
2001,Bolivia,Ecuador,-1,,,,,,,,
2001,Croatia,Belgium,1,,,,,,,,
2001,Czech Republic,Bulgaria,1,,,,,,,,
2001,Denmark,Iceland,1,,,,,,,,
2001,England,Greece,0,,,,,,,,
2001,Germany,Finland,0,,,,,,,,
2001,Republic of Ireland,Cyprus,1,,,,,,,,
2001,Italy,Hungary,1,,,,,,,,
2001,Malta,Northern Ireland,-1,,,,,,,,
2001,Moldova,Turkey,-1,,,,,,,,
2001,Netherlands,Andorra,1,,,,,,,,
2001,Poland,Ukraine,0,,,,,,,,
2001,Portugal,Estonia,1,,,,,,,,
2001,Romania,Georgia,0,,,,,,,,
2001,Russia,Switzerland,1,,,,,,,,
2001,Scotland,Latvia,1,,,,,,,,
2001,Serbia,Luxembourg,1,,,,,,,,
2001,Slovenia,Faroe Islands,1,,,,,,,,
2001,Venezuela,Peru,1,,,,,,,,
2001,Wales,Belarus,1,,,,,,,,
2001,Bosnia and Herzegovina,Liechtenstein,1,,,,,,,,
2001,Brazil,Chile,1,,,,,,,,
2001,China PR,Oman,1,,,,,,,,
2001,Costa Rica,Mexico,0,,,,,,,,
2001,Honduras,Trinidad and Tobago,-1,,,,,,,,
2001,North Macedonia,Slovakia,-1,,,,,,,,
2001,Paraguay,Argentina,0,,,,,,,,
2001,Sweden,Azerbaijan,1,,,,,,,,
2001,Uruguay,Colombia,0,,,,,,,,
2001,United States,Jamaica,1,,,,,,,,
2001,Iran,Iraq,1,,,,,,,,
2001,China PR,Qatar,1,,,,,,,,
2001,Oman,Uzbekistan,1,,,,,,,,
2001,Thailand,Bahrain,0,,,,,,,,
2001,United Arab Emirates,Oman,0,,,,,,,,
2001,Uzbekistan,China PR,1,,,,,,,,
2001,Bahrain,Iran,1,,,,,,,,
2001,Saudi Arabia,Thailand,1,,,,,,,,
2001,Iran,United Arab Emirates,1,,,,,,,,
2001,Israel,Austria,0,,,,,,,,
2001,United Arab Emirates,Iran,-1,,,,,,,,
2001,Bolivia,Brazil,1,,,,,,,,
2001,Colombia,Chile,1,,,,,,,,
2001,Ecuador,Uruguay,0,,,,,,,,
2001,Argentina,Peru,1,,,,,,,,
2001,Venezuela,Paraguay,1,,,,,,,,
2001,Austria,Turkey,-1,,,,,,,,
2001,Belgium,Czech Republic,1,,,,,,,,
2001,Republic of Ireland,Iran,1,,,,,,,,
2001,Slovenia,Romania,1,,,,,,,,
2001,Ukraine,Germany,0,,,,,,,,
2001,Jamaica,Costa Rica,-1,,,,,,,,
2001,Mexico,Honduras,1,,,,,,,,
2001,Trinidad and Tobago,United States,0,,,,,,,,
2001,Brazil,Venezuela,1,,,,,,,,
2001,Chile,Ecuador,0,,,,,,,,
2001,Czech Republic,Belgium,-1,,,,,,,,
2001,Germany,Ukraine,1,,,,,,,,
2001,Paraguay,Colombia,-1,,,,,,,,
2001,Peru,Bolivia,0,,,,,,,,
2001,Romania,Slovenia,0,,,,,,,,
2001,Turkey,Austria,1,,,,,,,,
2001,Uruguay,Argentina,0,,,,,,,,
2001,Iran,Republic of Ireland,1,,,,,,,,
2001,Australia,Uruguay,1,,,,,,,,
2001,Uruguay,Australia,1,,,,,,,,
2002,France,Senegal,-1,28.0,1.0,0.323,0.0927450980392157,7.0,8.0,-0.1476666666666666,-0.1517592592592592
2002,Germany,Saudi Arabia,1,2.0,16.0,0.0314444444444444,0.0114814814814814,32.0,0.0,-0.1844705882352941,-0.229313725490196
2002,Republic of Ireland,Cameroon,0,12.0,6.0,0.0945625,-0.0621875,20.0,4.0,0.358,0.2865384615384616
2002,Uruguay,Denmark,-1,26.0,2.0,0.0824705882352941,0.0150980392156862,10.0,7.0,0.020625,-0.0021875
2002,Argentina,Nigeria,1,18.0,4.0,0.3112499999999999,0.2534375,27.0,1.0,-0.1624210526315789,-0.1591228070175438
2002,England,Sweden,0,6.0,8.0,-0.001125,-0.0964583333333333,13.0,5.0,-0.0840666666666666,0.1118888888888889
2002,Paraguay,South Africa,0,16.0,4.0,-0.078235294117647,-0.0248039215686274,17.0,4.0,0.2627692307692307,0.2064102564102564
2002,Spain,Slovenia,1,5.0,11.0,-0.1057619047619047,-0.0996825396825396,30.0,0.0,-0.2347222222222222,-0.0624074074074074
2002,Brazil,Turkey,1,1.0,21.0,0.1415,-0.0700925925925926,3.0,13.0,-0.0399411764705882,0.0155882352941176
2002,Croatia,Mexico,-1,23.0,3.0,-0.0825555555555555,-0.067037037037037,11.0,7.0,0.3328571428571428,0.3239285714285714
2002,Italy,Ecuador,1,15.0,4.0,-0.19655,-0.2526666666666666,24.0,3.0,0.0513571428571428,0.4607142857142857
2002,China PR,Costa Rica,-1,31.0,0.0,-0.2481176470588236,-0.2727450980392157,19.0,4.0,0.2981333333333333,0.020111111111111
2002,Japan,Belgium,0,9.0,7.0,0.0294374999999999,0.1716666666666666,14.0,5.0,-0.0594210526315789,0.0163157894736842
2002,South Korea,Poland,1,4.0,11.0,0.0402499999999999,0.1330208333333333,25.0,3.0,-0.30305,-0.2545833333333333
2002,Germany,Republic of Ireland,0,2.0,16.0,0.0314444444444444,0.0114814814814814,12.0,6.0,0.0945625,-0.0621875
2002,Russia,Tunisia,1,22.0,3.0,0.1268125,0.22875,29.0,1.0,-0.1928823529411764,-0.2626470588235294
2002,United States,Portugal,1,8.0,7.0,-0.0766111111111111,-0.0416666666666666,21.0,3.0,0.1523999999999999,0.2322222222222222
2002,Cameroon,Saudi Arabia,1,20.0,4.0,0.358,0.2865384615384616,32.0,0.0,-0.1844705882352941,-0.229313725490196
2002,Denmark,Senegal,0,10.0,7.0,0.020625,-0.0021875,7.0,8.0,-0.1476666666666666,-0.1517592592592592
2002,France,Uruguay,0,28.0,1.0,0.323,0.0927450980392157,26.0,2.0,0.0824705882352941,0.0150980392156862
2002,Argentina,England,-1,18.0,4.0,0.3112499999999999,0.2534375,6.0,8.0,-0.001125,-0.0964583333333333
2002,Spain,Paraguay,1,5.0,11.0,-0.1057619047619047,-0.0996825396825396,16.0,4.0,-0.078235294117647,-0.0248039215686274
2002,Sweden,Nigeria,1,13.0,5.0,-0.0840666666666666,0.1118888888888889,27.0,1.0,-0.1624210526315789,-0.1591228070175438
2002,Brazil,China PR,1,1.0,21.0,0.1415,-0.0700925925925926,31.0,0.0,-0.2481176470588236,-0.2727450980392157
2002,Italy,Croatia,-1,15.0,4.0,-0.19655,-0.2526666666666666,23.0,3.0,-0.0825555555555555,-0.067037037037037
2002,South Africa,Slovenia,1,17.0,4.0,0.2627692307692307,0.2064102564102564,30.0,0.0,-0.2347222222222222,-0.0624074074074074
2002,Costa Rica,Turkey,0,19.0,4.0,0.2981333333333333,0.020111111111111,3.0,13.0,-0.0399411764705882,0.0155882352941176
2002,Japan,Russia,1,9.0,7.0,0.0294374999999999,0.1716666666666666,22.0,3.0,0.1268125,0.22875
2002,Mexico,Ecuador,1,11.0,7.0,0.3328571428571428,0.3239285714285714,24.0,3.0,0.0513571428571428,0.4607142857142857
2002,South Korea,United States,0,4.0,11.0,0.0402499999999999,0.1330208333333333,8.0,7.0,-0.0766111111111111,-0.0416666666666666
2002,Portugal,Poland,1,21.0,3.0,0.1523999999999999,0.2322222222222222,25.0,3.0,-0.30305,-0.2545833333333333
2002,Tunisia,Belgium,0,29.0,1.0,-0.1928823529411764,-0.2626470588235294,14.0,5.0,-0.0594210526315789,0.0163157894736842
2002,Cameroon,Germany,-1,20.0,4.0,0.358,0.2865384615384616,2.0,16.0,0.0314444444444444,0.0114814814814814
2002,Denmark,France,1,10.0,7.0,0.020625,-0.0021875,28.0,1.0,0.323,0.0927450980392157
2002,Saudi Arabia,Republic of Ireland,-1,32.0,0.0,-0.1844705882352941,-0.229313725490196,12.0,6.0,0.0945625,-0.0621875
2002,Senegal,Uruguay,0,7.0,8.0,-0.1476666666666666,-0.1517592592592592,26.0,2.0,0.0824705882352941,0.0150980392156862
2002,Nigeria,England,0,27.0,1.0,-0.1624210526315789,-0.1591228070175438,6.0,8.0,-0.001125,-0.0964583333333333
2002,Slovenia,Paraguay,-1,30.0,0.0,-0.2347222222222222,-0.0624074074074074,16.0,4.0,-0.078235294117647,-0.0248039215686274
2002,South Africa,Spain,-1,17.0,4.0,0.2627692307692307,0.2064102564102564,5.0,11.0,-0.1057619047619047,-0.0996825396825396
2002,Sweden,Argentina,0,13.0,5.0,-0.0840666666666666,0.1118888888888889,18.0,4.0,0.3112499999999999,0.2534375
2002,Costa Rica,Brazil,-1,19.0,4.0,0.2981333333333333,0.020111111111111,1.0,21.0,0.1415,-0.0700925925925926
2002,Ecuador,Croatia,1,24.0,3.0,0.0513571428571428,0.4607142857142857,23.0,3.0,-0.0825555555555555,-0.067037037037037
2002,Mexico,Italy,0,11.0,7.0,0.3328571428571428,0.3239285714285714,15.0,4.0,-0.19655,-0.2526666666666666
2002,Turkey,China PR,1,3.0,13.0,-0.0399411764705882,0.0155882352941176,31.0,0.0,-0.2481176470588236,-0.2727450980392157
2002,Belgium,Russia,1,14.0,5.0,-0.0594210526315789,0.0163157894736842,22.0,3.0,0.1268125,0.22875
2002,Japan,Tunisia,1,9.0,7.0,0.0294374999999999,0.1716666666666666,29.0,1.0,-0.1928823529411764,-0.2626470588235294
2002,South Korea,Portugal,1,4.0,11.0,0.0402499999999999,0.1330208333333333,21.0,3.0,0.1523999999999999,0.2322222222222222
2002,Poland,United States,1,25.0,3.0,-0.30305,-0.2545833333333333,8.0,7.0,-0.0766111111111111,-0.0416666666666666
2002,Denmark,England,-1,10.0,7.0,0.020625,-0.0021875,6.0,8.0,-0.001125,-0.0964583333333333
2002,Germany,Paraguay,1,2.0,16.0,0.0314444444444444,0.0114814814814814,16.0,4.0,-0.078235294117647,-0.0248039215686274
2002,Spain,Republic of Ireland,0,5.0,11.0,-0.1057619047619047,-0.0996825396825396,12.0,6.0,0.0945625,-0.0621875
2002,Sweden,Senegal,-1,13.0,5.0,-0.0840666666666666,0.1118888888888889,7.0,8.0,-0.1476666666666666,-0.1517592592592592
2002,Brazil,Belgium,1,1.0,21.0,0.1415,-0.0700925925925926,14.0,5.0,-0.0594210526315789,0.0163157894736842
2002,Mexico,United States,-1,11.0,7.0,0.3328571428571428,0.3239285714285714,8.0,7.0,-0.0766111111111111,-0.0416666666666666
2002,Japan,Turkey,-1,9.0,7.0,0.0294374999999999,0.1716666666666666,3.0,13.0,-0.0399411764705882,0.0155882352941176
2002,South Korea,Italy,1,4.0,11.0,0.0402499999999999,0.1330208333333333,15.0,4.0,-0.19655,-0.2526666666666666
2002,England,Brazil,-1,6.0,8.0,-0.001125,-0.0964583333333333,1.0,21.0,0.1415,-0.0700925925925926
2002,Germany,United States,1,2.0,16.0,0.0314444444444444,0.0114814814814814,8.0,7.0,-0.0766111111111111,-0.0416666666666666
2002,South Korea,Spain,0,4.0,11.0,0.0402499999999999,0.1330208333333333,5.0,11.0,-0.1057619047619047,-0.0996825396825396
2002,Senegal,Turkey,-1,7.0,8.0,-0.1476666666666666,-0.1517592592592592,3.0,13.0,-0.0399411764705882,0.0155882352941176
2002,South Korea,Germany,-1,4.0,11.0,0.0402499999999999,0.1330208333333333,2.0,16.0,0.0314444444444444,0.0114814814814814
2002,Brazil,Turkey,1,1.0,21.0,0.1415,-0.0700925925925926,3.0,13.0,-0.0399411764705882,0.0155882352941176
2002,South Korea,Turkey,-1,4.0,11.0,0.0402499999999999,0.1330208333333333,3.0,13.0,-0.0399411764705882,0.0155882352941176
2002,Germany,Brazil,-1,2.0,16.0,0.0314444444444444,0.0114814814814814,1.0,21.0,0.1415,-0.0700925925925926
2003,Argentina,Chile,0,,,,,,,,
2003,Ecuador,Venezuela,1,,,,,,,,
2003,Peru,Paraguay,1,,,,,,,,
2003,Colombia,Brazil,-1,,,,,,,,
2003,Uruguay,Bolivia,1,,,,,,,,
2003,Chile,Peru,1,,,,,,,,
2003,Venezuela,Argentina,-1,,,,,,,,
2003,Bolivia,Colombia,1,,,,,,,,
2003,Brazil,Ecuador,1,,,,,,,,
2003,Paraguay,Uruguay,1,,,,,,,,
2003,Guinea-Bissau,Mali,-1,,,,,,,,
2003,Botswana,Lesotho,1,,,,,,,,
2003,Equatorial Guinea,Togo,1,,,,,,,,
2003,Madagascar,Benin,0,,,,,,,,
2003,Niger,Algeria,-1,,,,,,,,
2003,São Tomé and Príncipe,Libya,-1,,,,,,,,
2003,Seychelles,Zambia,-1,,,,,,,,
2003,Tanzania,Kenya,0,,,,,,,,
2003,Uganda,Mauritius,1,,,,,,,,
2003,Sudan,Eritrea,1,,,,,,,,
2003,Burundi,Gabon,0,,,,,,,,
2003,Chad,Angola,1,,,,,,,,
2003,Congo,Sierra Leone,1,,,,,,,,
2003,Ethiopia,Malawi,-1,,,,,,,,
2003,Gambia,Liberia,1,,,,,,,,
2003,Guinea,Mozambique,1,,,,,,,,
2003,Rwanda,Namibia,1,,,,,,,,
2003,Eswatini,Cape Verde,0,,,,,,,,
2003,Zimbabwe,Mauritania,1,,,,,,,,
2003,Algeria,Niger,1,,,,,,,,
2003,Mali,Guinea-Bissau,1,,,,,,,,
2003,Mauritania,Zimbabwe,1,,,,,,,,
2003,Argentina,Bolivia,1,,,,,,,,
2003,Colombia,Venezuela,-1,,,,,,,,
2003,Gabon,Burundi,1,,,,,,,,
2003,Kenya,Tanzania,1,,,,,,,,
2003,Malawi,Ethiopia,0,,,,,,,,
2003,Namibia,Rwanda,0,,,,,,,,
2003,Paraguay,Ecuador,1,,,,,,,,
2003,Uruguay,Chile,1,,,,,,,,
2003,Zambia,Seychelles,0,,,,,,,,
2003,Angola,Chad,1,,,,,,,,
2003,Benin,Madagascar,1,,,,,,,,
2003,Cape Verde,Eswatini,1,,,,,,,,
2003,Eritrea,Sudan,0,,,,,,,,
2003,Ghana,Somalia,1,,,,,,,,
2003,Lesotho,Botswana,0,,,,,,,,
2003,Liberia,Gambia,1,,,,,,,,
2003,Libya,São Tomé and Príncipe,1,,,,,,,,
2003,Mauritius,Uganda,1,,,,,,,,
2003,Mozambique,Guinea,-1,,,,,,,,
2003,Peru,Brazil,0,,,,,,,,
2003,Sierra Leone,Congo,0,,,,,,,,
2003,Togo,Equatorial Guinea,1,,,,,,,,
2003,Chile,Paraguay,-1,,,,,,,,
2003,Venezuela,Bolivia,1,,,,,,,,
2003,Brazil,Uruguay,0,,,,,,,,
2003,Colombia,Argentina,0,,,,,,,,
2003,Ecuador,Peru,0,,,,,,,,
2003,Ghana,Somalia,1,,,,,,,,
2003,Turkmenistan,Afghanistan,1,,,,,,,,
2003,Afghanistan,Turkmenistan,-1,,,,,,,,
2003,Taiwan,Macau,1,,,,,,,,
2003,Bangladesh,Tajikistan,-1,,,,,,,,
2003,Laos,Sri Lanka,0,,,,,,,,
2003,Macau,Taiwan,-1,,,,,,,,
2003,Mongolia,Maldives,-1,,,,,,,,
2003,Pakistan,Kyrgyzstan,-1,,,,,,,,
2003,Tajikistan,Bangladesh,1,,,,,,,,
2003,Kyrgyzstan,Pakistan,1,,,,,,,,
2003,Maldives,Mongolia,1,,,,,,,,
2003,Sri Lanka,Laos,1,,,,,,,,
2004,Antigua and Barbuda,Curaçao,1,,,,,,,,
2004,Bahrain,Syria,1,,,,,,,,
2004,China PR,Kuwait,1,,,,,,,,
2004,Haiti,Turks and Caicos Islands,1,,,,,,,,
2004,India,Singapore,1,,,,,,,,
2004,Iran,Qatar,1,,,,,,,,
2004,Japan,Oman,1,,,,,,,,
2004,Jordan,Laos,1,,,,,,,,
2004,South Korea,Lebanon,1,,,,,,,,
2004,Kyrgyzstan,Tajikistan,-1,,,,,,,,
2004,Malaysia,Hong Kong,-1,,,,,,,,
2004,Palestine,Taiwan,1,,,,,,,,
2004,Saudi Arabia,Indonesia,1,,,,,,,,
2004,Turkmenistan,Sri Lanka,1,,,,,,,,
2004,United Arab Emirates,Thailand,1,,,,,,,,
2004,Uzbekistan,Iraq,0,,,,,,,,
2004,Vietnam,Maldives,1,,,,,,,,
2004,United States Virgin Islands,Saint Kitts and Nevis,-1,,,,,,,,
2004,Yemen,North Korea,0,,,,,,,,
2004,Turks and Caicos Islands,Haiti,-1,,,,,,,,
2004,British Virgin Islands,Saint Lucia,-1,,,,,,,,
2004,Cayman Islands,Cuba,-1,,,,,,,,
2004,Aruba,Suriname,-1,,,,,,,,
2004,Grenada,Guyana,1,,,,,,,,
2004,Bermuda,Montserrat,1,,,,,,,,
2004,Guyana,Grenada,-1,,,,,,,,
2004,Dominican Republic,Anguilla,0,,,,,,,,
2004,Dominican Republic,Anguilla,1,,,,,,,,
2004,Montserrat,Bermuda,-1,,,,,,,,
2004,Bahamas,Dominica,0,,,,,,,,
2004,Cuba,Cayman Islands,1,,,,,,,,
2004,Suriname,Aruba,1,,,,,,,,
2004,Bahamas,Dominica,-1,,,,,,,,
2004,Saint Lucia,British Virgin Islands,1,,,,,,,,
2004,Argentina,Ecuador,1,,,,,,,,
2004,Bolivia,Chile,-1,,,,,,,,
2004,Curaçao,Antigua and Barbuda,1,,,,,,,,
2004,Hong Kong,China PR,-1,,,,,,,,
2004,India,Oman,-1,,,,,,,,
2004,Jordan,Qatar,1,,,,,,,,
2004,North Korea,United Arab Emirates,0,,,,,,,,
2004,Kyrgyzstan,Syria,0,,,,,,,,
2004,Laos,Iran,-1,,,,,,,,
2004,Malaysia,Kuwait,-1,,,,,,,,
2004,Maldives,South Korea,0,,,,,,,,
2004,Palestine,Iraq,0,,,,,,,,
2004,Paraguay,Brazil,0,,,,,,,,
2004,Peru,Colombia,-1,,,,,,,,
2004,Singapore,Japan,-1,,,,,,,,
2004,Sri Lanka,Saudi Arabia,-1,,,,,,,,
2004,Saint Kitts and Nevis,United States Virgin Islands,1,,,,,,,,
2004,Tajikistan,Bahrain,0,,,,,,,,
2004,Turkmenistan,Indonesia,1,,,,,,,,
2004,Uruguay,Venezuela,-1,,,,,,,,
2004,Vietnam,Lebanon,-1,,,,,,,,
2004,Yemen,Thailand,-1,,,,,,,,
2004,Taiwan,Uzbekistan,-1,,,,,,,,
2004,Papua New Guinea,Vanuatu,0,,,,,,,,
2004,Samoa,American Samoa,1,,,,,,,,
2004,Solomon Islands,Tonga,1,,,,,,,,
2004,Tahiti,Cook Islands,1,,,,,,,,
2004,American Samoa,Vanuatu,-1,,,,,,,,
2004,Fiji,Papua New Guinea,1,,,,,,,,
2004,Solomon Islands,Cook Islands,1,,,,,,,,
2004,Tahiti,New Caledonia,0,,,,,,,,
2004,Fiji,American Samoa,1,,,,,,,,
2004,Samoa,Vanuatu,-1,,,,,,,,
2004,Solomon Islands,New Caledonia,1,,,,,,,,
2004,Tonga,Cook Islands,1,,,,,,,,
2004,American Samoa,Papua New Guinea,-1,,,,,,,,
2004,New Caledonia,Cook Islands,1,,,,,,,,
2004,Samoa,Fiji,-1,,,,,,,,
2004,Tahiti,Tonga,1,,,,,,,,
2004,Fiji,Vanuatu,-1,,,,,,,,
2004,New Caledonia,Tonga,1,,,,,,,,
2004,Samoa,Papua New Guinea,-1,,,,,,,,
2004,Solomon Islands,Tahiti,0,,,,,,,,
2004,Bolivia,Paraguay,1,,,,,,,,
2004,Uruguay,Peru,-1,,,,,,,,
2004,Venezuela,Chile,-1,,,,,,,,
2004,Brazil,Argentina,1,,,,,,,,
2004,Ecuador,Colombia,1,,,,,,,,
2004,Algeria,Angola,0,,,,,,,,
2004,Burkina Faso,Ghana,1,,,,,,,,
2004,Ecuador,Bolivia,1,,,,,,,,
2004,Gabon,Zimbabwe,0,,,,,,,,
2004,Malawi,Morocco,0,,,,,,,,
2004,Nigeria,Rwanda,1,,,,,,,,
2004,Senegal,Congo,1,,,,,,,,
2004,South Africa,Cape Verde,1,,,,,,,,
2004,Tunisia,Botswana,1,,,,,,,,
2004,Zambia,Togo,1,,,,,,,,
2004,Argentina,Paraguay,0,,,,,,,,
2004,Cameroon,Benin,1,,,,,,,,
2004,Chile,Brazil,0,,,,,,,,
2004,Colombia,Uruguay,1,,,,,,,,
2004,Ivory Coast,Libya,1,,,,,,,,
2004,Liberia,Mali,1,,,,,,,,
2004,Peru,Venezuela,0,,,,,,,,
2004,Sudan,Egypt,-1,,,,,,,,
2004,Uganda,DR Congo,1,,,,,,,,
2004,Bahrain,Kyrgyzstan,1,,,,,,,,
2004,China PR,Malaysia,1,,,,,,,,
2004,Indonesia,Sri Lanka,1,,,,,,,,
2004,Iran,Jordan,-1,,,,,,,,
2004,Iraq,Taiwan,1,,,,,,,,
2004,Japan,India,1,,,,,,,,
2004,South Korea,Vietnam,1,,,,,,,,
2004,Kuwait,Hong Kong,1,,,,,,,,
2004,Lebanon,Maldives,1,,,,,,,,
2004,Oman,Singapore,1,,,,,,,,
2004,Qatar,Laos,1,,,,,,,,
2004,Saudi Arabia,Turkmenistan,1,,,,,,,,
2004,Thailand,North Korea,-1,,,,,,,,
2004,United Arab Emirates,Yemen,1,,,,,,,,
2004,Uzbekistan,Palestine,1,,,,,,,,
2004,Syria,Tajikistan,1,,,,,,,,
2004,Cuba,Costa Rica,0,,,,,,,,
2004,Curaçao,Honduras,-1,,,,,,,,
2004,Haiti,Jamaica,0,,,,,,,,
2004,Suriname,Guatemala,0,,,,,,,,
2004,Barbados,Saint Kitts and Nevis,-1,,,,,,,,
2004,Canada,Belize,1,,,,,,,,
2004,Dominican Republic,Trinidad and Tobago,-1,,,,,,,,
2004,El Salvador,Bermuda,1,,,,,,,,
2004,Panama,Saint Lucia,1,,,,,,,,
2004,United States,Grenada,1,,,,,,,,
2004,Nicaragua,Saint Vincent and the Grenadines,0,,,,,,,,
2004,Canada,Belize,1,,,,,,,,
2004,Libya,Cameroon,0,,,,,,,,
2004,Botswana,Malawi,1,,,,,,,,
2004,Cape Verde,Uganda,1,,,,,,,,
2004,Dominica,Mexico,-1,,,,,,,,
2004,Honduras,Curaçao,1,,,,,,,,
2004,Mali,Zambia,0,,,,,,,,
2004,Rwanda,Gabon,1,,,,,,,,
2004,Saint Kitts and Nevis,Barbados,1,,,,,,,,
2004,Angola,Nigeria,1,,,,,,,,
2004,Benin,Sudan,0,,,,,,,,
2004,Bermuda,El Salvador,0,,,,,,,,
2004,Congo,Liberia,1,,,,,,,,
2004,DR Congo,Burkina Faso,1,,,,,,,,
2004,Costa Rica,Cuba,0,,,,,,,,
2004,Egypt,Ivory Coast,-1,,,,,,,,
2004,Ghana,South Africa,1,,,,,,,,
2004,Grenada,United States,-1,,,,,,,,
2004,Guatemala,Suriname,1,,,,,,,,
2004,Guinea,Tunisia,1,,,,,,,,
2004,Jamaica,Haiti,1,,,,,,,,
2004,Saint Lucia,Panama,-1,,,,,,,,
2004,Togo,Senegal,1,,,,,,,,
2004,Trinidad and Tobago,Dominican Republic,1,,,,,,,,
2004,Zimbabwe,Algeria,0,,,,,,,,
2004,Saint Vincent and the Grenadines,Nicaragua,1,,,,,,,,
2004,Mexico,Dominica,1,,,,,,,,
2004,Botswana,Morocco,-1,,,,,,,,
2004,Cape Verde,DR Congo,0,,,,,,,,
2004,Gabon,Angola,0,,,,,,,,
2004,Malawi,Guinea,0,,,,,,,,
2004,Nigeria,Algeria,1,,,,,,,,
2004,Rwanda,Zimbabwe,-1,,,,,,,,
2004,Senegal,Zambia,1,,,,,,,,
2004,South Africa,Burkina Faso,1,,,,,,,,
2004,Sudan,Libya,-1,,,,,,,,
2004,Uganda,Ghana,0,,,,,,,,
2004,Benin,Egypt,0,,,,,,,,
2004,Cameroon,Ivory Coast,1,,,,,,,,
2004,Liberia,Togo,0,,,,,,,,
2004,Congo,Mali,1,,,,,,,,
2004,Canada,Guatemala,-1,,,,,,,,
2004,Costa Rica,Honduras,-1,,,,,,,,
2004,El Salvador,Panama,1,,,,,,,,
2004,Jamaica,United States,0,,,,,,,,
2004,Liechtenstein,Estonia,-1,,,,,,,,
2004,Romania,Finland,1,,,,,,,,
2004,Slovakia,Luxembourg,1,,,,,,,,
2004,North Macedonia,Armenia,1,,,,,,,,
2004,Saint Vincent and the Grenadines,Trinidad and Tobago,-1,,,,,,,,
2004,Libya,Benin,1,,,,,,,,
2004,Albania,Greece,1,,,,,,,,
2004,Austria,England,0,,,,,,,,
2004,Azerbaijan,Wales,0,,,,,,,,
2004,Belgium,Lithuania,0,,,,,,,,
2004,Burkina Faso,Uganda,1,,,,,,,,
2004,Canada,Honduras,0,,,,,,,,
2004,Croatia,Hungary,1,,,,,,,,
2004,Denmark,Ukraine,0,,,,,,,,
2004,Estonia,Luxembourg,1,,,,,,,,
2004,Finland,Andorra,1,,,,,,,,
2004,France,Israel,0,,,,,,,,
2004,Iceland,Bulgaria,-1,,,,,,,,
2004,Republic of Ireland,Cyprus,1,,,,,,,,
2004,Italy,Norway,1,,,,,,,,
2004,Jamaica,Panama,-1,,,,,,,,
2004,Kenya,Malawi,1,,,,,,,,
2004,Latvia,Portugal,-1,,,,,,,,
2004,Malta,Sweden,-1,,,,,,,,
2004,Morocco,Tunisia,0,,,,,,,,
2004,Northern Ireland,Poland,-1,,,,,,,,
2004,Peru,Argentina,-1,,,,,,,,
2004,Romania,North Macedonia,1,,,,,,,,
2004,Russia,Slovakia,0,,,,,,,,
2004,San Marino,Serbia,-1,,,,,,,,
2004,Slovenia,Moldova,1,,,,,,,,
2004,Saint Kitts and Nevis,Trinidad and Tobago,-1,,,,,,,,
2004,Switzerland,Faroe Islands,1,,,,,,,,
2004,Turkey,Georgia,0,,,,,,,,
2004,United States,El Salvador,1,,,,,,,,
2004,Zambia,Liberia,1,,,,,,,,
2004,Algeria,Gabon,-1,,,,,,,,
2004,Angola,Rwanda,1,,,,,,,,
2004,Brazil,Bolivia,1,,,,,,,,
2004,Chile,Colombia,0,,,,,,,,
2004,DR Congo,South Africa,1,,,,,,,,
2004,Egypt,Cameroon,1,,,,,,,,
2004,Ghana,Cape Verde,1,,,,,,,,
2004,Guatemala,Costa Rica,1,,,,,,,,
2004,Guinea,Botswana,1,,,,,,,,
2004,Ivory Coast,Sudan,1,,,,,,,,
2004,Mali,Senegal,0,,,,,,,,
2004,Paraguay,Venezuela,1,,,,,,,,
2004,Togo,Congo,1,,,,,,,,
2004,Uruguay,Ecuador,1,,,,,,,,
2004,Zimbabwe,Nigeria,-1,,,,,,,,
2004,Andorra,Romania,-1,,,,,,,,
2004,Armenia,Finland,-1,,,,,,,,
2004,Austria,Azerbaijan,1,,,,,,,,
2004,Bosnia and Herzegovina,Spain,0,,,,,,,,
2004,Costa Rica,Canada,1,,,,,,,,
2004,El Salvador,Jamaica,-1,,,,,,,,
2004,Faroe Islands,France,-1,,,,,,,,
2004,Georgia,Albania,1,,,,,,,,
2004,Greece,Turkey,0,,,,,,,,
2004,Honduras,Guatemala,0,,,,,,,,
2004,Hong Kong,Kuwait,-1,,,,,,,,
2004,Hungary,Iceland,1,,,,,,,,
2004,India,Japan,-1,,,,,,,,
2004,Israel,Cyprus,1,,,,,,,,
2004,Jordan,Iran,-1,,,,,,,,
2004,Kazakhstan,Ukraine,-1,,,,,,,,
2004,North Korea,Thailand,1,,,,,,,,
2004,Kyrgyzstan,Bahrain,-1,,,,,,,,
2004,Laos,Qatar,-1,,,,,,,,
2004,Lithuania,San Marino,1,,,,,,,,
2004,Luxembourg,Latvia,-1,,,,,,,,
2004,Malaysia,China PR,-1,,,,,,,,
2004,Maldives,Lebanon,-1,,,,,,,,
2004,Moldova,Italy,-1,,,,,,,,
2004,Netherlands,Czech Republic,1,,,,,,,,
2004,Norway,Belarus,0,,,,,,,,
2004,Palestine,Uzbekistan,-1,,,,,,,,
2004,Panama,United States,0,,,,,,,,
2004,Poland,England,-1,,,,,,,,
2004,Portugal,Estonia,1,,,,,,,,
2004,Scotland,Slovenia,0,,,,,,,,
2004,Singapore,Oman,-1,,,,,,,,
2004,Slovakia,Liechtenstein,1,,,,,,,,
2004,Sri Lanka,Indonesia,0,,,,,,,,
2004,Sweden,Croatia,-1,,,,,,,,
2004,Switzerland,Republic of Ireland,0,,,,,,,,
2004,Tajikistan,Syria,-1,,,,,,,,
2004,Trinidad and Tobago,Mexico,-1,,,,,,,,
2004,Turkmenistan,Saudi Arabia,-1,,,,,,,,
2004,Vietnam,South Korea,-1,,,,,,,,
2004,Wales,Northern Ireland,0,,,,,,,,
2004,Yemen,United Arab Emirates,1,,,,,,,,
2004,Taiwan,Iraq,-1,,,,,,,,
2004,Saint Vincent and the Grenadines,Saint Kitts and Nevis,1,,,,,,,,
2004,Mexico,Saint Vincent and the Grenadines,1,,,,,,,,
2004,Libya,Egypt,1,,,,,,,,
2004,Albania,Denmark,-1,,,,,,,,
2004,Argentina,Uruguay,1,,,,,,,,
2004,Austria,Poland,-1,,,,,,,,
2004,Azerbaijan,Northern Ireland,0,,,,,,,,
2004,Belarus,Moldova,1,,,,,,,,
2004,Bolivia,Peru,1,,,,,,,,
2004,Bosnia and Herzegovina,Serbia,0,,,,,,,,
2004,Botswana,Kenya,1,,,,,,,,
2004,Cape Verde,Burkina Faso,1,,,,,,,,
2004,Colombia,Paraguay,0,,,,,,,,
2004,Costa Rica,Guatemala,1,,,,,,,,
2004,Croatia,Bulgaria,0,,,,,,,,
2004,Cyprus,Faroe Islands,0,,,,,,,,
2004,Czech Republic,Romania,1,,,,,,,,
2004,El Salvador,United States,-1,,,,,,,,
2004,England,Wales,1,,,,,,,,
2004,Finland,Armenia,1,,,,,,,,
2004,France,Republic of Ireland,0,,,,,,,,
2004,Gabon,Nigeria,0,,,,,,,,
2004,Honduras,Canada,0,,,,,,,,
2004,Israel,Switzerland,0,,,,,,,,
2004,Liechtenstein,Portugal,0,,,,,,,,
2004,Luxembourg,Russia,-1,,,,,,,,
2004,North Macedonia,Netherlands,0,,,,,,,,
2004,Malawi,Tunisia,0,,,,,,,,
2004,Malta,Iceland,0,,,,,,,,
2004,Panama,Jamaica,0,,,,,,,,
2004,Rwanda,Algeria,0,,,,,,,,
2004,Scotland,Norway,-1,,,,,,,,
2004,Slovakia,Latvia,1,,,,,,,,
2004,Slovenia,Italy,1,,,,,,,,
2004,Spain,Belgium,1,,,,,,,,
2004,Sri Lanka,Turkmenistan,0,,,,,,,,
2004,Sudan,Cameroon,0,,,,,,,,
2004,Sweden,Hungary,1,,,,,,,,
2004,Turkey,Kazakhstan,1,,,,,,,,
2004,Ukraine,Greece,0,,,,,,,,
2004,Venezuela,Brazil,-1,,,,,,,,
2004,Angola,Zimbabwe,1,,,,,,,,
2004,Benin,Ivory Coast,-1,,,,,,,,
2004,Congo,Zambia,-1,,,,,,,,
2004,Ecuador,Chile,1,,,,,,,,
2004,Ghana,DR Congo,0,,,,,,,,
2004,Guinea,Morocco,0,,,,,,,,
2004,Liberia,Senegal,-1,,,,,,,,
2004,Togo,Mali,1,,,,,,,,
2004,Trinidad and Tobago,Saint Kitts and Nevis,1,,,,,,,,
2004,Uganda,South Africa,-1,,,,,,,,
2004,Saint Vincent and the Grenadines,Mexico,-1,,,,,,,,
2004,Bolivia,Uruguay,0,,,,,,,,
2004,Indonesia,Saudi Arabia,-1,,,,,,,,
2004,Andorra,North Macedonia,1,,,,,,,,
2004,Armenia,Czech Republic,-1,,,,,,,,
2004,Azerbaijan,England,-1,,,,,,,,
2004,Brazil,Colombia,0,,,,,,,,
2004,Bulgaria,Malta,1,,,,,,,,
2004,Canada,Costa Rica,-1,,,,,,,,
2004,Chile,Argentina,0,,,,,,,,
2004,Cyprus,France,-1,,,,,,,,
2004,Denmark,Turkey,0,,,,,,,,
2004,Guatemala,Honduras,1,,,,,,,,
2004,Hong Kong,Malaysia,1,,,,,,,,
2004,Iceland,Sweden,-1,,,,,,,,
2004,Iraq,Uzbekistan,-1,,,,,,,,
2004,Republic of Ireland,Faroe Islands,1,,,,,,,,
2004,Italy,Belarus,1,,,,,,,,
2004,Jamaica,El Salvador,0,,,,,,,,
2004,Kazakhstan,Albania,-1,,,,,,,,
2004,North Korea,Yemen,1,,,,,,,,
2004,Kuwait,China PR,1,,,,,,,,
2004,Laos,Jordan,-1,,,,,,,,
2004,Latvia,Estonia,0,,,,,,,,
2004,Lebanon,South Korea,0,,,,,,,,
2004,Lithuania,Spain,0,,,,,,,,
2004,Luxembourg,Liechtenstein,-1,,,,,,,,
2004,Maldives,Vietnam,1,,,,,,,,
2004,Mexico,Trinidad and Tobago,1,,,,,,,,
2004,Moldova,Scotland,0,,,,,,,,
2004,Netherlands,Finland,1,,,,,,,,
2004,Northern Ireland,Austria,0,,,,,,,,
2004,Norway,Slovenia,1,,,,,,,,
2004,Oman,Japan,-1,,,,,,,,
2004,Paraguay,Peru,0,,,,,,,,
2004,Portugal,Russia,1,,,,,,,,
2004,Qatar,Iran,-1,,,,,,,,
2004,Serbia,San Marino,1,,,,,,,,
2004,Singapore,India,1,,,,,,,,
2004,Saint Kitts and Nevis,Saint Vincent and the Grenadines,-1,,,,,,,,
2004,Syria,Bahrain,0,,,,,,,,
2004,Tajikistan,Kyrgyzstan,1,,,,,,,,
2004,Thailand,United Arab Emirates,1,,,,,,,,
2004,Ukraine,Georgia,1,,,,,,,,
2004,United States,Panama,1,,,,,,,,
2004,Wales,Poland,-1,,,,,,,,
2004,Venezuela,Ecuador,1,,,,,,,,
2004,Taiwan,Palestine,-1,,,,,,,,
2004,Saint Kitts and Nevis,Mexico,-1,,,,,,,,
2004,Iraq,Palestine,1,,,,,,,,
2004,Andorra,Netherlands,-1,,,,,,,,
2004,Argentina,Venezuela,1,,,,,,,,
2004,Armenia,Romania,0,,,,,,,,
2004,Bahrain,Tajikistan,1,,,,,,,,
2004,Belgium,Serbia,-1,,,,,,,,
2004,China PR,Hong Kong,1,,,,,,,,
2004,Colombia,Bolivia,1,,,,,,,,
2004,Cyprus,Israel,-1,,,,,,,,
2004,Ecuador,Brazil,1,,,,,,,,
2004,Georgia,Denmark,0,,,,,,,,
2004,Greece,Kazakhstan,1,,,,,,,,
2004,Guatemala,Canada,-1,,,,,,,,
2004,Honduras,Costa Rica,0,,,,,,,,
2004,Indonesia,Turkmenistan,1,,,,,,,,
2004,Iran,Laos,1,,,,,,,,
2004,Japan,Singapore,1,,,,,,,,
2004,Kenya,Guinea,1,,,,,,,,
2004,South Korea,Maldives,1,,,,,,,,
2004,Kuwait,Malaysia,1,,,,,,,,
2004,Lebanon,Vietnam,0,,,,,,,,
2004,Liechtenstein,Latvia,-1,,,,,,,,
2004,Luxembourg,Portugal,-1,,,,,,,,
2004,North Macedonia,Czech Republic,-1,,,,,,,,
2004,Malta,Hungary,-1,,,,,,,,
2004,Mexico,Saint Kitts and Nevis,1,,,,,,,,
2004,Oman,India,0,,,,,,,,
2004,Panama,El Salvador,1,,,,,,,,
2004,Peru,Chile,1,,,,,,,,
2004,Qatar,Jordan,1,,,,,,,,
2004,Russia,Estonia,1,,,,,,,,
2004,San Marino,Lithuania,-1,,,,,,,,
2004,Saudi Arabia,Sri Lanka,1,,,,,,,,
2004,Syria,Kyrgyzstan,-1,,,,,,,,
2004,Thailand,Yemen,0,,,,,,,,
2004,Turkey,Ukraine,-1,,,,,,,,
2004,United Arab Emirates,North Korea,1,,,,,,,,
2004,Uruguay,Paraguay,1,,,,,,,,
2004,United States,Jamaica,0,,,,,,,,
2004,Uzbekistan,Taiwan,1,,,,,,,,
2004,Trinidad and Tobago,Saint Vincent and the Grenadines,1,,,,,,,,
2005,Albania,Ukraine,-1,,,,,,,,
2005,Bahrain,Iran,0,,,,,,,,
2005,Costa Rica,Mexico,-1,,,,,,,,
2005,Greece,Denmark,1,,,,,,,,
2005,Japan,North Korea,1,,,,,,,,
2005,South Korea,Kuwait,1,,,,,,,,
2005,North Macedonia,Andorra,0,,,,,,,,
2005,Morocco,Kenya,1,,,,,,,,
2005,Panama,Guatemala,0,,,,,,,,
2005,Spain,San Marino,1,,,,,,,,
2005,Trinidad and Tobago,United States,-1,,,,,,,,
2005,Uzbekistan,Saudi Arabia,0,,,,,,,,
2005,Iran,Japan,1,,,,,,,,
2005,North Korea,Bahrain,-1,,,,,,,,
2005,Kuwait,Uzbekistan,1,,,,,,,,
2005,Saudi Arabia,South Korea,1,,,,,,,,
2005,Armenia,Andorra,1,,,,,,,,
2005,Belgium,Bosnia and Herzegovina,1,,,,,,,,
2005,Bolivia,Argentina,-1,,,,,,,,
2005,Bulgaria,Sweden,-1,,,,,,,,
2005,Burkina Faso,Cape Verde,-1,,,,,,,,
2005,Chile,Uruguay,0,,,,,,,,
2005,Costa Rica,Panama,1,,,,,,,,
2005,Croatia,Iceland,1,,,,,,,,
2005,Czech Republic,Finland,1,,,,,,,,
2005,Denmark,Kazakhstan,1,,,,,,,,
2005,England,Northern Ireland,1,,,,,,,,
2005,Estonia,Slovakia,-1,,,,,,,,
2005,France,Switzerland,0,,,,,,,,
2005,Georgia,Greece,-1,,,,,,,,
2005,Guatemala,Trinidad and Tobago,1,,,,,,,,
2005,Israel,Republic of Ireland,0,,,,,,,,
2005,Italy,Scotland,1,,,,,,,,
2005,Kenya,Botswana,1,,,,,,,,
2005,Liechtenstein,Russia,-1,,,,,,,,
2005,Morocco,Guinea,1,,,,,,,,
2005,Nigeria,Gabon,1,,,,,,,,
2005,Poland,Azerbaijan,1,,,,,,,,
2005,Romania,Netherlands,-1,,,,,,,,
2005,Senegal,Liberia,1,,,,,,,,
2005,South Africa,Uganda,1,,,,,,,,
2005,Tunisia,Malawi,1,,,,,,,,
2005,Turkey,Albania,1,,,,,,,,
2005,Venezuela,Colombia,0,,,,,,,,
2005,Wales,Austria,-1,,,,,,,,
2005,Zambia,Congo,1,,,,,,,,
2005,Algeria,Rwanda,1,,,,,,,,
2005,Brazil,Peru,1,,,,,,,,
2005,Cameroon,Sudan,1,,,,,,,,
2005,DR Congo,Ghana,0,,,,,,,,
2005,Ecuador,Paraguay,1,,,,,,,,
2005,Egypt,Libya,1,,,,,,,,
2005,Ivory Coast,Benin,1,,,,,,,,
2005,Mali,Togo,-1,,,,,,,,
2005,Mexico,United States,1,,,,,,,,
2005,Zimbabwe,Angola,1,,,,,,,,
2005,Bolivia,Venezuela,1,,,,,,,,
2005,Andorra,Czech Republic,-1,,,,,,,,
2005,Argentina,Colombia,1,,,,,,,,
2005,Austria,Wales,1,,,,,,,,
2005,Bosnia and Herzegovina,Lithuania,0,,,,,,,,
2005,Croatia,Malta,1,,,,,,,,
2005,England,Azerbaijan,1,,,,,,,,
2005,Estonia,Russia,0,,,,,,,,
2005,Georgia,Turkey,-1,,,,,,,,
2005,Greece,Albania,1,,,,,,,,
2005,Hungary,Bulgaria,0,,,,,,,,
2005,Israel,France,0,,,,,,,,
2005,Japan,Bahrain,1,,,,,,,,
2005,North Korea,Iran,-1,,,,,,,,
2005,South Korea,Uzbekistan,1,,,,,,,,
2005,Kuwait,Saudi Arabia,0,,,,,,,,
2005,Latvia,Luxembourg,1,,,,,,,,
2005,North Macedonia,Romania,-1,,,,,,,,
2005,Moldova,Norway,0,,,,,,,,
2005,Netherlands,Armenia,1,,,,,,,,
2005,Panama,Mexico,0,,,,,,,,
2005,Paraguay,Chile,1,,,,,,,,
2005,Peru,Ecuador,0,,,,,,,,
2005,Poland,Northern Ireland,1,,,,,,,,
2005,San Marino,Belgium,-1,,,,,,,,
2005,Serbia,Spain,0,,,,,,,,
2005,Slovakia,Portugal,0,,,,,,,,
2005,Slovenia,Belarus,0,,,,,,,,
2005,Switzerland,Cyprus,1,,,,,,,,
2005,Trinidad and Tobago,Costa Rica,0,,,,,,,,
2005,Ukraine,Denmark,1,,,,,,,,
2005,Uruguay,Brazil,0,,,,,,,,
2005,United States,Guatemala,1,,,,,,,,
2005,Bahrain,Japan,-1,,,,,,,,
2005,Iran,North Korea,1,,,,,,,,
2005,Libya,Ivory Coast,0,,,,,,,,
2005,Saudi Arabia,Kuwait,1,,,,,,,,
2005,Uzbekistan,South Korea,0,,,,,,,,
2005,Albania,Georgia,1,,,,,,,,
2005,Armenia,North Macedonia,-1,,,,,,,,
2005,Azerbaijan,Poland,-1,,,,,,,,
2005,Belarus,Slovenia,0,,,,,,,,
2005,Benin,Cameroon,-1,,,,,,,,
2005,Botswana,Tunisia,-1,,,,,,,,
2005,Bulgaria,Croatia,-1,,,,,,,,
2005,Cape Verde,South Africa,-1,,,,,,,,
2005,Chile,Bolivia,1,,,,,,,,
2005,Colombia,Peru,1,,,,,,,,
2005,Czech Republic,Andorra,1,,,,,,,,
2005,Ecuador,Argentina,1,,,,,,,,
2005,Estonia,Liechtenstein,1,,,,,,,,
2005,Faroe Islands,Switzerland,-1,,,,,,,,
2005,Guatemala,Mexico,-1,,,,,,,,
2005,Iceland,Hungary,-1,,,,,,,,
2005,Republic of Ireland,Israel,0,,,,,,,,
2005,Morocco,Malawi,1,,,,,,,,
2005,Netherlands,Romania,1,,,,,,,,
2005,Norway,Italy,0,,,,,,,,
2005,Portugal,Slovakia,1,,,,,,,,
2005,Russia,Latvia,1,,,,,,,,
2005,San Marino,Bosnia and Herzegovina,-1,,,,,,,,
2005,Scotland,Moldova,1,,,,,,,,
2005,Serbia,Belgium,0,,,,,,,,
2005,Spain,Lithuania,1,,,,,,,,
2005,Sweden,Malta,1,,,,,,,,
2005,Trinidad and Tobago,Panama,1,,,,,,,,
2005,Turkey,Greece,0,,,,,,,,
2005,Ukraine,Kazakhstan,1,,,,,,,,
2005,United States,Costa Rica,1,,,,,,,,
2005,Venezuela,Uruguay,0,,,,,,,,
2005,Angola,Algeria,1,,,,,,,,
2005,Brazil,Paraguay,1,,,,,,,,
2005,Congo,Senegal,0,,,,,,,,
2005,DR Congo,Uganda,1,,,,,,,,
2005,Egypt,Sudan,1,,,,,,,,
2005,Ghana,Burkina Faso,1,,,,,,,,
2005,Guinea,Kenya,1,,,,,,,,
2005,Mali,Liberia,1,,,,,,,,
2005,Rwanda,Nigeria,0,,,,,,,,
2005,Togo,Zambia,1,,,,,,,,
2005,Zimbabwe,Gabon,1,,,,,,,,
2005,Peru,Uruguay,0,,,,,,,,
2005,Argentina,Brazil,1,,,,,,,,
2005,Belarus,Scotland,0,,,,,,,,
2005,Chile,Venezuela,1,,,,,,,,
2005,Colombia,Ecuador,1,,,,,,,,
2005,Costa Rica,Guatemala,1,,,,,,,,
2005,Czech Republic,North Macedonia,1,,,,,,,,
2005,Denmark,Albania,1,,,,,,,,
2005,Estonia,Portugal,-1,,,,,,,,
2005,Faroe Islands,Republic of Ireland,-1,,,,,,,,
2005,Finland,Netherlands,-1,,,,,,,,
2005,Greece,Ukraine,-1,,,,,,,,
2005,Iceland,Malta,1,,,,,,,,
2005,Iran,Bahrain,1,,,,,,,,
2005,Kazakhstan,Turkey,-1,,,,,,,,
2005,North Korea,Japan,-1,,,,,,,,
2005,Kuwait,South Korea,-1,,,,,,,,
2005,Latvia,Liechtenstein,1,,,,,,,,
2005,Luxembourg,Slovakia,-1,,,,,,,,
2005,Mexico,Trinidad and Tobago,1,,,,,,,,
2005,Panama,United States,-1,,,,,,,,
2005,Paraguay,Bolivia,1,,,,,,,,
2005,Romania,Armenia,1,,,,,,,,
2005,Saudi Arabia,Uzbekistan,1,,,,,,,,
2005,Spain,Bosnia and Herzegovina,0,,,,,,,,
2005,Tunisia,Guinea,1,,,,,,,,
2005,Burkina Faso,DR Congo,1,,,,,,,,
2005,Gabon,Rwanda,1,,,,,,,,
2005,Kenya,Morocco,0,,,,,,,,
2005,Malawi,Botswana,-1,,,,,,,,
2005,Nigeria,Angola,0,,,,,,,,
2005,Senegal,Togo,0,,,,,,,,
2005,South Africa,Ghana,-1,,,,,,,,
2005,Uganda,Cape Verde,1,,,,,,,,
2005,Zambia,Mali,1,,,,,,,,
2005,Algeria,Zimbabwe,0,,,,,,,,
2005,Cameroon,Libya,1,,,,,,,,
2005,Ivory Coast,Egypt,1,,,,,,,,
2005,Liberia,Congo,-1,,,,,,,,
2005,Bahrain,North Korea,-1,,,,,,,,
2005,Faroe Islands,Cyprus,-1,,,,,,,,
2005,Guatemala,Panama,1,,,,,,,,
2005,Japan,Iran,1,,,,,,,,
2005,Kazakhstan,Georgia,-1,,,,,,,,
2005,South Korea,Saudi Arabia,-1,,,,,,,,
2005,Latvia,Russia,0,,,,,,,,
2005,Liechtenstein,Slovakia,0,,,,,,,,
2005,North Macedonia,Finland,-1,,,,,,,,
2005,Mexico,Costa Rica,1,,,,,,,,
2005,Romania,Andorra,1,,,,,,,,
2005,Sudan,Benin,1,,,,,,,,
2005,Tunisia,Kenya,1,,,,,,,,
2005,United States,Trinidad and Tobago,1,,,,,,,,
2005,Uzbekistan,Kuwait,1,,,,,,,,
2005,Libya,Sudan,0,,,,,,,,
2005,Albania,Kazakhstan,1,,,,,,,,
2005,Andorra,Finland,0,,,,,,,,
2005,Armenia,Netherlands,-1,,,,,,,,
2005,Australia,Solomon Islands,1,,,,,,,,
2005,Bolivia,Ecuador,-1,,,,,,,,
2005,Bosnia and Herzegovina,Belgium,1,,,,,,,,
2005,Burkina Faso,South Africa,1,,,,,,,,
2005,Estonia,Latvia,1,,,,,,,,
2005,France,Faroe Islands,1,,,,,,,,
2005,Georgia,Ukraine,0,,,,,,,,
2005,Hungary,Malta,1,,,,,,,,
2005,Iceland,Croatia,-1,,,,,,,,
2005,Kenya,Tunisia,-1,,,,,,,,
2005,Mali,Congo,1,,,,,,,,
2005,Moldova,Belarus,1,,,,,,,,
2005,Morocco,Botswana,1,,,,,,,,
2005,Northern Ireland,Azerbaijan,1,,,,,,,,
2005,Panama,Costa Rica,-1,,,,,,,,
2005,Paraguay,Argentina,1,,,,,,,,
2005,Poland,Austria,1,,,,,,,,
2005,Portugal,Luxembourg,1,,,,,,,,
2005,Romania,Czech Republic,1,,,,,,,,
2005,Russia,Liechtenstein,1,,,,,,,,
2005,Scotland,Italy,0,,,,,,,,
2005,Serbia,Lithuania,1,,,,,,,,
2005,Slovenia,Norway,-1,,,,,,,,
2005,Sweden,Bulgaria,1,,,,,,,,
2005,Switzerland,Israel,0,,,,,,,,
2005,Trinidad and Tobago,Guatemala,1,,,,,,,,
2005,Turkey,Denmark,0,,,,,,,,
2005,United States,Mexico,1,,,,,,,,
2005,Venezuela,Peru,1,,,,,,,,
2005,Wales,England,-1,,,,,,,,
2005,Zambia,Senegal,-1,,,,,,,,
2005,Algeria,Nigeria,-1,,,,,,,,
2005,Angola,Gabon,1,,,,,,,,
2005,Brazil,Chile,1,,,,,,,,
2005,DR Congo,Cape Verde,1,,,,,,,,
2005,Egypt,Benin,1,,,,,,,,
2005,Ghana,Uganda,1,,,,,,,,
2005,Guinea,Malawi,1,,,,,,,,
2005,Ivory Coast,Cameroon,-1,,,,,,,,
2005,Togo,Liberia,1,,,,,,,,
2005,Uruguay,Colombia,1,,,,,,,,
2005,Zimbabwe,Rwanda,1,,,,,,,,
2005,Solomon Islands,Australia,-1,,,,,,,,
2005,Azerbaijan,Austria,0,,,,,,,,
2005,Belarus,Italy,-1,,,,,,,,
2005,Belgium,San Marino,1,,,,,,,,
2005,Bulgaria,Iceland,1,,,,,,,,
2005,Costa Rica,Trinidad and Tobago,1,,,,,,,,
2005,Cyprus,Switzerland,-1,,,,,,,,
2005,Czech Republic,Armenia,1,,,,,,,,
2005,Denmark,Georgia,1,,,,,,,,
2005,Faroe Islands,Israel,-1,,,,,,,,
2005,Finland,North Macedonia,1,,,,,,,,
2005,Guatemala,United States,0,,,,,,,,
2005,Hungary,Sweden,-1,,,,,,,,
2005,Republic of Ireland,France,-1,,,,,,,,
2005,Kazakhstan,Greece,-1,,,,,,,,
2005,Latvia,Slovakia,0,,,,,,,,
2005,Liechtenstein,Luxembourg,1,,,,,,,,
2005,Lithuania,Bosnia and Herzegovina,-1,,,,,,,,
2005,Malta,Croatia,0,,,,,,,,
2005,Mexico,Panama,1,,,,,,,,
2005,Moldova,Slovenia,-1,,,,,,,,
2005,Netherlands,Andorra,1,,,,,,,,
2005,Northern Ireland,England,1,,,,,,,,
2005,Norway,Scotland,-1,,,,,,,,
2005,Poland,Wales,1,,,,,,,,
2005,Russia,Portugal,0,,,,,,,,
2005,Spain,Serbia,0,,,,,,,,
2005,Ukraine,Turkey,-1,,,,,,,,
2005,Liberia,Zambia,-1,,,,,,,,
2005,Belgium,Spain,-1,,,,,,,,
2005,Bosnia and Herzegovina,San Marino,1,,,,,,,,
2005,Botswana,Guinea,-1,,,,,,,,
2005,Bulgaria,Hungary,1,,,,,,,,
2005,Cameroon,Egypt,0,,,,,,,,
2005,Cape Verde,Ghana,-1,,,,,,,,
2005,Colombia,Chile,0,,,,,,,,
2005,Congo,Togo,-1,,,,,,,,
2005,Costa Rica,United States,1,,,,,,,,
2005,Croatia,Sweden,1,,,,,,,,
2005,Cyprus,Republic of Ireland,-1,,,,,,,,
2005,Czech Republic,Netherlands,-1,,,,,,,,
2005,Denmark,Greece,1,,,,,,,,
2005,Ecuador,Uruguay,0,,,,,,,,
2005,England,Austria,1,,,,,,,,
2005,Finland,Romania,-1,,,,,,,,
2005,Gabon,Algeria,0,,,,,,,,
2005,Georgia,Kazakhstan,0,,,,,,,,
2005,Israel,Faroe Islands,1,,,,,,,,
2005,Italy,Slovenia,1,,,,,,,,
2005,Lithuania,Serbia,-1,,,,,,,,
2005,Malawi,Kenya,1,,,,,,,,
2005,Mexico,Guatemala,1,,,,,,,,
2005,Nigeria,Zimbabwe,1,,,,,,,,
2005,Northern Ireland,Wales,-1,,,,,,,,
2005,Norway,Moldova,1,,,,,,,,
2005,Panama,Trinidad and Tobago,-1,,,,,,,,
2005,Portugal,Liechtenstein,1,,,,,,,,
2005,Russia,Luxembourg,1,,,,,,,,
2005,Rwanda,Angola,-1,,,,,,,,
2005,Scotland,Belarus,-1,,,,,,,,
2005,Senegal,Mali,1,,,,,,,,
2005,Slovakia,Estonia,1,,,,,,,,
2005,South Africa,DR Congo,0,,,,,,,,
2005,Sudan,Ivory Coast,-1,,,,,,,,
2005,Switzerland,France,0,,,,,,,,
2005,Tunisia,Morocco,0,,,,,,,,
2005,Uganda,Burkina Faso,0,,,,,,,,
2005,Ukraine,Albania,0,,,,,,,,
2005,Uzbekistan,Bahrain,0,,,,,,,,
2005,Venezuela,Paraguay,-1,,,,,,,,
2005,Argentina,Peru,1,,,,,,,,
2005,Benin,Libya,1,,,,,,,,
2005,Bolivia,Brazil,0,,,,,,,,
2005,Albania,Turkey,-1,,,,,,,,
2005,Andorra,Armenia,-1,,,,,,,,
2005,Austria,Northern Ireland,1,,,,,,,,
2005,Bahrain,Uzbekistan,0,,,,,,,,
2005,Belarus,Norway,-1,,,,,,,,
2005,Brazil,Venezuela,1,,,,,,,,
2005,Chile,Ecuador,0,,,,,,,,
2005,England,Poland,1,,,,,,,,
2005,Finland,Czech Republic,-1,,,,,,,,
2005,France,Cyprus,1,,,,,,,,
2005,Greece,Georgia,1,,,,,,,,
2005,Guatemala,Costa Rica,1,,,,,,,,
2005,Hungary,Croatia,0,,,,,,,,
2005,Republic of Ireland,Switzerland,0,,,,,,,,
2005,Italy,Moldova,1,,,,,,,,
2005,Kazakhstan,Denmark,-1,,,,,,,,
2005,Lithuania,Belgium,0,,,,,,,,
2005,Luxembourg,Estonia,-1,,,,,,,,
2005,Malta,Bulgaria,0,,,,,,,,
2005,Netherlands,North Macedonia,0,,,,,,,,
2005,Paraguay,Colombia,-1,,,,,,,,
2005,Peru,Bolivia,1,,,,,,,,
2005,Portugal,Latvia,1,,,,,,,,
2005,San Marino,Spain,-1,,,,,,,,
2005,Serbia,Bosnia and Herzegovina,1,,,,,,,,
2005,Slovakia,Russia,0,,,,,,,,
2005,Slovenia,Scotland,-1,,,,,,,,
2005,Sweden,Iceland,1,,,,,,,,
2005,Trinidad and Tobago,Mexico,1,,,,,,,,
2005,Uruguay,Argentina,1,,,,,,,,
2005,United States,Panama,1,,,,,,,,
2005,Wales,Azerbaijan,1,,,,,,,,
2005,Norway,Czech Republic,-1,,,,,,,,
2005,Spain,Slovakia,1,,,,,,,,
2005,Switzerland,Turkey,1,,,,,,,,
2005,Trinidad and Tobago,Bahrain,0,,,,,,,,
2005,Uruguay,Australia,1,,,,,,,,
2005,Australia,Uruguay,1,,,,,,,,
2005,Bahrain,Trinidad and Tobago,-1,,,,,,,,
2005,Czech Republic,Norway,1,,,,,,,,
2005,Slovakia,Spain,0,,,,,,,,
2005,Turkey,Switzerland,1,,,,,,,,
2006,Germany,Costa Rica,1,3.0,16.0,0.0405263157894736,-0.0501754385964912,31.0,0.0,-0.0511764705882352,-0.0246078431372548
2006,Poland,Ecuador,-1,21.0,3.0,-0.0085333333333333,0.1332222222222222,12.0,6.0,-0.0911052631578947,0.0010526315789473
2006,Argentina,Ivory Coast,1,6.0,11.0,-0.1374285714285714,-0.0937301587301587,19.0,3.0,0.1782631578947368,-0.2722807017543859
2006,England,Paraguay,1,7.0,11.0,0.0596666666666666,0.0756481481481481,18.0,3.0,0.0387499999999999,0.1210416666666666
2006,Trinidad and Tobago,Sweden,0,27.0,1.0,-0.2121875,-0.061875,14.0,5.0,0.2405625,0.1529166666666666
2006,Angola,Portugal,-1,23.0,2.0,-0.216875,0.0296875,4.0,13.0,-0.0612,-0.0643333333333333
2006,Mexico,Iran,1,15.0,4.0,0.1291052631578947,-0.1100877192982456,26.0,1.0,0.0179999999999999,0.0546078431372549
2006,Serbia,Netherlands,-1,,,,,11.0,7.0,-0.0418333333333333,0.1574074074074074
2006,Australia,Japan,1,16.0,4.0,0.204235294117647,0.2126470588235294,29.0,1.0,-0.1511052631578947,-0.1997368421052631
2006,Italy,Ghana,1,1.0,17.0,-0.06855,-0.1558333333333333,13.0,6.0,-0.0273333333333333,0.0034259259259259
2006,United States,Czech Republic,-1,25.0,1.0,-0.0693529411764705,-0.0975490196078431,20.0,3.0,0.036,0.1
2006,Brazil,Croatia,1,5.0,12.0,0.2533529411764706,0.0062745098039215,22.0,2.0,0.1745333333333333,-0.002
2006,France,Switzerland,0,2.0,15.0,0.1229411764705882,-0.0619607843137255,10.0,8.0,-0.035,0.2286274509803921
2006,South Korea,Togo,1,17.0,4.0,0.0087058823529411,-0.014313725490196,30.0,0.0,-0.1146249999999999,-0.1089583333333333
2006,Germany,Poland,1,3.0,16.0,0.0405263157894736,-0.0501754385964912,21.0,3.0,-0.0085333333333333,0.1332222222222222
2006,Spain,Ukraine,1,9.0,9.0,0.1432272727272727,0.0870454545454545,8.0,7.0,-0.0464705882352941,0.0719607843137254
2006,Tunisia,Saudi Arabia,0,24.0,1.0,-0.1386,0.2457777777777778,28.0,1.0,0.0213749999999999,0.1242708333333333
2006,Ecuador,Costa Rica,1,12.0,6.0,-0.0911052631578947,0.0010526315789473,31.0,0.0,-0.0511764705882352,-0.0246078431372548
2006,England,Trinidad and Tobago,1,7.0,11.0,0.0596666666666666,0.0756481481481481,27.0,1.0,-0.2121875,-0.061875
2006,Sweden,Paraguay,1,14.0,5.0,0.2405625,0.1529166666666666,18.0,3.0,0.0387499999999999,0.1210416666666666
2006,Argentina,Serbia,1,6.0,11.0,-0.1374285714285714,-0.0937301587301587,,,,
2006,Mexico,Angola,0,15.0,4.0,0.1291052631578947,-0.1100877192982456,23.0,2.0,-0.216875,0.0296875
2006,Netherlands,Ivory Coast,1,11.0,7.0,-0.0418333333333333,0.1574074074074074,19.0,3.0,0.1782631578947368,-0.2722807017543859
2006,Czech Republic,Ghana,-1,20.0,3.0,0.036,0.1,13.0,6.0,-0.0273333333333333,0.0034259259259259
2006,Italy,United States,0,1.0,17.0,-0.06855,-0.1558333333333333,25.0,1.0,-0.0693529411764705,-0.0975490196078431
2006,Portugal,Iran,1,4.0,13.0,-0.0612,-0.0643333333333333,26.0,1.0,0.0179999999999999,0.0546078431372549
2006,Brazil,Australia,1,5.0,12.0,0.2533529411764706,0.0062745098039215,16.0,4.0,0.204235294117647,0.2126470588235294
2006,France,South Korea,0,2.0,15.0,0.1229411764705882,-0.0619607843137255,17.0,4.0,0.0087058823529411,-0.014313725490196
2006,Japan,Croatia,0,29.0,1.0,-0.1511052631578947,-0.1997368421052631,22.0,2.0,0.1745333333333333,-0.002
2006,Saudi Arabia,Ukraine,-1,28.0,1.0,0.0213749999999999,0.1242708333333333,8.0,7.0,-0.0464705882352941,0.0719607843137254
2006,Spain,Tunisia,1,9.0,9.0,0.1432272727272727,0.0870454545454545,24.0,1.0,-0.1386,0.2457777777777778
2006,Togo,Switzerland,-1,30.0,0.0,-0.1146249999999999,-0.1089583333333333,10.0,8.0,-0.035,0.2286274509803921
2006,Costa Rica,Poland,-1,31.0,0.0,-0.0511764705882352,-0.0246078431372548,21.0,3.0,-0.0085333333333333,0.1332222222222222
2006,Germany,Ecuador,1,3.0,16.0,0.0405263157894736,-0.0501754385964912,12.0,6.0,-0.0911052631578947,0.0010526315789473
2006,Paraguay,Trinidad and Tobago,1,18.0,3.0,0.0387499999999999,0.1210416666666666,27.0,1.0,-0.2121875,-0.061875
2006,Sweden,England,0,14.0,5.0,0.2405625,0.1529166666666666,7.0,11.0,0.0596666666666666,0.0756481481481481
2006,Iran,Angola,0,26.0,1.0,0.0179999999999999,0.0546078431372549,23.0,2.0,-0.216875,0.0296875
2006,Ivory Coast,Serbia,1,19.0,3.0,0.1782631578947368,-0.2722807017543859,,,,
2006,Netherlands,Argentina,0,11.0,7.0,-0.0418333333333333,0.1574074074074074,6.0,11.0,-0.1374285714285714,-0.0937301587301587
2006,Portugal,Mexico,1,4.0,13.0,-0.0612,-0.0643333333333333,15.0,4.0,0.1291052631578947,-0.1100877192982456
2006,Croatia,Australia,0,22.0,2.0,0.1745333333333333,-0.002,16.0,4.0,0.204235294117647,0.2126470588235294
2006,Czech Republic,Italy,-1,20.0,3.0,0.036,0.1,1.0,17.0,-0.06855,-0.1558333333333333
2006,Ghana,United States,1,13.0,6.0,-0.0273333333333333,0.0034259259259259,25.0,1.0,-0.0693529411764705,-0.0975490196078431
2006,Japan,Brazil,-1,29.0,1.0,-0.1511052631578947,-0.1997368421052631,5.0,12.0,0.2533529411764706,0.0062745098039215
2006,Saudi Arabia,Spain,-1,28.0,1.0,0.0213749999999999,0.1242708333333333,9.0,9.0,0.1432272727272727,0.0870454545454545
2006,Switzerland,South Korea,1,10.0,8.0,-0.035,0.2286274509803921,17.0,4.0,0.0087058823529411,-0.014313725490196
2006,Togo,France,-1,30.0,0.0,-0.1146249999999999,-0.1089583333333333,2.0,15.0,0.1229411764705882,-0.0619607843137255
2006,Ukraine,Tunisia,1,8.0,7.0,-0.0464705882352941,0.0719607843137254,24.0,1.0,-0.1386,0.2457777777777778
2006,Argentina,Mexico,1,6.0,11.0,-0.1374285714285714,-0.0937301587301587,15.0,4.0,0.1291052631578947,-0.1100877192982456
2006,Germany,Sweden,1,3.0,16.0,0.0405263157894736,-0.0501754385964912,14.0,5.0,0.2405625,0.1529166666666666
2006,England,Ecuador,1,7.0,11.0,0.0596666666666666,0.0756481481481481,12.0,6.0,-0.0911052631578947,0.0010526315789473
2006,Portugal,Netherlands,1,4.0,13.0,-0.0612,-0.0643333333333333,11.0,7.0,-0.0418333333333333,0.1574074074074074
2006,Italy,Australia,1,1.0,17.0,-0.06855,-0.1558333333333333,16.0,4.0,0.204235294117647,0.2126470588235294
2006,Switzerland,Ukraine,0,10.0,8.0,-0.035,0.2286274509803921,8.0,7.0,-0.0464705882352941,0.0719607843137254
2006,Brazil,Ghana,1,5.0,12.0,0.2533529411764706,0.0062745098039215,13.0,6.0,-0.0273333333333333,0.0034259259259259
2006,Spain,France,-1,9.0,9.0,0.1432272727272727,0.0870454545454545,2.0,15.0,0.1229411764705882,-0.0619607843137255
2006,Germany,Argentina,0,3.0,16.0,0.0405263157894736,-0.0501754385964912,6.0,11.0,-0.1374285714285714,-0.0937301587301587
2006,Italy,Ukraine,1,1.0,17.0,-0.06855,-0.1558333333333333,8.0,7.0,-0.0464705882352941,0.0719607843137254
2006,Brazil,France,-1,5.0,12.0,0.2533529411764706,0.0062745098039215,2.0,15.0,0.1229411764705882,-0.0619607843137255
2006,England,Portugal,0,7.0,11.0,0.0596666666666666,0.0756481481481481,4.0,13.0,-0.0612,-0.0643333333333333
2006,Germany,Italy,-1,3.0,16.0,0.0405263157894736,-0.0501754385964912,1.0,17.0,-0.06855,-0.1558333333333333
2006,Portugal,France,-1,4.0,13.0,-0.0612,-0.0643333333333333,2.0,15.0,0.1229411764705882,-0.0619607843137255
2006,Germany,Portugal,1,3.0,16.0,0.0405263157894736,-0.0501754385964912,4.0,13.0,-0.0612,-0.0643333333333333
2006,Italy,France,0,1.0,17.0,-0.06855,-0.1558333333333333,2.0,15.0,0.1229411764705882,-0.0619607843137255
2006,Monaco,Ambazonia,1,,,,,,,,
2006,Occitania,Sápmi,-1,,,,,,,,
2006,Sápmi,Ambazonia,1,,,,,,,,
2006,Occitania,Monaco,-1,,,,,,,,
2006,Occitania,Ambazonia,1,,,,,,,,
2006,Sápmi,Monaco,1,,,,,,,,
2006,Occitania,Ambazonia,1,,,,,,,,
2006,Sápmi,Monaco,1,,,,,,,,
2007,Bangladesh,Tajikistan,0,,,,,,,,
2007,Lebanon,India,1,,,,,,,,
2007,Oman,Nepal,1,,,,,,,,
2007,Palestine,Singapore,-1,,,,,,,,
2007,Syria,Afghanistan,1,,,,,,,,
2007,Thailand,Macau,1,,,,,,,,
2007,Vietnam,United Arab Emirates,-1,,,,,,,,
2007,Yemen,Maldives,1,,,,,,,,
2007,Cambodia,Turkmenistan,-1,,,,,,,,
2007,Argentina,Chile,1,,,,,,,,
2007,Ecuador,Venezuela,-1,,,,,,,,
2007,Peru,Paraguay,0,,,,,,,,
2007,Uruguay,Bolivia,1,,,,,,,,
2007,Uzbekistan,Taiwan,1,,,,,,,,
2007,Colombia,Brazil,0,,,,,,,,
2007,Madagascar,Comoros,1,,,,,,,,
2007,Macau,Thailand,-1,,,,,,,,
2007,Venezuela,Argentina,-1,,,,,,,,
2007,Bolivia,Colombia,0,,,,,,,,
2007,Brazil,Ecuador,1,,,,,,,,
2007,Chile,Peru,1,,,,,,,,
2007,Paraguay,Uruguay,1,,,,,,,,
2007,Sierra Leone,Guinea-Bissau,1,,,,,,,,
2007,Kyrgyzstan,Jordan,1,,,,,,,,
2007,Bahrain,Malaysia,1,,,,,,,,
2007,China PR,Myanmar,1,,,,,,,,
2007,Timor-Leste,Hong Kong,-1,,,,,,,,
2007,Mongolia,North Korea,-1,,,,,,,,
2007,Sri Lanka,Qatar,-1,,,,,,,,
2007,Pakistan,Iraq,-1,,,,,,,,
2007,Afghanistan,Syria,-1,,,,,,,,
2007,Myanmar,China PR,-1,,,,,,,,
2007,Hong Kong,Timor-Leste,1,,,,,,,,
2007,Iraq,Pakistan,0,,,,,,,,
2007,Jordan,Kyrgyzstan,1,,,,,,,,
2007,North Korea,Mongolia,1,,,,,,,,
2007,Malaysia,Bahrain,0,,,,,,,,
2007,Maldives,Yemen,1,,,,,,,,
2007,Nepal,Oman,-1,,,,,,,,
2007,Qatar,Sri Lanka,1,,,,,,,,
2007,Tajikistan,Bangladesh,1,,,,,,,,
2007,Turkmenistan,Cambodia,1,,,,,,,,
2007,United Arab Emirates,Vietnam,1,,,,,,,,
2007,Taiwan,Uzbekistan,-1,,,,,,,,
2007,India,Lebanon,0,,,,,,,,
2007,Indonesia,Syria,-1,,,,,,,,
2007,Singapore,Tajikistan,1,,,,,,,,
2007,Yemen,Thailand,0,,,,,,,,
2007,Hong Kong,Turkmenistan,0,,,,,,,,
2007,Djibouti,Somalia,1,,,,,,,,
2007,Argentina,Bolivia,1,,,,,,,,
2007,Colombia,Venezuela,1,,,,,,,,
2007,Comoros,Madagascar,-1,,,,,,,,
2007,Guinea-Bissau,Sierra Leone,0,,,,,,,,
2007,Paraguay,Ecuador,1,,,,,,,,
2007,Peru,Brazil,0,,,,,,,,
2007,Syria,Indonesia,1,,,,,,,,
2007,Tajikistan,Singapore,0,,,,,,,,
2007,Thailand,Yemen,1,,,,,,,,
2007,Turkmenistan,Hong Kong,1,,,,,,,,
2007,Uruguay,Chile,0,,,,,,,,
2007,Colombia,Argentina,1,,,,,,,,
2007,Venezuela,Bolivia,1,,,,,,,,
2007,Brazil,Uruguay,1,,,,,,,,
2007,Chile,Paraguay,-1,,,,,,,,
2007,Ecuador,Peru,1,,,,,,,,
2008,Bermuda,Cayman Islands,0,,,,,,,,
2008,Aruba,Antigua and Barbuda,-1,,,,,,,,
2008,Australia,Qatar,1,,,,,,,,
2008,Belize,Saint Kitts and Nevis,1,,,,,,,,
2008,Dominica,Barbados,0,,,,,,,,
2008,El Salvador,Anguilla,1,,,,,,,,
2008,Iran,Syria,0,,,,,,,,
2008,Iraq,China PR,0,,,,,,,,
2008,Japan,Thailand,1,,,,,,,,
2008,Jordan,North Korea,-1,,,,,,,,
2008,South Korea,Turkmenistan,1,,,,,,,,
2008,Lebanon,Uzbekistan,-1,,,,,,,,
2008,Nicaragua,Curaçao,-1,,,,,,,,
2008,Oman,Bahrain,-1,,,,,,,,
2008,Saudi Arabia,Singapore,1,,,,,,,,
2008,Turks and Caicos Islands,Saint Lucia,1,,,,,,,,
2008,United Arab Emirates,Kuwait,1,,,,,,,,
2008,Anguilla,El Salvador,-1,,,,,,,,
2008,Antigua and Barbuda,Aruba,1,,,,,,,,
2008,Bahamas,British Virgin Islands,0,,,,,,,,
2008,Bahrain,Japan,1,,,,,,,,
2008,Barbados,Dominica,1,,,,,,,,
2008,China PR,Australia,0,,,,,,,,
2008,Curaçao,Nicaragua,1,,,,,,,,
2008,Grenada,United States Virgin Islands,1,,,,,,,,
2008,North Korea,South Korea,0,,,,,,,,
2008,Kuwait,Iran,0,,,,,,,,
2008,Montserrat,Suriname,-1,,,,,,,,
2008,Puerto Rico,Dominican Republic,1,,,,,,,,
2008,Qatar,Iraq,1,,,,,,,,
2008,Singapore,Lebanon,1,,,,,,,,
2008,Saint Kitts and Nevis,Belize,0,,,,,,,,
2008,Saint Lucia,Turks and Caicos Islands,1,,,,,,,,
2008,Syria,United Arab Emirates,0,,,,,,,,
2008,Thailand,Oman,-1,,,,,,,,
2008,Turkmenistan,Jordan,-1,,,,,,,,
2008,Uzbekistan,Saudi Arabia,1,,,,,,,,
2008,Bahamas,British Virgin Islands,0,,,,,,,,
2008,Cayman Islands,Bermuda,-1,,,,,,,,
2008,Botswana,Madagascar,0,,,,,,,,
2008,Cameroon,Cape Verde,1,,,,,,,,
2008,South Korea,Jordan,0,,,,,,,,
2008,Malawi,Djibouti,1,,,,,,,,
2008,Namibia,Kenya,1,,,,,,,,
2008,Rwanda,Mauritania,1,,,,,,,,
2008,Senegal,Algeria,1,,,,,,,,
2008,Tanzania,Mauritius,0,,,,,,,,
2008,Togo,Zambia,1,,,,,,,,
2008,Uganda,Niger,1,,,,,,,,
2008,Angola,Benin,1,,,,,,,,
2008,Australia,Iraq,1,,,,,,,,
2008,Burundi,Seychelles,1,,,,,,,,
2008,Egypt,DR Congo,1,,,,,,,,
2008,Equatorial Guinea,Sierra Leone,1,,,,,,,,
2008,Ghana,Libya,1,,,,,,,,
2008,Guinea,Zimbabwe,0,,,,,,,,
2008,Ivory Coast,Mozambique,1,,,,,,,,
2008,Liberia,Gambia,0,,,,,,,,
2008,Mali,Congo,1,,,,,,,,
2008,Nigeria,South Africa,1,,,,,,,,
2008,Tunisia,Burkina Faso,-1,,,,,,,,
2008,Iran,United Arab Emirates,0,,,,,,,,
2008,Japan,Oman,1,,,,,,,,
2008,Qatar,China PR,0,,,,,,,,
2008,Saudi Arabia,Lebanon,1,,,,,,,,
2008,Singapore,Uzbekistan,-1,,,,,,,,
2008,Syria,Kuwait,1,,,,,,,,
2008,Thailand,Bahrain,-1,,,,,,,,
2008,Turkmenistan,North Korea,0,,,,,,,,
2008,Honduras,Puerto Rico,1,,,,,,,,
2008,Algeria,Liberia,1,,,,,,,,
2008,Djibouti,Egypt,-1,,,,,,,,
2008,Bahrain,Thailand,0,,,,,,,,
2008,Burkina Faso,Burundi,1,,,,,,,,
2008,Cape Verde,Tanzania,1,,,,,,,,
2008,Chad,Mali,-1,,,,,,,,
2008,China PR,Qatar,-1,,,,,,,,
2008,Iraq,Australia,1,,,,,,,,
2008,Jordan,South Korea,-1,,,,,,,,
2008,Kenya,Guinea,1,,,,,,,,
2008,North Korea,Turkmenistan,1,,,,,,,,
2008,Libya,Gabon,1,,,,,,,,
2008,Mauritania,Morocco,-1,,,,,,,,
2008,Oman,Japan,0,,,,,,,,
2008,Saudi Arabia,Lebanon,1,,,,,,,,
2008,Seychelles,Tunisia,-1,,,,,,,,
2008,Sierra Leone,Nigeria,-1,,,,,,,,
2008,United Arab Emirates,Iran,-1,,,,,,,,
2008,Uzbekistan,Singapore,1,,,,,,,,
2008,South Africa,Equatorial Guinea,1,,,,,,,,
2008,Benin,Uganda,1,,,,,,,,
2008,Congo,Sudan,1,,,,,,,,
2008,DR Congo,Malawi,1,,,,,,,,
2008,Gambia,Senegal,0,,,,,,,,
2008,Kuwait,Syria,1,,,,,,,,
2008,Lesotho,Ghana,-1,,,,,,,,
2008,Madagascar,Ivory Coast,0,,,,,,,,
2008,Mauritius,Cameroon,-1,,,,,,,,
2008,Mozambique,Botswana,-1,,,,,,,,
2008,Niger,Angola,-1,,,,,,,,
2008,Eswatini,Togo,1,,,,,,,,
2008,Zimbabwe,Namibia,1,,,,,,,,
2008,Djibouti,DR Congo,-1,,,,,,,,
2008,Bahrain,Oman,0,,,,,,,,
2008,Botswana,Ivory Coast,0,,,,,,,,
2008,Chad,Congo,1,,,,,,,,
2008,China PR,Iraq,-1,,,,,,,,
2008,Gabon,Ghana,1,,,,,,,,
2008,Gambia,Algeria,1,,,,,,,,
2008,Grenada,Costa Rica,0,,,,,,,,
2008,Guatemala,Saint Lucia,1,,,,,,,,
2008,Kenya,Zimbabwe,1,,,,,,,,
2008,North Korea,Jordan,1,,,,,,,,
2008,Kuwait,United Arab Emirates,-1,,,,,,,,
2008,Malawi,Egypt,1,,,,,,,,
2008,Namibia,Guinea,-1,,,,,,,,
2008,Niger,Benin,-1,,,,,,,,
2008,Peru,Colombia,0,,,,,,,,
2008,Puerto Rico,Honduras,0,,,,,,,,
2008,Qatar,Australia,-1,,,,,,,,
2008,Rwanda,Morocco,1,,,,,,,,
2008,Seychelles,Burkina Faso,-1,,,,,,,,
2008,Sierra Leone,South Africa,1,,,,,,,,
2008,Singapore,Saudi Arabia,-1,,,,,,,,
2008,Sudan,Mali,1,,,,,,,,
2008,Suriname,Guyana,1,,,,,,,,
2008,Syria,Iran,-1,,,,,,,,
2008,Tanzania,Cameroon,0,,,,,,,,
2008,Thailand,Japan,-1,,,,,,,,
2008,Turkmenistan,South Korea,-1,,,,,,,,
2008,Uganda,Angola,1,,,,,,,,
2008,Uruguay,Venezuela,0,,,,,,,,
2008,Uzbekistan,Lebanon,1,,,,,,,,
2008,Argentina,Ecuador,0,,,,,,,,
2008,Belize,Mexico,-1,,,,,,,,
2008,Bolivia,Chile,-1,,,,,,,,
2008,Burundi,Tunisia,-1,,,,,,,,
2008,Equatorial Guinea,Nigeria,-1,,,,,,,,
2008,Haiti,Curaçao,0,,,,,,,,
2008,Jamaica,Bahamas,1,,,,,,,,
2008,Lesotho,Libya,-1,,,,,,,,
2008,Liberia,Senegal,0,,,,,,,,
2008,Madagascar,Mozambique,0,,,,,,,,
2008,Mauritius,Cape Verde,-1,,,,,,,,
2008,Panama,El Salvador,1,,,,,,,,
2008,Paraguay,Brazil,1,,,,,,,,
2008,Eswatini,Zambia,0,,,,,,,,
2008,Trinidad and Tobago,Bermuda,-1,,,,,,,,
2008,United States,Barbados,1,,,,,,,,
2008,Saint Vincent and the Grenadines,Canada,-1,,,,,,,,
2008,Antigua and Barbuda,Cuba,-1,,,,,,,,
2008,Uruguay,Peru,1,,,,,,,,
2008,Bolivia,Paraguay,1,,,,,,,,
2008,Ecuador,Colombia,0,,,,,,,,
2008,Jamaica,Bahamas,1,,,,,,,,
2008,Brazil,Argentina,0,,,,,,,,
2008,Venezuela,Chile,-1,,,,,,,,
2008,Algeria,Gambia,1,,,,,,,,
2008,Canada,Saint Vincent and the Grenadines,1,,,,,,,,
2008,Libya,Lesotho,1,,,,,,,,
2008,Burkina Faso,Seychelles,1,,,,,,,,
2008,Cameroon,Tanzania,1,,,,,,,,
2008,Costa Rica,Grenada,1,,,,,,,,
2008,Mexico,Belize,1,,,,,,,,
2008,Morocco,Rwanda,1,,,,,,,,
2008,Nigeria,Equatorial Guinea,1,,,,,,,,
2008,Senegal,Liberia,1,,,,,,,,
2008,South Africa,Sierra Leone,0,,,,,,,,
2008,Saint Lucia,Guatemala,-1,,,,,,,,
2008,Tunisia,Burundi,1,,,,,,,,
2008,Zambia,Eswatini,1,,,,,,,,
2008,Australia,China PR,-1,,,,,,,,
2008,Barbados,United States,-1,,,,,,,,
2008,Benin,Niger,1,,,,,,,,
2008,Bermuda,Trinidad and Tobago,-1,,,,,,,,
2008,Cape Verde,Mauritius,1,,,,,,,,
2008,Congo,Chad,1,,,,,,,,
2008,DR Congo,Djibouti,1,,,,,,,,
2008,Cuba,Antigua and Barbuda,1,,,,,,,,
2008,Curaçao,Haiti,-1,,,,,,,,
2008,Egypt,Malawi,1,,,,,,,,
2008,El Salvador,Panama,1,,,,,,,,
2008,Ghana,Gabon,1,,,,,,,,
2008,Guinea,Namibia,1,,,,,,,,
2008,Guyana,Suriname,-1,,,,,,,,
2008,Iran,Kuwait,1,,,,,,,,
2008,Iraq,Qatar,-1,,,,,,,,
2008,Ivory Coast,Botswana,1,,,,,,,,
2008,Japan,Bahrain,1,,,,,,,,
2008,Jordan,Turkmenistan,1,,,,,,,,
2008,South Korea,North Korea,0,,,,,,,,
2008,Lebanon,Singapore,-1,,,,,,,,
2008,Mali,Sudan,1,,,,,,,,
2008,Mozambique,Madagascar,1,,,,,,,,
2008,Oman,Thailand,1,,,,,,,,
2008,Saudi Arabia,Uzbekistan,1,,,,,,,,
2008,United Arab Emirates,Syria,-1,,,,,,,,
2008,Zimbabwe,Kenya,0,,,,,,,,
2008,Angola,Uganda,0,,,,,,,,
2008,Gabon,Lesotho,1,,,,,,,,
2008,Sápmi,Iraqi Kurdistan,0,,,,,,,,
2008,Provence,Padania,-1,,,,,,,,
2008,Provence,Iraqi Kurdistan,-1,,,,,,,,
2008,Sápmi,Arameans Suryoye,-1,,,,,,,,
2008,Arameans Suryoye,Provence,1,,,,,,,,
2008,Padania,Iraqi Kurdistan,1,,,,,,,,
2008,Sápmi,Padania,-1,,,,,,,,
2008,Iraqi Kurdistan,Arameans Suryoye,0,,,,,,,,
2008,Padania,Arameans Suryoye,1,,,,,,,,
2008,Sápmi,Provence,1,,,,,,,,
2008,Sápmi,Iraqi Kurdistan,1,,,,,,,,
2008,Padania,Arameans Suryoye,1,,,,,,,,
2008,Canada,Jamaica,0,,,,,,,,
2008,Costa Rica,El Salvador,1,,,,,,,,
2008,Cuba,Trinidad and Tobago,-1,,,,,,,,
2008,Guatemala,United States,-1,,,,,,,,
2008,Haiti,Suriname,0,,,,,,,,
2008,Kazakhstan,Andorra,1,,,,,,,,
2008,Mexico,Honduras,1,,,,,,,,
2008,Algeria,Senegal,1,,,,,,,,
2008,Djibouti,Malawi,-1,,,,,,,,
2008,Libya,Ghana,1,,,,,,,,
2008,Albania,Sweden,0,,,,,,,,
2008,Andorra,England,-1,,,,,,,,
2008,Argentina,Paraguay,0,,,,,,,,
2008,Armenia,Turkey,-1,,,,,,,,
2008,Austria,France,1,,,,,,,,
2008,Bahrain,Japan,-1,,,,,,,,
2008,Belgium,Estonia,1,,,,,,,,
2008,Burkina Faso,Tunisia,0,,,,,,,,
2008,Cape Verde,Cameroon,-1,,,,,,,,
2008,Colombia,Uruguay,-1,,,,,,,,
2008,Croatia,Kazakhstan,1,,,,,,,,
2008,Cuba,United States,-1,,,,,,,,
2008,Cyprus,Italy,-1,,,,,,,,
2008,Ecuador,Bolivia,1,,,,,,,,
2008,Gambia,Liberia,1,,,,,,,,
2008,Georgia,Republic of Ireland,-1,,,,,,,,
2008,Hungary,Denmark,0,,,,,,,,
2008,Israel,Switzerland,0,,,,,,,,
2008,Kenya,Namibia,1,,,,,,,,
2008,Liechtenstein,Germany,-1,,,,,,,,
2008,Luxembourg,Greece,-1,,,,,,,,
2008,North Macedonia,Scotland,1,,,,,,,,
2008,Malta,Portugal,-1,,,,,,,,
2008,Mauritania,Rwanda,-1,,,,,,,,
2008,Mauritius,Tanzania,-1,,,,,,,,
2008,Moldova,Latvia,-1,,,,,,,,
2008,Montenegro,Bulgaria,0,,,,,,,,
2008,Norway,Iceland,0,,,,,,,,
2008,Peru,Venezuela,1,,,,,,,,
2008,Poland,Slovenia,0,,,,,,,,
2008,Qatar,Uzbekistan,1,,,,,,,,
2008,Romania,Lithuania,-1,,,,,,,,
2008,Saudi Arabia,Iran,0,,,,,,,,
2008,Serbia,Faroe Islands,1,,,,,,,,
2008,Seychelles,Burundi,-1,,,,,,,,
2008,Sierra Leone,Equatorial Guinea,1,,,,,,,,
2008,Slovakia,Northern Ireland,1,,,,,,,,
2008,South Africa,Nigeria,-1,,,,,,,,
2008,Spain,Bosnia and Herzegovina,1,,,,,,,,
2008,Sudan,Chad,-1,,,,,,,,
2008,Trinidad and Tobago,Guatemala,0,,,,,,,,
2008,Ukraine,Belarus,1,,,,,,,,
2008,United Arab Emirates,North Korea,-1,,,,,,,,
2008,Wales,Azerbaijan,1,,,,,,,,
2008,Canada,Honduras,-1,,,,,,,,
2008,Costa Rica,Suriname,1,,,,,,,,
2008,El Salvador,Haiti,1,,,,,,,,
2008,Mexico,Jamaica,1,,,,,,,,
2008,Benin,Angola,1,,,,,,,,
2008,Chile,Brazil,-1,,,,,,,,
2008,Congo,Mali,1,,,,,,,,
2008,DR Congo,Egypt,-1,,,,,,,,
2008,Lesotho,Gabon,-1,,,,,,,,
2008,Madagascar,Botswana,1,,,,,,,,
2008,Mozambique,Ivory Coast,0,,,,,,,,
2008,Niger,Uganda,1,,,,,,,,
2008,Zimbabwe,Guinea,0,,,,,,,,
2008,Paraguay,Venezuela,1,,,,,,,,
2008,Albania,Malta,1,,,,,,,,
2008,Andorra,Belarus,-1,,,,,,,,
2008,Azerbaijan,Liechtenstein,0,,,,,,,,
2008,Bosnia and Herzegovina,Estonia,1,,,,,,,,
2008,Brazil,Bolivia,0,,,,,,,,
2008,Chad,Sudan,-1,,,,,,,,
2008,Chile,Colombia,1,,,,,,,,
2008,Croatia,England,-1,,,,,,,,
2008,Faroe Islands,Romania,-1,,,,,,,,
2008,Finland,Germany,0,,,,,,,,
2008,France,Serbia,1,,,,,,,,
2008,Guatemala,Cuba,1,,,,,,,,
2008,Haiti,Costa Rica,-1,,,,,,,,
2008,Honduras,Jamaica,1,,,,,,,,
2008,Iceland,Scotland,-1,,,,,,,,
2008,Italy,Georgia,1,,,,,,,,
2008,Kazakhstan,Ukraine,-1,,,,,,,,
2008,North Korea,South Korea,0,,,,,,,,
2008,Latvia,Greece,-1,,,,,,,,
2008,Lithuania,Austria,1,,,,,,,,
2008,North Macedonia,Netherlands,-1,,,,,,,,
2008,Mexico,Canada,1,,,,,,,,
2008,Moldova,Israel,-1,,,,,,,,
2008,Montenegro,Republic of Ireland,0,,,,,,,,
2008,Northern Ireland,Czech Republic,0,,,,,,,,
2008,Peru,Argentina,0,,,,,,,,
2008,Portugal,Denmark,-1,,,,,,,,
2008,Qatar,Bahrain,0,,,,,,,,
2008,Russia,Wales,1,,,,,,,,
2008,San Marino,Poland,-1,,,,,,,,
2008,Slovenia,Slovakia,1,,,,,,,,
2008,Spain,Armenia,1,,,,,,,,
2008,Suriname,El Salvador,-1,,,,,,,,
2008,Sweden,Hungary,1,,,,,,,,
2008,Switzerland,Luxembourg,-1,,,,,,,,
2008,Turkey,Belgium,0,,,,,,,,
2008,United Arab Emirates,Saudi Arabia,-1,,,,,,,,
2008,Uruguay,Ecuador,0,,,,,,,,
2008,United States,Trinidad and Tobago,1,,,,,,,,
2008,Uzbekistan,Australia,-1,,,,,,,,
2008,Zambia,Togo,1,,,,,,,,
2008,Argentina,Uruguay,1,,,,,,,,
2008,Belgium,Armenia,1,,,,,,,,
2008,Bolivia,Peru,1,,,,,,,,
2008,Botswana,Mozambique,-1,,,,,,,,
2008,Bulgaria,Italy,0,,,,,,,,
2008,Cameroon,Mauritius,1,,,,,,,,
2008,Colombia,Paraguay,-1,,,,,,,,
2008,Denmark,Malta,1,,,,,,,,
2008,England,Kazakhstan,1,,,,,,,,
2008,Equatorial Guinea,South Africa,-1,,,,,,,,
2008,Estonia,Spain,-1,,,,,,,,
2008,Faroe Islands,Austria,0,,,,,,,,
2008,Finland,Azerbaijan,1,,,,,,,,
2008,Gabon,Libya,1,,,,,,,,
2008,Georgia,Cyprus,0,,,,,,,,
2008,Germany,Russia,1,,,,,,,,
2008,Ghana,Lesotho,1,,,,,,,,
2008,Greece,Moldova,1,,,,,,,,
2008,Guatemala,Trinidad and Tobago,0,,,,,,,,
2008,Haiti,El Salvador,0,,,,,,,,
2008,Honduras,Canada,1,,,,,,,,
2008,Hungary,Albania,1,,,,,,,,
2008,Ivory Coast,Madagascar,1,,,,,,,,
2008,Jamaica,Mexico,1,,,,,,,,
2008,Liberia,Algeria,0,,,,,,,,
2008,Luxembourg,Israel,-1,,,,,,,,
2008,Malawi,DR Congo,1,,,,,,,,
2008,Mali,Chad,1,,,,,,,,
2008,Morocco,Mauritania,1,,,,,,,,
2008,Namibia,Zimbabwe,1,,,,,,,,
2008,Netherlands,Iceland,1,,,,,,,,
2008,Nigeria,Sierra Leone,1,,,,,,,,
2008,Poland,Czech Republic,1,,,,,,,,
2008,Romania,France,0,,,,,,,,
2008,San Marino,Slovakia,-1,,,,,,,,
2008,Scotland,Norway,0,,,,,,,,
2008,Senegal,Gambia,0,,,,,,,,
2008,Serbia,Lithuania,1,,,,,,,,
2008,Slovenia,Northern Ireland,1,,,,,,,,
2008,Sudan,Congo,1,,,,,,,,
2008,Suriname,Costa Rica,-1,,,,,,,,
2008,Sweden,Portugal,0,,,,,,,,
2008,Switzerland,Latvia,1,,,,,,,,
2008,Tanzania,Cape Verde,1,,,,,,,,
2008,Togo,Eswatini,1,,,,,,,,
2008,Tunisia,Seychelles,1,,,,,,,,
2008,Turkey,Bosnia and Herzegovina,1,,,,,,,,
2008,Ukraine,Croatia,0,,,,,,,,
2008,United States,Cuba,1,,,,,,,,
2008,Wales,Liechtenstein,1,,,,,,,,
2008,Angola,Niger,1,,,,,,,,
2008,Burundi,Burkina Faso,-1,,,,,,,,
2008,Ecuador,Chile,1,,,,,,,,
2008,Egypt,Djibouti,1,,,,,,,,
2008,Guinea,Kenya,1,,,,,,,,
2008,Uganda,Benin,1,,,,,,,,
2008,Venezuela,Brazil,-1,,,,,,,,
2008,Bolivia,Uruguay,0,,,,,,,,
2008,Australia,Qatar,1,,,,,,,,
2008,Austria,Serbia,-1,,,,,,,,
2008,Belarus,England,-1,,,,,,,,
2008,Belgium,Spain,-1,,,,,,,,
2008,Bosnia and Herzegovina,Armenia,1,,,,,,,,
2008,Brazil,Colombia,0,,,,,,,,
2008,Canada,Mexico,0,,,,,,,,
2008,Chile,Argentina,1,,,,,,,,
2008,Costa Rica,Haiti,1,,,,,,,,
2008,Croatia,Andorra,1,,,,,,,,
2008,Cuba,Guatemala,1,,,,,,,,
2008,Czech Republic,Slovenia,1,,,,,,,,
2008,El Salvador,Suriname,1,,,,,,,,
2008,Estonia,Turkey,0,,,,,,,,
2008,Georgia,Bulgaria,0,,,,,,,,
2008,Germany,Wales,1,,,,,,,,
2008,Greece,Switzerland,-1,,,,,,,,
2008,Iceland,North Macedonia,1,,,,,,,,
2008,Iran,North Korea,1,,,,,,,,
2008,Republic of Ireland,Cyprus,1,,,,,,,,
2008,Italy,Montenegro,1,,,,,,,,
2008,Jamaica,Honduras,1,,,,,,,,
2008,Japan,Uzbekistan,0,,,,,,,,
2008,South Korea,United Arab Emirates,1,,,,,,,,
2008,Latvia,Israel,0,,,,,,,,
2008,Lithuania,Faroe Islands,1,,,,,,,,
2008,Luxembourg,Moldova,0,,,,,,,,
2008,Malta,Hungary,-1,,,,,,,,
2008,Northern Ireland,San Marino,1,,,,,,,,
2008,Norway,Netherlands,-1,,,,,,,,
2008,Paraguay,Peru,1,,,,,,,,
2008,Portugal,Albania,0,,,,,,,,
2008,Russia,Finland,1,,,,,,,,
2008,Slovakia,Poland,1,,,,,,,,
2008,Trinidad and Tobago,United States,1,,,,,,,,
2008,Venezuela,Ecuador,1,,,,,,,,
2008,Bahrain,Australia,-1,,,,,,,,
2008,El Salvador,Costa Rica,-1,,,,,,,,
2008,Honduras,Mexico,1,,,,,,,,
2008,Jamaica,Canada,1,,,,,,,,
2008,Qatar,Japan,-1,,,,,,,,
2008,San Marino,Czech Republic,-1,,,,,,,,
2008,Saudi Arabia,South Korea,-1,,,,,,,,
2008,Suriname,Haiti,0,,,,,,,,
2008,Trinidad and Tobago,Cuba,1,,,,,,,,
2008,United Arab Emirates,Iran,0,,,,,,,,
2008,United States,Guatemala,1,,,,,,,,
2009,Costa Rica,Honduras,1,,,,,,,,
2009,El Salvador,Trinidad and Tobago,0,,,,,,,,
2009,Iran,South Korea,0,,,,,,,,
2009,Republic of Ireland,Georgia,1,,,,,,,,
2009,Japan,Australia,0,,,,,,,,
2009,North Korea,Saudi Arabia,1,,,,,,,,
2009,Malta,Albania,0,,,,,,,,
2009,San Marino,Northern Ireland,-1,,,,,,,,
2009,United States,Mexico,1,,,,,,,,
2009,Uzbekistan,Bahrain,-1,,,,,,,,
2009,Albania,Hungary,-1,,,,,,,,
2009,Argentina,Venezuela,1,,,,,,,,
2009,Armenia,Estonia,0,,,,,,,,
2009,Belgium,Bosnia and Herzegovina,-1,,,,,,,,
2009,Burkina Faso,Guinea,1,,,,,,,,
2009,Colombia,Bolivia,1,,,,,,,,
2009,Cyprus,Georgia,1,,,,,,,,
2009,El Salvador,United States,0,,,,,,,,
2009,Germany,Liechtenstein,1,,,,,,,,
2009,Iran,Saudi Arabia,-1,,,,,,,,
2009,Republic of Ireland,Bulgaria,0,,,,,,,,
2009,Israel,Greece,0,,,,,,,,
2009,Japan,Bahrain,1,,,,,,,,
2009,Kenya,Tunisia,-1,,,,,,,,
2009,North Korea,United Arab Emirates,1,,,,,,,,
2009,Lithuania,France,-1,,,,,,,,
2009,Luxembourg,Latvia,-1,,,,,,,,
2009,Malta,Denmark,-1,,,,,,,,
2009,Mexico,Costa Rica,1,,,,,,,,
2009,Moldova,Switzerland,-1,,,,,,,,
2009,Montenegro,Italy,-1,,,,,,,,
2009,Morocco,Gabon,-1,,,,,,,,
2009,Netherlands,Scotland,1,,,,,,,,
2009,Northern Ireland,Poland,1,,,,,,,,
2009,Portugal,Sweden,0,,,,,,,,
2009,Romania,Serbia,-1,,,,,,,,
2009,Russia,Azerbaijan,1,,,,,,,,
2009,Rwanda,Algeria,0,,,,,,,,
2009,Slovenia,Czech Republic,0,,,,,,,,
2009,Spain,Turkey,1,,,,,,,,
2009,Sudan,Mali,0,,,,,,,,
2009,Togo,Cameroon,1,,,,,,,,
2009,Trinidad and Tobago,Honduras,0,,,,,,,,
2009,Uruguay,Paraguay,1,,,,,,,,
2009,Uzbekistan,Qatar,1,,,,,,,,
2009,Wales,Finland,-1,,,,,,,,
2009,Mozambique,Nigeria,0,,,,,,,,
2009,Ivory Coast,Malawi,1,,,,,,,,
2009,Ecuador,Brazil,0,,,,,,,,
2009,Peru,Chile,-1,,,,,,,,
2009,Egypt,Zambia,0,,,,,,,,
2009,Ghana,Benin,1,,,,,,,,
2009,Venezuela,Colombia,1,,,,,,,,
2009,Andorra,Croatia,-1,,,,,,,,
2009,Australia,Uzbekistan,1,,,,,,,,
2009,Austria,Romania,1,,,,,,,,
2009,Bahrain,Qatar,1,,,,,,,,
2009,Bosnia and Herzegovina,Belgium,1,,,,,,,,
2009,Bulgaria,Cyprus,1,,,,,,,,
2009,Costa Rica,El Salvador,1,,,,,,,,
2009,Czech Republic,Slovakia,-1,,,,,,,,
2009,Denmark,Albania,1,,,,,,,,
2009,England,Ukraine,1,,,,,,,,
2009,Estonia,Armenia,1,,,,,,,,
2009,France,Lithuania,1,,,,,,,,
2009,Georgia,Montenegro,0,,,,,,,,
2009,Greece,Israel,1,,,,,,,,
2009,Honduras,Mexico,1,,,,,,,,
2009,Hungary,Malta,1,,,,,,,,
2009,Italy,Republic of Ireland,0,,,,,,,,
2009,Kazakhstan,Belarus,-1,,,,,,,,
2009,South Korea,North Korea,1,,,,,,,,
2009,Latvia,Luxembourg,1,,,,,,,,
2009,Liechtenstein,Russia,-1,,,,,,,,
2009,Netherlands,North Macedonia,1,,,,,,,,
2009,Northern Ireland,Slovenia,1,,,,,,,,
2009,Poland,San Marino,1,,,,,,,,
2009,Saudi Arabia,United Arab Emirates,1,,,,,,,,
2009,Scotland,Iceland,1,,,,,,,,
2009,Switzerland,Moldova,1,,,,,,,,
2009,Turkey,Spain,-1,,,,,,,,
2009,United States,Trinidad and Tobago,1,,,,,,,,
2009,Wales,Germany,-1,,,,,,,,
2009,Bolivia,Argentina,1,,,,,,,,
2009,Ecuador,Paraguay,0,,,,,,,,
2009,Chile,Uruguay,0,,,,,,,,
2009,Brazil,Peru,1,,,,,,,,
2009,Costa Rica,United States,1,,,,,,,,
2009,Albania,Portugal,-1,,,,,,,,
2009,Argentina,Colombia,1,,,,,,,,
2009,Azerbaijan,Wales,-1,,,,,,,,
2009,Belarus,Andorra,1,,,,,,,,
2009,Bolivia,Venezuela,-1,,,,,,,,
2009,Bulgaria,Republic of Ireland,0,,,,,,,,
2009,Croatia,Ukraine,0,,,,,,,,
2009,Cyprus,Montenegro,0,,,,,,,,
2009,El Salvador,Mexico,1,,,,,,,,
2009,Finland,Liechtenstein,1,,,,,,,,
2009,Gabon,Togo,1,,,,,,,,
2009,Iceland,Netherlands,-1,,,,,,,,
2009,Kazakhstan,England,-1,,,,,,,,
2009,North Korea,Iran,0,,,,,,,,
2009,Lithuania,Romania,-1,,,,,,,,
2009,North Macedonia,Norway,0,,,,,,,,
2009,Malawi,Burkina Faso,-1,,,,,,,,
2009,Paraguay,Chile,-1,,,,,,,,
2009,Qatar,Australia,0,,,,,,,,
2009,Serbia,Austria,1,,,,,,,,
2009,Slovakia,San Marino,1,,,,,,,,
2009,Sweden,Denmark,-1,,,,,,,,
2009,Trinidad and Tobago,Costa Rica,-1,,,,,,,,
2009,Tunisia,Mozambique,1,,,,,,,,
2009,United Arab Emirates,South Korea,-1,,,,,,,,
2009,Uruguay,Brazil,-1,,,,,,,,
2009,United States,Honduras,1,,,,,,,,
2009,Uzbekistan,Japan,-1,,,,,,,,
2009,Zambia,Rwanda,1,,,,,,,,
2009,Cameroon,Morocco,0,,,,,,,,
2009,Guinea,Ivory Coast,-1,,,,,,,,
2009,Peru,Ecuador,-1,,,,,,,,
2009,Algeria,Egypt,1,,,,,,,,
2009,Benin,Sudan,1,,,,,,,,
2009,Mali,Ghana,-1,,,,,,,,
2009,Nigeria,Kenya,1,,,,,,,,
2009,Australia,Bahrain,1,,,,,,,,
2009,Brazil,Paraguay,1,,,,,,,,
2009,Chile,Bolivia,1,,,,,,,,
2009,Colombia,Peru,1,,,,,,,,
2009,Ecuador,Argentina,1,,,,,,,,
2009,England,Andorra,1,,,,,,,,
2009,Faroe Islands,Serbia,-1,,,,,,,,
2009,Finland,Russia,-1,,,,,,,,
2009,Honduras,El Salvador,1,,,,,,,,
2009,Iran,United Arab Emirates,1,,,,,,,,
2009,Japan,Qatar,0,,,,,,,,
2009,South Korea,Saudi Arabia,0,,,,,,,,
2009,North Macedonia,Iceland,1,,,,,,,,
2009,Mexico,Trinidad and Tobago,1,,,,,,,,
2009,Netherlands,Norway,1,,,,,,,,
2009,Sweden,Malta,1,,,,,,,,
2009,Ukraine,Kazakhstan,1,,,,,,,,
2009,Venezuela,Uruguay,0,,,,,,,,
2009,Australia,Japan,1,,,,,,,,
2009,Bahrain,Uzbekistan,1,,,,,,,,
2009,South Korea,Iran,0,,,,,,,,
2009,Saudi Arabia,North Korea,0,,,,,,,,
2009,Burkina Faso,Ivory Coast,-1,,,,,,,,
2009,Kenya,Mozambique,1,,,,,,,,
2009,Morocco,Togo,0,,,,,,,,
2009,Sudan,Ghana,-1,,,,,,,,
2009,Tunisia,Nigeria,0,,,,,,,,
2009,Zambia,Algeria,-1,,,,,,,,
2009,Guinea,Malawi,1,,,,,,,,
2009,Mali,Benin,1,,,,,,,,
2009,Padania,Occitania,1,,,,,,,,
2009,Provence,Gozo,1,,,,,,,,
2009,Occitania,Iraqi Kurdistan,-1,,,,,,,,
2009,Sápmi,Provence,-1,,,,,,,,
2009,Padania,Iraqi Kurdistan,1,,,,,,,,
2009,Sápmi,Gozo,1,,,,,,,,
2009,Provence,Iraqi Kurdistan,-1,,,,,,,,
2009,Padania,Sápmi,1,,,,,,,,
2009,Occitania,Gozo,1,,,,,,,,
2009,Provence,Sápmi,0,,,,,,,,
2009,Padania,Iraqi Kurdistan,1,,,,,,,,
2009,Egypt,Rwanda,1,,,,,,,,
2009,Azerbaijan,Germany,-1,,,,,,,,
2009,Belarus,Croatia,-1,,,,,,,,
2009,Faroe Islands,France,-1,,,,,,,,
2009,Honduras,Costa Rica,1,,,,,,,,
2009,Mexico,United States,1,,,,,,,,
2009,Norway,Scotland,1,,,,,,,,
2009,Slovenia,San Marino,1,,,,,,,,
2009,Trinidad and Tobago,El Salvador,1,,,,,,,,
2009,Argentina,Brazil,-1,,,,,,,,
2009,Armenia,Bosnia and Herzegovina,-1,,,,,,,,
2009,Austria,Faroe Islands,1,,,,,,,,
2009,Azerbaijan,Finland,-1,,,,,,,,
2009,Bahrain,Saudi Arabia,0,,,,,,,,
2009,Bulgaria,Montenegro,1,,,,,,,,
2009,Chile,Venezuela,0,,,,,,,,
2009,Colombia,Ecuador,1,,,,,,,,
2009,Costa Rica,Mexico,-1,,,,,,,,
2009,Croatia,Belarus,1,,,,,,,,
2009,Cyprus,Republic of Ireland,-1,,,,,,,,
2009,Denmark,Portugal,0,,,,,,,,
2009,France,Romania,0,,,,,,,,
2009,Gabon,Cameroon,-1,,,,,,,,
2009,Georgia,Italy,-1,,,,,,,,
2009,Honduras,Trinidad and Tobago,1,,,,,,,,
2009,Hungary,Sweden,-1,,,,,,,,
2009,Iceland,Norway,0,,,,,,,,
2009,Israel,Latvia,-1,,,,,,,,
2009,Ivory Coast,Burkina Faso,1,,,,,,,,
2009,Malawi,Guinea,1,,,,,,,,
2009,Moldova,Luxembourg,0,,,,,,,,
2009,Paraguay,Bolivia,1,,,,,,,,
2009,Peru,Uruguay,1,,,,,,,,
2009,Poland,Northern Ireland,0,,,,,,,,
2009,Russia,Liechtenstein,1,,,,,,,,
2009,Rwanda,Egypt,-1,,,,,,,,
2009,Scotland,North Macedonia,1,,,,,,,,
2009,Slovakia,Czech Republic,0,,,,,,,,
2009,Spain,Belgium,1,,,,,,,,
2009,Switzerland,Greece,1,,,,,,,,
2009,Turkey,Estonia,1,,,,,,,,
2009,Ukraine,Andorra,1,,,,,,,,
2009,United States,El Salvador,1,,,,,,,,
2009,Algeria,Zambia,1,,,,,,,,
2009,Benin,Mali,0,,,,,,,,
2009,Ghana,Sudan,1,,,,,,,,
2009,Mozambique,Kenya,1,,,,,,,,
2009,Nigeria,Tunisia,0,,,,,,,,
2009,Togo,Morocco,0,,,,,,,,
2009,Albania,Denmark,0,,,,,,,,
2009,Andorra,Kazakhstan,-1,,,,,,,,
2009,Armenia,Belgium,1,,,,,,,,
2009,Belarus,Ukraine,0,,,,,,,,
2009,Bolivia,Ecuador,-1,,,,,,,,
2009,Bosnia and Herzegovina,Turkey,0,,,,,,,,
2009,Cameroon,Gabon,1,,,,,,,,
2009,Czech Republic,San Marino,1,,,,,,,,
2009,El Salvador,Costa Rica,1,,,,,,,,
2009,England,Croatia,1,,,,,,,,
2009,Faroe Islands,Lithuania,1,,,,,,,,
2009,Germany,Azerbaijan,1,,,,,,,,
2009,Hungary,Portugal,-1,,,,,,,,
2009,Israel,Luxembourg,1,,,,,,,,
2009,Italy,Bulgaria,1,,,,,,,,
2009,Latvia,Switzerland,0,,,,,,,,
2009,Liechtenstein,Finland,0,,,,,,,,
2009,Malta,Sweden,-1,,,,,,,,
2009,Mexico,Honduras,1,,,,,,,,
2009,Moldova,Greece,0,,,,,,,,
2009,Montenegro,Cyprus,0,,,,,,,,
2009,Northern Ireland,Slovakia,-1,,,,,,,,
2009,Norway,North Macedonia,1,,,,,,,,
2009,Romania,Austria,0,,,,,,,,
2009,Saudi Arabia,Bahrain,0,,,,,,,,
2009,Scotland,Netherlands,-1,,,,,,,,
2009,Serbia,France,0,,,,,,,,
2009,Slovenia,Poland,1,,,,,,,,
2009,Spain,Estonia,1,,,,,,,,
2009,Trinidad and Tobago,United States,-1,,,,,,,,
2009,Wales,Russia,-1,,,,,,,,
2009,Uruguay,Colombia,1,,,,,,,,
2009,Paraguay,Argentina,1,,,,,,,,
2009,Brazil,Chile,1,,,,,,,,
2009,Venezuela,Peru,1,,,,,,,,
2009,Argentina,Peru,1,,,,,,,,
2009,Armenia,Spain,-1,,,,,,,,
2009,Austria,Lithuania,1,,,,,,,,
2009,Bahrain,New Zealand,0,,,,,,,,
2009,Belarus,Kazakhstan,1,,,,,,,,
2009,Belgium,Turkey,1,,,,,,,,
2009,Cameroon,Togo,1,,,,,,,,
2009,Colombia,Chile,-1,,,,,,,,
2009,Costa Rica,Trinidad and Tobago,1,,,,,,,,
2009,Cyprus,Bulgaria,1,,,,,,,,
2009,Czech Republic,Poland,1,,,,,,,,
2009,Denmark,Sweden,1,,,,,,,,
2009,Ecuador,Uruguay,-1,,,,,,,,
2009,Estonia,Bosnia and Herzegovina,-1,,,,,,,,
2009,Finland,Wales,1,,,,,,,,
2009,France,Faroe Islands,1,,,,,,,,
2009,Gabon,Morocco,1,,,,,,,,
2009,Greece,Latvia,1,,,,,,,,
2009,Honduras,United States,-1,,,,,,,,
2009,Republic of Ireland,Italy,0,,,,,,,,
2009,Israel,Moldova,1,,,,,,,,
2009,Liechtenstein,Azerbaijan,-1,,,,,,,,
2009,Luxembourg,Switzerland,-1,,,,,,,,
2009,Malawi,Ivory Coast,0,,,,,,,,
2009,Mexico,El Salvador,1,,,,,,,,
2009,Montenegro,Georgia,1,,,,,,,,
2009,Portugal,Hungary,1,,,,,,,,
2009,Russia,Germany,-1,,,,,,,,
2009,Serbia,Romania,1,,,,,,,,
2009,Slovakia,Slovenia,-1,,,,,,,,
2009,Ukraine,England,1,,,,,,,,
2009,Venezuela,Paraguay,-1,,,,,,,,
2009,Zambia,Egypt,-1,,,,,,,,
2009,Algeria,Rwanda,1,,,,,,,,
2009,Benin,Ghana,1,,,,,,,,
2009,Guinea,Burkina Faso,-1,,,,,,,,
2009,Mali,Sudan,1,,,,,,,,
2009,Nigeria,Mozambique,1,,,,,,,,
2009,Bolivia,Brazil,1,,,,,,,,
2009,Tunisia,Kenya,1,,,,,,,,
2009,Andorra,Ukraine,-1,,,,,,,,
2009,Azerbaijan,Russia,0,,,,,,,,
2009,Bosnia and Herzegovina,Spain,-1,,,,,,,,
2009,Brazil,Venezuela,0,,,,,,,,
2009,Bulgaria,Georgia,1,,,,,,,,
2009,Chile,Ecuador,1,,,,,,,,
2009,Czech Republic,Northern Ireland,0,,,,,,,,
2009,Denmark,Hungary,-1,,,,,,,,
2009,El Salvador,Honduras,-1,,,,,,,,
2009,England,Belarus,1,,,,,,,,
2009,Estonia,Belgium,1,,,,,,,,
2009,France,Austria,1,,,,,,,,
2009,Germany,Finland,0,,,,,,,,
2009,Greece,Luxembourg,1,,,,,,,,
2009,Republic of Ireland,Montenegro,0,,,,,,,,
2009,Italy,Cyprus,1,,,,,,,,
2009,Kazakhstan,Croatia,-1,,,,,,,,
2009,Latvia,Moldova,1,,,,,,,,
2009,Liechtenstein,Wales,-1,,,,,,,,
2009,Lithuania,Serbia,1,,,,,,,,
2009,Paraguay,Colombia,-1,,,,,,,,
2009,Peru,Bolivia,1,,,,,,,,
2009,Poland,Slovakia,-1,,,,,,,,
2009,Portugal,Malta,1,,,,,,,,
2009,Romania,Faroe Islands,1,,,,,,,,
2009,San Marino,Slovenia,-1,,,,,,,,
2009,Sweden,Albania,1,,,,,,,,
2009,Switzerland,Israel,0,,,,,,,,
2009,Trinidad and Tobago,Mexico,0,,,,,,,,
2009,Turkey,Armenia,1,,,,,,,,
2009,Uruguay,Argentina,-1,,,,,,,,
2009,United States,Costa Rica,0,,,,,,,,
2009,Burkina Faso,Malawi,1,,,,,,,,
2009,Costa Rica,Uruguay,-1,,,,,,,,
2009,Egypt,Algeria,1,,,,,,,,
2009,Greece,Ukraine,0,,,,,,,,
2009,Republic of Ireland,France,-1,,,,,,,,
2009,Ivory Coast,Guinea,1,,,,,,,,
2009,Kenya,Nigeria,-1,,,,,,,,
2009,Morocco,Cameroon,-1,,,,,,,,
2009,Mozambique,Tunisia,1,,,,,,,,
2009,New Zealand,Bahrain,1,,,,,,,,
2009,Portugal,Bosnia and Herzegovina,1,,,,,,,,
2009,Russia,Slovenia,1,,,,,,,,
2009,Rwanda,Zambia,0,,,,,,,,
2009,Sudan,Benin,-1,,,,,,,,
2009,Togo,Gabon,1,,,,,,,,
2009,Ghana,Mali,0,,,,,,,,
2009,Algeria,Egypt,1,,,,,,,,
2009,Bosnia and Herzegovina,Portugal,-1,,,,,,,,
2009,France,Republic of Ireland,0,,,,,,,,
2009,Slovenia,Russia,1,,,,,,,,
2009,Ukraine,Greece,-1,,,,,,,,
2009,Uruguay,Costa Rica,0,,,,,,,,
2010,Gozo,Padania,-1,,,,,,,,
2010,Iraqi Kurdistan,Two Sicilies,1,,,,,,,,
2010,Occitania,Padania,-1,,,,,,,,
2010,Provence,Two Sicilies,-1,,,,,,,,
2010,Gozo,Occitania,-1,,,,,,,,
2010,Iraqi Kurdistan,Provence,1,,,,,,,,
2010,Iraqi Kurdistan,Occitania,1,,,,,,,,
2010,Padania,Two Sicilies,1,,,,,,,,
2010,Gozo,Provence,1,,,,,,,,
2010,Occitania,Two Sicilies,1,,,,,,,,
2010,Iraqi Kurdistan,Padania,-1,,,,,,,,
2010,South Africa,Mexico,0,20.0,4.0,-0.1454444444444444,-0.0735185185185185,14.0,4.0,0.0673888888888888,0.0996296296296296
2010,Uruguay,France,0,4.0,11.0,-0.194157894736842,-0.070438596491228,29.0,1.0,-0.0167222222222222,0.0657407407407407
2010,Argentina,Nigeria,1,5.0,12.0,0.1179999999999999,0.0947368421052631,27.0,1.0,-0.1625555555555555,-0.1329629629629629
2010,England,United States,0,13.0,5.0,0.0456666666666666,0.129074074074074,12.0,5.0,0.0348823529411764,0.0176470588235294
2010,South Korea,Greece,1,15.0,4.0,0.1264666666666666,0.1034444444444444,25.0,3.0,-0.1612631578947368,-0.123859649122807
2010,Algeria,Slovenia,-1,28.0,1.0,-0.0341333333333333,0.142,18.0,4.0,0.0915384615384615,0.125
2010,Germany,Australia,1,3.0,15.0,0.0295499999999999,-0.0505833333333333,21.0,4.0,-0.0224705882352941,-0.1057843137254901
2010,Serbia,Ghana,-1,23.0,3.0,0.0743529411764705,-0.0420588235294117,7.0,8.0,-0.0027222222222222,-0.0056481481481481
2010,Italy,Paraguay,0,26.0,2.0,0.0403684210526315,0.0795614035087719,8.0,6.0,-0.155,-0.1350833333333333
2010,Japan,Cameroon,1,9.0,7.0,-0.0559999999999999,-0.0589285714285714,31.0,0.0,0.0427894736842105,-0.0653508771929824
2010,Netherlands,Denmark,1,2.0,18.0,0.0051764705882352,0.0501960784313725,24.0,3.0,-0.0806842105263157,-0.0597368421052631
2010,Brazil,North Korea,1,6.0,10.0,0.2300588235294117,0.1468627450980392,32.0,0.0,-0.0323846153846154,-0.1814102564102564
2010,Ivory Coast,Portugal,0,17.0,4.0,0.3841333333333333,0.0317777777777778,11.0,5.0,-0.1042105263157894,-0.152280701754386
2010,New Zealand,Slovakia,0,22.0,3.0,-0.1363076923076923,0.0484615384615383,16.0,4.0,-0.0903333333333333,-0.1211111111111111
2010,Honduras,Chile,-1,30.0,1.0,-0.3327368421052631,-0.1863157894736841,10.0,6.0,0.059,0.0699122807017544
2010,South Africa,Uruguay,-1,20.0,4.0,-0.1454444444444444,-0.0735185185185185,4.0,11.0,-0.194157894736842,-0.070438596491228
2010,Spain,Switzerland,-1,1.0,18.0,0.5158750000000001,0.3532291666666667,19.0,4.0,0.0252142857142857,0.1369047619047619
2010,Argentina,South Korea,1,5.0,12.0,0.1179999999999999,0.0947368421052631,15.0,4.0,0.1264666666666666,0.1034444444444444
2010,France,Mexico,-1,29.0,1.0,-0.0167222222222222,0.0657407407407407,14.0,4.0,0.0673888888888888,0.0996296296296296
2010,Greece,Nigeria,1,25.0,3.0,-0.1612631578947368,-0.123859649122807,27.0,1.0,-0.1625555555555555,-0.1329629629629629
2010,England,Algeria,0,13.0,5.0,0.0456666666666666,0.129074074074074,28.0,1.0,-0.0341333333333333,0.142
2010,Germany,Serbia,-1,3.0,15.0,0.0295499999999999,-0.0505833333333333,23.0,3.0,0.0743529411764705,-0.0420588235294117
2010,Slovenia,United States,0,18.0,4.0,0.0915384615384615,0.125,12.0,5.0,0.0348823529411764,0.0176470588235294
2010,Cameroon,Denmark,-1,31.0,0.0,0.0427894736842105,-0.0653508771929824,24.0,3.0,-0.0806842105263157,-0.0597368421052631
2010,Ghana,Australia,0,7.0,8.0,-0.0027222222222222,-0.0056481481481481,21.0,4.0,-0.0224705882352941,-0.1057843137254901
2010,Netherlands,Japan,1,2.0,18.0,0.0051764705882352,0.0501960784313725,9.0,7.0,-0.0559999999999999,-0.0589285714285714
2010,Brazil,Ivory Coast,1,6.0,10.0,0.2300588235294117,0.1468627450980392,17.0,4.0,0.3841333333333333,0.0317777777777778
2010,Italy,New Zealand,0,26.0,2.0,0.0403684210526315,0.0795614035087719,22.0,3.0,-0.1363076923076923,0.0484615384615383
2010,Slovakia,Paraguay,-1,16.0,4.0,-0.0903333333333333,-0.1211111111111111,8.0,6.0,-0.155,-0.1350833333333333
2010,Chile,Switzerland,1,10.0,6.0,0.059,0.0699122807017544,19.0,4.0,0.0252142857142857,0.1369047619047619
2010,Portugal,North Korea,1,11.0,5.0,-0.1042105263157894,-0.152280701754386,32.0,0.0,-0.0323846153846154,-0.1814102564102564
2010,Spain,Honduras,1,1.0,18.0,0.5158750000000001,0.3532291666666667,30.0,1.0,-0.3327368421052631,-0.1863157894736841
2010,Greece,Argentina,-1,25.0,3.0,-0.1612631578947368,-0.123859649122807,5.0,12.0,0.1179999999999999,0.0947368421052631
2010,Mexico,Uruguay,-1,14.0,4.0,0.0673888888888888,0.0996296296296296,4.0,11.0,-0.194157894736842,-0.070438596491228
2010,Nigeria,South Korea,0,27.0,1.0,-0.1625555555555555,-0.1329629629629629,15.0,4.0,0.1264666666666666,0.1034444444444444
2010,South Africa,France,1,20.0,4.0,-0.1454444444444444,-0.0735185185185185,29.0,1.0,-0.0167222222222222,0.0657407407407407
2010,Australia,Serbia,1,21.0,4.0,-0.0224705882352941,-0.1057843137254901,23.0,3.0,0.0743529411764705,-0.0420588235294117
2010,Ghana,Germany,-1,7.0,8.0,-0.0027222222222222,-0.0056481481481481,3.0,15.0,0.0295499999999999,-0.0505833333333333
2010,Slovenia,England,-1,18.0,4.0,0.0915384615384615,0.125,13.0,5.0,0.0456666666666666,0.129074074074074
2010,United States,Algeria,1,12.0,5.0,0.0348823529411764,0.0176470588235294,28.0,1.0,-0.0341333333333333,0.142
2010,Cameroon,Netherlands,-1,31.0,0.0,0.0427894736842105,-0.0653508771929824,2.0,18.0,0.0051764705882352,0.0501960784313725
2010,Denmark,Japan,-1,24.0,3.0,-0.0806842105263157,-0.0597368421052631,9.0,7.0,-0.0559999999999999,-0.0589285714285714
2010,Paraguay,New Zealand,0,8.0,6.0,-0.155,-0.1350833333333333,22.0,3.0,-0.1363076923076923,0.0484615384615383
2010,Slovakia,Italy,1,16.0,4.0,-0.0903333333333333,-0.1211111111111111,26.0,2.0,0.0403684210526315,0.0795614035087719
2010,Chile,Spain,-1,10.0,6.0,0.059,0.0699122807017544,1.0,18.0,0.5158750000000001,0.3532291666666667
2010,North Korea,Ivory Coast,-1,32.0,0.0,-0.0323846153846154,-0.1814102564102564,17.0,4.0,0.3841333333333333,0.0317777777777778
2010,Portugal,Brazil,0,11.0,5.0,-0.1042105263157894,-0.152280701754386,6.0,10.0,0.2300588235294117,0.1468627450980392
2010,Switzerland,Honduras,0,19.0,4.0,0.0252142857142857,0.1369047619047619,30.0,1.0,-0.3327368421052631,-0.1863157894736841
2010,Uruguay,South Korea,1,4.0,11.0,-0.194157894736842,-0.070438596491228,15.0,4.0,0.1264666666666666,0.1034444444444444
2010,United States,Ghana,-1,12.0,5.0,0.0348823529411764,0.0176470588235294,7.0,8.0,-0.0027222222222222,-0.0056481481481481
2010,Argentina,Mexico,1,5.0,12.0,0.1179999999999999,0.0947368421052631,14.0,4.0,0.0673888888888888,0.0996296296296296
2010,Germany,England,1,3.0,15.0,0.0295499999999999,-0.0505833333333333,13.0,5.0,0.0456666666666666,0.129074074074074
2010,Brazil,Chile,1,6.0,10.0,0.2300588235294117,0.1468627450980392,10.0,6.0,0.059,0.0699122807017544
2010,Netherlands,Slovakia,1,2.0,18.0,0.0051764705882352,0.0501960784313725,16.0,4.0,-0.0903333333333333,-0.1211111111111111
2010,Paraguay,Japan,0,8.0,6.0,-0.155,-0.1350833333333333,9.0,7.0,-0.0559999999999999,-0.0589285714285714
2010,Spain,Portugal,1,1.0,18.0,0.5158750000000001,0.3532291666666667,11.0,5.0,-0.1042105263157894,-0.152280701754386
2010,Netherlands,Brazil,1,2.0,18.0,0.0051764705882352,0.0501960784313725,6.0,10.0,0.2300588235294117,0.1468627450980392
2010,Uruguay,Ghana,0,4.0,11.0,-0.194157894736842,-0.070438596491228,7.0,8.0,-0.0027222222222222,-0.0056481481481481
2010,Argentina,Germany,-1,5.0,12.0,0.1179999999999999,0.0947368421052631,3.0,15.0,0.0295499999999999,-0.0505833333333333
2010,Paraguay,Spain,-1,8.0,6.0,-0.155,-0.1350833333333333,1.0,18.0,0.5158750000000001,0.3532291666666667
2010,Uruguay,Netherlands,-1,4.0,11.0,-0.194157894736842,-0.070438596491228,2.0,18.0,0.0051764705882352,0.0501960784313725
2010,Germany,Spain,-1,3.0,15.0,0.0295499999999999,-0.0505833333333333,1.0,18.0,0.5158750000000001,0.3532291666666667
2010,Uruguay,Germany,-1,4.0,11.0,-0.194157894736842,-0.070438596491228,3.0,15.0,0.0295499999999999,-0.0505833333333333
2010,Netherlands,Spain,-1,2.0,18.0,0.0051764705882352,0.0501960784313725,1.0,18.0,0.5158750000000001,0.3532291666666667
2011,Montserrat,Belize,-1,,,,,,,,
2011,Afghanistan,Palestine,-1,,,,,,,,
2011,Bangladesh,Pakistan,1,,,,,,,,
2011,Cambodia,Laos,1,,,,,,,,
2011,Malaysia,Taiwan,1,,,,,,,,
2011,Mongolia,Myanmar,1,,,,,,,,
2011,Nepal,Timor-Leste,1,,,,,,,,
2011,Sri Lanka,Philippines,0,,,,,,,,
2011,Vietnam,Macau,1,,,,,,,,
2011,Nepal,Timor-Leste,1,,,,,,,,
2011,Turks and Caicos Islands,Bahamas,-1,,,,,,,,
2011,Myanmar,Mongolia,1,,,,,,,,
2011,Laos,Cambodia,1,,,,,,,,
2011,Macau,Vietnam,-1,,,,,,,,
2011,Pakistan,Bangladesh,0,,,,,,,,
2011,Palestine,Afghanistan,0,,,,,,,,
2011,Philippines,Sri Lanka,1,,,,,,,,
2011,United States Virgin Islands,British Virgin Islands,1,,,,,,,,
2011,Taiwan,Malaysia,1,,,,,,,,
2011,Aruba,Saint Lucia,1,,,,,,,,
2011,Dominican Republic,Anguilla,1,,,,,,,,
2011,Bahamas,Turks and Caicos Islands,1,,,,,,,,
2011,British Virgin Islands,United States Virgin Islands,-1,,,,,,,,
2011,Dominican Republic,Anguilla,1,,,,,,,,
2011,Saint Lucia,Aruba,1,,,,,,,,
2011,Belize,Montserrat,1,,,,,,,,
2011,China PR,Laos,1,,,,,,,,
2011,Iran,Maldives,1,,,,,,,,
2011,Iraq,Yemen,1,,,,,,,,
2011,Jordan,Nepal,1,,,,,,,,
2011,Kuwait,Philippines,1,,,,,,,,
2011,Lebanon,Bangladesh,1,,,,,,,,
2011,Oman,Myanmar,1,,,,,,,,
2011,Qatar,Vietnam,1,,,,,,,,
2011,Saudi Arabia,Hong Kong,1,,,,,,,,
2011,Singapore,Malaysia,1,,,,,,,,
2011,Syria,Tajikistan,-1,,,,,,,,
2011,Thailand,Palestine,1,,,,,,,,
2011,Turkmenistan,Indonesia,0,,,,,,,,
2011,United Arab Emirates,India,1,,,,,,,,
2011,Uzbekistan,Kyrgyzstan,1,,,,,,,,
2011,Bangladesh,Lebanon,1,,,,,,,,
2011,Myanmar,Oman,-1,,,,,,,,
2011,Hong Kong,Saudi Arabia,-1,,,,,,,,
2011,India,United Arab Emirates,0,,,,,,,,
2011,Indonesia,Turkmenistan,1,,,,,,,,
2011,Kyrgyzstan,Uzbekistan,-1,,,,,,,,
2011,Laos,China PR,-1,,,,,,,,
2011,Malaysia,Singapore,0,,,,,,,,
2011,Maldives,Iran,-1,,,,,,,,
2011,Nepal,Jordan,0,,,,,,,,
2011,Palestine,Thailand,0,,,,,,,,
2011,Philippines,Kuwait,-1,,,,,,,,
2011,Tajikistan,Syria,1,,,,,,,,
2011,Vietnam,Qatar,1,,,,,,,,
2011,Yemen,Iraq,0,,,,,,,,
2011,Antigua and Barbuda,Curaçao,1,,,,,,,,
2011,Australia,Thailand,1,,,,,,,,
2011,Bahrain,Qatar,0,,,,,,,,
2011,Canada,Saint Lucia,1,,,,,,,,
2011,China PR,Singapore,1,,,,,,,,
2011,Dominica,Nicaragua,-1,,,,,,,,
2011,El Salvador,Dominican Republic,1,,,,,,,,
2011,Grenada,Belize,-1,,,,,,,,
2011,Guyana,Barbados,1,,,,,,,,
2011,Haiti,United States Virgin Islands,1,,,,,,,,
2011,Iran,Indonesia,1,,,,,,,,
2011,Iraq,Jordan,-1,,,,,,,,
2011,Japan,North Korea,1,,,,,,,,
2011,South Korea,Lebanon,1,,,,,,,,
2011,Oman,Saudi Arabia,0,,,,,,,,
2011,Saint Kitts and Nevis,Puerto Rico,0,,,,,,,,
2011,Suriname,Cayman Islands,1,,,,,,,,
2011,Tajikistan,Uzbekistan,-1,,,,,,,,
2011,Trinidad and Tobago,Bermuda,1,,,,,,,,
2011,United Arab Emirates,Kuwait,-1,,,,,,,,
2011,Guatemala,Saint Vincent and the Grenadines,1,,,,,,,,
2011,Barbados,Trinidad and Tobago,-1,,,,,,,,
2011,Belize,Guatemala,-1,,,,,,,,
2011,Cayman Islands,El Salvador,-1,,,,,,,,
2011,Curaçao,Haiti,-1,,,,,,,,
2011,Dominican Republic,Suriname,0,,,,,,,,
2011,Guyana,Bermuda,1,,,,,,,,
2011,Indonesia,Bahrain,-1,,,,,,,,
2011,Jordan,China PR,1,,,,,,,,
2011,North Korea,Tajikistan,1,,,,,,,,
2011,Kuwait,South Korea,0,,,,,,,,
2011,Lebanon,United Arab Emirates,1,,,,,,,,
2011,Nicaragua,Panama,-1,,,,,,,,
2011,Puerto Rico,Canada,-1,,,,,,,,
2011,Qatar,Iran,0,,,,,,,,
2011,Saudi Arabia,Australia,-1,,,,,,,,
2011,Singapore,Iraq,-1,,,,,,,,
2011,Saint Lucia,Saint Kitts and Nevis,-1,,,,,,,,
2011,Thailand,Oman,1,,,,,,,,
2011,Uzbekistan,Japan,0,,,,,,,,
2011,United States Virgin Islands,Antigua and Barbuda,-1,,,,,,,,
2011,Saint Vincent and the Grenadines,Grenada,1,,,,,,,,
2011,Argentina,Chile,1,,,,,,,,
2011,Barbados,Guyana,-1,,,,,,,,
2011,Belize,Grenada,-1,,,,,,,,
2011,Bermuda,Trinidad and Tobago,1,,,,,,,,
2011,Cayman Islands,Suriname,-1,,,,,,,,
2011,Curaçao,Antigua and Barbuda,-1,,,,,,,,
2011,Dominica,Panama,-1,,,,,,,,
2011,Dominican Republic,El Salvador,-1,,,,,,,,
2011,Ecuador,Venezuela,1,,,,,,,,
2011,Peru,Paraguay,1,,,,,,,,
2011,Puerto Rico,Saint Kitts and Nevis,0,,,,,,,,
2011,Saint Lucia,Canada,-1,,,,,,,,
2011,Uruguay,Bolivia,1,,,,,,,,
2011,United States Virgin Islands,Haiti,-1,,,,,,,,
2011,Saint Vincent and the Grenadines,Guatemala,-1,,,,,,,,
2011,Antigua and Barbuda,United States Virgin Islands,1,,,,,,,,
2011,Australia,Oman,1,,,,,,,,
2011,Bermuda,Guyana,0,,,,,,,,
2011,Bolivia,Colombia,-1,,,,,,,,
2011,Canada,Puerto Rico,0,,,,,,,,
2011,Chile,Peru,1,,,,,,,,
2011,China PR,Iraq,-1,,,,,,,,
2011,El Salvador,Cayman Islands,1,,,,,,,,
2011,Guatemala,Belize,1,,,,,,,,
2011,Haiti,Curaçao,0,,,,,,,,
2011,Indonesia,Qatar,-1,,,,,,,,
2011,Iran,Bahrain,1,,,,,,,,
2011,Japan,Tajikistan,1,,,,,,,,
2011,North Korea,Uzbekistan,-1,,,,,,,,
2011,South Korea,United Arab Emirates,1,,,,,,,,
2011,Lebanon,Kuwait,0,,,,,,,,
2011,Panama,Nicaragua,1,,,,,,,,
2011,Paraguay,Uruguay,0,,,,,,,,
2011,Singapore,Jordan,-1,,,,,,,,
2011,Saint Kitts and Nevis,Saint Lucia,0,,,,,,,,
2011,Suriname,Dominican Republic,-1,,,,,,,,
2011,Thailand,Saudi Arabia,0,,,,,,,,
2011,Trinidad and Tobago,Barbados,1,,,,,,,,
2011,Venezuela,Argentina,1,,,,,,,,
2011,Grenada,Saint Vincent and the Grenadines,0,,,,,,,,
2011,Antigua and Barbuda,Haiti,1,,,,,,,,
2011,Argentina,Bolivia,0,,,,,,,,
2011,Bahrain,Iran,0,,,,,,,,
2011,Bermuda,Barbados,1,,,,,,,,
2011,Chad,Tanzania,-1,,,,,,,,
2011,Colombia,Venezuela,0,,,,,,,,
2011,Comoros,Mozambique,-1,,,,,,,,
2011,Djibouti,Namibia,-1,,,,,,,,
2011,Dominican Republic,Cayman Islands,1,,,,,,,,
2011,Equatorial Guinea,Madagascar,1,,,,,,,,
2011,Eritrea,Rwanda,0,,,,,,,,
2011,Guatemala,Grenada,1,,,,,,,,
2011,Guinea-Bissau,Togo,0,,,,,,,,
2011,Guyana,Trinidad and Tobago,1,,,,,,,,
2011,Iraq,China PR,1,,,,,,,,
2011,Jordan,Singapore,1,,,,,,,,
2011,Kuwait,Lebanon,-1,,,,,,,,
2011,Lesotho,Burundi,1,,,,,,,,
2011,Nicaragua,Dominica,1,,,,,,,,
2011,Oman,Australia,1,,,,,,,,
2011,Paraguay,Ecuador,1,,,,,,,,
2011,Puerto Rico,Saint Lucia,1,,,,,,,,
2011,Qatar,Indonesia,1,,,,,,,,
2011,São Tomé and Príncipe,Congo,-1,,,,,,,,
2011,Saudi Arabia,Thailand,1,,,,,,,,
2011,Seychelles,Kenya,-1,,,,,,,,
2011,Saint Kitts and Nevis,Canada,0,,,,,,,,
2011,Suriname,El Salvador,-1,,,,,,,,
2011,Eswatini,DR Congo,-1,,,,,,,,
2011,Tajikistan,Japan,-1,,,,,,,,
2011,United Arab Emirates,South Korea,-1,,,,,,,,
2011,Uruguay,Chile,1,,,,,,,,
2011,Uzbekistan,North Korea,1,,,,,,,,
2011,United States Virgin Islands,Curaçao,-1,,,,,,,,
2011,Belize,Saint Vincent and the Grenadines,0,,,,,,,,
2011,Somalia,Ethiopia,0,,,,,,,,
2011,Bermuda,Barbados,1,,,,,,,,
2011,Cayman Islands,Dominican Republic,0,,,,,,,,
2011,Puerto Rico,Saint Lucia,1,,,,,,,,
2011,Burundi,Lesotho,0,,,,,,,,
2011,Canada,Saint Kitts and Nevis,1,,,,,,,,
2011,Chile,Paraguay,1,,,,,,,,
2011,Colombia,Argentina,-1,,,,,,,,
2011,Congo,São Tomé and Príncipe,0,,,,,,,,
2011,DR Congo,Eswatini,1,,,,,,,,
2011,Curaçao,United States Virgin Islands,1,,,,,,,,
2011,Ecuador,Peru,1,,,,,,,,
2011,El Salvador,Suriname,1,,,,,,,,
2011,Grenada,Guatemala,-1,,,,,,,,
2011,Haiti,Antigua and Barbuda,1,,,,,,,,
2011,Indonesia,Iran,-1,,,,,,,,
2011,Jordan,Iraq,-1,,,,,,,,
2011,Kenya,Seychelles,1,,,,,,,,
2011,North Korea,Japan,1,,,,,,,,
2011,Kuwait,United Arab Emirates,1,,,,,,,,
2011,Lebanon,South Korea,1,,,,,,,,
2011,Madagascar,Equatorial Guinea,1,,,,,,,,
2011,Mozambique,Comoros,1,,,,,,,,
2011,Namibia,Djibouti,1,,,,,,,,
2011,Panama,Dominica,1,,,,,,,,
2011,Qatar,Bahrain,0,,,,,,,,
2011,Rwanda,Eritrea,1,,,,,,,,
2011,Saudi Arabia,Oman,0,,,,,,,,
2011,Singapore,China PR,-1,,,,,,,,
2011,Tanzania,Chad,-1,,,,,,,,
2011,Thailand,Australia,-1,,,,,,,,
2011,Togo,Guinea-Bissau,1,,,,,,,,
2011,Trinidad and Tobago,Guyana,1,,,,,,,,
2011,Uzbekistan,Tajikistan,1,,,,,,,,
2011,Venezuela,Bolivia,1,,,,,,,,
2011,Saint Vincent and the Grenadines,Belize,-1,,,,,,,,
2011,Ethiopia,Somalia,1,,,,,,,,
2011,American Samoa,Tonga,1,,,,,,,,
2011,Samoa,Cook Islands,1,,,,,,,,
2011,American Samoa,Cook Islands,0,,,,,,,,
2011,Samoa,Tonga,0,,,,,,,,
2011,Samoa,American Samoa,1,,,,,,,,
2011,Tonga,Cook Islands,1,,,,,,,,
2012,Australia,Saudi Arabia,1,,,,,,,,
2012,Bahrain,Indonesia,1,,,,,,,,
2012,China PR,Jordan,1,,,,,,,,
2012,Iran,Qatar,0,,,,,,,,
2012,Iraq,Singapore,1,,,,,,,,
2012,Japan,Uzbekistan,-1,,,,,,,,
2012,South Korea,Kuwait,1,,,,,,,,
2012,Oman,Thailand,1,,,,,,,,
2012,Tajikistan,North Korea,0,,,,,,,,
2012,United Arab Emirates,Lebanon,1,,,,,,,,
2012,Egypt,Mozambique,1,,,,,,,,
2012,Ghana,Lesotho,1,,,,,,,,
2012,Algeria,Rwanda,1,,,,,,,,
2012,Argentina,Ecuador,1,,,,,,,,
2012,Bolivia,Chile,-1,,,,,,,,
2012,Burkina Faso,Congo,-1,,,,,,,,
2012,Cameroon,DR Congo,1,,,,,,,,
2012,Central African Republic,Botswana,1,,,,,,,,
2012,Gambia,Morocco,0,,,,,,,,
2012,Ivory Coast,Tanzania,1,,,,,,,,
2012,Kenya,Malawi,0,,,,,,,,
2012,Senegal,Liberia,1,,,,,,,,
2012,Sierra Leone,Cape Verde,1,,,,,,,,
2012,Sudan,Zambia,-1,,,,,,,,
2012,Tunisia,Equatorial Guinea,1,,,,,,,,
2012,Uruguay,Venezuela,0,,,,,,,,
2012,Angola,Uganda,0,,,,,,,,
2012,Benin,Mali,1,,,,,,,,
2012,Japan,Oman,1,,,,,,,,
2012,Jordan,Iraq,0,,,,,,,,
2012,Lebanon,Qatar,-1,,,,,,,,
2012,Niger,Gabon,1,,,,,,,,
2012,Nigeria,Namibia,1,,,,,,,,
2012,Peru,Colombia,-1,,,,,,,,
2012,South Africa,Ethiopia,0,,,,,,,,
2012,Togo,Libya,0,,,,,,,,
2012,Uzbekistan,Iran,-1,,,,,,,,
2012,Zimbabwe,Guinea,-1,,,,,,,,
2012,Iraqi Kurdistan,Western Sahara,1,,,,,,,,
2012,Zanzibar,Raetia,1,,,,,,,,
2012,Northern Cyprus,Darfur,1,,,,,,,,
2012,Western Sahara,Occitania,-1,,,,,,,,
2012,Raetia,Tamil Eelam,1,,,,,,,,
2012,Darfur,Provence,-1,,,,,,,,
2012,Iraqi Kurdistan,Occitania,1,,,,,,,,
2012,Tamil Eelam,Zanzibar,-1,,,,,,,,
2012,Provence,Northern Cyprus,1,,,,,,,,
2012,Western Sahara,Darfur,1,,,,,,,,
2012,Occitania,Tamil Eelam,1,,,,,,,,
2012,Costa Rica,El Salvador,0,,,,,,,,
2012,Cuba,Canada,-1,,,,,,,,
2012,Honduras,Panama,-1,,,,,,,,
2012,Jamaica,Guatemala,1,,,,,,,,
2012,Japan,Jordan,1,,,,,,,,
2012,Lebanon,Uzbekistan,0,,,,,,,,
2012,Mexico,Guyana,1,,,,,,,,
2012,Oman,Australia,0,,,,,,,,
2012,Qatar,South Korea,-1,,,,,,,,
2012,United States,Antigua and Barbuda,1,,,,,,,,
2012,Western Sahara,Raetia,1,,,,,,,,
2012,Iraqi Kurdistan,Provence,1,,,,,,,,
2012,Zanzibar,Northern Cyprus,-1,,,,,,,,
2012,Bolivia,Paraguay,1,,,,,,,,
2012,Botswana,South Africa,0,,,,,,,,
2012,Cape Verde,Tunisia,-1,,,,,,,,
2012,Congo,Niger,1,,,,,,,,
2012,Equatorial Guinea,Sierra Leone,0,,,,,,,,
2012,Gabon,Burkina Faso,1,,,,,,,,
2012,Malawi,Nigeria,0,,,,,,,,
2012,Morocco,Ivory Coast,0,,,,,,,,
2012,Namibia,Kenya,1,,,,,,,,
2012,Uganda,Senegal,0,,,,,,,,
2012,Venezuela,Chile,-1,,,,,,,,
2012,Zambia,Ghana,1,,,,,,,,
2012,Tamil Eelam,Raetia,1,,,,,,,,
2012,Occitania,Western Sahara,1,,,,,,,,
2012,Provence,Zanzibar,-1,,,,,,,,
2012,Iraqi Kurdistan,Northern Cyprus,1,,,,,,,,
2012,DR Congo,Togo,1,,,,,,,,
2012,Ecuador,Colombia,1,,,,,,,,
2012,Ethiopia,Central African Republic,1,,,,,,,,
2012,Guinea,Egypt,-1,,,,,,,,
2012,Lesotho,Sudan,0,,,,,,,,
2012,Liberia,Angola,0,,,,,,,,
2012,Libya,Cameroon,1,,,,,,,,
2012,Mali,Algeria,1,,,,,,,,
2012,Mozambique,Zimbabwe,0,,,,,,,,
2012,Rwanda,Benin,0,,,,,,,,
2012,Tanzania,Gambia,1,,,,,,,,
2012,Uruguay,Peru,1,,,,,,,,
2012,Antigua and Barbuda,Jamaica,0,,,,,,,,
2012,Australia,Japan,0,,,,,,,,
2012,Canada,Honduras,0,,,,,,,,
2012,El Salvador,Mexico,-1,,,,,,,,
2012,Guatemala,United States,0,,,,,,,,
2012,Guyana,Costa Rica,-1,,,,,,,,
2012,Iran,Qatar,0,,,,,,,,
2012,Iraq,Oman,0,,,,,,,,
2012,South Korea,Lebanon,1,,,,,,,,
2012,Panama,Cuba,1,,,,,,,,
2012,Albania,Cyprus,1,,,,,,,,
2012,Andorra,Hungary,-1,,,,,,,,
2012,Argentina,Paraguay,1,,,,,,,,
2012,Azerbaijan,Israel,0,,,,,,,,
2012,Bulgaria,Italy,0,,,,,,,,
2012,Canada,Panama,1,,,,,,,,
2012,Colombia,Uruguay,1,,,,,,,,
2012,Costa Rica,Mexico,-1,,,,,,,,
2012,Croatia,North Macedonia,1,,,,,,,,
2012,Cuba,Honduras,-1,,,,,,,,
2012,Ecuador,Bolivia,1,,,,,,,,
2012,El Salvador,Guyana,0,,,,,,,,
2012,Estonia,Romania,-1,,,,,,,,
2012,Finland,France,-1,,,,,,,,
2012,Georgia,Belarus,1,,,,,,,,
2012,Germany,Faroe Islands,1,,,,,,,,
2012,Guatemala,Antigua and Barbuda,1,,,,,,,,
2012,Iceland,Norway,1,,,,,,,,
2012,Jamaica,United States,1,,,,,,,,
2012,Kazakhstan,Republic of Ireland,-1,,,,,,,,
2012,Latvia,Greece,-1,,,,,,,,
2012,Liechtenstein,Bosnia and Herzegovina,-1,,,,,,,,
2012,Lithuania,Slovakia,0,,,,,,,,
2012,Luxembourg,Portugal,-1,,,,,,,,
2012,Malta,Armenia,-1,,,,,,,,
2012,Moldova,England,-1,,,,,,,,
2012,Montenegro,Poland,0,,,,,,,,
2012,Netherlands,Turkey,1,,,,,,,,
2012,New Caledonia,New Zealand,-1,,,,,,,,
2012,Peru,Venezuela,1,,,,,,,,
2012,Russia,Northern Ireland,1,,,,,,,,
2012,Slovenia,Switzerland,-1,,,,,,,,
2012,Solomon Islands,Tahiti,1,,,,,,,,
2012,Wales,Belgium,-1,,,,,,,,
2012,Denmark,Czech Republic,0,,,,,,,,
2012,Scotland,Serbia,0,,,,,,,,
2012,Antigua and Barbuda,Guatemala,-1,,,,,,,,
2012,Austria,Germany,-1,,,,,,,,
2012,Belgium,Croatia,0,,,,,,,,
2012,Bosnia and Herzegovina,Latvia,1,,,,,,,,
2012,Bulgaria,Armenia,1,,,,,,,,
2012,Chile,Colombia,-1,,,,,,,,
2012,Cyprus,Iceland,1,,,,,,,,
2012,England,Ukraine,0,,,,,,,,
2012,France,Belarus,1,,,,,,,,
2012,Georgia,Spain,-1,,,,,,,,
2012,Greece,Lithuania,1,,,,,,,,
2012,Guyana,El Salvador,-1,,,,,,,,
2012,Honduras,Cuba,1,,,,,,,,
2012,Hungary,Netherlands,-1,,,,,,,,
2012,Israel,Russia,-1,,,,,,,,
2012,Italy,Malta,1,,,,,,,,
2012,Japan,Iraq,1,,,,,,,,
2012,Jordan,Australia,1,,,,,,,,
2012,Lebanon,Iran,1,,,,,,,,
2012,Mexico,Costa Rica,1,,,,,,,,
2012,New Zealand,Solomon Islands,1,,,,,,,,
2012,Northern Ireland,Luxembourg,0,,,,,,,,
2012,Norway,Slovenia,1,,,,,,,,
2012,Panama,Canada,1,,,,,,,,
2012,Paraguay,Venezuela,-1,,,,,,,,
2012,Peru,Argentina,0,,,,,,,,
2012,Poland,Moldova,1,,,,,,,,
2012,Portugal,Azerbaijan,1,,,,,,,,
2012,Romania,Andorra,1,,,,,,,,
2012,San Marino,Montenegro,-1,,,,,,,,
2012,Scotland,North Macedonia,0,,,,,,,,
2012,Serbia,Wales,1,,,,,,,,
2012,Slovakia,Liechtenstein,1,,,,,,,,
2012,Sweden,Kazakhstan,1,,,,,,,,
2012,Switzerland,Albania,1,,,,,,,,
2012,Tahiti,New Caledonia,-1,,,,,,,,
2012,Turkey,Estonia,1,,,,,,,,
2012,Uruguay,Ecuador,0,,,,,,,,
2012,United States,Jamaica,1,,,,,,,,
2012,Uzbekistan,South Korea,0,,,,,,,,
2012,Albania,Iceland,-1,,,,,,,,
2012,Antigua and Barbuda,United States,-1,,,,,,,,
2012,Argentina,Uruguay,1,,,,,,,,
2012,Armenia,Italy,-1,,,,,,,,
2012,Belarus,Spain,-1,,,,,,,,
2012,Bolivia,Peru,0,,,,,,,,
2012,Bulgaria,Denmark,0,,,,,,,,
2012,Canada,Cuba,1,,,,,,,,
2012,Colombia,Paraguay,1,,,,,,,,
2012,Czech Republic,Malta,1,,,,,,,,
2012,Ecuador,Chile,1,,,,,,,,
2012,El Salvador,Costa Rica,-1,,,,,,,,
2012,England,San Marino,1,,,,,,,,
2012,Estonia,Hungary,-1,,,,,,,,
2012,Faroe Islands,Sweden,-1,,,,,,,,
2012,Finland,Georgia,0,,,,,,,,
2012,Greece,Bosnia and Herzegovina,0,,,,,,,,
2012,Guatemala,Jamaica,1,,,,,,,,
2012,Guyana,Mexico,-1,,,,,,,,
2012,Republic of Ireland,Germany,-1,,,,,,,,
2012,Kazakhstan,Austria,0,,,,,,,,
2012,Liechtenstein,Lithuania,-1,,,,,,,,
2012,Luxembourg,Israel,-1,,,,,,,,
2012,North Macedonia,Croatia,-1,,,,,,,,
2012,Moldova,Ukraine,0,,,,,,,,
2012,Netherlands,Andorra,1,,,,,,,,
2012,Panama,Honduras,0,,,,,,,,
2012,Russia,Portugal,1,,,,,,,,
2012,Serbia,Belgium,-1,,,,,,,,
2012,Slovakia,Latvia,1,,,,,,,,
2012,Slovenia,Cyprus,1,,,,,,,,
2012,Solomon Islands,New Caledonia,-1,,,,,,,,
2012,Switzerland,Norway,0,,,,,,,,
2012,Tahiti,New Zealand,-1,,,,,,,,
2012,Turkey,Romania,-1,,,,,,,,
2012,Wales,Scotland,1,,,,,,,,
2012,Albania,Slovenia,1,,,,,,,,
2012,Andorra,Estonia,-1,,,,,,,,
2012,Austria,Kazakhstan,1,,,,,,,,
2012,Belarus,Georgia,1,,,,,,,,
2012,Belgium,Scotland,1,,,,,,,,
2012,Bolivia,Uruguay,1,,,,,,,,
2012,Bosnia and Herzegovina,Lithuania,1,,,,,,,,
2012,Chile,Argentina,-1,,,,,,,,
2012,Costa Rica,Guyana,1,,,,,,,,
2012,Croatia,Wales,1,,,,,,,,
2012,Cuba,Panama,0,,,,,,,,
2012,Cyprus,Norway,-1,,,,,,,,
2012,Czech Republic,Bulgaria,0,,,,,,,,
2012,Faroe Islands,Republic of Ireland,-1,,,,,,,,
2012,Germany,Sweden,0,,,,,,,,
2012,Honduras,Canada,1,,,,,,,,
2012,Hungary,Turkey,1,,,,,,,,
2012,Iceland,Switzerland,-1,,,,,,,,
2012,Iran,South Korea,1,,,,,,,,
2012,Iraq,Australia,-1,,,,,,,,
2012,Israel,Luxembourg,1,,,,,,,,
2012,Italy,Denmark,1,,,,,,,,
2012,Jamaica,Antigua and Barbuda,1,,,,,,,,
2012,Latvia,Liechtenstein,1,,,,,,,,
2012,North Macedonia,Serbia,1,,,,,,,,
2012,Mexico,El Salvador,1,,,,,,,,
2012,New Caledonia,Solomon Islands,1,,,,,,,,
2012,New Zealand,Tahiti,1,,,,,,,,
2012,Oman,Jordan,1,,,,,,,,
2012,Paraguay,Peru,1,,,,,,,,
2012,Portugal,Northern Ireland,0,,,,,,,,
2012,Qatar,Uzbekistan,-1,,,,,,,,
2012,Romania,Netherlands,-1,,,,,,,,
2012,Russia,Azerbaijan,1,,,,,,,,
2012,San Marino,Moldova,-1,,,,,,,,
2012,Slovakia,Greece,-1,,,,,,,,
2012,Spain,France,0,,,,,,,,
2012,Ukraine,Montenegro,-1,,,,,,,,
2012,United States,Guatemala,1,,,,,,,,
2012,Venezuela,Ecuador,0,,,,,,,,
2012,Poland,England,0,,,,,,,,
2012,Iran,Uzbekistan,-1,,,,,,,,
2012,Iraq,Jordan,1,,,,,,,,
2012,Montenegro,San Marino,1,,,,,,,,
2012,Northern Ireland,Azerbaijan,0,,,,,,,,
2012,Oman,Japan,-1,,,,,,,,
2012,Qatar,Lebanon,1,,,,,,,,
2013,Honduras,United States,1,,,,,,,,
2013,Mexico,Jamaica,0,,,,,,,,
2013,Panama,Costa Rica,0,,,,,,,,
2013,Andorra,Turkey,-1,,,,,,,,
2013,Argentina,Venezuela,1,,,,,,,,
2013,Austria,Faroe Islands,1,,,,,,,,
2013,Bosnia and Herzegovina,Greece,1,,,,,,,,
2013,Bulgaria,Malta,1,,,,,,,,
2013,Colombia,Bolivia,1,,,,,,,,
2013,Croatia,Serbia,1,,,,,,,,
2013,Czech Republic,Denmark,-1,,,,,,,,
2013,France,Georgia,1,,,,,,,,
2013,Honduras,Mexico,0,,,,,,,,
2013,Hungary,Romania,0,,,,,,,,
2013,Israel,Portugal,0,,,,,,,,
2013,Jamaica,Panama,0,,,,,,,,
2013,Kazakhstan,Germany,-1,,,,,,,,
2013,Liechtenstein,Latvia,0,,,,,,,,
2013,Luxembourg,Azerbaijan,0,,,,,,,,
2013,North Macedonia,Belgium,-1,,,,,,,,
2013,Moldova,Montenegro,-1,,,,,,,,
2013,Netherlands,Estonia,1,,,,,,,,
2013,New Zealand,New Caledonia,1,,,,,,,,
2013,Norway,Albania,-1,,,,,,,,
2013,Peru,Chile,1,,,,,,,,
2013,Poland,Ukraine,-1,,,,,,,,
2013,San Marino,England,-1,,,,,,,,
2013,Scotland,Wales,-1,,,,,,,,
2013,Slovakia,Lithuania,0,,,,,,,,
2013,Slovenia,Iceland,-1,,,,,,,,
2013,Spain,Finland,0,,,,,,,,
2013,Sweden,Republic of Ireland,0,,,,,,,,
2013,Tahiti,Solomon Islands,1,,,,,,,,
2013,Uruguay,Paraguay,0,,,,,,,,
2013,United States,Costa Rica,1,,,,,,,,
2013,Burkina Faso,Niger,1,,,,,,,,
2013,Cameroon,Togo,1,,,,,,,,
2013,Congo,Gabon,1,,,,,,,,
2013,Cyprus,Switzerland,0,,,,,,,,
2013,Ivory Coast,Gambia,1,,,,,,,,
2013,Namibia,Malawi,-1,,,,,,,,
2013,Nigeria,Kenya,0,,,,,,,,
2013,Senegal,Angola,0,,,,,,,,
2013,South Africa,Central African Republic,1,,,,,,,,
2013,Tunisia,Sierra Leone,1,,,,,,,,
2013,DR Congo,Libya,0,,,,,,,,
2013,Equatorial Guinea,Cape Verde,-1,,,,,,,,
2013,Ethiopia,Botswana,1,,,,,,,,
2013,Ghana,Sudan,1,,,,,,,,
2013,Lesotho,Zambia,0,,,,,,,,
2013,Liberia,Uganda,1,,,,,,,,
2013,Mozambique,Guinea,0,,,,,,,,
2013,Rwanda,Mali,-1,,,,,,,,
2013,Tanzania,Morocco,1,,,,,,,,
2013,Algeria,Benin,1,,,,,,,,
2013,Armenia,Czech Republic,-1,,,,,,,,
2013,Australia,Oman,0,,,,,,,,
2013,Azerbaijan,Portugal,-1,,,,,,,,
2013,Belgium,North Macedonia,1,,,,,,,,
2013,Bolivia,Argentina,0,,,,,,,,
2013,Chile,Uruguay,1,,,,,,,,
2013,Costa Rica,Jamaica,1,,,,,,,,
2013,Denmark,Bulgaria,0,,,,,,,,
2013,Ecuador,Paraguay,1,,,,,,,,
2013,Egypt,Zimbabwe,1,,,,,,,,
2013,Estonia,Andorra,1,,,,,,,,
2013,France,Spain,-1,,,,,,,,
2013,Germany,Kazakhstan,1,,,,,,,,
2013,Republic of Ireland,Austria,0,,,,,,,,
2013,Jordan,Japan,1,,,,,,,,
2013,South Korea,Qatar,1,,,,,,,,
2013,Malta,Italy,-1,,,,,,,,
2013,Mexico,United States,0,,,,,,,,
2013,Montenegro,England,0,,,,,,,,
2013,Netherlands,Romania,1,,,,,,,,
2013,New Caledonia,Tahiti,1,,,,,,,,
2013,Northern Ireland,Israel,-1,,,,,,,,
2013,Panama,Honduras,1,,,,,,,,
2013,Poland,San Marino,1,,,,,,,,
2013,Serbia,Scotland,1,,,,,,,,
2013,Solomon Islands,New Zealand,-1,,,,,,,,
2013,Turkey,Hungary,0,,,,,,,,
2013,Ukraine,Moldova,1,,,,,,,,
2013,Uzbekistan,Lebanon,1,,,,,,,,
2013,Venezuela,Colombia,1,,,,,,,,
2013,Wales,Croatia,-1,,,,,,,,
2013,Jamaica,Mexico,-1,,,,,,,,
2013,Japan,Australia,0,,,,,,,,
2013,Lebanon,South Korea,0,,,,,,,,
2013,Oman,Iraq,1,,,,,,,,
2013,Qatar,Iran,-1,,,,,,,,
2013,Kenya,Nigeria,-1,,,,,,,,
2013,Malawi,Namibia,0,,,,,,,,
2013,Albania,Norway,0,,,,,,,,
2013,Argentina,Colombia,0,,,,,,,,
2013,Armenia,Malta,-1,,,,,,,,
2013,Austria,Sweden,1,,,,,,,,
2013,Azerbaijan,Luxembourg,0,,,,,,,,
2013,Belgium,Serbia,1,,,,,,,,
2013,Bolivia,Venezuela,0,,,,,,,,
2013,Costa Rica,Honduras,1,,,,,,,,
2013,Croatia,Scotland,-1,,,,,,,,
2013,Czech Republic,Italy,0,,,,,,,,
2013,Finland,Belarus,1,,,,,,,,
2013,Iceland,Slovenia,-1,,,,,,,,
2013,Republic of Ireland,Faroe Islands,1,,,,,,,,
2013,Jamaica,United States,-1,,,,,,,,
2013,Latvia,Bosnia and Herzegovina,-1,,,,,,,,
2013,Libya,DR Congo,0,,,,,,,,
2013,Liechtenstein,Slovakia,0,,,,,,,,
2013,Lithuania,Greece,-1,,,,,,,,
2013,Moldova,Poland,0,,,,,,,,
2013,Montenegro,Ukraine,-1,,,,,,,,
2013,Panama,Mexico,0,,,,,,,,
2013,Paraguay,Chile,-1,,,,,,,,
2013,Peru,Ecuador,1,,,,,,,,
2013,Portugal,Russia,1,,,,,,,,
2013,Sudan,Ghana,-1,,,,,,,,
2013,Angola,Senegal,0,,,,,,,,
2013,Botswana,Ethiopia,1,,,,,,,,
2013,Cape Verde,Equatorial Guinea,1,,,,,,,,
2013,Central African Republic,South Africa,-1,,,,,,,,
2013,Gabon,Congo,0,,,,,,,,
2013,Gambia,Ivory Coast,-1,,,,,,,,
2013,Morocco,Tanzania,1,,,,,,,,
2013,Sierra Leone,Tunisia,0,,,,,,,,
2013,Switzerland,Cyprus,1,,,,,,,,
2013,Uganda,Liberia,1,,,,,,,,
2013,Zambia,Lesotho,1,,,,,,,,
2013,Benin,Algeria,-1,,,,,,,,
2013,Guinea,Mozambique,1,,,,,,,,
2013,Mali,Rwanda,0,,,,,,,,
2013,Niger,Burkina Faso,-1,,,,,,,,
2013,Togo,Cameroon,-1,,,,,,,,
2013,Zimbabwe,Egypt,-1,,,,,,,,
2013,Australia,Jordan,1,,,,,,,,
2013,Belarus,Finland,0,,,,,,,,
2013,Chile,Bolivia,1,,,,,,,,
2013,Colombia,Peru,1,,,,,,,,
2013,Denmark,Armenia,-1,,,,,,,,
2013,Ecuador,Argentina,0,,,,,,,,
2013,Honduras,Jamaica,1,,,,,,,,
2013,Iran,Lebanon,1,,,,,,,,
2013,Iraq,Japan,-1,,,,,,,,
2013,South Korea,Uzbekistan,1,,,,,,,,
2013,Mexico,Costa Rica,0,,,,,,,,
2013,Sweden,Faroe Islands,1,,,,,,,,
2013,United States,Panama,1,,,,,,,,
2013,Venezuela,Uruguay,-1,,,,,,,,
2013,Malawi,Kenya,0,,,,,,,,
2013,Namibia,Nigeria,0,,,,,,,,
2013,Libya,Togo,1,,,,,,,,
2013,Botswana,Central African Republic,1,,,,,,,,
2013,Cape Verde,Sierra Leone,1,,,,,,,,
2013,Congo,Burkina Faso,-1,,,,,,,,
2013,Gabon,Niger,1,,,,,,,,
2013,Morocco,Gambia,1,,,,,,,,
2013,Uganda,Angola,1,,,,,,,,
2013,Zambia,Sudan,0,,,,,,,,
2013,DR Congo,Cameroon,0,,,,,,,,
2013,Equatorial Guinea,Tunisia,0,,,,,,,,
2013,Ethiopia,South Africa,1,,,,,,,,
2013,Guinea,Zimbabwe,1,,,,,,,,
2013,Lesotho,Ghana,-1,,,,,,,,
2013,Liberia,Senegal,-1,,,,,,,,
2013,Mali,Benin,0,,,,,,,,
2013,Mozambique,Egypt,-1,,,,,,,,
2013,Rwanda,Algeria,-1,,,,,,,,
2013,Tanzania,Ivory Coast,-1,,,,,,,,
2013,Australia,Iraq,1,,,,,,,,
2013,Costa Rica,Panama,1,,,,,,,,
2013,Jordan,Oman,1,,,,,,,,
2013,South Korea,Iran,-1,,,,,,,,
2013,United States,Honduras,1,,,,,,,,
2013,Uzbekistan,Qatar,1,,,,,,,,
2013,Northern Ireland,Russia,1,,,,,,,,
2013,Bosnia and Herzegovina,Slovakia,-1,,,,,,,,
2013,Chile,Venezuela,1,,,,,,,,
2013,Colombia,Ecuador,1,,,,,,,,
2013,Costa Rica,United States,1,,,,,,,,
2013,Czech Republic,Armenia,-1,,,,,,,,
2013,England,Moldova,1,,,,,,,,
2013,Estonia,Netherlands,0,,,,,,,,
2013,Finland,Spain,-1,,,,,,,,
2013,Georgia,France,0,,,,,,,,
2013,Germany,Austria,1,,,,,,,,
2013,Ghana,Zambia,1,,,,,,,,
2013,Republic of Ireland,Sweden,-1,,,,,,,,
2013,Italy,Bulgaria,1,,,,,,,,
2013,Jordan,Uzbekistan,0,,,,,,,,
2013,Kazakhstan,Faroe Islands,1,,,,,,,,
2013,Latvia,Lithuania,1,,,,,,,,
2013,Liechtenstein,Greece,-1,,,,,,,,
2013,North Macedonia,Wales,1,,,,,,,,
2013,Malta,Denmark,-1,,,,,,,,
2013,Mexico,Honduras,-1,,,,,,,,
2013,Northern Ireland,Portugal,-1,,,,,,,,
2013,Norway,Cyprus,1,,,,,,,,
2013,Panama,Jamaica,0,,,,,,,,
2013,Paraguay,Bolivia,1,,,,,,,,
2013,Peru,Uruguay,-1,,,,,,,,
2013,Poland,Montenegro,0,,,,,,,,
2013,Romania,Hungary,1,,,,,,,,
2013,Russia,Luxembourg,1,,,,,,,,
2013,Scotland,Belgium,-1,,,,,,,,
2013,Serbia,Croatia,0,,,,,,,,
2013,Slovenia,Albania,1,,,,,,,,
2013,Switzerland,Iceland,0,,,,,,,,
2013,Turkey,Andorra,1,,,,,,,,
2013,Ukraine,San Marino,1,,,,,,,,
2013,Angola,Liberia,1,,,,,,,,
2013,Burkina Faso,Gabon,1,,,,,,,,
2013,Central African Republic,Ethiopia,-1,,,,,,,,
2013,Gambia,Tanzania,1,,,,,,,,
2013,Israel,Azerbaijan,0,,,,,,,,
2013,Ivory Coast,Morocco,0,,,,,,,,
2013,Niger,Congo,0,,,,,,,,
2013,Nigeria,Malawi,1,,,,,,,,
2013,Senegal,Uganda,1,,,,,,,,
2013,Sierra Leone,Equatorial Guinea,1,,,,,,,,
2013,South Africa,Botswana,1,,,,,,,,
2013,Tunisia,Cape Verde,1,,,,,,,,
2013,Benin,Rwanda,1,,,,,,,,
2013,Cameroon,Libya,1,,,,,,,,
2013,Kenya,Namibia,1,,,,,,,,
2013,Sudan,Lesotho,-1,,,,,,,,
2013,Togo,DR Congo,1,,,,,,,,
2013,Zimbabwe,Mozambique,0,,,,,,,,
2013,Algeria,Mali,1,,,,,,,,
2013,Andorra,Netherlands,-1,,,,,,,,
2013,Armenia,Denmark,-1,,,,,,,,
2013,Austria,Republic of Ireland,1,,,,,,,,
2013,Belarus,France,-1,,,,,,,,
2013,Bolivia,Ecuador,0,,,,,,,,
2013,Cyprus,Slovenia,-1,,,,,,,,
2013,Egypt,Guinea,1,,,,,,,,
2013,Faroe Islands,Germany,-1,,,,,,,,
2013,Georgia,Finland,-1,,,,,,,,
2013,Greece,Latvia,1,,,,,,,,
2013,Honduras,Panama,0,,,,,,,,
2013,Hungary,Estonia,1,,,,,,,,
2013,Iceland,Albania,1,,,,,,,,
2013,Italy,Czech Republic,1,,,,,,,,
2013,Jamaica,Costa Rica,0,,,,,,,,
2013,Kazakhstan,Sweden,-1,,,,,,,,
2013,Lithuania,Liechtenstein,1,,,,,,,,
2013,Luxembourg,Northern Ireland,1,,,,,,,,
2013,North Macedonia,Scotland,-1,,,,,,,,
2013,Malta,Bulgaria,-1,,,,,,,,
2013,Norway,Switzerland,-1,,,,,,,,
2013,Paraguay,Argentina,-1,,,,,,,,
2013,Romania,Turkey,-1,,,,,,,,
2013,Russia,Israel,1,,,,,,,,
2013,San Marino,Poland,-1,,,,,,,,
2013,Slovakia,Bosnia and Herzegovina,-1,,,,,,,,
2013,Ukraine,England,0,,,,,,,,
2013,Uruguay,Colombia,1,,,,,,,,
2013,United States,Mexico,1,,,,,,,,
2013,Uzbekistan,Jordan,0,,,,,,,,
2013,Venezuela,Peru,1,,,,,,,,
2013,Wales,Serbia,-1,,,,,,,,
2013,Albania,Switzerland,-1,,,,,,,,
2013,Andorra,Romania,-1,,,,,,,,
2013,Argentina,Peru,1,,,,,,,,
2013,Armenia,Bulgaria,1,,,,,,,,
2013,Azerbaijan,Northern Ireland,1,,,,,,,,
2013,Bosnia and Herzegovina,Liechtenstein,1,,,,,,,,
2013,Colombia,Chile,0,,,,,,,,
2013,Croatia,Belgium,-1,,,,,,,,
2013,Denmark,Italy,0,,,,,,,,
2013,Ecuador,Uruguay,1,,,,,,,,
2013,England,Montenegro,1,,,,,,,,
2013,Estonia,Turkey,-1,,,,,,,,
2013,Faroe Islands,Kazakhstan,0,,,,,,,,
2013,Germany,Republic of Ireland,1,,,,,,,,
2013,Greece,Slovakia,1,,,,,,,,
2013,Honduras,Costa Rica,1,,,,,,,,
2013,Iceland,Cyprus,1,,,,,,,,
2013,Lithuania,Latvia,1,,,,,,,,
2013,Luxembourg,Russia,-1,,,,,,,,
2013,Malta,Czech Republic,-1,,,,,,,,
2013,Mexico,Panama,1,,,,,,,,
2013,Moldova,San Marino,1,,,,,,,,
2013,Netherlands,Hungary,1,,,,,,,,
2013,Portugal,Israel,0,,,,,,,,
2013,Slovenia,Norway,1,,,,,,,,
2013,Spain,Belarus,1,,,,,,,,
2013,Sweden,Austria,1,,,,,,,,
2013,Ukraine,Poland,1,,,,,,,,
2013,United States,Jamaica,1,,,,,,,,
2013,Venezuela,Paraguay,0,,,,,,,,
2013,Wales,North Macedonia,1,,,,,,,,
2013,Burkina Faso,Algeria,1,,,,,,,,
2013,Ivory Coast,Senegal,1,,,,,,,,
2013,Ethiopia,Nigeria,-1,,,,,,,,
2013,Tunisia,Cameroon,0,,,,,,,,
2013,Azerbaijan,Russia,0,,,,,,,,
2013,Belgium,Wales,0,,,,,,,,
2013,Bulgaria,Czech Republic,-1,,,,,,,,
2013,Chile,Ecuador,1,,,,,,,,
2013,Costa Rica,Mexico,1,,,,,,,,
2013,Cyprus,Albania,0,,,,,,,,
2013,Denmark,Malta,1,,,,,,,,
2013,England,Poland,1,,,,,,,,
2013,Faroe Islands,Austria,-1,,,,,,,,
2013,France,Finland,1,,,,,,,,
2013,Ghana,Egypt,1,,,,,,,,
2013,Greece,Liechtenstein,1,,,,,,,,
2013,Hungary,Andorra,1,,,,,,,,
2013,Republic of Ireland,Kazakhstan,1,,,,,,,,
2013,Israel,Northern Ireland,0,,,,,,,,
2013,Italy,Armenia,0,,,,,,,,
2013,Jamaica,Honduras,0,,,,,,,,
2013,Latvia,Slovakia,0,,,,,,,,
2013,Lithuania,Bosnia and Herzegovina,-1,,,,,,,,
2013,Montenegro,Moldova,-1,,,,,,,,
2013,Norway,Iceland,0,,,,,,,,
2013,Panama,United States,-1,,,,,,,,
2013,Paraguay,Colombia,-1,,,,,,,,
2013,Peru,Bolivia,0,,,,,,,,
2013,Portugal,Luxembourg,1,,,,,,,,
2013,Romania,Estonia,1,,,,,,,,
2013,San Marino,Ukraine,-1,,,,,,,,
2013,Scotland,Croatia,1,,,,,,,,
2013,Serbia,North Macedonia,1,,,,,,,,
2013,Spain,Georgia,1,,,,,,,,
2013,Sweden,Germany,-1,,,,,,,,
2013,Switzerland,Slovenia,1,,,,,,,,
2013,Turkey,Netherlands,-1,,,,,,,,
2013,Uruguay,Argentina,1,,,,,,,,
2013,Jordan,Uruguay,-1,,,,,,,,
2013,Mexico,New Zealand,1,,,,,,,,
2013,Greece,Romania,1,,,,,,,,
2013,Iceland,Croatia,0,,,,,,,,
2013,Portugal,Sweden,1,,,,,,,,
2013,Ukraine,France,1,,,,,,,,
2013,Nigeria,Ethiopia,1,,,,,,,,
2013,Senegal,Ivory Coast,0,,,,,,,,
2013,Cameroon,Tunisia,1,,,,,,,,
2013,Algeria,Burkina Faso,1,,,,,,,,
2013,Croatia,Iceland,1,,,,,,,,
2013,Egypt,Ghana,1,,,,,,,,
2013,France,Ukraine,1,,,,,,,,
2013,Romania,Greece,0,,,,,,,,
2013,Sweden,Portugal,-1,,,,,,,,
2013,New Zealand,Mexico,-1,,,,,,,,
2013,Uruguay,Jordan,0,,,,,,,,
2014,Brazil,Croatia,1,4.0,11.0,0.0360999999999999,0.01875,19.0,3.0,0.0885625,0.1816666666666666
2014,Chile,Australia,1,9.0,7.0,0.1386666666666666,0.1597777777777778,30.0,0.0,-0.0376470588235294,-0.1212745098039215
2014,Mexico,Cameroon,1,10.0,7.0,-0.0045,0.0089583333333333,32.0,0.0,-0.1691578947368421,-0.2683333333333333
2014,Spain,Netherlands,-1,23.0,3.0,0.0145454545454545,-0.0434848484848485,3.0,17.0,-0.0201111111111111,-0.03
2014,Colombia,Greece,1,5.0,12.0,-0.0953999999999999,-0.11125,13.0,5.0,0.0428823529411764,-0.061078431372549
2014,England,Italy,-1,26.0,1.0,-0.0591999999999999,-0.1773333333333332,22.0,3.0,-0.1695499999999999,-0.0362499999999999
2014,Ivory Coast,Japan,1,21.0,3.0,0.276,0.2544047619047619,29.0,1.0,0.173,0.1615624999999999
2014,Uruguay,Costa Rica,-1,12.0,6.0,-0.1423333333333333,-0.0314814814814814,8.0,9.0,-0.2816470588235294,-0.1407843137254902
2014,Argentina,Bosnia and Herzegovina,1,2.0,16.0,-0.0568,-0.0812499999999999,20.0,3.0,0.0596499999999999,0.0159999999999999
2014,France,Honduras,1,7.0,10.0,0.2342222222222222,0.0193518518518518,31.0,0.0,-0.2127058823529411,-0.0051960784313725
2014,Switzerland,Ecuador,1,11.0,6.0,0.0291176470588235,-0.0139215686274509,17.0,4.0,-0.0462142857142857,0.1203571428571428
2014,Germany,Portugal,1,1.0,19.0,0.2529999999999999,0.1351960784313725,18.0,4.0,0.0871176470588235,0.0290196078431372
2014,Ghana,United States,-1,25.0,1.0,0.1701176470588235,0.0405882352941176,15.0,4.0,-0.0445294117647058,0.0523529411764705
2014,Iran,Nigeria,0,28.0,1.0,-0.0863076923076923,-0.041025641025641,16.0,4.0,0.0102,0.0414444444444444
2014,Belgium,Algeria,1,6.0,12.0,-0.0050499999999999,-0.0061666666666666,14.0,4.0,-0.215,-0.1759649122807017
2014,Brazil,Mexico,0,4.0,11.0,0.0360999999999999,0.01875,10.0,7.0,-0.0045,0.0089583333333333
2014,Russia,South Korea,0,24.0,2.0,0.073625,0.1521875,27.0,1.0,0.1217499999999999,0.2162499999999999
2014,Australia,Netherlands,-1,30.0,0.0,-0.0376470588235294,-0.1212745098039215,3.0,17.0,-0.0201111111111111,-0.03
2014,Cameroon,Croatia,-1,32.0,0.0,-0.1691578947368421,-0.2683333333333333,19.0,3.0,0.0885625,0.1816666666666666
2014,Spain,Chile,-1,23.0,3.0,0.0145454545454545,-0.0434848484848485,9.0,7.0,0.1386666666666666,0.1597777777777778
2014,Colombia,Ivory Coast,1,5.0,12.0,-0.0953999999999999,-0.11125,21.0,3.0,0.276,0.2544047619047619
2014,Japan,Greece,0,29.0,1.0,0.173,0.1615624999999999,13.0,5.0,0.0428823529411764,-0.061078431372549
2014,Uruguay,England,1,12.0,6.0,-0.1423333333333333,-0.0314814814814814,26.0,1.0,-0.0591999999999999,-0.1773333333333332
2014,Honduras,Ecuador,-1,31.0,0.0,-0.2127058823529411,-0.0051960784313725,17.0,4.0,-0.0462142857142857,0.1203571428571428
2014,Italy,Costa Rica,-1,22.0,3.0,-0.1695499999999999,-0.0362499999999999,8.0,9.0,-0.2816470588235294,-0.1407843137254902
2014,Switzerland,France,-1,11.0,6.0,0.0291176470588235,-0.0139215686274509,7.0,10.0,0.2342222222222222,0.0193518518518518
2014,Argentina,Iran,1,2.0,16.0,-0.0568,-0.0812499999999999,28.0,1.0,-0.0863076923076923,-0.041025641025641
2014,Germany,Ghana,0,1.0,19.0,0.2529999999999999,0.1351960784313725,25.0,1.0,0.1701176470588235,0.0405882352941176
2014,Nigeria,Bosnia and Herzegovina,1,16.0,4.0,0.0102,0.0414444444444444,20.0,3.0,0.0596499999999999,0.0159999999999999
2014,Belgium,Russia,1,6.0,12.0,-0.0050499999999999,-0.0061666666666666,24.0,2.0,0.073625,0.1521875
2014,South Korea,Algeria,-1,27.0,1.0,0.1217499999999999,0.2162499999999999,14.0,4.0,-0.215,-0.1759649122807017
2014,United States,Portugal,0,15.0,4.0,-0.0445294117647058,0.0523529411764705,18.0,4.0,0.0871176470588235,0.0290196078431372
2014,Australia,Spain,-1,30.0,0.0,-0.0376470588235294,-0.1212745098039215,23.0,3.0,0.0145454545454545,-0.0434848484848485
2014,Brazil,Cameroon,1,4.0,11.0,0.0360999999999999,0.01875,32.0,0.0,-0.1691578947368421,-0.2683333333333333
2014,Croatia,Mexico,-1,19.0,3.0,0.0885625,0.1816666666666666,10.0,7.0,-0.0045,0.0089583333333333
2014,Netherlands,Chile,1,3.0,17.0,-0.0201111111111111,-0.03,9.0,7.0,0.1386666666666666,0.1597777777777778
2014,Costa Rica,England,0,8.0,9.0,-0.2816470588235294,-0.1407843137254902,26.0,1.0,-0.0591999999999999,-0.1773333333333332
2014,Greece,Ivory Coast,1,13.0,5.0,0.0428823529411764,-0.061078431372549,21.0,3.0,0.276,0.2544047619047619
2014,Italy,Uruguay,-1,22.0,3.0,-0.1695499999999999,-0.0362499999999999,12.0,6.0,-0.1423333333333333,-0.0314814814814814
2014,Japan,Colombia,-1,29.0,1.0,0.173,0.1615624999999999,5.0,12.0,-0.0953999999999999,-0.11125
2014,Bosnia and Herzegovina,Iran,1,20.0,3.0,0.0596499999999999,0.0159999999999999,28.0,1.0,-0.0863076923076923,-0.041025641025641
2014,Ecuador,France,0,17.0,4.0,-0.0462142857142857,0.1203571428571428,7.0,10.0,0.2342222222222222,0.0193518518518518
2014,Honduras,Switzerland,-1,31.0,0.0,-0.2127058823529411,-0.0051960784313725,11.0,6.0,0.0291176470588235,-0.0139215686274509
2014,Nigeria,Argentina,-1,16.0,4.0,0.0102,0.0414444444444444,2.0,16.0,-0.0568,-0.0812499999999999
2014,Algeria,Russia,0,14.0,4.0,-0.215,-0.1759649122807017,24.0,2.0,0.073625,0.1521875
2014,South Korea,Belgium,-1,27.0,1.0,0.1217499999999999,0.2162499999999999,6.0,12.0,-0.0050499999999999,-0.0061666666666666
2014,Portugal,Ghana,1,18.0,4.0,0.0871176470588235,0.0290196078431372,25.0,1.0,0.1701176470588235,0.0405882352941176
2014,United States,Germany,-1,15.0,4.0,-0.0445294117647058,0.0523529411764705,1.0,19.0,0.2529999999999999,0.1351960784313725
2014,Brazil,Chile,0,4.0,11.0,0.0360999999999999,0.01875,9.0,7.0,0.1386666666666666,0.1597777777777778
2014,Colombia,Uruguay,1,5.0,12.0,-0.0953999999999999,-0.11125,12.0,6.0,-0.1423333333333333,-0.0314814814814814
2014,Costa Rica,Greece,0,8.0,9.0,-0.2816470588235294,-0.1407843137254902,13.0,5.0,0.0428823529411764,-0.061078431372549
2014,Netherlands,Mexico,1,3.0,17.0,-0.0201111111111111,-0.03,10.0,7.0,-0.0045,0.0089583333333333
2014,France,Nigeria,1,7.0,10.0,0.2342222222222222,0.0193518518518518,16.0,4.0,0.0102,0.0414444444444444
2014,Germany,Algeria,1,1.0,19.0,0.2529999999999999,0.1351960784313725,14.0,4.0,-0.215,-0.1759649122807017
2014,Argentina,Switzerland,1,2.0,16.0,-0.0568,-0.0812499999999999,11.0,6.0,0.0291176470588235,-0.0139215686274509
2014,Belgium,United States,1,6.0,12.0,-0.0050499999999999,-0.0061666666666666,15.0,4.0,-0.0445294117647058,0.0523529411764705
2014,Brazil,Colombia,1,4.0,11.0,0.0360999999999999,0.01875,5.0,12.0,-0.0953999999999999,-0.11125
2014,France,Germany,-1,7.0,10.0,0.2342222222222222,0.0193518518518518,1.0,19.0,0.2529999999999999,0.1351960784313725
2014,Argentina,Belgium,1,2.0,16.0,-0.0568,-0.0812499999999999,6.0,12.0,-0.0050499999999999,-0.0061666666666666
2014,Netherlands,Costa Rica,0,3.0,17.0,-0.0201111111111111,-0.03,8.0,9.0,-0.2816470588235294,-0.1407843137254902
2014,Brazil,Germany,-1,4.0,11.0,0.0360999999999999,0.01875,1.0,19.0,0.2529999999999999,0.1351960784313725
2014,Netherlands,Argentina,0,3.0,17.0,-0.0201111111111111,-0.03,2.0,16.0,-0.0568,-0.0812499999999999
2014,Brazil,Netherlands,-1,4.0,11.0,0.0360999999999999,0.01875,3.0,17.0,-0.0201111111111111,-0.03
2014,Germany,Argentina,1,1.0,19.0,0.2529999999999999,0.1351960784313725,2.0,16.0,-0.0568,-0.0812499999999999
2015,Cambodia,Macau,1,,,,,,,,
2015,Timor-Leste,Mongolia,-1,,,,,,,,
2015,India,Nepal,1,,,,,,,,
2015,Sri Lanka,Bhutan,-1,,,,,,,,
2015,Yemen,Pakistan,1,,,,,,,,
2015,Taiwan,Brunei,-1,,,,,,,,
2015,Bhutan,Sri Lanka,1,,,,,,,,
2015,Brunei,Taiwan,-1,,,,,,,,
2015,Macau,Cambodia,0,,,,,,,,
2015,Mongolia,Timor-Leste,1,,,,,,,,
2015,Nepal,India,0,,,,,,,,
2015,Barbados,United States Virgin Islands,-1,,,,,,,,
2015,Pakistan,Yemen,0,,,,,,,,
2015,Nicaragua,Anguilla,1,,,,,,,,
2015,Saint Kitts and Nevis,Turks and Caicos Islands,1,,,,,,,,
2015,Bahamas,Bermuda,-1,,,,,,,,
2015,United States Virgin Islands,Barbados,-1,,,,,,,,
2015,Dominica,British Virgin Islands,1,,,,,,,,
2015,Turks and Caicos Islands,Saint Kitts and Nevis,-1,,,,,,,,
2015,Curaçao,Montserrat,1,,,,,,,,
2015,Anguilla,Nicaragua,-1,,,,,,,,
2015,Bermuda,Bahamas,1,,,,,,,,
2015,Dominica,British Virgin Islands,0,,,,,,,,
2015,Cayman Islands,Belize,0,,,,,,,,
2015,Montserrat,Curaçao,0,,,,,,,,
2015,Thailand,Vietnam,1,,,,,,,,
2015,Nicaragua,Suriname,1,,,,,,,,
2015,Curaçao,Cuba,0,,,,,,,,
2015,Antigua and Barbuda,Saint Lucia,-1,,,,,,,,
2015,Aruba,Barbados,-1,,,,,,,,
2015,Saint Vincent and the Grenadines,Guyana,0,,,,,,,,
2015,Afghanistan,Syria,-1,,,,,,,,
2015,Bangladesh,Kyrgyzstan,-1,,,,,,,,
2015,Cambodia,Singapore,-1,,,,,,,,
2015,Dominican Republic,Belize,-1,,,,,,,,
2015,Guam,Turkmenistan,1,,,,,,,,
2015,Hong Kong,Bhutan,1,,,,,,,,
2015,India,Oman,-1,,,,,,,,
2015,Laos,Myanmar,0,,,,,,,,
2015,Lebanon,Kuwait,-1,,,,,,,,
2015,Malaysia,Timor-Leste,1,,,,,,,,
2015,Maldives,Qatar,-1,,,,,,,,
2015,Philippines,Bahrain,1,,,,,,,,
2015,Saudi Arabia,Palestine,1,,,,,,,,
2015,Tajikistan,Jordan,-1,,,,,,,,
2015,Yemen,North Korea,-1,,,,,,,,
2015,Dominica,Canada,-1,,,,,,,,
2015,Saint Kitts and Nevis,El Salvador,0,,,,,,,,
2015,Puerto Rico,Grenada,1,,,,,,,,
2015,Guatemala,Bermuda,0,,,,,,,,
2015,Barbados,Aruba,-1,,,,,,,,
2015,Cuba,Curaçao,0,,,,,,,,
2015,Belize,Dominican Republic,1,,,,,,,,
2015,Guyana,Saint Vincent and the Grenadines,0,,,,,,,,
2015,Antigua and Barbuda,Saint Lucia,1,,,,,,,,
2015,Bermuda,Guatemala,-1,,,,,,,,
2015,Bangladesh,Tajikistan,0,,,,,,,,
2015,Bhutan,China PR,-1,,,,,,,,
2015,Myanmar,South Korea,-1,,,,,,,,
2015,Cambodia,Afghanistan,-1,,,,,,,,
2015,Timor-Leste,United Arab Emirates,-1,,,,,,,,
2015,Grenada,Puerto Rico,1,,,,,,,,
2015,Guam,India,1,,,,,,,,
2015,Hong Kong,Maldives,1,,,,,,,,
2015,Japan,Singapore,0,,,,,,,,
2015,North Korea,Uzbekistan,1,,,,,,,,
2015,Kyrgyzstan,Australia,-1,,,,,,,,
2015,Laos,Lebanon,-1,,,,,,,,
2015,Malaysia,Palestine,-1,,,,,,,,
2015,Suriname,Nicaragua,-1,,,,,,,,
2015,Turkmenistan,Iran,0,,,,,,,,
2015,Yemen,Philippines,-1,,,,,,,,
2015,Canada,Dominica,1,,,,,,,,
2015,El Salvador,Saint Kitts and Nevis,1,,,,,,,,
2015,Taiwan,Thailand,-1,,,,,,,,
2015,Samoa,American Samoa,1,,,,,,,,
2015,Tonga,Cook Islands,-1,,,,,,,,
2015,Cook Islands,Samoa,1,,,,,,,,
2015,Tonga,American Samoa,-1,,,,,,,,
2015,Australia,Bangladesh,1,,,,,,,,
2015,Bahrain,North Korea,-1,,,,,,,,
2015,China PR,Hong Kong,0,,,,,,,,
2015,Iran,Guam,1,,,,,,,,
2015,Iraq,Taiwan,1,,,,,,,,
2015,Japan,Cambodia,1,,,,,,,,
2015,Jordan,Kyrgyzstan,0,,,,,,,,
2015,South Korea,Laos,1,,,,,,,,
2015,Kuwait,Myanmar,1,,,,,,,,
2015,Oman,Turkmenistan,1,,,,,,,,
2015,Qatar,Bhutan,1,,,,,,,,
2015,Saudi Arabia,Timor-Leste,1,,,,,,,,
2015,Syria,Singapore,1,,,,,,,,
2015,United Arab Emirates,Malaysia,1,,,,,,,,
2015,Uzbekistan,Yemen,1,,,,,,,,
2015,American Samoa,Cook Islands,1,,,,,,,,
2015,Curaçao,El Salvador,-1,,,,,,,,
2015,Grenada,Haiti,-1,,,,,,,,
2015,Tonga,Samoa,-1,,,,,,,,
2015,Antigua and Barbuda,Guatemala,1,,,,,,,,
2015,Canada,Belize,1,,,,,,,,
2015,Jamaica,Nicaragua,-1,,,,,,,,
2015,Saint Vincent and the Grenadines,Aruba,1,,,,,,,,
2015,Afghanistan,Japan,-1,,,,,,,,
2015,Bangladesh,Jordan,-1,,,,,,,,
2015,Cambodia,Syria,-1,,,,,,,,
2015,China PR,Maldives,1,,,,,,,,
2015,El Salvador,Curaçao,1,,,,,,,,
2015,Guam,Oman,0,,,,,,,,
2015,Hong Kong,Qatar,-1,,,,,,,,
2015,India,Iran,-1,,,,,,,,
2015,Laos,Kuwait,-1,,,,,,,,
2015,Lebanon,South Korea,-1,,,,,,,,
2015,Malaysia,Saudi Arabia,-1,,,,,,,,
2015,Palestine,United Arab Emirates,0,,,,,,,,
2015,Philippines,Uzbekistan,-1,,,,,,,,
2015,Tajikistan,Australia,-1,,,,,,,,
2015,Thailand,Iraq,0,,,,,,,,
2015,Yemen,Bahrain,-1,,,,,,,,
2015,Aruba,Saint Vincent and the Grenadines,1,,,,,,,,
2015,Belize,Canada,0,,,,,,,,
2015,Guatemala,Antigua and Barbuda,1,,,,,,,,
2015,Haiti,Grenada,1,,,,,,,,
2015,Nicaragua,Jamaica,-1,,,,,,,,
2015,Taiwan,Vietnam,-1,,,,,,,,
2015,Comoros,Lesotho,0,,,,,,,,
2015,Mauritius,Kenya,-1,,,,,,,,
2015,Seychelles,Burundi,-1,,,,,,,,
2015,South Sudan,Mauritania,0,,,,,,,,
2015,Tanzania,Malawi,1,,,,,,,,
2015,Argentina,Ecuador,-1,,,,,,,,
2015,Bahrain,Uzbekistan,-1,,,,,,,,
2015,Bhutan,Maldives,-1,,,,,,,,
2015,Bolivia,Uruguay,-1,,,,,,,,
2015,Myanmar,Lebanon,-1,,,,,,,,
2015,Chile,Brazil,1,,,,,,,,
2015,Colombia,Peru,1,,,,,,,,
2015,Timor-Leste,Palestine,-1,,,,,,,,
2015,Jordan,Australia,1,,,,,,,,
2015,North Korea,Philippines,0,,,,,,,,
2015,Kuwait,South Korea,-1,,,,,,,,
2015,Kyrgyzstan,Tajikistan,0,,,,,,,,
2015,Liberia,Guinea-Bissau,0,,,,,,,,
2015,Oman,Iran,0,,,,,,,,
2015,Qatar,China PR,1,,,,,,,,
2015,São Tomé and Príncipe,Ethiopia,1,,,,,,,,
2015,Saudi Arabia,United Arab Emirates,1,,,,,,,,
2015,Singapore,Afghanistan,1,,,,,,,,
2015,Syria,Japan,-1,,,,,,,,
2015,Turkmenistan,India,1,,,,,,,,
2015,Venezuela,Paraguay,-1,,,,,,,,
2015,Vietnam,Iraq,0,,,,,,,,
2015,Djibouti,Eswatini,-1,,,,,,,,
2015,Gambia,Namibia,0,,,,,,,,
2015,Somalia,Niger,-1,,,,,,,,
2015,Chad,Sierra Leone,1,,,,,,,,
2015,Eritrea,Botswana,-1,,,,,,,,
2015,Madagascar,Central African Republic,1,,,,,,,,
2015,Ethiopia,São Tomé and Príncipe,1,,,,,,,,
2015,Kenya,Mauritius,0,,,,,,,,
2015,Malawi,Tanzania,1,,,,,,,,
2015,Bahrain,Philippines,1,,,,,,,,
2015,Bhutan,Hong Kong,-1,,,,,,,,
2015,Botswana,Eritrea,1,,,,,,,,
2015,Brazil,Venezuela,1,,,,,,,,
2015,Myanmar,Laos,1,,,,,,,,
2015,Burundi,Seychelles,1,,,,,,,,
2015,Timor-Leste,Malaysia,-1,,,,,,,,
2015,Ecuador,Bolivia,1,,,,,,,,
2015,Guinea-Bissau,Liberia,-1,,,,,,,,
2015,Jordan,Tajikistan,1,,,,,,,,
2015,North Korea,Yemen,1,,,,,,,,
2015,Kuwait,Lebanon,0,,,,,,,,
2015,Kyrgyzstan,Bangladesh,1,,,,,,,,
2015,Lesotho,Comoros,0,,,,,,,,
2015,Madagascar,Central African Republic,0,,,,,,,,
2015,Mauritania,South Sudan,1,,,,,,,,
2015,Namibia,Gambia,1,,,,,,,,
2015,Niger,Somalia,1,,,,,,,,
2015,Oman,India,1,,,,,,,,
2015,Paraguay,Argentina,0,,,,,,,,
2015,Peru,Chile,-1,,,,,,,,
2015,Qatar,Maldives,1,,,,,,,,
2015,Sierra Leone,Chad,1,,,,,,,,
2015,Singapore,Cambodia,1,,,,,,,,
2015,Syria,Afghanistan,1,,,,,,,,
2015,Turkmenistan,Guam,1,,,,,,,,
2015,Uruguay,Colombia,1,,,,,,,,
2015,Vietnam,Thailand,-1,,,,,,,,
2015,Eswatini,Djibouti,1,,,,,,,,
2015,Palestine,Saudi Arabia,0,,,,,,,,
2015,Mozambique,Gabon,1,,,,,,,,
2015,Sudan,Zambia,-1,,,,,,,,
2015,Afghanistan,Cambodia,1,,,,,,,,
2015,Australia,Kyrgyzstan,1,,,,,,,,
2015,Benin,Burkina Faso,1,,,,,,,,
2015,Bolivia,Venezuela,1,,,,,,,,
2015,Burundi,DR Congo,-1,,,,,,,,
2015,Chile,Colombia,0,,,,,,,,
2015,China PR,Bhutan,1,,,,,,,,
2015,Ecuador,Uruguay,1,,,,,,,,
2015,India,Guam,1,,,,,,,,
2015,Iran,Turkmenistan,1,,,,,,,,
2015,South Korea,Myanmar,1,,,,,,,,
2015,Lebanon,Laos,1,,,,,,,,
2015,Maldives,Hong Kong,-1,,,,,,,,
2015,Morocco,Equatorial Guinea,1,,,,,,,,
2015,Namibia,Guinea,-1,,,,,,,,
2015,Palestine,Malaysia,1,,,,,,,,
2015,Philippines,Yemen,-1,,,,,,,,
2015,Singapore,Japan,-1,,,,,,,,
2015,Tajikistan,Bangladesh,1,,,,,,,,
2015,Thailand,Taiwan,1,,,,,,,,
2015,Togo,Uganda,-1,,,,,,,,
2015,United Arab Emirates,Timor-Leste,1,,,,,,,,
2015,Uzbekistan,North Korea,1,,,,,,,,
2015,Angola,South Africa,-1,,,,,,,,
2015,Argentina,Brazil,0,,,,,,,,
2015,Comoros,Ghana,0,,,,,,,,
2015,Costa Rica,Haiti,1,,,,,,,,
2015,Kenya,Cape Verde,1,,,,,,,,
2015,Liberia,Ivory Coast,-1,,,,,,,,
2015,Libya,Rwanda,1,,,,,,,,
2015,Madagascar,Senegal,0,,,,,,,,
2015,Mauritania,Tunisia,-1,,,,,,,,
2015,Niger,Cameroon,-1,,,,,,,,
2015,Peru,Paraguay,1,,,,,,,,
2015,Eswatini,Nigeria,0,,,,,,,,
2015,Canada,Honduras,1,,,,,,,,
2015,Guatemala,Trinidad and Tobago,-1,,,,,,,,
2015,Jamaica,Panama,-1,,,,,,,,
2015,Mexico,El Salvador,1,,,,,,,,
2015,United States,Saint Vincent and the Grenadines,1,,,,,,,,
2015,Botswana,Mali,1,,,,,,,,
2015,Chad,Egypt,1,,,,,,,,
2015,Ethiopia,Congo,-1,,,,,,,,
2015,Gabon,Mozambique,1,,,,,,,,
2015,Tanzania,Algeria,0,,,,,,,,
2015,DR Congo,Burundi,1,,,,,,,,
2015,Equatorial Guinea,Morocco,1,,,,,,,,
2015,Guinea,Namibia,1,,,,,,,,
2015,Uganda,Togo,1,,,,,,,,
2015,Zambia,Sudan,1,,,,,,,,
2015,Algeria,Tanzania,1,,,,,,,,
2015,Bangladesh,Australia,-1,,,,,,,,
2015,Bhutan,Qatar,-1,,,,,,,,
2015,Brazil,Peru,1,,,,,,,,
2015,Burkina Faso,Benin,1,,,,,,,,
2015,Myanmar,Kuwait,1,,,,,,,,
2015,Cambodia,Japan,-1,,,,,,,,
2015,Cameroon,Niger,0,,,,,,,,
2015,Cape Verde,Kenya,1,,,,,,,,
2015,Colombia,Argentina,-1,,,,,,,,
2015,Congo,Ethiopia,1,,,,,,,,
2015,Timor-Leste,Saudi Arabia,-1,,,,,,,,
2015,Egypt,Chad,1,,,,,,,,
2015,Ghana,Comoros,1,,,,,,,,
2015,Guam,Iran,-1,,,,,,,,
2015,Honduras,Mexico,-1,,,,,,,,
2015,Hong Kong,China PR,0,,,,,,,,
2015,Ivory Coast,Liberia,1,,,,,,,,
2015,North Korea,Bahrain,1,,,,,,,,
2015,Kyrgyzstan,Jordan,1,,,,,,,,
2015,Laos,South Korea,-1,,,,,,,,
2015,Malaysia,United Arab Emirates,-1,,,,,,,,
2015,Mali,Botswana,1,,,,,,,,
2015,Nigeria,Eswatini,1,,,,,,,,
2015,Paraguay,Bolivia,1,,,,,,,,
2015,Rwanda,Libya,-1,,,,,,,,
2015,Senegal,Madagascar,1,,,,,,,,
2015,Singapore,Syria,-1,,,,,,,,
2015,South Africa,Angola,1,,,,,,,,
2015,Tunisia,Mauritania,1,,,,,,,,
2015,Turkmenistan,Oman,1,,,,,,,,
2015,Uruguay,Chile,1,,,,,,,,
2015,Venezuela,Ecuador,-1,,,,,,,,
2015,Yemen,Uzbekistan,-1,,,,,,,,
2015,Haiti,Jamaica,-1,,,,,,,,
2015,Panama,Costa Rica,-1,,,,,,,,
2015,Saint Vincent and the Grenadines,Guatemala,-1,,,,,,,,
2015,Taiwan,Iraq,-1,,,,,,,,
2016,Australia,Tajikistan,1,,,,,,,,
2016,Bahrain,Yemen,1,,,,,,,,
2016,Bolivia,Colombia,-1,,,,,,,,
2016,Chile,Argentina,-1,,,,,,,,
2016,China PR,Maldives,1,,,,,,,,
2016,Ecuador,Paraguay,0,,,,,,,,
2016,Iran,India,1,,,,,,,,
2016,Iraq,Thailand,0,,,,,,,,
2016,Japan,Afghanistan,1,,,,,,,,
2016,Jordan,Bangladesh,1,,,,,,,,
2016,South Korea,Lebanon,1,,,,,,,,
2016,Oman,Guam,1,,,,,,,,
2016,Peru,Venezuela,0,,,,,,,,
2016,Qatar,Hong Kong,1,,,,,,,,
2016,Saudi Arabia,Malaysia,1,,,,,,,,
2016,Syria,Cambodia,1,,,,,,,,
2016,United Arab Emirates,Palestine,1,,,,,,,,
2016,Uzbekistan,Philippines,1,,,,,,,,
2016,Vietnam,Taiwan,1,,,,,,,,
2016,Brazil,Uruguay,0,,,,,,,,
2016,Canada,Mexico,-1,,,,,,,,
2016,El Salvador,Honduras,0,,,,,,,,
2016,Guatemala,United States,1,,,,,,,,
2016,Haiti,Panama,0,,,,,,,,
2016,Jamaica,Costa Rica,0,,,,,,,,
2016,Saint Vincent and the Grenadines,Trinidad and Tobago,-1,,,,,,,,
2016,Afghanistan,Singapore,1,,,,,,,,
2016,Argentina,Bolivia,1,,,,,,,,
2016,Australia,Jordan,1,,,,,,,,
2016,China PR,Qatar,1,,,,,,,,
2016,Colombia,Ecuador,1,,,,,,,,
2016,Costa Rica,Jamaica,1,,,,,,,,
2016,Honduras,El Salvador,1,,,,,,,,
2016,India,Turkmenistan,-1,,,,,,,,
2016,Iran,Oman,1,,,,,,,,
2016,Iraq,Vietnam,1,,,,,,,,
2016,Japan,Syria,1,,,,,,,,
2016,Lebanon,Myanmar,0,,,,,,,,
2016,Maldives,Bhutan,1,,,,,,,,
2016,Mexico,Canada,1,,,,,,,,
2016,Palestine,Timor-Leste,1,,,,,,,,
2016,Panama,Haiti,1,,,,,,,,
2016,Paraguay,Brazil,0,,,,,,,,
2016,Philippines,North Korea,1,,,,,,,,
2016,Tajikistan,Kyrgyzstan,-1,,,,,,,,
2016,United Arab Emirates,Saudi Arabia,0,,,,,,,,
2016,Uruguay,Peru,1,,,,,,,,
2016,United States,Guatemala,1,,,,,,,,
2016,Uzbekistan,Bahrain,1,,,,,,,,
2016,Venezuela,Chile,-1,,,,,,,,
2016,Trinidad and Tobago,Saint Vincent and the Grenadines,1,,,,,,,,
2016,Argentina,Uruguay,1,,,,,,,,
2016,Australia,Iraq,1,,,,,,,,
2016,Bolivia,Peru,-1,,,,,,,,
2016,Colombia,Venezuela,1,,,,,,,,
2016,Ecuador,Brazil,-1,,,,,,,,
2016,Iran,Qatar,1,,,,,,,,
2016,Japan,United Arab Emirates,-1,,,,,,,,
2016,South Korea,China PR,1,,,,,,,,
2016,Paraguay,Chile,1,,,,,,,,
2016,Saudi Arabia,Thailand,1,,,,,,,,
2016,Uzbekistan,Syria,1,,,,,,,,
2016,El Salvador,Mexico,-1,,,,,,,,
2016,Haiti,Costa Rica,-1,,,,,,,,
2016,Honduras,Canada,1,,,,,,,,
2016,Panama,Jamaica,1,,,,,,,,
2016,Saint Vincent and the Grenadines,United States,-1,,,,,,,,
2016,Trinidad and Tobago,Guatemala,0,,,,,,,,
2016,Czech Republic,Northern Ireland,0,,,,,,,,
2016,Denmark,Armenia,1,,,,,,,,
2016,Kazakhstan,Poland,0,,,,,,,,
2016,Lithuania,Slovenia,0,,,,,,,,
2016,Malta,Scotland,-1,,,,,,,,
2016,Norway,Germany,-1,,,,,,,,
2016,Romania,Montenegro,0,,,,,,,,
2016,San Marino,Azerbaijan,-1,,,,,,,,
2016,Slovakia,England,-1,,,,,,,,
2016,Albania,North Macedonia,1,,,,,,,,
2016,Croatia,Turkey,0,,,,,,,,
2016,Finland,Kosovo,0,,,,,,,,
2016,Georgia,Austria,-1,,,,,,,,
2016,Israel,Italy,-1,,,,,,,,
2016,Serbia,Republic of Ireland,0,,,,,,,,
2016,Spain,Liechtenstein,1,,,,,,,,
2016,Ukraine,Iceland,0,,,,,,,,
2016,Wales,Moldova,1,,,,,,,,
2016,Andorra,Latvia,-1,,,,,,,,
2016,Belarus,France,0,,,,,,,,
2016,Bosnia and Herzegovina,Estonia,1,,,,,,,,
2016,Brazil,Colombia,1,,,,,,,,
2016,Bulgaria,Luxembourg,1,,,,,,,,
2016,Canada,El Salvador,1,,,,,,,,
2016,Chile,Bolivia,1,,,,,,,,
2016,China PR,Iran,0,,,,,,,,
2016,Costa Rica,Panama,1,,,,,,,,
2016,Cyprus,Belgium,-1,,,,,,,,
2016,Faroe Islands,Hungary,0,,,,,,,,
2016,Gibraltar,Greece,-1,,,,,,,,
2016,Iraq,Saudi Arabia,-1,,,,,,,,
2016,Jamaica,Haiti,-1,,,,,,,,
2016,Mexico,Honduras,0,,,,,,,,
2016,Peru,Ecuador,1,,,,,,,,
2016,Qatar,Uzbekistan,-1,,,,,,,,
2016,Sweden,Netherlands,0,,,,,,,,
2016,Switzerland,Portugal,1,,,,,,,,
2016,Syria,South Korea,0,,,,,,,,
2016,Thailand,Japan,-1,,,,,,,,
2016,United Arab Emirates,Australia,-1,,,,,,,,
2016,Uruguay,Paraguay,1,,,,,,,,
2016,United States,Trinidad and Tobago,1,,,,,,,,
2016,Venezuela,Argentina,0,,,,,,,,
2016,Guatemala,Saint Vincent and the Grenadines,1,,,,,,,,
2016,Austria,Wales,0,,,,,,,,
2016,Brazil,Bolivia,1,,,,,,,,
2016,China PR,Syria,-1,,,,,,,,
2016,Ecuador,Chile,1,,,,,,,,
2016,Iceland,Finland,1,,,,,,,,
2016,Republic of Ireland,Georgia,1,,,,,,,,
2016,Italy,Spain,0,,,,,,,,
2016,Japan,Iraq,1,,,,,,,,
2016,South Korea,Qatar,1,,,,,,,,
2016,Kosovo,Croatia,-1,,,,,,,,
2016,Liechtenstein,Albania,-1,,,,,,,,
2016,North Macedonia,Israel,-1,,,,,,,,
2016,Moldova,Serbia,-1,,,,,,,,
2016,Paraguay,Colombia,-1,,,,,,,,
2016,Peru,Argentina,0,,,,,,,,
2016,Saudi Arabia,Australia,0,,,,,,,,
2016,Turkey,Ukraine,0,,,,,,,,
2016,United Arab Emirates,Thailand,1,,,,,,,,
2016,Uruguay,Venezuela,1,,,,,,,,
2016,Uzbekistan,Iran,-1,,,,,,,,
2016,Belgium,Bosnia and Herzegovina,1,,,,,,,,
2016,Estonia,Gibraltar,1,,,,,,,,
2016,France,Bulgaria,1,,,,,,,,
2016,Ghana,Uganda,0,,,,,,,,
2016,Greece,Cyprus,1,,,,,,,,
2016,Hungary,Switzerland,-1,,,,,,,,
2016,Latvia,Faroe Islands,-1,,,,,,,,
2016,Luxembourg,Sweden,-1,,,,,,,,
2016,Netherlands,Belarus,1,,,,,,,,
2016,Portugal,Andorra,1,,,,,,,,
2016,Armenia,Romania,-1,,,,,,,,
2016,Azerbaijan,Norway,1,,,,,,,,
2016,Burkina Faso,South Africa,0,,,,,,,,
2016,DR Congo,Libya,1,,,,,,,,
2016,England,Malta,1,,,,,,,,
2016,Gabon,Morocco,0,,,,,,,,
2016,Germany,Czech Republic,1,,,,,,,,
2016,Ivory Coast,Mali,1,,,,,,,,
2016,Montenegro,Kazakhstan,1,,,,,,,,
2016,Northern Ireland,San Marino,1,,,,,,,,
2016,Poland,Denmark,1,,,,,,,,
2016,Scotland,Lithuania,0,,,,,,,,
2016,Senegal,Cape Verde,1,,,,,,,,
2016,Slovenia,Slovakia,1,,,,,,,,
2016,Albania,Spain,-1,,,,,,,,
2016,Algeria,Cameroon,0,,,,,,,,
2016,Congo,Egypt,-1,,,,,,,,
2016,Finland,Croatia,-1,,,,,,,,
2016,Iceland,Turkey,1,,,,,,,,
2016,Israel,Liechtenstein,1,,,,,,,,
2016,North Macedonia,Italy,-1,,,,,,,,
2016,Moldova,Republic of Ireland,-1,,,,,,,,
2016,Serbia,Austria,1,,,,,,,,
2016,Tunisia,Guinea,1,,,,,,,,
2016,Ukraine,Kosovo,1,,,,,,,,
2016,Wales,Georgia,0,,,,,,,,
2016,Zambia,Nigeria,-1,,,,,,,,
2016,Andorra,Switzerland,-1,,,,,,,,
2016,Belarus,Luxembourg,0,,,,,,,,
2016,Bosnia and Herzegovina,Cyprus,1,,,,,,,,
2016,Estonia,Greece,-1,,,,,,,,
2016,Faroe Islands,Portugal,-1,,,,,,,,
2016,Gibraltar,Belgium,-1,,,,,,,,
2016,Latvia,Hungary,-1,,,,,,,,
2016,Netherlands,France,-1,,,,,,,,
2016,Sweden,Bulgaria,1,,,,,,,,
2016,Argentina,Paraguay,-1,,,,,,,,
2016,Australia,Japan,0,,,,,,,,
2016,Bolivia,Ecuador,0,,,,,,,,
2016,Chile,Peru,1,,,,,,,,
2016,Colombia,Uruguay,0,,,,,,,,
2016,Czech Republic,Azerbaijan,0,,,,,,,,
2016,Denmark,Montenegro,-1,,,,,,,,
2016,Germany,Northern Ireland,1,,,,,,,,
2016,Iran,South Korea,1,,,,,,,,
2016,Iraq,Thailand,1,,,,,,,,
2016,Kazakhstan,Romania,0,,,,,,,,
2016,Lithuania,Malta,1,,,,,,,,
2016,Norway,San Marino,1,,,,,,,,
2016,Poland,Armenia,1,,,,,,,,
2016,Qatar,Syria,1,,,,,,,,
2016,Saudi Arabia,United Arab Emirates,1,,,,,,,,
2016,Slovakia,Scotland,1,,,,,,,,
2016,Slovenia,England,0,,,,,,,,
2016,Uzbekistan,China PR,1,,,,,,,,
2016,Venezuela,Brazil,-1,,,,,,,,
2016,Tahiti,Solomon Islands,1,,,,,,,,
2016,Brazil,Argentina,1,,,,,,,,
2016,Colombia,Chile,0,,,,,,,,
2016,Paraguay,Peru,-1,,,,,,,,
2016,Uruguay,Ecuador,1,,,,,,,,
2016,Venezuela,Bolivia,1,,,,,,,,
2016,Armenia,Montenegro,1,,,,,,,,
2016,Czech Republic,Norway,1,,,,,,,,
2016,Denmark,Kazakhstan,1,,,,,,,,
2016,England,Scotland,1,,,,,,,,
2016,France,Sweden,1,,,,,,,,
2016,Honduras,Panama,-1,,,,,,,,
2016,Libya,Tunisia,-1,,,,,,,,
2016,Malta,Slovenia,-1,,,,,,,,
2016,Northern Ireland,Azerbaijan,1,,,,,,,,
2016,Romania,Poland,-1,,,,,,,,
2016,San Marino,Germany,-1,,,,,,,,
2016,Slovakia,Lithuania,1,,,,,,,,
2016,Trinidad and Tobago,Costa Rica,-1,,,,,,,,
2016,United States,Mexico,-1,,,,,,,,
2016,Albania,Israel,-1,,,,,,,,
2016,Austria,Republic of Ireland,-1,,,,,,,,
2016,Cameroon,Zambia,0,,,,,,,,
2016,Cape Verde,Burkina Faso,-1,,,,,,,,
2016,Croatia,Iceland,1,,,,,,,,
2016,Georgia,Moldova,0,,,,,,,,
2016,Liechtenstein,Italy,-1,,,,,,,,
2016,Mali,Gabon,0,,,,,,,,
2016,Morocco,Ivory Coast,0,,,,,,,,
2016,New Zealand,New Caledonia,1,,,,,,,,
2016,Nigeria,Algeria,1,,,,,,,,
2016,Spain,North Macedonia,1,,,,,,,,
2016,Turkey,Kosovo,1,,,,,,,,
2016,Uganda,Congo,1,,,,,,,,
2016,Ukraine,Finland,1,,,,,,,,
2016,Wales,Serbia,0,,,,,,,,
2016,Belgium,Estonia,1,,,,,,,,
2016,Bulgaria,Belarus,1,,,,,,,,
2016,Cyprus,Gibraltar,1,,,,,,,,
2016,Egypt,Ghana,1,,,,,,,,
2016,Greece,Bosnia and Herzegovina,0,,,,,,,,
2016,Guinea,DR Congo,-1,,,,,,,,
2016,Hungary,Andorra,1,,,,,,,,
2016,Luxembourg,Netherlands,-1,,,,,,,,
2016,Portugal,Latvia,1,,,,,,,,
2016,Solomon Islands,Tahiti,1,,,,,,,,
2016,Switzerland,Faroe Islands,1,,,,,,,,
2016,Argentina,Colombia,1,,,,,,,,
2016,Bolivia,Paraguay,1,,,,,,,,
2016,Chile,Uruguay,1,,,,,,,,
2016,China PR,Qatar,0,,,,,,,,
2016,Costa Rica,United States,1,,,,,,,,
2016,Ecuador,Venezuela,1,,,,,,,,
2016,Honduras,Trinidad and Tobago,1,,,,,,,,
2016,Japan,Saudi Arabia,1,,,,,,,,
2016,South Korea,Uzbekistan,1,,,,,,,,
2016,New Caledonia,New Zealand,0,,,,,,,,
2016,Panama,Mexico,0,,,,,,,,
2016,Peru,Brazil,-1,,,,,,,,
2016,Syria,Iran,0,,,,,,,,
2016,Thailand,Australia,0,,,,,,,,
2016,United Arab Emirates,Iraq,1,,,,,,,,
2017,Argentina,Chile,1,,,,,,,,
2017,China PR,South Korea,1,,,,,,,,
2017,Colombia,Bolivia,1,,,,,,,,
2017,Iraq,Australia,0,,,,,,,,
2017,Papua New Guinea,Tahiti,-1,,,,,,,,
2017,Paraguay,Ecuador,1,,,,,,,,
2017,Qatar,Iran,-1,,,,,,,,
2017,Syria,Uzbekistan,1,,,,,,,,
2017,Thailand,Saudi Arabia,-1,,,,,,,,
2017,United Arab Emirates,Japan,-1,,,,,,,,
2017,Uruguay,Brazil,-1,,,,,,,,
2017,Venezuela,Peru,0,,,,,,,,
2017,Austria,Moldova,1,,,,,,,,
2017,Croatia,Ukraine,1,,,,,,,,
2017,Georgia,Serbia,-1,,,,,,,,
2017,Republic of Ireland,Wales,0,,,,,,,,
2017,Italy,Albania,1,,,,,,,,
2017,Kosovo,Iceland,-1,,,,,,,,
2017,Liechtenstein,North Macedonia,-1,,,,,,,,
2017,Mexico,Costa Rica,1,,,,,,,,
2017,Spain,Israel,1,,,,,,,,
2017,Trinidad and Tobago,Panama,1,,,,,,,,
2017,Turkey,Finland,1,,,,,,,,
2017,United States,Honduras,1,,,,,,,,
2017,Andorra,Faroe Islands,0,,,,,,,,
2017,Belgium,Greece,0,,,,,,,,
2017,Bosnia and Herzegovina,Gibraltar,1,,,,,,,,
2017,Bulgaria,Netherlands,1,,,,,,,,
2017,Cyprus,Estonia,0,,,,,,,,
2017,Fiji,New Zealand,-1,,,,,,,,
2017,Luxembourg,France,-1,,,,,,,,
2017,Portugal,Hungary,1,,,,,,,,
2017,Sweden,Belarus,1,,,,,,,,
2017,Switzerland,Latvia,1,,,,,,,,
2017,Armenia,Kazakhstan,1,,,,,,,,
2017,Azerbaijan,Germany,-1,,,,,,,,
2017,England,Lithuania,1,,,,,,,,
2017,Malta,Slovakia,-1,,,,,,,,
2017,Montenegro,Poland,-1,,,,,,,,
2017,Northern Ireland,Norway,1,,,,,,,,
2017,Romania,Denmark,0,,,,,,,,
2017,San Marino,Czech Republic,-1,,,,,,,,
2017,Scotland,Slovenia,1,,,,,,,,
2017,Australia,United Arab Emirates,1,,,,,,,,
2017,Bolivia,Argentina,1,,,,,,,,
2017,Brazil,Paraguay,1,,,,,,,,
2017,Chile,Venezuela,1,,,,,,,,
2017,Ecuador,Colombia,-1,,,,,,,,
2017,Honduras,Costa Rica,0,,,,,,,,
2017,Iran,China PR,1,,,,,,,,
2017,Japan,Thailand,1,,,,,,,,
2017,South Korea,Syria,1,,,,,,,,
2017,New Zealand,Fiji,1,,,,,,,,
2017,Panama,United States,0,,,,,,,,
2017,Peru,Uruguay,1,,,,,,,,
2017,Saudi Arabia,Iraq,1,,,,,,,,
2017,Trinidad and Tobago,Mexico,-1,,,,,,,,
2017,Uzbekistan,Qatar,1,,,,,,,,
2017,Tahiti,Papua New Guinea,-1,,,,,,,,
2017,Fiji,New Caledonia,0,,,,,,,,
2017,Australia,Saudi Arabia,1,,,,,,,,
2017,Costa Rica,Panama,0,,,,,,,,
2017,Mexico,Honduras,1,,,,,,,,
2017,United States,Trinidad and Tobago,1,,,,,,,,
2017,Andorra,Hungary,1,,,,,,,,
2017,Belarus,Bulgaria,1,,,,,,,,
2017,Bosnia and Herzegovina,Greece,0,,,,,,,,
2017,Estonia,Belgium,-1,,,,,,,,
2017,Faroe Islands,Switzerland,-1,,,,,,,,
2017,Gibraltar,Cyprus,-1,,,,,,,,
2017,Latvia,Portugal,-1,,,,,,,,
2017,Netherlands,Luxembourg,1,,,,,,,,
2017,Solomon Islands,Papua New Guinea,1,,,,,,,,
2017,Sweden,France,1,,,,,,,,
2017,Azerbaijan,Northern Ireland,-1,,,,,,,,
2017,Germany,San Marino,1,,,,,,,,
2017,Kazakhstan,Denmark,-1,,,,,,,,
2017,Lithuania,Slovakia,-1,,,,,,,,
2017,Montenegro,Armenia,1,,,,,,,,
2017,Norway,Czech Republic,0,,,,,,,,
2017,Poland,Romania,1,,,,,,,,
2017,Scotland,England,0,,,,,,,,
2017,Slovenia,Malta,1,,,,,,,,
2017,Finland,Ukraine,-1,,,,,,,,
2017,Iceland,Croatia,1,,,,,,,,
2017,Republic of Ireland,Austria,0,,,,,,,,
2017,Israel,Albania,-1,,,,,,,,
2017,Italy,Liechtenstein,1,,,,,,,,
2017,Kosovo,Turkey,-1,,,,,,,,
2017,North Macedonia,Spain,-1,,,,,,,,
2017,Mexico,United States,0,,,,,,,,
2017,Moldova,Georgia,0,,,,,,,,
2017,New Caledonia,Fiji,1,,,,,,,,
2017,Serbia,Wales,0,,,,,,,,
2017,Iran,Uzbekistan,1,,,,,,,,
2017,Costa Rica,Trinidad and Tobago,1,,,,,,,,
2017,Iraq,Japan,0,,,,,,,,
2017,Panama,Honduras,0,,,,,,,,
2017,Papua New Guinea,Solomon Islands,-1,,,,,,,,
2017,Qatar,South Korea,1,,,,,,,,
2017,Syria,China PR,0,,,,,,,,
2017,Thailand,United Arab Emirates,0,,,,,,,,
2017,United Arab Emirates,Saudi Arabia,1,,,,,,,,
2017,Belgium,Gibraltar,1,,,,,,,,
2017,Brazil,Ecuador,1,,,,,,,,
2017,Bulgaria,Sweden,1,,,,,,,,
2017,Chile,Paraguay,-1,,,,,,,,
2017,China PR,Uzbekistan,1,,,,,,,,
2017,Cyprus,Bosnia and Herzegovina,1,,,,,,,,
2017,France,Netherlands,1,,,,,,,,
2017,Greece,Estonia,0,,,,,,,,
2017,Guinea,Libya,1,,,,,,,,
2017,Hungary,Latvia,1,,,,,,,,
2017,Japan,Australia,1,,,,,,,,
2017,South Korea,Iran,0,,,,,,,,
2017,Luxembourg,Belarus,1,,,,,,,,
2017,Peru,Bolivia,1,,,,,,,,
2017,Portugal,Faroe Islands,1,,,,,,,,
2017,Switzerland,Andorra,1,,,,,,,,
2017,Syria,Qatar,1,,,,,,,,
2017,Thailand,Iraq,-1,,,,,,,,
2017,Uganda,Egypt,1,,,,,,,,
2017,Uruguay,Argentina,0,,,,,,,,
2017,Venezuela,Colombia,0,,,,,,,,
2017,Cape Verde,South Africa,1,,,,,,,,
2017,Czech Republic,Germany,-1,,,,,,,,
2017,Denmark,Poland,1,,,,,,,,
2017,Ghana,Congo,0,,,,,,,,
2017,Kazakhstan,Montenegro,-1,,,,,,,,
2017,Lithuania,Scotland,-1,,,,,,,,
2017,Malta,England,-1,,,,,,,,
2017,Mexico,Panama,1,,,,,,,,
2017,Morocco,Mali,1,,,,,,,,
2017,New Zealand,Solomon Islands,1,,,,,,,,
2017,Nigeria,Cameroon,1,,,,,,,,
2017,Norway,Azerbaijan,1,,,,,,,,
2017,Romania,Armenia,1,,,,,,,,
2017,San Marino,Northern Ireland,-1,,,,,,,,
2017,Slovakia,Slovenia,1,,,,,,,,
2017,Trinidad and Tobago,Honduras,-1,,,,,,,,
2017,Tunisia,DR Congo,1,,,,,,,,
2017,United States,Costa Rica,-1,,,,,,,,
2017,Albania,Liechtenstein,1,,,,,,,,
2017,Croatia,Kosovo,1,,,,,,,,
2017,Finland,Iceland,1,,,,,,,,
2017,Gabon,Ivory Coast,-1,,,,,,,,
2017,Georgia,Republic of Ireland,0,,,,,,,,
2017,Israel,North Macedonia,-1,,,,,,,,
2017,Senegal,Burkina Faso,0,,,,,,,,
2017,Serbia,Moldova,1,,,,,,,,
2017,Spain,Italy,1,,,,,,,,
2017,Ukraine,Turkey,1,,,,,,,,
2017,Wales,Austria,1,,,,,,,,
2017,Zambia,Algeria,1,,,,,,,,
2017,Belarus,Sweden,-1,,,,,,,,
2017,Estonia,Cyprus,1,,,,,,,,
2017,Faroe Islands,Andorra,1,,,,,,,,
2017,France,Luxembourg,0,,,,,,,,
2017,Gibraltar,Bosnia and Herzegovina,-1,,,,,,,,
2017,Greece,Belgium,-1,,,,,,,,
2017,Hungary,Portugal,-1,,,,,,,,
2017,Latvia,Switzerland,-1,,,,,,,,
2017,Netherlands,Bulgaria,1,,,,,,,,
2017,Armenia,Denmark,-1,,,,,,,,
2017,Azerbaijan,San Marino,1,,,,,,,,
2017,Cameroon,Nigeria,0,,,,,,,,
2017,England,Slovakia,1,,,,,,,,
2017,Germany,Norway,1,,,,,,,,
2017,Libya,Guinea,1,,,,,,,,
2017,Montenegro,Romania,1,,,,,,,,
2017,Northern Ireland,Czech Republic,1,,,,,,,,
2017,Poland,Kazakhstan,1,,,,,,,,
2017,Scotland,Malta,1,,,,,,,,
2017,Slovenia,Lithuania,1,,,,,,,,
2017,Algeria,Zambia,-1,,,,,,,,
2017,Argentina,Venezuela,0,,,,,,,,
2017,Australia,Thailand,1,,,,,,,,
2017,Austria,Georgia,0,,,,,,,,
2017,Bolivia,Chile,1,,,,,,,,
2017,Burkina Faso,Senegal,0,,,,,,,,
2017,Colombia,Brazil,0,,,,,,,,
2017,Congo,Ghana,-1,,,,,,,,
2017,DR Congo,Tunisia,0,,,,,,,,
2017,Costa Rica,Mexico,0,,,,,,,,
2017,Ecuador,Peru,-1,,,,,,,,
2017,Egypt,Uganda,1,,,,,,,,
2017,Honduras,United States,0,,,,,,,,
2017,Iceland,Ukraine,1,,,,,,,,
2017,Iran,Syria,0,,,,,,,,
2017,Iraq,United Arab Emirates,1,,,,,,,,
2017,Republic of Ireland,Serbia,-1,,,,,,,,
2017,Italy,Israel,1,,,,,,,,
2017,Ivory Coast,Gabon,-1,,,,,,,,
2017,Kosovo,Finland,-1,,,,,,,,
2017,Liechtenstein,Spain,-1,,,,,,,,
2017,North Macedonia,Albania,0,,,,,,,,
2017,Mali,Morocco,0,,,,,,,,
2017,Moldova,Wales,-1,,,,,,,,
2017,Panama,Trinidad and Tobago,1,,,,,,,,
2017,Paraguay,Uruguay,-1,,,,,,,,
2017,Qatar,China PR,-1,,,,,,,,
2017,Saudi Arabia,Japan,1,,,,,,,,
2017,Solomon Islands,New Zealand,0,,,,,,,,
2017,South Africa,Cape Verde,-1,,,,,,,,
2017,Turkey,Croatia,1,,,,,,,,
2017,Uzbekistan,South Korea,0,,,,,,,,
2017,Argentina,Peru,0,,,,,,,,
2017,Armenia,Poland,-1,,,,,,,,
2017,Azerbaijan,Czech Republic,-1,,,,,,,,
2017,Bolivia,Brazil,0,,,,,,,,
2017,Chile,Ecuador,1,,,,,,,,
2017,Colombia,Paraguay,-1,,,,,,,,
2017,England,Slovenia,1,,,,,,,,
2017,Malta,Lithuania,0,,,,,,,,
2017,Montenegro,Denmark,-1,,,,,,,,
2017,Northern Ireland,Germany,-1,,,,,,,,
2017,Romania,Kazakhstan,1,,,,,,,,
2017,San Marino,Norway,-1,,,,,,,,
2017,Scotland,Slovakia,1,,,,,,,,
2017,Syria,Australia,0,,,,,,,,
2017,Venezuela,Uruguay,0,,,,,,,,
2017,Austria,Serbia,1,,,,,,,,
2017,Croatia,Finland,0,,,,,,,,
2017,Georgia,Wales,-1,,,,,,,,
2017,Republic of Ireland,Moldova,1,,,,,,,,
2017,Italy,North Macedonia,0,,,,,,,,
2017,Kosovo,Ukraine,-1,,,,,,,,
2017,Liechtenstein,Israel,-1,,,,,,,,
2017,Mali,Ivory Coast,0,,,,,,,,
2017,Mexico,Trinidad and Tobago,1,,,,,,,,
2017,Spain,Albania,1,,,,,,,,
2017,Turkey,Iceland,-1,,,,,,,,
2017,United States,Panama,1,,,,,,,,
2017,Andorra,Portugal,-1,,,,,,,,
2017,Belarus,Netherlands,-1,,,,,,,,
2017,Bosnia and Herzegovina,Belgium,-1,,,,,,,,
2017,Bulgaria,France,-1,,,,,,,,
2017,Cameroon,Algeria,1,,,,,,,,
2017,Cape Verde,Senegal,-1,,,,,,,,
2017,Costa Rica,Honduras,0,,,,,,,,
2017,Cyprus,Greece,-1,,,,,,,,
2017,Faroe Islands,Latvia,0,,,,,,,,
2017,Gibraltar,Estonia,-1,,,,,,,,
2017,Guinea,Tunisia,-1,,,,,,,,
2017,Libya,DR Congo,-1,,,,,,,,
2017,Morocco,Gabon,1,,,,,,,,
2017,Nigeria,Zambia,1,,,,,,,,
2017,South Africa,Burkina Faso,1,,,,,,,,
2017,Sweden,Luxembourg,1,,,,,,,,
2017,Switzerland,Hungary,1,,,,,,,,
2017,Uganda,Ghana,0,,,,,,,,
2017,Czech Republic,San Marino,1,,,,,,,,
2017,Denmark,Romania,0,,,,,,,,
2017,Egypt,Congo,1,,,,,,,,
2017,Germany,Azerbaijan,1,,,,,,,,
2017,Kazakhstan,Armenia,0,,,,,,,,
2017,Lithuania,England,-1,,,,,,,,
2017,Norway,Northern Ireland,1,,,,,,,,
2017,Poland,Montenegro,1,,,,,,,,
2017,Slovakia,Malta,1,,,,,,,,
2017,Slovenia,Scotland,0,,,,,,,,
2017,Albania,Italy,-1,,,,,,,,
2017,Finland,Turkey,0,,,,,,,,
2017,Iceland,Kosovo,1,,,,,,,,
2017,Israel,Spain,-1,,,,,,,,
2017,North Macedonia,Liechtenstein,1,,,,,,,,
2017,Moldova,Austria,-1,,,,,,,,
2017,Serbia,Georgia,1,,,,,,,,
2017,Ukraine,Croatia,-1,,,,,,,,
2017,Wales,Republic of Ireland,-1,,,,,,,,
2017,Australia,Syria,1,,,,,,,,
2017,Belgium,Cyprus,1,,,,,,,,
2017,Brazil,Chile,1,,,,,,,,
2017,Ecuador,Argentina,-1,,,,,,,,
2017,Estonia,Bosnia and Herzegovina,-1,,,,,,,,
2017,France,Belarus,1,,,,,,,,
2017,Greece,Gibraltar,1,,,,,,,,
2017,Honduras,Mexico,1,,,,,,,,
2017,Hungary,Faroe Islands,1,,,,,,,,
2017,Latvia,Andorra,1,,,,,,,,
2017,Luxembourg,Bulgaria,0,,,,,,,,
2017,Netherlands,Sweden,1,,,,,,,,
2017,Panama,Costa Rica,1,,,,,,,,
2017,Paraguay,Venezuela,-1,,,,,,,,
2017,Peru,Colombia,0,,,,,,,,
2017,Portugal,Switzerland,1,,,,,,,,
2017,Trinidad and Tobago,United States,1,,,,,,,,
2017,Uruguay,Bolivia,1,,,,,,,,
2017,Croatia,Greece,1,,,,,,,,
2017,Northern Ireland,Switzerland,-1,,,,,,,,
2017,Algeria,Nigeria,1,,,,,,,,
2017,Honduras,Australia,0,,,,,,,,
2017,South Africa,Senegal,-1,,,,,,,,
2017,Sweden,Italy,1,,,,,,,,
2017,DR Congo,Guinea,1,,,,,,,,
2017,Denmark,Republic of Ireland,0,,,,,,,,
2017,Gabon,Mali,0,,,,,,,,
2017,Ivory Coast,Morocco,-1,,,,,,,,
2017,New Zealand,Peru,0,,,,,,,,
2017,Tunisia,Libya,0,,,,,,,,
2017,Zambia,Cameroon,0,,,,,,,,
2017,Congo,Uganda,0,,,,,,,,
2017,Ghana,Egypt,0,,,,,,,,
2017,Greece,Croatia,0,,,,,,,,
2017,Switzerland,Northern Ireland,0,,,,,,,,
2017,Italy,Sweden,0,,,,,,,,
2017,Burkina Faso,Cape Verde,1,,,,,,,,
2017,Republic of Ireland,Denmark,-1,,,,,,,,
2017,Senegal,South Africa,1,,,,,,,,
2017,Australia,Honduras,1,,,,,,,,
2017,Peru,New Zealand,1,,,,,,,,
2018,Russia,Saudi Arabia,1,8.0,8.0,-0.0748124999999999,0.1234374999999999,26.0,3.0,-0.0722105263157894,-0.0419298245614035
2018,Egypt,Uruguay,-1,31.0,0.0,-0.0898125,0.0648958333333333,5.0,12.0,0.0885,0.1016666666666666
2018,Morocco,Iran,-1,27.0,1.0,-0.0459375,0.1108333333333333,18.0,4.0,-0.289625,-0.2051041666666667
2018,Portugal,Spain,0,13.0,5.0,0.0398235294117647,-0.0097058823529411,10.0,6.0,0.5088823529411765,0.0077450980392156
2018,France,Australia,1,1.0,19.0,-0.1045,-0.0861666666666666,30.0,1.0,0.0955999999999999,0.0375555555555555
2018,Argentina,Iceland,0,16.0,4.0,0.069578947368421,0.0621929824561403,28.0,1.0,-0.0807333333333333,-0.1128888888888889
2018,Peru,Denmark,-1,20.0,3.0,0.0246666666666666,0.1385555555555555,11.0,6.0,-0.1720588235294117,0.0570588235294117
2018,Croatia,Nigeria,1,2.0,14.0,-0.1292380952380952,0.0102380952380952,21.0,3.0,0.0444,0.1052222222222222
2018,Costa Rica,Serbia,-1,29.0,1.0,-0.128375,-0.0703125,23.0,3.0,0.2102142857142857,0.1610714285714285
2018,Germany,Mexico,-1,22.0,3.0,0.29685,-0.0800833333333333,12.0,6.0,0.3121428571428571,0.3092857142857143
2018,Brazil,Switzerland,0,6.0,10.0,0.3632352941176471,0.1107843137254901,14.0,5.0,0.2765,0.3355952380952381
2018,Sweden,South Korea,1,7.0,9.0,0.0004,0.0325555555555555,19.0,3.0,-0.1514117647058823,-0.0008823529411764
2018,Belgium,Panama,1,3.0,18.0,0.0719999999999999,-0.1459166666666666,32.0,0.0,-0.305,-0.3064035087719298
2018,Tunisia,England,-1,24.0,3.0,-0.0482777777777777,-0.0926851851851852,4.0,10.0,0.0077499999999999,-0.21125
2018,Colombia,Japan,-1,9.0,7.0,-0.157,-0.0034259259259259,15.0,4.0,-0.0817777777777777,0.099537037037037
2018,Poland,Senegal,-1,25.0,3.0,-0.1916999999999999,-0.0708333333333333,17.0,4.0,-0.1311176470588236,-0.1319607843137255
2018,Russia,Egypt,1,8.0,8.0,-0.0748124999999999,0.1234374999999999,31.0,0.0,-0.0898125,0.0648958333333333
2018,Portugal,Morocco,1,13.0,5.0,0.0398235294117647,-0.0097058823529411,27.0,1.0,-0.0459375,0.1108333333333333
2018,Uruguay,Saudi Arabia,1,5.0,12.0,0.0885,0.1016666666666666,26.0,3.0,-0.0722105263157894,-0.0419298245614035
2018,Iran,Spain,-1,18.0,4.0,-0.289625,-0.2051041666666667,10.0,6.0,0.5088823529411765,0.0077450980392156
2018,Denmark,Australia,0,11.0,6.0,-0.1720588235294117,0.0570588235294117,30.0,1.0,0.0955999999999999,0.0375555555555555
2018,France,Peru,1,1.0,19.0,-0.1045,-0.0861666666666666,20.0,3.0,0.0246666666666666,0.1385555555555555
2018,Argentina,Croatia,-1,16.0,4.0,0.069578947368421,0.0621929824561403,2.0,14.0,-0.1292380952380952,0.0102380952380952
2018,Brazil,Costa Rica,1,6.0,10.0,0.3632352941176471,0.1107843137254901,29.0,1.0,-0.128375,-0.0703125
2018,Nigeria,Iceland,1,21.0,3.0,0.0444,0.1052222222222222,28.0,1.0,-0.0807333333333333,-0.1128888888888889
2018,Serbia,Switzerland,-1,23.0,3.0,0.2102142857142857,0.1610714285714285,14.0,5.0,0.2765,0.3355952380952381
2018,Belgium,Tunisia,1,3.0,18.0,0.0719999999999999,-0.1459166666666666,24.0,3.0,-0.0482777777777777,-0.0926851851851852
2018,South Korea,Mexico,-1,19.0,3.0,-0.1514117647058823,-0.0008823529411764,12.0,6.0,0.3121428571428571,0.3092857142857143
2018,Germany,Sweden,1,22.0,3.0,0.29685,-0.0800833333333333,7.0,9.0,0.0004,0.0325555555555555
2018,England,Panama,1,4.0,10.0,0.0077499999999999,-0.21125,32.0,0.0,-0.305,-0.3064035087719298
2018,Japan,Senegal,0,15.0,4.0,-0.0817777777777777,0.099537037037037,17.0,4.0,-0.1311176470588236,-0.1319607843137255
2018,Poland,Colombia,-1,25.0,3.0,-0.1916999999999999,-0.0708333333333333,9.0,7.0,-0.157,-0.0034259259259259
2018,Russia,Uruguay,-1,8.0,8.0,-0.0748124999999999,0.1234374999999999,5.0,12.0,0.0885,0.1016666666666666
2018,Saudi Arabia,Egypt,1,26.0,3.0,-0.0722105263157894,-0.0419298245614035,31.0,0.0,-0.0898125,0.0648958333333333
2018,Spain,Morocco,0,10.0,6.0,0.5088823529411765,0.0077450980392156,27.0,1.0,-0.0459375,0.1108333333333333
2018,Iran,Portugal,0,18.0,4.0,-0.289625,-0.2051041666666667,13.0,5.0,0.0398235294117647,-0.0097058823529411
2018,Australia,Peru,-1,30.0,1.0,0.0955999999999999,0.0375555555555555,20.0,3.0,0.0246666666666666,0.1385555555555555
2018,Denmark,France,0,11.0,6.0,-0.1720588235294117,0.0570588235294117,1.0,19.0,-0.1045,-0.0861666666666666
2018,Nigeria,Argentina,-1,21.0,3.0,0.0444,0.1052222222222222,16.0,4.0,0.069578947368421,0.0621929824561403
2018,Iceland,Croatia,-1,28.0,1.0,-0.0807333333333333,-0.1128888888888889,2.0,14.0,-0.1292380952380952,0.0102380952380952
2018,South Korea,Germany,1,19.0,3.0,-0.1514117647058823,-0.0008823529411764,22.0,3.0,0.29685,-0.0800833333333333
2018,Mexico,Sweden,-1,12.0,6.0,0.3121428571428571,0.3092857142857143,7.0,9.0,0.0004,0.0325555555555555
2018,Serbia,Brazil,-1,23.0,3.0,0.2102142857142857,0.1610714285714285,6.0,10.0,0.3632352941176471,0.1107843137254901
2018,Switzerland,Costa Rica,0,14.0,5.0,0.2765,0.3355952380952381,29.0,1.0,-0.128375,-0.0703125
2018,Japan,Poland,-1,15.0,4.0,-0.0817777777777777,0.099537037037037,25.0,3.0,-0.1916999999999999,-0.0708333333333333
2018,Senegal,Colombia,-1,17.0,4.0,-0.1311176470588236,-0.1319607843137255,9.0,7.0,-0.157,-0.0034259259259259
2018,Panama,Tunisia,-1,32.0,0.0,-0.305,-0.3064035087719298,24.0,3.0,-0.0482777777777777,-0.0926851851851852
2018,England,Belgium,-1,4.0,10.0,0.0077499999999999,-0.21125,3.0,18.0,0.0719999999999999,-0.1459166666666666
2018,France,Argentina,1,1.0,19.0,-0.1045,-0.0861666666666666,16.0,4.0,0.069578947368421,0.0621929824561403
2018,Uruguay,Portugal,1,5.0,12.0,0.0885,0.1016666666666666,13.0,5.0,0.0398235294117647,-0.0097058823529411
2018,Russia,Spain,0,8.0,8.0,-0.0748124999999999,0.1234374999999999,10.0,6.0,0.5088823529411765,0.0077450980392156
2018,Croatia,Denmark,0,2.0,14.0,-0.1292380952380952,0.0102380952380952,11.0,6.0,-0.1720588235294117,0.0570588235294117
2018,Brazil,Mexico,1,6.0,10.0,0.3632352941176471,0.1107843137254901,12.0,6.0,0.3121428571428571,0.3092857142857143
2018,Belgium,Japan,1,3.0,18.0,0.0719999999999999,-0.1459166666666666,15.0,4.0,-0.0817777777777777,0.099537037037037
2018,Sweden,Switzerland,1,7.0,9.0,0.0004,0.0325555555555555,14.0,5.0,0.2765,0.3355952380952381
2018,Colombia,England,0,9.0,7.0,-0.157,-0.0034259259259259,4.0,10.0,0.0077499999999999,-0.21125
2018,Uruguay,France,-1,5.0,12.0,0.0885,0.1016666666666666,1.0,19.0,-0.1045,-0.0861666666666666
2018,Brazil,Belgium,-1,6.0,10.0,0.3632352941176471,0.1107843137254901,3.0,18.0,0.0719999999999999,-0.1459166666666666
2018,Sweden,England,-1,7.0,9.0,0.0004,0.0325555555555555,4.0,10.0,0.0077499999999999,-0.21125
2018,Russia,Croatia,0,8.0,8.0,-0.0748124999999999,0.1234374999999999,2.0,14.0,-0.1292380952380952,0.0102380952380952
2018,France,Belgium,1,1.0,19.0,-0.1045,-0.0861666666666666,3.0,18.0,0.0719999999999999,-0.1459166666666666
2018,Croatia,England,1,2.0,14.0,-0.1292380952380952,0.0102380952380952,4.0,10.0,0.0077499999999999,-0.21125
2018,Belgium,England,1,3.0,18.0,0.0719999999999999,-0.1459166666666666,4.0,10.0,0.0077499999999999,-0.21125
2018,France,Croatia,1,1.0,19.0,-0.1045,-0.0861666666666666,2.0,14.0,-0.1292380952380952,0.0102380952380952
2019,Bhutan,Guam,1,,,,,,,,
2019,Cambodia,Pakistan,1,,,,,,,,
2019,Laos,Bangladesh,-1,,,,,,,,
2019,Macau,Sri Lanka,1,,,,,,,,
2019,Mongolia,Brunei,1,,,,,,,,
2019,Malaysia,Timor-Leste,1,,,,,,,,
2019,Bangladesh,Laos,0,,,,,,,,
2019,Brunei,Mongolia,1,,,,,,,,
2019,Guam,Bhutan,1,,,,,,,,
2019,Pakistan,Cambodia,-1,,,,,,,,
2019,Sri Lanka,Macau,1,,,,,,,,
2019,Malaysia,Timor-Leste,1,,,,,,,,
2019,Burundi,Tanzania,0,,,,,,,,
2019,Djibouti,Eswatini,1,,,,,,,,
2019,Eritrea,Namibia,-1,,,,,,,,
2019,Ethiopia,Lesotho,0,,,,,,,,
2019,Liberia,Sierra Leone,1,,,,,,,,
2019,Mauritius,Mozambique,-1,,,,,,,,
2019,São Tomé and Príncipe,Guinea-Bissau,-1,,,,,,,,
2019,South Sudan,Equatorial Guinea,0,,,,,,,,
2019,Guam,Maldives,-1,,,,,,,,
2019,Philippines,Syria,-1,,,,,,,,
2019,Taiwan,Jordan,-1,,,,,,,,
2019,Kuwait,Nepal,1,,,,,,,,
2019,Cambodia,Hong Kong,0,,,,,,,,
2019,Bahrain,Iraq,0,,,,,,,,
2019,Palestine,Uzbekistan,1,,,,,,,,
2019,Singapore,Yemen,0,,,,,,,,
2019,India,Oman,-1,,,,,,,,
2019,Qatar,Afghanistan,1,,,,,,,,
2019,Mongolia,Myanmar,1,,,,,,,,
2019,Tajikistan,Kyrgyzstan,1,,,,,,,,
2019,Thailand,Vietnam,0,,,,,,,,
2019,Indonesia,Malaysia,-1,,,,,,,,
2019,North Korea,Lebanon,1,,,,,,,,
2019,Sri Lanka,Turkmenistan,-1,,,,,,,,
2019,Chad,Sudan,-1,,,,,,,,
2019,Seychelles,Rwanda,-1,,,,,,,,
2019,Somalia,Zimbabwe,1,,,,,,,,
2019,Comoros,Togo,0,,,,,,,,
2019,Gambia,Angola,-1,,,,,,,,
2019,Botswana,Malawi,0,,,,,,,,
2019,Equatorial Guinea,South Sudan,1,,,,,,,,
2019,Lesotho,Ethiopia,0,,,,,,,,
2019,Sierra Leone,Liberia,1,,,,,,,,
2019,Tanzania,Burundi,0,,,,,,,,
2019,Guam,Philippines,-1,,,,,,,,
2019,Maldives,China PR,-1,,,,,,,,
2019,Kuwait,Australia,-1,,,,,,,,
2019,Taiwan,Nepal,-1,,,,,,,,
2019,Cambodia,Bahrain,-1,,,,,,,,
2019,Hong Kong,Iran,-1,,,,,,,,
2019,Yemen,Saudi Arabia,0,,,,,,,,
2019,Singapore,Palestine,1,,,,,,,,
2019,Afghanistan,Bangladesh,1,,,,,,,,
2019,Qatar,India,0,,,,,,,,
2019,Mongolia,Tajikistan,-1,,,,,,,,
2019,Myanmar,Japan,-1,,,,,,,,
2019,Indonesia,Thailand,-1,,,,,,,,
2019,Malaysia,United Arab Emirates,-1,,,,,,,,
2019,Turkmenistan,South Korea,-1,,,,,,,,
2019,Sri Lanka,North Korea,-1,,,,,,,,
2019,Angola,Gambia,1,,,,,,,,
2019,Guinea-Bissau,São Tomé and Príncipe,1,,,,,,,,
2019,Malawi,Botswana,1,,,,,,,,
2019,Mozambique,Mauritius,1,,,,,,,,
2019,Namibia,Eritrea,1,,,,,,,,
2019,Rwanda,Seychelles,1,,,,,,,,
2019,Sudan,Chad,0,,,,,,,,
2019,Eswatini,Djibouti,0,,,,,,,,
2019,Togo,Comoros,1,,,,,,,,
2019,Zimbabwe,Somalia,1,,,,,,,,
2019,Syria,Maldives,1,,,,,,,,
2019,China PR,Guam,1,,,,,,,,
2019,Jordan,Kuwait,0,,,,,,,,
2019,Australia,Nepal,1,,,,,,,,
2019,Iran,Cambodia,1,,,,,,,,
2019,Iraq,Hong Kong,1,,,,,,,,
2019,Uzbekistan,Yemen,1,,,,,,,,
2019,Saudi Arabia,Singapore,1,,,,,,,,
2019,Bangladesh,Qatar,-1,,,,,,,,
2019,Oman,Afghanistan,1,,,,,,,,
2019,Japan,Mongolia,1,,,,,,,,
2019,Kyrgyzstan,Myanmar,1,,,,,,,,
2019,United Arab Emirates,Indonesia,1,,,,,,,,
2019,Vietnam,Malaysia,1,,,,,,,,
2019,Lebanon,Turkmenistan,1,,,,,,,,
2019,South Korea,Sri Lanka,1,,,,,,,,
2019,Syria,Guam,1,,,,,,,,
2019,Philippines,China PR,0,,,,,,,,
2019,Jordan,Nepal,1,,,,,,,,
2019,Taiwan,Australia,-1,,,,,,,,
2019,Cambodia,Iraq,-1,,,,,,,,
2019,Bahrain,Iran,1,,,,,,,,
2019,Palestine,Saudi Arabia,0,,,,,,,,
2019,Singapore,Uzbekistan,-1,,,,,,,,
2019,India,Bangladesh,0,,,,,,,,
2019,Qatar,Oman,1,,,,,,,,
2019,Mongolia,Kyrgyzstan,-1,,,,,,,,
2019,Tajikistan,Japan,-1,,,,,,,,
2019,Thailand,United Arab Emirates,1,,,,,,,,
2019,Indonesia,Vietnam,-1,,,,,,,,
2019,North Korea,South Korea,0,,,,,,,,
2019,Sri Lanka,Lebanon,-1,,,,,,,,
2019,Maldives,Philippines,-1,,,,,,,,
2019,Syria,China PR,1,,,,,,,,
2019,Jordan,Australia,-1,,,,,,,,
2019,Kuwait,Taiwan,1,,,,,,,,
2019,Iraq,Iran,1,,,,,,,,
2019,Hong Kong,Bahrain,0,,,,,,,,
2019,Uzbekistan,Saudi Arabia,-1,,,,,,,,
2019,Yemen,Palestine,1,,,,,,,,
2019,Afghanistan,India,0,,,,,,,,
2019,Oman,Bangladesh,1,,,,,,,,
2019,Myanmar,Tajikistan,1,,,,,,,,
2019,Kyrgyzstan,Japan,-1,,,,,,,,
2019,Vietnam,United Arab Emirates,1,,,,,,,,
2019,Malaysia,Thailand,1,,,,,,,,
2019,Lebanon,South Korea,0,,,,,,,,
2019,Turkmenistan,North Korea,1,,,,,,,,
2019,Maldives,Guam,1,,,,,,,,
2019,Syria,Philippines,1,,,,,,,,
2019,Nepal,Kuwait,-1,,,,,,,,
2019,Jordan,Taiwan,1,,,,,,,,
2019,Iraq,Bahrain,0,,,,,,,,
2019,Hong Kong,Cambodia,1,,,,,,,,
2019,Uzbekistan,Palestine,1,,,,,,,,
2019,Yemen,Singapore,-1,,,,,,,,
2019,Afghanistan,Qatar,-1,,,,,,,,
2019,Oman,India,1,,,,,,,,
2019,Myanmar,Mongolia,1,,,,,,,,
2019,Kyrgyzstan,Tajikistan,0,,,,,,,,
2019,Vietnam,Thailand,0,,,,,,,,
2019,Malaysia,Indonesia,1,,,,,,,,
2019,Turkmenistan,Sri Lanka,1,,,,,,,,
2019,Lebanon,North Korea,0,,,,,,,,
2020,Paraguay,Peru,0,,,,,,,,
2020,Uruguay,Chile,1,,,,,,,,
2020,Argentina,Ecuador,1,,,,,,,,
2020,Colombia,Venezuela,1,,,,,,,,
2020,Brazil,Bolivia,1,,,,,,,,
2020,Bolivia,Argentina,-1,,,,,,,,
2020,Ecuador,Uruguay,1,,,,,,,,
2020,Venezuela,Paraguay,-1,,,,,,,,
2020,Peru,Brazil,-1,,,,,,,,
2020,Chile,Colombia,0,,,,,,,,
2020,Bolivia,Ecuador,-1,,,,,,,,
2020,Argentina,Paraguay,0,,,,,,,,
2020,Colombia,Uruguay,-1,,,,,,,,
2020,Chile,Peru,1,,,,,,,,
2020,Brazil,Venezuela,1,,,,,,,,
2020,Ecuador,Colombia,1,,,,,,,,
2020,Venezuela,Chile,1,,,,,,,,
2020,Peru,Argentina,-1,,,,,,,,
2020,Paraguay,Bolivia,0,,,,,,,,
2020,Uruguay,Brazil,-1,,,,,,,,
2020,Qatar,Bangladesh,1,,,,,,,,
2021,Antigua and Barbuda,Montserrat,0,,,,,,,,
2021,Suriname,Cayman Islands,1,,,,,,,,
2021,Guatemala,Cuba,1,,,,,,,,
2021,Dominican Republic,Dominica,1,,,,,,,,
2021,Saint Kitts and Nevis,Puerto Rico,1,,,,,,,,
2021,Portugal,Azerbaijan,1,,,,,,,,
2021,Serbia,Republic of Ireland,1,,,,,,,,
2021,France,Ukraine,0,,,,,,,,
2021,Finland,Bosnia and Herzegovina,0,,,,,,,,
2021,Belgium,Wales,1,,,,,,,,
2021,Estonia,Czech Republic,-1,,,,,,,,
2021,Turkey,Netherlands,1,,,,,,,,
2021,Gibraltar,Norway,-1,,,,,,,,
2021,Latvia,Montenegro,-1,,,,,,,,
2021,Malta,Russia,-1,,,,,,,,
2021,Slovenia,Croatia,1,,,,,,,,
2021,Cyprus,Slovakia,0,,,,,,,,
2021,El Salvador,Grenada,1,,,,,,,,
2021,Canada,Bermuda,1,,,,,,,,
2021,Curaçao,Saint Vincent and the Grenadines,1,,,,,,,,
2021,Panama,Barbados,1,,,,,,,,
2021,Haiti,Belize,1,,,,,,,,
2021,Trinidad and Tobago,Guyana,1,,,,,,,,
2021,Spain,Greece,0,,,,,,,,
2021,Sweden,Georgia,1,,,,,,,,
2021,Bulgaria,Switzerland,-1,,,,,,,,
2021,Italy,Northern Ireland,1,,,,,,,,
2021,Israel,Denmark,-1,,,,,,,,
2021,Scotland,Austria,0,,,,,,,,
2021,Moldova,Faroe Islands,0,,,,,,,,
2021,England,San Marino,1,,,,,,,,
2021,Andorra,Albania,-1,,,,,,,,
2021,Hungary,Poland,0,,,,,,,,
2021,Germany,Iceland,1,,,,,,,,
2021,Liechtenstein,Armenia,-1,,,,,,,,
2021,Romania,North Macedonia,1,,,,,,,,
2021,Tajikistan,Mongolia,1,,,,,,,,
2021,United States Virgin Islands,Antigua and Barbuda,-1,,,,,,,,
2021,Aruba,Suriname,-1,,,,,,,,
2021,British Virgin Islands,Guatemala,-1,,,,,,,,
2021,Anguilla,Dominican Republic,-1,,,,,,,,
2021,Turks and Caicos Islands,Nicaragua,-1,,,,,,,,
2021,Bahamas,Saint Kitts and Nevis,-1,,,,,,,,
2021,Republic of Ireland,Luxembourg,-1,,,,,,,,
2021,Serbia,Portugal,0,,,,,,,,
2021,Belarus,Estonia,1,,,,,,,,
2021,Czech Republic,Belgium,0,,,,,,,,
2021,Montenegro,Gibraltar,1,,,,,,,,
2021,Netherlands,Latvia,1,,,,,,,,
2021,Norway,Turkey,-1,,,,,,,,
2021,Russia,Slovenia,1,,,,,,,,
2021,Croatia,Cyprus,1,,,,,,,,
2021,Slovakia,Malta,0,,,,,,,,
2021,Montserrat,El Salvador,0,,,,,,,,
2021,Cuba,Curaçao,-1,,,,,,,,
2021,Dominica,Panama,-1,,,,,,,,
2021,Puerto Rico,Trinidad and Tobago,0,,,,,,,,
2021,Georgia,Spain,-1,,,,,,,,
2021,Kosovo,Sweden,-1,,,,,,,,
2021,Switzerland,Lithuania,1,,,,,,,,
2021,Bulgaria,Italy,-1,,,,,,,,
2021,Kazakhstan,France,-1,,,,,,,,
2021,Ukraine,Finland,0,,,,,,,,
2021,Denmark,Moldova,1,,,,,,,,
2021,Austria,Faroe Islands,1,,,,,,,,
2021,Israel,Scotland,0,,,,,,,,
2021,Albania,England,-1,,,,,,,,
2021,Poland,Andorra,1,,,,,,,,
2021,San Marino,Hungary,-1,,,,,,,,
2021,Armenia,Iceland,1,,,,,,,,
2021,North Macedonia,Liechtenstein,1,,,,,,,,
2021,Romania,Germany,-1,,,,,,,,
2021,Cayman Islands,Canada,-1,,,,,,,,
2021,Grenada,United States Virgin Islands,1,,,,,,,,
2021,Bermuda,Aruba,1,,,,,,,,
2021,Saint Vincent and the Grenadines,British Virgin Islands,1,,,,,,,,
2021,Barbados,Anguilla,1,,,,,,,,
2021,Belize,Turks and Caicos Islands,1,,,,,,,,
2021,Guyana,Bahamas,1,,,,,,,,
2021,Azerbaijan,Serbia,-1,,,,,,,,
2021,Luxembourg,Portugal,-1,,,,,,,,
2021,Wales,Czech Republic,1,,,,,,,,
2021,Belgium,Belarus,1,,,,,,,,
2021,Gibraltar,Netherlands,-1,,,,,,,,
2021,Montenegro,Norway,-1,,,,,,,,
2021,Turkey,Latvia,0,,,,,,,,
2021,Cyprus,Slovenia,1,,,,,,,,
2021,Croatia,Malta,1,,,,,,,,
2021,Slovakia,Russia,1,,,,,,,,
2021,Saudi Arabia,Palestine,1,,,,,,,,
2021,Japan,Mongolia,1,,,,,,,,
2021,Spain,Kosovo,1,,,,,,,,
2021,Greece,Georgia,0,,,,,,,,
2021,Northern Ireland,Bulgaria,0,,,,,,,,
2021,Lithuania,Italy,-1,,,,,,,,
2021,Bosnia and Herzegovina,France,-1,,,,,,,,
2021,Ukraine,Kazakhstan,0,,,,,,,,
2021,Scotland,Faroe Islands,1,,,,,,,,
2021,Austria,Denmark,-1,,,,,,,,
2021,Moldova,Israel,-1,,,,,,,,
2021,England,Poland,1,,,,,,,,
2021,Andorra,Hungary,-1,,,,,,,,
2021,San Marino,Albania,-1,,,,,,,,
2021,Armenia,Romania,1,,,,,,,,
2021,Germany,North Macedonia,-1,,,,,,,,
2021,Liechtenstein,Iceland,-1,,,,,,,,
2021,Japan,Myanmar,1,,,,,,,,
2021,China PR,Guam,1,,,,,,,,
2021,Montserrat,United States Virgin Islands,1,,,,,,,,
2021,Cayman Islands,Aruba,-1,,,,,,,,
2021,Cuba,British Virgin Islands,1,,,,,,,,
2021,Dominica,Anguilla,1,,,,,,,,
2021,Puerto Rico,Bahamas,1,,,,,,,,
2021,Nepal,Taiwan,1,,,,,,,,
2021,Iran,Hong Kong,1,,,,,,,,
2021,Bahrain,Cambodia,1,,,,,,,,
2021,Palestine,Singapore,1,,,,,,,,
2021,Bangladesh,Afghanistan,0,,,,,,,,
2021,United Arab Emirates,Malaysia,1,,,,,,,,
2021,Thailand,Indonesia,0,,,,,,,,
2021,Bolivia,Venezuela,1,,,,,,,,
2021,Uruguay,Paraguay,0,,,,,,,,
2021,Argentina,Chile,0,,,,,,,,
2021,Peru,Colombia,-1,,,,,,,,
2021,Kuwait,Australia,-1,,,,,,,,
2021,Qatar,India,1,,,,,,,,
2021,Maldives,Syria,-1,,,,,,,,
2021,Antigua and Barbuda,Grenada,1,,,,,,,,
2021,Suriname,Bermuda,1,,,,,,,,
2021,Guatemala,Saint Vincent and the Grenadines,1,,,,,,,,
2021,Dominican Republic,Barbados,0,,,,,,,,
2021,Nicaragua,Belize,1,,,,,,,,
2021,Saint Kitts and Nevis,Guyana,1,,,,,,,,
2021,Brazil,Ecuador,1,,,,,,,,
2021,Saudi Arabia,Yemen,1,,,,,,,,
2021,Lebanon,Sri Lanka,1,,,,,,,,
2021,South Korea,Turkmenistan,1,,,,,,,,
2021,United States Virgin Islands,El Salvador,-1,,,,,,,,
2021,Aruba,Canada,-1,,,,,,,,
2021,British Virgin Islands,Curaçao,-1,,,,,,,,
2021,Panama,Anguilla,1,,,,,,,,
2021,Turks and Caicos Islands,Haiti,-1,,,,,,,,
2021,Bahamas,Trinidad and Tobago,0,,,,,,,,
2021,Guam,Syria,-1,,,,,,,,
2021,China PR,Philippines,1,,,,,,,,
2021,Nepal,Jordan,-1,,,,,,,,
2021,Australia,Taiwan,1,,,,,,,,
2021,Iraq,Cambodia,1,,,,,,,,
2021,Uzbekistan,Singapore,1,,,,,,,,
2021,Bangladesh,India,-1,,,,,,,,
2021,Kyrgyzstan,Mongolia,-1,,,,,,,,
2021,Japan,Tajikistan,1,,,,,,,,
2021,United Arab Emirates,Thailand,1,,,,,,,,
2021,Vietnam,Indonesia,1,,,,,,,,
2021,Bahrain,Iran,-1,,,,,,,,
2021,Qatar,Oman,1,,,,,,,,
2021,Grenada,Montserrat,-1,,,,,,,,
2021,El Salvador,Antigua and Barbuda,1,,,,,,,,
2021,Canada,Suriname,1,,,,,,,,
2021,Bermuda,Cayman Islands,0,,,,,,,,
2021,Saint Vincent and the Grenadines,Cuba,-1,,,,,,,,
2021,Curaçao,Guatemala,0,,,,,,,,
2021,Barbados,Dominica,0,,,,,,,,
2021,Panama,Dominican Republic,1,,,,,,,,
2021,Haiti,Nicaragua,1,,,,,,,,
2021,Guyana,Puerto Rico,-1,,,,,,,,
2021,Trinidad and Tobago,Saint Kitts and Nevis,1,,,,,,,,
2021,Ecuador,Peru,-1,,,,,,,,
2021,Colombia,Argentina,0,,,,,,,,
2021,Venezuela,Uruguay,0,,,,,,,,
2021,Paraguay,Brazil,-1,,,,,,,,
2021,Chile,Bolivia,0,,,,,,,,
2021,Turkmenistan,Lebanon,1,,,,,,,,
2021,South Korea,Sri Lanka,1,,,,,,,,
2021,Philippines,Guam,1,,,,,,,,
2021,China PR,Maldives,1,,,,,,,,
2021,Nepal,Australia,-1,,,,,,,,
2021,Kuwait,Jordan,0,,,,,,,,
2021,Cambodia,Iran,-1,,,,,,,,
2021,Hong Kong,Iraq,-1,,,,,,,,
2021,Yemen,Uzbekistan,-1,,,,,,,,
2021,Afghanistan,Oman,-1,,,,,,,,
2021,Myanmar,Kyrgyzstan,-1,,,,,,,,
2021,Malaysia,Vietnam,-1,,,,,,,,
2021,Saudi Arabia,Singapore,1,,,,,,,,
2021,United Arab Emirates,Indonesia,1,,,,,,,,
2021,Haiti,Canada,-1,,,,,,,,
2021,Panama,Curaçao,1,,,,,,,,
2021,Saint Kitts and Nevis,El Salvador,-1,,,,,,,,
2021,South Korea,Lebanon,1,,,,,,,,
2021,Philippines,Maldives,0,,,,,,,,
2021,China PR,Syria,1,,,,,,,,
2021,Australia,Jordan,1,,,,,,,,
2021,Bahrain,Hong Kong,1,,,,,,,,
2021,Iran,Iraq,1,,,,,,,,
2021,Palestine,Yemen,1,,,,,,,,
2021,Saudi Arabia,Uzbekistan,1,,,,,,,,
2021,Bangladesh,Oman,-1,,,,,,,,
2021,India,Afghanistan,0,,,,,,,,
2021,Tajikistan,Myanmar,1,,,,,,,,
2021,Japan,Kyrgyzstan,1,,,,,,,,
2021,Thailand,Malaysia,-1,,,,,,,,
2021,United Arab Emirates,Vietnam,1,,,,,,,,
2021,Canada,Haiti,1,,,,,,,,
2021,Curaçao,Panama,0,,,,,,,,
2021,El Salvador,Saint Kitts and Nevis,1,,,,,,,,
2021,Kuwait,Taiwan,1,,,,,,,,
2021,Central African Republic,Cape Verde,0,,,,,,,,
2021,Mali,Rwanda,1,,,,,,,,
2021,Egypt,Angola,1,,,,,,,,
2021,Libya,Gabon,1,,,,,,,,
2021,Senegal,Togo,1,,,,,,,,
2021,Guinea-Bissau,Guinea,0,,,,,,,,
2021,Portugal,Republic of Ireland,1,,,,,,,,
2021,Luxembourg,Azerbaijan,1,,,,,,,,
2021,Kazakhstan,Ukraine,0,,,,,,,,
2021,France,Bosnia and Herzegovina,0,,,,,,,,
2021,Faroe Islands,Israel,-1,,,,,,,,
2021,Denmark,Scotland,1,,,,,,,,
2021,Moldova,Austria,-1,,,,,,,,
2021,Norway,Netherlands,0,,,,,,,,
2021,Latvia,Gibraltar,1,,,,,,,,
2021,Turkey,Montenegro,0,,,,,,,,
2021,Malta,Cyprus,1,,,,,,,,
2021,Slovenia,Slovakia,0,,,,,,,,
2021,Russia,Croatia,0,,,,,,,,
2021,Niger,Burkina Faso,-1,,,,,,,,
2021,Algeria,Djibouti,1,,,,,,,,
2021,Kenya,Uganda,0,,,,,,,,
2021,Namibia,Congo,0,,,,,,,,
2021,Morocco,Sudan,1,,,,,,,,
2021,DR Congo,Tanzania,0,,,,,,,,
2021,Madagascar,Benin,-1,,,,,,,,
2021,South Korea,Iraq,0,,,,,,,,
2021,Iran,Syria,1,,,,,,,,
2021,United Arab Emirates,Lebanon,0,,,,,,,,
2021,Japan,Oman,-1,,,,,,,,
2021,Australia,China PR,1,,,,,,,,
2021,Saudi Arabia,Vietnam,1,,,,,,,,
2021,Georgia,Kosovo,-1,,,,,,,,
2021,Sweden,Spain,1,,,,,,,,
2021,Italy,Bulgaria,0,,,,,,,,
2021,Lithuania,Northern Ireland,-1,,,,,,,,
2021,Czech Republic,Belarus,1,,,,,,,,
2021,Estonia,Belgium,-1,,,,,,,,
2021,Andorra,San Marino,1,,,,,,,,
2021,Hungary,England,-1,,,,,,,,
2021,Poland,Albania,1,,,,,,,,
2021,Iceland,Romania,-1,,,,,,,,
2021,Liechtenstein,Germany,-1,,,,,,,,
2021,North Macedonia,Armenia,0,,,,,,,,
2021,Bolivia,Colombia,0,,,,,,,,
2021,Ecuador,Paraguay,1,,,,,,,,
2021,Peru,Uruguay,0,,,,,,,,
2021,Venezuela,Argentina,-1,,,,,,,,
2021,Chile,Brazil,-1,,,,,,,,
2021,Canada,Honduras,0,,,,,,,,
2021,El Salvador,United States,0,,,,,,,,
2021,Panama,Costa Rica,0,,,,,,,,
2021,Mexico,Jamaica,1,,,,,,,,
2021,Mauritania,Zambia,-1,,,,,,,,
2021,Tunisia,Equatorial Guinea,1,,,,,,,,
2021,Nigeria,Liberia,1,,,,,,,,
2021,Mozambique,Ivory Coast,0,,,,,,,,
2021,Cameroon,Malawi,1,,,,,,,,
2021,Zimbabwe,South Africa,0,,,,,,,,
2021,Ghana,Ethiopia,1,,,,,,,,
2021,Republic of Ireland,Azerbaijan,0,,,,,,,,
2021,Serbia,Luxembourg,1,,,,,,,,
2021,Finland,Kazakhstan,1,,,,,,,,
2021,Ukraine,France,0,,,,,,,,
2021,Faroe Islands,Denmark,-1,,,,,,,,
2021,Scotland,Moldova,1,,,,,,,,
2021,Israel,Austria,1,,,,,,,,
2021,Latvia,Norway,-1,,,,,,,,
2021,Gibraltar,Turkey,-1,,,,,,,,
2021,Netherlands,Montenegro,1,,,,,,,,
2021,Slovenia,Malta,1,,,,,,,,
2021,Cyprus,Russia,-1,,,,,,,,
2021,Slovakia,Croatia,-1,,,,,,,,
2021,Rwanda,Kenya,0,,,,,,,,
2021,Gabon,Egypt,0,,,,,,,,
2021,Togo,Namibia,-1,,,,,,,,
2021,Kosovo,Greece,0,,,,,,,,
2021,Spain,Georgia,1,,,,,,,,
2021,Bulgaria,Lithuania,1,,,,,,,,
2021,Switzerland,Italy,0,,,,,,,,
2021,Belarus,Wales,-1,,,,,,,,
2021,Belgium,Czech Republic,1,,,,,,,,
2021,England,Andorra,1,,,,,,,,
2021,Albania,Hungary,1,,,,,,,,
2021,San Marino,Poland,-1,,,,,,,,
2021,Iceland,North Macedonia,0,,,,,,,,
2021,Germany,Armenia,1,,,,,,,,
2021,Romania,Liechtenstein,1,,,,,,,,
2021,Ecuador,Chile,0,,,,,,,,
2021,Paraguay,Colombia,0,,,,,,,,
2021,Uruguay,Bolivia,1,,,,,,,,
2021,Peru,Venezuela,1,,,,,,,,
2021,Costa Rica,Mexico,-1,,,,,,,,
2021,El Salvador,Honduras,0,,,,,,,,
2021,Jamaica,Panama,-1,,,,,,,,
2021,United States,Canada,0,,,,,,,,
2021,Djibouti,Niger,-1,,,,,,,,
2021,Liberia,Central African Republic,1,,,,,,,,
2021,Ivory Coast,Cameroon,1,,,,,,,,
2021,Uganda,Mali,0,,,,,,,,
2021,South Africa,Ghana,1,,,,,,,,
2021,Benin,DR Congo,0,,,,,,,,
2021,Burkina Faso,Algeria,0,,,,,,,,
2021,Zambia,Tunisia,-1,,,,,,,,
2021,Equatorial Guinea,Mauritania,1,,,,,,,,
2021,Cape Verde,Nigeria,-1,,,,,,,,
2021,Malawi,Mozambique,1,,,,,,,,
2021,Angola,Libya,-1,,,,,,,,
2021,Ethiopia,Zimbabwe,1,,,,,,,,
2021,Congo,Senegal,-1,,,,,,,,
2021,Sudan,Guinea-Bissau,-1,,,,,,,,
2021,Tanzania,Madagascar,1,,,,,,,,
2021,Syria,United Arab Emirates,0,,,,,,,,
2021,South Korea,Lebanon,1,,,,,,,,
2021,Iraq,Iran,-1,,,,,,,,
2021,China PR,Japan,-1,,,,,,,,
2021,Vietnam,Australia,-1,,,,,,,,
2021,Oman,Saudi Arabia,-1,,,,,,,,
2021,Republic of Ireland,Serbia,0,,,,,,,,
2021,Azerbaijan,Portugal,-1,,,,,,,,
2021,Bosnia and Herzegovina,Kazakhstan,0,,,,,,,,
2021,France,Finland,1,,,,,,,,
2021,Faroe Islands,Moldova,1,,,,,,,,
2021,Austria,Scotland,-1,,,,,,,,
2021,Denmark,Israel,1,,,,,,,,
2021,Montenegro,Latvia,0,,,,,,,,
2021,Netherlands,Turkey,1,,,,,,,,
2021,Norway,Gibraltar,1,,,,,,,,
2021,Croatia,Slovenia,1,,,,,,,,
2021,Slovakia,Cyprus,1,,,,,,,,
2021,Russia,Malta,1,,,,,,,,
2021,Kosovo,Spain,-1,,,,,,,,
2021,Greece,Sweden,1,,,,,,,,
2021,Northern Ireland,Switzerland,0,,,,,,,,
2021,Italy,Lithuania,1,,,,,,,,
2021,Wales,Estonia,0,,,,,,,,
2021,Belarus,Belgium,-1,,,,,,,,
2021,Albania,San Marino,1,,,,,,,,
2021,Hungary,Andorra,1,,,,,,,,
2021,Poland,England,0,,,,,,,,
2021,Iceland,Germany,-1,,,,,,,,
2021,Armenia,Liechtenstein,0,,,,,,,,
2021,North Macedonia,Romania,0,,,,,,,,
2021,Costa Rica,Jamaica,0,,,,,,,,
2021,Panama,Mexico,0,,,,,,,,
2021,Canada,El Salvador,1,,,,,,,,
2021,Honduras,United States,-1,,,,,,,,
2021,Colombia,Chile,1,,,,,,,,
2021,Paraguay,Venezuela,1,,,,,,,,
2021,Uruguay,Ecuador,1,,,,,,,,
2021,Argentina,Bolivia,1,,,,,,,,
2021,Brazil,Peru,1,,,,,,,,
2021,Sudan,Guinea,0,,,,,,,,
2021,Morocco,Guinea-Bissau,1,,,,,,,,
2021,Iraq,Lebanon,0,,,,,,,,
2021,South Korea,Syria,1,,,,,,,,
2021,United Arab Emirates,Iran,-1,,,,,,,,
2021,Saudi Arabia,Japan,1,,,,,,,,
2021,China PR,Vietnam,1,,,,,,,,
2021,Australia,Oman,1,,,,,,,,
2021,Honduras,Costa Rica,0,,,,,,,,
2021,United States,Jamaica,1,,,,,,,,
2021,El Salvador,Panama,1,,,,,,,,
2021,Mexico,Canada,0,,,,,,,,
2021,Equatorial Guinea,Zambia,1,,,,,,,,
2021,Tunisia,Mauritania,1,,,,,,,,
2021,Liberia,Cape Verde,-1,,,,,,,,
2021,Nigeria,Central African Republic,-1,,,,,,,,
2021,Rwanda,Uganda,-1,,,,,,,,
2021,Mali,Kenya,1,,,,,,,,
2021,DR Congo,Madagascar,1,,,,,,,,
2021,Tanzania,Benin,-1,,,,,,,,
2021,Ecuador,Bolivia,1,,,,,,,,
2021,Venezuela,Brazil,-1,,,,,,,,
2021,Paraguay,Argentina,0,,,,,,,,
2021,Peru,Chile,1,,,,,,,,
2021,Uruguay,Colombia,0,,,,,,,,
2021,Czech Republic,Wales,0,,,,,,,,
2021,Estonia,Belarus,1,,,,,,,,
2021,Gibraltar,Montenegro,-1,,,,,,,,
2021,Latvia,Netherlands,-1,,,,,,,,
2021,Turkey,Norway,0,,,,,,,,
2021,Malta,Slovenia,-1,,,,,,,,
2021,Cyprus,Croatia,-1,,,,,,,,
2021,Russia,Slovakia,1,,,,,,,,
2021,Iceland,Armenia,0,,,,,,,,
2021,Germany,Romania,1,,,,,,,,
2021,Liechtenstein,North Macedonia,-1,,,,,,,,
2021,Algeria,Niger,1,,,,,,,,
2021,Djibouti,Burkina Faso,-1,,,,,,,,
2021,Malawi,Ivory Coast,-1,,,,,,,,
2021,Cameroon,Mozambique,1,,,,,,,,
2021,Angola,Gabon,1,,,,,,,,
2021,Egypt,Libya,1,,,,,,,,
2021,Azerbaijan,Republic of Ireland,-1,,,,,,,,
2021,Luxembourg,Serbia,-1,,,,,,,,
2021,Sweden,Kosovo,1,,,,,,,,
2021,Georgia,Greece,-1,,,,,,,,
2021,Lithuania,Bulgaria,1,,,,,,,,
2021,Switzerland,Northern Ireland,1,,,,,,,,
2021,Finland,Ukraine,-1,,,,,,,,
2021,Kazakhstan,Bosnia and Herzegovina,-1,,,,,,,,
2021,Scotland,Israel,1,,,,,,,,
2021,Faroe Islands,Austria,-1,,,,,,,,
2021,Moldova,Denmark,-1,,,,,,,,
2021,Andorra,England,-1,,,,,,,,
2021,Hungary,Albania,-1,,,,,,,,
2021,Poland,San Marino,1,,,,,,,,
2021,Ethiopia,South Africa,-1,,,,,,,,
2021,Ghana,Zimbabwe,1,,,,,,,,
2021,Togo,Congo,0,,,,,,,,
2021,Senegal,Namibia,1,,,,,,,,
2021,Guinea,Sudan,0,,,,,,,,
2021,Morocco,Guinea-Bissau,1,,,,,,,,
2021,Costa Rica,El Salvador,1,,,,,,,,
2021,Jamaica,Canada,0,,,,,,,,
2021,Panama,United States,1,,,,,,,,
2021,Mexico,Honduras,1,,,,,,,,
2021,Zambia,Equatorial Guinea,0,,,,,,,,
2021,Mauritania,Tunisia,0,,,,,,,,
2021,Central African Republic,Nigeria,-1,,,,,,,,
2021,Cape Verde,Liberia,1,,,,,,,,
2021,Kenya,Mali,-1,,,,,,,,
2021,Uganda,Rwanda,1,,,,,,,,
2021,Benin,Tanzania,-1,,,,,,,,
2021,Madagascar,DR Congo,1,,,,,,,,
2021,Bolivia,Peru,1,,,,,,,,
2021,Colombia,Brazil,0,,,,,,,,
2021,Venezuela,Ecuador,1,,,,,,,,
2021,Argentina,Uruguay,1,,,,,,,,
2021,Chile,Paraguay,1,,,,,,,,
2021,Belarus,Czech Republic,-1,,,,,,,,
2021,Estonia,Wales,-1,,,,,,,,
2021,Netherlands,Gibraltar,1,,,,,,,,
2021,Norway,Montenegro,1,,,,,,,,
2021,Latvia,Turkey,-1,,,,,,,,
2021,Cyprus,Malta,0,,,,,,,,
2021,Croatia,Slovakia,0,,,,,,,,
2021,Slovenia,Russia,-1,,,,,,,,
2021,Iceland,Liechtenstein,1,,,,,,,,
2021,North Macedonia,Germany,-1,,,,,,,,
2021,Romania,Armenia,1,,,,,,,,
2021,Burkina Faso,Djibouti,1,,,,,,,,
2021,Mozambique,Cameroon,-1,,,,,,,,
2021,Ivory Coast,Malawi,1,,,,,,,,
2021,Gabon,Angola,1,,,,,,,,
2021,Libya,Egypt,-1,,,,,,,,
2021,Iran,South Korea,0,,,,,,,,
2021,Syria,Lebanon,-1,,,,,,,,
2021,United Arab Emirates,Iraq,0,,,,,,,,
2021,Japan,Australia,1,,,,,,,,
2021,Oman,Vietnam,1,,,,,,,,
2021,Saudi Arabia,China PR,1,,,,,,,,
2021,Portugal,Luxembourg,1,,,,,,,,
2021,Serbia,Azerbaijan,1,,,,,,,,
2021,Kosovo,Georgia,-1,,,,,,,,
2021,Sweden,Greece,1,,,,,,,,
2021,Bulgaria,Northern Ireland,1,,,,,,,,
2021,Lithuania,Switzerland,-1,,,,,,,,
2021,Kazakhstan,Finland,-1,,,,,,,,
2021,Ukraine,Bosnia and Herzegovina,0,,,,,,,,
2021,Faroe Islands,Scotland,-1,,,,,,,,
2021,Denmark,Austria,1,,,,,,,,
2021,Israel,Moldova,1,,,,,,,,
2021,England,Hungary,0,,,,,,,,
2021,Albania,Poland,-1,,,,,,,,
2021,San Marino,Andorra,-1,,,,,,,,
2021,Niger,Algeria,-1,,,,,,,,
2021,Zimbabwe,Ghana,-1,,,,,,,,
2021,South Africa,Ethiopia,1,,,,,,,,
2021,Namibia,Senegal,-1,,,,,,,,
2021,Congo,Togo,-1,,,,,,,,
2021,Morocco,Guinea,1,,,,,,,,
2021,Honduras,Jamaica,-1,,,,,,,,
2021,United States,Costa Rica,1,,,,,,,,
2021,Canada,Panama,1,,,,,,,,
2021,El Salvador,Mexico,-1,,,,,,,,
2021,Bolivia,Paraguay,1,,,,,,,,
2021,Colombia,Ecuador,0,,,,,,,,
2021,Argentina,Peru,1,,,,,,,,
2021,Brazil,Uruguay,1,,,,,,,,
2021,Chile,Venezuela,1,,,,,,,,
2021,Uganda,Kenya,0,,,,,,,,
2021,Rwanda,Mali,-1,,,,,,,,
2021,Ethiopia,Ghana,0,,,,,,,,
2021,South Africa,Zimbabwe,1,,,,,,,,
2021,Congo,Namibia,0,,,,,,,,
2021,Togo,Senegal,0,,,,,,,,
2021,Tanzania,DR Congo,-1,,,,,,,,
2021,Benin,Madagascar,1,,,,,,,,
2021,Lebanon,Iran,-1,,,,,,,,
2021,Iraq,Syria,0,,,,,,,,
2021,South Korea,United Arab Emirates,1,,,,,,,,
2021,China PR,Oman,0,,,,,,,,
2021,Vietnam,Japan,-1,,,,,,,,
2021,Australia,Saudi Arabia,0,,,,,,,,
2021,Republic of Ireland,Portugal,0,,,,,,,,
2021,Azerbaijan,Luxembourg,-1,,,,,,,,
2021,Georgia,Sweden,1,,,,,,,,
2021,Greece,Spain,-1,,,,,,,,
2021,Russia,Cyprus,1,,,,,,,,
2021,Malta,Croatia,-1,,,,,,,,
2021,Slovakia,Slovenia,0,,,,,,,,
2021,Germany,Liechtenstein,1,,,,,,,,
2021,Armenia,North Macedonia,-1,,,,,,,,
2021,Romania,Iceland,0,,,,,,,,
2021,Ecuador,Venezuela,1,,,,,,,,
2021,Paraguay,Chile,-1,,,,,,,,
2021,Peru,Bolivia,1,,,,,,,,
2021,Brazil,Colombia,1,,,,,,,,
2021,Burkina Faso,Niger,0,,,,,,,,
2021,Djibouti,Algeria,-1,,,,,,,,
2021,Gabon,Libya,1,,,,,,,,
2021,Angola,Egypt,0,,,,,,,,
2021,Guinea,Guinea-Bissau,0,,,,,,,,
2021,Morocco,Sudan,1,,,,,,,,
2021,Canada,Costa Rica,1,,,,,,,,
2021,Honduras,Panama,-1,,,,,,,,
2021,El Salvador,Jamaica,0,,,,,,,,
2021,United States,Mexico,1,,,,,,,,
2021,Northern Ireland,Lithuania,1,,,,,,,,
2021,Italy,Switzerland,0,,,,,,,,
2021,Moldova,Scotland,-1,,,,,,,,
2021,Denmark,Faroe Islands,1,,,,,,,,
2021,Austria,Israel,1,,,,,,,,
2021,England,Albania,1,,,,,,,,
2021,Andorra,Poland,-1,,,,,,,,
2021,Hungary,San Marino,1,,,,,,,,
2021,Uruguay,Argentina,-1,,,,,,,,
2021,Zambia,Mauritania,1,,,,,,,,
2021,Equatorial Guinea,Tunisia,1,,,,,,,,
2021,Cape Verde,Central African Republic,1,,,,,,,,
2021,Liberia,Nigeria,-1,,,,,,,,
2021,Malawi,Cameroon,-1,,,,,,,,
2021,Ivory Coast,Mozambique,1,,,,,,,,
2021,Bosnia and Herzegovina,Finland,-1,,,,,,,,
2021,France,Kazakhstan,1,,,,,,,,
2021,Wales,Belarus,1,,,,,,,,
2021,Belgium,Estonia,1,,,,,,,,
2021,Norway,Latvia,0,,,,,,,,
2021,Turkey,Gibraltar,1,,,,,,,,
2021,Montenegro,Netherlands,0,,,,,,,,
2021,Mali,Uganda,1,,,,,,,,
2021,Zimbabwe,Ethiopia,0,,,,,,,,
2021,Ghana,South Africa,1,,,,,,,,
2021,Senegal,Congo,1,,,,,,,,
2021,DR Congo,Benin,1,,,,,,,,
2021,Madagascar,Tanzania,0,,,,,,,,
2021,Portugal,Serbia,-1,,,,,,,,
2021,Luxembourg,Republic of Ireland,-1,,,,,,,,
2021,Spain,Sweden,1,,,,,,,,
2021,Greece,Kosovo,0,,,,,,,,
2021,Croatia,Russia,1,,,,,,,,
2021,Malta,Slovakia,-1,,,,,,,,
2021,Slovenia,Cyprus,1,,,,,,,,
2021,Liechtenstein,Romania,-1,,,,,,,,
2021,North Macedonia,Iceland,1,,,,,,,,
2021,Armenia,Germany,-1,,,,,,,,
2021,Niger,Djibouti,1,,,,,,,,
2021,Kenya,Rwanda,1,,,,,,,,
2021,Namibia,Togo,-1,,,,,,,,
2021,Guinea-Bissau,Sudan,0,,,,,,,,
2021,Northern Ireland,Italy,0,,,,,,,,
2021,Switzerland,Bulgaria,1,,,,,,,,
2021,Scotland,Denmark,1,,,,,,,,
2021,Austria,Moldova,1,,,,,,,,
2021,Israel,Faroe Islands,1,,,,,,,,
2021,Albania,Andorra,1,,,,,,,,
2021,Poland,Hungary,-1,,,,,,,,
2021,San Marino,England,-1,,,,,,,,
2021,Algeria,Burkina Faso,0,,,,,,,,
2021,Mauritania,Equatorial Guinea,0,,,,,,,,
2021,Tunisia,Zambia,1,,,,,,,,
2021,Liberia,Central African Republic,1,,,,,,,,
2021,Nigeria,Cape Verde,0,,,,,,,,
2021,Mozambique,Malawi,1,,,,,,,,
2021,Cameroon,Ivory Coast,1,,,,,,,,
2021,Egypt,Gabon,1,,,,,,,,
2021,Libya,Angola,0,,,,,,,,
2021,Morocco,Guinea,1,,,,,,,,
2021,Lebanon,United Arab Emirates,-1,,,,,,,,
2021,Iraq,South Korea,-1,,,,,,,,
2021,Syria,Iran,-1,,,,,,,,
2021,China PR,Australia,0,,,,,,,,
2021,Vietnam,Saudi Arabia,-1,,,,,,,,
2021,Oman,Japan,-1,,,,,,,,
2021,Jamaica,United States,0,,,,,,,,
2021,Canada,Mexico,1,,,,,,,,
2021,Costa Rica,Honduras,1,,,,,,,,
2021,Panama,El Salvador,1,,,,,,,,
2021,Bosnia and Herzegovina,Ukraine,-1,,,,,,,,
2021,Finland,France,-1,,,,,,,,
2021,Wales,Belgium,0,,,,,,,,
2021,Czech Republic,Estonia,1,,,,,,,,
2021,Gibraltar,Latvia,-1,,,,,,,,
2021,Montenegro,Turkey,-1,,,,,,,,
2021,Netherlands,Norway,1,,,,,,,,
2021,Bolivia,Uruguay,1,,,,,,,,
2021,Venezuela,Peru,-1,,,,,,,,
2021,Colombia,Paraguay,0,,,,,,,,
2021,Argentina,Brazil,0,,,,,,,,
2021,Chile,Ecuador,-1,,,,,,,,
2022,Jamaica,Mexico,-1,,,,,22.0,4.0,,
2022,United States,El Salvador,1,14.0,5.0,,,,,,
2022,Honduras,Canada,-1,,,,,31.0,0.0,,
2022,Costa Rica,Panama,1,27.0,3.0,,,,,,
2022,Lebanon,South Korea,-1,,,,,16.0,4.0,,
2022,Iran,Iraq,1,26.0,3.0,,,,,,
2022,United Arab Emirates,Syria,1,,,,,,,,
2022,Japan,China PR,1,9.0,7.0,,,,,,
2022,Australia,Vietnam,1,11.0,6.0,,,,,,
2022,Saudi Arabia,Oman,1,25.0,3.0,,,,,,
2022,Ecuador,Brazil,0,18.0,4.0,,,7.0,10.0,,
2022,Paraguay,Uruguay,-1,,,,,20.0,4.0,,
2022,Chile,Argentina,-1,,,,,1.0,14.0,,
2022,Colombia,Peru,-1,,,,,,,,
2022,Venezuela,Bolivia,1,,,,,,,,
2022,Canada,United States,1,31.0,0.0,,,14.0,5.0,,
2022,Mexico,Costa Rica,0,22.0,4.0,,,27.0,3.0,,
2022,Panama,Jamaica,1,,,,,,,,
2022,Honduras,El Salvador,-1,,,,,,,,
2022,Lebanon,Iraq,0,,,,,,,,
2022,Iran,United Arab Emirates,1,26.0,3.0,,,,,,
2022,Syria,South Korea,-1,,,,,16.0,4.0,,
2022,Vietnam,China PR,1,,,,,,,,
2022,Japan,Saudi Arabia,1,9.0,7.0,,,25.0,3.0,,
2022,Oman,Australia,0,,,,,11.0,6.0,,
2022,Bolivia,Chile,-1,,,,,,,,
2022,Uruguay,Venezuela,1,20.0,4.0,,,,,,
2022,Argentina,Colombia,1,1.0,14.0,,,,,,
2022,Peru,Ecuador,0,,,,,18.0,4.0,,
2022,Brazil,Paraguay,1,7.0,10.0,,,,,,
2022,United States,Honduras,1,14.0,5.0,,,,,,
2022,Jamaica,Costa Rica,-1,,,,,27.0,3.0,,
2022,El Salvador,Canada,-1,,,,,31.0,0.0,,
2022,Mexico,Panama,1,22.0,4.0,,,,,,
2022,Cook Islands,Solomon Islands,-1,,,,,,,,
2022,Papua New Guinea,New Zealand,-1,,,,,,,,
2022,New Caledonia,Fiji,-1,,,,,,,,
2022,Papua New Guinea,New Caledonia,1,,,,,,,,
2022,New Zealand,Fiji,1,,,,,,,,
2022,Jamaica,El Salvador,0,,,,,,,,
2022,Mexico,United States,0,22.0,4.0,,,14.0,5.0,,
2022,Panama,Honduras,0,,,,,,,,
2022,Costa Rica,Canada,1,27.0,3.0,,,31.0,0.0,,
2022,Lebanon,Syria,-1,,,,,,,,
2022,Iraq,United Arab Emirates,1,,,,,,,,
2022,South Korea,Iran,1,16.0,4.0,,,26.0,3.0,,
2022,China PR,Saudi Arabia,0,,,,,25.0,3.0,,
2022,Vietnam,Oman,-1,,,,,,,,
2022,Australia,Japan,-1,11.0,6.0,,,9.0,7.0,,
2022,Solomon Islands,Tahiti,1,,,,,,,,
2022,Fiji,Papua New Guinea,-1,,,,,,,,
2022,New Zealand,New Caledonia,1,,,,,,,,
2022,Colombia,Bolivia,1,,,,,,,,
2022,Brazil,Chile,1,7.0,10.0,,,,,,
2022,Paraguay,Ecuador,1,,,,,18.0,4.0,,
2022,Uruguay,Peru,1,20.0,4.0,,,,,,
2022,Italy,North Macedonia,-1,,,,,,,,
2022,Portugal,Turkey,1,8.0,9.0,,,,,,
2022,Sweden,Czech Republic,1,,,,,,,,
2022,Wales,Austria,1,30.0,1.0,,,,,,
2022,Cameroon,Algeria,-1,19.0,4.0,,,,,,
2022,DR Congo,Morocco,0,,,,,4.0,11.0,,
2022,Egypt,Senegal,1,,,,,10.0,6.0,,
2022,Ghana,Nigeria,0,24.0,3.0,,,,,,
2022,Mali,Tunisia,-1,,,,,21.0,4.0,,
2022,Argentina,Venezuela,1,1.0,14.0,,,,,,
2022,El Salvador,Costa Rica,-1,,,,,27.0,3.0,,
2022,Canada,Jamaica,1,31.0,0.0,,,,,,
2022,Honduras,Mexico,-1,,,,,22.0,4.0,,
2022,United States,Panama,1,14.0,5.0,,,,,,
2022,New Zealand,Tahiti,1,,,,,,,,
2022,Solomon Islands,Papua New Guinea,1,,,,,,,,
2022,Algeria,Cameroon,-1,,,,,19.0,4.0,,
2022,Morocco,DR Congo,1,4.0,11.0,,,,,,
2022,Nigeria,Ghana,0,,,,,24.0,3.0,,
2022,Senegal,Egypt,1,10.0,6.0,,,,,,
2022,Tunisia,Mali,0,21.0,4.0,,,,,,
2022,Iran,Lebanon,1,26.0,3.0,,,,,,
2022,Syria,Iraq,0,,,,,,,,
2022,United Arab Emirates,South Korea,1,,,,,16.0,4.0,,
2022,Japan,Vietnam,0,9.0,7.0,,,,,,
2022,Oman,China PR,1,,,,,,,,
2022,Saudi Arabia,Australia,1,25.0,3.0,,,11.0,6.0,,
2022,Ecuador,Argentina,0,18.0,4.0,,,1.0,14.0,,
2022,Peru,Paraguay,1,,,,,,,,
2022,Bolivia,Brazil,-1,,,,,7.0,10.0,,
2022,Venezuela,Colombia,-1,,,,,,,,
2022,Chile,Uruguay,-1,,,,,20.0,4.0,,
2022,Poland,Sweden,1,15.0,4.0,,,,,,
2022,Portugal,North Macedonia,1,8.0,9.0,,,,,,
2022,Mexico,El Salvador,1,22.0,4.0,,,,,,
2022,Costa Rica,United States,1,27.0,3.0,,,14.0,5.0,,
2022,Panama,Canada,1,,,,,31.0,0.0,,
2022,Jamaica,Honduras,1,,,,,,,,
2022,Solomon Islands,New Zealand,-1,,,,,,,,
2022,Scotland,Ukraine,-1,,,,,,,,
2022,Wales,Ukraine,1,30.0,1.0,,,,,,
2022,United Arab Emirates,Australia,-1,,,,,11.0,6.0,,
2022,Australia,Peru,0,11.0,6.0,,,,,,
2022,Costa Rica,New Zealand,1,27.0,3.0,,,,,,
2022,Qatar,Ecuador,-1,32.0,0.0,,,18.0,4.0,,
2022,Senegal,Netherlands,-1,10.0,6.0,,,5.0,11.0,,
2022,England,Iran,1,6.0,10.0,,,26.0,3.0,,
2022,United States,Wales,0,14.0,5.0,,,30.0,1.0,,
2022,Argentina,Saudi Arabia,-1,1.0,14.0,,,25.0,3.0,,
2022,Mexico,Poland,0,22.0,4.0,,,15.0,4.0,,
2022,Denmark,Tunisia,0,28.0,1.0,,,21.0,4.0,,
2022,France,Australia,1,2.0,16.0,,,11.0,6.0,,
2022,Germany,Japan,-1,17.0,4.0,,,9.0,7.0,,
2022,Spain,Costa Rica,1,13.0,5.0,,,27.0,3.0,,
2022,Morocco,Croatia,0,4.0,11.0,,,3.0,10.0,,
2022,Belgium,Canada,1,23.0,4.0,,,31.0,0.0,,
2022,Switzerland,Cameroon,1,12.0,6.0,,,19.0,4.0,,
2022,Brazil,Serbia,1,7.0,10.0,,,29.0,1.0,,
2022,Uruguay,South Korea,0,20.0,4.0,,,16.0,4.0,,
2022,Portugal,Ghana,1,8.0,9.0,,,24.0,3.0,,
2022,Qatar,Senegal,-1,32.0,0.0,,,10.0,6.0,,
2022,Netherlands,Ecuador,0,5.0,11.0,,,18.0,4.0,,
2022,Wales,Iran,-1,30.0,1.0,,,26.0,3.0,,
2022,England,United States,0,6.0,10.0,,,14.0,5.0,,
2022,Poland,Saudi Arabia,1,15.0,4.0,,,25.0,3.0,,
2022,Argentina,Mexico,1,1.0,14.0,,,22.0,4.0,,
2022,Tunisia,Australia,-1,21.0,4.0,,,11.0,6.0,,
2022,France,Denmark,1,2.0,16.0,,,28.0,1.0,,
2022,Japan,Costa Rica,-1,9.0,7.0,,,27.0,3.0,,
2022,Spain,Germany,0,13.0,5.0,,,17.0,4.0,,
2022,Belgium,Morocco,-1,23.0,4.0,,,4.0,11.0,,
2022,Croatia,Canada,1,3.0,10.0,,,31.0,0.0,,
2022,Cameroon,Serbia,0,19.0,4.0,,,29.0,1.0,,
2022,Brazil,Switzerland,1,7.0,10.0,,,12.0,6.0,,
2022,South Korea,Ghana,-1,16.0,4.0,,,24.0,3.0,,
2022,Portugal,Uruguay,1,8.0,9.0,,,20.0,4.0,,
2022,Ecuador,Senegal,-1,18.0,4.0,,,10.0,6.0,,
2022,Qatar,Netherlands,-1,32.0,0.0,,,5.0,11.0,,
2022,Wales,England,-1,30.0,1.0,,,6.0,10.0,,
2022,Iran,United States,-1,26.0,3.0,,,14.0,5.0,,
2022,Poland,Argentina,-1,15.0,4.0,,,1.0,14.0,,
2022,Saudi Arabia,Mexico,-1,25.0,3.0,,,22.0,4.0,,
2022,Australia,Denmark,1,11.0,6.0,,,28.0,1.0,,
2022,Tunisia,France,1,21.0,4.0,,,2.0,16.0,,
2022,Japan,Spain,1,9.0,7.0,,,13.0,5.0,,
2022,Costa Rica,Germany,-1,27.0,3.0,,,17.0,4.0,,
2022,Croatia,Belgium,0,3.0,10.0,,,23.0,4.0,,
2022,Canada,Morocco,-1,31.0,0.0,,,4.0,11.0,,
2022,Serbia,Switzerland,-1,29.0,1.0,,,12.0,6.0,,
2022,Cameroon,Brazil,1,19.0,4.0,,,7.0,10.0,,
2022,Ghana,Uruguay,-1,24.0,3.0,,,20.0,4.0,,
2022,South Korea,Portugal,1,16.0,4.0,,,8.0,9.0,,
2022,Netherlands,United States,1,5.0,11.0,,,14.0,5.0,,
2022,Argentina,Australia,1,1.0,14.0,,,11.0,6.0,,
2022,France,Poland,1,2.0,16.0,,,15.0,4.0,,
2022,England,Senegal,1,6.0,10.0,,,10.0,6.0,,
2022,Japan,Croatia,0,9.0,7.0,,,3.0,10.0,,
2022,Brazil,South Korea,1,7.0,10.0,,,16.0,4.0,,
2022,Morocco,Spain,0,4.0,11.0,,,13.0,5.0,,
2022,Portugal,Switzerland,1,8.0,9.0,,,12.0,6.0,,
2022,Croatia,Brazil,0,3.0,10.0,,,7.0,10.0,,
2022,Netherlands,Argentina,0,5.0,11.0,,,1.0,14.0,,
2022,Morocco,Portugal,1,4.0,11.0,,,8.0,9.0,,
2022,England,France,-1,6.0,10.0,,,2.0,16.0,,
2022,Argentina,Croatia,1,1.0,14.0,,,3.0,10.0,,
2022,France,Morocco,1,2.0,16.0,,,4.0,11.0,,
2022,Croatia,Morocco,1,3.0,10.0,,,4.0,11.0,,
2022,Argentina,France,0,1.0,14.0,,,2.0,16.0,,
2023,Colombia,Venezuela,1,,,,,,,,
2023,Paraguay,Peru,0,,,,,,,,
2023,Argentina,Ecuador,1,,,,,,,,
2023,Uruguay,Chile,1,,,,,,,,
2023,Brazil,Bolivia,1,,,,,,,,
2023,Bolivia,Argentina,-1,,,,,,,,
2023,Ecuador,Uruguay,1,,,,,,,,
2023,Venezuela,Paraguay,1,,,,,,,,
2023,Peru,Brazil,-1,,,,,,,,
2023,Chile,Colombia,0,,,,,,,,
2023,Colombia,Uruguay,0,,,,,,,,
2023,Bolivia,Ecuador,-1,,,,,,,,
2023,Argentina,Paraguay,1,,,,,,,,
2023,Brazil,Venezuela,0,,,,,,,,
2023,Chile,Peru,1,,,,,,,,
2023,Afghanistan,Mongolia,1,,,,,,,,
2023,Cambodia,Pakistan,0,,,,,,,,
2023,Taiwan,Timor-Leste,1,,,,,,,,
2023,Hong Kong,Bhutan,1,,,,,,,,
2023,Indonesia,Brunei,1,,,,,,,,
2023,Maldives,Bangladesh,0,,,,,,,,
2023,Myanmar,Macau,1,,,,,,,,
2023,Nepal,Laos,0,,,,,,,,
2023,Singapore,Guam,1,,,,,,,,
2023,Yemen,Sri Lanka,1,,,,,,,,
2023,Venezuela,Chile,1,,,,,,,,
2023,Ecuador,Colombia,0,,,,,,,,
2023,Paraguay,Bolivia,1,,,,,,,,
2023,Peru,Argentina,-1,,,,,,,,
2023,Uruguay,Brazil,1,,,,,,,,
2023,Bangladesh,Maldives,1,,,,,,,,
2023,Bhutan,Hong Kong,1,,,,,,,,
2023,Brunei,Indonesia,-1,,,,,,,,
2023,Guam,Singapore,-1,,,,,,,,
2023,Laos,Nepal,-1,,,,,,,,
2023,Macau,Myanmar,0,,,,,,,,
2023,Mongolia,Afghanistan,-1,,,,,,,,
2023,Pakistan,Cambodia,1,,,,,,,,
2023,Sri Lanka,Yemen,0,,,,,,,,
2023,Taiwan,Timor-Leste,1,,,,,,,,
2023,Ethiopia,Sierra Leone,0,,,,,,,,
2023,DR Congo,Mauritania,1,,,,,,,,
2023,Rwanda,Zimbabwe,0,,,,,,,,
2023,Equatorial Guinea,Namibia,1,,,,,,,,
2023,Bolivia,Peru,1,,,,,,,,
2023,Venezuela,Ecuador,0,,,,,,,,
2023,Colombia,Brazil,1,,,,,,,,
2023,Argentina,Uruguay,-1,,,,,,,,
2023,Chile,Paraguay,0,,,,,,,,
2023,Qatar,Afghanistan,1,,,,,,,,
2023,Kuwait,India,-1,,,,,,,,
2023,Japan,Myanmar,1,,,,,,,,
2023,Syria,North Korea,1,,,,,,,,
2023,Thailand,China PR,-1,,,,,,,,
2023,South Korea,Singapore,1,,,,,,,,
2023,Oman,Taiwan,1,,,,,,,,
2023,Malaysia,Kyrgyzstan,1,,,,,,,,
2023,Iran,Hong Kong,1,,,,,,,,
2023,Turkmenistan,Uzbekistan,-1,,,,,,,,
2023,Iraq,Indonesia,1,,,,,,,,
2023,Philippines,Vietnam,-1,,,,,,,,
2023,Tajikistan,Jordan,0,,,,,,,,
2023,Saudi Arabia,Pakistan,1,,,,,,,,
2023,United Arab Emirates,Nepal,1,,,,,,,,
2023,Yemen,Bahrain,-1,,,,,,,,
2023,Lebanon,Palestine,0,,,,,,,,
2023,Australia,Bangladesh,1,,,,,,,,
2023,Egypt,Djibouti,1,,,,,,,,
2023,Sudan,Togo,0,,,,,,,,
2023,Nigeria,Lesotho,0,,,,,,,,
2023,Cape Verde,Angola,0,,,,,,,,
2023,Burundi,Gambia,1,,,,,,,,
2023,Gabon,Kenya,1,,,,,,,,
2023,Botswana,Mozambique,-1,,,,,,,,
2023,Algeria,Somalia,1,,,,,,,,
2023,Burkina Faso,Guinea-Bissau,0,,,,,,,,
2023,Eswatini,Libya,-1,,,,,,,,
2023,Cameroon,Mauritius,1,,,,,,,,
2023,Zambia,Congo,1,,,,,,,,
2023,Ivory Coast,Seychelles,1,,,,,,,,
2023,Guinea,Uganda,1,,,,,,,,
2023,Liberia,Malawi,-1,,,,,,,,
2023,Tunisia,São Tomé and Príncipe,1,,,,,,,,
2023,Comoros,Central African Republic,1,,,,,,,,
2023,Ghana,Madagascar,1,,,,,,,,
2023,Mali,Chad,1,,,,,,,,
2023,Senegal,South Sudan,1,,,,,,,,
2023,South Africa,Benin,1,,,,,,,,
2023,Niger,Tanzania,-1,,,,,,,,
2023,Sierra Leone,Egypt,-1,,,,,,,,
2023,Sudan,DR Congo,1,,,,,,,,
2023,Zimbabwe,Nigeria,0,,,,,,,,
2023,Burundi,Gabon,-1,,,,,,,,
2023,Mozambique,Algeria,-1,,,,,,,,
2023,Djibouti,Guinea-Bissau,-1,,,,,,,,
2023,Gambia,Ivory Coast,-1,,,,,,,,
2023,Seychelles,Kenya,-1,,,,,,,,
2023,Liberia,Equatorial Guinea,-1,,,,,,,,
2023,Mali,Central African Republic,0,,,,,,,,
2023,Chad,Madagascar,-1,,,,,,,,
2023,Ecuador,Chile,1,,,,,,,,
2023,Paraguay,Colombia,-1,,,,,,,,
2023,Uruguay,Bolivia,1,,,,,,,,
2023,Peru,Venezuela,0,,,,,,,,
2023,Brazil,Argentina,-1,,,,,,,,
2023,India,Qatar,-1,,,,,,,,
2023,Afghanistan,Kuwait,-1,,,,,,,,
2023,Myanmar,North Korea,-1,,,,,,,,
2023,Syria,Japan,-1,,,,,,,,
2023,China PR,South Korea,-1,,,,,,,,
2023,Singapore,Thailand,-1,,,,,,,,
2023,Taiwan,Malaysia,-1,,,,,,,,
2023,Kyrgyzstan,Oman,1,,,,,,,,
2023,Uzbekistan,Iran,0,,,,,,,,
2023,Hong Kong,Turkmenistan,0,,,,,,,,
2023,Philippines,Indonesia,0,,,,,,,,
2023,Vietnam,Iraq,-1,,,,,,,,
2023,Pakistan,Tajikistan,-1,,,,,,,,
2023,Jordan,Saudi Arabia,-1,,,,,,,,
2023,Bahrain,United Arab Emirates,-1,,,,,,,,
2023,Nepal,Yemen,-1,,,,,,,,
2023,Palestine,Australia,-1,,,,,,,,
2023,Bangladesh,Lebanon,0,,,,,,,,
2023,Ethiopia,Burkina Faso,-1,,,,,,,,
2023,South Sudan,Mauritania,0,,,,,,,,
2023,Togo,Senegal,0,,,,,,,,
2023,Lesotho,Benin,0,,,,,,,,
2023,Rwanda,South Africa,1,,,,,,,,
2023,Eswatini,Cape Verde,-1,,,,,,,,
2023,Libya,Cameroon,0,,,,,,,,
2023,Mauritius,Angola,0,,,,,,,,
2023,Niger,Zambia,1,,,,,,,,
2023,Tanzania,Morocco,-1,,,,,,,,
2023,Somalia,Uganda,-1,,,,,,,,
2023,Botswana,Guinea,1,,,,,,,,
2023,Malawi,Tunisia,-1,,,,,,,,
2023,São Tomé and Príncipe,Namibia,-1,,,,,,,,
2023,Comoros,Ghana,1,,,,,,,,
2024,Qatar,Kuwait,1,,,,,,,,
2024,Afghanistan,India,0,,,,,,,,
2024,Myanmar,Syria,0,,,,,,,,
2024,Japan,North Korea,1,,,,,,,,
2024,South Korea,Thailand,0,,,,,,,,
2024,Singapore,China PR,0,,,,,,,,
2024,Taiwan,Kyrgyzstan,-1,,,,,,,,
2024,Oman,Malaysia,1,,,,,,,,
2024,Iran,Turkmenistan,1,,,,,,,,
2024,Hong Kong,Uzbekistan,-1,,,,,,,,
2024,Indonesia,Vietnam,1,,,,,,,,
2024,Iraq,Philippines,1,,,,,,,,
2024,Pakistan,Jordan,-1,,,,,,,,
2024,Saudi Arabia,Tajikistan,1,,,,,,,,
2024,Bahrain,Nepal,1,,,,,,,,
2024,United Arab Emirates,Yemen,1,,,,,,,,
2024,Australia,Lebanon,1,,,,,,,,
2024,Palestine,Bangladesh,1,,,,,,,,
2024,Anguilla,Turks and Caicos Islands,0,,,,,,,,
2024,United States Virgin Islands,British Virgin Islands,0,,,,,,,,
2024,India,Afghanistan,-1,,,,,,,,
2024,Kuwait,Qatar,-1,,,,,,,,
2024,Syria,Myanmar,1,,,,,,,,
2024,Thailand,South Korea,-1,,,,,,,,
2024,China PR,Singapore,1,,,,,,,,
2024,Kyrgyzstan,Taiwan,1,,,,,,,,
2024,Malaysia,Oman,-1,,,,,,,,
2024,Uzbekistan,Hong Kong,1,,,,,,,,
2024,Turkmenistan,Iran,-1,,,,,,,,
2024,Philippines,Iraq,-1,,,,,,,,
2024,Vietnam,Indonesia,-1,,,,,,,,
2024,Tajikistan,Saudi Arabia,0,,,,,,,,
2024,Jordan,Pakistan,1,,,,,,,,
2024,Bahrain,Nepal,1,,,,,,,,
2024,Yemen,United Arab Emirates,-1,,,,,,,,
2024,Bangladesh,Palestine,-1,,,,,,,,
2024,Australia,Lebanon,1,,,,,,,,
2024,British Virgin Islands,United States Virgin Islands,0,,,,,,,,
2024,Turks and Caicos Islands,Anguilla,0,,,,,,,,
2024,Sierra Leone,Djibouti,1,,,,,,,,
2024,Togo,South Sudan,0,,,,,,,,
2024,Namibia,Liberia,0,,,,,,,,
2024,Tunisia,Equatorial Guinea,1,,,,,,,,
2024,Central African Republic,Chad,1,,,,,,,,
2024,Antigua and Barbuda,Bermuda,0,,,,,,,,
2024,Trinidad and Tobago,Grenada,0,,,,,,,,
2024,Curaçao,Barbados,1,,,,,,,,
2024,Nicaragua,Montserrat,1,,,,,,,,
2024,Guatemala,Dominica,1,,,,,,,,
2024,Suriname,Saint Vincent and the Grenadines,1,,,,,,,,
2024,Guinea-Bissau,Ethiopia,0,,,,,,,,
2024,Egypt,Burkina Faso,1,,,,,,,,
2024,Mauritania,Sudan,-1,,,,,,,,
2024,Senegal,DR Congo,0,,,,,,,,
2024,Benin,Rwanda,1,,,,,,,,
2024,Libya,Mauritius,1,,,,,,,,
2024,Algeria,Guinea,-1,,,,,,,,
2024,Malawi,São Tomé and Príncipe,1,,,,,,,,
2024,Mali,Ghana,-1,,,,,,,,
2024,Afghanistan,Qatar,0,,,,,,,,
2024,India,Kuwait,0,,,,,,,,
2024,Myanmar,Japan,-1,,,,,,,,
2024,North Korea,Syria,1,,,,,,,,
2024,China PR,Thailand,0,,,,,,,,
2024,Singapore,South Korea,-1,,,,,,,,
2024,Taiwan,Oman,-1,,,,,,,,
2024,Kyrgyzstan,Malaysia,0,,,,,,,,
2024,Uzbekistan,Turkmenistan,1,,,,,,,,
2024,Hong Kong,Iran,-1,,,,,,,,
2024,Indonesia,Iraq,-1,,,,,,,,
2024,Vietnam,Philippines,1,,,,,,,,
2024,Jordan,Tajikistan,1,,,,,,,,
2024,Pakistan,Saudi Arabia,-1,,,,,,,,
2024,Nepal,United Arab Emirates,-1,,,,,,,,
2024,Bahrain,Yemen,0,,,,,,,,
2024,Bangladesh,Australia,-1,,,,,,,,
2024,Palestine,Lebanon,0,,,,,,,,
2024,Honduras,Cuba,1,,,,,,,,
2024,Costa Rica,Saint Kitts and Nevis,1,,,,,,,,
2024,Haiti,Saint Lucia,1,,,,,,,,
2024,Panama,Guyana,1,,,,,,,,
2024,Jamaica,Dominican Republic,1,,,,,,,,
2024,El Salvador,Puerto Rico,0,,,,,,,,
2024,Zimbabwe,Lesotho,-1,,,,,,,,
2024,Nigeria,South Africa,0,,,,,,,,
2024,Angola,Eswatini,1,,,,,,,,
2024,Morocco,Zambia,1,,,,,,,,
2024,Kenya,Burundi,0,,,,,,,,
2024,Ivory Coast,Gabon,1,,,,,,,,
2024,Mozambique,Somalia,1,,,,,,,,
2024,Uganda,Botswana,1,,,,,,,,
2024,Madagascar,Comoros,1,,,,,,,,
2024,Cameroon,Cape Verde,1,,,,,,,,
2024,Gambia,Seychelles,1,,,,,,,,
2024,Cayman Islands,Antigua and Barbuda,1,,,,,,,,
2024,Bahamas,Trinidad and Tobago,-1,,,,,,,,
2024,Aruba,Curaçao,-1,,,,,,,,
2024,Belize,Nicaragua,-1,,,,,,,,
2024,British Virgin Islands,Guatemala,-1,,,,,,,,
2024,Anguilla,Suriname,-1,,,,,,,,
2024,Djibouti,Ethiopia,0,,,,,,,,
2024,Mauritania,Senegal,-1,,,,,,,,
2024,DR Congo,Togo,1,,,,,,,,
2024,São Tomé and Príncipe,Liberia,-1,,,,,,,,
2024,Namibia,Tunisia,0,,,,,,,,
2024,Bermuda,Honduras,-1,,,,,,,,
2024,Grenada,Costa Rica,-1,,,,,,,,
2024,Barbados,Haiti,-1,,,,,,,,
2024,Montserrat,Panama,-1,,,,,,,,
2024,Dominica,Jamaica,-1,,,,,,,,
2024,Saint Vincent and the Grenadines,El Salvador,-1,,,,,,,,
2024,Guinea-Bissau,Egypt,0,,,,,,,,
2024,Burkina Faso,Sierra Leone,0,,,,,,,,
2024,Benin,Nigeria,1,,,,,,,,
2024,Somalia,Botswana,-1,,,,,,,,
2024,Uganda,Algeria,-1,,,,,,,,
2024,Guinea,Mozambique,-1,,,,,,,,
2024,Equatorial Guinea,Malawi,1,,,,,,,,
2024,Ghana,Central African Republic,1,,,,,,,,
2024,South Sudan,Sudan,-1,,,,,,,,
2024,Lesotho,Rwanda,-1,,,,,,,,
2024,South Africa,Zimbabwe,1,,,,,,,,
2024,Cape Verde,Libya,1,,,,,,,,
2024,Mauritius,Eswatini,1,,,,,,,,
2024,Angola,Cameroon,0,,,,,,,,
2024,Zambia,Tanzania,-1,,,,,,,,
2024,Morocco,Congo,1,,,,,,,,
2024,Kenya,Ivory Coast,0,,,,,,,,
2024,Gabon,Gambia,1,,,,,,,,
2024,Seychelles,Burundi,-1,,,,,,,,
2024,Madagascar,Mali,0,,,,,,,,
2024,Chad,Comoros,-1,,,,,,,,
2024,Kuwait,Afghanistan,1,,,,,,,,
2024,Qatar,India,1,,,,,,,,
2024,Japan,Syria,1,,,,,,,,
2024,North Korea,Myanmar,1,,,,,,,,
2024,Thailand,Singapore,1,,,,,,,,
2024,South Korea,China PR,1,,,,,,,,
2024,Oman,Kyrgyzstan,0,,,,,,,,
2024,Malaysia,Taiwan,1,,,,,,,,
2024,Turkmenistan,Hong Kong,0,,,,,,,,
2024,Iran,Uzbekistan,0,,,,,,,,
2024,Indonesia,Philippines,1,,,,,,,,
2024,Iraq,Vietnam,1,,,,,,,,
2024,Tajikistan,Pakistan,1,,,,,,,,
2024,Saudi Arabia,Jordan,-1,,,,,,,,
2024,United Arab Emirates,Bahrain,0,,,,,,,,
2024,Yemen,Nepal,0,,,,,,,,
2024,Lebanon,Bangladesh,1,,,,,,,,
2024,Australia,Palestine,1,,,,,,,,
2024,Cuba,Cayman Islands,1,,,,,,,,
2024,Saint Kitts and Nevis,Bahamas,1,,,,,,,,
2024,Saint Lucia,Aruba,0,,,,,,,,
2024,Guyana,Belize,1,,,,,,,,
2024,Dominican Republic,British Virgin Islands,1,,,,,,,,
2024,Puerto Rico,Anguilla,1,,,,,,,,
2024,Bolivia,Venezuela,1,,,,,,,,
2024,Argentina,Chile,1,,,,,,,,
2024,Qatar,United Arab Emirates,-1,,,,,,,,
2024,Uzbekistan,North Korea,1,,,,,,,,
2024,Iran,Kyrgyzstan,1,,,,,,,,
2024,Iraq,Oman,1,,,,,,,,
2024,South Korea,Palestine,0,,,,,,,,
2024,Jordan,Kuwait,0,,,,,,,,
2024,Japan,China PR,1,,,,,,,,
2024,Australia,Bahrain,-1,,,,,,,,
2024,Saudi Arabia,Indonesia,0,,,,,,,,
2024,Cook Islands,Tonga,-1,,,,,,,,
2024,Samoa,American Samoa,1,,,,,,,,
2024,Peru,Colombia,0,,,,,,,,
2024,Uruguay,Paraguay,0,,,,,,,,
2024,Brazil,Ecuador,1,,,,,,,,
2024,Samoa,Tonga,1,,,,,,,,
2024,Colombia,Argentina,1,,,,,,,,
2024,Ecuador,Peru,1,,,,,,,,
2024,Chile,Bolivia,-1,,,,,,,,
2024,Venezuela,Uruguay,0,,,,,,,,
2024,Paraguay,Brazil,1,,,,,,,,
2024,North Korea,Qatar,0,,,,,,,,
2024,Kyrgyzstan,Uzbekistan,-1,,,,,,,,
2024,United Arab Emirates,Iran,-1,,,,,,,,
2024,Oman,South Korea,-1,,,,,,,,
2024,Kuwait,Iraq,0,,,,,,,,
2024,Palestine,Jordan,-1,,,,,,,,
2024,Bahrain,Japan,-1,,,,,,,,
2024,Indonesia,Australia,0,,,,,,,,
2024,China PR,Saudi Arabia,-1,,,,,,,,
2024,Bolivia,Colombia,1,,,,,,,,
2024,Ecuador,Paraguay,0,,,,,,,,
2024,Venezuela,Argentina,0,,,,,,,,
2024,Chile,Brazil,-1,,,,,,,,
2024,Papua New Guinea,New Caledonia,-1,,,,,,,,
2024,Fiji,Solomon Islands,1,,,,,,,,
2024,Qatar,Kyrgyzstan,1,,,,,,,,
2024,Uzbekistan,Iran,0,,,,,,,,
2024,United Arab Emirates,North Korea,0,,,,,,,,
2024,Jordan,South Korea,-1,,,,,,,,
2024,Oman,Kuwait,1,,,,,,,,
2024,Iraq,Palestine,1,,,,,,,,
2024,Bahrain,Indonesia,0,,,,,,,,
2024,Australia,China PR,1,,,,,,,,
2024,Saudi Arabia,Japan,-1,,,,,,,,
2024,Peru,Uruguay,1,,,,,,,,
2024,New Zealand,Tahiti,1,,,,,,,,
2024,Vanuatu,Samoa,1,,,,,,,,
2024,Colombia,Chile,1,,,,,,,,
2024,Paraguay,Venezuela,1,,,,,,,,
2024,Uruguay,Ecuador,0,,,,,,,,
2024,Argentina,Bolivia,1,,,,,,,,
2024,Brazil,Peru,1,,,,,,,,
2024,Uzbekistan,United Arab Emirates,1,,,,,,,,
2024,Iran,Qatar,1,,,,,,,,
2024,Kyrgyzstan,North Korea,1,,,,,,,,
2024,Jordan,Oman,1,,,,,,,,
2024,Palestine,Kuwait,0,,,,,,,,
2024,South Korea,Iraq,1,,,,,,,,
2024,Japan,Australia,0,,,,,,,,
2024,China PR,Indonesia,1,,,,,,,,
2024,Saudi Arabia,Bahrain,0,,,,,,,,
2024,Venezuela,Brazil,0,,,,,,,,
2024,Ecuador,Bolivia,1,,,,,,,,
2024,Paraguay,Argentina,1,,,,,,,,
2024,Solomon Islands,New Caledonia,-1,,,,,,,,
2024,Papua New Guinea,Fiji,0,,,,,,,,
2024,North Korea,Iran,-1,,,,,,,,
2024,Qatar,Uzbekistan,1,,,,,,,,
2024,United Arab Emirates,Kyrgyzstan,1,,,,,,,,
2024,Kuwait,South Korea,-1,,,,,,,,
2024,Iraq,Jordan,0,,,,,,,,
2024,Oman,Palestine,1,,,,,,,,
2024,Bahrain,China PR,-1,,,,,,,,
2024,Australia,Saudi Arabia,0,,,,,,,,
2024,Peru,Chile,0,,,,,,,,
2024,Uruguay,Colombia,1,,,,,,,,
2024,Samoa,Tahiti,-1,,,,,,,,
2024,New Zealand,Vanuatu,1,,,,,,,,
2024,Indonesia,Japan,-1,,,,,,,,
2024,Fiji,New Caledonia,0,,,,,,,,
2024,Papua New Guinea,Solomon Islands,-1,,,,,,,,
2024,Tahiti,Vanuatu,1,,,,,,,,
2024,New Zealand,Samoa,1,,,,,,,,
2024,Bolivia,Paraguay,0,,,,,,,,
2024,Colombia,Ecuador,-1,,,,,,,,
2024,Argentina,Peru,1,,,,,,,,
2024,Chile,Venezuela,1,,,,,,,,
2024,Brazil,Uruguay,0,,,,,,,,
2024,North Korea,Uzbekistan,-1,,,,,,,,
2024,Kyrgyzstan,Iran,-1,,,,,,,,
2024,United Arab Emirates,Qatar,1,,,,,,,,
2024,Palestine,South Korea,0,,,,,,,,
2024,Oman,Iraq,-1,,,,,,,,
2024,Kuwait,Jordan,0,,,,,,,,
2024,Bahrain,Australia,0,,,,,,,,
2024,Indonesia,Saudi Arabia,1,,,,,,,,
2024,China PR,Japan,-1,,,,,,,,
2025,Eswatini,Cameroon,0,,,,,,,,
2025,Liberia,Tunisia,-1,,,,,,,,
2025,Central African Republic,Madagascar,-1,,,,,,,,
2025,Paraguay,Chile,1,,,,,,,,
2025,Peru,Bolivia,1,,,,,,,,
2025,Brazil,Colombia,1,,,,,,,,
2025,Iran,United Arab Emirates,1,,,,,,,,
2025,Uzbekistan,Kyrgyzstan,1,,,,,,,,
2025,Qatar,North Korea,1,,,,,,,,
2025,South Korea,Oman,0,,,,,,,,
2025,Iraq,Kuwait,0,,,,,,,,
2025,Jordan,Palestine,1,,,,,,,,
2025,Japan,Bahrain,1,,,,,,,,
2025,Australia,Indonesia,1,,,,,,,,
2025,Saudi Arabia,China PR,1,,,,,,,,
2025,Sierra Leone,Guinea-Bissau,1,,,,,,,,
2025,Zimbabwe,Benin,0,,,,,,,,
2025,Cape Verde,Mauritius,1,,,,,,,,
2025,Libya,Angola,0,,,,,,,,
2025,Gambia,Kenya,0,,,,,,,,
2025,Gabon,Seychelles,1,,,,,,,,
2025,Mozambique,Uganda,1,,,,,,,,
2025,Malawi,Namibia,-1,,,,,,,,
2025,Comoros,Mali,-1,,,,,,,,
2025,Ecuador,Venezuela,1,,,,,,,,
2025,Uruguay,Argentina,-1,,,,,,,,
2025,New Caledonia,Tahiti,1,,,,,,,,
2025,New Zealand,Fiji,1,,,,,,,,
2025,Burkina Faso,Djibouti,1,,,,,,,,
2025,Ethiopia,Egypt,-1,,,,,,,,
2025,DR Congo,South Sudan,1,,,,,,,,
2025,Rwanda,Nigeria,-1,,,,,,,,
2025,South Africa,Lesotho,1,,,,,,,,
2025,Morocco,Niger,1,,,,,,,,
2025,Burundi,Ivory Coast,-1,,,,,,,,
2025,Botswana,Algeria,-1,,,,,,,,
2025,Guinea,Somalia,0,,,,,,,,
2025,Equatorial Guinea,São Tomé and Príncipe,1,,,,,,,,
2025,Ghana,Chad,1,,,,,,,,
2025,Malta,Finland,-1,,,,,,,,
2025,Poland,Lithuania,1,,,,,,,,
2025,Cyprus,San Marino,1,,,,,,,,
2025,Romania,Bosnia and Herzegovina,-1,,,,,,,,
2025,England,Albania,1,,,,,,,,
2025,Andorra,Latvia,-1,,,,,,,,
2025,Togo,Mauritania,0,,,,,,,,
2025,Sudan,Senegal,0,,,,,,,,
2025,Moldova,Norway,-1,,,,,,,,
2025,Israel,Estonia,1,,,,,,,,
2025,Liechtenstein,North Macedonia,-1,,,,,,,,
2025,Wales,Kazakhstan,1,,,,,,,,
2025,Montenegro,Gibraltar,1,,,,,,,,
2025,Czech Republic,Faroe Islands,1,,,,,,,,
2025,Eswatini,Mauritius,0,,,,,,,,
2025,Kenya,Gabon,-1,,,,,,,,
2025,New Zealand,New Caledonia,1,,,,,,,,
2025,Guinea-Bissau,Burkina Faso,-1,,,,,,,,
2025,Ethiopia,Djibouti,1,,,,,,,,
2025,Ivory Coast,Gambia,1,,,,,,,,
2025,Namibia,Equatorial Guinea,0,,,,,,,,
2025,Liberia,São Tomé and Príncipe,1,,,,,,,,
2025,Tunisia,Malawi,1,,,,,,,,
2025,Central African Republic,Mali,0,,,,,,,,
2025,Madagascar,Ghana,-1,,,,,,,,
2025,Lithuania,Finland,0,,,,,,,,
2025,Poland,Malta,1,,,,,,,,
2025,Bosnia and Herzegovina,Cyprus,1,,,,,,,,
2025,San Marino,Romania,-1,,,,,,,,
2025,England,Latvia,1,,,,,,,,
2025,Albania,Andorra,1,,,,,,,,
2025,Bolivia,Uruguay,0,,,,,,,,
2025,Colombia,Paraguay,0,,,,,,,,
2025,Venezuela,Peru,1,,,,,,,,
2025,Argentina,Brazil,1,,,,,,,,
2025,Chile,Ecuador,0,,,,,,,,
2025,Iran,Uzbekistan,0,,,,,,,,
2025,Kyrgyzstan,Qatar,1,,,,,,,,
2025,North Korea,United Arab Emirates,-1,,,,,,,,
2025,South Korea,Jordan,0,,,,,,,,
2025,Kuwait,Oman,-1,,,,,,,,
2025,Palestine,Iraq,1,,,,,,,,
2025,China PR,Australia,-1,,,,,,,,
2025,Japan,Saudi Arabia,0,,,,,,,,
2025,Indonesia,Bahrain,1,,,,,,,,
2025,Egypt,Sierra Leone,1,,,,,,,,
2025,Mauritania,DR Congo,-1,,,,,,,,
2025,Senegal,Togo,1,,,,,,,,
2025,Sudan,South Sudan,0,,,,,,,,
2025,Benin,South Africa,-1,,,,,,,,
2025,Nigeria,Zimbabwe,0,,,,,,,,
2025,Rwanda,Lesotho,0,,,,,,,,
2025,Angola,Cape Verde,-1,,,,,,,,
2025,Cameroon,Libya,1,,,,,,,,
2025,Morocco,Tanzania,1,,,,,,,,
2025,Burundi,Seychelles,1,,,,,,,,
2025,Uganda,Guinea,1,,,,,,,,
2025,Botswana,Somalia,1,,,,,,,,
2025,Algeria,Mozambique,1,,,,,,,,
2025,Comoros,Chad,1,,,,,,,,
2025,Moldova,Estonia,-1,,,,,,,,
2025,Israel,Norway,-1,,,,,,,,
2025,Liechtenstein,Kazakhstan,-1,,,,,,,,
2025,North Macedonia,Wales,0,,,,,,,,
2025,Gibraltar,Czech Republic,-1,,,,,,,,
2025,Montenegro,Faroe Islands,1,,,,,,,,
2025,Ecuador,Brazil,0,,,,,,,,
2025,Paraguay,Uruguay,1,,,,,,,,
2025,Chile,Argentina,-1,,,,,,,,
2025,United Arab Emirates,Uzbekistan,0,,,,,,,,
2025,North Korea,Kyrgyzstan,0,,,,,,,,
2025,Qatar,Iran,1,,,,,,,,
2025,Oman,Jordan,-1,,,,,,,,
2025,Iraq,South Korea,-1,,,,,,,,
2025,Kuwait,Palestine,-1,,,,,,,,
2025,Bahrain,Saudi Arabia,-1,,,,,,,,
2025,Australia,Japan,1,,,,,,,,
2025,Indonesia,China PR,1,,,,,,,,
2025,Colombia,Peru,0,,,,,,,,
2025,Venezuela,Bolivia,1,,,,,,,,
2025,Norway,Italy,1,,,,,,,,
2025,Estonia,Israel,-1,,,,,,,,
2025,Wales,Liechtenstein,1,,,,,,,,
2025,North Macedonia,Belgium,0,,,,,,,,
2025,Czech Republic,Montenegro,1,,,,,,,,
2025,Gibraltar,Croatia,-1,,,,,,,,
2025,Malta,Lithuania,0,,,,,,,,
2025,Finland,Netherlands,-1,,,,,,,,
2025,Bosnia and Herzegovina,San Marino,1,,,,,,,,
2025,Austria,Romania,1,,,,,,,,
2025,Andorra,England,-1,,,,,,,,
2025,Albania,Serbia,0,,,,,,,,
2025,Italy,Moldova,1,,,,,,,,
2025,Estonia,Norway,-1,,,,,,,,
2025,Kazakhstan,North Macedonia,-1,,,,,,,,
2025,Belgium,Wales,1,,,,,,,,
2025,Faroe Islands,Gibraltar,1,,,,,,,,
2025,Croatia,Czech Republic,1,,,,,,,,
2025,Bolivia,Chile,1,,,,,,,,
2025,Uruguay,Venezuela,1,,,,,,,,
2025,Peru,Ecuador,0,,,,,,,,
2025,Argentina,Colombia,0,,,,,,,,
2025,Brazil,Paraguay,1,,,,,,,,
2025,Uzbekistan,Qatar,1,,,,,,,,
2025,Iran,North Korea,1,,,,,,,,
2025,Kyrgyzstan,United Arab Emirates,0,,,,,,,,
2025,South Korea,Kuwait,1,,,,,,,,
2025,Jordan,Iraq,-1,,,,,,,,
2025,Palestine,Oman,0,,,,,,,,
2025,China PR,Bahrain,1,,,,,,,,
2025,Japan,Indonesia,1,,,,,,,,
2025,Saudi Arabia,Australia,-1,,,,,,,,
2025,Netherlands,Malta,1,,,,,,,,
2025,Finland,Poland,1,,,,,,,,
2025,San Marino,Austria,-1,,,,,,,,
2025,Romania,Cyprus,1,,,,,,,,
2025,Serbia,Andorra,1,,,,,,,,
2025,Latvia,Albania,0,,,,,,,,
2025,Seychelles,Gabon,-1,,,,,,,,
2025,Colombia,Bolivia,1,,,,,,,,
2025,Argentina,Venezuela,1,,,,,,,,
2025,Paraguay,Ecuador,0,,,,,,,,
2025,Uruguay,Peru,1,,,,,,,,
2025,Brazil,Chile,1,,,,,,,,
2025,Guinea-Bissau,Sierra Leone,0,,,,,,,,
2025,Angola,Libya,-1,,,,,,,,
2025,Cameroon,Eswatini,1,,,,,,,,
2025,Mauritius,Cape Verde,-1,,,,,,,,
2025,Algeria,Botswana,1,,,,,,,,
2025,São Tomé and Príncipe,Equatorial Guinea,-1,,,,,,,,
2025,Tunisia,Liberia,1,,,,,,,,
2025,Chad,Ghana,0,,,,,,,,
2025,Madagascar,Central African Republic,1,,,,,,,,
2025,Mali,Comoros,1,,,,,,,,
2025,Luxembourg,Northern Ireland,-1,,,,,,,,
2025,Slovakia,Germany,1,,,,,,,,
2025,Georgia,Turkey,-1,,,,,,,,
2025,Bulgaria,Spain,-1,,,,,,,,
2025,Lithuania,Malta,0,,,,,,,,
2025,Netherlands,Poland,0,,,,,,,,
2025,Kazakhstan,Wales,-1,,,,,,,,
2025,Liechtenstein,Belgium,-1,,,,,,,,
2025,Djibouti,Burkina Faso,-1,,,,,,,,
2025,Egypt,Ethiopia,1,,,,,,,,
2025,South Sudan,DR Congo,-1,,,,,,,,
2025,Mauritania,Togo,1,,,,,,,,
2025,Senegal,Sudan,1,,,,,,,,
2025,Benin,Zimbabwe,1,,,,,,,,
2025,South Africa,Lesotho,1,,,,,,,,
2025,Congo,Tanzania,0,,,,,,,,
2025,Morocco,Niger,1,,,,,,,,
2025,Kenya,Gambia,-1,,,,,,,,
2025,Ivory Coast,Burundi,1,,,,,,,,
2025,Somalia,Guinea,-1,,,,,,,,
2025,Uganda,Mozambique,1,,,,,,,,
2025,Namibia,Malawi,-1,,,,,,,,
2025,Slovenia,Sweden,0,,,,,,,,
2025,Switzerland,Kosovo,1,,,,,,,,
2025,Denmark,Scotland,0,,,,,,,,
2025,Greece,Belarus,1,,,,,,,,
2025,Iceland,Azerbaijan,1,,,,,,,,
2025,Ukraine,France,-1,,,,,,,,
2025,Italy,Estonia,1,,,,,,,,
2025,Moldova,Israel,-1,,,,,,,,
2025,Faroe Islands,Croatia,-1,,,,,,,,
2025,Montenegro,Czech Republic,-1,,,,,,,,
2025,Nigeria,Rwanda,1,,,,,,,,
2025,Republic of Ireland,Hungary,0,,,,,,,,
2025,Armenia,Portugal,-1,,,,,,,,
2025,Austria,Cyprus,1,,,,,,,,
2025,San Marino,Bosnia and Herzegovina,-1,,,,,,,,
2025,Latvia,Serbia,-1,,,,,,,,
2025,England,Andorra,1,,,,,,,,
2025,Central African Republic,Comoros,-1,,,,,,,,
2025,Germany,Northern Ireland,1,,,,,,,,
2025,Luxembourg,Slovakia,-1,,,,,,,,
2025,Georgia,Bulgaria,1,,,,,,,,
2025,Turkey,Spain,-1,,,,,,,,
2025,Lithuania,Netherlands,-1,,,,,,,,
2025,Poland,Finland,1,,,,,,,,
2025,North Macedonia,Liechtenstein,1,,,,,,,,
2025,Belgium,Kazakhstan,1,,,,,,,,
2025,Guinea-Bissau,Djibouti,1,,,,,,,,
2025,Libya,Eswatini,1,,,,,,,,
2025,Zambia,Morocco,-1,,,,,,,,
2025,Mozambique,Botswana,1,,,,,,,,
2025,Guinea,Algeria,0,,,,,,,,
2025,Uganda,Somalia,1,,,,,,,,
2025,Equatorial Guinea,Tunisia,-1,,,,,,,,
2025,Malawi,Liberia,0,,,,,,,,
2025,Madagascar,Chad,1,,,,,,,,
2025,Ghana,Mali,1,,,,,,,,
2025,Kosovo,Sweden,1,,,,,,,,
2025,Switzerland,Slovenia,1,,,,,,,,
2025,Belarus,Scotland,-1,,,,,,,,
2025,Greece,Denmark,-1,,,,,,,,
2025,Israel,Italy,-1,,,,,,,,
2025,Croatia,Montenegro,1,,,,,,,,
2025,Gibraltar,Faroe Islands,-1,,,,,,,,
2025,Ecuador,Argentina,1,,,,,,,,
2025,Peru,Paraguay,-1,,,,,,,,
2025,Bolivia,Brazil,1,,,,,,,,
2025,Venezuela,Colombia,-1,,,,,,,,
2025,Chile,Uruguay,0,,,,,,,,
2025,Sierra Leone,Ethiopia,1,,,,,,,,
2025,Burkina Faso,Egypt,0,,,,,,,,
2025,Togo,Sudan,1,,,,,,,,
2025,DR Congo,Senegal,-1,,,,,,,,
2025,Mauritania,South Sudan,0,,,,,,,,
2025,Zimbabwe,Rwanda,-1,,,,,,,,
2025,South Africa,Nigeria,0,,,,,,,,
2025,Benin,Lesotho,1,,,,,,,,
2025,Cape Verde,Cameroon,1,,,,,,,,
2025,Angola,Mauritius,1,,,,,,,,
2025,Tanzania,Niger,-1,,,,,,,,
2025,Kenya,Seychelles,1,,,,,,,,
2025,Gabon,Ivory Coast,0,,,,,,,,
2025,Gambia,Burundi,1,,,,,,,,
2025,Namibia,São Tomé and Príncipe,1,,,,,,,,
2025,Azerbaijan,Ukraine,0,,,,,,,,
2025,France,Iceland,1,,,,,,,,
2025,Armenia,Republic of Ireland,1,,,,,,,,
2025,Hungary,Portugal,-1,,,,,,,,
2025,Bosnia and Herzegovina,Austria,-1,,,,,,,,
2025,Cyprus,Romania,0,,,,,,,,
2025,Norway,Moldova,1,,,,,,,,
2025,Albania,Latvia,1,,,,,,,,
2025,Serbia,England,-1,,,,,,,,
